{
 "split": "test",
 "n_trees": 141,
 "thresholds": {
  "appearance": 0.35,
  "depth": 0.05,
  "pose": 0.3
 },
 "results": {
  "Jumlah mentah (naif)": {
   "class_within1": 0.5,
   "tree_within1": 0.06382978723404255,
   "macro_mae": 2.1418439716312054,
   "mean_bias": 2.1418439716312054
  },
  "Koreksi global k=1.8905": {
   "class_within1": 0.9556737588652482,
   "tree_within1": 0.8652482269503546,
   "macro_mae": 0.35638297872340424,
   "mean_bias": 0.008865248226950354
  },
  "A. hanya penampilan": {
   "class_within1": 0.6968085106382979,
   "tree_within1": 0.12056737588652482,
   "macro_mae": 1.3918439716312057,
   "mean_bias": -1.1790780141843973
  },
  "B. depth tanpa pose": {
   "class_within1": 0.6276595744680851,
   "tree_within1": 0.0851063829787234,
   "macro_mae": 1.647163120567376,
   "mean_bias": -1.5656028368794326
  },
  "C. sadar-pose (3D)": {
   "class_within1": 0.5053191489361702,
   "tree_within1": 0.07801418439716312,
   "macro_mae": 2.104609929078014,
   "mean_bias": 2.0868794326241136
  }
 }
}