{
 "appearance": {
  "thr": 0.1,
  "class_within1": 0.7712765957446809,
  "tree_within1": 0.3262411347517731,
  "macro_mae": 0.875886524822695,
  "mean_bias": 0.574468085106383
 },
 "depth": {
  "thr": 0.01,
  "class_within1": 0.75,
  "tree_within1": 0.2907801418439716,
  "macro_mae": 0.9663120567375887,
  "mean_bias": -0.1436170212765957
 },
 "pose": {
  "thr": 1.0,
  "class_within1": 0.6950354609929078,
  "tree_within1": 0.22695035460992907,
  "macro_mae": 1.3670212765957446,
  "mean_bias": -0.9273049645390071
 }
}