idx,key,kode_putaran_1,kode_putaran_2,kode_ajudikasi,penyanggah,kode_final,status,dasar_bukti,alasan,bukti
0,zhao2026two,C1,C1,,,C1,tetap,abstrak,"Abstrak tidak menyebut angka hitung maupun acuan hitung; 'anotasi' diduga dari pemakaian data sintetis dengan jumlah yang diketahui. Data nyata berupa kedelai (polong), bukan buah pohon. Pencacahan adalah tugas hilir, kontribusi utama adalah segmentasi 3D.","a two-stage fine-tuning strategy for 3D object segmentation that preserves the original NeRF architecture and loss function entirely || Experiments on synthetic fruit datasets and real-world soybean imagery demonstrate that InvNeRF-Seg produces cleaner 3D segmented point clouds compared to both SA3D and FruitNeRF, enabling more accurate downstream object counting."
1,felippomes2026video,C1,C1,,,C1,tetap,abstrak,"Abstrak tidak menyebut nama pelacak maupun cara penghapusan duplikat; M3+M4 mengikuti konvensi pelacakan plus lokalisasi. Abstrak tidak menyebut acuan hitung; 'pohon' adalah dugaan dari konteks estimasi muatan buah per pohon. Abstrak tidak menjelaskan cara data dua sisi digabung. Akuisisi juga diulang pada dua tanggal, tetapi sebagai kondisi pembanding.","This study presents a computer vision system based on video multi-object-tracking for fruit load estimation in apple orchards || The system integrates fruit detection, tracking, localization within orchard, and fruit load map generation."
2,farhoud2026instance,C1,C1,,,C1,tetap,abstrak,Abstrak tidak menyebut modul re-ID pada BoT-SORT sehingga dikodekan M3 sesuai konvensi. Abstrak tidak menyatakan acuan hitung; diasumsikan hitungan dari anotasi video. Cara penetapan kelas mutu pada lintasan tidak dinyatakan.,"For dynamic yield estimation, a multi-object tracking pipeline was implemented using BoT-SORT with camera-motion compensation and a virtual line-crossing counting mechanism. || the best quality-resolved dynamic grader (YOLOv11s, WMAPE = 6.97% at 14.2 ms per frame)"
4,zhao2026adapting,C1,C1,C1,,C1,tetap,abstrak,"Putaran kedua benar pada mekanisme. Abstrak menyatakan secara eksplisit pembelajaran kontrastif lintas pandang untuk representasi fitur 3D, yaitu komponen asosiasi yang dipelajari (M5), di samping pemungutan suara Hough dan pengelompokan dalam ruang Gaussian 3D (M4). Keyakinan sedang karena peran fitur kontrastif dalam penentuan instans hanya terbaca dari abstrak.","we adopt cross-view contrastive learning with uncertainty weighting for enhanced 3D feature representation || we devise a Hough voting procedure in the 3D Gaussian space to integrate multi-view evidence of occluded fruits, followed by clustering to estimate the number of fruits as well as their 3D locations"
10,huang2026mfft,C1,C1,C1,,C1,tetap,judul,"Abstrak tidak dapat diperoleh dari sumber mana pun, dan kutipan putaran kedua berupa parafrasa web yang tidak dapat dicocokkan dengan teks. Sesuai aturan bukti, mekanisme M3 dan per_kelas Y dari putaran pertama dipertahankan; judul yang menyebut pencacahan mangga multikelas sejalan dengan per_kelas Y. Usulan M2+M3 dari putaran kedua masuk akal, tetapi belum terbukti.",
12,jiang2026robot,X E1,C1,C1,bertahan,C1,kelompok berubah,abstrak (web),"Putaran 2 benar pada grup. Putaran 1 hanya membaca judul dan memberi E1, sedangkan parafrasa abstrak dari web menyatakan bahwa buah kapas dihitung per plot dari rekonstruksi NeRF citra banyak pandang; buah kapas diperlakukan sebagai buah (aturan f) dan penggabungan pandangan melalui rekonstruksi 3D adalah C1 dengan M4.","[parafrasa web] A novel NeRF-based workflow was developed, integrating data acquisition, 3D reconstruction, and cotton boll mapping at the field-plot level. || [parafrasa web] NeRF was applied to reconstruct 3D models of plot-level cotton plants using the RGB images and export point clouds; cotton boll counting for each plot used improved FruitNeRF."
17,mullins2026development,X E2,X E2,,,X E2,tetap,abstrak,"Kamera ToF mengukur volume dan massa buah yang sudah dipanen di mesin pemanen (bersama kotoran), bukan buah pada tanaman; tidak ada deteksi buah individual. E2 dipilih sebagai alasan terdekat (pencitraan pascapanen); E1 juga dapat dibenarkan. Abstrak tidak merinci posisi kamera pada mesin pemanen.","A novel non-contact yield monitoring system was developed for wild blueberry harvesters using 3D Time-of-Flight imaging. || collecting and analyzing a comprehensive dataset of 37,196 point cloud files from 95 harvested totes"
21,yokin20263d,X E4,C1,C1,disanggah,X E4,perlu manusia,abstrak,"Putaran kedua lebih sesuai dengan bukti: abstrak melaporkan galat hitung buah (MAE 0,50; RMSE 0,71) dari rekonstruksi NeRF multipandang berpose, sehingga kajian ini bukan manipulasi saja dan E4 putaran pertama tidak didukung. Mekanisme M4 didukung oleh pose kamera dari kinematika robot dan awan titik terekonstruksi. Lokasi pengambilan citra (di tanaman atau laboratorium) tidak dapat dipastikan dari abstrak maupun web, sehingga rekaman ditandai perlu dibaca manusia.","We propose a robot-integrated vision pipeline that reconstructs grape bunch structure from posed multi-view RGB images. || In robot-mounted RealSense D405 experiments on 10 grape bunches, RANSAC sphere fitting achieved a counting MAE of 0.50 berries, RMSE of 0.71 berries, and mean center localization error of 2.71 mm."
22,xing2026lightweight,C1,C1,,,C1,tetap,abstrak,"Abstrak tidak menyebut nama pelacak, cara kerja kompensasi multipandang (kemungkinan memuat asosiasi geometris atau koreksi statistik), maupun acuan hitung. Mekanisme dikodekan M3 berdasarkan pelacakan multiobjek; akuisisi V diasumsikan dari robot inspeksi yang bergerak. referensi_hitung diisi ""tidak ada"" karena sumber yang terbaca tidak menyatakannya, bukan karena dipastikan tidak ada.","this study proposes a lightweight “detection–tracking–counting–compensation” cascaded network framework, optimized for deployment on inspection robots || a multi-view cooperative detection and compensation method was proposed to optimize multi-object tracking performance in dense and occluded scenes"
23,pardobeainy2026maturity,C1,C1,C1,,C1,tetap,abstrak,"Putaran pertama dipertahankan pada mekanisme (M3+M4): kajian memadukan pelacakan BoT-SORT dengan lokalisasi tiap buah dalam koordinat UTM dari RGB-D dan GNSS RTK, dan konvensi protokol mengode pelacakan dengan lokalisasi 3D sebagai M3+M4. Putaran kedua benar bahwa abstrak tidak menyatakan posisi dipakai untuk mencocokkan buah, tetapi bukti yang terjangkau tidak menyangkal M4, sehingga nilai putaran pertama tidak diubah.","RGB-D images are processed with YOLOv8-seg and a BoT-SORT-based tracking module to obtain instance-level masks, from which a color-based ripeness index and 3D point clouds are derived. || [parafrasa web] fruit-level fusion of maturity, size, tracking ID, and UTM position enables 1 m2 yield maps"
24,indriani2026sawitmvc,C1,C1,C1,,C1,tetap,teks lengkap (web),"Putaran kedua benar pada mekanisme. Kode DATA hanya berlaku bagi makalah dataset tanpa metode asosiasi, sedangkan versi PMC memuat validasi teknis yang mengevaluasi faktor koreksi global k dan regresi SVR terhadap jumlah tandan unik. Kedua baseline itu adalah koreksi statistik tanpa identifikasi tandan individual, sehingga kodenya M1.","A separate per-tree JSON ground truth layer records 9823 unique bunches with their cross-view appearance links, supporting direct evaluation of counting algorithms independently of detection performance. || [parafrasa web] Validasi teknis mengevaluasi dua baseline pencacahan, yaitu faktor koreksi global k = 1,89 dan SVR atas fitur lintas pandang; keduanya tidak mencocokkan tandan individual antarpandang."
31,long2026short,X E3,C4,C4,disanggah,X E3,sengketa,abstrak,"Putaran kedua benar pada kelompok. E3 mensyaratkan hasil dimodelkan tanpa mendeteksi buah, sedangkan abstrak menyatakan buah dideteksi per tahap fenologi dengan YOLO11-SC dan penanda visual itu menjadi masukan prediksi hasil buah matang (R2 0,958). Hal itu memenuhi C4 sebagai hasil berbasis deteksi per kelas dari citra tunggal.","using our improved YOLO11-SC model, we effectively resolve challenges of complex illumination and dense foliage occlusion, achieving high-precision automated extraction of five consecutive strawberry phenological stages || by fusing these visual markers with meteorological time series (e.g., temperature, humidity, and light intensity), we construct a multimodal spatiotemporal feature matrix"
35,woo2026geometry,C1,C1,,,C1,tetap,abstrak,"Acuan adalah awan titik berlabel (bukan hitungan tangan); abstrak tidak melaporkan galat jumlah buah, hanya F1 pencocokan elipsoid 3D. Penghalusan Gaussian terdiferensiasi tetap bersifat geometris sehingga tidak dikode M5.","reconstructs a semantic 3D model of individual berries from handheld field video || Stage 2 forms multi-view tracks using epipolar constraints, azimuth-based neighborhood restriction, and radius consistency (without appearance descriptors), then triangulates and consolidates 3D berry centers via geometric gating and 3D non-maximum suppression"
36,nguyen2026modular,C1,C1,C1,,C1,tetap,abstrak,"Nilai akuisisi S dari putaran pertama dipertahankan. Putaran kedua memilih D atas dasar tafsiran frasa ""UAV imagery"", tetapi abstrak tidak menyatakan fotogrametri, sedangkan abstrak secara tegas menyebut awan titik 3D sebagai masukan tempat buah disegmentasi dan dikelompokkan, yang sesuai dengan definisi S. Teks lengkap tidak dapat diakses, sehingga tidak ada bukti positif untuk mengubah nilai.",UAV-derived 3D point clouds offer richer structural information || regression and clustering (DBSCAN) for apple count estimation
37,fusaro2026horticultural,C1,C1,C1,,C1,tetap,teks lengkap,"Putaran kedua benar pada mekanisme. Teks lengkap menunjukkan tiga komponen: deskriptor re-identifikasi per buah dari jaringan konvolusi jarang 3D (M2), posisi relatif 3D antarsesi dengan jarak pencocokan maksimum 0,05 m pada awan titik (M4), dan jaringan pencocok berbasis atensi yang dilatih (M5). Putaran pertama hanya mencatat M5 dari abstrak, yang benar tetapi tidak lengkap.",we match each fruit with its corresponding instance from a previous data collection by using their descriptors and an attention-based matching module. || It also exploits the relative position T ∈RB×3 between the query fruit and the fruits in Ft−1.
39,yoshida2026cross,C1,C1,,,C1,tetap,abstrak,"SIFT dipakai untuk menyelaraskan struktur cabang antarhari, bukan untuk mencocokkan buah, sehingga hanya M4. Abstrak tidak menyebut pembanding maupun metrik kuantitatif; teks lengkap tidak dapat diakses. Akuisisi tiap hari juga multipandang (SfM), tetapi ciri utamanya kunjungan ulang (T).","Stable vine structures, such as trunks and main branches, are reconstructed using Structure from Motion, and their spatial correspondences are estimated through SIFT-based matching and similarity transformation. || the grape clusters detected by CenterNet are associated based on spatial proximity in the unified 3D space."
45,si2026citrus,C1,X E7,,,C1,tetap,abstrak,"Isi kajian memenuhi C1 (DeepSORT pada video mengelilingi pohon). Kode X/E7 diberikan karena OpenAlex mencatat bahasa artikel zh (Journal of Fruit Science = Guoshu xuebao); hanya abstrak yang berbahasa Inggris. Apabila protokol menerima artikel berabstrak Inggris, kodenya C1. Abstrak tidak menyebut acuan hitungan; 'pohon' adalah dugaan dari konteks estimasi per pohon.","a cascaded matching strategy combining motion and appearance features for reliable identity association, and a track management system to assign unique IDs || The final fruit count was determined by the maximum unique ID assigned during the video sequence."
47,tu2026passion,C1,C1,,,C1,tetap,abstrak (web),"Kutipan verbatim dari abstrak Inggris di situs penerbit (tanda hubung tampil sebagai '?' pada sumber). BoT-SORT tanpa keterangan modul re-ID, sehingga M3 sesuai konvensi. Acuan hitung tidak dinyatakan di abstrak; anotasi video diasumsikan. Jurnal terbit dalam bahasa Tionghoa dengan abstrak Inggris; bila E7 diterapkan pada bahasa teks lengkap, rekaman ini menjadi X/E7.","For object tracking, the BoT?SORT tracker was adopted, which incorporated a camera?motion?compensation module to mitigate camera?shake interference and improve tracking accuracy. || The region?based counting method yielded an average counting accuracy of 92.8%"
50,piazolo2026enhanced,C1,C1,C1,,C1,tetap,abstrak,"Putaran kedua benar pada mekanisme. Abstrak menyatakan bahwa DeepSORT dievaluasi dan DeepSORT+ diusulkan, dan menurut konvensi DeepSORT dikodekan M2+M3, sehingga kajian ini memuat pencocokan penampilan di samping pelacakan temporal. Kode M3 saja pada putaran pertama hanya mencakup SORT+, SORT, dan ByteTrack.","evaluating the real-time tracking performance and counting accuracy of SORT, DeepSORT, ByteTrack, and the newly proposed SORT+ and DeepSORT+ algorithms || making the training-free SORT+ comparable to the deep-learning-based DeepSORT"
51,lin2026tomato,C1,C1,C1,,C1,tetap,teks lengkap,"Putaran kedua benar pada mekanisme. Teks lengkap menyatakan pelacak yang dipakai adalah StrongSORT, yang menggabungkan informasi gerak dengan asosiasi berbasis penampilan, sehingga menurut konvensi kodenya M2+M3, bukan M3. Putaran pertama hanya membaca abstrak yang tidak menyebut nama pelacak.",We employ the tracking algorithm StrongSORT [29] for individual tomato tracking || the tracking module associates individual tomatoes across image sequences to avoid duplicate counting
52,bharti2026geo,C1,C1,,,C1,tetap,teks lengkap,"Satu track CoTracker3 menjadi satu landmark 3D; hitungan adalah jumlah landmark sah, sehingga penghapus duplikat utama adalah pelacakan (M3), sedangkan triangulasi dan iSAM2 (M4) menyaring dan memperhalus landmark tanpa menggabungkannya. CoTracker3 adalah pelacak titik terlatih, dikodekan M3. Naskah mengakui tidak ada re-identifikasi setelah putar balik dan potensi hitung ganda dari dua sisi baris belum dievaluasi. Metrik pelacakan dihitung terhadap anotasi (253 identitas GT).","Apples are detected using a YOLO-based model and associated across frames via CoTracker3, enabling robust multi-view landmark reconstruction. || The pipeline produced Npred = 9739 landmarks versus NGT = 9985 apples, corresponding to an absolute error of 246 apples and an aggregate undercount of 2.46%."
53,lee2026lidarcamera,C1,C1,C1,,C1,tetap,teks lengkap,"Putaran kedua benar pada mekanisme. Bagian 4.2 menyatakan asosiasi dilakukan hanya dengan pencarian tetangga terdekat pada koordinat 3D di peta SLAM (ambang 0,075 m) dan menyebut pelacakan 2D antarframe tidak memadai. Tidak ada pelacak berbasis gerak atau tumpang-tindih antarframe, sehingga M3 tidak didukung teks.","The detected fruits were associated based on their estimated 3D coordinates within the SLAM-generated map, enabling the system to maintain consistent fruit identities || The association process employs a nearest-neighbor search, accelerated by a k-d tree [26], to find the closest existing instance"
55,weng2026citrus,C1,C1,,,C1,tetap,abstrak (web),"Abstrak (terjemahan dari bahasa Tionghoa) tidak menyebut acuan hitung; kode anotasi adalah dugaan (hitung manual pada video), karena pemeriksa tidak menerima nilai kosong. Naskah lengkap berbahasa Tionghoa dengan abstrak Inggris di jurnal; bila protokol menilai bahasa naskah, E7 perlu dipertimbangkan.",[parafrasa web] Proposes a citrus fruit tracking and counting method for UAV video streams that fuses a lightweight YOLO11-PMSL detector with a ByteTrack-DIoU algorithm. || [parafrasa web] A region-counting anti-jitter mechanism is embedded in ByteTrack-DIoU to resolve ID switches caused by occlusion.
56,huang2026phemut,X E3,C1,X E3,,X E3,perlu manusia,abstrak (web),"Ajudikator tidak berhasil membaca abstrak maupun teks lengkap, sehingga kutipan parafrasa putaran kedua (YOLOv11 dan ByteTrack) tidak dapat diperiksa. Judul saja tidak menetapkan apakah buah dideteksi dan dihitung lintas citra, sehingga nilai putaran pertama (X, E3) dipertahankan sementara. Kelompok akhir perlu diputuskan oleh peninjau manusia yang membaca makalahnya.","PheMuT: A phenology-informed, multi-modal time-series model for strawberry yield forecasting"
57,chen2026research,C1,C5,C5,bertahan,C5,kelompok berubah,teks lengkap,"Putaran kedua benar pada grup. Teks lengkap menunjukkan volume dan massa buah dihitung dari awan titik satu bingkai kamera depth dan dibandingkan dengan massa hasil panen, sedangkan fusi multipandang hanya disebut sebagai pekerjaan lanjutan. Putaran pertama sendiri mengodekan M0 dan akuisisi 1, yang menurut definisi bukan C1; kajian ini memenuhi C5 (sensor depth dengan pengukuran buah yang dievaluasi).",The apple reconstruction and yield estimation results generated by the algorithm under each scenario were compared against the ground truth weights obtained after manual harvesting using a high-precision scale. || The CLV algorithm's average processing time for single-frame point cloud analysis and volume calculation on the embedded platform was only 125 ms.
58,yang2026real,C1,C1,,,C1,tetap,abstrak,"Tandan dihitung dari klaster pada peta titik global hasil SLAM, sehingga duplikat antarframe dilebur secara geometris (M4). Abstrak tidak menyebut acuan hitung; 'pohon' (hitungan manual di kebun) adalah dugaan. Jenis sensor (RGB-D atau stereo) tidak disebut di abstrak.",The proposed framework integrates the ORB-SLAM3 backend with a lightweight semantic segmentation model || followed by DBSCAN clustering and PCA-based modeling to extract the 3D location and quantity of grape bunches
59,doyle2026proximal,X E1,X E1,,,X E1,tetap,abstrak,"Yang diukur adalah struktur vegetatif tanaman (tinggi, biomassa, jumlah daun dan batang); buah tidak dideteksi, dicacah, maupun diukur.","a mobile device LiDAR sensor was used to collect 295 colorized point clouds of pepper, tomato, and watermelon plants || aboveground vegetative biomass, leaf and stem biomass, and leaf and stem number were physically measured in tomato and watermelon plants"
64,feng2026greenhouse,C1,X E7,,,C1,tetap,abstrak (web),"Artikel terbit dalam bahasa Tionghoa (metadata penerbit DC.Language cn; hanya judul dan abstrak yang tersedia dalam bahasa Inggris), sehingga menurut protokol dikeluarkan dengan E7. Dari segi isi, kajian ini memenuhi C1 (pelacakan ByteTrack pada video, M3); bila artikel berbahasa Tionghoa dengan abstrak Inggris diterima, kodenya C1. Acuan hitung tidak dinyatakan dalam abstrak. referensi_hitung diisi ""tidak ada"" karena sumber yang terbaca tidak menyatakannya, bukan karena dipastikan tidak ada.","[parafrasa web] Abstrak (terjemahan dari bahasa Tionghoa): metode pencacahan dinamis buah tomat rumah kaca dengan YOLO v8n yang diperbaiki dan ByteTrack berstrategi pencocokan ulang skor rendah adaptif. || [parafrasa web] Pencacahan memakai mekanisme pencocokan wilayah berurutan; pada 5 video rumah kaca MAE 1,4 dan akurasi hitung 96,6%, lebih baik daripada pencacahan garis dan wilayah."
73,park2026incremental,C1,C1,,,C1,tetap,abstrak (web),"Abstrak tidak menyebut referensi hitung maupun metrik; 'tidak ada' pada referensi_hitung berarti tidak dinyatakan di abstrak, dan 'hitung' disimpulkan dari klaim akurasi pencacahan. Jenis sensor (kemungkinan RGB-D atau LiDAR) juga tidak disebut.","we propose a real-time crop counting framework that incrementally constructs global 3D crop instances during data collection. || To ensure robust association across frames, we employ 3D Generalized Intersection over Union (GIoU) for spatial matching and confidence-based filtering for validation, effectively reducing double-counting in dense orchards."
74,wang2026semantic,C1,C1,,,C1,tetap,abstrak,Kode kelompok dan mekanisme jelas dari abstrak. Abstrak tidak menyebut pola akuisisi (citra multipandang diskret atau video; D dipilih karena NeRF memakai citra berpose) dan tidak menyebut acuan hitungan; 'anotasi' adalah dugaan.,"we propose a 3D object counting framework that integrates semantic Neural Radiance Fields (NeRF) with a physics-guided adaptive clustering algorithm. || Thus, they suffer from the multi-view double-counting issue."
79,wang2026uav,C1,C1,,,C1,tetap,teks lengkap,"Tujuan utama adalah pelengkapan bentuk dan ukuran buah, bukan pencacahan; jumlah 2.729 apel tidak dibandingkan dengan acuan apa pun. Identitas buah ditentukan ID pelacakan Grounded-SAM2 (M3); SfM (M4) dipakai untuk memproyeksikan piksel tiap ID ke kerangka dunia, bukan untuk menggabungkan duplikat. Pelacak SAM2 berbasis memori tampilan, tetapi sesuai konvensi dikode M3. Metrik ukuran (RMSE diameter, Chamfer distance) tidak tercakup dalam pilihan tingkat_metrik.",The objective is to associate individual apples across 2D consecutive UAV-captured frames while maintaining high segmentation accuracy. || the foreground submaps of each apple entity were derived by accumulating the unprojected point cloud from multiple frames.
80,subasinghe2026cocosense,X E3,C1,C1,disanggah,X E3,perlu manusia,abstrak,"Alasan E3 dari putaran pertama tidak didukung abstrak, karena estimasi hasil dilakukan dengan detektor YOLOv8 pada citra dan disertai modul deteksi tandan kelapa, sehingga buah dideteksi. Frasa 'dual-view acquisition strategy' mendukung C1 dengan akuisisi D seperti pada putaran kedua, tetapi abstrak tidak menyatakan cara dua pandang digabungkan dan teks lengkap tidak dapat diakses. Pilihan antara C1 dan C2 serta kode mekanisme perlu diputuskan oleh pembaca teks lengkap.",(4) coconut yield estimation (87.86% accuracy) using YOLOv8 with dual-view acquisition strategy. || a coconut bunch detection (88.96% accuracy) module is developed to support yield estimation by identifying fruit clusters within tree canopies.
81,gao2026vision,C1,C1,,,C1,tetap,abstrak,"Pengamatan buah yang sama pada bingkai berurutan dihubungkan lalu posisinya diestimasi secara rekursif, sehingga memenuhi C1 (menautkan buah lintas citra). Tidak ada hitungan yang dilaporkan di abstrak; yang dievaluasi adalah akurasi lokalisasi, yang tidak tercakup pilihan tingkat_metrik. Bila C1 dianggap mensyaratkan pencacahan, alternatifnya C5. Jenis buah dan sensor tidak disebut.","we propose a novel framework for fruit 3D localization that leverages temporal associations between consecutive video frames, and employs a Recursive Least Squares (RLS) estimator || This approach enables robust and precise position tracking of individual fruits, facilitating both non-invasive yield prediction and targeted harvesting operations."
85,santos2026multi,C1,C1,C1,,C1,tetap,teks lengkap (web),"Putaran kedua benar pada mekanisme. Teks lengkap menunjukkan bahwa asosiasi data antarframe dilakukan oleh CoTracker, yaitu jaringan transformer terlatih untuk korespondensi titik (M5), dalam jendela video berurutan (M3), dan digabung dengan odometri visual, triangulasi, serta relokalisasi buah yang muncul kembali (M4). Putaran pertama hanya mencatat M3+M4.","This study demonstrates the applicability of CoTracker for simultaneous data association in MOT and SfM for fruit tracking, three-dimensional localization, and camera pose estimation. || The combined counting error in the seven sequences was 11%, largely influenced by a significant error in sequence V06 (43%)."
91,blondet2026counting,C1,C1,,,C1,tetap,abstrak (web),"Abstrak tidak menyebut pemakaian modul re-ID pada BoT-SORT, sehingga dikodekan M3 sesuai konvensi. Abstrak tidak menyatakan acuan hitungan; 'anotasi' adalah dugaan (hitungan manual pada video) dan perlu diperiksa pada teks lengkap.","[parafrasa web] The system combines YOLOv8m for fruit detection with the BoT-SORT algorithm for temporal tracking to automatically count avocados in videos. || [parafrasa web] For cumulative counting, the system reached an Absolute Counting Precision (ACP) of 92.68%, with MAE of 2.0 and RMSE of 3.16."
92,kurdthongmee2026non,X E2,X E2,,,X E2,tetap,abstrak,"Estimasi volume buah manggis tunggal dari pandangan samping dan bawah; konteksnya pemilahan lepas panen. Abstrak tidak menyatakan secara eksplisit bahwa citra diambil di laboratorium, tetapi tidak ada indikasi buah di pohon. Multipandang di sini untuk pengukuran satu buah, bukan pencacahan.",We offer a novel study framework employing both multi-view instance segmentation and hybrid geometrical feature modeling to quantitatively model mangosteen volume with traditional 2D imaging. || ready for incorporation into automated sorting and grading systems integrated in post-harvest processing pipelines.
98,pradhan2026performance,X E5,C2,X E5,,X E5,perlu manusia,abstrak,"Tidak ada putaran yang dapat dibuktikan benar. Abstrak yang tersedia tidak memuat data, metode, atau hasil, sehingga kode C2 putaran kedua hanya bersandar pada judul dan kode X dengan E5 putaran pertama juga tidak didukung secara positif. Nilai putaran pertama dipertahankan menurut aturan bukti dan rekaman ini ditandai untuk dibaca manusia.",Computer vision is being used to detect fruits and vegetables to deter-mine their three-dimensional position.
108,zhu2026research,C1,C1,,,C1,tetap,teks lengkap,"Duplikat dihapus oleh ID lintasan DeepSORT (penampilan ReID dan gerak Kalman) ditambah aturan zona hitung dengan himpunan ID terhitung. Acuan hitung disebut 'manual counting' per video tanpa menyatakan apakah dihitung di lapangan atau dari video; dikodekan anotasi, alternatifnya pohon. Tidak ada metrik identitas (MOTA, IDF1). Kamera RealSense D435i dipakai, tetapi kedalaman tidak digunakan.","DeepSORT predicts the state of each track using a Kalman filter and extracts an appearance embedding for each detection using a lightweight ReID network. || By maintaining a counted-ID set, each track ID is counted at most once throughout the entire video, thereby suppressing duplicate counting."
116,hassan2025orange,C1,C1,C1,,C1,tetap,teks lengkap,"Putaran kedua benar pada per_kelas. Teks lengkap menunjukkan bahwa kematangan diklasifikasi per objek dengan MobileViT dan dievaluasi sebagai akurasi klasifikasi, sedangkan Tabel 4 dan Tabel 5 (halaman 9) hanya memuat hitungan total per video dan per pohon tanpa rincian per kelas. Mekanisme M3+M4 dan akuisisi V dari putaran pertama terkonfirmasi.",Then the Byte tracker is deployed to track oranges in consecutive video frames. || If a feature point belongs to more than one fruit then it indicates that the fruit is recounted.
117,suharjito2025oil,C3,C3,,,C3,tetap,teks lengkap,"Makalah dataset sawit. Video mengelilingi pohon membuat tandan yang sama muncul pada banyak frame, sehingga definisi dataset C1 juga terpenuhi; namun anotasi hanya kotak per frame tanpa identitas tandan dan tidak ada metode atau evaluasi lintas citra, sehingga kode utama C3. Tidak ada evaluasi hitung; validasi hanya deteksi.","The data collection process entailed recording videos by rotating around each tree to capture all fruit images from multiple angles. || In total, 440 videos were collected in this study, where the durations are ranging from 8 seconds to 1 minute and 31 seconds."
118,dong2025fruit,C1,C1,,,C1,tetap,abstrak,"Abstrak tidak menyebut cara akuisisi; kode V disimpulkan dari pemakaian ByteTrack. Abstrak tidak menyatakan secara eksplisit bahwa pelacakan menghapus duplikat; M3 disimpulkan. Regresi (M1) menghubungkan jumlah buah permukaan dengan jumlah buah seluruh pohon. Acuan hitung (hitung tangan di pohon dan bobot panen) disimpulkan dari frasa 'number of individual fruits' dan 'average single fruit quality', tidak dinyatakan tegas.",the improved ByteTrack algorithm based on ByteTrack is utilized for multi-scale small-target tracking. || Using LightGBM and linear regression to establish the relationship between the number of surface fruits and the number of individual fruits
119,mendez2025capsicum,C1,C1,C1,,C1,tetap,teks lengkap,"Putaran kedua benar pada mekanisme. Putaran pertama hanya membaca abstrak yang menyebut BoT-SORT, sedangkan teks lengkap pada bagian metode menyatakan bahwa pencocokan deteksi dengan lintasan memakai fitur penampilan dari penyandi ResNeSt50 beserta jarak IoU, sehingga konvensi BoT-SORT dengan modul re-ID (M2+M3) berlaku. Keyakinan sedang karena tabel parameter pelacak tidak menyebut pengaktifan re-ID.","To match detections with tracks, appearance features are employed. These features are extracted using a deep appearance encoder with ResNeSt50 [56] as the backbone. || each time a track appears or goes through the region, a new capsicum is counted."
120,qi2025assessment,C1,C1,,,C1,tetap,abstrak,"Studi pembanding empat pelacak: SORT dan ByteTrack (M3), DeepSORT dan BoT-SORT dengan modul ReID (M2+M3). Hitungan terbaik berasal dari ByteTrack tanpa ReID sehingga penghapus duplikat dikodekan M3. Abstrak tidak merinci aturan penghitungan (garis atau ID unik) dan acuan hitung diasumsikan anotasi dataset MOT.","we herein establish a public multi-object tracking (MOT) dataset for tomato cluster counts, while evaluating and comparing state-of-the-art target detection and MOT-based algorithms || The tracking algorithms included state-of-the-art methodologies such as SORT, DeepSort, ByteTrack, and BotSort."
123,zhang2025robust,C1,C1,,,C1,tetap,abstrak,"Prediksi lintasan memakai jaringan terlatih (KAN-Mamba), tetapi berfungsi sebagai model gerak di dalam ByteTrack sehingga dikode M3, bukan M5. Abstrak tidak menyebut acuan hitungan; anotasi diasumsikan. Hanya bluberi matang yang dihitung, tanpa hitungan per kelas.","Thereafter we put forward a prediction-driven two-stage matching strategy based on ByteTrack, which effectively reduces duplicate counting caused by missed detections. || For blueberry greenhouse counting task, the overall pipeline achieves an accuracy of 92.5% and a processing speed of 35 FPS on the edge device."
125,singh2025robust,X E5,C1,C1,bertahan,C1,kelompok berubah,teks lengkap (web),"Putaran kedua benar pada grup. Teks lengkap di PMC menyatakan stroberi matang diberi ID, dilacak, dan dihitung dengan garis hitung pada video dari UAV yang bergerak, lalu dibandingkan dengan hitungan acuan (45 dari 47, 46 dari 49, 44 dari 49). Hal itu memenuhi C1 dengan pelacakan temporal, sedangkan E5 putaran pertama hanya bersandar pada abstrak.",utilizes an innovative YOLOv9-GLEAN-based algorithm to perform real-time and offline detection and counting of mature strawberries || [parafrasa web] A line counter (solid red line) method is employed to count the detected ripe strawberries throughout the monitoring process.
137,zhang2025row,C1,C1,C1,,C1,tetap,judul,"Abstrak tidak dapat diakses pada ajudikasi ini (Semantic Scholar, OpenAlex, dan Crossref tanpa abstrak; ScienceDirect menolak), sehingga kutipan parafrasa putaran kedua tentang DeepSORT tidak dapat diperiksa. Judul hanya menyatakan pelacakan buah pada video, sehingga sesuai aturan bukti nilai putaran pertama (M3) dipertahankan. Kelompok C1 tidak diperselisihkan.",Row-based kiwifruit counting pipeline for smartphone-captured videos using fruit tracking and detection region adaptation guided by support-post
142,ogundele2025real,C1,C1,,,C1,tetap,teks lengkap,"Kelas dimasukkan ke vektor keadaan Kalman ByteTrack dan pencocokan dilakukan per kelas; duplikat dicegah dengan pemeriksaan track-ID saat sentroid memasuki ROI. Metrik identitas (MOTA, IDF1) tidak dilaporkan.","This system processes video streams and uses the ByteTrack MOT algorithm to accurately identify, track, and count individual strawberries according to the ripeness class across frames. || By including the class variable, the matching process between predicted and detected objects is performed on a per-class basis"
146,wang2025phenotypic,X E1,C1,C1,bertahan,C1,kelompok berubah,abstrak,"Putaran kedua benar pada grup: abstrak menyatakan jumlah buah tomat diestimasi dengan pencocokan bola pada peta awan titik semantik hasil RGB-D SLAM dan melaporkan galat hitung 14,36%, sehingga kajian ini bukan fenotipe tanaman tanpa buah (E1). Buah dihitung pada peta gabungan dari banyak bingkai, sehingga kode C1 dengan mekanisme M4 dan akuisisi V didukung bukti.","This study proposes a 3D semantic reconstruction system based on an improved ORB-SLAM3 framework, which is mounted on an unmanned vehicle to acquire phenotypic traits in tomato cultivation scenarios. || A spherical fitting method is applied to estimate the number of tomato fruits."
147,hnida2025transfer,X E3,X E3,,,X E3,tetap,abstrak (web),"Hasil panen dimodelkan dari geometri tajuk tanpa mendeteksi buah. E1 (tajuk pohon, bukan buah) juga dapat dipakai sebagai alasan.","[parafrasa web] Metodologi mengestimasi biovolume dan memprediksi produktivitas pohon zaitun dari citra multipandang drone melalui segmentasi tajuk (FastSAM disetel dengan YOLOv11). || [parafrasa web] Parameter geometri tajuk (Convex Hull, tinggi dari pandangan samping) dimasukkan ke model regresi; R2 95,84% sampai 97,78%, galat relatif estimasi hasil 6,05%."
148,safre2025deep,X E2,X E2,,,X E2,tetap,abstrak,"Buah dicitrakan di sabuk konveyor mesin panen, sudah lepas dari pohon, sehingga tidak memenuhi syarat buah di tanaman; E2 dipilih sebagai alasan terdekat. Bila pencitraan di mesin panen dianggap layak, kodenya C1 (pelacakan video). Abstrak tidak menyebut modul re-ID BoT-SORT, sehingga dikodekan M3.",we compared the nano (n) and extra-large (x) configurations of YOLOv8 and YOLO11 for tart cherry detection and fruit counting on the harvester. || we introduce a new dataset with annotated cherries on the conveyor belt of the harvester
152,wang2025tomato,C1,C1,,,C1,tetap,teks lengkap,"ByteTrack (filter Kalman dan algoritma Hungarian) tanpa fitur re-ID, sehingga M3. Kelas kematangan berasal dari detektor per frame; perpindahan kelas antarframe menimbulkan hitungan ganda (Gambar 12d-e), tanpa voting, sehingga dikodekan saat pelacakan. Acuan hitung adalah hitung manual per video; teks tidak menyebut hitung di tanaman, sehingga dikodekan anotasi. Kamera RealSense D435 dipakai tetapi hanya RGB yang digunakan (bukan C5). Tidak ada metrik identitas MOT.","The Bytetrack algorithm [32] integrated into the YOLO11n model was used for fruit tracking in the videos. || Whenever a target bounding box began to enter the detection area, its ID value was recorded and counted, avoiding the miss count due to occlusion between leaves and fruits."
153,zhai2025dynamic,C1,C1,,,C1,tetap,teks lengkap,"Video uji tunggal (Synthetic-apples, 24 s, 250 bingkai, lima pohon); hitungan dibandingkan dengan jumlah ID anotasi per bingkai, bukan hitungan di pohon.",fruit targets are associated using a combined strategy based on Intersection over Union (IoU) and Re-Identification (Re-ID) features || the Darklabel annotation tool was used to manually annotate the bounding boxes and IDs of the 250 frames
155,fu2025estimating,X E2,X E2,,,X E2,tetap,abstrak (web),"Kutipan diambil kata demi kata dari meta dc.description di situs jurnal. Sisir pisang sudah dipanen dan dicitrakan di laboratorium untuk menduga massa; bukan buah di tanaman. Dua sudut pandang (cembung dan cekung) dipakai, tetapi tidak untuk pencacahan di lapangan.",[parafrasa web] The registered color and depth (RGB-D) images of the banana hands were captured from the convex and concave viewpoints using a controlled laboratory setup. || [parafrasa web] The more efficient post-harvest processing and grading were facilitated in the banana industry.
158,pichhika2025enhanced,C1,C1,,,C1,tetap,abstrak (web),Akuisisi video disimpulkan dari pelacakan sentroid multi-frame; parafrasa web tidak menyebut angka galat hitung maupun metrik identitas.,"[parafrasa web] The detection model is integrated with an enhanced centroid tracking algorithm that employs multi-frame references for occlusion handling and dynamic threshold adjustments to achieve consistent tracking and accurate fruit counting. || [parafrasa web] validated across varying light conditions and different trees, demonstrating close alignment with ground truth data from manual labeling, achieving a mean average precision (mAP) of 93.6%."
161,lyu2025real,C1,C1,,,C1,tetap,abstrak (web),"Asosiasi berbasis tumpang-tindih kotak (BIoU) dan jarak Euclid tanpa fitur penampilan, sehingga M3. Acuan hitung tidak dinyatakan eksplisit di abstrak; diasumsikan hitungan manual pada 6 video (anotasi).",a dual-association was realized using ByteTrack and buffered intersection over union (BIoU) in the tracking stage. Euclidean distance was proposed to solve the target loss || The rectangular region counting was also selected after target tracking.
163,de2025chromosomal,X E1,X E1,,,X E1,tetap,abstrak,Kajian pemuliaan kiwi (penggandaan kromosom dengan kolkisin); tidak ada metode berbasis citra. E1 dipilih sebagai alasan terdekat karena tidak ada alasan khusus untuk kajian tanpa pencitraan.,two different diploid pulp genotypes were subjected to chromosomal duplication to create pre-breeding material for the development of red pulp fruit cultivars with reduced susceptibility to PSA
165,arbogast2025mon,X E1,X E1,,,X E1,tetap,abstrak,Kajian kemitraan ekonomi rekreasi; kata fruit hanya muncul sebagai ungkapan. Tidak berkaitan dengan pencitraan buah.,"The Mon Forest Towns recreation economy partnership has served as a model to promote USDA agency and community partnerships to develop recreation economies. || collect data, and tackle “low-hanging fruit.”"
167,zheng2025robust,C1,C1,,,C1,tetap,teks lengkap,"Asosiasi antarbingkai memakai prediksi posisi dari odometri IMU dan kedalaman lalu pencocokan IoU, tanpa fitur penampilan; dikodekan M3+M4. Kelas matang atau mentah ditentukan detektor per bingkai dan tersimpan di tuple tandan; tuple dengan jumlah buah terbanyak yang dipertahankan, bukan voting antarpandang. Objek yang dilacak adalah tandan, bukan buah tunggal.","To avoid double-counting, IMU data (*s*) and box positions (Xn, Yn) in frame n predict positions in frame *m*, assuming constant bunch depth. || When the IOU between box′ n and boxm exceeded 0.7, they were considered the same tomato bunch, producing a single spatiotemporal tuple."
168,zhou2025yield,C1,C1,,,C1,tetap,teks lengkap,"DeepSORT dikodekan M2+M3 sesuai konvensi. Tiga batasan tambahan (lama pelacakan, jarak depth 1,5-2,5 m, rentang bobot) adalah penyaring pencacahan, bukan asosiasi dalam kerangka koordinat bersama, sehingga M4 tidak diberikan. Sumber angka aktual jumlah tandan tidak dijelaskan rinci; ditafsirkan sebagai hitungan di kebun, dan bobot aktual sebagai hasil panen. Tidak ada metrik identitas (MOTA/IDF1).","the DeepSORT was used to solve the repeated counting based on the Hungarian algorithm and Kalman filtering || calculated the Mahalanobis distance and cosine distance with the predicted result tracks, obtained the motion features and appearance features"
170,lyu2025counting,C1,C1,,,C1,tetap,abstrak (web),Jurnal berbahasa Tionghoa dengan abstrak Inggris; teks lengkap kemungkinan tidak berbahasa Inggris sehingga E7 dapat berlaku. Kode diberikan berdasarkan isi. Acuan hitungan tidak dinyatakan di abstrak; 'anotasi' diasumsikan.,该方法由改进YOLOv9s检测模型、自适应卡尔曼滤波追踪算法和划线计数3个子方法构成 || 在计数性能方面，平均计数精度达到了80.0%
173,chen2025research,X E3,X E3,,,X E3,tetap,abstrak,Hasil panen dimodelkan dari morfologi pohon pada awan titik UAV; buah tidak dideteksi.,"the tree height, canopy projection area, and volume of each walnut tree are calculated || a prediction model between tree morphology and yield is established"
175,yan2025research,C1,C1,,,C1,tetap,teks lengkap,"Referensi hitung disebut 'manual detection'; naskah menyatakan 10 pohon dihitung manual, sehingga dikodekan pohon. Cara perekaman video (lintasan kamera) tidak dirinci.","the combination of a unique ID with the region of line (ROL) strategy in DeepSORT further boosts yield estimation accuracy to 84.45% || DeepSORT incorporates a re-identification (ReID) model based on the SORT algorithm, determining the unique ID of each target by comparing its similarity across multiple frame images."
178,arizasentis2025comparative,C1,C1,C1,,C1,tetap,teks lengkap,"Putaran kedua benar pada akuisisi: teks lengkap menyatakan kedua metode merekam video MP4 dari UAV yang bergerak sepanjang kanopi dan 5.958 frame dianotasi gaya MOTS, sehingga kodenya V, bukan D. Putaran kedua juga lebih tepat pada mekanisme: PointTrack dilatih sebagai komponen pelacakan berbasis embedding instans (penampakan) pada frame berurutan, sehingga M2+M3; keyakinan sedang karena makalah tidak menguraikan langkah asosiasinya.",Two different methodologies were employed to gather the necessary videos in MP4 format. || Transfer learning [33] was employed to train the Spatial Embeddings (SE) model.
180,isobe2025mandarin,C1,C1,,,C1,tetap,abstrak,Abstrak tidak menyebut acuan hitung maupun metrik; 'pohon' dan 'hitung' adalah dugaan dari tugas estimasi jumlah buah per pohon dan perlu diperiksa pada teks lengkap. Tidak ada identifikasi buah individual; jumlah diregresi langsung dari fitur multipandang.,"automatically estimating the number of small, unripe mandarins before thinning operations using 360-degree videos of the trees || A deep neural network model leveraging Transformer architecture is designed to fuse features from various viewing angles."
182,churuvija2025pose,X E1,X E1,,,X E1,tetap,abstrak,"Rekonstruksi 3D struktur cabang pohon untuk pemangkasan; tidak ada deteksi, pencacahan, atau pengukuran buah.","Tree models, for example, are essential to determine cutting points and guide cutting tools to the correct positions when pruning selectively. || a wide range of UFO-trained tree offshoot diameters (OSDs), and side-branch lengths (SBLs) and spacings (SBSs)"
183,cao2025research,C1,C1,,,C1,tetap,teks lengkap,"Video direkam drone dengan RealSense D435i, tetapi depth tidak dipakai dalam metode. Tabel 7 menunjukkan galat hitung model perbaikan (MAE-B 0,127) lebih besar daripada model dasar (MAE-A 0,089); semua hitungan melebihi hitung manual. 'MAE' di makalah sebenarnya galat relatif per video.","DeepSort integrates a SORT-framework-based re-identification (ReID) network model to extract appearance features from the detection boxes, and it employs a matching cascade strategy || x_test(i) represents the ground truth count obtained through manual annotation in the video sequence, while y_test(i) denotes the predicted count generated by the multi-object tracking algorithm"
188,tu2025estimation,C1,C1,,,C1,tetap,abstrak (web),"Abstrak web tidak menyebut angka galat hitung dan tidak menyatakan pembanding hitungan; referensi 'anotasi' disimpulkan dari evaluasi pada dataset video beranotasi. OC-SORT berbasis gerak tanpa re-ID, sehingga M3.","[parafrasa web] The study proposes YOLOv8n + OC-SORT + CRCM (Central Region Counting Method) for detection, tracking and yield estimation of passion fruits, addressing double counting. || [parafrasa web] A real-world passion fruit video dataset of 24 one-minute videos was established; OC-SORT reached HOTA 67.10%, surpassing BoT-SORT, ByteTrack and StrongSORT."
189,mollineda2025estimation,C1,C1,C1,,C1,tetap,teks lengkap (web),"Putaran pertama benar pada mekanisme (M1). Teks lengkap menunjukkan jaringan regresi bekerja pada setiap bingkai secara terpisah, lalu estimasi per bingkai diringkas dengan statistik pemusatan (rerata atau median) menjadi satu hitung per pohon; tidak ada jaringan yang dilatih untuk menggabungkan pandangan, sehingga M5 dari putaran kedua tidak didukung. Tidak ada buah yang diidentifikasi satu per satu.","each tree’s visible fruit load is estimated by combining count estimates by frames || Let S be a statistic of central tendency (e.g. mean, median) that summarises a distribution into a representative value."
195,poncemachete2025optimizing,C1,C1,,,C1,tetap,abstrak,"M2 masuk karena DeepSORT ikut dievaluasi; konfigurasi terbaik (ByteTrack) adalah M3 murni. Abstrak tidak melaporkan galat hitung, hanya metrik identitas; referensi anotasi disimpulkan dari metrik MOT.","This work analyzes the efficacy of multi-object tracking (MOT) algorithms in detecting calamansi fruits from drone-captured video footage, using the YOLOv8m object detection model. || Three MOT algorithms-SORT, DeepSORT, and ByteTrack-were evaluated using performance metrics such as Multiple Object Tracking Accuracy (MOTA), Higher Order Tracking Accuracy (HOTA), and ID F1 Score (IDF1)."
196,jiang2025neural,C1,C1,C1,,C1,tetap,abstrak,"Putaran kedua benar pada akuisisi. Abstrak menyebut dua cara pengambilan citra, yaitu deret 10 kamera pada platform robot yang memindai tanaman dan ponsel yang merekam video mengelilingi plot. Keduanya adalah urutan citra dari kamera yang bergerak, bukan beberapa foto diskret dari posisi tetap, sehingga kodenya V.",The first used 10 cameras arranged in a single row and evenly mounted on a custom robotic platform to scan the cotton plants. || The second utilized a smartphone for multi-angle scanning around plot-level cotton plants to capture complete plant videos.
197,hong2025fruitgaussian,C1,C1,,,C1,tetap,abstrak,"Abstrak tidak menyebut cara akuisisi (video atau pandangan diskret) dan tidak menyebut acuan hitungan; akuisisi D dan referensi pohon adalah dugaan. Pencacahan dilakukan dari point cloud yang diekstrak dari representasi Gaussian, sehingga M4.","we propose FruitGaussian, a novel 3D Gaussian Splatting (3DGS)-based framework for high-fidelity orchard scene understanding and fruit counting || Evaluations on real-world persimmon orchard datasets demonstrate a 96 % counting accuracy, surpassing Neural Radiance Fields (NeRF)-based methods by 16 %."
202,akella2025deep,C1,C1,C1,,C1,tetap,abstrak,"Nilai per_kelas tidak dapat diputuskan dari bukti yang terakses: abstrak menyebut pencacahan berbasis pelacakan dan tiga tahap kematangan, tetapi tidak menyatakan apakah hitungan dilaporkan per kelas. Sesuai kaidah bukti, nilai putaran pertama (Y) dipertahankan karena tidak ada bukti positif untuk N; keberatan putaran kedua beralasan tetapi tidak terbukti. Grup C1 dengan M3 disepakati kedua putaran.","employing YOLOv11 integrated with the Kalman Filter-Hungarian Algorithm, YOLOv8, and a custom-designed Convolutional Neural Network (CNN) to accurately identify coconuts at three distinct ripeness stages || the proposed approach was extended to facilitate automated counting of coconuts using different tracking methodologies"
203,wei2025multi,C1,C1,,,C1,tetap,abstrak,"Abstrak tidak menyebut sumber hitungan acuan; 'pohon' adalah dugaan dari frasa hitung per pohon. Abstrak juga tidak menjelaskan apakah duplikat dihapus oleh pelacakan, oleh posisi 3D bergeoreferensi, atau keduanya.","a 3D fruit counting framework based on stereo cameras in which each detection is localized within a georeferenced spatial coordinate system using GPS and visual odometry || To enable tracking across multiple consecutive frames, two state-of-the-art algorithms, OC-SORT and ByteTrack, are benchmarked against each other."
204,xing2025cb,C1,C1,,,C1,tetap,abstrak,"Abstrak tidak menyebut pembanding hitungan maupun galat hitung. Kelas kematangan berasal dari detektor dan dibawa oleh lintasan DeepSORT; cara penetapan kelas per buah unik tidak dijelaskan, sehingga 'saat pelacakan' adalah tafsiran. Hitungan matang/mentah ditampilkan pada dasbor, bukan dievaluasi.","the DeepSORT -based multi-object tracking algorithm is applied to continuously monitor tomatoes at different maturity stages, maintaining identity consistency || Real-time data is visualized through daily snapshots (pie charts and counts of ripe/unripe fruits)"
207,vaishnavi2025fruit,C1,C1,,,C1,tetap,abstrak,Abstrak tidak menyebut acuan hitungan secara eksplisit; 'anotasi' disimpulkan dari evaluasi pada dataset. Cara kelas dilekatkan pada identitas pelacak tidak dinyatakan.,"Deep SORT provides robust tracking capabilities, utilizing motion and appearance descriptors to maintain consistent object identities across video frames, thereby minimizing counting errors. || The system successfully distinguishes between ripe and unripe oranges, visualizing separate yield counts with bounding box segmentation."
209,hobart2025fruit,C1,C1,C1,,C1,tetap,teks lengkap,"Putaran kedua benar pada akuisisi. Masukan mentah adalah ratusan hingga ribuan foto RGB beruntun dari UAV yang terbang sepanjang baris pohon dengan tumpang-tindih 90-96%, lalu direkonstruksi menjadi awan titik; tidak ada pemindai LiDAR atau laser. Kode S pada putaran pertama dibuat dari abstrak yang hanya menyebut awan titik, sedangkan teks lengkap menunjukkan urutan citra dari kamera bergerak (V).","Two detail flights were conducted at the same altitude, following the path along the tree rows and capturing the tree crowns of the neighboring row || to keep the forward overlap close to 90% and 96%, for 2018 and 2020"
210,qin2025research,X E4,C5,X E4,,X E4,tetap,abstrak,"Putaran pertama dipertahankan. Abstrak menempatkan kajian pada pemetikan buah dan hanya mengevaluasi akurasi segmentasi instans 2D, sedangkan awan titik dari kedalaman disebut sebagai bahan lokalisasi lanjutan tanpa evaluasi. Syarat C5 berupa lokalisasi atau pengukuran dengan sensor kedalaman yang dievaluasi tidak didukung secara positif oleh bukti, sehingga usulan C5 dari putaran kedua (keyakinan rendah) ditolak.","By extracting mask information, corresponding depth information is obtained, and the point cloud data corresponding to apples is obtained, providing assurance for the accuracy of subsequent localization. || the improved YOLOv8 model has higher instance segmentation accuracy, an increase of 4.2 percentage points"
211,monikapreethi2025yolov8,X E1,X E1,,,X E1,tetap,abstrak,"Objek yang dideteksi dan dievaluasi adalah bunga dan penyerbuk, bukan buah. Prediksi hasil berasal dari model pembelajaran mesin di cloud dan abstrak tidak menyatakan adanya deteksi atau pencacahan buah. Apabila prediksi hasil dianggap estimasi hasil berbasis citra, kode alternatifnya C2.","The system incorporates high-resolution cameras and IoT-enabled sensors to identify flowers, monitor pollinators, and evaluate fruit growth in real time. || average precision (AP) of 99.4% for flower identification and 98.7% for pollinator tracking"
215,azhellmee2025development,X E5,X E3,X E3,,X E3,alasan berubah,abstrak,"Putaran kedua benar pada alasan eksklusi. Abstrak menggambarkan sistem inventaris GIS berbasis web dengan kalkulator hasil dan tidak memuat deteksi buah dari citra, sehingga E5 tidak berlaku; E3 (hasil dimodelkan tanpa mendeteksi buah) paling sesuai.","This study aims to develop a GIS integrated web-based inventory system for tracking oil palm fresh fruit bunch yields. || The system provides features such as oil palm yield calculator, online map, inventory system and organization information."
222,garg2025autonomous,C1,C1,C1,,C1,tetap,abstrak,"Abstrak tidak menyatakan apakah UAV mengambil citra secara kontinu selama terbang atau hanya pada titik singgah diskret, dan putaran kedua sendiri menyebut nilai D sebagai dugaan. Karena bukti yang terjangkau tidak dapat memutuskan akuisisi, nilai putaran pertama (V) dipertahankan.",The solution is further extended to the real-life scenario using LiDAR based mapping and point-cloud filtering techniques to avoid recounting of fruits. || achieving a fruitcount accuracy of 98 % and 90 % respectively
223,meyer2025fruitnerf,C1,C1,C1,,C1,tetap,teks lengkap (web),"Putaran kedua benar pada mekanisme. Teks lengkap menyatakan mask 2D yang tidak konsisten antarpandang diangkat ke 3D melalui embedding instans yang dioptimalkan dengan pembelajaran kontrastif dan berfungsi sebagai pengenal buah, lalu dikelompokkan pada awan titik NeRF. Komponen terlatih yang menetapkan korespondensi itu menambah M5 pada M4.","the aim of the instance field is to lift view-inconsistent 2D instance masks to 3D. Therefore, we optimize the 3D instance embeddings through contrastive learning || Thus the instance embedding acts as a fruit identifier."
226,johnson2025agtech,X E5,C1,X E5,,X E5,tetap,abstrak,"Putaran pertama dipertahankan pada grup. Abstrak menunjukkan bahwa penelusuran buah antarwaktu dipakai untuk mengkuantifikasi lintasan dan laju pematangan, tanpa evaluasi pencacahan, estimasi hasil, lokalisasi, atau pengukuran ukuran yang disyaratkan protokol. Bukti yang terakses tidak mendukung secara positif perpindahan ke C1 seperti usulan putaran kedua, yang rincian metodenya hanya berasal dari ringkasan web.",Ground imaging enables tracking of individual berries for a detailed view of berry appearance changes. || This projection enables quantification of ripening paths and a useful metric of ripening rate.
227,xieli2025pinesort,C1,C1,,,C1,tetap,teks lengkap (web),"Makalah hanya mengevaluasi metrik identitas terhadap anotasi MOT; galat hitung tidak dilaporkan. ORB dipakai untuk kompensasi gerak kamera, bukan pencocokan penampilan buah, sehingga dikodekan M3. Asosiasi berbasis IoU dan DIoU tiga tahap.","PineSORT enhances the tracking accuracy with motion direction cost, camera motion compensation, a three-stage association strategy, and overlap management. || a novel Multiple Object Tracking (MOT) system for drone-based agricultural monitoring, specifically tracking pineapples for yield estimation"
228,sasse2025object,C1,C1,,,C1,tetap,abstrak,Abstrak hanya menyebut 'actual value' tanpa menjelaskan apakah itu hitungan tangan di kebun atau anotasi video; referensi pohon adalah dugaan. Kode kelompok dan mekanisme (ByteTrack = M3) tidak diragukan.,"combines object detection (YOLOv8) and tracking (ByteTrack) to count grape clusters in handheld smartphone videos captured under diverse environmental conditions || achieving $75.1 \% \text{mAP} {@} 50$ and a 69.9 % F1-score for cluster detection, with a final cluster count only 27 % above the actual value"
230,issad2025real,C1,C1,,,C1,tetap,abstrak,"Abstrak tidak menyatakan apakah buah berada di pohon, apakah pencacahan manual dilakukan pada video atau di lapangan, dan apakah hitungan dilaporkan per jenis buah (20 kelas adalah jenis buah, bukan atribut kematangan).","propose a system based on cutting-edge technologies, YOLOv8 and ByteTrack, to accurately detect and count fruits in real time || The comparison between the manual counting and the model showed an accuracy of 75.33 %."
231,lei2025spatio,C1,C1,,,C1,tetap,abstrak,"Keputusan C1 berkeyakinan tinggi; yang ragu adalah rinciannya. Abstrak tidak menyatakan referensi hitung (diduga hitung di pohon) dan tidak memisahkan mekanisme penghapus duplikat dalam satu sesi dari asosiasi antarsesi; informasi visual ditafsirkan sebagai M2, posisi dan topologi sebagai M4. Akuisisi juga memuat LiDAR (S) dalam tiap sesi.","We present a 4D spatio-temporal metric-semantic mapping system that integrates multi-session measurements to track fruit growth over time. || combines a LiDAR-RGB fusion module for 3D fruit localization with a 4D fruit association method leveraging positional, visual, and topology information"
232,kemper2025performance,C1,C1,,,C1,tetap,abstrak,"Abstrak tidak menyatakan apakah BoT-SORT dipakai dengan modul re-ID, sehingga dikodekan M3 sesuai konvensi. Acuan hitung tidak dinyatakan di abstrak; anotasi adalah dugaan dari frasa akurasi hitung relatif pada dataset video. Abstrak tidak menyebut metrik identitas.","two detection methods-YOLOv12 and RF-DETR-were compared in combination with two tracking algorithms-BoTSORT and ByteTrack-to generate four distinct configurations aimed at the automatic counting of grape clusters || Experimental results on a video dataset recorded in agroindustrial vineyards showed that the combination of YOLOv12 with BoT-SORT achieved the highest average relative counting accuracy, with 84.31%."
236,majdalawieh2025optimizing,C1,C1,,,C1,tetap,abstrak,"DeepSORT dikodekan M2+M3 menurut konvensi; garis ROI termasuk M3. Abstrak tidak menyebut jenis buah, apakah buah berada di pohon, maupun pembanding hitungan; referensi_hitung dan tingkat_metrik diisi dari abstrak saja.","Utilizing the cutting-edge YOLO V7 for detection and integrating it with DeepSORT and an ROI line-based method for counting || The YOLO-V7 model demonstrated exceptional efficacy in fruit detection, achieving a mean average precision (mAP@0.50) of 97.5%."
238,jiang2025yolov8,X E5,X E5,,,X E5,tetap,abstrak,"Evaluasi hanya pada deteksi satu kelas; rumus volume diturunkan tetapi abstrak tidak melaporkan evaluasinya. Apabila teks lengkap mengevaluasi estimasi volume, kode yang lebih tepat adalah C2 atau C5.","This paper presents two apple recognition models based on YOLOv8 and Single Shot MultiBox Detector (SSD) algorithms respectively and compares their performance under identical conditions. || Additionally, we derived a formula to estimate apple volume using camera parameters and field-of-view data."
240,wu2025maturity,C1,C1,,,C1,tetap,teks lengkap,"Metode utama ByteTrack (M3); OC-SORT (M3) dan StrongSORT (M2+M3) hanya pembanding. Naskah tidak menjelaskan cara label kematangan ditetapkan per lintasan (kelas berasal dari detektor per frame), dan tidak melaporkan metrik identitas (MOTA, IDF1). Hitungan acuan adalah hitung manual saat perekaman video.","ByteTrack efficiently links detected blueberry instances across frames, making it particularly effective in high-density scenarios with overlapping fruits and frequent occlusions. || The actual number of blueberries at each growth stage was obtained through manual counting during video collection."
241,louis2025automated,C1,C1,,,C1,tetap,abstrak,"Abstrak tidak menyebut nama pelacak maupun modul re-ID, sehingga dikodekan M3 (pelacakan dengan garis hitung). Acuan cacah tidak dinyatakan di abstrak; ""anotasi"" adalah dugaan dan perlu diperiksa pada teks lengkap.","a robust computer vision pipeline for accurately detecting, tracking, and counting melons using the You Only Look Once version 11 nano object detection model || front row strict annotation and line counting tracking combination which yielded a counting error rate of just 2.74%"
246,matos2025apple,C1,C1,,,C1,tetap,abstrak (web),"Abstrak tidak merinci algoritma pelacakan; kamera stereo mungkin dipakai untuk asosiasi 3D (M3+M4), tetapi hal itu tidak dinyatakan. Acuan hitung tidak disebut dalam abstrak; pohon disimpulkan dari galat hitung di kebun. Akuisisi V disimpulkan dari kamera pada traktor.","we present a novel method to detect, track and count fruits that is scalable and robust towards problems existing in other fruit counting methods || (1) a stereo camera that can be used reliably under direct sunlight, (2) a fast detection algorithm, and (3) an algorithmic approach to track fruits which is robust to fruit occlusions"
247,yang2025hierarchical,C1,C1,,,C1,tetap,abstrak,Pencacahan buah hanya disebut pada judul; abstrak tidak melaporkan metrik hitung maupun referensi hitung. Mekanisme M4 disimpulkan dari SLAM dan peta 3D; teks lengkap tidak tersedia.,"this study proposes a three dimensional Scene Graph (3DSG)-based hierarchical mapping method for the dynamic monitoring of plant and fruit growth || The system is validated through simulations and real-world experiments, providing a quantitative evaluation of object pose estimation"
266,lu2025iot,C1,C1,C1,,C1,tetap,abstrak,"Putaran kedua benar pada mekanisme. Abstrak menyatakan asosiasi memakai metrik tumpang-tindih dan jarak kotak (Distance-generalized IoU) dengan gerbang serta wilayah hitung, yaitu M3; DeepSort hanya disebut sebagai pembanding, dan tidak ada penyebutan fitur penampilan atau re-ID yang mendukung M2.","We propose a Distance-generalized Intersection over Union association metric using a gating mechanism(DG-GM) and an AreaC counting strategy tailored to field intricate scenes. || our proposed method outperforms state-of-the-art detection models, as well as DeepSort-based counting methods in detection and counting"
276,zhou2024advancing,C1,C1,C1,,C1,tetap,abstrak,"Putaran kedua benar pada mekanisme. README repositori resmi yang dirujuk abstrak menyatakan metode dibangun di atas StrongSORT dan ByteTrack, dan contoh perintahnya memakai StrongSORT dengan bobot re-ID, sehingga menurut konvensi kodenya M2+M3, bukan M3 saja.","By utilizing tracking-by-detection algorithms, this system is able to trace multiple fruits from their first appearance to their final disappearance in real-time footage. || segregates and tallies each strawberry class, presenting multiclass counts to the users"
278,an2024stratracker,C1,C1,,,C1,tetap,judul,"Kode kelompok jelas dari judul (penghitungan dengan pelacakan multi-target). Rincian C1 tidak dapat diverifikasi: komponen penampilan (M2), hitungan per kelas ('growing strawberries' mungkin menyangkut tahap pertumbuhan), referensi hitung, dan metrik tidak diketahui; nilai 'tidak ada' berarti tidak diketahui, bukan dinyatakan tidak ada.",
284,yang2024automatic,C1,C1,,,C1,tetap,teks lengkap,"BoT-SORT versi dasar (tanpa ReID) dipakai sebagai M3; M2 berasal dari pencocokan ulang SURF+VLAD yang ditambahkan penulis. Nilai acuan berasal dari anotasi video dataset publik (Villacres dkk.), disebut penulis sebagai nilai hitung manual.","each apple in the video is given a different ID value, and the maximum ID value corresponds to the number of apples in the video || we add the VLAD module after the first and second IoU-based matching"
286,hernandez2024multi,C1,C1,C1,,C1,tetap,abstrak (web),"Putaran kedua benar pada mekanisme. Putaran pertama hanya membaca judul, sedangkan parafrasa abstrak menyatakan bahwa posisi global target diestimasi dengan LoFTR dan dipakai untuk mengasosiasikan kembali target yang keluar lalu masuk bidang pandang. Hal itu adalah relokalisasi berbasis posisi di atas pelacak, sehingga kodenya M3+M4 menurut konvensi.",[parafrasa web] Kerangka pelacakan multiobjek untuk pertanian mengestimasi posisi global dalam koordinat piksel memakai transformer pencocokan fitur lokal LoFTR. || [parafrasa web] Pelacak mutakhir ditambah strategi asosiasi berbasis informasi spasial target yang keluar dan kembali ke bidang pandang kamera.
288,nenavath2024tree,C1,C1,,,C1,tetap,teks lengkap,"Hitungan delapan bingkai dijumlahkan; duplikat dicegah lewat pemilihan bingkai dan pengurangan kelas deteksi 'Corner-Mango' (Pers. 5 tidak terbaca di teks), tanpa pencocokan buah antarbingkai, sehingga dikodekan M0. Naskah menyebut SORT/DeepSORT di bagian metode, tetapi hasil yang dilaporkan berasal dari delapan bingkai diskret, bukan pelacakan. Kelas Hidden/Mango/Corner hanya ditampilkan untuk satu bingkai (Gambar 4), bukan hitungan per kelas pada hasil.","We strategically selected representative frames from the different segments by capturing a 360-degree video around the tree and splitting it into individual frames to avoid double counting. || At the corner, mangoes will counted twice; to avoid this problem, we used an eight-sided model (Eq. (5))."
295,santos2024multiple,C1,C1,,,C1,tetap,abstrak (web),"Bukti berasal dari abstrak pracetak arXiv, bukan versi jurnal. Regresi hasil dengan jaringan saraf bersifat koreksi statistik atas hitungan (mirip M1), tetapi duplikat dihapus oleh pelacakan dan relokalisasi 3D. Metrik identitas diduga dari adanya dataset pelacakan MOrangeT; abstrak tidak menyebut nama metriknya. C2 tidak sepenuhnya cocok; dicantumkan hanya karena estimasi hasil.","[parafrasa web] Abstrak arXiv: inter-frame association techniques are applied to track the fruits across frames; a relocalization component employs 3-D estimation of fruit locations for occluded and re-appeared fruit. || [parafrasa web] Abstrak arXiv: with at least 30% of the fruit detected, tracked and counted, the yield regressor achieves a coefficient of determination of 0.85; manual fruit counting is the reference."
296,villacres2024assessing,C1,C1,C1,,C1,tetap,abstrak (web),"Nilai mekanisme putaran pertama (M0) dipertahankan. Abstrak dari Europe PMC tidak menyatakan cara mengaitkan buah yang sama antarkamera, dan putaran kedua sendiri menyebut M4 sebagai dugaan dari susunan kamera berposisi tetap. Karena bukti yang dapat diakses tidak mendukung M4 secara positif, perubahan tidak dilakukan sampai teks lengkap dibaca.","a single camera whose optical axis was perpendicular to the canopy could detect up to 88.3% of the fruits detected by four cameras. || four cameras were employed; the first was oriented normally to the fruit canopy, while three others maintained a fixed position relative to the first but with variable orientation."
297,wang2024slam,C1,C1,,,C1,tetap,abstrak (web),"Abstrak verbatim tidak diperoleh. Acuan hitungan dan angka metrik tidak diketahui; 'tidak ada' berarti tidak dinyatakan pada sumber yang terbaca, bukan pasti tidak ada. Penghapusan duplikat disimpulkan dari posisi buah pada kerangka koordinat bersama.","[parafrasa web] Sistem menggabungkan secara erat pengukuran mentah GNSS dwifrekuensi dan data visual-inersial untuk mengestimasi posisi dan radius buah naga, lalu hasil rumah kaca. || [parafrasa web] Sistem memberi estimasi hasil buah naga yang waktu nyata, tidak berulang (non-repetitive), dan sedikit terlewat."
302,narendran2024palm,C3,C3,,,C3,tetap,judul,"Abstrak tidak ditemukan. Judul tidak menyatakan apakah pencacahan memakai citra atau sensor IoT nonpencitraan; bila bukan sensor pencitraan, kode yang tepat adalah X dengan alasan E6. Modalitas RGB adalah dugaan.",
308,supcik2024predicting,X E3,X E3,,,X E3,tetap,abstrak,"Hasil panen dimodelkan dari morfologi kanopi (ketebalan, penampang sisi, volume, luas permukaan) pada model 3D UAV; buah tidak dideteksi.","This study’s main goals were to gather canopy morphology data using a sophisticated 3D model and assess how well different morphology characteristics predicted yield results. || According to the study, the best combination for predicting grape production was the side section and thickness."
311,arizasentis2024grapemots,C1,C1,,,C1,tetap,teks lengkap,Makalah data tanpa metode asosiasi dan tanpa evaluasi; anotasi identitas tandan tersedia sebagai kebenaran dasar pelacakan.,The same ID was maintained for grape bunches seen from different perspectives to enhance Object Tracking. || A total of 11 vineyard videos were annotated using CVAT software in MOTS style for grape bunch Detection and Tracking.
312,tu2024passion,C1,C1,,,C1,tetap,abstrak (web),Kutipan verbatim dari abstrak di halaman Springer. DeepSORT dikodekan M2+M3 sesuai konvensi. Abstrak tidak menyatakan apakah hitungan manual dilakukan pada video atau di kebun; ditafsirkan sebagai hitungan manual pada video uji (anotasi).,"the information obtained from the detection model is input into improved DeepSORT for continuous frame tracking of passion fruit || to overcome the problem of repetitive counting, a specific tracking counting method based on the track information and state is used for accurate passion fruit counting"
314,yuan2024simultaneous,C1,C1,,,C1,tetap,teks lengkap,Buah dihitung satu kali di peta awan titik semantik hasil VINS-RGBD (RGB-D + IMU) melalui penyaringan kondisional dan pencocokan bola RANSAC; tidak ada pelacakan per buah. Sumber menyebut 'actual number of fruits' tanpa merinci cara penghitungannya; ditafsirkan sebagai hitung manual pada tanaman. Segmentasi juga dinilai dengan mIoU (bukan metrik deteksi mAP/F1).,"Utilizing simultaneous localization and mapping (SLAM) technology for the three-dimensional reconstruction of crops allows for an intuitive understanding of their growth status and facilitates yield estimation. || Furthermore, yield estimation is conducted using conditional filtering and RANSAC spherical fitting."
319,safre2024advanced,C1,C1,,,C1,tetap,abstrak (web),Mekanisme mengikuti konvensi DeepSORT (M2+M3). Akuisisi video disimpulkan dari pemakaian pelacak; abstrak tidak menyebut cara akuisisi maupun pembanding hitungan. Metode pertama (tank change tracking) bukan pencitraan.,"The second method employs computer vision, specifically YOLOv8 and DeepSORT, to count the number of cherries tree-1. || YOLOV8n achieved 94% mAP50 [...] and 60% mAP50-95 [...] after 20 min of training, while YOLOv8x achieved 96% mAP50 and 67% mAP50-95"
322,ashokan2024fruit,C1,C1,,,C1,tetap,abstrak,"DeepSORT dikodekan M2+M3 menurut konvensi. Abstrak tidak memuat metrik maupun pembanding hitungan, sehingga referensi_hitung dan tingkat_metrik diisi 'tidak ada' berdasarkan abstrak saja; jenis buah tidak disebut.",Fruit yield estimation is performed on video footage in which fruits are detected and tracked in each frame of the input video. || DeepSORT algorithm is used for tracking the fruits.
324,nie2024uavec,X E3,C2,C2,disanggah,X E3,sengketa,abstrak (web),"Putaran 2 benar pada grup, tetapi dengan bukti yang baru diperoleh. Parafrasa abstrak dari web menyatakan bahwa estimasi hasil dibangun dari citra UAV kebun jujube dengan model deteksi yang dievaluasi (akurasi deteksi rata-rata dan galat relatif), sehingga hasil tidak dimodelkan tanpa deteksi dan E3 dari putaran 1 (berdasarkan judul saja) tidak berlaku. Keyakinan rendah karena buktinya parafrasa.","[parafrasa web] The framework uses different UAV devices at edge terminals to collect distributed images of different jujube orchards, and the model is trained securely with federated learning and blockchain. || [parafrasa web] As the number of participating nodes increases, the average detection accuracy improves, with an 8.06% improvement when training with 60 nodes compared to 6 nodes."
325,wang2024camellia,C1,X E7,C1,,C1,tetap,abstrak (web),"Putaran pertama benar pada grup: menurut aturan operasional a, rekaman dengan judul dan abstrak berbahasa Inggris tetap layak, sehingga E7 dari putaran kedua tidak berlaku. Putaran kedua benar pada mekanisme: abstrak bahasa Inggris di laman jurnal menyebut DeepSORT, yang menurut konvensi dikodekan M2+M3.","[parafrasa web] Dynamic counting draws on the multi-target tracking idea of DeepSORT algorithm, and took the recognition output of COF-YOLO v8n as the input of DeepSORT to realize the recognition and counting of Camellia oleifera fruits || [parafrasa web] The P, R and mAP of the improved COF-YOLO v8n network reached 97.7%, 97% and 99% respectively"
331,viveros2024maturity,C1,C1,C1,,C1,tetap,teks lengkap,"Putaran kedua benar pada per_kelas. Teks lengkap hanya melaporkan FP, FN, IDS, dan MOTA per video (Tabel 6) dan tidak memuat jumlah buah per kelas kematangan; makalah menyatakan bahwa tujuan pelacakan adalah menghitung paprika tanpa memperhatikan tingkat kematangan. Karena hitungan per kelas tidak ada, C4 tidak dicantumkan sebagai juga_cocok.","its primary goal was to count the peppers, regardless of potential inaccuracies in determining their maturity level. || First, we use the DeepSORT method to find suitable tracks based on their movement and appearance."
334,zheng2024robust,C1,C2,C1,,C1,perlu manusia,judul,"Tidak ada putaran yang dapat dibuktikan benar: abstrak tidak tersedia di semua sumber yang dicoba, dan judul tidak menyatakan apakah pencacahan memakai pelacakan video (C1) atau citra tunggal (C2). Sesuai aturan bukti, nilai putaran pertama (C1) dipertahankan dan rekaman ditandai perlu diperiksa manusia.",
335,sekharamantry2024seamless,C1,C1,,,C1,tetap,teks lengkap,"ByteTrack dipakai tanpa ReID (dinyatakan di Diskusi), sehingga M3; DeepSORT hanya pembanding. Hitungan manual dilakukan pada sekuens video, bukan di pohon. Kedalaman dari kamera stereo ditampilkan per apel tetapi tidak dievaluasi, sehingga C5 tidak dicantumkan. MOTA didefinisikan tetapi nilainya tidak dilaporkan.","a reliable method is to use an object tracking mechanism to follow each apple during the course of the video until the counter is incremented || ByteTrack tracked the apples between frames solely by predicting their movements, using bounding boxes that were computed using the Kalman filter, eliminating the need for ReID"
336,qi2024improved,C1,C1,,,C1,tetap,judul,"Kode kelompok C1 jelas dari judul (tracking-by-detection untuk estimasi hasil). Rincian mekanisme (M3 atau M2+M3), per_kelas, pembanding hitungan, dan metrik adalah dugaan dari judul dan perlu teks lengkap.",
338,feng2024approach,C1,C1,C1,,C1,tetap,teks lengkap,"Putaran kedua benar pada mekanisme. Teks lengkap menyatakan secara eksplisit bahwa pelacaknya DeepSORT dengan fitur penampilan Re-ID dan cascade matching, yang ditambah two stages life filter; menurut konvensi, DeepSORT dikode M2+M3. Putaran pertama hanya membaca abstrak yang menyebut Kalman filter dan algoritma Hungarian sehingga memberi M3.","The citrus tracking and counting method based on YOLOv7-tiny and DeepSORT proposed in this paper || the DeepSORT algorithm [18] added Re-ID appearance features, reducing ID switches by 45% after applying the deep association metric to targets"
340,ishizuka2024eggplant,C1,C1,C1,,C1,tetap,abstrak,"Kedua putaran sepakat pada C1 dan M3 karena abstrak menyebut model pelacakan objek. Untuk komponen M4, abstrak hanya menyatakan bahwa prinsip paralaks gerak dipakai untuk mencegah hitung ganda per guludan; paralaks gerak adalah isyarat geometris (kedalaman relatif dari gerak kamera), tetapi abstrak tidak menjelaskan penerapannya, sehingga bukti yang dapat diakses tidak mendukung secara positif penghapusan M4 yang diusulkan putaran kedua. Sesuai aturan bukti, nilai putaran pertama M3+M4 dipertahankan dan grup tidak berubah.",we propose a method for accurately counting the number of eggplants in an agricultural greenhouse by using an object detection model and an object tracking model || Our method utilizes the principle of motion parallax to prevent double counting and ensure accurate counts of each ridge
341,meyer2024fruitnerf,C1,C1,,,C1,tetap,abstrak,Akuisisi dikodekan D karena masukannya himpunan citra berpose tak berurutan; cara perekaman di lapangan tidak dinyatakan di abstrak. Referensi anotasi merujuk pada lokasi buah acuan pada dataset benchmark dan data sintetis. Abstrak tidak memuat angka hasil.,"Our framework takes an unordered set of posed images captured by a monocular camera and segments fruit in each image. || By applying cascaded clustering on the extracted point cloud, our approach achieves precise fruit count."
344,garderes2024apple,C1,C1,C1,,C1,tetap,abstrak,"Putaran kedua benar pada mekanisme. Abstrak menyebut StrongSort sebagai salah satu dari tiga pelacak yang diuji, dan menurut konvensi StrongSORT dikode M2+M3, sehingga M2 ditambahkan pada M1 (regresi linear) dan M3 (ByteTrack, OCSort) yang sudah dikode putaran pertama. Penghapus duplikat tetap M3 karena pelacak terbaik adalah OCSort.","Three tracking algorithms (StrongSort, ByteTrack and OCSort) were tested using the trained models and labeled video datasets. || two fitting models based on linear regression were evaluated in order to minimize prediction errors"
347,chang2024deep,X E2,X E2,,,X E2,tetap,abstrak,Pemilahan buah lepas panen di atas konveyor; bukan buah di pohon dan bukan sawit.,"Deep learning models predict the fruit grade, and the system's conveyor belt sort the fruits into baskets based on their grade. || The primary objective of this research paper is to establish a real-time, non-destructive system that automates fruit segmentation, grading and classification."
357,pai2024maturity,C1,C1,,,C1,tetap,abstrak,"Abstrak tidak menyebut nama pelacak, sehingga dikodekan M3 (tidak diketahui ada tidaknya modul re-ID). Abstrak juga tidak menyebut acuan cacah maupun metrik; referensi_hitung dan tingkat_metrik diisi 'tidak ada' atas dasar itu dan perlu diperiksa pada teks lengkap. C5 hanya cocok bila deteksi dengan citra multispektral dievaluasi.","The tomatoes are identified using object detection and tracking networks, followed by ripeness classification into the categories “mature”, “almost mature” and “immature”. || the image sequence is used to detect tomatoes, and assign an ID to each of them"
359,zhang2024stablesort,C1,C1,,,C1,tetap,abstrak,"Abstrak tidak menyebut apakah pelacak memakai fitur penampilan (re-ID), sehingga dikodekan M3 saja. Abstrak menyebut akurasi hitung tetapi hanya melaporkan MOTA; angka galat hitung dan pembanding hitungan tidak dinyatakan (referensi anotasi disimpulkan dari MOTA).","this paper proposes a tracking algorithm integrated with a camera motion compensation module || This module applies image rotation, scaling, and translation parameters to the tracking algorithm, enhancing its performance and counting accuracy in vibrated scenes."
361,ahmedtaristizabal2024field,C1,C1,C1,,C1,tetap,abstrak,"Putaran kedua benar bahwa pelacak SiamFC yang disebut abstrak bekerja dengan kemiripan penampilan antarframe berurutan, sehingga M2 ditambahkan pada M3. Putaran pertama benar bahwa ada langkah kalibrasi empiris (bobot tandan dari distribusi terkalibrasi) di atas pelacakan, sehingga M1 dipertahankan karena tidak ada bukti yang menolaknya. Nilai akhir adalah M1+M2+M3.",a SiamFC-based tracking mechanism is employed to estimate the number of unique bunches per panel or row || Bunch weight estimates are obtained by summing samples randomly drawn from the grape bunch weight distribution through empirical calibration.
363,ahmad2024enabling,C1,C2,C1,,C1,tetap,abstrak,"Abstrak tidak dapat memutuskan sengketa grup: masukan berupa aliran video UAV dengan bingkai yang saling tumpang-tindih mendukung pengodean putaran pertama (C1 dengan M0), sedangkan tidak ada pernyataan positif bahwa hitungan dievaluasi per citra tunggal seperti yang disyaratkan C2. Putaran kedua sendiri mengakui bahwa kodenya bergantung pada teks lengkap yang tidak dapat diakses. Sesuai aturan bukti, nilai putaran pertama dipertahankan.","This paper presents an efficient processing pipeline to analyze video streams from consumer-grade UAVs on smartphones. || The object detector, being the most computationally expensive module, is invoked every nth frame due to video redundancy and the target platform’s limited resources."
365,matos2024tracking,C1,C1,C1,,C1,tetap,teks lengkap (web),"Putaran kedua benar pada mekanisme. Teks lengkap menunjukkan bahwa identitas ditetapkan dengan memproyeksikan ulang titik 3D buah (SfM dan peta kedalaman) ke setiap bingkai lalu penugasan Hungarian atas jumlah titik di dalam kotak deteksi, tanpa model gerak atau tumpang-tindih antarbingkai; penulis secara eksplisit menolak pelacakan 2D berbasis Kalman. Karena itu M3 tidak berlaku dan kodenya M4 saja.",we track the fruits across images by solving a sequence of linear assignment problems between labelled 3D points and the detections in each image || It counts how many re-projected 3D points from a given fruit fall inside the bounding box of a given 2D detection
367,muzaddid2024ntrack,C1,C1,,,C1,tetap,teks lengkap,"Reidentifikasi memakai lokasi relatif terhadap lintasan tetangga dalam koordinat citra, bukan deskriptor penampilan dan bukan kerangka 3D, sehingga dikodekan M3 saja. Naskah juga merilis dataset video TexCot22.",NTrack computes dense optical flow and utilizes particle filtering to guide each tracker. || we propose a relative location-based re-identification technique that can handle significant changes in appearance due to long-spanning occlusions.
368,penzel2024model,X E3,X E3,,,X E3,tetap,abstrak,"Kapasitas buah dimodelkan dari luas daun hasil LiDAR dan data cuaca; buah dihitung manual, tidak dideteksi dari citra. Halaman penerbit menunjukkan naskah berbahasa Jerman, sehingga E7 juga mungkin berlaku; bahasa teks lengkap tidak diperiksa langsung.","In der vorliegenden Arbeit wurde ein Ansatz entwickelt, um die Fruchtertragskapazität von allen Bäumen einer Anlage in Relation zu Blattfläche, Zielfruchtgröße und saisonaler Witterung zu modellieren. || Zur Validierung des Modells wurde die Fruchtanzahl an Einzelbäumen (n = 106) gezählt und die Fruchtgrößenverteilung baumweise bestimmt."
370,srinivasa2024enhancing,X E5,X E1,X E5,,X E5,tetap,abstrak,"Kedua putaran sepakat pada X. Abstrak menyebut penilaian mutu buah dan estimasi hasil pada kebun delima, sehingga tidak secara positif mendukung E1 (bukan buah di pohon); abstrak juga tidak menjelaskan objek yang diklasifikasikan dengan akurasi 95%. Karena bukti tidak dapat memastikan alasan, nilai putaran pertama (E5) dipertahankan.","The optical RGB camera contributes to crop management by analyzing vegetation indices, assessing fruit quality, and detecting weeds. || The thermal camera monitors plant health, yield estimation, fertilizer management, and irrigation mapping."
371,du2024green,C1,C1,,,C1,tetap,teks lengkap,"Acuan hitungan adalah jumlah target berlabel pada video (GT), bukan hitungan di tanaman. Kesimpulan naskah menulis ID switch turun dari 68 menjadi 28, sedangkan Tabel 6 mencatat 48 (sesuai penurunan 29,41%).","This algorithm associates identical fruits and allocates a distinct ID to each one throughout the video sequence. Ultimately, the counting of green peppers is achieved by tallying the unique IDs || The DeepSort multi-target tracking algorithm comprises four key components: the Kalman filter algorithm (Li et al., 2015), the Hungarian algorithm, the Reid model, and Cascade matching"
372,zhou2024utilizing,C1,C1,,,C1,tetap,abstrak,Abstrak tidak menyebut cara akuisisi (video atau foto diskret mengelilingi pohon) maupun sumber hitungan acuan; akuisisi D dan referensi pohon adalah dugaan dari konteks penghitungan per pohon.,"This study proposes the integration of 2D detection techniques with 3D reconstruction technologies, utilizing Rays in Neural Radiance Fields(NeRF) to overcome these challenges || combined with NVIDIA's instant-ngp for swift NeRF reconstruction, and further refined by data clustering via the DBSCAN algorithm"
376,kang2024real,C1,C1,C1,,C1,tetap,abstrak,"Putaran 2 benar pada mekanisme. Abstrak menyatakan FairMOT termasuk pelacak yang dipadukan dan dievaluasi untuk pencacahan buah, dan menurut konvensi FairMOT berkode M2+M3; Byte-Track dan Motpy berkode M3. Penghapus duplikat utama tetap M3 karena hasil terbaik berasal dari Byte-Track.","we integrated state-of-the-art trackers such as Byte-Track, Motpy, and FairMot to enable fruit counting in video streams || the combination of YOLO-TGI-S and Byte-Track achieved the best R2 of 0.93 and the lowest RMSE of 9.17"
381,xia2024kiwifruit,C1,C1,,,C1,tetap,teks lengkap (web),"Seksi 2.1 menyebut gabungan YOLOv7 dan DeepSort, tetapi uraian pelacak hanya memuat filter Kalman dan pencocokan Hungarian berbasis jarak Euclid dan IoU tanpa fitur re-ID, sehingga dikode M3. Video diambil dari internet dan sebagian memperlihatkan konveyor sortasi; nomor halaman mengacu pada PDF versi penulis, bukan versi penerbit.",The KiwiTracker algorithm is from Kalman filtering and global matching for target tracking. || Hungarian algorithm is improved to match targets based on Euclidean distance and Intersection over Union (IoU) to reduce ID duplication and improve kiwifruit counting accuracy.
392,saraceni2024agrisort,C1,C1,,,C1,tetap,teks lengkap,"Pelacak berbasis gerak saja: Kalman filter dengan kompensasi gerak kamera (optical flow Lucas-Kanade, transformasi afin), IoU, dan algoritme Hungarian. Tidak ada hitungan tandan yang dilaporkan atau dibandingkan dengan acuan; evaluasi hanya metrik identitas terhadap anotasi MOT. Kamera RealSense D435i dipakai, tetapi depth tidak digunakan dalam metode.","a simple, online, real-time tracking-by-detection pipeline for precision agriculture based only on motion information || At the end we compute the IoU with the current detection to perform the association and update the state of the tracklets."
400,gremes2023system,C1,C1,,,C1,tetap,teks lengkap,"Asosiasi berupa pencocokan centroid antarbingkai (ambang 70 piksel) ditambah pelacak objek tunggal (Dlib, KCF, CSRT, MIL, Boosting, MedianFlow) selama paling lama 35 bingkai saat detektor gagal. Pelacak korelasi memakai templat penampakan, tetapi hanya sebagai pelacakan temporal jangka pendek tanpa re-identifikasi, sehingga dikode M3 dan bukan M2+M3. Acuan hitung adalah jumlah jeruk yang terlihat di video (208) yang dihitung manual, bukan hitungan di pohon. Tiga kelas dianotasi (hijau, matang, busuk) tetapi hitungan tidak dilaporkan per kelas. Metrik identitas (MOTA, IDF1) tidak dilaporkan; hanya jumlah hitungan ganda dan ID berulang.",this work aims to count green oranges directly from trees through video footage filmed in line along a row of orange trees on a plantation || The first uses the Euclidean distance between the centroids of the objects detected via YOLOv4 in subsequent frames to relate the IDs of the oranges of the previous frame
406,wu2023twice,C1,C1,,,C1,tetap,abstrak,"Abstrak tidak merinci isyarat yang dipakai mutual match dan secondary match (diduga posisi/gerak antarbingkai dengan batang sebagai acuan); bila memakai deskriptor penampilan, kodenya menjadi M2+M3. Asal 'ground truth counting results' (anotasi video atau hitung di pohon) tidak dinyatakan; diisi anotasi karena satuannya buah per video.",three sub-algorithms: i) object detection model based on You Only Look Once Version 4-tiny; ii) fruit tracking with mutual match; iii) and fruit counting with ID assignment || each fruit was assigned with a unique ID based on fruit tracking results and direction of camera motion
407,lawal2023simplified,C1,C1,,,C1,tetap,teks lengkap,"Naskah tidak menyebut nama pelacak maupun cara duplikat dihapus; M3 dikodekan menurut konvensi (pelacakan pada platform YOLOv8.0.40, sumber tidak menyatakan re-ID). Hitungan video tidak dibandingkan dengan acuan apa pun, sehingga tidak ada metrik galat hitung. Hitungan dilaporkan per jenis buah dari video terpisah, bukan per kelas kematangan atau ukuran, sehingga per_kelas N. Kontribusi utama naskah adalah arsitektur detektor; bagian pelacakan hanya demonstrasi.","recorded video of strawberry, jujube and cherry fruits saved in mp4 format were taken to investigate real-time detection speed, tracking and counting of detected fruit targets. || it was subjected to track, count and speed of detected targets fruit as displayed in Fig 4 and Table 4, and compared to YOLOv5n, YOLOv7-tiny, and YOLOv8n."
410,zhou2023remote,X E3,X E3,,,X E3,tetap,abstrak,"Yang dideteksi dari citra UAV adalah tanaman pitaya, bukan buah; hasil panen dimodelkan dari jumlah tanaman dan data hasil lapangan. E1 juga dapat dipakai sebagai alasan.","using the U-Net Deep Learning Model (DLM) to identify Pitaya plants, the accuracy reached 92.76% || the Pitaya yield estimation model was constructed based on the fruit yield data measured in the field for several periods"
411,zheng2023object,C1,C1,C1,,C1,tetap,abstrak,"Untuk mekanisme, putaran pertama dipertahankan: abstrak menyatakan jaringan FaceNet yang dimodifikasi menggabungkan citra dan posisi untuk menghitung jarak antarobjek, yaitu asosiasi terpelajar dengan informasi posisi (M4+M5), dan abstrak tidak cukup untuk menggantinya dengan M2. Untuk per_kelas, putaran kedua benar karena jumlah akhir objek unik dilaporkan dengan akurasi terpisah untuk bunga, buah mentah, dan buah matang.",an improved FaceNet model was proposed to combine the image and position information to calculate the feature distance between those objects || from which the final position and number of strawberry fruits and flowers were obtained
417,arizasentis2023object,C1,C1,C1,,C1,tetap,abstrak,"Putaran 2 benar pada mekanisme. Abstrak menyebut PointTrack sebagai pelacak, dan PointTrack mengasosiasikan instans dengan embedding penampakan terpelajar di samping kedekatan antarframe, sehingga menurut konvensi pelacak dengan fitur re-ID kodenya M2+M3, bukan M3 saja.",Multi-object tracking and segmentation (MOTS) is utilized in this study to determine the traits of individual white grape bunches and berries from RGB videos obtained from a UAV || PointTrack algorithm was used for detecting and tracking the grape bunches
421,rapadorincon2023development,C1,C1,C1,,C1,tetap,teks lengkap,"Putaran pertama dipertahankan pada akuisisi. Teks lengkap menunjukkan kamera bergerak mengelilingi tanaman pada lintasan setengah silinder dengan 100 sudut pandang berurutan per tanaman yang diproses langkah demi langkah oleh pelacak filter Kalman; ini sesuai definisi V (urutan citra dari kamera yang bergerak mengelilingi tanaman), bukan D yang berarti beberapa foto diskret. Fakta bahwa robot berhenti di tiap sudut pandang tidak cukup untuk mengubah kode menjadi D.","The dataset consisted of 700 images from 100 viewpoints of seven tomato plants recorded following a semi-cylindrical path || Starting from the first viewpoint, the robot stops at each viewpoint to collect the required data, and then moves to the next viewpoint."
422,lyu2023method,C1,X E7,,,C1,tetap,abstrak (web),"Artikel terbit di jurnal berbahasa Mandarin (laman dan abstrak penerbit berbahasa Mandarin), sehingga dikeluarkan dengan E7. Bila protokol menerima artikel berbahasa Mandarin dengan abstrak Inggris, kodenya C1 (M3, pelacakan video dan garis hitung). Pembanding hitungan tidak dinyatakan dalam abstrak; 'anotasi' adalah dugaan.","[parafrasa web] Metode mendeteksi anggur berbungkus dalam video dengan YOLOv5s, memindahkan NMS ke tahap pelacakan, menambah kompensasi gerak kamera dan filter Kalman pada ByteTrack, lalu menghitung dengan strategi garis. || [parafrasa web] MOTA, MOTP, dan IDF1 masing-masing 64,6%, 82,4%, dan 80,8%; akurasi hitung rata-rata 82,8%."
423,lin2023citrus,C1,C1,,,C1,tetap,teks lengkap,"Naskah menyebut MOTA sebagai 'counting accuracy'; tidak ada galat hitung terhadap jumlah buah acuan, sehingga tingkat metrik tidak memuat hitung. Acuan MOTA tidak dijelaskan dan diasumsikan anotasi video. Aturan pencacahan (garis atau jumlah ID) tidak dinyatakan.",The video to be detected is fed into the trained citrus fruit detection model as video frames for target detection and followed by feeding the detected target borders and image features into the DeepSort algorithm || Calculate the Mahalanobis distance and cosine distance between the prediction frame and the detection frame to derive the cost matrix and perform the Hungarian algorithm matching.
424,hu2023fruit,C1,C1,C1,,C1,tetap,teks lengkap,"Putaran kedua benar pada mekanisme. Teks lengkap (Seksi 2.4) menunjukkan bahwa metode usulan memadukan deskriptor penampilan SURF dengan jarak kosinus dan prediksi filter Kalman serta pencocokan IOU, sehingga kodenya M2+M3. Putaran pertama hanya membaca abstrak yang menyebut SORT dan Cascade-SORT tanpa komponen penampilan.","this study proposes a cascading multi-object tracking method using SURF appearance feature extraction method || For appearance similarity detection, we use the cosine distance as a metric."
428,zheng2023efficient,C1,C1,,,C1,tetap,abstrak,"DeepSORT dikodekan M2+M3 sesuai konvensi. Abstrak tidak menyebut acuan hitung; anotasi video diasumsikan. Penghitung koreksi bekerja di dalam proses pelacakan, bukan regresi terhadap hitungan acuan.",the DeepSort algorithm was used to assign a specific ID to each citrus fruit in the online UAV scene and track the fruits across video frames. || a nonuniform distributed counter was proposed to correct the fruit count during the tracking process
431,abeyrathna2023recognition,C1,C1,C1,,C1,tetap,teks lengkap,"Putaran kedua benar pada mekanisme. Teks lengkap menunjukkan bahwa asosiasi antarbingkai sepenuhnya dikerjakan Deep SORT (filter Kalman, algoritme Hungarian, dan fitur MobileNetV2) dengan garis hitung vertikal, sedangkan koordinat 3D dari kamera RGB-D hanya dibaca untuk tiap apel yang sudah terlacak dan dievaluasi sebagai galat jarak. Tidak ada asosiasi geometris, sehingga M4 dihapus dan lokalisasi 3D dicatat sebagai juga_cocok C5.",We used MobileNetV2 as a CNN in the Deep SORT algorithm to track the localization of detections. || The counting was performed after the detected apples passed through a vertical line.
433,shen2023real,C1,C1,,,C1,tetap,judul,"Kode kelompok ditetapkan dari judul yang secara eksplisit menyebut pelacakan dan pencacahan. Nama pelacak (dengan atau tanpa re-ID), acuan hitung, dan metrik tidak dapat dipastikan tanpa abstrak; M3 adalah kode minimum untuk pelacakan. referensi_hitung diisi ""tidak ada"" karena sumber yang terbaca tidak menyatakannya, bukan karena dipastikan tidak ada.",
434,shiddiq2023counting,C3,C1,,,C3,tetap,teks lengkap,"Kontribusi utama adalah pencacahan dengan pelacakan antarbingkai (centroid, ambang jarak 50 piksel), sehingga dikode C1 dengan C3 sebagai kode tambahan; bila pencacahan pascapanen di konveyor laboratorium dianggap bukan kajian multi-observasi, kodenya C3. Acuan hitungan adalah jumlah tandan sebenarnya di tiap video (hitung manual), dipetakan ke 'anotasi' karena tidak ada kategori yang lebih tepat. multipandang Y hanya dalam arti tandan yang sama muncul di banyak bingkai video dari satu kamera tetap.","The computer vision method was used for the counting process by detecting and tracking FFB images in video frames. || If in the next frame a centroid value of the object is found and has a close distance to the previously detected centroid, then the object is assumed to be the previously detected object."
438,ciarfuglia2023weakly,C1,C1,C1,,C1,tetap,teks lengkap,"Putaran kedua benar pada mekanisme. Seksi 2.6.3 dan Tabel 4 menunjukkan bahwa selain pelacak berbasis SfM (M4), makalah juga mengevaluasi DeepSORT untuk estimasi jumlah tandan, dan menurut konvensi DeepSORT dikodekan M2+M3. Putaran pertama hanya membaca abstrak yang tidak menyebut DeepSORT.","use geometrical correspondences extracted through epipolar geometry to associate grape instances in different frames of a video stream || we tested another detection based State-of-the-Art tracker, DeepSORT (Wojke et al., 2017), designed to work in real-time using a deep association metric"
440,vijayakumar2023tree,C1,C1,,,C1,tetap,abstrak,"Hitungan dua sisi pohon digabung melalui regresi terhadap panen tanpa identifikasi buah individual (M1); duplikat antarsisi tidak dihapus secara eksplisit. Model terbaik justru memakai satu sisi, sehingga C2 juga cocok.",Model-3 utilized UAV imagery and ground-based fruit detection and counts from images taken from two sides of the tree || Harvest data was collected manually per tree (fruit count and weight).
445,arizasentis2023dataset,C1,C1,,,C1,tetap,teks lengkap,Makalah data tanpa metode asosiasi; tidak ada hitungan lapangan sebagai acuan. Setiap penerbangan hanya merekam satu sisi baris.,"The dataset was gathered and labelled to train object detection and tracking algorithms for grape bunch counting. || The MOTS annotations are temporally consistent, meaning that each grape cluster instance is consistent throughout the video sequence."
449,genemola2023video,C1,C1,,,C1,tetap,abstrak,"M2 berasal dari DeepSORT yang ikut dibandingkan; pelacak terbaik adalah ByteTrack (M3). Abstrak tidak menyebut acuan hitungan lapangan untuk MAPE dan R2 (hitungan di pohon atau panen); metrik identitas menyiratkan video beranotasi, sehingga hanya 'anotasi' yang dicantumkan. Akuisisi dilakukan pada dua tanggal, tetapi tiap tanggal dicacah terpisah (V, bukan T).","application of Multi-Object Tracking (MOT) algorithms to prevent double-counting || Three tracking methods, namely SORT, DeepSORT, and ByteTrack, are compared for fruit counting using the YOLOv5x object detector."
460,khokher2023early,X E1,X E1,,,X E1,tetap,abstrak,"Kasus batas: objek yang dicacah adalah perbungaan (bunga), bukan buah, sehingga menurut protokol dikeluarkan dengan E1. Bila perbungaan diperlakukan sebagai pendahulu tandan anggur, kajian ini memenuhi C1 (pencacahan dengan pelacakan pada video, divalidasi terhadap hitung manual dan panen). Abstrak tidak menyebut nama pelacak; 'deep learning techniques' dapat berarti ada fitur penampilan (M2), tetapi yang dapat dipastikan hanya M3.",This paper presents an approach to automatically count the inflorescence number at the phenological stage E-L 12 using RGB video data and demonstrates its use for estimating yield. || The detection results were fed to a tracking pipeline built using computer vision and deep learning techniques to generate numbers of inflorescences present in test videos.
461,zhou2023dynamic,C1,C1,C1,,C1,tetap,abstrak,"Putaran kedua benar pada mekanisme: abstrak menyebut StrongSORT sebagai pelacak, dan konvensi protokol menetapkan StrongSORT sebagai M2+M3 karena memakai fitur re-ID bersama Kalman filter dan pencocokan Hungarian. Putaran pertama hanya mengode M3.",The counting algorithm consists of two modules: StrongSORT tracking and DynCount. || Experimental results with ten videos showed that our approach achieved an average counting accuracy of 92.05%.
462,guo2023real,C1,X E7,C1,,C1,tetap,abstrak (web),"Putaran pertama benar pada grup: halaman jurnal memuat abstrak bahasa Inggris, sehingga menurut aturan a rekaman tetap layak dan E7 dari putaran kedua tidak berlaku. Putaran kedua benar pada mekanisme: abstrak menyebut DeepSort dengan fitur VGG16, filter Kalman, dan algoritma Hungaria, yang menurut konvensi adalah M2+M3.","the VGG16 network was introduced to extract the features of kiwifruit, and the Hungarian algorithm was used to complete the target matching of the before and after frames || the ID counting method based on YOLO v7+DeepSort tracking algorithm was used to realize kiwifruit yield estimation"
463,li2023blueberry,C1,C1,,,C1,tetap,abstrak,Abstrak tidak menyebut cara memperoleh jumlah acuan per tanaman; dikodekan pohon (hitung per tanaman) dan dapat berupa hitung panen.,"captures images of blueberry plants from three distinct views (top, left, and right) to ensure comprehensive coverage || Accounting for the overlapping information from the three views, we employ a regression model to estimate the total number of blueberries per plant"
464,villacres2023apple,C1,C1,C1,,C1,tetap,abstrak (web),"Putaran kedua benar pada mekanisme. Abstrak dari penelusuran web menyebut DeepSORT sebagai salah satu pelacak yang dibandingkan dan sebagai pelacak dengan galat hitung terendah, dan konvensi protokol mengodekan DeepSORT sebagai M2+M3. Putaran pertama hanya berdasar judul sehingga tidak melihat komponen penampilan itu.","[parafrasa web] Strategi pelacakan yang dievaluasi: Kalman Filter, Kernelized Correlation Filter, SORT, Multi Hypothesis Tracking, dan DeepSORT, pada basis data lebih dari 800.000 instans apel. || [parafrasa web] Dengan tahap deteksi pembelajaran mendalam, DeepSORT memperoleh galat hitung terendah, rata-rata 20,07% dan 31,52% untuk YOLOv5 dan Faster R-CNN."
467,daud2023detection,C3,C3,C3,,C3,tetap,teks lengkap (web),"Putaran kedua benar pada ketiga bidang. Teks lengkap menyatakan objek citra adalah brondolan di tanah dekat pangkal batang (lokasi TANAH), hitungan akhir diambil dari beberapa frame video pohon yang sama (multipandang Y), dan setiap pohon diberi kelas siap panen atau belum (per_kelas Y). Putaran pertama hanya berdasar judul.","a system is proposed to identify ready-to-harvest FFB automatically by counting loose fruitlets on the ground || After tracking for a predetermined number of frames ( n), a final count was made based on the highest counting frequency."
469,parico2023real,C1,C1,,,C1,tetap,abstrak (web),"Bab buku ini tampak sebagai terbitan ulang artikel Sensors 2021 berjudul sama (Parico dan Ahamed); bukti berasal dari parafrasa abstrak artikel tersebut, bukan dari bab buku. Deep SORT dikodekan M2+M3 sesuai konvensi. Akuisisi video dan referensi hitung dari anotasi video disimpulkan, tidak dinyatakan dalam parafrasa. Kemungkinan duplikat rekaman artikel 2021 perlu diperiksa.","[parafrasa web] The study aimed to produce a robust real-time pear fruit counter for mobile applications using only RGB data, YOLOv4 variants, and the multiple object-tracking algorithm Deep SORT. || [parafrasa web] Between the two methods of counting with Deep SORT, the unique ID method was found to be more reliable, with an F1count of 87.85%."
471,qureshi2023seeing,C1,C1,,,C1,tetap,teks lengkap (web),"Kode didasarkan pada pracetak arXiv (v1), bukan versi IROS; nomor halaman mengacu ke PDF arXiv. Akuisisi berupa 40 titik pandang stereo terencana per sisi dengan lengan UR5 (dikodekan D); dua sisi diselaraskan dengan papan Charuco.",The mapping process identifies the individual fruitlet at each scan point and then registers them into a 3D map as the arm scans the branch. || Each fruitlet is assigned a count id (Fig. 3f) and would merge with the fruitlet generated in the next iteration to avoid duplication.
472,zhang2023multi,X E5,C4,X E5,,X E5,tetap,abstrak,"Putaran 1 benar pada grup. Abstrak hanya melaporkan mAP, F1, dan proporsi true positive per tingkat kematangan pada citra tunggal RGB; pencacahan hanya disebut sebagai kegunaan dan tidak dievaluasi, sehingga menurut aturan b kajian ini X dengan E5, bukan C4.","The aggregation of total number of berries at all ripeness levels can also help estimate the crop-load for growers. || Overall, results of the test set (82 images) showed that YOLOv7-base was the best configuration with mean average precision (mAP) of 91.4% and F1-score of 0.86."
479,chakraborty2023integrated,X E5,C2,C2,disanggah,X E5,sengketa,abstrak,"Putaran kedua benar pada grup. Abstrak menyatakan bahwa kajian mengevaluasi kemampuan beberapa model (K-means, Hough Transform, YOLOv3) untuk mendeteksi dan mencacah jeruk yang bertumpang-tindih dalam kerangka pemantauan kebun dengan notifikasi hasil panen, sehingga alasan E5 (buah tidak dicacah) tidak sesuai. Tidak ada langkah lintas citra, sehingga kodenya C2.","we have conducted a comparative analysis of various machine learning models to evaluate their capacity to detect and count overlapped oranges within the dataset || focusing on real-time imaging of oranges, cloud-based storage, and the application of machine learning algorithms for automated monitoring and yield notifications to farmers"
495,tureckova2022slicing,C1,C1,C1,,C1,tetap,teks lengkap,"Putaran kedua benar pada mekanisme. Putaran pertama mengodekan M3 hanya dari judul, sedangkan teks lengkap menyatakan secara eksplisit bahwa metode ini menghindari pelacakan objek: potongan vertikal sempit tiap frame disusun menjadi satu panorama dan buah dihitung satu kali pada citra itu. Tidak ada asosiasi buah antarframe, sehingga kodenya M0.","A small vertical region directly in front of the camera is clipped out of each frame. Consequently, these clipped regions are stitched together, forming one wide picture of the whole row. || This image is used for tomato fruit counting, overcoming the need for object tracking or other processes to count the objects in a sequence of images/video frames."
497,lu2022swin,X E5,C2,C2,bertahan,C2,kelompok berubah,abstrak,"Putaran 2 benar. Abstrak melaporkan evaluasi hitungan tandan anggur terhadap acuan (R2 0,91 dan RMSE 2,4 tandan), sehingga syarat C2 pada aturan d terpenuhi dan E5 dari putaran 1 tidak berlaku.",Swin-T-YOLOv5 achieved an R2 of 0.91 and RMSE of 2.4 (number of grape bunches) compared with the ground truth on Chardonnay.
509,he2022cascade,C1,C1,C1,,C1,tetap,judul,"Kelompok C1 tidak dipersengketakan dan didukung judul. Pada mekanisme, parafrasa web putaran kedua (fitur penampilan, jarak Mahalanobis, dan IoU) tidak dapat diperiksa ulang karena abstrak tidak dapat diakses pada ajudikasi ini; judul hanya menyebut ""multiple features"" tanpa menyebut fitur penampilan. Sesuai aturan bukti, nilai putaran pertama M3 dipertahankan sampai teks lengkap dibaca.",Cascade-SORT: A robust fruit counting approach using multiple features cascade matching
521,ge2022tracking,C1,C1,C1,,C1,tetap,teks lengkap,"Putaran kedua benar pada per_kelas. Teks lengkap melaporkan mAP per kelas, tetapi bagian 4.3 hanya mendemonstrasikan pencacahan bunga tomat dengan garis hitung virtual dan tidak melaporkan hitungan per kelas apa pun. Putaran pertama menyimpulkan Y dari frasa 'different growth periods' pada abstrak.",Our method achieves the function of tracking and counting tomato flowers in complex agricultural scenarios. We calculate the objects that hit the line by setting a virtual counting statistic line. || The cosine distance is used to measure the apparent features of the track and the apparent features corresponding to the detection to predict the ID more accurately.
522,gao2022novel,C1,C1,,,C1,tetap,judul,"Keputusan hanya dari judul; judul cukup jelas (pencacahan dengan pelacakan). Sumber sekunder (tinjauan pustaka du2024green dalam paket ini) menyebut YOLOv4-tiny + CSR-DCF dengan akurasi hitung 91,49%, tetapi angka itu tidak diverifikasi pada naskah asli. Acuan hitungan dan metrik tidak diketahui; tingkat_metrik hitung adalah dugaan dari judul.",
525,zhu2022identification,C1,C1,,,C1,tetap,abstrak (web),"Jurnal berbahasa Tionghoa dengan abstrak Inggris; teks lengkap kemungkinan tidak berbahasa Inggris sehingga E7 dapat berlaku. Kode diberikan berdasarkan isi. Tanaman pot di dalam ruangan, buah tetap di tanaman. Duplikat hilang karena point cloud multi-sudut diregistrasi sebelum segmentasi buah.","使用RGB-D相机采集植物多角度点云数据并进行背景去除和去噪处理 || 采用点到面的迭代最近点（Iterative closest point, ICP）算法完成精配准得到完整点云"
533,xia2022culling,C1,C1,C1,,C1,tetap,teks lengkap,"Putaran kedua benar pada mekanisme. Teks lengkap menunjukkan bahwa pasangan potongan citra digabung lalu dimasukkan ke jaringan konvolusi yang dilatih dengan 3.066 pasangan apel dan 6.028 pasangan jeruk untuk mengeluarkan skor kemiripan, kemudian diputuskan dengan penugasan Kuhn-Munkres. Jaringan itu dilatih untuk memutuskan korespondensi (M5) atas dasar penampilan (M2), sehingga M2 saja dari putaran pertama tidak lengkap.",Each pair of input patches would be resized to 94 × 94 pixels and concatenated before input to the matching layer. || The fruit matching model was trained from scratch in mini-batches of a size of 16 with a constant learning rate of 0.0005 for 300 epochs.
535,zhang2022deep,C1,C1,C1,,C1,tetap,teks lengkap (web),"Putaran kedua benar pada mekanisme. Abstrak dan teks lengkap menggambarkan OrangeSort sebagai pelacak berbasis estimasi perpindahan gerak dengan wilayah hitung, filter Kalman, dan pencocokan Hungarian; tidak ada deskriptor penampilan atau modul re-ID. DeepSort hanya dipakai sebagai pembanding, sehingga M2 dari putaran pertama tidak didukung.","A specific tracking region counting strategy and tracking algorithm based on motion displacement estimation were established. || The proposed method showed better performance (Mean Absolute Error (MAE) = 0.081, Standard Deviation (SD) = 0.08) than video-based manual counting"
538,qiu20223d,X E1,X E1,,,X E1,tetap,abstrak,Objek ukur adalah batang dan cabang pohon apel dari awan titik LiDAR; buah tidak dideteksi maupun dicacah. Beban buah hanya disebut sebagai kegunaan lanjutan.,The goal of this study was to develop a 3D point cloud-based approach for apple tree segmentation and architecture characterization || Tree height and trunk diameter were estimated based on the geometric information of the tree trunk
540,marangoz2022fruit,C1,C1,C1,,C1,tetap,teks lengkap,"Putaran kedua benar untuk akuisisi: teks lengkap menyatakan bahwa perencana viewpoint merencanakan viewpoint diskret sehingga pelacakan kontinu antarframe tidak dapat dilakukan, dan pose diambil dari umpan balik lengan robot. Hal itu sesuai dengan D (beberapa posisi tetap terhadap tanaman yang sama), bukan V (video dari kamera yang bergerak), yang diberikan putaran pertama berdasarkan abstrak saja.","as the viewpoint planner used in our previous approach [8] plans discrete viewpoints for maximising information gain, KinFu cannot perform continuous tracking and registration || We disable ICP tracking feature of voxblox and utilize position feedbacks from the robot arm."
543,zhang2022yield,C1,C1,C1,,C1,tetap,teks lengkap,"Putaran kedua benar pada per_kelas. Teks lengkap melaporkan hitungan total per pohon dan galat hasil per kebun (Tabel 5 dan 6), sedangkan kelas matang dan belum matang hanya dievaluasi melalui F1 klasifikasi tanpa hitungan per kelas. Mekanisme M1 dan akuisisi D dari kedua putaran terkonfirmasi oleh persamaan Ntotal = r(Nfront + Nback).","For each tree, one image was taken at its front side and another image was taken at its backside || The correlation factor was calculated as a ratio of the sum of manually counted fruits per tree in the real environment to that from images of both sides"
549,wang2022research,C1,C1,,,C1,tetap,abstrak,Abstrak tidak menyebut acuan hitungan; 'anotasi' diasumsikan dari dataset yang dibangun penulis.,"the apples’ position in next frame is estimated according to the optical flow calculated from FlowNet2 model. Then, the predicted position and detected position is matched by the Hungarian algorithm. || achieve an accuracy of 90.39% in apple yield estimation"
551,daud2022loose,C3,C3,,,C3,tetap,abstrak,"Yang dilacak adalah grabber, bukan tandan; tidak ada asosiasi tandan yang sama antarcitra sehingga tidak dikodekan C1. Tugas mencakup DET, HIT, dan LF; dipilih HIT. Lokasi tidak dinyatakan tegas; TANAH disimpulkan dari konteks panen dan brondolan. Abstrak hanya melaporkan akurasi deteksi, bukan galat hitung.","we proposed a method that able to detect and count the FFB and LF production automatically || It would then track the grabber until overlaps with the FFB location. Then, the system would add the FFB to the count module."
555,dai2022tracking,C1,C1,C1,,C1,tetap,abstrak (web),"Putaran kedua benar pada mekanisme. Abstrak di halaman Springer menyatakan bahwa posisi tomat dilacak antarcitra dengan informasi perpindahan spasial robot dan penyaringan kedalaman 3D, yaitu pelacakan yang digabung dengan pencocokan posisi berbasis odometri dan depth (M3+M4), sedangkan putaran pertama hanya berdasar judul.","tracks the position of tomatoes in the image by the spatial displacement information of the robot, while 3D depth filtering can effectively avoid the interference of background tomatoes on the counting || the accuracy rates of bunch and single fruit counting were higher than 84% and 86% respectively"
572,gao2021apple,C1,C1,,,C1,tetap,abstrak (web),"Acuan hitung disebut 'manual observation' pada 10 video; ditafsirkan sebagai hitungan manual pada video (anotasi), bukan hitungan di pohon. Kamera Realsense D435 dipakai, tetapi abstrak tidak menyebut pemakaian depth. Bahasa teks lengkap kemungkinan Mandarin dengan abstrak Inggris.",This study proposed a fruit counting method based on a lightweight YOLOv4-tiny network and Kalman filter algorithm toward this end. || all predicted and detected apples in the subsequent frame would be optimally matched based on the Hungarian algorithm of the Euclidean distance and Intersection over Union (IoU).
577,osman2021yield,C1,C1,,,C1,tetap,teks lengkap,"DeepSORT termodifikasi: asosiasi utama memakai jarak kosinus fitur tampilan (ResNet18) dengan algoritma Hungarian, pencocokan IoU sebagai cadangan, dan filter Kalman; buah dihitung saat lintasan terkonfirmasi. Referensi hitung disebut ""performed manually by a human"" tanpa menjelaskan apakah di pohon atau pada video; dikodekan anotasi. Tidak ada metrik identitas (MOTA/IDF1).","we use the detection model within a tracking pipeline, which allows the system to keep track of detections across video frames and count new detections only once || The cost value in our context is the cosine distance between CNN features."
580,zineelabidine2021assigning,C1,C1,C1,,C1,tetap,teks lengkap,"Putaran pertama dipertahankan untuk akuisisi (S). Teks lengkap menunjukkan apel dicari langsung pada awan titik berwarna, dan awan itu direkonstruksi dari 364-382 foto per adegan dengan sudut pandang acak, sehingga nilai D (beberapa foto diskret dari posisi tetap) pada putaran kedua tidak didukung secara positif. Karena masukan tempat buah ditemukan adalah awan titik, kode S tetap berlaku dengan catatan bahwa sensornya kamera dan bukan pemindai laser.",The viewpoints and viewing angles (i.e. camera positions and orientations) were randomly chosen to get visual information covering the entire scene. || We employ a color-based apple detection algorithm to locate the apples in the harvest point cloud
581,anderson2021estimation,C1,C1,C1,,C1,tetap,teks lengkap,"Putaran kedua benar pada kedua bidang. Teks lengkap menyatakan video 10 fps dari kendaraan yang berjalan di antara baris dan pelacakan buah antarframe dengan Kalman filter (M3, akuisisi V), sedangkan putaran pertama hanya menangkap koreksi statistik. M1 tetap dipertahankan karena varian MV-CAL memakai faktor oklusi dari hitungan manual pohon kalibrasi.","In the multi-view method, video was acquired at 10 fps. A Kalman ﬁlter was adopted to track the fruit across a sequence of frames, following the procedures of [2,9]. || The fruit was added to the count when the fruit did not reappear in seven subsequent frames."
592,parico2021real,C1,C1,,,C1,tetap,teks lengkap,"Deep SORT dikodekan M2+M3 sesuai konvensi. Acuan hitung tidak dinyatakan tegas; TP/FP/FN hitungan dinilai pada video uji, sehingga diisi anotasi. Evaluasi hitung hanya pada satu video.","Deep SORT, in combination with YOLOv4, was implemented locally to track the pears in an unseen test mobile phone video of resolution 1080 × 1920, 32 s long || For the second method, the counts were based on the number of unique object IDs generated by Deep SORT’s tracking mechanism."
595,osman2021yieldb,C1,C1,,,C1,tetap,abstrak,"DeepSORT dikodekan M2+M3 sesuai konvensi; abstrak hanya menguraikan asosiasi berbasis jarak fitur tampilan, sehingga penghapus duplikat ditulis M2. Abstrak tidak menyebut acuan hitung maupun angka hasil.","We perform fruit counting on video footage by following a two-stage pipeline that consists of detecting the fruits, then tracking them frame-by-frame. || New detections are associated with old detections by comparing their features as a distance metric, where two objects with minimal distance are associated together."
601,itakura2021automatic,C1,C1,,,C1,tetap,abstrak,Abstrak tidak menyebut sumber hitungan acuan (hitung manual di pohon atau anotasi video); 'anotasi' adalah dugaan.,Pears and apples in videos recorded while walking were detected automatically using a deep-learning-based method referred to as YOLO. || The same fruits in the successive video frames were then identified using a Kalman filter.
602,torressanchez2021grape,C1,C1,C1,,C1,tetap,teks lengkap,"Putaran pertama dipertahankan untuk akuisisi. Teks lengkap menunjukkan bahwa anggur dideteksi pada awan titik, bukan pada citra, sehingga definisi S (awan titik sebagai masukan tempat buah ditemukan) terpenuhi. Nilai D dari putaran kedua tidak terdukung karena data berupa ratusan citra berurutan berinterval 1-2 detik sepanjang jalur terbang, bukan beberapa foto diskret per tanaman.",The nadir and oblique images were fed together in the software || The purpose of the algorithm is to detect the points corresponding to the grapes
606,boatswain2021machine,X E1,X E2,X E1,,X E1,tetap,abstrak,"Putaran pertama dipertahankan pada alasan. Objek kajian adalah umbi bawang merah yang dicitrakan di atas konveyor mesin panen di lahan, sehingga bukan buah pada tanaman (E1). E2 dari putaran kedua kurang tepat karena pencitraan berlangsung di lahan selama panen, bukan di fasilitas pascapanen atau laboratorium, dan bukti tidak mengharuskan penggantian alasan.","A machine vision-based yield monitor was designed to perform size categorization and continuous counting of shallots in-situ during the harvesting process. || Vegetables are first segmented using Watershed segmentation, detected on the conveyor, and then classified by size."
607,jaramillo2021low,X E1,C1,C1,disanggah,X E1,sengketa,teks lengkap (web),"Putaran kedua benar pada kelompok. Teks lengkap menunjukkan bahwa objek yang dideteksi, dilacak antarbingkai dengan KCF dan asosiasi IoU, lalu dihitung adalah tandan anggur, dan hitungannya dibandingkan dengan hitungan tandan saat panen; ini memenuhi C1 dengan mekanisme M3 ditambah kalibrasi linear M1. E1 pada putaran pertama hanya bertumpu pada kata prebloom di judul, bukan pada objek yang dihitung.","Detected objects were then tracked from frame to frame using a Kernelized Correlation Filter (Henriques et al., 2014) to prevent double counting. || These counts are then linearly calibrated using a subset of manually counted panels to help account for any occlusion or double counting that may occur in the computer vision pipeline."
614,zhang2021method,C1,C5,C5,disanggah,C1,sengketa,abstrak,"Putaran kedua benar pada grup. Abstrak secara positif memenuhi syarat C5 (kamera RGB-D, pencacahan buah di pohon dievaluasi dengan recall 87,74% dan presisi 78,15%), sedangkan tidak ada pernyataan tentang penggabungan beberapa pengamatan buah yang sama. Putaran pertama sendiri mengode akuisisi ""1"" (pandang tunggal), yang bertentangan dengan definisi C1.",Three-dimensional point clouds of pomegranate trees were obtained by an RGB-D camera || An agglomerative-divisive hierarchical clustering was used to count pomegranate fruit.
617,kirk2021robust,C1,C1,C1,,C1,tetap,abstrak (web),"Putaran kedua benar pada mekanisme: abstrak menyatakan sistem pelacakan multiobjek pada urutan citra dengan kepala re-identifikasi untuk menjaga konsistensi lintasan, sehingga kodenya M2+M3. Pada per_kelas, abstrak hanya melaporkan satu MAPE keseluruhan dan tidak menyatakan hitungan per kelas kematangan, sehingga bukti tidak cukup untuk mengubah nilai N dari putaran pertama.","We present a novel multi-object, multi-class fruit tracking system to count fruit from image sequences. || [parafrasa web] The network has a feature extractor stem and two heads for re-identification and maturity classification; both outputs are used to maintain track consistency."
623,gao2021appleb,C1,C1,,,C1,tetap,abstrak,"Asosiasi buah antarbingkai berasal dari perpindahan batang yang dilacak (gerak), sehingga dikodekan M3. Abstrak tidak menyatakan apakah hitungan manual dilakukan pada video atau di pohon; 'anotasi' adalah dugaan.",this study select tree trunk as the tracking target to obtain the displacement trajectories of all detected fruits || Combining the detected position information of the apple and the trunk with the displacement track obtained by tracking can establish the connection between the fruits in the video frame
625,aji2021automatic,C3,C1,,,C3,tetap,abstrak,"Objeknya tandan tidak terpipil (USB) di pabrik, bukan TBS di pohon; dimasukkan lewat pengecualian pabrik sawit. Abstrak tidak menyebut pembanding hitungan; 'anotasi' adalah dugaan. Akuisisi video disimpulkan dari adanya pelacak.",Our proposed automated USB counter system consists of an object detector built on the RCNN Faster architecture and an object tracker made in the euclidean distance. || Our proposed system identifies and counts USBs with an average accuracy of 71.5% in testing.
638,moreno2020evaluation,X E1,X E1,,,X E1,tetap,abstrak,"Objek yang diukur adalah volume cabang tanaman anggur dari awan titik Kinect v2; hasil panen hanya dikorelasikan dengan volume itu, tanpa deteksi buah. Alasan E3 juga dapat dipakai; E1 dipilih karena objek citra bukan buah.",an adaptable mobile platform was used for the acquisition of depth images for the non-destructive assessment of branch volume (pruning weight) and related to grape yield in vineyard crops || Correlations of Kinect branch volume with pruning weight (dry biomass) resulted in high coefficients of determination (R2 = 0.80).
640,serafino2020detection,C1,C1,,,C1,tetap,abstrak,"Abstrak tidak menyatakan apakah lemon direkam di pohon atau di atas konveyor mesin panen; bila di konveyor, rekaman ini seharusnya X dengan alasan E2. Mekanisme M3 disimpulkan dari pelacakan objek dengan penugasan Kuhn-Munkres pada video; referensi hitung adalah hitungan visual pada video.","automate the counting of lemons in real time during the harvesting process, using low processing vision equipment and low resolution cameras mounted on a lemon harvester || mathematical morphology and object tracking based on the Kuhn-Munkres algorithm"
649,genemola2020fuji,C1,C1,,,C1,tetap,abstrak,"Makalah data, sehingga mekanisme dikodekan DATA; rekonstruksi SfM (M4) ada pada artikel riset pendampingnya. Akuisisi D dipilih karena masukan berupa foto diskret untuk fotogrametri; abstrak menyebutnya 'motion sequence' sehingga V juga dapat dipertahankan. Abstrak tidak melaporkan metrik.",a set of 582 images defining a motion sequence of the scene which was used to generate the 3D model of 11 Fuji apple trees containing 1455 apples by using SfM || the 3D point cloud of the scanned scene with the corresponding apple positions ground truth in global coordinates
655,genemola2020lfuji,C1,C1,,,C1,tetap,abstrak,"Makalah data tanpa metode asosiasi; pohon yang sama dipindai berulang dari beberapa posisi sehingga memenuhi C1 (dataset multipandang). Pemindaian memakai LiDAR dengan RTK-GNSS, sehingga C5 juga cocok.","This article presents the LFuji-air dataset, which contains LiDAR based point clouds of 11 Fuji apples trees and the corresponding apples location ground truth. || A total of 8 scans per tree were performed, including scans from different LiDAR sensor positions (multi-view approach) and under different air flow conditions."
658,santos2020grape,C1,C1,C1,,C1,tetap,teks lengkap,"Putaran kedua benar pada mekanisme. Seksi 3.5 teks lengkap menunjukkan bahwa tautan antarbingkai dibentuk hanya dari titik 3-D SfM yang terproyeksi ke masker instans, lalu lintasan terpanjang dicari pada graf; tidak ada pelacak gerak, filter Kalman, atau tumpang-tindih antarbingkai. Kata ""tracking"" pada judul merujuk pada lintasan hasil asosiasi geometris itu, sehingga M3 tidak didukung dan kodenya M4.",there is a link between instances from two different frames if there is a three-dimensional point whose 2-D projections are contained in the masks associated to these instances || The number of paths is an estimation of the total number of grape clusters in the entire image sequence.
664,sun2020three,C1,C1,,,C1,tetap,abstrak,"Abstrak tidak menyebut sumber hitungan acuan boll; diduga hitungan manual di tanaman, sedangkan hasil serat berasal dari panen. Akuisisi multi-pandang dapat berupa video atau foto; dikodekan D.","Point clouds were reconstructed from multi-view images using the structure from motion algorithm. || The developed density-based clustering method could estimate boll counts for this situation, in which bolls were in direct contact with other bolls."
672,genemola2020fruit,C1,C1,,,C1,tetap,abstrak,"Pindaian LiDAR dari beberapa pandangan dan beberapa percobaan digabung, sehingga buah yang sama teramati lebih dari sekali; M4 (awan titik teregistrasi) disimpulkan dari sifat data, abstrak tidak merinci cara registrasi maupun penghapusan duplikat. Acuan cacah (""pohon"") tidak dinyatakan di abstrak dan perlu diperiksa pada teks lengkap.","tackling the problem from two different approaches: applying forced air flow by means of an air-assisted sprayer, and using multi-view sensing || The system was able to detect and localize more than 80% of the visible fruits, predict the yield with a root mean square error lower than 6%"
675,dong2020semantic,C1,C1,C1,,C1,tetap,teks lengkap,"Putaran kedua benar pada akuisisi. Teks lengkap menyatakan masukan berupa video RGB atau RGB-D dari kamera yang bergerak di sepanjang tiap sisi baris (dataset 873, 1.065, dan 831 citra pada 30 fps), bukan beberapa foto diskret, sehingga akuisisi adalah V. Mekanisme M4 dan angka Tabel 5 sesuai dengan teks.",The goal of our work is to use RGB or RGB-D videos to reconstruct a complete 3D model of tree rows || two sides of tree rows are captured separately by a moving camera or in a loop trajectory.
689,fawcett2019unmanned,X E1,X E1,,,X E1,tetap,abstrak,Objek kajian adalah tajuk dan tinggi batang pohon sawit dari awan titik SfM UAV; tidak ada pencitraan tandan buah.,"Derived canopy height models were used and evaluated for automated palm identification using local height maxima. || Metrics such as maximum canopy height and stem height, derived from segmented single palm point clouds were tested relative to ground validation data."
691,hadas2019apple,X E1,X E1,,,X E1,tetap,abstrak,"Objek kajian adalah pohon dan tajuk (jumlah pohon, luas tajuk, tinggi), bukan buah.","determining selected geometric parameters of trees in an apple orchard, based on a high-density point cloud obtained from a Velodyne HDL-32E laser scanner mounted on a small UAV platform || The developed approach allowed for the correct identification of 99% of the trees in the test orchard."
694,roy2019vision,C1,C1,C1,,C1,tetap,teks lengkap,"Putaran kedua benar pada mekanisme. Teks lengkap menunjukkan kotak klaster dipropagasi antarbingkai berurutan dengan homografi dan dicocokkan berdasarkan tumpang-tindih (M3), lalu hitungan dua sisi digabung melalui rekonstruksi fotogrametri yang disatukan (M4). Tidak ada faktor koreksi atau regresi terhadap hitungan acuan, sehingga M1 dari putaran pertama tidak didukung.","we model the camera motion between consecutive frames by pairwise homography || To merge counts from both sides, we utilize the 3D geometry of the environment. We reconstruct each side of the row using captured images."
699,liu2019monocular,C1,C1,,,C1,tetap,teks lengkap,"Pelacakan 2D (KLT, Kalman filter, Hungarian) menghapus duplikat antarbingkai; landmark 3D dari SfM semantik menghapus lacak ganda dan duplikat dua sisi baris melalui ambang kedalaman terhadap batang pohon.","The first results from observing the same fruit across consecutive images, which we address by tracking fruits in the 2D image plane. || converts 2D tracks of fruits and trunks into 3D landmarks, and uses these landmarks to identify double counting scenarios"
700,wang2019mango,C1,C1,,,C1,tetap,teks lengkap,"Duplikat antara dua sisi baris tidak diasosiasikan; hanya dikurangi dengan ambang ukuran kotak (lebar <12 px atau tinggi <15 px dibuang). Faktor koreksi terhadap panen (1,6) dilaporkan, tetapi bukan mekanisme asosiasi metode ini, sehingga M1 tidak dikodekan.","The Hungarian algorithm was used to correlate fruit between neighbouring frames, with the improvement of enabling multiple-to-one assignment. || The Kalman filter was used to predict the position of fruit in following frames, to avoid multiple counts of a single fruit that is obscured or otherwise not detected"
702,nellithimaru2019rols,C1,C1,,,C1,tetap,abstrak,"Abstrak tidak merinci cara penghapusan duplikat; M4 disimpulkan dari SLAM tingkat objek dan model 3D padat. Metrik yang dilaporkan adalah skor F1 terhadap hitungan acuan dari citra, sehingga tingkat metrik dapat pula dibaca sebagai hitung. Akuisisi V diasumsikan dari urutan citra stereo untuk SLAM.","Camera based Simultaneous Localization and Mapping (SLAM) in an agricultural field can be used by crop growers to count fruits and estimate yield. || We use images captured by a stereo camera and their 3D reconstruction to detect objects of interest and divide them into classes: grapes, leaves and branches."
705,bresilla2019single,X E5,C2,X E5,,X E5,tetap,teks lengkap (web),"Putaran pertama dipertahankan. Abstrak memang menyebut model koreksi hitungan, tetapi teks lengkap di web hanya melaporkan proporsi buah terlihat dari hitungan manual (85-95 %) dan rumus cropload, tanpa galat atau korelasi hitungan otomatis terhadap acuan; evaluasinya berupa metrik deteksi. Syarat C2 pada aturan d tidak terpenuhi secara positif, sehingga kode X dengan E5 tetap.","This architecture showed an accuracy of more than 90% fruit detection. || Based on correlation between number of visible fruits, detected fruits on one frame and the real number of fruits on one tree, a model was created to accommodate this error rate."
709,kicherer2019phenoliner,X E5,C5,X E5,,X E5,tetap,abstrak,"Nilai putaran pertama dipertahankan. Abstrak hanya mendeskripsikan platform dan sensornya serta tidak memuat evaluasi deteksi, lokalisasi, pengukuran, atau hitungan buah, sedangkan aturan c mensyaratkan evaluasi untuk C5. Putaran kedua sendiri berkeyakinan rendah dan mengakui bahwa syarat evaluasi tidak terbukti, sehingga bukti yang dapat diakses tidak mendukung perubahan grup.","The multi-camera system is used for the automated acquisition of coloured 3D data of multiple vine rows for the automated calculation of yield parameters that can be used for yield prediction. || The Phenoliner allows fast, robust, and precise screening of grapevines for several traits."
711,huang2019high,C1,C1,,,C1,tetap,abstrak,"Abstrak tidak menyebut cara penghapusan duplikat, acuan hitungan, maupun metrik hitung. Tahap kematangan diperoleh, tetapi tidak jelas apakah hitungan dilaporkan per kelas, sehingga per_kelas N. Transformasi projektif antarframe dianggap bagian pelacakan (M3), bukan kerangka 3D bersama (M4).","An individual fruit tracking algorithm is applied throughout the video stream to perform tracking of multiple fruits || The online tracking algorithm includes feature matching, optical flow and projective transformation optimized by occlusion handling techniques"
717,jarvinen2019tree,C1,X E1,X E5,bertahan,X E5,kelompok berubah,abstrak,"Putaran kedua benar pada grup: abstrak menyatakan bahwa yang dilacak antarbingkai dan dievaluasi hanya posisi batang (semua batang terdeteksi, RMSE 15,6 piksel), sedangkan partisi antarpohon baru disebut cocok untuk dipadukan dengan sistem hitung buah. Tidak ada buah yang dihubungkan antarcitra dan tidak ada hasil hitung, sehingga syarat C1 tidak terpenuhi. Alasan eksklusi ditetapkan E5, bukan E1, karena detektor mengenali buah tetapi buah tidak dihitung maupun dievaluasi.",a multiple–object-tracking method was combined with known information about tree spacing to estimate the position of each trunk across video sequences || partitions between adjacent trees across each frame of the video sequences which are suitable for integration with a video-based fruit counting system
723,liu2018robust,C1,C1,,,C1,tetap,abstrak,"Pelacakan (KLT + Kalman + Hungarian) menghasilkan hitungan awal; lokalisasi 3D dengan SfM menghapus jejak yang terhitung ganda dan buah di luar baris. Angka hasil diambil dari versi arXiv (ar5iv), bukan dari PDF penerbit, sehingga halaman dikosongkan.",We then track fruits across frames using the Hungarian Algorithm where the objective cost is determined from a Kalman Filter corrected Kanade-Lucas-Tomasi (KLT) Tracker. || we combine tracking results with a Structure from Motion (SfM) algorithm to calculate relative 3D locations and size estimates to reject outliers and double counted fruit tracks
746,braun2018fruit,X E1,X E1,,,X E1,tetap,abstrak,"Objek yang dideteksi adalah bunga, bukan buah, sehingga E1. Kasus batas: hitungan dari dua sisi pohon digabung dengan persamaan prediksi terhadap jumlah buah aktual (r = 0,77); bila bunga diterima sebagai pengganti buah, kodenya C1 dengan mekanisme M1, akuisisi D, referensi pohon.","Images of the peach and apple trees during the blossom period were acquired using a color camera from two sides, east and west. || An image processing algorithm to detect and count the blossoms was developed."
757,liu2017computer,X E1,X E1,,,X E1,tetap,abstrak,"Objek yang dideteksi dan dihitung adalah tunas (shoot) anggur pada awal musim, bukan buah; hasil panen diturunkan dari jumlah tunas. Bila protokol menerima organ pengganti buah, kajian ini mendekati C1 (hitungan dari video), tetapi abstrak tidak menyebut cara penghapusan duplikat antarframe.","This paper proposes a completely automatic system for grapevine yield estimation, comprised of robust shoot detection and yield estimation based on shoot counts produced from videos."
766,stein2016image,C1,C1,C1,,C1,tetap,teks lengkap,"Putaran kedua benar. Teks lengkap (Bagian 2.4) menyatakan buah dilacak antarbingkai berurutan dengan garis epipolar dan penugasan Hungarian, lalu seluruh pengamatan terlacak ditriangulasi ke 3D; menurut konvensi, pelacakan ditambah lokalisasi 3D dikodekan M3+M4. M4 dari putaran pertama benar tetapi tidak lengkap.","able to perform frame-to-frame fruit tracking using epipolar geometry combined with the “Hungarian” algorithm [23] for optimal tracking assignment || must be associated and tracked throughout the sequence of all images in which they are seen, to avoid counting the same fruit multiple times"
767,roy2016surveying,C1,C1,C1,,C1,tetap,abstrak,"Abstrak hanya menyebut citra dari satu kamera (telepon atau kamera digital) dan tidak menyatakan bentuk akuisisi, sehingga nilai V dari putaran kedua merupakan dugaan, sebagaimana diakui dalam catatannya. Karena bukti yang dapat diakses tidak mendukung V maupun D secara positif, nilai D dari putaran pertama dipertahankan sesuai aturan bukti. Kelompok C1 dan mekanisme M4 tidak diperselisihkan dan didukung kalimat tentang structure from motion.",We present a novel piecewise incremental structure from motion technique to register and reconstruct the apples which is used for extracting count and diameter information. || The goal of our system is to give farmers the capability to use their phones or digital cameras to record images and obtain yield related parameters.
777,gongal2016apple,C1,C1,,,C1,tetap,abstrak,Abstrak tidak menyebut acuan hitungan secara eksplisit; 'pohon' diasumsikan dari estimasi muatan buah per pohon. Sensor 3D tidak dirinci di abstrak.,acquired images from opposite sides of apple trees || The location of apples in three-dimensional (3D) space was used to eliminate duplicate counting of apples that were visible to cameras from both sides of the tree canopy.
785,nguyen2015automated,X E1,X E1,,,X E1,tetap,abstrak,"Objek yang dicacah adalah bibit pohon, bukan buah, sehingga E1. Metode penghindaran hitung ganda dengan homografi antarcitra relevan secara metode (setara M4), tetapi kajian ini berada di pertanian sehingga tidak memenuhi definisi T.",This paper demonstrates an automated computer vision system for outdoor tree crop enumeration in a seedling nursery. || a double-counting avoidance method based on a homography transform
792,linker2015estimation,C1,C1,,,C1,tetap,teks lengkap,Tidak ada langkah penghapusan duplikat antarcitra; tumpang-tindih antarcitra dan buah tersembunyi diserap oleh hubungan linear terkalibrasi (M1). Referensi: panen per pohon (jumlah apel) dan hitung visual pada citra.,"Each tree was photographed from two sides, resulting in six images per tree. || the number of objects detected in the six images of a tree were summed up to produce a ‘tree count’"
801,zainuddin2015online,X E5,X E6,X E5,,X E5,tetap,judul,"Kedua putaran sepakat bahwa rekaman ini dikeluarkan; perbedaannya hanya pada kode alasan (E5 atau E6). Abstrak dan teks lengkap tidak dapat diakses pada sesi ini, sehingga parafrasa web putaran kedua tidak dapat diperiksa dan tidak ada bukti yang dapat saya baca sendiri untuk mengganti alasan. Sesuai aturan bukti, nilai putaran pertama (E5) dipertahankan; judul sendiri lebih mengarah ke sistem pemetaan pohon daripada deteksi buah, sehingga alasan ini layak ditinjau bila abstrak tersedia.",
806,holguin2014automatic,X E2,X E7,X E2,,X E2,tetap,abstrak,"Nilai putaran pertama dipertahankan. Isi abstrak secara positif mendukung E2: pengenalan jenis buah pascapanen pada timbangan elektronik untuk supermarket, bukan buah di pohon. E7 hanya berlaku apabila tidak ada abstrak berbahasa Inggris, dan hal itu tidak dapat dibuktikan karena halaman SciELO tidak terbuka, sehingga bukti tidak cukup untuk mengganti alasan.","la construccion de una bascula electronica capaz de clasificar frutas, dispositivo que pretende contribuir a la solucion del problema de identificacion y clasificacion de productos agricolas en los supermercados"
818,gongal2014identification,C1,C1,,,C1,tetap,abstrak (web),"Abstrak tidak menyebut acuan untuk galat 12%; 'anotasi' adalah dugaan (identifikasi manual apel berulang). Kamera 3D dipakai bersama kamera warna, sehingga C5 juga cocok.","[parafrasa web] Apples identified in the color images were transformed to a global 3D coordinate space, where two instances of the same apple identified from two sides overlapped with each other. || [parafrasa web] A threshold overlap distance was used to categorize apples into repeated or non-repeated groups."
838,wang2013automated,C1,C1,,,C1,tetap,abstrak,Abstrak hanya menyebut apel 'diregistrasi' lintas citra berurutan dari rig stereo; M4 disimpulkan dari registrasi berbasis stereo dan belum dikonfirmasi dari teks lengkap. Abstrak tidak menyebut faktor kalibrasi terhadap hitungan acuan (kemungkinan M1 tambahan) dan tidak menyatakan jenis acuan; 'panen' disimpulkan dari istilah galat estimasi hasil panen.,The system uses a two-camera stereo rig for image acquisition. || The system scans both sides of each tree row in orchards.
865,hamdani2026automated,C3,C3,C3,,C3,tetap,abstrak,"Putaran kedua benar pada per_kelas. Abstrak menyebut tahap kematangan hanya sebagai sumber keragaman dataset bersama kepadatan, sudut pandang, dan pencahayaan, sedangkan anotasi berupa kotak per objek dan galat hitung dilaporkan per tingkat kepadatan, bukan per kelas. Tidak ada pernyataan bahwa kelas kematangan ditetapkan untuk tiap objek, sehingga nilai Y putaran pertama tidak berdasar.","The dataset includes instance-level bounding-box annotations and captures substantial variability in fruit density, maturity stages, viewing angles, and lighting conditions. || a density-level counting analysis was conducted using Mean Absolute Error (MAE) across low-, medium-, and high-density fruit scenarios"
866,canicatti2026ground,X E3,X E3,,,X E3,tetap,abstrak,Hasil panen dimodelkan dari NDVI dan tutupan kanopi; buah tidak dideteksi.,"UAV images were processed to derive spectral (NDVI) and geometric (fraction canopy cover, Fc) variables."
893,golder2026automated,X E2,C2,X E5,,X E5,alasan berubah,abstrak (web),"Kedua putaran sebagian keliru. Citra pepaya diambil di lahan pertanian sehingga E2 dari putaran pertama tidak didukung, tetapi hasil yang dilaporkan untuk pepaya hanya presisi, recall, dan mAP, sehingga menurut aturan d kajian ini bukan C2 melainkan X dengan E5. Grup X dari putaran pertama dipertahankan dengan alasan yang diperbaiki.","the other of papaya fruits (1840 images), collected from Bangladeshi agricultural fields || 99.19%, 98.92%, and 99.43% precision, recall and mAP, respectively on the papaya dataset for detecting individual papaya fruit from the bunch"
894,obeng2026integrated,X E3,X E3,,,X E3,tetap,abstrak (web),"Data tabular, bukan citra buah di pohon; hasil panen dimodelkan dari fitur lingkungan dan hara tingkat negara tanpa deteksi buah. E2 juga dapat dipakai untuk bagian pemutuan.","a citrus classification dataset comprising 10,000 samples (5,000 oranges and 5,000 grapefruits) characterized by 5 features (diameter, weight, and RGB color values) || a crop yield dataset spanning 1990-2022 from 39 countries across Africa (17 countries, 1,122 records) and the Americas (22 countries, 1,452 records)"
905,wang2026intelligent,X E2,X E2,,,X E2,tetap,abstrak (web),"'Counting' pada judul berarti kasir atau penghitungan harga di ritel; buah dan sayur pascapanen di toko, bukan buah pada tanaman.","With the growth of unmanned and intelligent retail, traditional manual weighing and pricing have become inefficient and costly. This paper presents an automated fruit and vegetable pricing system based on an improved YOLOv8 model. || [parafrasa web] Sistem dipasang pada Raspberry Pi 4B dengan ESP32, Tkinter, dan MySQL; akurasi deteksi 95,9%, efisiensi naik 40%, biaya turun 70%."
927,odah2025machine,X E3,R,R,bertahan,R,kelompok berubah,abstrak,"Putaran kedua benar pada grup. Abstrak menyebut deteksi buah tomat dengan YOLO-Tomato dan R-CNN serta pencacahan dengan DeepSort sebagai salah satu temuan utama tinjauan, sehingga E3 (hasil dimodelkan tanpa mendeteksi buah) tidak tepat untuk tinjauan ini. Keyakinan sedang karena porsi bagian berbasis citra hanya diketahui dari abstrak.","we conducted a systematic literature review to examine the ML models used for predicting tomato yield || The YOLO-Tomato and R-CNN methods are commonly used for detecting tomato fruits prior to yield estimation. Furthermore, DeepSort and linear regression are the predominant methods employed for counting and estimating tomato yield."
964,kahya2025predicting,X E2,C2,X E5,,X E5,alasan berubah,abstrak (web),"Tidak ada putaran yang sepenuhnya benar. Abstrak verbatim dari halaman Springer menyebut foto diambil di lapangan sehingga E2 dari putaran 1 tidak didukung, tetapi hasil yang dilaporkan hanya mAP50-95, presisi, dan recall tanpa evaluasi hitungan, sehingga C2 dari putaran 2 juga tidak didukung (aturan d). Grup X dipertahankan dengan alasan E5.","The dataset was augmented with 120 photos taken in the field and 540 images obtained from the internet, divided into 80% for training and 20% for testing. || The results obtained show that the YOLOv8L model performs better than other models on metrics such as mAP50-95, precision and recall."
968,cui2025apple,X E3,C2,C2,bertahan,C2,kelompok berubah,teks lengkap (web),"Putaran kedua benar pada grup. Teks lengkap menunjukkan buah disegmentasi pada citra darat tunggal dan rasio luas buah menjadi fitur model estimasi hasil yang diuji terhadap hasil panen (R2 0,942; RMSE 12,980 kg), sehingga E3 (hasil dimodelkan tanpa mendeteksi buah) dari putaran pertama tidak berlaku. Dugaan putaran kedua bahwa rasio fitur struktural mencakup piksel buah terbukti oleh definisi f3 dan f4.","these patches were processed using a pre-trained, high-accuracy semantic segmentation model to identify the flowers, fruits, leaves, and branches || the fruit (covered with protective bags) area ratio during the young fruit stage (f 3 ), and the fruit-to-leaf area ratio during the young fruit stage (f 4 )"
978,kutyrev2025uav,C1,C2,C2,disanggah,C1,sengketa,abstrak,"Putaran kedua benar pada grup. Abstrak menyatakan bahwa deteksi dijalankan pada petak ortofoto, sehingga setiap buah diamati satu kali, dan koefisien koreksi untuk buah tersembunyi baru direncanakan ('will account'), sehingga mekanisme M1 pada putaran pertama tidak didukung. Kode M4 dari putaran kedua tidak dipakai karena pembuatan ortofoto bukan asosiasi buah antarcitra; pengecualian E5 tidak ditetapkan karena abstrak tidak cukup untuk memastikan ketiadaan evaluasi hitungan.","Key steps included creating orthophotos, segmenting data into tiles, training a convolutional neural network (CNN) with transfer learning and data augmentation, and merging results. || An experimentally determined correction coefficient will account for fruits hidden from the camera, enhancing the accuracy of yield estimation."
1019,yang2025safe,C1,C1,C1,,C1,tetap,teks lengkap (web),"Putaran kedua benar pada mekanisme. Abstrak tidak menyebut cara asosiasi, tetapi teks versi arXiv menjelaskan pelacakan ByteTrack yang diteruskan ke structure-from-motion COLMAP dan pengelompokan landmark 3D per buah. Buah yang sama dengan demikian ditautkan antarframe dan dalam ruang 3D, sehingga M0 dari putaran pertama tidak tepat dan kodenya M3+M4.","a robust workflow for fruit detection and counting using RGB images. We validate our approach through fruit counting with canopy-level aerial images || [parafrasa web] YOLOv8 mendeteksi buah dan ByteTrack melacaknya antarframe; hasilnya menjadi masukan structure-from-motion COLMAP, lalu landmark 3D dikelompokkan dengan klasterisasi berbasis kerapatan untuk memperoleh jumlah buah."
1031,wu2024citrus,X E3,X E3,,,X E3,tetap,abstrak (web),"Hasil panen dimodelkan dari indeks vegetasi UAV tanpa deteksi buah individual (E3). Artikel juga berbahasa Mandarin (metadata DC.Language cn), sehingga E7 turut berlaku; abstrak dibaca dari versi Mandarin dan diparafrasakan.","[parafrasa web] Citra multispektral UAV pada masa pematangan jeruk; indeks pita tampak dan multispektral dijadikan fitur untuk XGB, RF, dan SVM guna mengestimasi jumlah dan massa buah. || [parafrasa web] Model terbaik XGB: jumlah buah R2 = 0,79 dengan RMSE 466 buah; massa R2 = 0,79 dengan RMSE 19,51 kg."
1036,zhu2024citrus,C1,C1,,,C1,tetap,abstrak,Abstrak tidak menyebut cara hitungan antarpandang digabung sebelum regresi dan tidak menyebut satuan acuan hasil (jumlah atau bobot panen); M1 disimpulkan dari regresi hitungan citra ke hasil pohon. Angka galat tidak tersedia di abstrak.,"imaged from three different views (two, four, and six images per tree) to determine the optimal conditions for yield estimation. || This study adopted a deep learning based detection model to count fruit in tree images and machine learning models to estimate the yield of individual trees from the fruit count."
1060,scalisi2024detecting,C1,C5,C1,,C1,perlu manusia,judul,"Kedua putaran hanya berdasar judul, dan abstrak tetap tidak dapat diperoleh dari Semantic Scholar, OpenAlex, maupun halaman penerbit. Judul tidak menyatakan apakah buah dihubungkan antarcitra (C1) atau hanya dideteksi dengan sensor 3D (C5), sehingga tidak ada bukti positif untuk mengubah maupun meneguhkan kelompok putaran pertama. Nilai putaran pertama dipertahankan dan rekaman ini perlu dibaca oleh manusia.","Detecting, mapping and digitising canopy geometry, fruit number and peel colour in pear trees with different architecture"
1087,hutapea2024palm,C3,C3,C3,,C3,tetap,abstrak,"Bukti yang dapat diakses tidak dapat memutuskan tugas: judul menyatakan deteksi dan pencacahan, sedangkan abstrak hanya melaporkan akurasi deteksi tiga kelas kematangan dan tidak menyangkal adanya pencacahan. Sesuai aturan bukti, nilai putaran 1 (HIT) dipertahankan; DET dari putaran 2 masuk akal tetapi tidak didukung secara positif tanpa teks lengkap.","Palm Fruit Ripeness Detection and Counting Using YOLOv8 Algorithm in PTPN IV Medan North Sumatera Indonesia || The results indicated that YOLOv8 achieved an accuracy of 0.991 (99.1%) in detecting ripe, unripe, and rotten oil palm fruit."
1106,bogomasov2023efficient,X E2,X E2,,,X E2,tetap,abstrak,"Buah dan sayur di lingkungan ritel, bukan di tanaman, sehingga pascapanen (E2). Alternatif yang lemah: T sebagai metode pencacahan objek di luar pertanian.",reducing the manual effort for annotation based on the example of fruits and vegetables recognition and counting in retail applications || We achieve a reduction of the manual effort of more than 60% while maintaining the counting accuracy of 83% on 36 different object classes.
1136,tang2023tree,X E3,X E3,,,X E3,tetap,abstrak,Hasil panen diregresi dari reflektansi udara beresolusi 30 cm tanpa mendeteksi buah.,We developed a Convolutional Neural Network (CNN) model with a spatial attention module to take the multi-spectral reflectance imagery directly for almond fresh weight estimation at the tree level. || summer aerial imagery at 30cm was acquired for four spectral bands in 2021
1148,luo2023improved,X E2,X E2,,,X E2,tetap,abstrak,"Deteksi dan pencacahan buah serta sayur pada konteks swalayan dan pasar, bukan buah di tanaman.",many researchers have paid attention to the scenes of quoting prices and settling accounts for fruits and vegetables in supermarkets and manual classification of fruits and vegetables in farmers' markets
1156,lopezgarcia2022yield,X E3,X E3,,,X E3,tetap,abstrak,Hasil dimodelkan dari indeks vegetasi dan tutupan kanopi pada ortofoto UAV; buah tidak dideteksi.,"This research aimed to evaluate the potential of VIs and green canopy cover (GCC; as a measure of plant vigour) obtained from conventional (or red, green, blue; RGB) and multispectral sensors || Simple and multiple linear regression techniques were evaluated by using VIs alone, VIs combined with GCC and yield components as predictors."
1170,jayasinghe2022growth,X E3,X E3,,,X E3,tetap,abstrak,"Tinjauan sistematis, tetapi topiknya pemodelan matematis pertumbuhan dan hasil pisang, bukan metode berbasis citra yang mendeteksi buah; karena itu tidak dikode R.","we reviewed 75 full-text articles published between 1985 and 2021 for information on mathematical models related to banana growth and, fruit and fibre yield || Modellers often used multiple linear regression models to estimate banana plant growth and fruit yield."
1181,quang2022build,X E2,X E2,,,X E2,tetap,abstrak,"Pencacahan kelapa kering kupas di fasilitas produksi (pascapanen), bukan buah di pohon.",the counting of dried coconuts at the production facilities is done manually || The study was conducted on the peeled dried coconut fruit with a diameter of 15 cm to 20 cm using image processing technology
1185,assuncao2022peaches,X E5,X E5,,,X E5,tetap,abstrak,"Abstrak hanya melaporkan AP deteksi satu kelas; pencacahan dan estimasi hasil disebut sebagai motivasi, tidak dievaluasi. Bila teks lengkap ternyata mengevaluasi jumlah buah per citra, kode menjadi C2.",This paper presents the results for peach detection by applying a faster R-CNN framework in images captured from an outdoor orchard || A detection accuracy of 0.90 using the metric average precision (AP) was achieved for fruit detection
1196,bini2022evaluating,X E5,X E5,,,X E5,tetap,abstrak,"Judul menyebut estimasi hasil, tetapi abstrak hanya melaporkan metrik deteksi (F1, mAP) tanpa pencacahan. Abstrak menyebut pembedaan tomat hijau dan kemerahan; bila kelas kematangan dievaluasi sebagai atribut, kode C4 dapat dipertimbangkan, tetapi abstrak tidak melaporkan hitungan.","Based on YOLOv5, an enhanced tomato detection model dubbed Tomato-YOLO is provided in this study to address these issues. || Tomato-YOLO had the best performance, with an F1-score of 66.15 percent, a mAP of 52.26 percent, and an inference time of 16.14 ms."
1211,zhao2022localization,X E2,X E2,,,X E2,tetap,abstrak,"Tujuan kajian adalah mesin sortir tomat tandan pascapanen, bukan buah di tanaman. Jurnal Food and Machinery terbit dalam bahasa Mandarin sehingga E7 juga mungkin berlaku; bahasa teks lengkap tidak diperiksa. Bila citra ternyata diambil di tanaman, kode yang cocok adalah C2.","This study is to improve the sorting efficiency of string tomatoes, and solve its false detection and false detection. || provides accurate information on the location of single fruit and the quantity of the whole string of fruit for post natal string tomato sorters."
1215,scalisi2021reliability,C1,C1,C1,,C1,tetap,abstrak (web),"Abstrak dari Europe PMC menyatakan bahwa prediksi jumlah buah memerlukan kalibrasi terpisah per batang bawah terhadap hitungan per pohon, sehingga M1 dari putaran kedua terdukung secara positif. Abstrak tidak memuat keterangan tentang asosiasi geometris, sehingga M4 dari putaran pertama tidak terbukti dan tidak terbantah; nilai itu dipertahankan dan M1 ditambahkan sesuai konvensi kalibrasi di atas mekanisme lain.","This study aimed to calibrate and validate a commercial sensorised mobile platform for the prediction of flower cluster number, fruit number and yield, tree geometry in ‘ANABP-01′ apples. || Fruit number and yield predictions needed independent calibration across rootstocks but errors after validation on a separate dataset were small (RMSE = 5 fruit / tree"
1218,bazinas2021yield,X E3,X E3,,,X E3,tetap,abstrak,"Hasil panen dimodelkan dari deret pengukuran bobot tandan anggur, tanpa citra dan tanpa deteksi buah. E6 juga dapat dipertimbangkan karena datanya bukan dari sensor citra.",The INs here are induced from successive grape clusters’ weight measurements during ripening. || A parametric neural network (NN) IN-regressor architecture is trained with past INs in order to predict future INs.
1246,abdelrahman2021improving,X E3,C2,X E3,,X E3,tetap,abstrak,"Putaran pertama benar. Abstrak menyatakan bahwa jumlah bunga dan buah dihitung secara visual pada mosaik ortorektifikasi, lalu dipakai bersama variabel kanopi dalam model prediksi hasil, sehingga tidak ada metode deteksi buah berbasis citra yang dievaluasi. Putaran kedua sendiri mengakui hal itu di catatannya; bukti tidak mendukung C2.","Orthorectified mosaics and digital surface models were created to extract canopy size variables (canopy area, average canopy height, canopy height standard deviation, and canopy volume) and visually count flower and fruit number. || by adding image-derived variables to the models, the accuracy of predicting out-of-sample yields at different time intervals was increased by 10–29%"
1247,chang2021unmanned,X E3,X E3,,,X E3,tetap,abstrak,"Hasil panen dimodelkan dari tutupan tajuk, volume tajuk, dan indeks vegetasi UAS; buah tidak dideteksi.","The shape of the features of tomatoes such as canopy cover, canopy, volume, and vegetation indices derived from UAS imagery was estimated throughout the entire season. || five time-series phenotypes were selected for yield prediction models explaining 65 percent of the variance in the actual harvest"
1249,ballesteros2020vineyard,X E3,X E3,,,X E3,tetap,abstrak,Hasil panen dimodelkan dari indeks vegetasi dan fraksi tutupan; buah tidak dideteksi.,"Multispectral imagery obtained from an unmanned aerial vehicle (UAV) is used to obtain VIs and Fc, which are used together with artificial neural networks (ANN) to model the relationship between VIs, Fc and yield."
1250,zhou2020real,X E5,C2,X E5,,X E5,tetap,abstrak,"Putaran pertama benar. Abstrak hanya melaporkan true detected rate, kecepatan, dan ukuran model; tidak ada galat hitung atau hasil panen terhadap acuan, sehingga menurut aturan d metrik deteksi saja berarti E5. Estimasi hasil hanya disebut sebagai tujuan, dan putaran kedua sendiri mengakui bahwa X/E5 dapat dipertahankan.","Results showed that MobileNetV2, quantized MobileNetV2, InceptionV3, and quantized InceptionV3 obtained true detected rate (TDR) of 90.8%, 89.7%, 87.6%, and 72.8%, respectively."
1265,apoloapolo2020cloud,C1,C2,C1,,C1,tetap,teks lengkap,"Grup putaran 1 (C1) dipertahankan karena teks lengkap menunjukkan 452 citra bertumpang-tindih digabung dengan fotogrametri (penjajaran foto, awan titik 3D, ortomosaik) sebelum buah dicacah dan diregresikan ke hasil panen; C2 dicatat sebagai kode sekunder. Pada mekanisme, putaran 2 benar: rekonstruksi SfM yang menghasilkan ortomosaik adalah M4 dan regresi linear ke buah dipanen adalah M1. Akuisisi diubah ke V karena masukan adalah rangkaian citra dari kamera yang bergerak di atas baris.",A total of 452 images were used to build the orthomosaic || This option uses the original resolution of images to generate a sparse 3D point cloud with a low resolution as a necessary first step towards building the orthomosaic.
1278,hani2020comparative,C2,C1,C1,bertahan,C1,kelompok berubah,teks lengkap,"Teks lengkap menunjukkan bahwa hasil utama (95,56%-97,83% dari hitungan panen) dihasilkan pipeline multipandang: rekonstruksi SfM tiap sisi baris, klaster buah 3D, dan penggabungan dua sisi untuk menghapus hitungan ganda. Asosiasi bersifat geometris (M4), akuisisi video (V).","To merge fruit counts from both sides, we compute the intersection of the connected components from both sides || We use the three test datasets (Dataset 1, Dataset 2, and Dataset 3); where videos from both sides of a row were collected. The computed yield estimates are compared to the harvested ground truth counts."
1291,uribeetxebarria2019assessing,X E3,X E3,,,X E3,tetap,abstrak,Citra UAV hanya dipakai untuk luas proyeksi tajuk sebagai variabel pembantu pengambilan sampel; buah tidak dideteksi pada citra.,"two sampling methods to estimate fruit load in a peach tree orchard were compared: simple random sampling (SRS) and ranked set sampling (RSS) || RGB images captured by an unmanned aerial vehicle (UAV), and used to estimate the canopy projected area of individual trees, proved to be the best of the options"
1310,ashapure2019unmanned,X E3,X E3,,,X E3,tetap,abstrak,Hasil panen dimodelkan dari fitur kanopi dan cuaca; buah tidak dideteksi.,"it takes UAS based multi-temporal features such as canopy cover, canopy height, canopy volume, Excessive Greenness Index along with weather information || predicts the corresponding marketable yield"
1315,ponce2019automatic,X E2,X E2,,,X E2,tetap,abstrak,Pencitraan pascapanen dalam ruang pencitraan; bukan buah di tanaman.,"Fruit grading is an essential post-harvest task in the olive industry || a total of 3600 olive-fruits from nine varieties were photographed, stochastically distributing the individuals on the scene, using an ad-hoc designed an imaging chamber."
1327,riggio2018low,X E5,C2,X E5,,X E5,perlu manusia,abstrak,"Bukti yang terakses tidak dapat memutuskan grup. Abstrak menyebut estimasi hasil dari gambar anggur sehingga E5 dari putaran pertama tidak didukung secara positif, tetapi abstrak juga tidak menunjukkan evaluasi terhadap acuan yang disyaratkan aturan d untuk C2. Nilai putaran pertama dipertahankan sampai teks lengkap dibaca oleh peninjau.","we propose a low-cost autonomous system which can navigate through a vineyard while collecting grape pictures in order to provide a yield estimation || Furthermore, a yield estimation of two different grape varieties is presented."
1331,miranda2018sampling,X E3,X E3,,,X E3,tetap,abstrak,"Buah dihitung manual; citra udara hanya dipakai untuk indeks vegetasi dan stratifikasi sampel, tanpa deteksi buah.","yield was measured as number of fruits/tree on the central tree of each one of them || Red Vegetation Index (RVI) was calculated from aerial images with 0.25 m·pixel−1 resolution, and used, either alone or in combination with TCSA, to delineate sampling strata"
1340,senthilarasi2018multivariate,X E2,X E2,,,X E2,tetap,abstrak,"Pencacahan jari pisang pada sisir untuk pemutuan pascapanen, bukan buah di pohon.","Many post harvest techniques are performed in these industries. Especially in fruit industries, grading is an important process. || an automatic counting system of banana fingers in a bunch/hand using image processing algorithms"
1343,benitez2017early,X E3,X E3,,,X E3,tetap,abstrak,Hasil panen dimodelkan dari volume kanopi hasil pemindaian LiDAR; buah tidak dideteksi.,We worked on a Williams pear orchard using a semi-automatic procedure in order to estimates tree volume. || We correlates volume vs. weight of harvested fruits from each plant.
1344,roy2017active,C1,C1,,,C1,tetap,abstrak,"Mekanisme M4 disimpulkan dari model dunia yang dihitung dari beberapa pandangan kamera pada manipulator (pose diketahui); abstrak tidak merinci asosiasi maupun acuan hitungan, sehingga referensi_hitung adalah dugaan.",We focus on the subtask of planning views so as to accurately estimate the number of apples in an apple cluster. || We present a method to efficiently enumerate combinatorially distinct world models and to compute the most likely model from one or more views.
1361,roy2017vision,C1,C1,C1,,C1,tetap,abstrak (web),"Putaran 2 lebih sesuai pada akuisisi. Abstrak lengkap menyatakan citra diambil oleh wahana visi pada robot udara, kendaraan darat, dan perangkat genggam lalu diregistrasi, yang menunjukkan rangkaian citra dari kamera bergerak (V), sedangkan tidak ada bukti beberapa foto diskret per pohon (D). Mekanisme M4 putaran 1 dipertahankan atas dasar registrasi citra.","Our method takes segmented and registered images of apple clusters as input. It outputs number and location of individual apples in each cluster. || The method is experimentally verified on four different datasets using images acquired by a vision platform mounted on an aerial robot, a ground vehicle and a hand-held device."
1393,miranda2015sampling,X E3,X E3,,,X E3,tetap,abstrak,"Citra udara dipakai untuk ukuran tajuk dan NDVI sebagai dasar strata pengambilan sampel; buah tidak dideteksi pada citra. E1 juga dapat dipakai sebagai alasan, tetapi E3 lebih tepat karena tujuannya menduga muatan buah.",Canopy size and normalized difference vegetation index (NDVI) calculated from aerial images with 0.5 m/pixel resolution were used as source information to delineate sampling strata || canopy size and NDVI were not sufficiently related to shoot number and yield
1403,nuske2014modeling,C1,C1,C1,,C1,tetap,abstrak,"Putaran 2 benar pada mekanisme. Abstrak menyatakan buah dideteksi pada citra yang telah diregistrasi bersama, dan hasil pencarian web menyebut posisi kendaraan dipakai untuk melokalkan deteksi ke tanaman, sehingga M4 ditambahkan. M1 dari putaran 1 tetap berlaku karena ukuran citra dikalibrasi ke hasil panen.",Computer vision algorithms are applied to detect grape berries in images that have been registered together to generate high-resolution estimates. || We propose an underlying model relating image measurements to harvest yield and study practical approaches to calibrate the two.
1405,song2014automatic,C1,C1,C1,,C1,tetap,abstrak,"Putaran pertama dipertahankan pada mekanisme. Abstrak hanya menyebut pendekatan statistik untuk mengelompokkan pengamatan berulang yang tidak lengkap dan tidak menyatakan pemakaian pose kamera atau posisi 3D, sehingga M4 dari putaran kedua merupakan tafsiran yang tidak didukung secara positif. Teks lengkap tidak dapat diakses, sehingga nilai M1 tidak diubah.","the second is to aggregate estimates from multiple images using a novel statistical approach to cluster repeated, incomplete observations || our proposed method achieves a correlation of 74.2% without any linear adjustment for a large dataset"
1406,nuske2014automated,C1,C1,,,C1,tetap,abstrak,"Abstrak hanya menyebut kalibrasi ukuran citra terhadap hasil (M1) dan tidak menyebut cara menangani tumpang-tindih antarcitra berurutan. Bila teks lengkap menunjukkan registrasi deteksi antarcitra dengan posisi kendaraan, mekanisme menjadi M1+M4; bila tiap citra diproses sendiri tanpa tumpang-tindih, kode alternatifnya C2. Perlu teks lengkap.",The system incorporates cameras and illumination mounted on a vehicle driving through the vineyard. || We introduce methods to maximize the spatial and the overall accuracy of the yield estimates by optimizing the relationship between image measurements and yield.
1419,qian2013yield,C1,C1,,,C1,tetap,abstrak (web),Hanya parafrasa abstrak yang terbaca. Hitungan dua sisi dijumlahkan lalu diregresikan terhadap hasil per pohon; buah tidak diidentifikasi secara individual. Rujukan panen disimpulkan dari judul (hasil per pohon); parafrasa tidak menyebut apakah rujukannya bobot atau jumlah buah.,"[parafrasa web] 80 images were acquired from 40 Fuji apple trees from the southeast and northwest directions using a Canon G7 camera. || [parafrasa web] A linear regression model was built from 20 trees; the model with the sum of patch numbers from both directions performed best, R2 0.81 and NRMSE 0.43."
1442,ramadhani2026similar,C3,C3,C3,,C3,tetap,teks lengkap,"Putaran 2 benar pada lokasi. Seksi 3.2 teks lengkap menyatakan bahwa seluruh citra berasal dari dataset publik rujukan [22], yang judulnya menyebut tumpukan tandan (fruit bunch piles) untuk grading kematangan, dan tumpukan termasuk nilai PABRIK. Putaran 1 mengisi ""?"" karena hanya membaca abstrak.","The experiments used a publicly available oil palm fresh fruit bunch (FFB) dataset developed for six-class ripeness grading [22]. || [22] Suharjito et al., ""Annotated datasets of oil palm fruit bunch piles for ripeness grading using deep learning,"" Scientific data, vol. 10, no. 1, p. 72, 2023."
1443,azaman2026four,C3,C3,C3,,C3,tetap,teks lengkap,"Putaran pertama dipertahankan pada lokasi. Teks lengkap (Subbab 2.1 dan bagian keterbatasan) hanya menyebut tandan tunggal statis pada jarak 3 m dengan latar relatif terkendali dan tidak menyatakan tempat pengambilan citra; TANAH dari putaran kedua adalah simpulan, bukan pernyataan sumber. Kode lain tidak diperselisihkan dan sesuai dengan teks.","The RGB and IR cameras were arranged in parallel and directed toward the same FFB sample at a fixed distance of 3 m. || A total of 279 paired (50 Overripe, 65 Ripe, 84 Underripe and 80 Unripe) RGB-IR images were acquired for the study."
1449,madadum2026lightweight,C3,C3,,,C3,tetap,teks lengkap,"Klasifikasi tingkat citra empat kelas pada 857 citra ponsel di ramp penerimaan (titik pengumpulan sebelum pabrik); lokasi dikodekan PABRIK. Sudut pandang bervariasi antarcitra, tetapi tidak ada penggabungan beberapa citra dari tandan yang sama; citra multisudut hanya disebut sebagai arah penelitian lanjutan.","The dataset was collected from an oil palm ramp located in Khlong Thom District, Krabi Province, Thailand || Images were captured at the center of each palm bunch and only one main palm bunch per image."
1451,wu2026oil,C3,C3,,,C3,tetap,teks lengkap,"Klasifikasi tingkat citra pada himpunan data publik (Mendeley, Kaggle); lokasi pengambilan citra tidak dinyatakan. Citra RGB dikonversi ke ruang warna LAB, bukan modalitas non-RGB. Hasil utama pada Tabel 3, h. 16 (akurasi 95,88%); abstrak menyebut akurasi validasi 94,66%, sedangkan Tabel 3 mencantumkan 95,98%.",this paper proposes an LAB dual-branch feature fusion method for five-class oil palm fruit maturity classification || The main Oil Palm Fruit Ripeness Dataset used in this study consists of oil palm fruit images collected under a specific acquisition scenario.
1453,alkhowarizmi2026visual,C3,C3,,,C3,tetap,teks lengkap,"Klasifikasi kematangan enam kelas dari citra tandan tunggal; akurasi rerata 91,3% (Tabel 1, h. 6, kolom berlabel MAPE). Lokasi pengambilan citra (pohon, tanah, atau pabrik) tidak dinyatakan. Pembagian data latih dan uji tidak jelas (300 citra disebut sebagai data uji).","This study proposes a visual detection system using the Simple Evolving Connectionist System (SECoS) algorithm to identify the ripeness of oil palm bunches based on visual images. || This research uses oil palm fruit mark data, categorized as empty, overripe, ripe, rotten, underripe, and unripe, with 300 data sets, each containing 50 data sets."
1466,luo2026synergizing,C3,C3,C3,,C3,tetap,teks lengkap,"Putaran kedua benar pada bidang tugas. Teks lengkap menunjukkan bahwa setiap citra memuat satu tandan dan keluarannya adalah satu dari lima kelas yang ditetapkan menurut kematangan dan keutuhan fisik, sehingga tugasnya adalah klasifikasi (KLS), bukan pengukuran mutu (MUTU). Lokasi tetap '?' karena teks hanya menyebut pengambilan di perkebunan tanpa menyatakan posisi tandan.","Ground-truth labeling was performed by an expert grader to classify FFBs into five distinct categories based on maturity and physical integrity. || data were collected in situ across multiple commercial palm oil plantations in Johor, Negeri Sembilan, and Perak, Malaysia."
1468,usman2026integration,C3,C3,C3,,C3,tetap,teks lengkap,"Putaran kedua benar pada lokasi. Bagian dataset pada teks lengkap menyatakan citra berasal dari adegan dalam dan luar ruang dengan latar polos maupun kompleks, sebagian dari repositori Roboflow, tanpa menyebut tandan masih di pohon. Nilai POHON dari putaran pertama disimpulkan dari frasa lokasi kebun pada abstrak dan bertentangan dengan adanya adegan dalam ruang, sehingga lokasi menjadi ""?"".","To enhance the diversity and practicality of the dataset, we selected a range of indoor and outdoor scenes. || A subset was obtained from public domain elements available in the Roboflow repository"
1472,ng2026physics,C3,C3,C3,,C3,tetap,teks lengkap,"Putaran pertama dipertahankan pada lokasi. Bagian akuisisi data hanya menyebut 112 citra dari kamera CMOS dengan tiga kondisi lampu halogen dan tidak menyatakan tempat pemotretan; kode PABRIK dari putaran kedua merupakan inferensi dari pencahayaan, sedangkan aturan mewajibkan ""?"" bila sumber tidak menyatakannya.","A total of 112 images of oil palm fresh fruit bunches were acquired using a CMOS camera for this study. || images were captured under three distinct lighting conditions: a standard halogen lamp, a halogen lamp"
1475,yunita2026optimization,C3,C3,,,C3,tetap,teks lengkap,Klasifikasi kematangan TBS lima kelas dengan tugas tambahan segmentasi cacat (MUTU sebagai tugas sekunder). Naskah tidak menyatakan lokasi pengambilan citra.,"The classification dataset includes 12,550 images covering the classes of Defect, Overripe, Ripe, Underripe, and Unripe || the model achieves an overall accuracy of 97.16% (±0.47%), precision of 97.17%, recall of 97.16%, F1-score of 97.16%, and mean AUC of 99.79%"
1477,wijaya2026identification,C3,C3,,,C3,tetap,judul,"Keputusan hanya dari judul: identifikasi tingkat kematangan buah sawit dengan CNN. Tugas (klasifikasi atau deteksi), lokasi, dan modalitas tidak dapat dipastikan; RGB diasumsikan.",
1480,resta2026multimodal,C3,C3,C3,,C3,tetap,abstrak,"Putaran kedua benar untuk lokasi: abstrak menyatakan data diambil di loading ramp komersial, yang menurut aturan pengodean adalah PABRIK, bukan POHON. Untuk tugas, kedua nilai dapat dibela karena kontribusi khas kajian adalah radar gelombang kontinu 2,4 GHz yang difusikan dengan RGB untuk klasifikasi kematangan; bukti tidak menolak SENSOR, sehingga nilai putaran pertama dipertahankan.",A continuous wave 2.4 GHz radar and a digital scale capture backscattered power and bunch mass as internal cues related to dielectric properties and growth || Experiments on radar-weight data (255 samples per class) acquired at a commercial loading ramp
1481,jumrat2026detection,C3,C3,C3,,C3,tetap,teks lengkap,"Putaran kedua benar untuk lokasi. Teks lengkap (bagian Data Preparation, h. 5 PDF) menyatakan bahwa seluruh citra diambil di Thaksin Palm Company pada kondisi industri nyata untuk mewakili lingkungan operasi fasilitas pengolahan sawit, sehingga PABRIK terdukung secara positif. Nilai ""?"" pada putaran pertama berasal dari abstrak yang tidak menyebut lokasi.",All images were collected at Thaksin Palm Company under real industrial conditions. || in order to represent realistic operating environments in palm oil processing facilities
1482,dahlan2026detecting,C3,C3,,,C3,tetap,abstrak,"Dataset berasal dari beberapa sumber sehingga lokasi tandan (pohon, tanah, atau pabrik) tidak dapat ditentukan dari abstrak. YOLO11n: mAP50 88%, mAP50-95 68,3% pada validasi.","This research aims to detect real-time oil palm fruit ripeness using the You Only Look Once (YOLO) object detection model || The dataset contains annotated images categorized into four classes which are unripe, underripe, ripe, and overripe from multiple sources."
1483,arief2026machine,C3,C3,C3,,C3,tetap,teks lengkap,"Putaran kedua benar pada per_kelas. Model YOLOv4-tiny dua kelas memberi label mutu normal atau cacat kepada setiap tandan yang terdeteksi di konveyor, dan hasil validasi dilaporkan per kelas, sehingga definisi per_kelas C3 (kelas mutu per instans) terpenuhi.","We developed a two-class model to detect normal and defective FFBs. || Table 2 shows the results for the validation stages of the YOLOv4tiny model for 60 FFB samples, comprising 30 FFBs for each class."
1485,suriani2026feasibility,C3,C3,C3,,C3,tetap,teks lengkap,"Putaran kedua benar pada modalitas. Teks lengkap menyatakan seluruh data adalah citra RGB dari kamera digital biasa tanpa sensor inframerah dekat atau multispektral, dan tidak ada citra NIR nyata yang dikumpulkan. Kanal NIR adalah keluaran model translasi citra sehingga modalitas pengindraan dikode RGB.","Image acquisition was performed using a standard digital camera without any near-infrared or multispectral sensors. || Since no real NIR images were collected, the U-Net model was trained using a self-supervised and prior-guided learning strategy"
1499,warni2026stereo,C3,C3,C3,,C3,tetap,abstrak (web),"Putaran pertama dipertahankan pada multipandang. Halaman penerbit menunjukkan bahwa Hungarian matching hanya memasangkan deteksi citra kiri dan kanan dari satu pasangan stereo untuk triangulasi, dan tinggi kamera yang berbeda merupakan kondisi uji terpisah. Putaran kedua sendiri menyatakan nilai Y hanya berlaku apabila pasangan stereo dianggap multipandang; hal itu sudah tercatat pada modalitas STEREO, sehingga tidak ada bukti positif untuk mengubah nilai N.","applying Hungarian Matching ensures that detected bounding boxes in the left image are accurately associated with their corresponding detections in the right image || [parafrasa web] Metrik berupa akurasi deteksi 94,79%, F1 0,972, serta galat jarak MAPE 0,86% dan MAE 0,62 cm; pencacahan tidak dievaluasi."
1509,goh2025outdoor,C3,C3,,,C3,tetap,teks lengkap,"Makalah dataset tanpa evaluasi model deteksi atau lokalisasi, sehingga C5 tidak dicantumkan di juga_cocok. Sudut pandang bervariasi (15-60 derajat), tetapi naskah tidak menyatakan bahwa pohon yang sama difoto dari beberapa pandangan; multipandang dikodekan N dan C1 tidak berlaku.","The dataset includes 400 high-resolution RGB images captured with a 50 MP Sony IMX766V sensor, along with 400 depth maps and corresponding point clouds obtained using an Intel RealSense D455f camera. || The dataset integrates RGB images, depth maps, and point clouds, facilitating both ripeness classification and precise localization of FFBs on the tree."
1513,indrabayu2025cascading,C3,C3,,,C3,tetap,abstrak,Estimasi massa tandan dari citra UAV; tandan diduga masih di pohon (tertutup atau tidak tertutup pelepah). Abstrak tidak menyebut penggabungan beberapa pandang tandan yang sama. C2 dicantumkan karena estimasi massa prapanen dari citra tunggal.,This study presents a novel system combining unmanned aerial vehicle (UAV) photography with geometric feature extraction using YOLOv8-Segmentation and machine learning models—Random Forest Regression (RFR)—to estimate FFB mass. || achieved a Root Mean Square Error (RMSE) of 3.95 and a Mean Absolute Error (MAE) of 2.87 for frond-covered FFBs
1517,ong2025evaluating,X E6,X E6,,,X E6,tetap,abstrak,Spektroskopi impedansi listrik pada buah lepas (fruitlet); bukan sensor pencitraan.,"Impedance properties of 832 oil palm fruitlets at various maturity levels (unripe, ripe, and overripe) were measured within the 10–100 kHz frequency range || novel, non-destructive, and cost-effective method for determining oil palm fruit ripeness using electrical impedance spectroscopy"
1518,mirfan2025automated,C3,C3,,,C3,tetap,abstrak,Abstrak tidak menyebut lokasi pengambilan citra.,"The results indicate that the system can classify oil palm fruit into four distinct categories: Over-Ripe, Ripe, Half-Ripe, and Raw. || An accuracy rate of 85% was achieved."
1528,hutapea2025comparison,C3,C3,C3,,C3,tetap,teks lengkap,"Putaran kedua benar pada kedua bidang. Teks lengkap menunjukkan keluaran berupa kotak pembatas YOLO yang dinilai dengan mAP, sehingga tugasnya DET, bukan KLS. Citra diambil dari tandan yang sudah dipanen di lokasi panen kebun, sehingga lokasi TANAH; putaran pertama hanya berdasar judul.",The data collection process involved capturing images of harvested palm fruits using an iPhone 12 camera. || visiting the palm plantation harvesting site to acquire these photos
1530,luo2025computationally,C3,C3,C3,,C3,tetap,teks lengkap,"Putaran kedua benar pada per_kelas: setiap citra tandan diberi kelas mutu cacat atau tidak cacat (Subbab 3.1 dan matriks kebingungan), sehingga nilainya Y. Untuk lokasi, teks lengkap menyatakan citra diambil pada tandan di pohon dan di tanah pascapanen, sehingga nilai ""?"" dari putaran pertama tidak tepat; POHON dipakai dengan catatan bahwa lokasinya campuran.","images were captured under diverse illumination conditions and from various angles, including FFBs located both on the tree and on the ground post-harvest || this research evaluated the performance on a dataset of 466 images categorized as defective or non-defective"
1535,rosbi2025segmentation,C3,C3,C3,,C3,tetap,judul,"Tidak ada putaran yang dapat dibuktikan benar pada tugas karena abstrak dan teks lengkap tidak dapat diakses. Judul menyebut segmentasi dan deteksi kematangan dengan YOLO, yang sama-sama cocok dengan DET maupun KLS, sehingga menurut aturan bukti nilai putaran pertama (DET) dipertahankan. Kelompok C3 jelas dari judul.",
1536,kurniawan2025advancing,C3,C3,,,C3,tetap,teks lengkap,"Klasifikasi citra tunggal dengan transfer learning (1.500 citra, 3 kelas); tidak ada deteksi atau pencacahan. Naskah tidak menyatakan apakah tandan difoto di pohon atau di tanah; latar citra dihapus. Kelas 'rotten' mengisyaratkan tandan sudah dipanen, tetapi hal itu tidak dinyatakan.","This study aims to classify images of palm oil fruit into three categories: raw, ripe, and rotten, with a focus on achieving high accuracy. || The dataset was collected from community plantations in Durian Remuk village"
1537,said2025optimization,C3,C3,,,C3,tetap,abstrak,Lokasi citra tidak dinyatakan (pengumpulan di lapangan dan basis data Roboflow).,"The research specifies input features such as colour, size, texture and output classes that include the phases of unripe, ripe and overripe palm fruits. || The initial accuracy of the ANN test was 77%, but after applying GA optimization, the accuracy improved to 87%, a 10% increase."
1550,puttinaovarat2025innovative,X E5,C3,C3,bertahan,C3,kelompok berubah,abstrak,"Putaran kedua benar: abstrak menyatakan klasifikasi kematangan tandan sawit di pohon dengan akurasi 97,60% sampai 99,75%, dan aturan e menempatkan setiap kajian dengan objek tandan sawit di C3. Alasan E5 dari putaran pertama berlaku untuk pengklasifikasi kematangan buah lain (aturan b), bukan untuk sawit.",The approach utilizes deep learning and geographic information systems (GIS) to classify and analyze flood-affected areas and determine the ripeness of oil palm bunches on trees || ripeness classification accuracy for oil palm bunches on trees ranging from 97.60% to 99.75%
1552,kurniawan2025classification,C3,C3,,,C3,tetap,teks lengkap,"Klasifikasi citra utuh (AlexNet lawan CNN) tiga kelas: mentah, matang, busuk; akurasi uji 0,99. Citra diambil di kebun rakyat, tetapi teks tidak menyatakan apakah tandan berada di pohon atau di tanah, sehingga lokasi '?'.","One thousand five hundred images were collected and categorized into three classes: 500 images of ripe palm oil fruits, 500 images of raw palm oil fruits, and 500 images of rotten palm oil fruits. || Data were collected using a mobile phone camera with a resolution of 128 MP in JPG format"
1554,cindra2025utilization,C3,C3,,,C3,tetap,abstrak,"Abstrak tidak menyebut lokasi citra (pohon, tanah, atau pabrik) maupun jumlah kelas kematangan. Tugas dikodekan DET karena memakai detektor YOLO dengan kelas kematangan; KLS juga mungkin bila CNN klasifikasi menjadi bagian utama.","This study develops an automated detection system using machine learning and computer vision to classify FFB ripeness. || Convolutional Neural Networks (CNN) and YOLO object detection were utilized, delivering real-time, high-accuracy results despite varying conditions."
1555,nor2025evaluating,C3,C3,,,C3,tetap,abstrak,"Tugas mencakup deteksi tandan matang dan estimasi pose; MUTU dipilih karena pose adalah kontribusi utama, DET juga cocok. Hanya satu kelas (matang), sehingga per_kelas N. Abstrak menyebut perkebunan tetapi tidak menyatakan apakah tandan masih di pohon atau di tanah; modalitas RGB disimpulkan dari pemakaian YOLOv8-pose.","This study applies YOLOv8-pose variants of nano, small, and medium to detect ripe Fresh Fruit Bunches (FFB) and estimate their poses for orientation analysis in oil palm plantations || A custom dataset of ripe FFB images was annotated with five key point annotations representing anatomical features to support pose estimation"
1556,laddawong2025privacy,C3,C3,,,C3,tetap,teks lengkap,"Klasifikasi kematangan citra tandan di halaman pabrik dengan federated learning; tidak ada pencacahan maupun penggabungan beberapa citra tandan yang sama. Sebagian citra memuat beberapa tandan, tetapi label diberikan per citra.","achieving 92.5% accuracy across 5209 images of four ripeness levels (raw, semi-raw, semi-ripe, ripe) || beginning with the data collection of palm oil fruit images from mill yards"
1557,tang2025markerless,C3,C3,C3,,C3,tetap,abstrak,"Putaran kedua benar pada per_kelas: abstrak menyatakan bahwa setiap tandan diberi satu dari enam kategori tahap pertumbuhan, sehingga nilainya Y. Pada tugas, abstrak memuat klasifikasi dan estimasi pose 6D sekaligus, dengan judul dan kebaruan pada kerangka pose berbasis registrasi fitur; bukti tidak cukup untuk memindahkan MUTU ke KLS, sehingga nilai putaran pertama dipertahankan.",first detects the Fresh Fruit Bunch (FFB) category which involves 6 different categories of FFB growth stages and then detects its 6D pose estimation for harvesting || followed by markerless feature-registration-based oil palm FFB for 6D pose estimation with the public FFB dataset
1558,izzatina2025knowledge,C3,C3,,,C3,tetap,abstrak,Abstrak tidak menyebut lokasi pengambilan citra maupun modalitas; RGB diasumsikan dari klasifikasi citra dengan CNN.,"we propose a knowledge distillation-based framework for ordinal ripeness classification, where ResNet18, ResNet34, ResNet50, and ResNet101 serve as teacher models and MobileNetV2 acts as the lightweight student network || achieves 95.64% ± 0.63%% accuracy, outperforming standalone MobileNetV2 while reducing parameter size by 91% compared to ResNet101"
1559,jailani2025concatenated,C3,C3,C3,,C3,tetap,abstrak,"Putaran kedua benar pada multipandang. Abstrak menunjukkan kisi 3x3 dibuat untuk menghemat waktu inferensi dan sumber daya pada sistem multikamera, bukan untuk memakai beberapa pandangan tandan atau pohon yang sama secara bersama, sehingga nilainya N. Lokasi POHON dari putaran pertama dipertahankan karena tidak ada bukti yang menetapkan nilai lain.","conventional single-image inference, batch-9 inference, and a novel Concatenated Image Technique (CIT) by using the YOLOv11 object detection model for Fresh Fruit Bunch (FFB) detection in oil palm plantations || Two YOLOv11 models were trained using different data configurations, one with single images and another with concatenated 3 times 3 image grids."
1560,chowdhury2025comparative,C3,C3,,,C3,tetap,abstrak,"Deteksi tandan dengan kelas kematangan, tanpa pencacahan. Abstrak menyebut citra dari kebun tetapi tidak menyatakan apakah tandan masih di pohon atau sudah di tanah, sehingga lokasi diberi '?'.","A custom dataset of 2000 images was obtained from a palm oil plantation in the Selangor region of Malaysia to train and test models. || The YOLOv5s model proved the most effective for real-time detection of palm oil FFBs, with a 98.5% F1-score and a solid 35.76 Frames per Second (FPS)."
1561,noordin2025real,C3,C3,C3,,C3,tetap,teks lengkap,"Putaran kedua benar bahwa lokasi dinyatakan di teks lengkap: uji lapangan mencakup tandan yang masih melekat di pohon dan tandan panen di tanah, sehingga nilai '?' dari putaran pertama tidak dapat dipertahankan. POHON dicatat sebagai nilai tunggal dan TANAH disebut di catatan; keyakinan sedang karena kedua lokasi sama-sama dinyatakan.","data acquisition was conducted under two distinct operational scenarios, namely FFB detection on the tree and FFB detection on the ground. || the handheld device is used to capture images of FFBs that are still attached to the palm tree."
1565,zaman2025hybrid,C3,C3,C3,,C3,tetap,abstrak,"Bidang per_kelas tidak dapat diputuskan dari bukti yang tersedia. Abstrak tidak menyatakan jumlah kelas; frasa 'misclassified objects' tidak cukup untuk memastikan adanya kelas kematangan, dan ketiadaan penyebutan kelas juga bukan bukti positif untuk nilai N. Sesuai aturan bukti, nilai putaran pertama (Y) dipertahankan.","A key issue in detecting Fresh Fruit Bunches (FFB) in UAV imagery is occlusion, caused by overlapping fronds, clustered bunches, and inconsistent viewing angles, which often leads to undetected or misclassified objects. || YOLOv11LRM outperformed the other models, achieving an mAP50 of 99.2 % and mAP50-95 of 85.6 %."
1566,hakim2025loose,C3,C3,,,C3,tetap,abstrak,Lokasi tanah disimpulkan dari sifat brondolan; abstrak tidak menyebut lokasi secara eksplisit.,"This study evaluates the use of layer freezing of YOLOv8 nano for loose fruitlet detection, using mean average precision (mAP50-95) as the performance metric."
1570,srithai2025ripeness,C3,C3,C3,,C3,tetap,abstrak,"Putaran 2 benar pada tugas. Model YOLOv9n dievaluasi dengan mAP50 dan mAP50-95, yaitu metrik yang mensyaratkan keluaran berupa kotak pada ambang IoU, sehingga keluarannya kotak berkelas (DET) dan bukan satu kelas per citra (KLS), meskipun abstrak memakai kata klasifikasi.","The proposed model, Yolov9n (nano), adapts principles from convolutional neural networks || Training and validation datasets represent precision of 99.4%, recall of 99.6%, mean average precision at 50% (mAP50) of 99.5%, and mAP50-95 of 92.6%."
1571,setiawan2025detection,C3,C3,,,C3,tetap,abstrak,Klasifikasi citra tiga kelas; lokasi pengambilan citra tidak dinyatakan (sebagian citra dari internet).,"The dataset collection comprised 400 images of oil palm fruits divided into three types of classes, namely images of raw, ripe, and rotten oil palm fruits. || obtained a high accuracy of 98% in the training process and 76% in the model testing process"
1572,kiet2025study,C3,C3,C3,,C3,tetap,abstrak (web),"Putaran pertama dipertahankan pada lokasi. Abstrak dari Semantic Scholar hanya menyebut kondisi kebun nyata dan tidak menyatakan bahwa tandan masih berada di pohon; tandan di kebun dapat pula berada di tanah atau di tempat pengumpulan, sehingga POHON dari putaran kedua merupakan dugaan dan nilai ""?"" tetap dipakai. Tugas DET, modalitas RGB, dan per kelas Y terkonfirmasi oleh abstrak.","we present an approach leveraging YOLOv8, a recent advancement in real-time object detection, to detect and classify oil palm fruit bunches under real-world plantation conditions. || A large-scale dataset comprising over 25,000 annotated images was constructed and augmented to reflect diverse environmental variability such as lighting changes, background clutter, and fruit occlusion."
1573,laddawong2025federated,C3,C3,,,C3,tetap,abstrak,"Konteks adalah penilaian mutu di pabrik. Subset 'multipalm' berarti beberapa tandan dalam satu citra, bukan beberapa pandangan atas tandan yang sama; tugas dapat pula dibaca sebagai DET bila model mengeluarkan kotak, tetapi abstrak hanya menyebut akurasi klasifikasi 90,0 %.","this study proposes federated learning (FL) to develop local and global prediction models for grading oil palm fruit ripeness while preserving data privacy || A predictive model was created using FL principles with a training dataset of 5209 images, which was divided into two subsets: single‐palm (2571 images) and multipalm (2638 images)."
1574,desandros2025interpretable,C3,C3,,,C3,tetap,abstrak,Lokasi pengambilan citra tidak dinyatakan; modalitas RGB disimpulkan dari fitur histogram warna dan LBP.,"A range of feature extraction techniques was applied to a small-sized image dataset, followed by dimensionality reduction and statistical learning methods for feature selection and classification. || the PLSLR algorithm outperformed the more complex PLS-RBF_SVC in the evaluation, by scoring mean accuracy of 0.8393 ± 0.0253"
1575,harjanto2025lightweight,C3,C3,,,C3,tetap,abstrak,"Abstrak tidak menyebut lokasi pengambilan citra (pohon, tanah, atau pabrik) maupun jumlah kelas; segmentasi dipakai sebagai prapemrosesan untuk klasifikasi, bukan untuk pencacahan.","This paper proposes image segmentation as a means of preprocessing images and evaluates an enhanced combination of a segmentor and classifier for palm oil ripeness classification. || The best combination, being YOLOv8n-Segmentation along with Shuf-fletNetV2, achieves 98.07% accuracy, 98.13% precision, 98.07% recall, and 98.08 % Fl-score"
1576,chotikawanid2025optimizing,C3,C3,,,C3,tetap,abstrak,"Abstrak tidak menyebut lokasi pengambilan citra (pohon, tanah, atau pabrik); teks lengkap tidak dapat diakses.",this study proposes an optimized You Only Look Once Version 7 (YOLOv7) algorithm for real‐time detection and classification of oil palm fruit bunches || The optimized model achieved a classification accuracy of 92.55% and a mean average precision (mAP) of 95.08%
1580,warni2025harnessing,C3,C3,,,C3,tetap,abstrak,"Abstrak hanya melaporkan deteksi (mAP50, mAP50:95) tanpa angka; tidak ada pencacahan. Lokasi TANAH disimpulkan dari konteks brondolan di kebun.","This study explores the use of the YOLOv5 algorithm to detect loose fruits palm oil in plantations || The dataset comprises 525 images of loose fruits, covering complex conditions on plantations"
1583,fadillah2025enhanced,C3,X E5,C3,,C3,tetap,abstrak (web),"Putaran pertama dipertahankan untuk kelompok: objek kajian adalah citra tandan sawit, sehingga aturan e menempatkannya di C3, sedangkan E5 dari putaran kedua tidak sesuai karena kajian ini tidak mendeteksi buah dan putaran kedua sendiri menyatakan tidak ada alasan eksklusi yang pas. Abstrak hanya melaporkan PSNR, SSIM, dan FID tanpa penetapan kelas per tandan, sehingga per_kelas diubah menjadi N. Nilai tugas dan lokasi tidak dapat diputuskan dari abstrak dan tetap mengikuti putaran pertama.","Image quality significantly affects the results of automatic classification of oil palm maturity levels. || The image enhancement results successfully obtained a PSNR of 32.26 dB, indicating that the image enhancement results are mathematically similar to the original image."
1585,nuwara2025improving,C3,C3,C3,,C3,tetap,abstrak (web),"Nilai per_kelas tidak dapat diputuskan dari abstrak penerbit. Abstrak menyebut kelas prediksi yang dibandingkan dengan ground truth, tetapi tidak menyatakan bahwa kelas pada set data sawit adalah kelas kematangan atau mutu, sehingga usulan Y dari putaran kedua tidak didukung secara positif dan nilai putaran pertama (N) dipertahankan. Tugas DET dan lokasi ? sesuai dengan abstrak.","We used 2 datasets which exhibit image quality issues, namely Roboflow100 underwater object and oil palm fruit (Elaeis guineensis) images collected from a plantation in Indonesia. || The predicted class from the second model shows good agreement with ground truth due to colour correction by histogram matching (0.651 F1-score)."
1587,warni2025comparative,C3,C3,,,C3,tetap,abstrak,"Abstrak hanya melaporkan metrik deteksi (mAP sekitar 0,83 sampai lebih dari 0,86) tanpa penghitungan. Lokasi TANAH disimpulkan dari sifat brondolan dan frasa 'plantation image dataset'; abstrak tidak menyebutnya secara eksplisit.","evaluate and compare the performance of four generations of YOLO models (YOLOv5, YOLOv8, YOLOv9, and YOLOv11) for detecting loose fruits palm oil || A total of 20 different model scales were tested using a carefully annotated plantation image dataset resized to $640 \times$ 640 pixels."
1589,sukma2025integration,C3,C3,,,C3,tetap,abstrak,Deteksi tandan satu kelas pada kondisi cahaya rendah; tidak ada kelas kematangan dan tidak ada pencacahan.,"The proposed approach is to integrate Single Scale Retinex (SSR) to improve the quality of light intensity in the image, then the detection process is carried out by Single Shot Multibox Detector (SSD). || The experiment was carried out using images of oil palm fruit bunches taken directly on the tree"
1592,hamzah2025ai,X E4,C3,C3,disanggah,X E4,sengketa,abstrak,"Putaran 2 benar menurut aturan e: objek kajian adalah brondolan kelapa sawit, dan abstrak menyebut deteksi, pelokalan, serta pencacahan brondolan pada citra dengan akurasi lebih dari 85%, sehingga kajian masuk C3 dengan tugas LF. Putaran 1 memberi E4 karena sistemnya robot pengambil, tetapi aturan e menempatkan setiap kajian citra brondolan sawit di C3.","This work presents an AI-driven delta robot system that capable of real-time detection, localization, and collection of loose fruitlets. || A monocular camera captures tray images, which are rectified using homography and processed with a convolutional detector trained on a curated oil palm fruitlets dataset."
1597,santoso2025se,C3,C3,,,C3,tetap,abstrak,Kontribusi utama adalah metode oversampling ruang laten; abstrak tidak menyebut lokasi pengambilan citra maupun modalitas secara eksplisit (RGB diasumsikan dari 'agricultural imaging').,"We validate our method on a novel long-tailed benchmark dataset for five-class oil palm fruit grading. || At an extreme imbalance ratio of 100, SE-SMOTE achieves a macro-averaged F1-score of 0.621, outperforming Expansive Over-Sampling (EOS) (0.594) and DeepSMOTE (0.275)"
1607,soetrisno2024oil,C3,C3,C3,,C3,tetap,teks lengkap,"Putaran kedua benar pada kedua bidang. Teks lengkap menyatakan modelnya detektor objek EfficientDet-Lite2 yang dilatih dengan anotasi kotak pembatas dan mengeluarkan kelas beserta kotak serta melaporkan mAP, sehingga tugas adalah DET. Teks juga menyebut komposisi citra, yaitu 183 dari 240 citra diambil di tanah, sehingga lokasi yang semula tidak diketahui diisi TANAH.","There were 27 photos of palm bunches hanging from the tree, 183 photos on the ground, 11 photos capturing scenes with hanging FFB, and 19 photos of groups with grass in the background. || TensorFlow Lite would determine the class and bounding box based on the classification of the EfficientDet-Lite2 embedded in the application."
1608,shiddiq2024multispectral,C3,C3,C3,,C3,tetap,teks lengkap,"Putaran pertama dipertahankan untuk tugas (SENSOR): kontribusi yang dinyatakan makalah berpusat pada sistem pencitraan multispektral berbasis larik LED delapan panjang gelombang, dan salah satu dari dua eksperimennya adalah analisis intensitas pantulan per panjang gelombang. Nilai KLS dari putaran kedua juga beralasan karena YOLOv4 dua kelas memberi kelas matang atau mentah per tandan, tetapi bukti tidak menyangkal SENSOR sehingga nilai putaran pertama tidak diubah. Kolom multipandang diubah menjadi N karena tidak ada dua citra tandan yang sama yang dipakai bersama.","the imaging system used a donut-shaped LED array with eight wavelengths in visible and IR regions, which was a replacement for multispectral imaging based on halogen lamps and filter wheels || The study has two experiments: analyzing ripeness levels of oil palm FFBs using reflectance intensities at different wavelengths and detecting the ripeness levels using a YOLO algorithm"
1609,rosbi2024machine,C3,C3,,,C3,tetap,abstrak,"Abstrak hanya menyebut citra luar ruang; tidak jelas apakah tandan di pohon, di tanah, atau di tempat pengumpulan, sehingga lokasi diberi tanda tanya. Kelas rusak dan kosong mengisyaratkan tandan sudah dipanen. YOLOv4-Tiny dipakai hanya untuk melokalkan tandan sebelum klasifikasi, sehingga tugas utama KLS.","the aim is to propose an outdoor image-based fresh fruit bunch (FFB) classification system, emphasising pre-processing technique and feature extraction techniques suitable for limited datasets || the FFB was localised within the original images using the YOLOv4-Tiny algorithm"
1618,zulkhoiri2024investigation,C3,C3,,,C3,tetap,abstrak,Abstrak menyebut lokasi kebun (Felda Chuping 2) tetapi tidak menyatakan apakah tandan dipotret di pohon atau di tanah.,"This study proposes an intelligent classifier using color-based features to classify oil palm fruit bunches into three categories: ripe, half-ripe, and unripe. || This framework involved capturing images of oil palm fruit bunches at Felda Chuping 2 using commercial camera"
1619,junos2024improved,C3,C3,C3,,C3,tetap,abstrak (web),"Putaran kedua benar pada tugas. Abstrak verbatim dari halaman Springer menyatakan model deteksi objek berbasis YOLO dengan regresi kotak pembatas dan metrik mAP 94,37%, sehingga keluarannya berupa kotak berkelas (DET), bukan klasifikasi citra (KLS) yang ditetapkan putaran pertama dari judul saja. Lokasi tidak diperselisihkan dan tetap PABRIK.","This work involves developing an improved object detection model based on the You Only Look Once model to accurately identify four grades of oil palm FFB, namely, ripe, unripe, underripe, and overripe. || The results indicate that the proposed model obtains a remarkable mAP of 94.37% and an F1-score of 0.89."
1635,ramasenderan2024development,C3,C3,,,C3,tetap,judul,"Keputusan hanya dari judul: deteksi dan klasifikasi buah sawit matang dan mentah dengan YOLOv5. Lokasi akuisisi, modalitas (diasumsikan RGB), dan ada tidaknya pencacahan tidak dapat dipastikan.",
1639,narendran2024loose,C3,C3,,,C3,tetap,judul,"Abstrak tidak ditemukan. Judul dan seri makalah (kolektor brondolan sawit otonom, AIP Conf. Proc. 3161) menunjukkan deteksi brondolan di tanah; modalitas RGB diasumsikan dan tidak terverifikasi.",
1644,omar2024outdoor,C3,C3,,,C3,tetap,abstrak,"Dataset memuat tandan di pohon dan di tanah; lokasi dikode POHON, TANAH juga berlaku. Multipandang Y didasarkan pada frasa 'from various angles'; abstrak tidak menyatakan bahwa pandangan-pandangan itu ditautkan ke tandan yang sama, sehingga C1 tidak dicantumkan. Modalitas RGB disimpulkan dari uraian warna, tidak dinyatakan eksplisit.","The data collection involved acquiring pictures of FFB from various angles and classifying them based on their ripeness level, categorised into five classes || requires an extensive outdoor dataset that comprise FFB's both on the tree and on the ground."
1656,puttinaovarat2024oil,C3,C3,C3,,C3,tetap,teks lengkap,"Putaran kedua benar pada lokasi. Abstrak dan bagian data pada teks lengkap menyatakan secara eksplisit bahwa citra diambil dari tandan yang masih berada di pohon, sehingga nilai TANAH dari putaran pertama tidak didukung sumber.",a total of 8779 images of oil palm bunches on the tree were collected || ascertain the ripeness of oil palm bunches while they are still on the tree.
1665,wang2024novel,C3,C3,C3,,C3,tetap,teks lengkap,"Putaran kedua benar pada multipandang. Teks lengkap menyatakan bahwa dua citra (sisi depan dan belakang) diambil untuk setiap tandan dan luas area bertopeng kedua sisi dirata-ratakan untuk menentukan satu kelas kematangan, sehingga dua pandang tandan yang sama dipakai bersama. Putaran pertama hanya membaca abstrak yang tidak menyebut hal itu.",Two images for each category were taken simultaneously from the front and back sides of each fruit bunch. || The masked areas of the front and back side of the images will be calculated.
1670,shiddiq2024neural,C3,C3,C3,,C3,tetap,teks lengkap,"Putaran pertama dipertahankan pada kedua bidang. Teks lengkap menunjukkan 184 tandan dipindai dari tiga sisi dan menghasilkan 523 titik data terpisah, sehingga sisi-sisi itu tidak dipakai bersama dan multipandang tetap N. Kajian ini mengklasifikasi kematangan dengan pencitraan hiperspektral, sehingga KLS dan SENSOR sama-sama cocok dan bukti tidak menyangkal SENSOR.","Image acquisition was performed on each oil palm FFB moving on a conveyor. || Spectral mean conversion for each image was performed to get mean reflectance intensities for a wavelength range of 400–1,000 nm for each FFB sample"
1677,goh2024synthetic,C3,C3,,,C3,tetap,abstrak (web),Lokasi tandan (pohon atau tanah) dan modalitas tidak dinyatakan dalam parafrasa; RGB diasumsikan dari citra sintetis hasil simulasi.,"[parafrasa web] Studi memakai pendekatan berbasis simulasi untuk membangkitkan citra FFB sintetis dengan variasi pencahayaan, tampilan objek, dan lingkungan; jumlah data sintetis disamakan dengan data nyata. || [parafrasa web] Hasil menunjukkan data sintetis meningkatkan akurasi dan kemampuan generalisasi model klasifikasi kematangan."
1679,kusumawardani2024integrated,C3,C3,,,C3,tetap,abstrak,Abstrak mengkritik inspeksi manual yang 'single-visual' tetapi tidak menyatakan bahwa sistem memakai lebih dari satu citra per tandan; multipandang diisi N dengan keyakinan rendah.,A critical stage in the palm oil production process is the sorting of fresh fruit bunches (FFB) at the loading ramp reception area || the study integrates deep learning (CNN) and machine learning (HOG-SVM) techniques for improved classification accuracy
1681,hidayat2024establishing,C3,C3,C3,,C3,tetap,abstrak,"Putaran kedua benar pada lokasi. Satu-satunya petunjuk lokasi dalam abstrak adalah pemeriksaan ulang kematangan TBS di tempat pengumpulan hasil (TPH), yaitu tandan yang sudah dipanen, sedangkan tidak ada kalimat yang mendukung tandan masih di pohon. Kode kelompok C3 dan tugas HIT tidak diperselisihkan dan dipertahankan.","requires re-checking the ripeness of fresh fruit bunches (FFB) at the collection point (TPH) to ensure that the bunches brought to the factory are ripe || can be used to optimally detect, calculate, and classify the ripeness of the FFB"
1683,harmiansyah2024detection,C3,C3,,,C3,tetap,abstrak,"Abstrak tidak menyebut lokasi pengambilan citra (pohon, tanah, atau pabrik). Tidak ada pencacahan, sehingga C4 tidak dicantumkan.",maturity detection based on deep learning with a pre-trained YOLOv5 model capable of detecting the maturity of new oil palm fruit bunches || the YOLOv5 model demonstrates strong performance with an accuracy reaching 72.5% in testing
1684,goh2024vision,C3,C3,,,C3,tetap,abstrak,"Lokasi pengambilan citra tidak dinyatakan di abstrak. Evaluasi memakai BLEU dan ROUGE, bukan akurasi klasifikasi.","This paper examined the potential of vision language models, including LLaVA 1.5, Yi-VL, and PaliGemma, to automate and enhance FFB ripeness assessment || The models were evaluated on their ability to classify ripeness stages and the accuracy of generated descriptive text"
1685,bakar2024color,C3,C3,,,C3,tetap,abstrak,Abstrak tidak menyebut lokasi pengambilan citra; dataset dihimpun dari berbagai sumber.,this study aims to evaluate the feasibility of using Convolutional Neural Networks for automating the grading based on color || The model was constructed incorporating a transfer learning approach with an Xception model. The model achieved an overall accuracy of 80.4%.
1686,josdaan2024revolutionizing,C3,C3,,,C3,tetap,abstrak,"Metrik top-1 dan top-5 menunjukkan klasifikasi citra, bukan deteksi; lokasi pengambilan citra tidak disebut.","The six maturity clusters for oil fruit images are Rotten, Underripe, Unripe, Overripe, and Empty Bunch. || YOLOv8m processes at an average speed of about 14.68 iterations per second and achieves top-1 and top-5 accuracy of 0.9885 and 0.998, respectively."
1687,naghipour2024yolo,C3,C3,,,C3,tetap,abstrak,"Abstrak tidak menyebut lokasi tandan (pohon, tanah, atau pabrik) dan tidak menyebut penghitungan.",employs a YOLOv10-S model with mAP (mean average precision) of 0.95 for detecting ripe FFB (fresh fruit bunch) from unripe FFB
1696,naftali2024palm,C3,C3,C3,,C3,tetap,abstrak,"Putaran pertama benar pada tugas. Judul menyebut pencacah dan abstrak melaporkan MAE 0,164 serta RMSE 0,4 untuk hitungan, sehingga HIT didukung bukti; putaran kedua sendiri mengakui HIT berlaku. Deteksi hanya tahap perantara, sehingga tidak ada bukti positif untuk mengganti HIT dengan DET.","it achieved low Mean Absolute Error (MAE) of 0.164 and Root Mean Square Error (RMSE) of 0.4, indicating precise counting capability || The dataset includes five ripeness classes (abnormal, ripe, underripe, unripe, and flower)"
1698,jailani2024fresh,C3,C3,,,C3,tetap,abstrak,"Objek tandan buah segar hanya dinyatakan di judul; abstrak membahas strategi pelatihan YOLOv5s (citra digabung) dan tidak menyebut lokasi citra, kelas kematangan, atau modalitas. Modalitas RGB dan per_kelas N adalah asumsi. Kontribusi utama bersifat teknik pelatihan, tetapi tetap berupa deteksi tandan sawit yang dievaluasi.","we evaluate the impact of different training methodologies on the performance of YOLOv5s, a popular object detection model, by comparing training time, GPU memory usage, and detection accuracy || this approach leads to a slight reduction in detection accuracy compared to the native methods that do not involve image concatenation"
1700,bonet2024deep,C3,C3,,,C3,tetap,abstrak,"Abstrak tidak menyatakan apakah YOLOv8 dipakai sebagai detektor atau pengklasifikasi citra, sehingga tugas dapat berupa DET atau KLS; DET dipilih karena dilaporkan precision dan recall. Lokasi tandan tidak dinyatakan.","This study explores the application of deep learning, specifically the YOLOv8 model, for predicting the ripeness of oil palm fruit bunch through digital images. || The research highlights the effectiveness of YOLOv8 in automating the ripeness classification oil palm fruit bunches"
1702,purba2024comparison,C3,C3,,,C3,tetap,abstrak,"Abstrak tidak menyebut lokasi pengambilan citra (pohon, tanah, atau pabrik); hanya disebut repositori kebun PTPN IV.","The dataset collected for this research consists of 180 images with a size of 640x640 and a camera resolution of 12 Mega Pixel. || The results show that both YOLOv8 and YOLOv9 successfully detected ripe, rotten, and unripe oil palm fruit with an accuracy of 0.984 (98.4%) and 0.99 (99%)."
1704,chowdhury2024oil,C3,C3,,,C3,tetap,abstrak (web),"Abstrak menyebut citra dari perkebunan, tetapi tidak menyatakan apakah tandan masih di pohon atau sudah di tanah; lokasi diberi kode ?.","[parafrasa web] Citra nyata TBS dari perkebunan kelapa sawit dibagi menjadi empat kelas (unripe, underripe, ripe, overripe) dan dideteksi dengan YOLOv6s dan YOLOv6m. || [parafrasa web] YOLOv6m dengan 100 epoch: precision 36,9%, recall 30%, F1 33,1%, mAP50 36,9%, mAP50-95 16,5%."
1713,japar2024oil,C3,C3,C3,,C3,tetap,abstrak,"Putaran kedua benar pada multipandang. Abstrak menguraikan deteksi per citra: tiap bingkai dipotong menjadi ubin yang diproses sendiri-sendiri oleh YOLOv4 dan dinilai dengan presisi, recall, dan F1; tidak ada pelacak, pencocokan antarbingkai, atau penggabungan beberapa pandang. Sumber berupa video saja tidak memenuhi syarat multipandang, sehingga nilai Y pada putaran pertama tidak didukung bukti.","This involves slicing the image into smaller sections (i.e., tiles) for individual processing by YOLOv4 and YOLOv4-tiny models, enhancing detection accuracy. || Our system leverages high-resolution video data (4K and 1080p) from various plantation settings."
1716,kakisina2024detection,C3,C3,,,C3,tetap,abstrak,"Kajian memuat urutan pengambilan oleh robot (dekat E4), tetapi deteksi brondolan sawit dievaluasi dengan mAP50 sehingga dikodekan C3. Lokasi TANAH disimpulkan dari sifat brondolan; abstrak hanya menyebut perkebunan.","This paper uses YOLOv7 to detect and collect loose palm fruits with an autonomous harvesting robot. || The robot uses YOLOv7 to detect fruits, prioritizing picking based on the coordinates of the bounding box."
1742,pusadan2023image,C3,C3,,,C3,tetap,abstrak,Abstrak tidak menyebut lokasi pengambilan citra.,"This study aims to produce a system that can classify the maturity of oil palms based on feature extraction of characteristics of the hue, saturation and value (HSV) color features. || Classification of oil palm fruit maturity is classified using the K-Nearest Neighbor (KNN) algorithm with a dataset of 400 oil palm fruit image data"
1743,salim2023hyperparameter,C3,C3,,,C3,tetap,abstrak,"Abstrak tidak menyebut lokasi pengambilan citra (pohon, tanah, atau pabrik). Judul menyebut YOLOv4 tiny, abstrak menyebut YOLOv4.","this research uses 4,160 images of oil palm fruit maturity which is divided into six categories, namely empty fruit, underripe, abnormal, ripe, under-ripe, and over-ripe. || The result is YOLOv4 model experienced an increase in mAP compared to before using GA hyperparameter optimization."
1745,suharjito2023annotated,C3,C3,,,C3,tetap,teks lengkap,"Makalah data sawit, sehingga kode utama C3. C1 dicantumkan di juga_cocok karena video memutar memuat tandan yang sama pada banyak frame, tetapi tidak ada metode asosiasi maupun pencacahan; validasi hanya deteksi per frame. Angka objek per kelas adalah jumlah anotasi, bukan cacah tandan unik.",this study introduces a new complete dataset obtained directly from palm oil mills in the form of videos and images || The recording strategy uses rotating the camera 360° around the pile of palm oil FFB to capture the most of the FFB positions.
1747,herman2023deep,C3,C3,,,C3,tetap,teks lengkap,"Klasifikasi citra tandan ke 7 kelas kematangan dengan AuxNet (DenseNet121 + ALAM), akurasi uji 0,87. Lokasi pengambilan citra tidak dinyatakan; pendahuluan menyebut tujuan penyortiran tandan sesudah panen.","we propose a deep learning model with an addition-based attention mechanism as an oil palm fruit ripeness classification system. || we used a dataset of 400 images oil palm FFB images, categorized into 7 ripeness classes."
1756,wijaya2023superiority,C3,C3,,,C3,tetap,judul,"Abstrak tidak ditemukan. Kode kelompok C3 cukup jelas dari judul (deteksi buah sawit dengan YOLOv4), tetapi lokasi, modalitas, dan ada tidaknya kelas kematangan hanya dugaan dari judul.",
1766,borman2023classification,C3,C3,,,C3,tetap,abstrak (web),Lokasi pengambilan citra tidak disebut dalam parafrasa abstrak. Kalimat tentang K-means dan empat tingkat F0-F3 pada hasil pencarian tampaknya berasal dari makalah lain sehingga tidak dipakai.,"[parafrasa web] Klasifikasi tingkat kematangan TBS sawit dari citra dengan LDA: transformasi RGB ke L*a*b, segmentasi thresholding, ekstraksi fitur HSV; akurasi 85%."
1775,pipitsunthonsan2023palm,C3,C3,,,C3,tetap,judul,"Abstrak tidak ditemukan; keputusan dari judul dan sumber saja. Frasa multi-input dapat berarti beberapa citra tandan yang sama (multipandang Y, dan mungkin C1) atau beberapa jenis masukan; hal itu tidak dapat dipastikan. Lokasi, modalitas, dan multipandang perlu diperiksa pada teks lengkap.",
1783,sari2023ripeness,C3,C3,,,C3,tetap,abstrak (web),"Lokasi pengambilan citra tidak dinyatakan. Metode berupa pengelompokan K-Means berdasarkan warna, bukan deteksi dalam adegan.","[parafrasa web] The study used 120 images of oil palm FFB from four maturity levels, namely unripe, half-ripe, ripe, and overripe. || [parafrasa web] compares three measuring data distances to the cluster's centre: Euclidean, Manhattan, and Chebyshev Distance; Chebyshev Distance-Silhouette Coefficient is the most optimal."
1795,priyadi2023comparison,C3,C3,,,C3,tetap,abstrak,"Abstrak tidak menyebut lokasi pengambilan citra (pohon, tanah, atau pabrik). Hanya metrik deteksi per kelas kematangan; tidak ada pencacahan.",the authors conducted research to identify the most suitable algorithm for detecting the ripeness of palm oil fruit || The study utilized a dataset consisting of 8299 images with six maturity levels
1798,valentine2023classification,C3,C3,,,C3,tetap,abstrak (web),Kutipan verbatim dari abstrak di halaman Springer. Abstrak tidak menyebut lokasi citra maupun angka akurasi.,"this paper proposes an automatic grading system of oil palm FFB using a deep learning approach, specifically by using Convolutional Neural Network (CNN) || this work investigates the effectiveness of applying a deep learning approach to perform a multi-class classification task"
1799,suharjito2023real,C3,C3,,,C3,tetap,teks lengkap,"Deteksi tandan dengan enam kelas kematangan pada tumpukan di area grading pabrik (YOLOv4). Video diambil dengan mengelilingi tumpukan sehingga tandan yang sama muncul pada banyak bingkai, tetapi setiap bingkai diproses dan dievaluasi sendiri tanpa langkah antarbingkai; karena itu bukan C1. Nilai multipandang Y hanya mencerminkan cara akuisisi, bukan penggabungan pandangan. Tidak ada pencacahan.",The research process involves collecting videos of palm oil piles using smartphones in the grading area of the palm oil industry. || a dataset was collected using a smartphone for each stack of FFB by circling it for 10–15 seconds to get images of each blunt FFB from various angles
1800,saechen2023oil,C3,C3,C3,,C3,tetap,abstrak (web),"Putaran pertama dipertahankan pada lokasi. Abstrak hanya menyebut bahwa penilaian visual saat ini dilakukan staf pabrik di titik pembelian sebagai latar belakang, dan tidak menyatakan tempat foto tandan diambil. Nilai PABRIK dari putaran kedua merupakan simpulan dari konteks, bukan pernyataan sumber, sehingga lokasi tetap ""?"".","Currently, palm-oil mills in Thailand employ staff to visually assess the ripeness of fresh palm bunches at point of purchase."
1801,gunawan2023palm,C3,C3,,,C3,tetap,abstrak,Abstrak tidak menyebut lokasi pengambilan citra maupun sumber dataset.,"This study investigates the potential of the YOLOv8 framework, particularly its YOLOv8m variant, for ripeness classification and detection. || This model's mAP50-95 of 0.927 balances computational efficiency and accuracy"
1804,mamat2023enhancing,C3,C3,C3,,C3,tetap,teks lengkap,"Putaran kedua benar pada tugas: keluaran berupa kotak pembatas YOLO berkelas yang dinilai dengan mAP, sehingga DET. Untuk lokasi, teks menyatakan citra dikumpulkan di kebun dan drone dipakai memotret pohon sawit yang tinggi, sehingga POHON didukung secara positif, dengan keyakinan sedang karena asal citra ponsel tidak dirinci.",The collected images were captured by using a smartphone and unmanned aerial vehicle (UAV) with DJI Phantom 4 || Figure 1 shows a drone used to capture the image of a tall oil palm tree.
1805,junior2023video,C3,C3,C3,,C3,tetap,teks lengkap (web),"Putaran kedua benar pada multipandang: teks lengkap menunjukkan deteksi per frame tanpa pelacakan atau penggabungan antarframe, dan pelacakan disebut sebagai penelitian lanjutan. Teks lengkap juga menyatakan bahwa tandan direkam di lokasi grading, bukan di pohon, sehingga lokasi diubah dari POHON menjadi PABRIK walaupun kedua putaran sepakat pada POHON berdasarkan abstrak.",oil palm fruit bunches with various types of maturity are collected at the oil palm grading site in Central Kalimantan. The video is taken using a smartphone || Object detection against sequential images of oil palm fresh fruit bunches can be developed back into the next research such as object tracking.
1806,saifullah2023palm,C3,C3,,,C3,tetap,abstrak,"Abstrak tidak menyebut lokasi pengambilan foto (pohon, tanah, atau pabrik).","This study aims to classify the maturity level of oil palm using the K-Nearest Neighbors (KNN) method based on the extraction of RGB and L*a*b color features. || The process starts with taking 150 photos with a smartphone. Each of them is then grouped into 3 classes, namely ripe (50), intermediate (50), and unripe (50)."
1807,sunggara2023fault,X E5,X E1,X E1,,X E1,alasan berubah,abstrak,"Putaran 2 benar pada alasan. Abstrak menyatakan bahwa objek yang dideteksi adalah posisi dan gerakan pemanen yang benar atau salah serta keselamatan panen, bukan buah atau tandan, sehingga alasan eksklusi yang sesuai adalah E1. E5 dari putaran 1 mengandaikan buah terdeteksi, dan hal itu tidak didukung abstrak.","The purpose of this research is to classify detection errors in the oil palm harvesting process. And in this case, also training in choosing the right position when harvesting oil palm. || The results of false and true motion detection tests to detect movements of oil palm harvesting with multiples of 50 have produced a 100% map."
1822,aji2023oil,C3,C3,C3,,C3,tetap,abstrak,"Putaran pertama dipertahankan pada per_kelas. Abstrak hanya menyebut detektor USB dan akurasinya, tanpa menyatakan bahwa setiap tandan yang terdeteksi diberi kelas mutu (USB atau EFB), dan teks lengkap tidak dapat diakses. Bukti yang terjangkau tidak cukup untuk mengubah nilai menjadi Y.","Identifying Unstriped Bunches (USB) is a pivotal challenge in palm oil production, contributing to reduced mill efficiency. || PGGAN is assumed to be pivotal in generating synthetic images of Empty Fruit Bunches (EFB) and USB."
1836,zolfagharnassab2022classification,C3,C3,C3,,C3,tetap,teks lengkap,"Putaran kedua benar pada lokasi: teks lengkap menyatakan tandan dipanen dan disimpan semalam pada suhu ruang sebelum dipindai, sehingga lokasinya PABRIK (laboratorium). Pada multipandang, putaran pertama dipertahankan karena teks hanya menyebut citra sisi depan dan belakang diambil, tanpa menyatakan bahwa kedua sisi digabung dalam analisis; indeks ∆Temp dihitung dari suhu rerata ROI per citra.",FFBs samples were harvested from the plantation and kept at room temperature overnight prior to being scanned by the thermal camera. || thermal images of the front and back sides of the FFBs were taken.
1841,shiddiq2022volume,C3,C3,,,C3,tetap,abstrak,"Pengukuran volume tandan lepas panen untuk sortasi pabrik; abstrak tidak menyebut jumlah pandangan per tandan, sehingga multipandang diisi N.",This study aimed to use a computer vision method with a cross-line laser beam to measure the volumes of oil palm FFB using a segmentation process and an ellipsoid equation. || Samples were 40 oil palm FFB of Tenera Variety.
1844,alfatni2022real,C3,C3,C3,,C3,tetap,teks lengkap,"Putaran kedua benar pada lokasi. Teks lengkap menyatakan bahwa tandan yang sudah dipanen dicitrakan di dalam rumah pemindai tertutup berpencahayaan terkendali dengan alat pengumpan (h. 7), yaitu stasiun pemilahan atau laboratorium, sehingga lokasi adalah PABRIK dan bukan ""?"". Kode lain dari putaran pertama tetap.","Each harvested fruit received a specific sheet containing its name, number, type and ripeness class. || a housing having an enclosure for scanning process"
1855,junos2022automatic,C3,C3,C3,,C3,tetap,abstrak (web),"Putaran kedua benar pada tugas. Abstrak dari halaman penerbit menyatakan bahwa objek yang dideteksi adalah buah lepas (loose fruits) kelapa sawit pada citra UAV, bukan tandan, sehingga kodenya LF; putaran pertama hanya berdasar judul.",This paper proposed an improved YOLO model to detect oil palm loose fruits from unmanned aerial vehicle images. || The experimental results show that the proposed model achieves outstanding average precision of 99.76% with detection time of 34.06 ms.
1858,shiddiq2022wavelength,C3,C3,C3,,C3,tetap,abstrak,"Putaran pertama dipertahankan. Abstrak menyebut set data hiperspektral hanya sebagai sumber pemilihan panjang gelombang, sedangkan judul dan tujuan kajian adalah pencitraan multispektral dengan delapan panjang gelombang terpilih untuk klasifikasi tiga tingkat kematangan. Abstrak tidak menyatakan sensor yang dipakai pada klasifikasi akhir, sehingga perubahan ke HSI tidak terdukung secara positif.",Implementation of multispectral imaging for the task needs wavelength selection from hyperspectral datasets. || We have selected eight optimum wavelengths using principal component analysis (PCA) regression which represented the ripeness levels.
1867,aji2022oil,C3,C3,C3,,C3,tetap,teks lengkap,"Putaran kedua benar pada kedua bidang. Teks lengkap menunjukkan bahwa keluaran sistem adalah kotak pembatas Faster R-CNN yang dinilai dengan mAP, sehingga tugasnya DET, bukan pengukuran mutu. Setiap kotak diberi kelas USB atau EFB (245 dan 255 anotasi), sehingga per_kelas bernilai Y.","The images of the datasets are captured from video surveillance mounted on top of the exhaust conveyor of a palm oil mill. || For USB and EFB classes, the EFB class is 255, and the USB class is 245. LabelImg [9] is used for labeling images."
1872,amirruddin2022synthetic,X E1,X E1,,,X E1,tetap,abstrak (web),"Objek kajian adalah hara dan klorofil daun kelapa sawit dari spektroradiometer dan UAV, bukan tandan buah.",[parafrasa web] Integrasi SMOTE dengan LMT dan AdaBoost (LMT-SMOTEBoost) paling baik untuk mengklasifikasi status kecukupan biokimia daun kelapa sawit dewasa. || [parafrasa web] Indeks vegetasi mengungguli pita mentah dalam membedakan sifat biokimia daun pada tingkat kanopi.
1879,khamis2022comparison,C3,C3,C3,,C3,tetap,abstrak,"Abstrak memuat kedua tugas, yaitu klasifikasi citra dan deteksi objek, sehingga tidak ada bukti yang secara positif mengharuskan perubahan ke KLS. Nilai putaran pertama (DET) dipertahankan karena kesimpulan abstrak mengunggulkan model deteksi objek.",A comparison using image classification (ResNet50) and object detection (YOLOv3) technique is analysed in this work. || It is clearly demonstrated that object detection model is remarkable in improving ripeness category
1880,arulnathan2022background,C3,C3,C3,,C3,tetap,abstrak,"Putaran pertama dipertahankan pada tugas. Objek kajian adalah buah satuan (fruitlet), bukan citra tandan, sehingga definisi KLS yang mensyaratkan citra tandan tidak terpenuhi secara positif dan LF tetap paling sesuai dengan objeknya. Bukti yang dapat diakses hanya abstrak, yang tidak menyebut lokasi, sehingga nilai lokasi putaran pertama juga tidak diubah.","This study investigates the effect of background subtraction on the performance of a deep neural network to accurately identify the ripeness of palm oil fruitlets i.e. ripe, unripe and over ripe. || [parafrasa web] Kajian lain mengutip pendekatan CNN Arulnathan dkk. (2022) dengan akurasi 96% untuk tiga kelas kematangan pada 126 citra."
1882,mansour2022object,C3,C3,,,C3,tetap,abstrak,"Abstrak tidak menyebut lokasi pengambilan citra (pohon, tanah, atau pabrik). Tugas dikodekan DET karena memakai detektor objek dengan kelas kematangan; tidak ada pencacahan.","In this paper, several object detection algorithms were investigated to classify the ripeness of oil palm fresh fruit bunch. || The models were trained on a dataset with four main ripeness classes: ripe, unripe, half-ripe, and over-ripe."
1883,lai2022real,C3,C3,C3,,C3,tetap,abstrak,Putaran kedua benar pada modalitas. Abstrak hanya menyebut citra 1920x1080 dari kamera D435 yang dimasukkan ke YOLOv4 dan tidak menyebut data depth; resolusi tersebut adalah resolusi aliran warna kamera itu. Kode RGB+DEPTH pada putaran pertama hanya disimpulkan dari nama kamera.,live camera input is fed into a Convolutional Neural Network (CNN) model known as YOLOv4 to detect the presence of ripe FFBs on the oil palm trees in real-time || a large number of ripe FFB images were collected using an Intel Realsense Camera D435 with a resolution of $1920\times 1080$
1884,chen2022detection,C3,C3,,,C3,tetap,abstrak,Lokasi POHON disimpulkan dari konteks sistem pemanenan; abstrak tidak menyebut lokasi citra secara eksplisit dan tidak menyebut kelas kematangan.,"a comparison is performed between four different models: Support Vector Machine (SVM) which uses the Histogram of Gradients (HOG), Faster R-CNN, YOLOv4 and YOLOv5 || making it the best model for use in a harvesting system for the detection of FFBs"
1885,kadir2022analysis,C3,C3,,,C3,tetap,abstrak,"Deteksi tandan di tanah untuk mesin pengumpul otonom. Kamera RealSense dipakai, tetapi abstrak tidak menyatakan apakah kanal depth masuk ke detektor; modalitas RGB+DEPTH ditulis berdasarkan sensornya. Tidak ada kelas kematangan.",This research focuses on the performance of the detection method of YOLOv4 in detecting and collecting FFB on the ground via a RealSense camera. || The recognition performance is improved significantly from YOLOv4 to YOLOv4-tiny in term of the FPS and the time taken for the detection.
1891,robi2022image,C3,C3,,,C3,tetap,abstrak,Abstrak tidak menyebut lokasi tandan (di pohon atau di tanah) dan tidak menyebut pencacahan. Tugas dikodekan DET karena deteksi dan klasifikasi empat tingkat kematangan dilakukan dengan YOLO.,developing automated detection systems using a deep learning model to detect and classify oil palm fruit bunch based on their ripeness level || YOLOv4 has a higher accuracy of 98.70% in detecting and classifying oil fruit bunches based on their ripeness level
1893,suharjito2022effect,C3,C3,,,C3,tetap,abstrak,"Abstrak hanya menyebut citra diambil di perkebunan; tidak dinyatakan apakah tandan masih di pohon atau sudah di tanah, sehingga lokasi diisi '?'.","data collection of oil palm fruit images was carried out in oil palm plantations, with six categories of maturity levels, namely ripe, underripe, overripe, immature, empty and abnormal. || The development of a classification model for oil palm fruit maturity using deep learning, namely: Alexnet, MobileNetV1 and MobileNetV2."
1940,siong2021combinatorial,C3,C3,,,C3,tetap,teks lengkap,"Deteksi berupa klasifikasi biner per citra (ada atau tidak ada tandan) dari 44 citra uji: TPR RGB 0,773, depth 0,864, gabungan 1,000 (Tabel 2-5, h. 6-7). Lokalisasi tandan pada peta RTAB-Map hanya diuji di simulasi Gazebo dengan model tandan 3D dan tanpa metrik kuantitatif; teks menyebut jumlah tandan 'correctly counted' (h. 8) tanpa angka, sehingga C1 tidak dicantumkan. Tandan berada di tanah, bukan brondolan.",This work proposes a visual SLAM system with a distinctive capability of detecting and localising oil palm loose fresh fruit bunches (FFB) on the ground using intelligent image processing. || The detection output of both models was combined using the ‘OR’ gate concept.
1953,suharjito2021oil,C3,C3,,,C3,tetap,abstrak (web),"Lokasi pengambilan citra tidak disebut dalam abstrak. ""9-angle crop"" adalah augmentasi data pada satu citra, bukan beberapa pandangan tandan yang sama, sehingga multipandang N.","[parafrasa web] The research creates mobile applications to classify the ripeness levels of oil palm FFB using lightweight CNN with ImageNet transfer learning and a novel data augmentation named 9-angle crop. || [parafrasa web] EfficientNetB0 trained with transfer learning, 9 angle crop and float16 quantization achieved an overall test accuracy of 0.893 on TensorFlow Lite; MobileNetV1 reached 0.811."
1958,septiarini2021machine,C3,C3,,,C3,tetap,abstrak,"Abstrak tidak menyebut lokasi pengambilan citra (pohon, tanah, atau pabrik).","a method is proposed to classify the maturity level of FFB into three classes: raw, ripe, and half-ripe || The experiment was conducted using a local dataset consisting of 240 images (80 raw, 80 ripe, and 80 half-ripe)."
1959,bin2021development,C3,C3,C3,,C3,tetap,abstrak,"Abstrak tidak dapat memutuskan per_kelas: hasil yang dilaporkan adalah perbedaan rerata intensitas antara tandan matang dan mentah, sedangkan judul menyebut prediksi kematangan. Ketiadaan pengklasifikasi di abstrak bukan bukti positif untuk nilai N, sehingga nilai putaran pertama (Y) dipertahankan.",LiDAR sensor is used to collect the intensity value that reflects from the Virescens oil palm FFB || it is found that ripe oil palm fruit has a lower mean intensity value than unripe oil palm fresh fruit bunch
1960,herman2021deep,C3,C3,,,C3,tetap,abstrak,Klasifikasi kematangan citra tandan dengan CNN. Abstrak tidak menyebut lokasi pengambilan citra; modalitas RGB disimpulkan dari konteks dan tidak dinyatakan eksplisit.,The dataset used consists of 7 levels of ripeness with 400 images of oil palm fruits. The models used in this test scenario were both AlexNet and DenseNet. || DenseNet has been proven to outperform AlexNet by 8.5% in terms of accuracy and 8% in F1 score
1963,junos2021optimized,C3,C3,,,C3,tetap,abstrak,"Tiga kelas utama adalah tandan, grabber, dan pohon; kematangan hanya diuji sebagai tambahan, sehingga per_kelas Y kurang pasti. Lokasi POHON disimpulkan dari 'at palm oil plantation' dan konteks sistem panen; modalitas RGB tidak dinyatakan eksplisit. Tidak ada pencacahan.","an optimized YOLOv3 tiny network namely YOLO-P is proposed to detect and localize three objects at palm oil plantation which include fresh fruit bunch, grabber and palm tree under various environment conditions. || The proposed model was also tested to identify fresh fruit bunch of various maturities with accuracy of 98.91%."
1965,hong2021classification,X E6,X E6,,,X E6,tetap,abstrak,"Spektroskopi Raman titik pada brondolan di laboratorium, bukan sensor pencitraan; E2 juga berlaku sebagai alasan sekunder.",This paper focuses on the development of an artificial neural network (ANN) model for classification of oil palm fruit ripeness using Raman spectra features. || Raman spectra for each sample are collected from benchtop Confocal Raman spectrometer.
1974,husin2021distribution,C3,C3,,,C3,tetap,abstrak,"Abstrak tidak melaporkan angka evaluasi, lokasi tandan, maupun cara data LiDAR diperoleh; tidak jelas apakah LiDAR dipakai sebagai sensor pencitraan atau pengukuran titik (bila titik, alternatifnya X/E6). Peta distribusi tampaknya peta sebaran kelas kematangan, bukan asosiasi antarpengamatan, sehingga C1 tidak dicantumkan.","This research objective is to categorize the ripeness of oil palm FFB from data received from the sensor and to create a distribution map. || the findings of this study will be the classified ripeness of oil palm FFB are either under-ripe, ripe, or overripe, and the map of distribution."
1975,makky2021thermal,C3,C3,C3,,C3,tetap,teks lengkap (web),"Putaran kedua benar pada per_kelas: teks lengkap hanya memuat model regresi dan jendela panen, tanpa kelas kematangan yang diberikan kepada setiap tandan, sehingga per_kelas N. Lokasi POHON dari putaran pertama terbukti benar karena tandan direkam sebelum dipanen dari jarak 3 sampai 15 meter. Teks lengkap juga menunjukkan bahwa sensornya kamera termal dan kamera digital RGB, sehingga modalitas diperbaiki menjadi RGB+TERMAL.","120 samples of oil palm Fresh Fruit Bunches (FFB) were observed from the anthesis to harvesting stage by thermal imaging camera and digital camera. || Prior to harvest, each sample was recorded with both camera from same position and distance where the FFB can be seen without being obstruct by plant parts."
1976,makky2021pre,C3,C3,C3,,C3,tetap,teks lengkap,"Putaran 2 benar pada kedua bidang. Teks lengkap (h. 3) menyatakan setiap tandan direkam dari dua garis pandang sehingga multipandang Y, dan keluaran metode berupa model regresi suhu permukaan terhadap umur, karoten, dan rasio minyak terhadap air, bukan kelas kematangan per tandan, sehingga per_kelas N.",The imaging device was used for recording the FFBs samples before harvested. Each sample was recorded from two different lines of sight. || The average surface temperature of FFB was calculated by processing the image from thermal camera.
1992,cherie2021non,C3,C3,,,C3,tetap,teks lengkap,"Kajian laboratorium: buah sawit beku (-20 C) di cawan petri diaklimatisasi dan suhu permukaannya dipantau dengan kamera termal; keluarannya model suhu dan korelasi indeks warna semu, bukan klasifikasi kematangan per tandan. Masuk C3 sebagai penginderaan non-RGB buah sawit (pengecualian E2 untuk sawit); bila pengecualian itu hanya berlaku untuk pemutuan di pabrik, alternatifnya X dengan alasan E2. Sampel yang sama dicitrakan berulang tiap 4 menit (deret waktu suhu), tetapi bukan multipandang dalam arti sudut pandang berbeda, sehingga diisi N.",A pseudo-color thermal vision used to monitor the fruits surface temperature continuously. || A thermal camera was used to monitor changes on fruits temperature continuously. The data was recorded every 4 minutes until room temperature was reached by the fruits.
1993,fauziah2021thermal,C3,C3,C3,,C3,tetap,abstrak,"Putaran 2 benar pada per_kelas. Abstrak menyatakan model MLP mengorelasikan sifat termal dengan kadar minyak dan dievaluasi dengan R2, SEC, dan SEP, sehingga keluarannya regresi, bukan kelas kematangan per tandan. Kode lain dari putaran 1 dipertahankan.",Models were developed using the Multilayer Perceptron Artificial Neural Network algorithm to correlate fruits' thermal properties with measured parameters (Oil Content). || we developed a Thermal-Vision system to observe the thermal properties of the fruits before harvest.
2001,xiang2021oil,C3,C3,,,C3,tetap,abstrak,Deteksi brondolan pada citra tunggal; tidak ada pencacahan maupun kelas.,"Hence, this work proposes a system for oil palm loose fruits detection using Faster R-CNN, a deep learning algorithm and NVIDIA Jetson TX2 hardware. || In this study, 500 images of loose fruits were collected from an oil palm farm at Bukit Bangkong, Selangor during the harvesting process."
2003,teh2021coloured,C3,C3,,,C3,tetap,abstrak (web),Lokasi pengambilan citra dan jumlah pandangan per tandan tidak disebut dalam ringkasan web; teks lengkap tidak dapat dibaca.,"[parafrasa web] Kajian membandingkan peta tepi berwarna (Laplacian of Gaussian, Sobel, Prewitt, Kirsch) sebagai masukan CNN untuk klasifikasi kematangan tandan sawit. || [parafrasa web] Saat citra digelapkan atau dicerahkan, akurasi klasifikasi citra berwarna penuh turun 19,89%, sedangkan peta tepi berwarna rata-rata turun 4,97%."
2026,saetang2020estimation,C3,C3,,,C3,tetap,abstrak,"Keluaran berupa regresi kandungan minyak (RMSE), bukan kelas per instans. Lokasi pengambilan citra tidak dinyatakan; tandan kemungkinan sudah dipanen.",An oil palm FFB image from a smartphone camera was fed to the model for predicting the oil content in FFB. || The surface color of an oil palm fruit and structure of the bunch were considered as the feature set.
2028,septiarini2020maturity,C3,C3,,,C3,tetap,abstrak,Abstrak tidak menyebut lokasi pengambilan citra tandan.,"The mean value extracted as the color features in L*a*b color space is followed by implementing a machine learning method: Linear Discriminant Analysis (LDA), in the classification process. || The experiment used a dataset of 150 images with three different classes: raw, under-ripe, and ripe."
2045,alfatni2020colour,C3,C3,,,C3,tetap,abstrak,Lokasi PABRIK disimpulkan dari konteks sistem grading inspeksi eksternal sebagai pengganti grader di pabrik; abstrak tidak menyatakannya secara eksplisit.,"an image processing algorithm scenario represented by image acquisition, segmentation, and feature extraction is implemented in real time system for oil palm FFB maturity grading || The current method in the mills for oil palm FFB grading is manually using human graders."
2050,syaifuddin2020detection,C3,C3,,,C3,tetap,teks lengkap,Makalah tidak menyatakan tempat pengambilan citra; PABRIK dipilih karena konteksnya proses grading setelah panen. Data 78 latih dan 21 uji; fitur GLCM dari citra grayscale dengan sistem fuzzy Sugeno.,"this research detects the level of maturity of oil palm fruit from the outside color. Testing the outside color of oil palm fruit bunches based on the image capture || output is divided into 3 fuzzy sets, namely 1 for raw palm, 2 for mature palm, and 3 for overcooked palm"
2055,wong2020computer,C3,C3,,,C3,tetap,abstrak,"Klasifikasi kematangan berbasis ambang HSV setelah pelokalan pohon dengan AlexNet dan jendela geser; tugas utama KLS, dengan unsur DET terbatas pada pohon.","segmenting out the section that consists of tree from the image and classifying the ripeness of palm fruit after locating the fresh fruit bunch (FFB) on the palm tree. || Those images are analyzed in Hue, Saturation and Value (HSV) color spaces."
2056,prasetyo2020automatic,C3,C3,,,C3,tetap,abstrak (web),"Lokasi tandan, pemakaian banyak pandangan, dan kelas kematangan tidak dinyatakan di sumber web; multipandang dan per_kelas diisi N sebagai anggapan. Angka 86% berasal dari kutipan pihak ketiga.","[parafrasa web] The study presented a system of automatic detection and calculation of palm oil fresh fruit bunches using the faster R-CNN algorithm and indicates success in calculating FFB. || [parafrasa web] The evaluation compared 4 network architectures: resnet inception V2, inception V2, resnet 50, and resnet 101."
2069,harsawardana2020ai,C3,C3,C3,,C3,tetap,teks lengkap (web),"Pada lokasi putaran kedua benar: kamera dipasang pada crane grabber yang mengevakuasi tandan terpanen di kebun dan memotret tandan saat cakar mendekatinya, sehingga TANAH, sedangkan tidak ada penyebutan pabrik, konveyor, atau loading ramp. Pada multipandang putaran pertama benar: delapan sudut per tandan hanya memperbanyak dataset, setiap citra diklasifikasi sendiri dan dibagi 60:40 per citra, sehingga pandangan tidak dipakai bersama (N).","On the field, this crane grabber is used in FFB harvesting process for evacuating the fruits. || The picture of an FFB is taken when the claw is approaching toward the targeted FFB."
2072,cherie2020optical,C3,C3,C3,,C3,tetap,teks lengkap,"Putaran kedua benar pada keempat butir. Teks lengkap menunjukkan bahwa alat yang dipakai adalah machine vision dengan fitur warna R, G, B, H, S, I (modalitas RGB, bukan MSI), bahwa keluaran berupa regresi fitur warna terhadap umur dan kadar minyak mesokarp tanpa kelas kematangan per tandan (tugas MUTU, per_kelas N), dan bahwa tandan yang sama direkam harian sampai panen (multipandang Y). Istilah ""optical properties"" pada abstrak menyebabkan putaran pertama mengodekan SENSOR dan MSI.","The fruits cluster or fruits bunch then continually recorded, daily, using the same device, until harvest. || present the features in the value of red (R), green (G), blue (B), hue (H), saturation (S) and intensity (I) value with 0-255 scale"
2074,septiarini2020automatic,C3,C3,C3,,C3,tetap,abstrak,"Putaran kedua benar pada tugas dan per_kelas: keluaran metode adalah mask segmentasi yang dinilai dengan akurasi segmentasi, sedangkan tiga tingkat kematangan hanya menjadi komposisi dataset dan tidak diprediksi. Putaran pertama benar pada lokasi: frasa 'natural background' tidak menyatakan bahwa tandan masih di pohon, sehingga nilai '?' dipertahankan.","the segmentation method of oil palm fruit is proposed by applying the contour-based approach || the average of segmentation accuracy achieves of 90.13% with the error rates of false positive and false negative are 2.92% and 5.20%, respectively"
2075,mohd2020combination,C3,C3,C3,,C3,tetap,abstrak,"Putaran pertama dipertahankan pada kedua bidang. Abstrak menyatakan bahwa kajian mengevaluasi pemanfaatan pencitraan hamburan balik laser yang digabung dengan visi komputer untuk kadar minyak, warna, dan kematangan, yaitu kajian modalitas pengindraan (SENSOR), bukan klasifikasi saja. Abstrak tidak menyatakan tempat pengambilan citra dan teks lengkap tidak dapat diakses, sehingga lokasi tetap ""?"".",This study evaluated the utilization of combined computer vision and laser-light backscattering imaging in determining the oil content and color changes of oil palm FFB at different maturity levels || Red-green-blue (RGB) images referring to the computer vision and backscattering images of 90 oil palm FFB samples were acquired with 30 samples per each maturity level.
2076,setiawan2020palm,C3,C3,C3,,C3,tetap,abstrak,"Putaran pertama dipertahankan pada tugas. Abstrak menyatakan kontribusi utama berupa perbandingan 19 panjang gelombang sumber cahaya dan temuan bahwa 940 nm memberi hasil terbaik, yaitu kajian modalitas pengindraan non-RGB (SENSOR); abstrak tidak melaporkan kinerja pengklasifikasi yang menjadikan KLS sebagai tugas utama.","In this study, the multispectral image-based is introduced to assess the level of FFB's ripeness. There are 19 LEDs with different wavelengths that are used as source light || One of the main contributions of this study is that the 940 nm wavelength gives the best result for determining the maturity level of FFB."
2112,septiarini2019image,C3,C3,,,C3,tetap,abstrak,Abstrak tidak menyebut lokasi pengambilan citra.,"the classification method of palm fruit is aimed to distinguish three classes of fruit ripeness, namely raw, under-ripe, and ripe || This method was tested using160 images with the successful rate indicated by an accuracy value of 92.5%."
2113,sukemi2019identification,C3,C3,,,C3,tetap,abstrak,Abstrak tidak menyebut lokasi pengambilan citra maupun jenis kamera; modalitas RGB disimpulkan dari penggunaan ciri warna dan tekstur.,Identification which did classify in the category of mature and not mature. || Determination of identification with the K-means clustering method that uses the difference in euclidean distance and GLCM feature extraction as a reference.
2123,astuti2019oil,C3,C3,,,C3,tetap,abstrak,Lokasi pengambilan citra tidak dinyatakan dalam abstrak; abstrak tidak melaporkan angka akurasi.,The aim of this study is to provide a tool for examining oil palm fruit ripeness level. || K-Nearest Neighbor (KNN) is applied as a computation method which allows the system to classify data of ripeness level based on user-entered image.
2125,setiawan2019estimation,C3,C3,C3,,C3,tetap,abstrak,"Putaran pertama dipertahankan. Abstrak menempatkan pemakaian panjang gelombang 680 nm dan kaitannya dengan serapan klorofil sebagai pokok kajian, sehingga SENSOR didukung; KLS dari putaran kedua juga masuk akal, tetapi abstrak tidak membantah kode putaran pertama.","assess the oil palm ripeness using a specific wavelength as a light source, 680 nm, and simple image processing technique || the 680 nm image contrast is used to detect the chlorophyll due to it correlated with the chlorophyll absorbance"
2137,albakri2019analysis,X E1,X E3,X E3,,X E3,alasan berubah,abstrak (web),"Kedua putaran sepakat bahwa rekaman ini dikeluarkan; yang diperselisihkan hanya alasannya. Putaran kedua benar: abstrak dari OpenAlex menunjukkan objeknya TBS di pohon (bukan E1), tetapi kematangan dan hasil dimodelkan dengan persamaan regresi dari posisi tandan pada filotaksis tanpa deteksi buah berbasis citra, sehingga alasannya E3.",formulation and validation of mathematical equations to estimate the maturity stages (age in weeks) of fresh fruit bunch (FFB) based on FFB position in oil palm phyllotaxis (spiral leaves arrangement) || The FFB yield estimation model and harvesting can be created based on the extracted data using the formula which will help in the planning of harvesting operation.
2169,fahmi2018oil,C3,C3,,,C3,tetap,teks lengkap,"Naskah tidak menyatakan tempat pengambilan citra tandan (pohon, tanah, atau pabrik); citra dipangkas dan latar dihapus. Satu citra per tandan, dua kelas (matang dan mentah).",This research has performed fruit bunch classification into ripen and unripen fruit bunch (RFB or UFB) by using both back propagation and LVQ. || 40 images of ripe fruit bunches (RFBs) and fresh unripe fruit bunches (UFBs) are analysed by using Matlab.  Feature extraction is based on colour image.
2175,jupriyanto2018uav,C3,X E3,X E3,bertahan,X E3,kelompok berubah,teks lengkap,"Putaran kedua benar: teks lengkap menunjukkan bahwa pengolahan citra UAV hanya menghasilkan jumlah pohon (3.821 pohon), sedangkan panen dihitung dari jumlah pohon dikali rerata panen pohon sampel hasil survei lapangan. Tandan tidak dideteksi pada citra, sehingga kajian ini bukan pencitraan tandan sawit (C3) dan dikeluarkan dengan E3.",The uncontrolled image processing on Afdeling 2 Block 5B produces 3821 palm trees and 43 planting trees. || Production Estimation 100% = Number of trees x (mean ± standard deviation)
2190,sabri2018evaluation,C3,C3,,,C3,tetap,teks lengkap,"Citra diambil di kebun (Batu Pahat), tetapi naskah tidak menyatakan apakah tandan masih di pohon atau sudah dipanen; lokasi dikodekan '?'. Satu citra terpangkas per tandan, klasifikasi SVM, akurasi terbaik 98,9% (YCbCr dan YUV).","Color moments were extracted from each of these color models for the classification of four stages of FFB ripeness that are unripe, under-ripe, ripe and over-ripe. || These images are manually cropped to obtain the region of interest or the FFB area and eliminate the non-FFB areas such as trees, leaves and other objects."
2192,alfatni2018real,C3,C3,,,C3,tetap,abstrak,Abstrak tidak menyebut lokasi pengambilan citra maupun jenis kamera; modalitas RGB disimpulkan dari fitur tekstur eksternal.,"real-time oil palm FFB ripeness grading system based on ANN, KNN and SVM Classifiers was demonstrated || classify the ripeness of oil palm FFB based on the external feature of the fruit"
2203,siddesha2018segmentation,C3,C3,,,C3,tetap,abstrak,Segmentasi tandan pada citra pohon dikodekan sebagai DET; tidak ada kelas kematangan maupun pencacahan.,we explored both supervised and unsupervised techniques for the segmentation of oil palm crop bunch from the tree image || The performance of these algorithms are demonstrated by conducting experiment with dataset of 100 images.
2209,salambue2018investigation,C3,C3,C3,,C3,tetap,teks lengkap,"Putaran kedua benar pada lokasi: teks menyatakan tandan dibawa ke laboratorium dan direkam dalam kotak kedap cahaya, sehingga lokasi PABRIK. Putaran pertama benar pada multipandang: enam citra tiap tandan diklasifikasikan dan dilaporkan sendiri-sendiri per permukaan dan bagian, tidak dipakai bersama, sehingga nilainya N.","The FFBs were then brought to Lab and cleaned. The measurements were completed in 24 hours after harvest. || a FFB is inserted into a light tight box which contains a laser diode and a CMOS camera, the FFB is illuminated, and then an image is recorded"
2219,ibrahim2018palm,C3,C3,,,C3,tetap,abstrak (web),Lokasi pengambilan citra tidak tersedia dari parafrasa abstrak.,"[parafrasa web] Kajian membandingkan CNN, model CNN pralatih (AlexNet), dan fitur buatan tangan (momen warna, FREAK, HOG) dengan SVM untuk pengenalan tingkat kematangan TBS sawit. || [parafrasa web] Pada empat kelas kematangan dengan 120 citra, CNN mencapai akurasi 92% dan AlexNet 100%."
2237,pamornnak2017automatic,C3,C3,C3,,C3,tetap,abstrak,"Putaran kedua benar pada tugas. Abstrak menyatakan bahwa tiga kelas mutu ditetapkan dari kadar minyak hasil ekstraksi Soxhlet dan bahwa volume relatif tandan diukur, sehingga tugasnya penilaian mutu (MUTU), bukan klasifikasi kematangan (KLS). Kode lain dari putaran pertama dipertahankan.","The first algorithm is called a volume integration scheme (SVIS), which measures the relative volume of palm bunch. || The second developed algorithm classifies palm bunch into three grades (L-Grade, M-Grade and H-Grade) based on oil content from Soxhlet extraction."
2274,zolfagharnassab2017emissivity,C3,C3,C3,,C3,tetap,abstrak (web),"Putaran kedua benar pada lokasi: abstrak menyatakan tandan dipanaskan sampai 100 derajat Celsius lalu diukur dengan kamera termal dan termometer kontak, yang hanya mungkin di laboratorium, sehingga lokasi diisi PABRIK. Untuk per_kelas, abstrak melaporkan emisivitas per tingkat kematangan tanpa menyatakan cara kelas diberikan kepada tiap tandan, sehingga nilai putaran pertama (Y) dipertahankan.","The purpose of this paper is to determine total emissivity as an essential parameter of non-destructive thermometry for oil palm fresh fruit bunches in different stage of ripeness || the fresh fruit bunches were heated to 100°C. Then, a thermal imaging camera and contact thermometer were used to determine the surface temperature of the bunches."
2275,gro2017maturity,C3,C3,C3,,C3,tetap,abstrak (web),"Putaran kedua benar pada per_kelas. Abstrak menggambarkan perbandingan data citra multispektral dengan kadar klorofil dan karotenoid antartingkat kematangan, bukan pemberian kelas kematangan kepada setiap tandan oleh suatu model. Kode Y pada putaran pertama hanya berdasar judul; teks lengkap tidak tersedia sehingga keyakinan sedang.","Images were acquired using multispectral prism camera, producing five images in 5 wavelength ranges || The collected data were compared with the changes of chlorophyll and carotenoids extracted by means of Soxhlet method."
2282,shiddiq2017ripeness,C3,C3,C3,,C3,tetap,abstrak,"Putaran kedua benar pada lokasi: abstrak menyatakan sampel tandan diletakkan pada platform aluminium dengan empat ketinggian, sehingga citra tidak diambil pada pohon dan lokasi dikode PABRIK (laboratorium). Untuk per_kelas, abstrak tidak dapat memutuskan apakah kelas diberikan kepada tiap tandan oleh metode atau hanya berasal dari label sampel F0-F4, sehingga nilai putaran pertama (Y) dipertahankan.","The FFB samples were placed on an aluminum platform with 4 height variations, 1.5 m, 2 m, 2.5 m, and 3 m. || Ripeness is one of important factors for quality sorting of harvested oil palm fresh fruit bunches (FFB)."
2311,shabdin2016study,C3,C3,C3,,C3,tetap,teks lengkap,"Putaran kedua benar pada lokasi. Teks lengkap menyatakan bahwa tandan yang sudah dikategorikan oleh grader pabrik ditempatkan di dalam mesin grading dan dipotret dari samping, yang termasuk stasiun grading (PABRIK). Putaran pertama memberi '?' karena hanya membaca abstrak.",The FFB was placed in the FFB grading machine and images were taken from the side of the FFB. || Digital images were captured from overall 30 bunches under each category (underipe and ripe) using a GigE camera.
2348,taparugssanagorn2015non,C3,C3,,,C3,tetap,abstrak,Abstrak tidak menyebut lokasi pengambilan citra maupun angka akurasi.,This paper introduces a relative entropy based image processing approach for the non-destructive prediction of the maturity of oil palm fresh fruit bunches (FFB) || The results of an experimental study of applying the Kullback–Leibler distance to the problem of oil palm classification are presented.
2358,pamornnak2015oil,C3,C3,C3,,C3,tetap,abstrak,"Putaran kedua benar pada per_kelas: abstrak menyatakan skema memuat tahap klasifikasi dengan jaringan saraf berbasis nilai hue buah dan bahwa skema itu dapat mengklasifikasi setiap sampel sebelum menentukan OER, sehingga kelas diberikan per sampel. Nama kelasnya tidak tertulis di abstrak, sehingga keyakinan hanya sedang. Kolom lain sama pada kedua putaran dan dipertahankan.","The scheme has three main algorithms for colour correction, classification and oil extraction rate (OER) determination. || The classification process was developed on a two-layer feedforward neural network by using features from the hue value of oil palm fruits."
2369,cherie2015advance,C3,C3,C3,,C3,tetap,abstrak,"Putaran kedua benar pada modalitas. Abstrak menyatakan bahwa citra direkam di bawah pencahayaan inframerah 720-1100 nm dan ultraungu selain cahaya tampak, dan tiga dari empat model terpilih memakai konfigurasi UV atau IR. Kode RGB saja pada putaran pertama tidak mencakup perekaman inframerah dekat tersebut.","FFB samples were recorded from various distance (2, 7, and 10 m) with different lighting spectrums and configurations (Ultraviolet: 280-380nm, Visible: 400-700nm, and Infrared: 720-1100nm) || Three OCP models developed for image recording from 10 m under UV, Vis2, and IR2 lighting configurations."
2388,alfatni2014oil,C3,C3,,,C3,tetap,abstrak (web),"Abstrak asli tidak diperoleh; hanya parafrasa hasil pencarian. Lokasi pengambilan citra tidak dinyatakan dalam ringkasan (sistem penilaian mutu tandan, kemungkinan sesudah panen).","[parafrasa web] Penilaian otomatis kematangan TBS kelapa sawit dengan pengolahan citra digital berbasis fitur tekstur Gabor, GLCM, dan BGLAM serta pengklasifikasi KNN dan ANN. || [parafrasa web] GLCM dengan ANN memberi klasifikasi terbaik 91,3%; sistem waktu nyata dengan BGLAM dan ANN mencapai akurasi 93% dan waktu olah 0,40 detik."
2391,makky2014automatic,C3,C3,C3,,C3,tetap,teks lengkap,"Putaran kedua benar pada tugas. Teks lengkap menunjukkan bahwa mesin inspeksi menaksir tiga sifat tandan, yaitu fraksi kematangan, kandungan minyak, dan asam lemak bebas, dan dua dari tiga keluaran itu adalah mutu kimia yang termasuk definisi MUTU; kajian ini juga membingkai dirinya sebagai sistem inspeksi mutu. Klasifikasi fraksi kematangan tetap ada sebagai tugas sekunder dan dicatat di catatan.","a non-destructive, rapid and cost effective examination machine for the estimation of the ripeness fraction, oil content and free fatty acid level in oil palm fresh fruits bunch was developed || The system best prediction accuracy of ripeness, oil content and free fatty acid models was 93.5, 96.41, and 89.32%"
2405,alfatni2014oilb,C3,C3,,,C3,tetap,abstrak,"Abstrak tidak menyebut lokasi pengambilan citra; konteks penjualan TBS ke pabrik mengarah ke PABRIK, tetapi tidak dinyatakan. Tiga ROI berasal dari citra yang sama sehingga multipandang N.",a new approach was developed under the name of expert rules-based systembased on the image processing techniques results of thethree different oil palm FFB region of interests (ROIs) || the best rule-based ROIs for statistical colour feature extraction with k-nearest neighbors (KNN) classifier at 94% were chosen
2406,makky2014situ,X E6,X E6,,,X E6,tetap,abstrak,"Spektrometer VIS/NIR portabel adalah spektroskopi titik, bukan sensor pencitraan, sehingga E6. Bila protokol memperlakukan semua pengindraan non-RGB tandan sawit sebagai C3 (tugas SENSOR), kajian ini dapat masuk C3.","portable VIS/NIR spectrometer was employed to rapidly measure quality of oil palm FFB on-site, by means of non-contact and non-destructive approach || A mean-normalized method was used in pre-processing the bunch’s spectral reflectance data within 400–1000nm range using 10nm intervals."
2409,bensaeed2014oil,C3,C3,C3,,C3,tetap,teks lengkap,"Pada lokasi, putaran kedua benar: teks lengkap menyatakan tandan dipindai di atas konveyor pemindai dengan lampu laboratorium dalam ruang, sehingga lokasi adalah PABRIK. Pada tugas, kedua nilai sesuai dengan teks (klasifikasi kematangan dengan teknik hiperspektral yang pengembangannya menjadi tujuan utama); bukti tidak menyingkirkan SENSOR, sehingga nilai putaran pertama dipertahankan.",The camera and spectrograph were used to scan the oil palm fruit line by line as the conveyer moved the oil palm fruit through the field of view of the optical system. || are especially designed for indoor laboratory diffuse reflectance measurements
2410,kassim2014oil,C3,C3,C3,,C3,tetap,abstrak,"Putaran pertama benar pada tugas. Inti kajian adalah menghubungkan fitur hue NIR dari kamera multispektral dengan data sensor microstrip dan kadar air, yaitu kajian modalitas non-RGB. Abstrak tidak melaporkan pengklasifikasi citra yang dievaluasi, sehingga KLS tidak didukung secara positif.",These images were processed and Near Infrared (NIR) hue value was extracted as the maturity feature. || A relationship between images data of NIR and microstrip sensor data was developed to determine the maturity stages.
2429,alfatni2013recognition,C3,C3,,,C3,tetap,judul,"Abstrak tidak ditemukan. Judul menyatakan pengenalan tipe tandan buah sawit dengan fitur tekstur dan pengolahan citra, sehingga kode C3 tidak meragukan; rincian lokasi, modalitas, dan jumlah pandangan adalah dugaan dari judul.",
2431,amosh2013adaptive,C3,C3,,,C3,tetap,abstrak (web),"Kutipan verbatim dari abstrak di halaman Springer. Abstrak tidak menyebut lokasi pengambilan citra (pohon, tanah, atau pabrik); kontribusi utamanya segmentasi warna dengan n-Seed Region Growing untuk dua kelas kematangan.",the main goal of this study is to improve the seed region growing algorithm in order to gain higher accuracy in segmenting color information for oil palm fruit image || The data sample consists of 80 images which comprises and two ripeness classes (ripe and unripe)
2434,alfatni2013oil,C3,C3,,,C3,tetap,abstrak (web),Lokasi pengambilan citra tidak disebut dalam ringkasan web; kemungkinan citra tandan di laboratorium atau pabrik.,"[parafrasa web] Kajian menilai tandan buah segar sawit secara otomatis dengan pengolahan citra digital berbasis fitur tekstur BGLAM dan pengklasifikasi SVM, KNN, dan ANN. || [parafrasa web] Hasil ROC dan AUC menunjukkan BGLAM dengan SVM mencapai akurasi 92%, lebih tinggi daripada KNN dan ANN yang masing-masing 82%."
2450,makky2013development,C3,C3,,,C3,tetap,abstrak,"Selain klasifikasi fraksi kematangan, kajian juga mengestimasi berat tandan (tugas MUTU, R2 rata-rata 81,39%). Modalitas RGB diasumsikan dari istilah machine vision.","an automatic grading machine for oil palm fresh fruits bunch (FFB) is developed based on machine-vision principles of non-destructive analytical grading || Group classification of FFBs resulted average success rate of 93.53% with SEC of 0.4835 and SEP of 0.5165, while fraction classification had average success rate of 88.7%."
2459,haron2012white,C3,C3,C3,,C3,tetap,abstrak (web),"Putaran kedua benar pada per_kelas. Abstrak verbatim dari OpenAlex hanya melaporkan pola kurva hue citra pada jam berbeda dan tidak menetapkan kelas kematangan pada tandan mana pun, sehingga per_kelas bernilai N. Lokasi tidak dapat diputuskan dari abstrak, sehingga nilai putaran pertama dipertahankan.",This study presents a novel method for controlling the effect of outdoor illumination on object color hues by using an external white LED illumination to adapt to changing outdoor illumination. || graphs show that the images taken at 10.00am with external white LED illumination exhibited a similar curve pattern with images taken at 12.00pm
2461,mohamad2012exploiting,C3,C3,,,C3,tetap,abstrak (web),"Abstrak OpenAlex tidak menyebut lokasi pengambilan citra, jumlah citra, maupun angka akurasi; konteksnya penilaian di pabrik, tetapi lokasi tidak dinyatakan. Tidak jelas apakah objek citra berupa tandan utuh atau buah lepas.","[parafrasa web] This paper aims to propose a suitable color model for oil palm fruit ripeness identification; two color models are experimented, RGB and HSV. || [parafrasa web] HSV color model proved to be the best color model for oil palm ripeness identification, in line with the MPOB color definition."
2466,fadilah2012oil,C3,C3,,,C3,tetap,abstrak,"Abstrak tidak menyebut lokasi pemotretan (sampel tandan dikumpulkan, kemungkinan sudah dipanen) dan tidak menyebut jumlah citra per tandan.","This paper presents the ripeness classification of oil palm fresh fruit bunch (FFB) using artificial neural network (ANN). || A total of 80 oil palm FFB samples from unripe, underripe, ripe and overripe categories were collected. Images of oil palm FFB were obtained using a color digital camera"
2468,fadilah2012intelligent,C3,C3,C3,,C3,tetap,teks lengkap,"Putaran pertama benar pada kedua bidang. Teks lengkap (h. 4) hanya menyebut tandan yang sudah dipotong dan pencahayaan luar ruangan tanpa menyatakan tempat pemotretan, sehingga lokasi tetap tidak diketahui; TANAH pada putaran kedua adalah tebakan. Citra dari tandan yang sama dibagi acak ke set latih, validasi, dan uji serta diklasifikasi satu per satu, sehingga tidak dipakai bersama dan multipandang tetap N.","For this work, researchers managed to get 80 FFBs cut-off, with equal numbers for each ripeness class. || At most, four color images were captured for each FFB at different areas of the bunch. The total images taken from 80 FFBs were 208 images."
2483,kassim2012oil,C3,C3,C3,,C3,tetap,abstrak (web),"Putaran 2 benar pada tugas, multipandang, dan per_kelas; putaran 1 hanya membaca judul. Abstrak verbatim dari OpenAlex menyatakan bahwa tandan dipotret dengan kamera digital dari antesis sampai panen (pengamatan berulang tandan yang sama, RGB), warna diekstraksi untuk mewakili tahap kematangan, dan tahap kematangan tiap tandan dipetakan.",The development of FFB from the anthesis to harvesting stage was monitored by using a handy digital camera. || The digital images of the FFB were processed by using digital image processing techniques to extract the color that represent the maturity stages.
2494,sun2026maturity,X E5,C4,X E5,,X E5,perlu manusia,judul,"Kelompok tidak dapat diputuskan dari bukti yang dapat diakses karena hanya judul yang tersedia. Judul tidak menyebut pencacahan, sehingga tidak ada bukti positif untuk C4 (aturan b mensyaratkan hitungan per kelas), dan nilai putaran pertama X/E5 dipertahankan sampai makalah dibaca oleh peninjau.",
2495,cui2026yolo12,X E5,C4,X E5,,X E5,tetap,abstrak,"Putaran pertama benar. Abstrak hanya melaporkan Precision, Recall, mAP, jumlah parameter, dan FPS; tidak ada hitungan per kelas, estimasi hasil, lokalisasi 3D, atau pengukuran ukuran. Menurut aturan b, detektor kematangan citra tunggal tanpa hitungan adalah X dengan E5, sehingga C4 dari putaran kedua tidak didukung bukti.","proposes a lightweight detection model named YOLO12-SDS for fig ripeness grading || YOLO12-SDS achieves performance improvements of 2.1, 6.6, 4.8 and 1.0 percentage points in Precision, Recall, mAP@50 and mAP@50:95, respectively"
2498,li2026seeing,X E5,C4,X E5,,X E5,tetap,abstrak,"Putaran pertama benar. Abstrak hanya melaporkan metrik deteksi (mAP dan akurasi deteksi buah mentah) pada citra RGB tunggal, tanpa hitungan per kelas, estimasi hasil, lokalisasi 3D, atau pengukuran ukuran. Menurut aturan operasional b, detektor kematangan tanpa hitungan adalah X dengan E5, bukan C4.",Experiments on sweet persimmon images show that RCPNet improves mean Average Precision (mAP) by 2.7 percentage points and mAP@0.5:0.95 by 3.7 percentage points over the baseline || providing technical support for precise fruit recognition and automated picking
2499,lu2026cice,X E5,C4,X E5,,X E5,tetap,abstrak,"Putaran pertama benar. Abstrak hanya melaporkan mAP50, ukuran model, dan waktu inferensi untuk detektor kematangan tomat dari citra tunggal, tanpa hitungan per kelas atau hasil berbasis hitungan. Menurut aturan operasional b, kajian seperti ini adalah X dengan E5; putaran kedua sendiri mencatat X/E5 sebagai alternatif bila C4 mensyaratkan hitungan.","demonstrate that CICE-YOLO achieves an mAP50 of 85.9%, showing a 4.2 percentage points improvement over the baseline. || Accurate and efficient tomato ripeness detection is essential for automated harvesting and yield estimation in greenhouse environments."
2501,carella2026large,X E5,C4,X E5,,X E5,tetap,abstrak,"Putaran pertama benar pada grup. Abstrak hanya melaporkan precision, recall, F1, dan mAP tanpa hitungan per kelas atau estimasi hasil, sehingga menurut aturan b kajian ini bukan C4 melainkan X dengan E5. Putaran kedua sendiri mengakui bahwa abstrak tidak memuat evaluasi pencacahan.","a benchmark evaluation was conducted using state-of-the-art models, including YOLO (v5, v8, v10, v11) and RT-DETR, assessed via standard precision, recall, and F1-score metrics || recent YOLO models (YOLOv10 and YOLOv11) achieved high detection performance, with mAP@0.5 values close to 0.892"
2502,mu2026comparative,X E5,C4,X E5,,X E5,tetap,abstrak,"Putaran 1 benar. Abstrak hanya melaporkan mAP@50 detektor dua kelas (matang dan belum matang) pada citra kanopi tunggal tanpa hitungan per kelas, galat hitung, atau estimasi hasil. Menurut aturan b dan d, deteksi kematangan tanpa hitungan adalah X dengan E5, sehingga C4 dari putaran 2 tidak didukung bukti.","evaluated on a newly curated large dataset for blueberry detection || Among the YOLO models, YOLOv12m achieved the best accuracy with a mAP@50 of 93.3%, while RT-DETRv2-X obtained a mAP@50 of 93.6%"
2506,hong2026strawberry,X E5,X E7,X E5,,X E5,tetap,abstrak (web),"Putaran pertama dipertahankan pada alasan. Abstrak di halaman penerbit menunjukkan klasifikasi kematangan stroberi pada citra tunggal dengan metrik akurasi, jumlah parameter, dan kecepatan tanpa hitungan, sehingga E5 didukung bukti. Alasan E7 hanya berlaku apabila abstrak berbahasa Inggris tidak ada; hal itu tidak terbukti karena rekaman Scopus dan halaman penerbit memuat judul berbahasa Inggris.","[parafrasa web] Metode kaskade: YOLO v8n-seg yang diringankan dengan GhostNet melokalisasi dan menyegmentasi buah, lalu CNN berbasis EfficientNet-Lite mengklasifikasi kematangan potongan buah. || [parafrasa web] Akurasi rata-rata pengenalan kematangan 88,1%, parameter 7,3 x 10^6, kecepatan 71,9 f/s; kelas belum matang, peralihan, dan matang; ditujukan bagi sistem visi robot pemetik stroberi."
2508,chu2026embedding,X E5,C4,X E5,,X E5,tetap,abstrak,"Putaran pertama benar. Aturan b mensyaratkan hitungan per kelas atau hasil berbasis hitungan untuk C4, sedangkan abstrak hanya melaporkan mAP50, galat tinggi relatif dalam citra, dan akurasi peringkat tanpa pencacahan, sensor kedalaman, atau pengukuran ukuran buah. Detektor kematangan citra tunggal tanpa hitungan dikodekan X dengan E5.","achieving a height-mean absolute error (H-MAE) of 0.107 (normalized) and a pairwise ranking accuracy (PRA) of 84.59% || Our work offers a sensor-free, accurate, and efficient solution for in situ phenotyping in agricultural robotics."
2512,sudha2026robust,X E5,C4,X E5,,X E5,tetap,abstrak,"Putaran pertama benar. Abstrak hanya melaporkan akurasi deteksi tiga kelas kematangan pada citra tunggal RGB tanpa hitungan per kelas, estimasi hasil, lokalisasi 3D, atau pengukuran ukuran, sehingga aturan b menetapkan X dengan E5. Putaran kedua sendiri mengakui bahwa pencacahan tidak dievaluasi.","the suggested model was trained to correctly identify cashew apples at three phases of maturity: immature, unripe, and ripe || With an average inference time of 8 seconds per high-resolution image, the system attained a mean detection accuracy of 92.26%."
2516,qin2026lightweight,X E5,C4,X E5,,X E5,tetap,abstrak (web),"Putaran pertama benar. Abstrak di CNKI hanya melaporkan deteksi status kematangan stroberi dengan presisi, recall, mAP, dan ukuran model, tanpa hitungan per kelas atau estimasi hasil, sehingga menurut aturan operasional b kajian ini X dengan E5. Putaran kedua memberi C4 hanya dari judul.","[parafrasa web] Abstrak CNKI: algoritma ringan PBW-YOLOv5s (PConv, BiFPN, WIoU) untuk deteksi status kematangan stroberi di lingkungan alami. || [parafrasa web] Abstrak CNKI: presisi, recall, dan mAP naik 2,49%, 1,21%, dan 1,06%; jumlah parameter dan ukuran bobot turun menjadi 80,06% dan 80,00% dari YOLOv5s."
2518,liu2026yolov8n,X E5,X E5,,,X E5,tetap,abstrak,"Deteksi satu kelas (persik kuning matang) untuk robot panen; tidak ada pencacahan, atribut kelas ganda, pelokalan 3D, atau pengukuran. Evaluasi hanya mAP, recall, parameter, dan FPS.",a novel lightweight ripe yellow peach detection algorithm based on architectural optimizations of YOLOv8n is proposed to meet the real‐time detection requirements of automated harvesting robots || the mean Average Precision (mAP) and recall of 95.49% and 90.56% were achieved
2521,li2026blueberry,X E5,C4,X E5,,X E5,tetap,abstrak,"Putaran pertama benar. Abstrak hanya melaporkan mAP50 dan kecepatan inferensi detektor kematangan pada citra tunggal; tidak ada hitungan per kelas, estimasi hasil yang dievaluasi, lokalisasi 3D, atau pengukuran, sehingga menurut aturan b kodenya X dengan E5. Putaran kedua mengakui bahwa pencacahan tidak dievaluasi.","the proposed model attains 97.0% mAP50 on the validation set and maintains robust performance under challenging conditions such as occlusion and varying illumination, achieving 96.5% mAP50 || supports early yield estimation in complex field environments"
2524,shao2026device,X E5,C4,X E5,,X E5,tetap,abstrak,"Putaran pertama benar pada grup. Abstrak hanya melaporkan akurasi penilaian kematangan per tandan dari citra tunggal; tidak ada hitungan per kelas, estimasi hasil, lokalisasi 3D, atau pengukuran ukuran, sehingga menurut aturan b kajian ini X dengan E5. Putaran kedua sendiri mengakui bahwa pencacahan per kelas hanya tersirat.",a practical weighted grading strategy is introduced to map fruit-level recognition results to a five-grade (A-E) truss maturity index || The proposed system achieves a truss-level maturity assessment accuracy of 95.26% with 100% adjacent-tolerance accuracy
2526,zhang2026tomato,X E5,X E7,X E5,,X E5,tetap,judul,"Putaran 1 dipertahankan pada alasan. Menurut aturan a, E7 hanya berlaku bila abstrak berbahasa Inggris tidak ada, dan hal itu tidak terbukti karena halaman penerbit tidak dapat dibaca; rekaman Scopus memuat judul berbahasa Inggris. Judul dan ringkasan isi dari putaran 2 (deteksi tingkat kematangan tanpa pencacahan) sejalan dengan E5.",Tomato Ripeness Grading Detection Method Based on Color Feature Quantification and Improved YOLO v8
2542,gan2025real,X E5,C4,X E5,,X E5,tetap,abstrak (web),"Putaran pertama benar. Abstrak yang dikutip putaran kedua hanya memuat metrik deteksi (presisi 91,3% dan mAP50 92,1%) untuk deteksi kematangan stroberi; putaran kedua sendiri mencatat tidak ada pencacahan. Menurut aturan b, C4 mensyaratkan hitungan per kelas, sehingga kajian ini tetap X dengan E5.","a lightweight real-time strawberry ripeness detection algorithm, SR-YOLO, is proposed based on the YOLO11 framework || the enhanced model achieves a precision of 91.3% and an mAP50 of 92.1%"
2545,gao2025yolov8n,X E5,X E5,,,X E5,tetap,abstrak,"Deteksi kematangan tomat dari citra tunggal RGB yang hanya dievaluasi dengan mAP; tidak ada pencacahan, sehingga tidak memenuhi C4. Protokol menyebut deteksi dengan atribut kelas sebagai layak, tetapi tidak ada kode kelompok yang cocok tanpa pencacahan.","this study proposes a lightweight tomato maturity detection model, YOLOv8n-FDE. Four maturity stages are defined: mature, turning-mature, color-changing, and immature. || The model attains an mAP@0.5 of 97.6%"
2549,zhao2025intelligent,X E5,C4,X E5,,X E5,tetap,abstrak,"Putaran pertama benar. Abstrak hanya melaporkan metrik deteksi (F1, recall, mAP50, mAP50-95), kecepatan inferensi, dan jumlah parameter untuk detektor kematangan tomat dari citra RGB tunggal, tanpa hitungan per kelas atau estimasi hasil, sehingga menurut aturan b kajian ini X dengan E5 dan bukan C4.","Experimental results demonstrate that the improved YOLO-DGS model achieves a 2.6% increase in F1 score, 2.1% in recall, 2% in mAP50, and 1% in mAP50-95."
2552,xi2025tomato,X E5,C4,X E5,,X E5,tetap,abstrak (web),"Putaran pertama benar. Abstrak bahasa Inggris pada halaman penerbit hanya melaporkan presisi, mAP, jumlah parameter, dan ukuran model untuk detektor kematangan empat kelas; tidak ada hitungan per kelas, estimasi hasil, lokalisasi 3D, atau pengukuran ukuran. Menurut aturan b, detektor kematangan citra tunggal tanpa hitungan adalah X dengan E5, sehingga C4 dari putaran kedua tidak didukung bukti.","lightweight YOLO v5s-MCA model for tomato ripeness detection was proposed. The model categorized tomato ripeness into four distinct stages: mature, turning mature, color transition, and immature. || The model achieved a precision of 92.8% and a mean average precision (mAP) of 95.1%"
2556,choudhary2025innovative,X E5,X E2,X E5,,X E5,tetap,abstrak (web),"Kedua putaran sepakat bahwa rekaman dikecualikan; yang berbeda hanya alasannya. Bukti yang dapat diakses terbagi antara E2 (kalimat pembuka tentang mutu sesudah panen mekanis) dan E3 (regresor bertumpuk dengan R2 dan RMSE), sehingga tidak ada bukti yang secara positif menetapkan E2 usulan putaran kedua. Sesuai aturan bukti, alasan E5 dari putaran pertama dipertahankan sampai teks lengkap dibaca.","Fruit quality enhancement plays a vital role in wild blueberry cultivation. Fruit quality decreased after mechanical harvesting due to plant detritus such as leaves and stems. || [parafrasa web] Regresor bertumpuk dua lapis (LGBM, GBR, XGBoost, lalu Ridge) dengan R2 0,984 dan RMSE 179,898; akurasi klasifikasi per lahan 87,9% sampai 98,3%."
2558,gao2025yolov8nb,X E5,X E5,,,X E5,tetap,abstrak,"Deteksi empat kelas kematangan dari citra tunggal, dievaluasi hanya dengan mAP dan ukuran model; tidak ada pencacahan. Protokol menyebut 'deteksi dengan atribut kelas' sebagai layak, tetapi C4 mensyaratkan pencacahan; karena itu dipilih E5 dengan C4 sebagai alternatif apabila deteksi berkelas tanpa hitungan dianggap masuk.","we propose a novel YOLOv8n-CA method for tomato maturity recognition, which defines four maturity stages: unripe, turning color, turning ripe, and fully ripe || The model achieved a mean average precision (mAP) of 97.3%."
2560,alkhudaydi2025detecting,X E5,C4,X E5,,X E5,tetap,abstrak (web),"Putaran pertama benar. Abstrak dari halaman Springer hanya melaporkan deteksi buah menurut tingkat kematangan dengan mAP50 dan mAP50-95, tanpa cacah per kelas, estimasi hasil, lokalisasi 3D, atau pengukuran ukuran. Menurut aturan b, detektor kematangan citra tunggal tanpa cacah adalah X dengan E5, sehingga C4 dari putaran kedua tidak didukung bukti.","This study presents a comprehensive analysis of four YOLOv8 variations to identify and locate raspberries by their ripeness levels. || The YOLOv8l model emerged as the accurate among them achieving the mAP50 and mAP50 95 scores at 78.6% and 47.5%, respectively."
2561,senturk2025integrating,X E5,C4,X E5,,X E5,tetap,abstrak,"Putaran pertama benar. Abstrak hanya melaporkan presisi, recall, dan mAP deteksi tiga kelas kematangan pada citra tunggal RGB, tanpa jumlah per kelas, estimasi hasil, lokalisasi 3D, atau pengukuran ukuran. Menurut aturan operasional b, kajian seperti itu dikode X dengan E5; putaran kedua sendiri menyatakan kodenya E5 apabila C4 mensyaratkan pencacahan.","improve the detection accuracy for three classes of blueberry maturity (fully ripe, half-ripe, and unripe) || The ResBlock+CBAM variant achieved a slight edge in the mean average precision (mAP) at a modest computational overhead"
2565,zhang2025tomato,X E5,X E7,X E5,,X E5,tetap,abstrak (web),"Putaran pertama benar. Rekaman memiliki judul dan abstrak berbahasa Inggris, sehingga menurut aturan operasional a alasan E7 tidak berlaku walaupun teks utama berbahasa Mandarin. Abstrak hanya melaporkan AUC klasifikasi kematangan tanpa hitungan buah, sehingga alasan pengecualian tetap E5.",a tomato ripeness detection method based on visual-haptic dual migration learning was proposed || the ripeness AUC score reached 0.977 3
2566,wang2025scs,X E5,C4,X E5,,X E5,tetap,abstrak,"Putaran pertama benar. Abstrak hanya melaporkan mAP, GFLOPs, jumlah parameter, dan ukuran model untuk detektor kematangan tomat pada citra tunggal, tanpa hitungan per kelas, hasil panen, lokalisasi 3D, atau pengukuran. Menurut aturan b, kajian seperti itu dikeluarkan dengan E5, bukan C4.","a self-constructed dataset, comprising 13,649 images collected under two lighting conditions, two types of occlusion and three stages of ripeness || The model achieves a mean average precision (mAP) of 96.0%, with only a 0.6% drop compared to the baseline."
2567,rojas2025yolo,X E5,C4,X E5,,X E5,tetap,abstrak,"Putaran pertama benar. Abstrak hanya melaporkan evaluasi detektor YOLO dengan presisi dan recall untuk deteksi dan klasifikasi kematangan ceri, tanpa hitungan per kelas, estimasi hasil, lokalisasi 3D, atau pengukuran, sehingga menurut aturan b kajian ini X dengan E5 dan bukan C4.",This work evaluated the effectiveness of four YOLO versions using the Cherry CO dataset. The results highlight the YOLO11m model that balances precision and recall.
2573,yue2025apple,X E5,X E5,,,X E5,tetap,abstrak (web),"Hanya deteksi apel yang dievaluasi; tidak ada pencacahan, atribut kelas yang dilaporkan, pelokalan 3D, atau pengukuran. Naskah berbahasa Tionghoa, sehingga E7 juga berlaku bila didasarkan pada bahasa teks lengkap. Bukti berasal dari parafrasa hasil pencarian, bukan abstrak verbatim.","[parafrasa web] Model deteksi buah apel berbasis YOLOv8 yang diperbaiki untuk robot pemetik pada lingkungan kebun yang kompleks (pencahayaan berbeda, oklusi daun, buah rapat, jarak jauh). || [parafrasa web] Pada himpunan uji, presisi 86,1%, recall 89,2%, mAP0.5 94,0%, mAP0.5-0.95 64,4%, dan F1 87,6%."
2588,wang2024strawberry,X E5,C4,X E5,,X E5,tetap,abstrak,"Putaran pertama benar. Abstrak hanya melaporkan metrik deteksi dan akurasi klasifikasi kematangan pada citra RGB tunggal; penghitungan yang disebut adalah penghitungan piksel merah, bukan pencacahan buah. Menurut aturan operasional b kajian ini X dengan E5, bukan C4.","the red pixels in the centerline of the ripe strawberries are counted according to the H-channel of their hue, saturation, and value (HSV) || The accuracy of the image processing method for classifying ripe strawberries was 91.91%, FPR was 5.03%, and FNR was 14.28%."
2589,wang2024yolo,X E5,C4,X E5,,X E5,tetap,abstrak,"Putaran pertama benar. Abstrak hanya melaporkan akurasi identifikasi per tingkat kematangan, ukuran model, dan kecepatan; estimasi hasil hanya disebut sebagai motivasi dan tidak ada hitungan yang dievaluasi. Menurut aturan b, detektor kematangan citra tunggal tanpa hitungan dikeluarkan dengan E5.","The YOLO-BLBE model achieved an average identification accuracy of 99.58% for mature blueberry fruits, 96.77% for semi-mature blueberry fruits, and 98.07% for immature blueberry fruits. || The YOLO-BLBE model had a size of 12.75 MB and an average detection speed of 0.009 s."
2590,wang2024nvw,X E5,C4,X E5,,X E5,tetap,abstrak (web),"Putaran pertama benar. Aturan b mensyaratkan hitungan per kelas untuk C4, sedangkan parafrasa abstrak hanya melaporkan mAP dan F1 deteksi serta segmentasi kematangan tomat dari citra tunggal. Putaran kedua sendiri mencatat bahwa pencacahan tidak disebut, sehingga kodenya tetap X dengan E5.","[parafrasa web] NVW-YOLOv8s adalah jaringan YOLOv8s yang diperbaiki untuk mendeteksi dan menyegmentasi buah tomat secara bersamaan pada berbagai tahap kematangan. || [parafrasa web] Jaringan mencapai mAP@0.5 deteksi 91,4%, F1 85,4%, mAP@0.5 segmentasi 90,7%, F1 84,8%, dan kecepatan 60,2 frame per detik."
2591,liu2024new,X E5,C5,X E5,,X E5,perlu manusia,abstrak,"Putaran kedua benar bahwa abstrak melaporkan pengukuran diameter dengan citra depth yang dievaluasi, sehingga alasan E5 putaran pertama tidak didukung abstrak. Namun, abstrak tidak menyatakan bahwa buah berada di pohon, dan evaluasi pada 10 apel dalam tiga percobaan dapat berarti pengujian laboratorium (E2). Kelompok tidak dapat diputuskan dari bukti yang terjangkau, sehingga nilai putaran pertama dipertahankan sampai teks lengkap dibaca manusia.",the contours of apples are obtained by integrating the dual features of color and depth images within the target boxes acquired using the maturity detection model || Diameter detection achieved a success rate of 93.3% with a real-time detection frame rate of 56 FPS and an average diameter deviation of 0.878 mm for 10 apple targets across three trials.
2594,tao2024strawberry,X E5,C4,X E5,,X E5,tetap,abstrak,"Putaran pertama benar. Abstrak hanya melaporkan metrik deteksi kematangan (mAP dan akurasi); DeepSort disebut sebagai penerapan pada robot patroli tanpa hitungan atau evaluasi hitungan, sehingga aturan b menetapkan X dengan E5. Putaran kedua sendiri mengakui pencacahan tidak dievaluasi, sehingga C4 tidak didukung bukti.",It achieved a 2.8% increase in the mean average precision and a 7.4% increase in accuracy for the strawberry maturity dataset. || we developed a corresponding detection app and combined the algorithm with DeepSort to apply it to patrol robots
2603,wang2024fusion,X E5,C4,X E5,,X E5,tetap,abstrak,"Putaran pertama benar. Abstrak hanya melaporkan metrik deteksi (precision, recall, F1, mAP) untuk detektor kematangan citra tunggal tanpa hitungan per kelas, estimasi hasil, lokalisasi 3D, atau pengukuran ukuran. Menurut aturan b, kajian seperti ini adalah X dengan E5, bukan C4.","a Precision of 88.13%, a Recall of 93.16%, an F1 score of 90.89, a mAP@0.5 of 85.88%, and 6.1ms of average detection speed for citrus fruit ripeness identification in complex environments"
2606,cabaluna2024computer,X E5,X E2,X E2,,X E2,alasan berubah,teks lengkap (web),"Putaran kedua benar pada alasan pengecualian. Teks lengkap menyatakan bahwa citra berasal dari kelapa yang sudah dipanen, pengujian dilakukan di laboratorium, dan data di pohon baru disarankan untuk penelitian lanjutan, sehingga E2 berlaku. E5 dari putaran pertama juga terpenuhi, tetapi E2 lebih mendasar karena buah tidak berada di tanaman.","Data were acquired by capturing video footage of harvested coconuts from a farm in Barangay Argayoso, Manticao, Misamis Oriental. || As stated earlier, this paper is limited to experimentation, thus the test run was done inside the laboratory."
2608,sun2024detecting,X E5,X E7,X E5,,X E5,tetap,abstrak (web),"Putaran pertama benar pada alasan pengecualian. Halaman jurnal memuat abstrak berbahasa Inggris, sehingga menurut aturan a alasan E7 tidak berlaku. Abstrak hanya melaporkan deteksi kematangan dan mutu tampilan tanpa pencacahan, hasil panen, kedalaman, atau pengukuran, sehingga alasan E5 dipertahankan.",The study was conducted on the detection of tomato fruit maturity and appearance quality based on deep learning methods using pink tomato as the experimental material. || Two thousand and thirty-six tomato image data were collected and amplified to 5 316 through preprocessing.
2619,huang2023recognizing,X E5,X E7,X E5,,X E5,tetap,abstrak (web),"Putaran pertama benar. Halaman penerbit memuat abstrak berbahasa Inggris, sehingga menurut aturan a E7 tidak berlaku; putaran kedua hanya membaca meta dc.description yang berbahasa Mandarin. Abstrak Inggris itu hanya melaporkan akurasi deteksi, mAP, dan FPS untuk pemetikan tanpa pencacahan, sehingga alasannya E5.",an algorithm was proposed to recognize and detect the obstructed strawberries or the blur target using an improved lightweight Mobile-YOLOv5s || the recognition accuracy of mature strawberries reached an impressive 99.5% with an average accuracy of 99.4%
2623,li2023pineapple,X E5,X E7,X E5,,X E5,tetap,abstrak,"Putaran pertama benar pada alasan. Rekaman memiliki judul dan abstrak berbahasa Inggris, sehingga menurut aturan a alasan E7 tidak berlaku walaupun teks utama berbahasa Mandarin. Abstrak hanya melaporkan AP, F1, recall, presisi, dan FPS deteksi kematangan nanas tanpa hitungan, sehingga alasan pengeluaran tetap E5.","the photos of pineapple with different maturity were marked, and the labels were divided into yellow ripeness and green ripeness || The results showed that MobileNet V3-YOLOv4 achieved an mAP of 90.92%, which was 5.28% higher than YOLOv4 and 3.67% higher than YOLOv3."
2629,lai2023pineapple,X E5,C4,X E5,,X E5,tetap,abstrak,"Putaran pertama benar. Abstrak hanya melaporkan mAP, recall, dan akurasi klasifikasi kematangan; tidak ada cacah per kelas maupun estimasi hasil yang dievaluasi, dan estimasi hasil hanya disebut sebagai motivasi. Menurut aturan b, kajian ini adalah X dengan E5, bukan C4.",This study proposes a target detection model based on the improved YOLOv7 to achieve the accurate detection and maturity classification of pineapples in the field. || the mean average precision (mAP) and recall of the model proposed in this paper are 95.82% and 89.83%
2633,chen2023assessing,X E5,C4,X E5,,X E5,tetap,abstrak,"Putaran pertama benar. Abstrak hanya melaporkan mAP dan F1 untuk deteksi tingkat kematangan nanas pada citra tunggal; tidak ada hitungan per kelas maupun estimasi hasil yang dievaluasi. Menurut aturan b dan d, metrik deteksi saja adalah X dengan E5, sehingga C4 dari putaran kedua tidak didukung.","The experimental results have shown that the mAP (Mean Average Precision) and F 1 score (Balanced Score) of the ECA-Retinanet model were 97.69%, 94.75%, 93.2%, and 90% || The ECA attention mechanism was embedded into the classification subnet of RetinaNet to improve accuracy in detecting different levels of maturity in pineapples."
2634,xiong2023method,X E5,X E7,X E5,,X E5,tetap,abstrak (web),"Putaran pertama benar pada alasan E5. Abstrak bahasa Inggris tersedia di halaman jurnal, sehingga menurut aturan a alasan E7 dari putaran kedua tidak berlaku. Abstrak itu hanya melaporkan metrik deteksi kematangan (mAP 92,4%, waktu deteksi, ukuran model) tanpa hitungan, estimasi hasil, lokalisasi 3D, atau pengukuran, sehingga aturan b menetapkan X dengan E5.","Based on the lightweight YOLO v5-Lite model, a method of papaya maturity detection in natural environment was studied. || The experimental results showed that the mAP of the papaya maturity detection model was 92.4%"
2655,li2022real,X E5,C4,X E5,,X E5,tetap,abstrak,"Putaran pertama benar. Abstrak hanya melaporkan deteksi kelas kematangan ceri dengan mAP, recall, dan F-score pada citra tunggal, tanpa hitungan per kelas, estimasi hasil, lokalisasi 3D, atau pengukuran. Menurut aturan operasional b, kajian seperti itu adalah X dengan E5, bukan C4.","we proposed an improved YOLOX target detection algorithm to quickly and accurately detect sweet cherry ripeness categories in complex environments || Compared with the YOLOX model, the mAP of this method is improved by 4.12%, recall is improved by 4.6%, F-score is improved by 2.34%"
2656,devanna2022field,X E5,X E5,,,X E5,tetap,abstrak,"Buah di pohon disegmentasi tetapi tidak dicacah, tidak diberi kelas, dan tidak diukur. Bila teks lengkap ternyata memakai kedalaman kamera untuk lokalisasi, kode dapat bergeser ke C5.","This paper presents a semi-supervised deep learning framework for automatic pomegranate detection using a farmer robot equipped with a consumer-grade camera. || The proposed framework allows for accurate segmentation results, achieving an F1-score of 86.42% and IoU of 97.94%, while relieving the burden of manual labeling."
2662,sivaranjani2022overview,X E2,X E2,,,X E2,tetap,abstrak,"Dokumen berupa tinjauan, tetapi cakupannya pemutuan dan sortasi pascapanen, bukan buah di pohon; karena itu dikeluarkan dengan E2 dan tidak dikodekan R. Abstrak tidak menyebut pencacahan atau estimasi hasil di lapangan.","This study mainly focuses on the various post-production activities such as grading, sorting, quality evaluation, monitoring, defects detection, recognition and maturity detection. || This study deals with image processing techniques in agricultural post-production stages."
2674,wang2021blueberry,X E5,X E7,X E5,,X E5,tetap,abstrak (web),"Putaran pertama benar pada alasan pengecualian. Aturan a menetapkan bahwa E7 hanya berlaku apabila abstrak bahasa Inggris tidak ada, sedangkan rekaman ini memiliki judul dan abstrak bahasa Inggris. Isinya adalah deteksi kematangan bluberi dari citra tunggal dengan metrik deteksi saja, sehingga alasan yang tepat adalah E5.","[parafrasa web] Jaringan deteksi I-YOLOv4-Tiny dengan modul perhatian CBAM diusulkan untuk mengenali buah bluberi di lingkungan alami. || [parafrasa web] Model I-YOLOv4-Tiny mencapai presisi rata-rata 96,24% pada adegan kompleks dengan oklusi dan pencahayaan tidak merata."
2683,bhargava2021fruits,X E2,X E2,,,X E2,tetap,abstrak,"Makalah ini tinjauan, tetapi topiknya sortasi dan penilaian mutu pascapanen, bukan buah di pohon, pencacahan, atau estimasi hasil; karena itu dikeluarkan (E2). Bila protokol menerima semua tinjauan visi komputer buah, kodenya R.","In recent years, various algorithms for sorting and grading are done by various researchers using computer vision. || This paper presents a detailed overview of various methods i.e. preprocessing, segmentation, feature extraction, classification which addressed fruits and vegetables quality based on color, texture, size, shape and defects."
2684,zhang2021high,X E5,X E5,,,X E5,tetap,abstrak,"Hanya detektor buah untuk robot panen; tidak ada pencacahan, atribut kelas, maupun modalitas kedalaman.",an improved method is proposed based on coarse-to-fine multitask cascaded convolutional networks (MTCNN) || the improved detector was tested for its performance that proved superior in predicted accuracy and retaining good performances on portability with the low time cost
2685,wang2021yolov3,X E5,X E5,,,X E5,tetap,abstrak,"Deteksi satu kelas pada citra tunggal, dinilai hanya dengan F1 dan waktu deteksi; tidak ada hitungan, atribut kelas, atau modalitas kedalaman. Estimasi hasil hanya disebut sebagai motivasi; bila teks lengkap menilai jumlah buah, kode menjadi C2.","This paper proposes a YOLOv3-Litchi model based on YOLOv3 to detect densely distributed litchi fruits in large visual scenes. || compared YOLOv3-Litchi with YOLOv2, YOLOv3, and Faster R-CNN on the actual detection effect of litchi and used the F1 value and the average detection time as the assessed value"
2700,mu2020intact,X E5,C2,C2,bertahan,C2,kelompok berubah,abstrak,"Putaran kedua benar: abstrak melaporkan akurasi pencacahan tomat (R2 = 0,87) di samping AP deteksi, sehingga syarat C2 pada aturan d terpenuhi dan E5 tidak berlaku. Kode tambahan C1 tidak diambil karena abstrak hanya menyebut penggabungan kotak ke satu citra peta lokasi dan evaluasi hitung tidak dinyatakan lintas citra.",The detection on test dataset achieved high average precision of 87.83% (intersection over union ≥ 0.5) and showed a high accuracy of tomato counting (R2 = 0.87).
2702,fu2020fast,X E5,X E5,,,X E5,tetap,abstrak,"Hanya deteksi satu kelas dari citra tunggal; pencacahan, atribut kelas, dan estimasi hasil hanya disebut sebagai manfaat lanjutan, tidak dievaluasi.","Using a monocular camera, we applied the YOLOv4 neural network algorithm to extract the deep features of banana fruits, realizing accurate detection of different banana sizes. || The detection algorithm achieved a 99.29% detection rate, the average execution time was 0.171s, the shortest execution time was 0.135s, and the AP was 0.9995."
2718,tan2018recognising,X E5,C4,X E5,,X E5,tetap,abstrak,"Putaran pertama benar. Evaluasi di abstrak berupa akurasi deteksi, tingkat luput, dan tingkat positif palsu per kelas kematangan pada citra RGB tunggal, tanpa jumlah buah per kelas atau hasil berbasis hitungan. Menurut aturan operasional b kajian ini X dengan E5, bukan C4.","The performance of the method was evaluated using average detection accuracy on the testing images, missed rate, and incorrect detection rate of false positives. || KNN classifier yielded the best average accuracy of 86.0%, 94.2% and 96.0% for young fruit, intermediate fruit and mature fruit, respectively."
2740,hung2013orchard,X E5,C5,C5,bertahan,C5,kelompok berubah,abstrak,"Putaran kedua benar pada kelompok. Aturan c menetapkan E5 hanya untuk deteksi RGB tanpa pencacahan, sedangkan kajian ini memakai data multispektral (warna dan inframerah) dan mengevaluasi segmentasi buah almon di kebun dengan akurasi 88%. Modalitas non-RGB dan evaluasi deteksi itu memenuhi syarat C5.",The segmentation is performed with features extracted from multi-spectral (colour and infrared) data. We achieve a global classification accuracy of 88%. || Experimental results with data collected in an almond farm are shown.
2829,zheng2026transformer,X E1,X E1,,,X E1,tetap,abstrak,Lokalisasi dan pemodelan kebun apel dengan fenotipe tinggi pohon; abstrak tidak menyebut deteksi atau pencacahan buah.,"integrates drone remote-sensing imagery (RSI) with ground LiDAR-IMU odometry (LIO) to achieve robust geo-localization and high-fidelity digital modeling in GNSS-denied orchard environments || a geo-spatial driven multi-layer orchard model was constructed based on RSI and LIO, which could extract phenotypes such as the height of fruit trees"
2901,hu2026calibration,C1,C1,,,C1,tetap,abstrak (web),"Kajian menggabungkan dua pandangan RGB-D atas buah yang sama melalui kalibrasi ekstrinsik (kerangka koordinat bersama), sehingga dikode C1 dengan M4; tidak ada pencacahan, yang dievaluasi adalah lokalisasi 3D dan recall. Rincian strategi pencocokan antarpandang tidak tersedia dari ringkasan web; bila pencocokan ternyata hanya dalam satu pandangan, kode yang tepat adalah C5. Metrik galat lokalisasi tidak tercakup pilihan tingkat_metrik; diisi deteksi karena recall.","[parafrasa web] Metode kalibrasi ekstrinsik TCC-RM untuk dua kamera RGB-D dan hand-eye, disertai pipeline fusi multi-RGB-D untuk persepsi stroberi di bawah oklusi. || [parafrasa web] Fusi multi-RGB-D menurunkan galat lokalisasi Euclidean 2,84%-39,21% terhadap konfigurasi satu RGB-D; akurasi lokalisasi 3D 6,3 mm pada adegan teroklusi."
3220,liu2025gae,X E5,C4,C2,bertahan,C2,kelompok berubah,teks lengkap (web),"Kedua putaran keliru pada grup. Teks lengkap di PMC (Seksi 3.4) mengevaluasi jumlah buah tomat terhadap jumlah aktual (R2 0,71; MAE 1,13; MSE 1,93; 94% galat dalam rentang ±2), sehingga E5 dari putaran pertama tidak berlaku. Hitungan itu tidak dilaporkan per kelas kematangan, sehingga aturan b menolak C4 dari putaran kedua dan kode yang tepat adalah C2.","This study employs tomato fruit count as the primary yield assessment metric || Quantitative metrics (MAE = 1.13, MSE = 1.93) confirm the model’s practical prediction accuracy."
3237,saha2024chlorophyll,X E2,X E2,,,X E2,tetap,abstrak,Tomat sudah dipanen dan dipindai LiDAR dua panjang gelombang di atas konveyor laboratorium; bukan buah pada tanaman.,"Freshly harvested tomatoes, capturing six ripeness classes (mature green, breaker, turning, pink, light red, and red) according to USDA colour standard, were analysed using a linear conveyor mounted sensor system"
3294,magalhaes2024monovisual3dfilter,C1,C1,C1,,C1,tetap,teks lengkap,"Putaran kedua benar pada akuisisi. Teks lengkap menyatakan kamera pada lengan robot dipindahkan ke tiga pose tetap dan kotak deteksi dari tiap pose dipotongkan, sehingga masukan berupa beberapa foto diskret (D), bukan video atau urutan citra dari kamera yang bergerak sepanjang baris. Kode V pada putaran pertama dibuat dari abstrak yang tidak merinci akuisisi.","At the current stage, the arm used fixed multi-viewpoint to observe the tomatoes from multiple perspectives. || box camera at the simulator moved to three fixed poses that always assured the visibility of the tomatoes."
3349,li2024recognition,X E4,C5,X E4,,X E4,tetap,abstrak,"Putaran pertama benar. Lokalisasi RGB-D yang dievaluasi adalah titik petik dan galat kalibrasi tangan-mata untuk robot pemanen. Menurut aturan c, lokalisasi yang hanya melayani pemetikan adalah X dengan E4, bukan C5.","the detection of elevated-substrate strawberries and their picking points, using a strawberry picking robot || we have developed a method for locating strawberry picking points based on strawberry geometry"
3389,gursoy2024occlusion,X E4,X E4,,,X E4,tetap,abstrak,"Kontribusi utama adalah manipulasi cabang oleh lengan robot; evaluasi berupa peningkatan visibilitas dan keberhasilan pembersihan oklusi, bukan akurasi lokalisasi atau pencacahan buah. Alternatif yang masih mungkin adalah C5 karena memakai RGB-D dan estimasi bagian buah yang tertutup di ruang depth.","The objective of this work is to push away branches that block the fruit’s view to increase their visibility. || Finally, we clear the occlusion by pushing the branch with the robot arm."
3565,xie2023fruit,C1,C1,,,C1,tetap,abstrak,"Tujuan kajian adalah pelokalan untuk robot panen multilengan, bukan pencacahan; tetap dikodekan C1 karena buah yang sama dipetakan dan dideduplikasi lintas kamera dalam kerangka koordinat bersama. Bila C1 dibatasi pada pencacahan, kode alternatifnya C5. Metrik yang dilaporkan adalah akurasi pelokalan dan peluang deteksi berulang, bukan galat hitung; tingkat_metrik 'deteksi' adalah pendekatan terdekat.",making it difficult to determine whether different centroid positions belong to the same fruit || a target-based multi-camera extrinsic calibration method is employed to obtain accurate external parameter matrices between multiple cameras and the robot base coordinate system
3588,zaenker2023graph,C1,C1,,,C1,tetap,abstrak,"Perencanaan pandang yang menggabungkan beberapa pandang RGB-D dalam peta 3D (pose lengan robot diketahui), sehingga M4. Acuan hitung adalah buah kebenaran dasar pada model tanaman simulasi, bukan hitung lapangan; ditulis anotasi sebagai pendekatan terdekat. Angka hasil berasal dari versi arXiv (parafrasa web). Kontribusi utama adalah perencanaan gerak, bukan pencacahan.",The generated view poses aim at both sufficiently covering already detected and discovering new fruits. || We demonstrate the effectiveness of our approach through simulated and real-world experiments using a robotic arm equipped with an RGB-D camera and mounted on a trolley.
3604,arlotta2023ekf,C1,C1,,,C1,tetap,abstrak,"Kajian mengaitkan tandan anggur antarbingkai dan melokalisasinya, tetapi tidak menghitung; validasi dilakukan di simulator dan laboratorium, bukan di kebun. Metrik tidak disebut di abstrak. Bila simulasi tanpa penghitungan dianggap tidak memenuhi syarat, alternatifnya X dengan alasan E5.",we propose a framework for tracking objects of interest over time using a mobile robotic platform equipped with RGB-D camera || we design a multi-object tracking module based on an Extended Kalman Filter (EKF) which takes into account the motion of the robot to update the estimate of the localization of the objects
3641,vulpi2022rgb,C1,X E1,C1,,C1,perlu manusia,abstrak (web),"Grup tidak dapat diputuskan dari bukti yang dapat diakses. Putaran pertama hanya berdasar judul, sedangkan parafrasa web putaran kedua yang mengarah ke E1 tidak dapat diverifikasi karena abstrak penerbit tidak terbuka; daftar konsep OpenAlex hanya menguatkan secara lemah bahwa makalah ini tentang pemetaan dan lokalisasi robot. Nilai putaran pertama dipertahankan sampai seorang peninjau membaca makalahnya; dugaan terkuat adalah X dengan E1.","[parafrasa web] Konsep OpenAlex untuk rekaman ini: Computer vision, Precision agriculture, Global Positioning System, Inertial measurement unit, RGB color model, Robot; tidak ada konsep buah atau pencacahan."
3689,pan2022pear,X E4,X E5,X E5,,X E5,alasan berubah,teks lengkap (web),"Putaran kedua benar pada alasan. Teks lengkap menunjukkan bahwa kajian hanya mengevaluasi deteksi pir dengan mAP pada citra RGB, tanpa lokalisasi titik petik dan tanpa pengoperasian robot pemetik, sehingga E4 tidak tepat. Kajian mendeteksi buah tanpa pencacahan atau evaluasi di luar deteksi, yaitu E5.","For the recognition of pears, the Mask R-CNN, had the mAPs of 95.22% for validation set and 99.45% was observed for the testing set. || [parafrasa web] Modul pengukuran jarak tidak ditambahkan; kamera ZED hanya dipakai untuk membuat set data, kanal citra diubah menjadi RGB, dan robot pemetik belum dioperasikan."
3704,li2022review,X E4,R,X E4,,X E4,tetap,abstrak,"Putaran pertama dipertahankan. Abstrak menempatkan pengenalan dan lokalisasi semata-mata sebagai pendukung end-effector robot pemetik, dan kesimpulannya hanya mengenai rancangan end-effector, sehingga aturan c (lokalisasi yang hanya melayani pemetikan adalah E4) berlaku. Putaran kedua benar bahwa makalah ini berbentuk tinjauan, tetapi topiknya bukan pencacahan, estimasi hasil, atau pengukuran buah.",The excellent performance of fruit and vegetable picking robots is usually contributed by the reasonable structure of end-effector and recognition–localization methods with high accuracy. || it is possible to develop future end-effectors for fruit and vegetable picking robots with superior characteristics
3765,gong2022robotic,X E4,C5,C5,bertahan,C5,kelompok berubah,abstrak,"Putaran 2 benar pada grup. Abstrak melaporkan segmentasi buah dengan citra RGB, depth, dan inframerah serta pemulihan bentuk dan posisi buah teroklusi yang dievaluasi (mIoU 0,895; galat sentroid 0,62 mm; radius buah), yaitu lokalisasi dan pengukuran buah di tanaman dengan sensor depth. Yang diukur adalah geometri buah, bukan titik petik atau pose genggam, sehingga kajian ini bukan pemetikan semata (E4).","First, RGB, depth and infrared images are acquired. And pixel‐level matched RGB‐D‐I fusion images are obtained by image registration. || This algorithm can extract tomato radius and centroid coordinates directly from the restored depth image."
3826,li2021fast,X E4,X E4,,,X E4,tetap,abstrak,"Tujuan utama adalah titik petik untuk pemetikan dengan UAV. Kasus batas dengan C5 karena deteksi longan memakai fusi RGB-D dan lokalisasi, tetapi evaluasi yang disebut abstrak adalah percobaan pemetikan, bukan galat lokalisasi buah.",a deep learning-based scheme to quickly and accurately detect and locate suitable picking points on fruit branches is proposed || a strategy is formulated to accurately determine the suitable picking point on the main branch of the result
3912,zaenker2021viewpoint,C1,C1,,,C1,tetap,teks lengkap,"Pengamatan dari banyak sudut pandang digabung dalam octree dengan pose lengan robot yang diketahui, lalu voksel buah dikelompokkan, sehingga satu buah menjadi satu klaster (M4). Pembanding adalah kebenaran dasar simulasi (kotak pembatas model buah), dikodekan 'anotasi' karena tidak ada pilihan lain yang sesuai. Metrik utama adalah jumlah buah terdeteksi, jarak pusat, dan akurasi volume; bukan galat hitung baku.","The generated point cloud is forwarded to the planner module, which uses the incoming information to build up a 3D map of the environment in the form of an octree || To identify individual fruits, we first cluster the identified ROI nodes and then estimate their position and volume."
4032,genemola2020fruitb,C1,C1,,,C1,tetap,abstrak,"Abstrak tidak menyebut sumber acuan 1.455 apel (anotasi awan titik atau hitung di pohon); 'anotasi' adalah dugaan. Metrik berupa F1 deteksi terhadap jumlah buah total, bukan galat hitung. Akuisisi D (foto dari banyak posisi) dapat juga dibaca sebagai V.",(2) 3D point cloud generation of detected apples using structure-from-motion (SfM) photogrammetry; (3) projection of 2D image detections onto 3D space || by combining instance segmentation with SfM the system performance increased from an F1-score of 0.816 (2D fruit detection) to 0.881 (3D fruit detection and location)
4116,lin2019guava,X E4,C5,X E4,,X E4,tetap,abstrak,"Putaran pertama dipertahankan. Abstrak menyatakan bahwa deteksi dan estimasi pose ditujukan untuk memandu robot mendekati dan melepas buah tanpa menabrak cabang, sehingga lokalisasi itu hanya melayani pemetikan dan menurut aturan operasional c dikode X dengan E4. Putaran kedua sendiri mengakui bahwa E4 dapat diperdebatkan dan tidak memberi bukti pencacahan atau pengukuran di luar keperluan petik.","the branch-dependent pose of fruits is also crucial to guide a robot to approach and detach the target fruit without colliding with its mother branch || To conduct automatic, collision-free picking, this study investigates a fruit detection and pose estimation method by using a low-cost red–green–blue–depth (RGB-D) sensor."
4194,rist2018high,X E2,C5,C5,bertahan,C5,kelompok berubah,teks lengkap (web),"Putaran kedua benar pada grup. E2 hanya berlaku untuk kajian yang seluruhnya pascapanen atau laboratorium, sedangkan abstrak dan teks lengkap menyatakan pemindai 3D juga dipakai langsung di lapangan pada tandan yang belum dipanen dan hasilnya dievaluasi terhadap pindaian laboratorium. Kajian ini memenuhi C5 karena memakai sensor 3D dan mengevaluasi pengukuran buah pada tanaman.","it was shown that the Artec Spider can be used directly in the field where achieved data show comparable precision with regard to the lab application || [parafrasa web] 48 tandan (12 per kultivar, BBCH 89) dipindai langsung di lapangan secara noninvasif, kemudian dipanen dan dipindai ulang di laboratorium sebagai acuan (Tabel 4)."
4441,lu2013efficient,X E5,X E5,,,X E5,tetap,abstrak,"Deteksi jeruk di tajuk dari citra RGB tunggal tanpa pencacahan dan tanpa evaluasi di luar deteksi. Permukaan 3D diperoleh dari shape from shading pada citra RGB, bukan dari sensor kedalaman, sehingga C5 tidak dipilih; abstrak tidak melaporkan evaluasi kuantitatif lokalisasi.",This paper focuses on the detection of citrus fruits in the tree canopy under variable illumination and different degree occlusion. || The 3-D surface topography of the visible parts of fruits were recovered by the classical algorithm of shade from shading
4544,liu2026advancements,X E1,T,X E1,,X E1,tetap,abstrak (web),"Putaran pertama dipertahankan. Abstrak hanya menegaskan isi judul: dokumen ini tinjauan pelacakan ikan, bukan tinjauan pencacahan buah (R) dan bukan makalah metode (T mensyaratkan makalah metode dari luar pertanian, sedangkan akuakultur juga bukan konteks luar pertanian yang jelas). Tidak ada bukti baru yang secara positif mendukung kelompok T, sehingga kode X dengan E1 tetap.","This review comprehensively examines the progress of fish multi-object tracking from a computer vision perspective. || analyzes the design principles, research progress, available datasets, and evaluation metrics associated with both two-dimensional and three-dimensional tracking methods"
4600,rahman2024uav,X E5,X E1,X E1,,X E1,alasan berubah,abstrak,"Putaran kedua benar pada alasan eksklusi. Abstrak tidak menyebut buah sama sekali, sehingga E5 (buah terdeteksi tetapi tidak dicacah) tidak berlaku; menurut aturan h tinjauan umum tanpa buah dikeluarkan dengan E1.","This paper presents a thorough examination of UAV datasets, emphasizing their wide range of applications and progress. || These datasets play a crucial role in disaster damage assessment, aerial surveillance, object recognition, and tracking."
4678,song2022review,X E7,X E7,,,X E7,tetap,abstrak,"Artikel tinjauan estimasi kedalaman monokular di luar pertanian yang terbit di jurnal berbahasa Tionghoa (Journal of Image and Graphics); abstrak yang tersedia berbahasa Tionghoa. Bila naskah lengkap ternyata berbahasa Inggris, topiknya tetap berada di tepi cakupan (tinjauan metode kedalaman, bukan pelacakan, asosiasi multipandang, atau pencacahan), sehingga kode alternatif adalah T atau R.",本文对基于深度学习的单目深度估计技术最新进展进行了综述，回顾了基于监督学习和基于无监督学习方法的发展历程。
4834,ghonimy2026robotic,X E4,R,X E4,,X E4,tetap,abstrak,"Putaran pertama benar. Tinjauan ini membahas robot panen dan persepsi hanya ditinjau sebagai bagian dari rangkaian persepsi, manipulasi, dan pelepasan buah; abstrak tidak menyebut pencacahan atau estimasi hasil. Aturan h mengecualikan tinjauan robot panen tanpa persepsi buah untuk pencacahan, sehingga kode R dari putaran kedua tidak didukung bukti.","This review provides a comprehensive synthesis of robotic fruit harvesting systems, with a particular focus on the system-level integration of perception, manipulation, and fruit detachment || an integrated framework that explicitly links perception, manipulation, and detachment with orchard-level constraints and deployment requirements"
4960,xu2025real,X E5,C4,X E5,,X E5,tetap,abstrak,"Putaran pertama benar pada grup. Abstrak hanya melaporkan P, R, mAP@0.5, jumlah parameter, dan kecepatan untuk detektor RGB citra tunggal; tidak ada hitungan, estimasi hasil, lokalisasi 3D, atau pengukuran. Menurut aturan b, detektor tahap tumbuh tanpa hitungan per kelas adalah X dengan E5, sehingga C4 dari putaran kedua tidak didukung.","MVYOLO-Tiny achieves 0.2%, 0.8%, and 0.6% improvement in P, R, and mAP@0.5 respectively, reaching 90.1%, 88.5%, and 94.0%. || a dataset comprising strawberry images across different climes, scenarios, and growth stages is constructed"
5474,perezborrero2021new,X E5,X E5,,,X E5,tetap,abstrak (web),"Tipe dokumen Scopus tertulis Review, tetapi isinya makalah metode. Evaluasi terbatas pada mutu segmentasi instans; tidak ada pencacahan, kelas, lokalisasi 3D, atau pengukuran ukuran.","[parafrasa web] Metodologi segmentasi instans stroberi berbasis jaringan konvolusi penuh untuk pemanenan otomatis; setiap piksel stroberi memprediksi sentroid buahnya. || [parafrasa web] Evaluasi melaporkan mAP 52,61 dan mean instance IoU 93,38 pada 30 fps; tidak ada pencacahan atau atribut kelas."
5703,dubey2015application,X E2,X E2,,,X E2,tetap,abstrak,"Tinjauan, tetapi topiknya klasifikasi jenis buah di supermarket dan penyakit buah (pascapanen), bukan pencacahan, estimasi hasil, atau deteksi buah di pohon. Bila setiap tinjauan pengolahan citra buah dianggap layak, kode alternatifnya R.","Fruit and vegetable classification is one of the major applications that can be utilized in supermarkets to automatically detect the kinds of fruits or vegetables purchased by customers || We surveyed image-processing approaches used for fruit disease detection, segmentation and classification."
