no,idx,key,tahun,judul,doi,abstrak,dasar_keputusan_ai,alasan_ai,pdf_ada,path_teks,hanya_judul,sinyal_kata_kunci,konfirmasi_alasan,seharusnya_C1_atau_C3,catatan,catatan_skrip
1,12,jiang2026robot,2026,Robot-assisted Neural Radiance fields for plot-level cotton crop 3D reconstruction and yield estimation,10.1016/j.compag.2026.112063,,judul,E1 (bukan buah pada tanaman),N,,Y,multi-observasi,,,,tanpa abstrak dan tanpa PDF: cari abstrak/teks lengkap lewat DOI
2,1872,amirruddin2022synthetic,2022,Synthetic Minority Over-sampling TEchnique (SMOTE) and Logistic Model Tree (LMT)-Adaptive Boosting algorithms for classifying imbalanced datasets of nutrient and chlorophyll sufficiency levels of oil palm (Elaeis guineensis) using spectroradiometers and unmanned aerial vehicles,10.1016/j.compag.2021.106646,,judul,E1 (bukan buah pada tanaman),N,,Y,sawit,,,,tanpa abstrak dan tanpa PDF: cari abstrak/teks lengkap lewat DOI
3,2137,albakri2019analysis,2019,"Analysis of oil palm leaf phyllotaxis towards development of models to determine the fresh fruit bunch (FFB) maturity stages, yield and site-specific harvesting",,,judul,E1 (bukan buah pada tanaman),N,,Y,sawit,,,,tanpa abstrak dan tanpa PDF: cari abstrak/teks lengkap lewat DOI
4,4544,liu2026advancements,2026,Advancements in Computer Vision–Based Fish Multi-Object Tracking: A Comprehensive Review,10.1007/s11831-026-10554-2,,judul,E1 (bukan buah pada tanaman),N,,Y,multi-observasi,,,,tanpa abstrak dan tanpa PDF: cari abstrak/teks lengkap lewat DOI
5,155,fu2025estimating,2025,Estimating the weight of banana hands and fingers using RGB-D,10.11975/j.issn.1002-6819.202501125,,judul,E2 (hanya pascapanen atau laboratorium),N,,Y,,,,,tanpa abstrak dan tanpa PDF: cari abstrak/teks lengkap lewat DOI
6,893,golder2026automated,2026,"Automated detection, shape classification, and counting of leaves and fruits from bunch leaf and fruit image using deep learning models for smart agriculture and forestry",10.1007/s11042-026-21350-2,,judul,E2 (hanya pascapanen atau laboratorium),N,,Y,,,,,tanpa abstrak dan tanpa PDF: cari abstrak/teks lengkap lewat DOI
7,905,wang2026intelligent,2026,Intelligent Fruit and Vegetable Counting System Based on Raspberry Pi 4B and SG-YOLOv8,10.1007/978-981-92-2321-3_25,,judul,E2 (hanya pascapanen atau laboratorium),N,,Y,,,,,tanpa abstrak dan tanpa PDF: cari abstrak/teks lengkap lewat DOI
8,964,kahya2025predicting,2025,Predicting Grain Count and Weight of Grape Clusters by Image Processing with Deep Learning,10.1007/s10341-025-01333-7,,judul,E2 (hanya pascapanen atau laboratorium),N,,Y,,,,,tanpa abstrak dan tanpa PDF: cari abstrak/teks lengkap lewat DOI
9,56,huang2026phemut,2026,"PheMuT: A phenology-informed, multi-modal time-series model for strawberry yield forecasting",10.1016/j.compag.2026.111526,,judul,E3 (model hasil tanpa deteksi tingkat buah),N,,Y,,,,,tanpa abstrak dan tanpa PDF: cari abstrak/teks lengkap lewat DOI
10,147,hnida2025transfer,2025,Transfer learning-enhanced deep learning for tree crown geometric analysis and crop yield estimation using UAV imagery,10.1016/j.rsase.2025.101663,,judul,E3 (model hasil tanpa deteksi tingkat buah),N,,Y,,,,,tanpa abstrak dan tanpa PDF: cari abstrak/teks lengkap lewat DOI
11,324,nie2024uavec,2024,UAVEC-FLchain: Distributed multi-regional jujube orchard joint yield estimation for secure agricultural-IoT applications,10.1016/j.iot.2024.101143,,judul,E3 (model hasil tanpa deteksi tingkat buah),N,,Y,,,,,tanpa abstrak dan tanpa PDF: cari abstrak/teks lengkap lewat DOI
12,894,obeng2026integrated,2026,An Integrated Machine Learning Framework for Citrus Grading and Yield Prediction Using Classifier-Informed Regression,10.3844/jcssp.2026.1344.1359,,judul,E3 (model hasil tanpa deteksi tingkat buah),N,,Y,,,,,tanpa abstrak dan tanpa PDF: cari abstrak/teks lengkap lewat DOI
13,1031,wu2024citrus,2024,Citrus Yield Estimation by Integrating UAV Imagery and Machine Learning,10.6041/j.issn.1000-1298.2024.12.028,,judul,E3 (model hasil tanpa deteksi tingkat buah),N,,Y,,,,,tanpa abstrak dan tanpa PDF: cari abstrak/teks lengkap lewat DOI
14,801,zainuddin2015online,2015,Online mobile mapping application development for monitoring fruit tree plantation,,,judul,E5 (deteksi tanpa pencacahan atau evaluasi lain),N,,Y,,,,,tanpa abstrak dan tanpa PDF: cari abstrak/teks lengkap lewat DOI
15,2494,sun2026maturity,2026,Maturity-aware fruit detection in real orchard scenes using super-resolution enhanced YOLOv13n,10.1016/j.aei.2026.105145,,judul,E5 (deteksi tanpa pencacahan atau evaluasi lain),N,,Y,,,,,tanpa abstrak dan tanpa PDF: cari abstrak/teks lengkap lewat DOI
16,2506,hong2026strawberry,2026,Strawberry Ripeness Cascade Detection Method Based on YOLO v8n seg and Lightweight CNN,10.6041/j.issn.1000-1298.2026.11.031,,judul,E5 (deteksi tanpa pencacahan atau evaluasi lain),N,,Y,,,,,tanpa abstrak dan tanpa PDF: cari abstrak/teks lengkap lewat DOI
17,2516,qin2026lightweight,2026,A lightweight strawberry ripeness detection algorithm based on improved YOLOv5s,10.13733/j.jcam.issn.2095-5553.2026.02.013,,judul,E5 (deteksi tanpa pencacahan atau evaluasi lain),N,,Y,,,,,tanpa abstrak dan tanpa PDF: cari abstrak/teks lengkap lewat DOI
18,2526,zhang2026tomato,2026,Tomato Ripeness Grading Detection Method Based on Color Feature Quantification and Improved YOLO v8,10.6041/j.issn.1000-1298.2026.02.019,,judul,E5 (deteksi tanpa pencacahan atau evaluasi lain),N,,Y,,,,,tanpa abstrak dan tanpa PDF: cari abstrak/teks lengkap lewat DOI
19,2542,gan2025real,2025,Real-time lightweight strawberry ripeness detection framework based on YOLO11 deployed on edge computing platform,10.1007/s11694-025-03559-1,,judul,E5 (deteksi tanpa pencacahan atau evaluasi lain),N,,Y,,,,,tanpa abstrak dan tanpa PDF: cari abstrak/teks lengkap lewat DOI
20,2552,xi2025tomato,2025,Tomato Maturity Detection Method Based on Lightweight YOLO v5s MCA,10.6041/j.issn.1000-1298.2025.03.038,,judul,E5 (deteksi tanpa pencacahan atau evaluasi lain),N,,Y,,,,,tanpa abstrak dan tanpa PDF: cari abstrak/teks lengkap lewat DOI
21,2556,choudhary2025innovative,2025,Innovative Approach to Enhancing Through Heterogeneous Context-Aware Graph Convolutional Networks for Accurate Ripeness Detection and Yield Estimation with Comprehensive Performance Metrics Evaluation,10.1007/978-3-032-05373-2_40,,judul,E5 (deteksi tanpa pencacahan atau evaluasi lain),N,,Y,,,,,tanpa abstrak dan tanpa PDF: cari abstrak/teks lengkap lewat DOI
22,2560,alkhudaydi2025detecting,2025,Detecting Raspberry Ripeness Across Different Growth Stages Using YOLOv8,10.1007/978-3-031-82153-0_18,,judul,E5 (deteksi tanpa pencacahan atau evaluasi lain),N,,Y,,,,,tanpa abstrak dan tanpa PDF: cari abstrak/teks lengkap lewat DOI
23,2565,zhang2025tomato,2025,Tomato Maturity Detection Method Based on Visual and Haptic Double Transfer Learning,10.6041/j.issn.1000-1298.2025.01.008,,judul,E5 (deteksi tanpa pencacahan atau evaluasi lain),N,,Y,,,,,tanpa abstrak dan tanpa PDF: cari abstrak/teks lengkap lewat DOI
24,2573,yue2025apple,2025,Apple detection in complex orchard environments based on improved ＹOLOv8,10.13878/j.cnki.jnuist.20240410002,,judul,E5 (deteksi tanpa pencacahan atau evaluasi lain),N,,Y,,,,,tanpa abstrak dan tanpa PDF: cari abstrak/teks lengkap lewat DOI
25,2590,wang2024nvw,2024,NVW-YOLOv8s: An improved YOLOv8s network for real-time detection and segmentation of tomato fruits at different ripeness stages,10.1016/j.compag.2024.108833,,judul,E5 (deteksi tanpa pencacahan atau evaluasi lain),N,,Y,,,,,tanpa abstrak dan tanpa PDF: cari abstrak/teks lengkap lewat DOI
26,2608,sun2024detecting,2024,Detecting Tomato Fruit Ripeness and Appearance Quality Based on Improved YOLOv5s,10.16420/j.issn.0513-353x.2023-0859,,judul,E5 (deteksi tanpa pencacahan atau evaluasi lain),N,,Y,,,,,tanpa abstrak dan tanpa PDF: cari abstrak/teks lengkap lewat DOI
27,2619,huang2023recognizing,2023,Recognizing and detecting the strawberry at multi-stages using improved lightweight YOLOv5s,10.11975/j.issn.1002-6819.202307186,,judul,E5 (deteksi tanpa pencacahan atau evaluasi lain),N,,Y,,,,,tanpa abstrak dan tanpa PDF: cari abstrak/teks lengkap lewat DOI
28,2634,xiong2023method,2023,Method of Maturity Detection for Papaya Fruits in Natural Environment Based on YOLO v5-Lite,10.6041/j.issn.1000-1298.2023.06.025,,judul,E5 (deteksi tanpa pencacahan atau evaluasi lain),N,,Y,,,,,tanpa abstrak dan tanpa PDF: cari abstrak/teks lengkap lewat DOI
29,2674,wang2021blueberry,2021,Blueberry maturity recognition method based on improved YOLOv4-Tiny,10.11975/j.issn.1002-6819.2021.18.020,,judul,E5 (deteksi tanpa pencacahan atau evaluasi lain),N,,Y,,,,,tanpa abstrak dan tanpa PDF: cari abstrak/teks lengkap lewat DOI
30,5474,perezborrero2021new,2021,A new deep-learning strawberry instance segmentation methodology based on a fully convolutional neural network,10.1007/s00521-021-06131-2,,judul,E5 (deteksi tanpa pencacahan atau evaluasi lain),N,,Y,,,,,tanpa abstrak dan tanpa PDF: cari abstrak/teks lengkap lewat DOI
31,59,doyle2026proximal,2026,Proximal sensing of horticultural crops with mobile device LiDAR,10.1016/j.atech.2026.101799,"Robust, multipurpose 3D plant model datasets are critical for the development of phenotyping and structural characteristic estimation methods. This study details the construction of a multi-crop 3D point cloud dataset collected in-situ, tests the efficacy of HSV thresholding on colorized point cloud data to segment target plants, and evaluates the efficacy of mobile device LiDAR sensors for plant structural data collection. Across the agricultural season, a mobile device LiDAR sensor was used to collect 295 colorized point clouds of pepper, tomato, and watermelon plants. Segmentation with HSV thresholding and processing resulted in an mIoU score of 89%. Spatial accuracy of the sensor was assessed through comparison of physically measured and sensed tomato plant height, yielding a strong regression fit (R 2 = 0.95), but with significant error (RMSE = 5 cm). To assess the sensor’s structural characteristic estimation capabilities, aboveground vegetative biomass, leaf and stem biomass, and leaf and stem number were physically measured in tomato and watermelon plants. Convex hull volume and voxel volume at multiple voxel sizes were related to biomass and structure counts using NLS regression. Regressions between plant volume and structural characteristics showed a strong relationship between each crop and the structural characteristics (R 2 = 0.86-0.98). Relative error was high in tomato estimates (RRMSE = 22-38%), but comparable in performance to other sensors in watermelon estimates (RRMSE = 12-23%). The spatial and structural characteristic estimation error was attributed to the sensor and scanning software, restricting mobile device LiDAR’s data collection utility with current technology.",abstrak,E1 (bukan buah pada tanaman),N,,N,multi-observasi,,,,
32,146,wang2025phenotypic,2025,Phenotypic Trait Acquisition Method for Tomato Plants Based on RGB-D SLAM,10.3390/agriculture15151574,"The acquisition of plant phenotypic traits is essential for selecting superior varieties, improving crop yield, and supporting precision agriculture and agricultural decision-making. Therefore, it plays a significant role in modern agriculture and plant science research. Traditional manual measurements of phenotypic traits are labor-intensive and inefficient. In contrast, combining 3D reconstruction technologies with autonomous vehicles enables more intuitive and efficient trait acquisition. This study proposes a 3D semantic reconstruction system based on an improved ORB-SLAM3 framework, which is mounted on an unmanned vehicle to acquire phenotypic traits in tomato cultivation scenarios. The vehicle is also equipped with the A * algorithm for autonomous navigation. To enhance the semantic representation of the point cloud map, we integrate the BiSeNetV2 network into the ORB-SLAM3 system as a semantic segmentation module. Furthermore, a two-stage filtering strategy is employed to remove outliers and improve the map accuracy, and OctoMap is adopted to store the point cloud data, significantly reducing the memory consumption. A spherical fitting method is applied to estimate the number of tomato fruits. The experimental results demonstrate that BiSeNetV2 achieves a mean intersection over union (mIoU) of 95.37% and a frame rate of 61.98 FPS on the tomato dataset, enabling real-time segmentation. The use of OctoMap reduces the memory consumption by an average of 96.70%. The relative errors when predicting the plant height, canopy width, and volume are 3.86%, 14.34%, and 27.14%, respectively, while the errors concerning the fruit count and fruit volume are 14.36% and 14.25%. Localization experiments on a field dataset show that the proposed system achieves a mean absolute trajectory error (mATE) of 0.16 m and a root mean square error (RMSE) of 0.21 m, indicating high localization accuracy. Therefore, the proposed system can accurately acquire the phenotypic traits of tomato plants, providing data support for precision agriculture and agricultural decision-making.",abstrak,E1 (bukan buah pada tanaman),N,,N,multi-observasi,,,,
33,163,de2025chromosomal,2025,Chromosomal duplication in Actinidia chinensis var. rufopulpa,10.17660/actahortic.2025.1431.77,"Kiwifruit is an edible berry produced by various climbing lianas of the Actinidia genus, which belongs to the Actinidiaceae family. Among commercial cultivars, 'Hayward' has been the dominant cultivar in the market since the 1970s, owing to its appealing emerald-green pulp, refined flavor, and excellent post-harvest performance. However, the Actinidia genus comprises a wide array of cultivars and selections with diverse shapes, sizes, volumes, sensory attributes, and nutritional characteristics. After nearly four decades of predominantly mono-varietal production, today's market is seeking new fruit types to expand and diversify consumer choices. Recently, consumer interest has shifted toward fruits with differently colored pulp, such as yellow or bi-color (yellow-red and green-red pulp). The latter, in particular, has gained novelty in the markets due to its distinctive color and tropical-flavored notes. However, since the early 2000s, kiwifruit crops have been afflicted by “bacterial canker,” a pathology caused by the bacterium Pseudomonas syringae pv. actinidiae (PSA), resulting in substantial economic losses in countries like Italy and New Zealand. Several studies have indicated that the varying ploidy levels in Actinidia species are associated with varying susceptibility to this disease. In particular, it has been observed that diploid cultivars, including those with red pulp, are more prone to infection and exhibit more severe symptoms. In this study, two different diploid pulp genotypes were subjected to chromosomal duplication to create pre-breeding material for the development of red pulp fruit cultivars with reduced susceptibility to PSA. To generate tetraploid plants, in vitro petiole segments were incubated in an initiation substrate for four weeks before being treated with a 0.05% colchicine solution. The resulting plants were examined to confirm their ploidy, and tetraploid lines were acclimatized and cultivated in open fields for future phenotypic analyses.",abstrak,E1 (bukan buah pada tanaman),N,,N,,,,,
34,165,arbogast2025mon,2025,Mon Forest Towns: A Regional Recreation Economy Partnership Model in the Monongahela National Forest,10.18666/jpra-2025-12684,"Building the recreation economy in the United States is one of the United States Department of Agriculture’s top priorities. The Monongahela National Forest (MNF) in partnership with West Virginia University Extension and USDA Rural Development began engaging a diversity of stakeholders in 2017 to create a shared recreation vision for each of the eight counties and 12 towns surrounding the MNF. The resulting Mon Forest Towns Partnership has cultivated relationships across the forest and between stakeholders in forest gateway communities. Strategic partnerships have enhanced the economy and quality of life for residents and visitors, while sustaining the quality of the environment and society. Agency and community partners applied the collective impact framework to the development of the regional partnership. The first phase of the process (2017-2019) focused on initiating action by engaging agency partners and community members to build relationships, establish trust, understand the depth and breadth of the opportunities and challenges, create a shared vision, develop a partnership agreement, collect data, and tackle “low-hanging fruit.” Phase two (2019-2022) focused on organizing for impact with activities that included creating a shared governance structure, establishing a common agenda, and developing a strategic action framework. Phase three (2023-?) focused on sustaining the impact by establishing the backbone organization, creating an operational framework, building organizational capacity, and securing funding to continue to improve regional coordination, communication, and capacity. This innovative partnership brings local partners to the table working collaboratively without duplicating or overlapping services. Challenges identified include providing equitable support to all twelve towns with varying levels of capacity and need, developing a comprehensive indicator monitoring system, and creating an integrated operational framework. Yet, since 2017, these partners have leveraged more than $8 million to implement specific programming for the Mon Forest Towns focused on accomplishing the goals outlined in the strategic plan. The Mon Forest Towns recreation economy partnership has served as a model to promote USDA agency and community partnerships to develop recreation economies.",abstrak,E1 (bukan buah pada tanaman),N,,N,,,,,
35,182,churuvija2025pose,2025,A pose-versatile imaging system for comprehensive 3D modeling of planar-canopy fruit trees for automated orchard operations,10.1016/j.compag.2025.109899,"High-density tree fruit production systems employ SNAP (Simple, Narrow, Accessible and Productive) canopy architectures, such as the UFO (Upright Fruiting Offshoots) system, that require intensive management practices. The growing adoption of these production systems in the USA, along with the decline of farm labor in the country, has sparked interest in automating manual orchard operations. Machine vision plays a key role in the development of robotic solutions because the success of these robots largely depends on the ability of the imaging systems (ISs) to quickly and accurately generate three-dimensional (3D) models of the surroundings. Tree models, for example, are essential to determine cutting points and guide cutting tools to the correct positions when pruning selectively. However, the ISs proposed in recent studies do not produce sufficiently comprehensive models, are expensive, and/or are impractical for commercial applications. In this study, a novel, time-efficient, and pose-versatile imaging system (Mobile IS) was developed and tested to overcome these issues. The Mobile IS utilized off-the-shelf cameras to capture an initial 3D point cloud model of a scene and then dynamically refined the model in real time by integrating additional point clouds from close range and different poses using simple photogrammetric techniques. To evaluate the performance of the Mobile IS, a wide range of UFO-trained tree offshoot diameters (OSDs), and side-branch lengths (SBLs) and spacings (SBSs)—parameters on which the pruning rules for UFOs are based—were measured on the models reconstructed by the Mobile IS and a fixed-pose imaging system (Fixed IS) and compared to ground truth. Mobile IS models exhibited higher accuracy compared to the Fixed IS models, as evidenced by the root mean square (RMS) errors of the Mobile IS measurements ( RMS EOSD of 4.9 mm, RMS ESBL of 8.0 mm, and RMS ESBS of 3.6 mm) and the Fixed IS measurements ( RMS EOSD of 5.9 mm, RMS ESBL of 18.1 mm, and RMS ESBS of 3.8 mm). The versatility of pose enabled the Mobile IS to overcome occlusions and areas with low-confidence depth values. The results suggest that the Mobile IS holds promise as an IS for various robotic applications, including automated pruning, thinning and harvesting, across different tree fruit crops and canopy architectures.",abstrak,E1 (bukan buah pada tanaman),N,,N,multi-observasi,,,,
36,211,monikapreethi2025yolov8,2025,YOLOv8-based Agricultural Robots for Precision Pollination and Yield Prediction,10.1109/icscn67106.2025.11308389,"Precision agriculture uses advanced technology to enhance agricultural yield and sustainability. This research presents a YOLOv8-based agricultural robotic system for precise pollination monitoring and production forecasting. The system incorporates high-resolution cameras and IoT-enabled sensors to identify flowers, monitor pollinators, and evaluate fruit growth in real time. Utilizing YOLOv8's deep learning framework, the system attains exceptional detection accuracy, with an average precision (AP) of 99.4% for flower identification and 98.7% for pollinator tracking. The obtained data is analyzed using a cloud-based machine learning framework, which facilitates yield prediction with 99.4% accuracy, surpassing conventional human estimation techniques by 22.8%. Experimental findings from tomato greenhouse research indicated a 25.6% enhancement in pollination efficiency, resulting in improved fruit set and increased yield. The AI-driven robotic system improves precision agriculture via real-time monitoring, less labor reliance, and enhanced decision-making capabilities. It highlights the potential of YOLOv8-enabled agricultural robots to transform smart farming via precise pollination monitoring and accurate production prediction. Future work will concentrate on scalability for open-field crops and real-time adaptive pollination strategies to enhance agricultural efficiency.",abstrak,E1 (bukan buah pada tanaman),N,,N,multi-observasi,,,,
37,460,khokher2023early,2023,Early Yield Estimation in Viticulture Based on Grapevine Inflorescence Detection and Counting in Videos,10.1109/access.2023.3263238,"In viticulture, yield estimation is a key activity, which is important throughout the wine industry value chain. The earlier that an accurate yield estimation can be made the greater its value, increasing management options for grape growers and commercial options for winemakers. For the yield estimate based on in- field measurements at scale, the number of inflorescences emerging after bud-burst offers the earliest practical signal, allowing a yield potential to be determined months before harvest. This paper presents an approach to automatically count the inflorescence number at the phenological stage E-L 12 using RGB video data and demonstrates its use for estimating yield. A dataset consisting of RGB videos was collected shortly after bud-burst from multiple vineyards, in conjunction with hand counts to produce a manual ground-truth for the inflorescence counting task. The video frames were annotated using bounding-boxes around the inflorescences to produce a digital ground-truth. A deep learning architecture was developed to learn features from the video frames during training and detect the inflorescences at the later inference stage. The detection results were fed to a tracking pipeline built using computer vision and deep learning techniques to generate numbers of inflorescences present in test videos. The visual and quantitative results are presented and evaluated for the inflorescence detection and counting tasks. The developed inflorescence detector achieves an average precision of 80.00%, a recall of 83.92%, and an F1-score of 80.48%, through a five-fold cross-validation on the annotated dataset. For the test videos, the developed automatic inflorescence counting model reports an absolute error of 11.03 inflorescences per panel, a normalized mean absolute error of 10.80%, and an $R^{2}$ of 0.86, when the predicted per-panel counts were compared to the corresponding manual ground-truth. Based on the counting results, we estimate an early yield that is within 4% to 11% error when compared to the actual yield after harvest. Based on these results and a separate analysis of the relationship between hand counts of inflorescences and harvest yields in three vineyards over three growing seasons, we conclude that computer vision and machine learning based methods have the potential to provide early yield estimation in viticulture with a commercially viable accuracy.",abstrak,E1 (bukan buah pada tanaman),N,,N,multi-observasi,,,,
38,538,qiu20223d,2022,3D characterization of tree architecture for apple crop load estimation,10.13031/aim.202201119,"Abstract. Tree architecture is indicative of the apple tree growth and apple crop load potential. While many studies have widely used 2D imaging to measure architectural traits of tree crops, the measurement accuracy was largely limited by occlusion and scene ambiguity due to a single perspective projection in 2D images. The goal of this study was to develop a 3D point cloud-based approach for apple tree segmentation and architecture characterization. Specifically, a biological-constrained graph-based algorithm was developed to segment the trunk and branch and characterize the architectural phenotypic traits of apple trees. A Laplacian-based skeletonization algorithm was used to extract a curve skeleton from the 3D point cloud and the topological structure of the skeleton was optimized by a weighted minimum spanning tree algorithm. The trunk was segmented from the skeleton by searching for an optimal path starting from the root point and branches were divided into groups by 3D DBSCAN clustering algorithm. Tree height and trunk diameter were estimated based on the geometric information of the tree trunk. Quantitative branch patterns were revealed by estimating the branch length, branch diameter, and branch angles. Point cloud data of 9 apple trees were collected under the field condition using a terrestrial LiDAR at Cornell Orchard in Ithaca, NY, USA. Preliminary experiments showed that the proposed algorithm achieved a higher accuracy for measuring morphological traits. The extracted traits can be used for monitoring apple tree growth and apple crop load estimation.",abstrak,E1 (bukan buah pada tanaman),N,,N,multi-observasi,,,,
39,606,boatswain2021machine,2021,Towards a Machine Vision-Based Yield Monitor for the Counting and Quality Mapping of Shallots,10.3389/frobt.2021.627067,"In comparison to field crops such as cereals, cotton, hay and grain, specialty crops often require more resources, are usually more sensitive to sudden changes in growth conditions and are known to produce higher value products. Providing quality and quantity assessment of specialty crops during harvesting is crucial for securing higher returns and improving management practices. Technical advancements in computer and machine vision have improved the detection, quality assessment and yield estimation processes for various fruit crops, but similar methods capable of exporting a detailed yield map for vegetable crops have yet to be fully developed. A machine vision-based yield monitor was designed to perform size categorization and continuous counting of shallots in-situ during the harvesting process. Coupled with a software developed in Python, the system is composed of a video logger and a global navigation satellite system. Computer vision analysis is performed within the tractor while an RGB camera collects real-time video data of the crops under natural sunlight conditions. Vegetables are first segmented using Watershed segmentation, detected on the conveyor, and then classified by size. The system detected shallots in a subsample of the dataset with a precision of 76%. The software was also evaluated on its ability to classify the shallots into three size categories. The best performance was achieved in the large class (73%), followed by the small class (59%) and medium class (44%). Based on these results, the occasional occlusion of vegetables and inconsistent lighting conditions were the main factors that hindered performance. Although further enhancements are envisioned for the prototype system, its modular and novel design permits the mapping of a selection of other horticultural crops. Moreover, it has the potential to benefit many producers of small vegetable crops by providing them with useful harvest information in real-time.",abstrak,E1 (bukan buah pada tanaman),N,,N,multi-observasi,,,,
40,607,jaramillo2021low,2021,"Low-Cost, Computer Vision-Based, Prebloom Cluster Count Prediction in Vineyards",10.3389/fagro.2021.648080,"Traditional methods for estimating the number of grape clusters in a vineyard generally involve manually counting the number of clusters per vine in a subset of the vineyard and scaling by the total number of vines; a technique that can be laborious, costly, and with an accuracy that depends on the size of the sample. We demonstrate that traditional cluster counting has a high variance in yield estimate accuracy and is highly sensitive to the particular counter and choice of the subset of counted vines. We propose a simple computer vision-based method for improving the reliability of these yield estimates using cheap and easily accessible hardware for growers. This method detects, tracks, and counts clusters and shoots in videos collected using a smartphone camera that is driven or walked through the vineyard at night. With a random selection of calibration data, this method achieved an average cluster count error of 4.9% across two growing seasons and two cultivars by detecting and counting clusters. Traditional methods yielded an average cluster count error of 7.9% across the same dataset. Moreover, the proposed method yielded a maximum error of 12.6% while the traditional method yielded a maximum error of 23.5%. The proposed method can be deployed before flowering, while the canopy is sparse, which improves maximum visibility of clusters and shoots, generalizability across different cultivars and growing seasons, and earlier yield estimates compared to prior work in the area.",abstrak,E1 (bukan buah pada tanaman),N,,N,multi-observasi,,,,
41,638,moreno2020evaluation,2020,Evaluation of vineyard cropping systems using on-board rgb-depth perception,10.3390/s20236912,"A non-destructive measuring technique was applied to test major vine geometric traits on measurements collected by a contactless sensor. Three-dimensional optical sensors have evolved over the past decade, and these advancements may be useful in improving phenomics technologies for other crops, such as woody perennials. Red, green and blue-depth (RGB-D) cameras, namely Microsoft Kinect, have a significant influence on recent computer vision and robotics research. In this experiment an adaptable mobile platform was used for the acquisition of depth images for the non-destructive assessment of branch volume (pruning weight) and related to grape yield in vineyard crops. Vineyard yield prediction provides useful insights about the anticipated yield to the winegrower, guiding strategic decisions to accomplish optimal quantity and efficiency, and supporting the winegrower with decision-making. A Kinect v2 system on-board to an on-ground electric vehicle was capable of producing precise 3D point clouds of vine rows under six different management cropping systems. The generated models demonstrated strong consistency between 3D images and vine structures from the actual physical parameters when average values were calculated. Correlations of Kinect branch volume with pruning weight (dry biomass) resulted in high coefficients of determination (R2 = 0.80). In the study of vineyard yield correlations, the measured volume was found to have a good power law relationship (R2 = 0.87). However due to low capability of most depth cameras to properly build 3-D shapes of small details the results for each treatment when calculated separately were not consistent. Nonetheless, Kinect v2 has a tremendous potential as a 3D sensor in agricultural applications for proximal sensing operations, benefiting from its high frame rate, low price in comparison with other depth cameras, and high robustness.",abstrak,E1 (bukan buah pada tanaman),N,,N,multi-observasi,,,,
42,689,fawcett2019unmanned,2019,Unmanned aerial vehicle (UAV) derived structure-from-motion photogrammetry point clouds for oil palm (Elaeis guineensis) canopy segmentation and height estimation,10.1080/01431161.2019.1591651,"ABSTRACT The vast size of oil palm (Elaeis guineensis) plantations has led to lightweight unmanned aerial vehicles (UAVs) being identified as cost effective tools to generate inventories for improved plantation management, with proximal aerial data capable of resolving single palm canopies at potentially, centimetric resolution. If acquired with sufficient overlap, aerial data from UAVs can be processed within structure-from-motion (SfM) photogrammetry workflows to yield volumetric point cloud representations of the scene. Point cloud-derived structural information on individual palms can benefit not only plantation management but is also of great environmental research interest, given the potential to deliver spatially contiguous quantifications of aboveground biomass, from which carbon can be accounted. Using lightweight UAVs we captured data over plantation plots of varying ages (2, 7 and 10 years) at peat soil sites in Sarawak, Malaysia, and we explored the impact of changing spatial resolution and image overlap on spatially variable uncertainties in SfM derived point clouds for the ten year old plot. Point cloud precisions were found to be in the decimetre range (mean of 26.7 cm) for a 10 year old plantation plot surveyed at 100 m flight altitude and >75% image overlap. Derived canopy height models were used and evaluated for automated palm identification using local height maxima. Metrics such as maximum canopy height and stem height, derived from segmented single palm point clouds were tested relative to ground validation data. Local maximum identification performed best for palms which were taller than surrounding undergrowth but whose fronds did not overlap significantly (98.2% mapping accuracy for 7 year old plot of 776 palms). Stem heights could be predicted from point cloud derived metrics with root-mean-square errors (RMSEs) of 0.27 m (R2 = 0.63) for 7 year old and 0.45 m (R2 = 0.69) for 10 year old palms. It was also found that an acquisition designed to yield the minimal required overlap between images (60%) performed almost as well as higher overlap acquisitions (>75%) for palm identification and basic height metrics which is promising for operational implementations seeking to maximise spatial coverage and minimise processing costs. We conclude that UAV-based SfM can provide reliable data not only for oil palm inventory generation but allows the retrieval of basic structural parameters which may enable per-palm above-ground biomass estimations.",abstrak,E1 (bukan buah pada tanaman),N,,N,sawit;multi-observasi,,,,
43,691,hadas2019apple,2019,Apple orchard inventory with a LiDAR equipped unmanned aerial system,10.1016/j.jag.2019.101911,"Abstract Knowledge about the number of trees in an orchard and their geometric parameters is beneficial in precise farming and together with other information may be used to predict the yield. These parameters can be obtained based on time-consuming field measurements or more effectively, from very high resolution 3D data collected with Unmanned Aerial Vehicles (UAV). Numerous UAV experiments have been conducted in agricultural areas; however, most of studies are limited to the use of a passive optical sensor (camera). This study demonstrates an experiment on the novel remote sensing approach of determining selected geometric parameters of trees in an apple orchard, based on a high-density point cloud obtained from a Velodyne HDL-32E laser scanner mounted on a small UAV platform Leica Aibot X6 V2. Reference data of selected geometric parameters of trees was obtained from orthophotomap and with geodetic surveying methods. Original and robust methodology is proposed for the point cloud processing, which is the inventive combination of an alpha-shape algorithm, principal component analysis and detection of local minima on crown profiles. The developed approach allowed for the correct identification of 99% of the trees in the test orchard. The root mean square error of determined crown areas was equal to 0.98 m2. The accuracy of tree top identification, tree height and crown base height determination was equal to 0.38, 0.09 and 0.09 m, respectively.",abstrak,E1 (bukan buah pada tanaman),N,,N,multi-observasi,,,,
44,746,braun2018fruit,2018,A fruit yield prediction method using blossom detection,10.13031/aim.201801542,"Abstract. One of the tools for precision agriculture is crop yield prediction. In this paper, a fruit yield prediction method for peaches and apples early in the season is presented. Images of the peach and apple trees during the blossom period were acquired using a color camera from two sides, east and west. An image processing algorithm to detect and count the blossoms was developed. A fruit yield prediction equation that uses the blossoms counted from the east and west images was also derived. The number of fruit per tree was estimated using the fruit yield prediction equation. The estimated number of fruit and the actual number of fruit per tree had a correlation coefficient of 0.77. This means that this method has the potential to estimate the fruit number per tree and could also aid in fruit crop production through a orchard blossom map.",abstrak,E1 (bukan buah pada tanaman),N,,N,multi-observasi,,,,
45,757,liu2017computer,2017,A computer vision system for early stage grape yield estimation based on shoot detection,10.1016/j.compag.2017.03.013,"A vision system for automated yield estimation and variation mapping is proposed.The proposed method produces F1-score 0.90 in average over four experimental blocks.The developed shoot detection does not require manual labeling to build a classifier.The developed system only requires low-cost off-the-shelf image collection equipment.The best EL stage for imaging shoots is around EL stage 9 regarding yield estimation. Counting grapevine shoots early in the growing season is critical for adjusting management practices but is challenging to automate due to a range of environmental factors.This paper proposes a completely automatic system for grapevine yield estimation, comprised of robust shoot detection and yield estimation based on shoot counts produced from videos. Experiments were conducted on four vine blocks across two cultivars and trellis systems over two seasons. A novel shoot detection framework is presented, including image processing, feature extraction, unsupervised feature selection and unsupervised learning as a final classification step. Then a procedure for converting shoot counts from videos to yield estimates is introduced.The shoot detection framework accuracy was calculated to be 86.83% with an F1-score of 0.90 across the four experimental blocks. This was shown to be robust in a range of lighting conditions in a commercial vineyard. The absolute predicted yield estimation error of the system when applied to four blocks over two consecutive years ranged from 1.18% to 36.02% when the videos were filmed around E-L stage 9.The developed system has an advantage over traditional PCD mapping techniques in that yield variation maps can be obtained earlier in the season, thereby allowing farmers to adjust their management practices for improved outputs. The unsupervised feature selection algorithm combined with unsupervised learning removed the requirement for any prior training or labeling, greatly enhancing the applicability of the overall framework and allows full automation of shoot mapping on a large scale in vineyards.",abstrak,E1 (bukan buah pada tanaman),N,,N,multi-observasi,,,,
46,785,nguyen2015automated,2015,Automated mobile system for accurate outdoor tree crop enumeration using an uncalibrated camera,10.3390/s150818427,"This paper demonstrates an automated computer vision system for outdoor tree crop enumeration in a seedling nursery. The complete system incorporates both hardware components (including an embedded microcontroller, an odometry encoder, and an uncalibrated digital color camera) and software algorithms (including microcontroller algorithms and the proposed algorithm for tree crop enumeration) required to obtain robust performance in a natural outdoor environment. The enumeration system uses a three-step image analysis process based upon: (1) an orthographic plant projection method integrating a perspective transform with automatic parameter estimation; (2) a plant counting method based on projection histograms; and (3) a double-counting avoidance method based on a homography transform. Experimental results demonstrate the ability to count large numbers of plants automatically with no human effort. Results show that, for tree seedlings having a height up to 40 cm and a within-row tree spacing of approximately 10 cm, the algorithms successfully estimated the number of plants with an average accuracy of 95.2% for trees within a single image and 98% for counting of the whole plant population in a large sequence of images.",abstrak,E1 (bukan buah pada tanaman),N,,N,multi-observasi,,,,
47,2829,zheng2026transformer,2026,Transformer-based cross-view LiDAR–orthomosaic fusion for geo-localization and digital modeling in apple orchards,10.1016/j.aiia.2026.03.005,"Precision agriculture increasingly relies on accurate large-scale localization and digital modeling for autonomous tasks in orchards. However, map drift and localization uncertainty under GNSS-limited agricultural settings remain challenging due to canopy occlusion and repetitive row geometry. This study introduces a novel cross-view fusion framework that integrates drone remote-sensing imagery (RSI) with ground LiDAR-IMU odometry (LIO) to achieve robust geo-localization and high-fidelity digital modeling in GNSS-denied orchard environments. We utilized a transformer-based matching network to learn modality-invariant structural cues and predict a pixel-level flow field between RSI and LIO structures. The estimated flow field was converted into geo-localization and loop-closure factors, which were integrated into the pose-graph for joint optimization. Additionally, a geo-spatial driven multi-layer orchard model was constructed based on RSI and LIO, which could extract phenotypes such as the height of fruit trees. We validated the framework in three representative areas of the apple orchard. On the multi-season dataset, the matching network achieved a mean endpoint error of 3.42 px (approximately 7 cm) and 94.5% of the samples within 5 px. The reconstruction pipeline achieved the root mean square error of the absolute pose error to 2.8–3.3 cm. The tree-height estimator built on the orchard model attained an R 2 of 0.95 and a mean absolute percentage error of 3.28%. The system is suitable for deployment on embedded devices for realtime operation. The framework provides centimeter-level global consistency in orchards, facilitates multi-season reconstruction and geo-spatial driven analysis, and serves as an AI-driven digital solution for next-generation orchard management. • Transformer-based cross-view fusion enables robust geo-localization and high-fidelity orchard-scale 3D modeling. • Pose-graph optimization with geo-localization and loop-closure factors sustains centimeter-level global consistency across seasons. • A GIS-driven multi-layer orchard model supports tree-scale phenotyping. • Embedded device deployment validates the performance and operational feasibility of the framework.",abstrak,E1 (bukan buah pada tanaman),N,,N,,,,,
48,17,mullins2026development,2026,Development of a real-time non-contact yield mapping system using cascading neural networks for wild blueberry harvesters,10.1016/j.atech.2026.102081,"• A novel non-contact yield monitoring system was developed for wild blueberry harvesters using 3D Time-of-Flight imaging. • Cascading neural networks were used for point cloud segmentation, debris quantification, and mass estimation. • The proposed system achieved high mass prediction accuracy (R² = 0.952; MAE = 4.01 kg). • Real-time field trials demonstrated significant improvement in yield map resolution and estimation reliability. Precision agriculture has introduced technological advancements designed to enhance the monitoring and management of crop yields. An important component of these innovations is the development of accurate yield mapping systems. In wild blueberry ( Vaccinium angustifolium Ait.) cultivation, unique challenges arise due to the crop's growth pattern and the specific characteristics of the terrain. In addressing the limitations of traditional sensors used in the wild blueberry harvesting process, integrating a 3D Time-of-Flight (ToF) camera, along with image and point cloud processing algorithms, establishes a foundation for real-time yield estimation. The research introduces a novel cascading neural network (NN) architecture that surpasses traditional single-variable regression models by simultaneously capturing the complex, non-linear physical interactions between crop volume and embedded debris. Specifically, a cascading system of NNs was developed, initiated with a NN framework for point cloud segmentation in parallel with a NN framework for debris identification and quantification, culminating with a 1D NN for mass estimation. The system was field validated across two commercial wild blueberry fields (3.81 ha and 11.57 ha), collecting and analyzing a comprehensive dataset of 37,196 point cloud files from 95 harvested totes. Comparative analyses against traditional methods including load cell, volumetric flow rate and mass flow rate systems, revealed the proposed NN system achieved superior performance in mass estimation, quantified by higher R 2 values and lower mean absolute error (MAE) in mass estimation (0.952 and 4.01 kg, respectively). This was followed by a significantly lower MAE in yield estimation (725 ± 321 kg ha -1 ). This study demonstrated the efficacy of a cascading NN architecture in addressing the challenges of yield mapping in wild blueberry cultivation, opening for broader application across different crops.",abstrak,E2 (hanya pascapanen atau laboratorium),N,,N,multi-observasi,,,,
49,92,kurdthongmee2026non,2026,Non-Destructive Mangosteen Volume Estimation via Multi-View Instance Segmentation and Hybrid Geometric Modeling,10.3390/jimaging12010001,"In precision agriculture, accurate, non-destructive estimation of fruit volume is crucial for quality grading, yield prediction, and post-harvest management. While vision-based methods provided some usefulness, fruits with complex geometry—such as mangosteen (Garcinia mangostana L.)—are difficult due to their large calyx, which may lead to difficulties in solving using traditional form-modeling methods. Traditional geometric solutions such as ellipsoid approximations, diameter–height estimation, and shape-from-silhouette reconstruction often fail because the irregular calyx generates asymmetric protrusions that violate their basic form assumptions. We offer a novel study framework employing both multi-view instance segmentation and hybrid geometrical feature modeling to quantitatively model mangosteen volume with traditional 2D imaging. A You Only Look Once (YOLO)-based segmentation model was employed to explicitly separate the fruit body from the calyx. Calyx inclusion resulted in dense geometric noise and reduced model performance (R2<0.40). We trained eight regression models on a curated and augmented 900 image dataset (N=720, test N=180). The models used single-view and multi-view geometric regressors (V∝A1.5), polynomial hybrid configurations, ellipsoid-based approximations, as well as hybrid feature formulations. Multi-view models consistently outperformed single-view models, and the average predictive accuracy improved from R2=0.6493 to R2=0.7290. The best model is indeed a hybrid linear regression model with side- and bottom-area features—(As1.5, Ab1.5)—combined with ellipsoid-derived volume estimation—(Vellipsoid)—which resulted in R2=0.7290, a Mean Absolute Percentage Error (MAPE) of 16.04%, and a Root Mean Square Error (RMSE) of 31.9 cm3 on the test set. These results confirm the proposed model as a low-cost, interpretable, and flexible model for real-time fruit volume estimation, ready for incorporation into automated sorting and grading systems integrated in post-harvest processing pipelines.",abstrak,E2 (hanya pascapanen atau laboratorium),N,,N,multi-observasi,,,,
50,148,safre2025deep,2025,Deep learning framework for fruit counting and yield mapping in tart cherry using YOLOv8 and YOLO11,10.1016/j.atech.2025.100948,"Object detection for fruit counting has significant potential for orchard yield estimation. Tart cherries are mechanically harvested, creating opportunities for developing new yield mapping technologies. However, there is a lack of dedicated technologies for this purpose, motivating the evaluation of computer vision-based approaches in tart cherries. In this study, we compared the nano (n) and extra-large (x) configurations of YOLOv8 and YOLO11 for tart cherry detection and fruit counting on the harvester. The models demonstrated robust performance, even in high object density conditions, with YOLOv11x achieving a mAP50 of 0.92. While YOLOv8n and YOLO11n produced similar detection results, YOLOv8n had a faster inference time, making it more suitable for real-time applications. Fruit counting was performed using a combination of YOLO models and the BoT-SORT tracking algorithm. The resulting number of fruits was compared to the actual weights of harvested fruit from individual trees. The results indicated a linear relationship, with YOLO11x achieving an R 2 of 0.62 and an RMSE of 10 kg. To the best of our knowledge, this is the first study to evaluate object detection and fruit counting performance in tart cherries during harvest. Additionally, we introduce a new dataset with annotated cherries on the conveyor belt of the harvester which can support further research and development. This approach addresses the existing technology gap in yield monitoring for tart cherry orchards, facilitating the application of precision agriculture and site-specific management strategies in the industry.",abstrak,E2 (hanya pascapanen atau laboratorium),N,,N,multi-observasi,,,,
51,347,chang2024deep,2024,Deep Neural Network Based Yield Phenotyping Framework: Fruit Grading and Classification,10.1109/inc460750.2024.10649049,"This research paper instigates an Artificial Intelligence-based Yield Phenotyping Framework tuned for fruit classification and grading. Fruit species exhibit homogeneity in color, shape, and size qualities, resulting in fruit grading and segmentation tasks on such datasets being counterproductive and vulnerable. The primary objective of this research paper is to establish a real-time, non-destructive system that automates fruit segmentation, grading and classification. Here, we use two different datasets and conduct a detailed analysis of the architectures of two deep learning models: AlexNet and ResNet. Different kinds of fruits are added to the proposed prototype. Videos of each fruit is recorded and sent to a local server. Deep learning models predict the fruit grade, and the system's conveyor belt sort the fruits into baskets based on their grade. By using preprocessing techniques, we can precisely isolate the fruit in each image. This study considers evaluation metrics such as accuracy, precision, recall and f1-score to evaluate the deep learning algorithm models. The ResNet architecture enables research to achieve a peak accuracy, precision and recall of 99%. This paper presents research surrounding the proposed prototype's architecture, methodologies, and experimental results and therefore provides an automated solution to an existing challenge in the Agri-field management.",abstrak,E2 (hanya pascapanen atau laboratorium),N,,N,multi-observasi,,,,
52,806,holguin2014automatic,2014,Automatic recognition system of fruits based computer vision,10.4067/s0718-33052014000400006,"Este trabajo presenta un sistema de reconocimiento capaz de identificar una fruta tropical latinoamericana de entre un conjunto, establecido en una base de datos, utilizando tecnicas de vision por computador. La investigacion realizada permitio comparar los clasificadores KNN y bayesiano y los modelos del color RGB y HSV, junto con las caracteristicas de tamano y forma usadas previamente por investigadores de esta area en paises como Malasia, Brasil y Estados Unidos. Para la clase de frutas definidas en esta investigacion se determino que las caracteristicas que mejor las describieron fueron los valores medios de los canales RGB y la longitud de los ejes mayor y menor cuando se usaba el clasificador bayesiano, proceso que permitio obtener resultados con una exactitud igual al 90% en las pruebas realizadas, encontrandose que no siempre el seleccionar una mayor cantidad de variables para formar el vector descriptor permite que los clasificadores entreguen una respuesta mas acertada, en este sentido es importante considerar que entre las variables de estudio debe presentarse un valor bajo de dependencia o correlacion. La sintesis del desarrollo del proyecto dio como resultado la construccion de una bascula electronica capaz de clasificar frutas, dispositivo que pretende contribuir a la solucion del problema de identificacion y clasificacion de productos agricolas en los supermercados.",abstrak,E2 (hanya pascapanen atau laboratorium),N,,N,,,,,
53,1106,bogomasov2023efficient,2023,Efficient Iterative Semi-supervised Object Detection Training for Counting of Fruits and Vegetables,10.1145/3633598.3633619,"Object recognition could be successfully applied to problems such as object counting [3]. This transition makes this kind of technology interesting for numerous industries where automation and quality assurance based on visual information are possible. A major limitation to the practical usage of object recognition models is that each time the data is changed e.g. new classes are added, the model must be retrained which usually requires manual annotation of the new data. This entails not only a continuous annotation effort, which leads to higher costs but also an increased deployment period for updated models. In this paper, we address the issue of reducing the manual effort for annotation based on the example of fruits and vegetables recognition and counting in retail applications. Furthermore, we present an iterative semi-supervised training strategy for handling this task. We achieve a reduction of the manual effort of more than 60% while maintaining the counting accuracy of 83% on 36 different object classes.",abstrak,E2 (hanya pascapanen atau laboratorium),N,,N,,,,,
54,1148,luo2023improved,2023,An Improved Soft-CBAM-YoloV5 Algorithm for Fruits and Vegetables Detection and Counting,10.1109/prai59366.2023.10332084,"The quality of people's life has been improved as science and technology keep progressing, and artificial intelligence has been implemented into more and more fields these days. Among them, many researchers have paid attention to the scenes of quoting prices and settling accounts for fruits and vegetables in supermarkets and manual classification of fruits and vegetables in farmers' markets. In the traditional YOLOV5 method, when the same kind of fruits and vegetables are blocked from each other, the counting will be inaccurate, resulting in missed detection. In addition, the environment where different objects stay will affect the feature extraction of objects. In order to reduce the occurrence of missed detections as much as possible and improve the detection performance of the model, this paper proposes a new detection model counting method named Soft-CBAM-YOLOV5, by reasonably reducing the score of adjacent detection boxes and introducing the attention mechanism CBAM (Convolutional Block Attention Module) to prevent the occurrence of missed detection and strengthen the focus on the detection target to improve the feature extraction ability of the algorithm. Compared with traditional YOLOV5, the mAP value of Soft-CBAM-YOLOV5 increases from 97.05% to 97.71%. Consequently, the Soft-CBAM-YOLOV5 model has greater detection performance, robustness and lower missed detection rate.",abstrak,E2 (hanya pascapanen atau laboratorium),N,,N,,,,,
55,1181,quang2022build,2022,Build coconut counting system using image technology,10.22144/ctu.jen.2022.006,"In our country today, the counting of dried coconuts at the production facilities is done manually, takes a lot of time and is not accurate. The goal of this study is to build an automatic, fast and accurate coconut counting system. The study was conducted on the peeled dried coconut fruit with a diameter of 15 cm to 20 cm using image processing technology and open-source computer vision library - OpenCV library. The algorithm includes four main steps. First, determine the object and the background using the Otsu segmentation method. Next, estimate the distance between the background and the object to determine the closest area to the center of the object. Then, find the contour, determine the center and area of the object to reduce the noise. The watershed segmentation algorithm is used to separate overlapping and stacking objects. Finally, count the number of objects contained in the image. In the initial experimental results, the counting system has had an accuracy of over 95% with processing time per image about 75 ms and the counting capacity of the system is over 2000 fruits/hour has confirmed the efficiency of the proposed method.",abstrak,E2 (hanya pascapanen atau laboratorium),N,,N,,,,,
56,1211,zhao2022localization,2022,Localization and counting of string tomatoes based on improved Tiny-YOLOv5l algorithm,10.13652/j.spjx.1003.5788.2022.80185,"Objective： This study is to improve the sorting efficiency of string tomatoes, and solve its false detection and false detection. Methods: First, collect the image data set of string tomatoes, expand the data and improve the generalization performance of the model through data enhancement, and 3×3 convolution is replaced by improved SVM-MHSA layer. By replacing softmax classification function in MHSA with SVM classification function which is more suitable for string tomatoes, the detection accuracy of string tomatoes is enhanced. Secondly, the remaining 3×3 convolution is replaced by deep separable convolution to reduce the number of parameters and improve the operation efficiency. Finally, random correction linear unit is introduced to improve the convergence speed of network training. Results: the test results show that the improved tiny YOLOv5l model can effectively realize the string single fruit recognition and positioning and the whole string fruit counting. The detection frame loss rate is reduced from 1.48% to 1.34%, the target loss rate is reduced from 1.98% to 1.73%, the confidence loss is reduced by 1.4%, the accuracy is increased from 97.36% to 98.89%, and the recall rate is increased from 97.35% to 98.56%. Conclusion: The tiny YOLOv5l algorithm is more accurate and lightweight. It has a high recognition accuracy in the face of challenges such as occlusion, background interference, illumination change and virtualization, and provides accurate information on the location of single fruit and the quantity of the whole string of fruit for post natal string tomato sorters.",abstrak,E2 (hanya pascapanen atau laboratorium),N,,N,multi-observasi,,,,
57,1315,ponce2019automatic,2019,Automatic Counting and Individual Size and Mass Estimation of Olive-Fruits Through Computer Vision Techniques,10.1109/access.2019.2915169,"Fruit grading is an essential post-harvest task in the olive industry, where size-and-mass based fruit classification is especially important when processing high-quality table olives. Within this context, this research presents a new methodology aimed at supporting accurate automatic olive-fruit grading by using computer vision techniques and feature modeling. For its development, a total of 3600 olive-fruits from nine varieties were photographed, stochastically distributing the individuals on the scene, using an ad-hoc designed an imaging chamber. Then, an image analysis algorithm, based on mathematical morphology, was designed to individually segment olives and extract descriptive features to estimate their major and minor axes and their mass. Regarding its accuracy for the individual segmentation of olive-fruits, the algorithm was proven through 117 captures containing 11 606 fruits, producing only six fruit-segmentation mistakes. Furthermore, by linearly correlating the data obtained by image analysis and the corresponding reference measurements, models for estimating the three features were computed. Then, the models were tested on 2700 external validation samples, giving relative errors below 0.80% and 1.05% for the estimation of the major and minor axis length for all varieties, respectively. In the case of estimating olive-fruit mass, the models provided relative errors never exceeding 1.16%. The ability of the developed algorithm to individually segment olives stochastically positioned, along with the low error rates of around 1% reported by the estimation models for the three features, makes the methodology a promising alternative to be integrated into a new generation of improved and non-invasive olive classification machines. The new developed system has been registered in the Spanish Patent and Trademark Office with the number P201930297.",abstrak,E2 (hanya pascapanen atau laboratorium),N,,N,,,,,
58,1340,senthilarasi2018multivariate,2018,A multivariate Gaussian modeling for counting bananas,10.14419/ijet.v7i2.22.11803,"Agriculture industries play an important role in economic development. Many post harvest techniques are performed in these industries. Especially in fruit industries, grading is an important process. As per the grading standard, banana hands must have minimum of twelve banana fingers. In the current scenario, the banana fingers are counted manually which is laborious. In order to reduce manual work, this paper proposes an algorithm for performing an automatic counting system of banana fingers in a bunch/hand using image processing algorithms. The parameters of the Gaussian model is acquired from the samples of fruit distal ends. A multivariate Gaussian modeling is accomplished on HSV color model to detect the distal end of banana fingers using maximum likelihood detection.",abstrak,E2 (hanya pascapanen atau laboratorium),N,,N,,,,,
59,2662,sivaranjani2022overview,2022,An Overview of Various Computer Vision-based Grading System for Various Agricultural Products,10.1080/14620316.2021.1970631,"ABSTRACT Economic development of many countries depends mainly on agriculture. The role of agriculture has created a vast impact on various fields’ namely industrial activities, employability and capital formation. Further, to improve the economic growth of a country, technology-based agriculture processes can be deployed in pre-production and post-production stage. This study mainly focuses on the various post-production activities such as grading, sorting, quality evaluation, monitoring, defects detection, recognition and maturity detection. Traditionally, various agricultural post-production stages such as grading, sorting and quality assessment is mostly done as manual process. Such inspections are prone to errors due to their ineffectiveness and unreliability. Thus, advancements in technology can be deployed for enhancing manual agricultural tasks. This study deals with image processing techniques in agricultural post-production stages. With the support of computer vision-based systems (CVS), efficiency in post-production various activities can be improved. Various feature properties like size, colour, shape of the agricultural products like vegetables and fruits can be used in CVS for grading and sorting. The steps involved in Computer Vision-based Grading System (CVGS) are image acquisition, preprocessing, image segmentation, features extraction and classification. Though many intelligent models exist for grading agricultural products, there are still broad challenges that need to be resolved. These challenges can be weighed against the advantages of CVGS and the grading process can be improved a lot. This work is based on the exhaustive survey of CVS and the steps involved in CVGS. The outcome of this survey is presented as a comparative analysis of various technologies for grading systems available in the market.",abstrak,E2 (hanya pascapanen atau laboratorium),N,,N,,,,,
60,2683,bhargava2021fruits,2021,Fruits and vegetables quality evaluation using computer vision: A review,10.1016/j.jksuci.2018.06.002,"In agriculture science, automation increases the quality, economic growth and productivity of the country. The export market and quality evaluation are affected by assorting of fruits and vegetables. The crucial sensory characteristic of fruits and vegetables is appearance that impacts their market value, the consumer’s preference and choice. Although, the sorting and grading can be done by human but it is inconsistent, time consuming, variable, subjective, onerous, expensive and easily influenced by surrounding. Hence, an astute fruit grading system is needed. In recent years, various algorithms for sorting and grading are done by various researchers using computer vision. This paper presents a detailed overview of various methods i.e. preprocessing, segmentation, feature extraction, classification which addressed fruits and vegetables quality based on color, texture, size, shape and defects. In this paper, a critical comparison of different algorithm proposed by researchers for quality inspection of fruits and vegetables has been carried out.",abstrak,E2 (hanya pascapanen atau laboratorium),N,,N,,,,,
61,3237,saha2024chlorophyll,2024,Chlorophyll content estimation and ripeness detection in tomato fruit based on NDVI from dual wavelength LiDAR point cloud data,10.1016/j.jfoodeng.2024.112218,"Tomato (Solanum lycopersicum L.) is a climacteric fruit exhibiting the ripening pattern with change in colour from green to red. Normalized difference vegetation index (NDVI) derived from spectral-optical analysis has been previously employed in ripeness analysis of various fruits based on its strong correlation to ripening-related chlorophyll content. In this study, light detection and ranging (LiDAR) laser scanner was applied to gain 3D tomato point clouds aimed at estimating the spatially resolved chlorophyll content and ripeness class of tomato fruit. Freshly harvested tomatoes, capturing six ripeness classes (mature green, breaker, turning, pink, light red, and red) according to USDA colour standard, were analysed using a linear conveyor mounted sensor system consisting of two LiDAR units measuring position and return signal strength intensity at 660 nm and 905 nm. Fruit point clouds were pre-processed including geometric correction considering the curvature of each tomato sample, removing highest intensity areas at the specular highlighted spots, calibration of intensity values using standard black and white colour coated boards, and calibration on attenuation of the opaque samples. Particularly, for gaining the attenuation coefficient (μ), 9 opaque synthetic models with known attenuation were used. Obtained μ660 and μ905 were merged to gain NDVILiDAR. Chemically analysed chlorophyll content of tomato samples was correlated to μ660 and NDVILiDAR, whereas low correlation appeared for μ905 with a coefficient of determination (R2) of 0.58, 0.60, and 0.06, respectively. Regression models were used to estimate the total tomato chlorophyll content and the lowest root mean square error (RMSE) was found for μ660 (RMSE = 4.97 mg (100 g dry mass)−1) followed by NDVILiDAR (RMSE = 5.22 mg (100 g dry mass)−1), and μ905 (RMSE = 53.50 mg (100 g dry mass)−1). Histograms of NDVILiDAR and μ660 were extracted from each tomato point cloud and utilized to construct PLS-DA model for tomato ripening class prediction considering the spatial chlorophyll distribution. The overall accuracies for NDVILiDAR and μ660 were 70 % and 68 %, respectively, in leave-one-out cross-validation for visually defined colour classes. The LiDAR-based approach could support selective detection of ripe fruit in robots for harvesting and postharvest handling.",abstrak,E2 (hanya pascapanen atau laboratorium),N,,N,multi-observasi,,,,
62,4194,rist2018high,2018,High-precision phenotyping of grape bunch architecture using fast 3d sensor and automation,10.3390/s18030763,"Wine growers prefer cultivars with looser bunch architecture because of the decreased risk for bunch rot. As a consequence, grapevine breeders have to select seedlings and new cultivars with regard to appropriate bunch traits. Bunch architecture is a mosaic of different single traits which makes phenotyping labor-intensive and time-consuming. In the present study, a fast and high-precision phenotyping pipeline was developed. The optical sensor Artec Spider 3D scanner (Artec 3D, L-1466, Luxembourg) was used to generate dense 3D point clouds of grapevine bunches under lab conditions and an automated analysis software called 3D-Bunch-Tool was developed to extract different single 3D bunch traits, i.e., the number of berries, berry diameter, single berry volume, total volume of berries, convex hull volume of grapes, bunch width and bunch length. The method was validated on whole bunches of different grapevine cultivars and phenotypic variable breeding material. Reliable phenotypic data were obtained which show high significant correlations (up to r2 = 0.95 for berry number) compared to ground truth data. Moreover, it was shown that the Artec Spider can be used directly in the field where achieved data show comparable precision with regard to the lab application. This non-invasive and non-contact field application facilitates the first high-precision phenotyping pipeline based on 3D bunch traits in large plant sets.",abstrak,E2 (hanya pascapanen atau laboratorium),N,,N,multi-observasi,,,,
63,5703,dubey2015application,2015,Application of Image Processing in Fruit and Vegetable Analysis: A Review,10.1515/jisys-2014-0079,"Abstract Images are an important source of data and information in the agricultural sciences. The use of image-processing techniques has outstanding implications for the analysis of agricultural operations. Fruit and vegetable classification is one of the major applications that can be utilized in supermarkets to automatically detect the kinds of fruits or vegetables purchased by customers and to determine the appropriate price for the produce. Training on-site is the underlying prerequisite for this type of arrangement, which is generally caused by the users having little or no expert knowledge. We explored various methods used in addressing fruit and vegetable classification and in recognizing fruit disease problems. We surveyed image-processing approaches used for fruit disease detection, segmentation and classification. We also compared the performance of state-of-the-art methods under two scenarios, i.e., fruit and vegetable classification and fruit disease classification. The methods surveyed in this paper are able to distinguish among different kinds of fruits and their diseases that are very alike in color and texture.",abstrak,E2 (hanya pascapanen atau laboratorium),N,,N,,,,,
64,31,long2026short,2026,A Short-Term Yield Prediction Method for Greenhouse Strawberries Integrating Visual Phenology and Meteorological Sequences,10.3390/agronomy16141356,"Highly perishable strawberries demand strict post-harvest time management, making accurate short-term yield prediction central to optimizing modern greenhouse production and supply chain scheduling. However, existing models that rely excessively on isolated environmental factors exhibit delayed responsiveness to actual crop physiological dynamics and struggle with integrating multimodal data. To overcome these limitations, we propose a short-term method for predicting greenhouse strawberry yield that integrates visual phenology with meteorological sequences. The proposed method was validated using a multimodal dataset acquired from 150 tracked greenhouse strawberry plants over a 72-day monitoring period (11 December 2025, to 20 February 2026), incorporating continuous microclimate records and an image repository of 784 original images annotated into five distinct phenological classes (flower, green, white, pink, and red). First, using our improved YOLO11-SC model, we effectively resolve challenges of complex illumination and dense foliage occlusion, achieving high-precision automated extraction of five consecutive strawberry phenological stages. Second, by fusing these visual markers with meteorological time series (e.g., temperature, humidity, and light intensity), we construct a multimodal spatiotemporal feature matrix. To accommodate diverse smart agriculture application scenarios, we designed two distinct prediction architectures: on servers with ample computing power, a Bidirectional Temporal Convolutional Network with self-attention (BiTCN-SA) to achieve highly accurate predictions; and for resource-constrained IoT edge nodes, a lightweight machine learning ensemble (Stack-LGR). Experimental results demonstrate that, in predicting the cumulative mature fruit yield within the next harvesting cycle, BiTCN-SA achieves strong performance with a coefficient of determination (R2) of 0.958 and a root mean square error (RMSE) of 3.154. Simultaneously, the edge-deployed Stack-LGR ensemble maintains stable prediction accuracy (R2 = 0.892) while ensuring acceptable inference latency. This study mitigates the latency limitations of single-environment-driven models. It provides a solution for precise crop yield prediction and tiered computational deployment, with good predictive performance, deployment adaptability, and methodological reference value.",abstrak,E3 (model hasil tanpa deteksi tingkat buah),N,,N,multi-observasi,,,,
65,80,subasinghe2026cocosense,2026,CocoSense: AI-Powered Drone-Based System for Comprehensive Coconut Tree Health Monitoring and Yield Prediction,10.1109/ccai69603.2026.11641885,"Coconut cultivation is vital to Sri Lanka's agricultural economy, yet farmers face significant challenges in early pest detection, disease diagnosis, and yield prediction. This research presents CocoSense, an AI-powered mobile application integrated with IoT technology for automated coconut tree health monitoring using drone-captured imagery. The system comprises four modules: (1) pest detection using EfficientNetB0 (91.44% accuracy) and MobileNetV2 (96.08% accuracy) with a trilingual AI chatbot for treatment recommendations; (2) disease detection for leaf rot, leaf spot, and leaf dieback classification (98.69% accuracy); (3) health assessment for leaf (93.70%) and branch health (99.63%); and (4) coconut yield estimation (87.86% accuracy) using YOLOv8 with dual-view acquisition strategy. Additionally, a coconut bunch detection (88.96% accuracy) module is developed to support yield estimation by identifying fruit clusters within tree canopies. The system integrates IoT-based GPS tracking with Google Maps API for real-time plantation visualization. Experimental results demonstrate that CocoSense provides a robust, accessible solution for intelligent coconut plantation management in Sri Lanka.",abstrak,E3 (model hasil tanpa deteksi tingkat buah),N,,N,multi-observasi,,,,
66,173,chen2025research,2025,Research on Walnut (Juglans regia L.) Yield Prediction Based on a Walnut Orchard Point Cloud Model,10.3390/agriculture15070775,"This study aims to develop a method for predicting walnut (Juglans regia L.) yield based on the walnut orchard point cloud model, addressing issues such as low efficiency, insufficient accuracy, and high costs in traditional methods. The walnut orchard point cloud is reconstructed using unmanned aerial vehicle (UAV) images, and the semantic segmentation technique is applied to extract the individual walnut tree point cloud model. Furthermore, the tree height, canopy projection area, and volume of each walnut tree are calculated. By combining these morphological features with statistical models and machine learning methods, a prediction model between tree morphology and yield is established, achieving prediction accuracy with a mean absolute error (MAE) of 2.04 kg, a mean absolute percentage error (MAPE) of 17.24%, a root mean square error (RMSE) of 2.81 kg, and a coefficient of determination (R2) of 0.83. This method provides an efficient, accurate, and economically feasible solution for walnut yield prediction, overcoming the limitations of existing technologies.",abstrak,E3 (model hasil tanpa deteksi tingkat buah),N,,N,multi-observasi,,,,
67,308,supcik2024predicting,2024,Predicting Grape Yield with Vine Canopy Morphology Analysis from 3D Point Clouds Generated by UAV Imagery,10.3390/drones8060216,"With its ability to estimate yield, winemakers may better manage their vineyards and obtain important insights into the possible crop. The proper estimation of grape output is contingent upon an accurate evaluation of the morphology of the vine canopy, as this has a substantial impact on the final product. This study’s main goals were to gather canopy morphology data using a sophisticated 3D model and assess how well different morphology characteristics predicted yield results. An unmanned aerial vehicle (UAV) with an RGB camera was used in the vineyards of Topoľčianky, Slovakia, to obtain precise orthophotos of individual vine rows. Following the creation of an extensive three-dimensional (3D) model of the assigned region, a thorough examination was carried out to determine many canopy characteristics, including thickness, side section dimensions, volume, and surface area. According to the study, the best combination for predicting grape production was the side section and thickness. Using more than one morphological parameter is advised for a more precise yield estimate as opposed to depending on only one.",abstrak,E3 (model hasil tanpa deteksi tingkat buah),N,,N,multi-observasi,,,,
68,368,penzel2024model,2024,A model to predict the fruit bearing capacity of individual apple trees and its variability within commercial orchards,10.5073/jfk.2024.01.09,"Die Einstellung des Fruchtbehangs bei Apfelanlagen unter Berücksichtigung der für die individuelle Vermarktung optimalen Fruchtqualität wird bislang anhand von einzelnen Bäumen geschätzt und anschließend einheitlich für ganze Schläge durchgeführt. In der vorliegenden Arbeit wurde ein Ansatz entwickelt, um die Fruchtertragskapazität von allen Bäumen einer Anlage in Relation zu Blattfläche, Zielfruchtgröße und saisonaler Witterung zu modellieren. Die Ermittlung der Fruchtertragskapazität einzelner Bäume erfolgte in einer Erwerbsanlage mit Bäumen die als schlanke Spindel erzogen wurden ('Gala'/M.9, 3030 Bäume ha-1, n = 607 Versuchsbäume) im fünften Standjahr. Die Blattfläche der Bäume wurde mit einem Light detection and ranging (LiDAR) Laserscanner gemessen. Mit dem LiDAR Sensor wurden dreidimensionale Punktwolken der Baumkronen aufgezeichnet. Durch Segmentierung einzelner Punkte konnte zwischen Blattfläche, Holz und Früchten unterschieden werden. Die Blattfläche pro Baum schwankte zwischen 5 m2 und 11 m2. Die notwendige Blattfläche, um Früchte von 65 mm bis 80 mm zu erzeugen, betrug unter Berücksichtigung deren saisonalen C-Verbrauchs und der saisonalen Wetterbedingungen 274 cm2–847 cm2 Blattfläche. Aus dem Ziel Früchte in diesen Größenklassen (65 mm; 70 mm; 75 mm; 80 mm) zu erzeugen und unter Berücksichtigung der vorhandenen und benötigten Blattfläche resultierte die optimale Fruchtanzahl pro Baum. Diese schwankte innerhalb der Anlage zwischen 92 und 249 Früchten pro Baum. Zur Validierung des Modells wurde die Fruchtanzahl an Einzelbäumen (n = 106) gezählt und die Fruchtgrößenverteilung baumweise bestimmt. Die modellierte Fruchtertragskapazität stimmte bis zu einem Blattfläche-zu-Frucht-Verhältnis von 600 cm2 pro Frucht mit den gemessenen Werten mit geringer Abweichung überein. Bei größeren Blattfläche-zu-Frucht-Verhältnissen war die Vorhersage ungenau. Die Ergebnisse zeigen, dass die Fruchtertragskapazität einzelner Bäume anhand der Blattfläche und saisonaler Wetterdaten modelliert werden kann. Das Modell kann sowohl als (i) physiologisches Modell zur Simulation der Zielfruchtzahl einzelner Bäume als auch als praxisrelevantes (ii) agronomisches Modell zur Entscheidungsfindung für eine baumindividuelle Ausdünnung eingesetzt werden.",abstrak,E3 (model hasil tanpa deteksi tingkat buah),N,,N,,,,,
69,410,zhou2023remote,2023,Remote Sensing Identification and Rapid Yield Estimation of Pitaya Plants in Different Karst Mountainous Complex Habitats,10.3390/agriculture13091742,"The Pitaya industry is a specialty fruit industry in the mountainous region of Guizhou, China. The planted area in Guizhou reaches 7200 ha, ranking first in the country. At present, Pitaya planting lacks efficient yield estimation methods, which has a negative impact on the Pitaya downstream industry chain, stymying the constant growing market. The fragmented and complex terrain in karst mountainous areas and the capricious local weather have hindered accurate crop identification using traditional satellite remote sensing methods, and there is currently little attempt made to tackle the mountainous specialty crops’ yield estimation. In this paper, based on UAV (unmanned aerial vehicle) remote sensing images, the complexity of Pitaya planting sites in the karst background has been divided into three different scenes as complex scenes with similar colors, with topographic variations, and with the coexistence of multiple crops. In scenes with similar colors, using the Close Color Vegetation Index (CCVI) to extract Pitaya plants, the accuracy reached 92.37% on average in the sample sites; in scenes with complex topographic variations, using point clouds data based on the Canopy Height Model (CHM) to extract Pitaya plants, the accuracy reached 89.09%; and in scenes with the coexistence of multiple crops, using the U-Net Deep Learning Model (DLM) to identify Pitaya plants, the accuracy reached 92.76%. Thereafter, the Pitaya yield estimation model was constructed based on the fruit yield data measured in the field for several periods, and the fast yield estimations were carried out and examined for three application scenes. The results showed that the average accuracy of yield estimation in complex scenes with similar colors was 91.25%, the average accuracy of yield estimation in scenes with topographic variations was 93.40%, and the accuracy of yield estimation in scenes with the coexistence of multiple crops was 95.18%. The overall yield estimation results show a high accuracy. The experimental results show that it is feasible to use UAV remote sensing images to identify and rapidly estimate the characteristic crops in the complex karst habitat, which can also provide scientific reference for the rapid yield estimation of other crops in mountainous regions.",abstrak,E3 (model hasil tanpa deteksi tingkat buah),N,,N,multi-observasi,,,,
70,866,canicatti2026ground,2026,Ground truth sampling methods affect accuracy of UAV-based vineyard yield estimation: a case study,10.1007/s11119-026-10391-0,"Accurate ground-truth data are essential for training reliable remote sensing (RS) models for vineyard yield estimation. However, previous UAV-based studies have mainly relied on single-vine sampling, which can introduce geometric inconsistencies due to canopy overlaps, vine spacing, and pruning configuration in Vertical Shoot Positioning (VSP) systems. This study aimed to assess how the choice of ground-truth sampling method, vine-based versus meter-based, affects the accuracy and robustness of UAV-derived yield models. UAV multispectral imagery was acquired at two phenological stages, BBCH 73 and BBCH 85, over a commercial vineyard trained to a VSP system. Yield data were collected using two ground-truth approaches, a vine-based method, recording the grape fresh weight per vine, and a meter-based method, measuring yield along contiguous one-meter canopy segments. UAV images were processed to derive spectral (NDVI) and geometric (fraction canopy cover, Fc) variables. Three estimation frameworks were evaluated: (i) linear regression models; (ii) machine learning algorithms (Efficient Linear, Support Vector Machine, Random Forest, and Gaussian Process Regression); and (iii) a Bayesian inference model. Across all frameworks, the meter-based sampling approach outperformed the vine-based one. Linear regressions yielded higher determination coefficients (R²=0.78) and lower nRMSE. ML algorithms achieved R² between 0.70 and 0.76 for meter-based sampling versus 0.15–0.27 for vine-based sampling. Bayesian model trained on meter-based sampled data demonstrated the highest predictive accuracy, achieving an R² of 0.84 with an nRMSE of 20.47% and a mean absolute error of 17.46%. In contrast, the model trained on vine-level data exhibited markedly lower performance (R² = 0.41, nRMSE = 50.08%). At the field scale, the meter-based sampling strategy, when coupled with Bayesian inference, delivered high-fidelity yield estimates with reduced posterior uncertainty. Ground-truth sampling design significantly affected UAV-based vineyard yield estimation. Sampling contiguous canopy segments preserves spatial continuity and mitigates geometric bias, enhancing model transferability and reliability across analytical frameworks. This approach provides a robust methodological foundation for scalable RS-based yield modelling in VSP vineyards.",abstrak,E3 (model hasil tanpa deteksi tingkat buah),N,,N,,,,,
71,927,odah2025machine,2025,Machine learning techniques for tomato yield prediction: A comprehensive analysis,10.1016/j.atech.2025.101067,"Effective yield prediction is crucial for farmers and the agricultural sector. It allows producers to enhance control over their operations and better align with market supply and demand. With the emergence of Artificial Intelligence (AI), various Machine Learning (ML) models have been developed to predict crop yield. In this study, we conducted a systematic literature review to examine the ML models used for predicting tomato yield, the features associated with the most effective models, and the challenges faced by users. We retrieved 1,486 scientific papers from six electronic databases. Following the PRISMA guidelines, we included 57 studies in our analysis. The results showed that 66.67% of the models achieving the best performance in predicting or estimating tomato yield are Deep Learning (DL) models, with neural networks accounting for 42.11% of these. Specifically, Long Short-Term Memory (LSTM), Artificial Neural Networks (ANN), and Support Vector Regression (SVR) are the models most commonly used, demonstrating strong performance when considering factors such as climate, soil conditions, plant growth, fertilization, and irrigation. Additionally, when using computed vegetation indices from image data, Random Forest Regression (RFR) is frequently applied with notable success. The YOLO-Tomato and R-CNN methods are commonly used for detecting tomato fruits prior to yield estimation. Furthermore, DeepSort and linear regression are the predominant methods employed for counting and estimating tomato yield. For future research, it is important to conduct a comparative analysis of models such as LSTM, ANN, SVR, and RFR specifically for predicting tomato yield using data from Africa.",abstrak,E3 (model hasil tanpa deteksi tingkat buah),N,,N,,,,,
72,968,cui2025apple,2025,Apple Yield Estimation Method Based on CBAM-ECA-Deeplabv3+ Image Segmentation and Multi-Source Feature Fusion,10.3390/s25103140,"Apple yield estimation is a critical task in precision agriculture, challenged by complex tree canopy structures, growth stage variability, and orchard heterogeneity. In this study, we apply multi-source feature fusion by combining vegetation indices from UAV remote sensing imagery, structural feature ratios from ground-based fruit tree images, and leaf chlorophyll content (SPAD) to improve apple yield estimation accuracy. The DeepLabv3+ network, optimized with Convolutional Block Attention Module (CBAM) and Efficient Channel Attention (ECA), improved fruit tree image segmentation accuracy. Four structural feature ratios were extracted, visible-light and multispectral vegetation indices were calculated, and feature selection was performed using Pearson’s correlation coefficient analysis. Yield estimation models were constructed using k-nearest neighbors (KNN), partial least squares (PLS), random forest (RF), and support vector machine (SVM) algorithms under both single feature sets and combined feature sets (including vegetation indices, structural feature ratios, SPAD, vegetation indices + SPAD, vegetation indices + structural feature ratios, structural feature ratios + SPAD, and the combination of all three). The optimized CBAM-ECA-DeepLabv3+ model achieved a mean Intersection over Union (mIoU) of 0.89, an 8% improvement over the baseline DeepLabv3+, and outperformed U2Net and PSPNet. The SVM model based on multi-source feature fusion achieved the highest apple yield estimation accuracy in small-scale orchard sample plots (R2 = 0.942, RMSE = 12.980 kg). This study establishes a reliable framework for precise fruit tree image segmentation and early yield estimation, advancing precision agriculture applications.",abstrak,E3 (model hasil tanpa deteksi tingkat buah),N,,N,,,,,
73,1136,tang2023tree,2023,Tree-level almond yield estimation from high resolution aerial imagery with convolutional neural network,10.3389/fpls.2023.1070699,"Introduction Estimating and understanding the yield variability within an individual field is critical for precision agriculture resource management of high value tree crops. Recent advancements in sensor technologies and machine learning make it possible to monitor orchards at very high spatial resolution and estimate yield at individual tree level. Methods This study evaluates the potential of utilizing deep learning methods to predict tree-level almond yield with multi-spectral imagery. We focused on an almond orchard with the ‘Independence’ cultivar in California, where individual tree harvesting and yield monitoring was conducted for ~2,000 trees and summer aerial imagery at 30cm was acquired for four spectral bands in 2021. We developed a Convolutional Neural Network (CNN) model with a spatial attention module to take the multi-spectral reflectance imagery directly for almond fresh weight estimation at the tree level. Results The deep learning model was shown to predict the tree level yield very well, with a R2 of 0.96 (±0.002) and Normalized Root Mean Square Error (NRMSE) of 6.6% (±0.2%), based on 5-fold cross validation. The CNN estimation captured well the patterns of yield variation between orchard rows, along the transects, and from tree to tree, when compared to the harvest data. The reflectance at the red edge band was found to play the most important role in the CNN yield estimation. Discussion This study demonstrates the significant improvement of deep learning over traditional linear regression and machine learning methods for accurate and robust tree level yield estimation, highlighting the potential for data-driven site-specific resource management to ensure agriculture sustainability.",abstrak,E3 (model hasil tanpa deteksi tingkat buah),N,,N,,,,,
74,1156,lopezgarcia2022yield,2022,Yield estimations in a vineyard based on high-resolution spatial imagery acquired by a UAV,10.1016/j.biosystemseng.2022.10.015,"Yield estimation in vineyards is an essential issue for performing cropping practices to reach the desired production quality or quantity. Sporadic manual measurements have been traditionally made. In the last decade, vegetation indices (VIs) and geometric parameters obtained from unmanned aerial vehicle (UAV) imagery have been related to different vine biophysical features. This research aimed to evaluate the potential of VIs and green canopy cover (GCC; as a measure of plant vigour) obtained from conventional (or red, green, blue; RGB) and multispectral sensors that monitor spatial intraplot variability for yield predictions. The yield components traditionally sampled in an early growth cycle stage (pea berry size) were combined with UAV imagery-based products. The proposed methodology was applied to a vineyard in southeastern Spain during the 2019 and 2020 growing seasons. Rain-fed and irrigated treatments were implemented. Flights were performed throughout the growth cycle using RGB and multispectral cameras mounted on a UAV. Orthoimages were generated. Computer vision techniques were used to segment these orthoimages to obtain vegetation-only masks. Simple and multiple linear regression techniques were evaluated by using VIs alone, VIs combined with GCC and yield components as predictors. The RMSE values ranged from 0.21 kg vine⁻¹ to 0.39 kg vine⁻¹ when yield components, RGB or multispectral VIs were employed. Therefore, with all the advantages that their use entails, RGB and multispectral sensors are a good option for estimating the final yield of vineyards despite calibration being required for each season and grapevine plot.",abstrak,E3 (model hasil tanpa deteksi tingkat buah),N,,N,,,,,
75,1170,jayasinghe2022growth,2022,Growth and yield estimation of banana through mathematical modelling: a systematic review,10.1017/s0021859622000259,"Abstract Banana is one of the main fruit crops in the world as it is a rich source of nutrients and has recently become popular for its fibre, particularly as a raw material in many industries. Mathematical models are crucial for strategic and forecasting applications; however, models related to the banana crop are less common, and reviews on previous modelling efforts are scarce, emphasizing the need for evidence-based studies on this topic. Therefore, we reviewed 75 full-text articles published between 1985 and 2021 for information on mathematical models related to banana growth and, fruit and fibre yield. We analysed results in order to provide a descriptive synthesis of selected studies. According to the co-occurrence analysis, most studies were conducted on the mathematical modelling of banana fruit production. Modellers often used multiple linear regression models to estimate banana plant growth and fruit yield. Existing models incorporate a range of predictor variables, growth conditions, varieties, modelling approaches and evaluation methods, which limits comparative evaluation and selection of the best model. However, the banana process-based simulation model ‘SIMBA’ and artificial neural network have proven their robust applicability to estimate banana plant growth. This review shows that there is insufficient information on mathematical models related to banana fibre yield. This review could aid stakeholders in identifying the strengths and limitations of existing models, as well as providing insight on how to build novel and reliable banana crop-related mathematical models.",abstrak,E3 (model hasil tanpa deteksi tingkat buah),N,,N,,,,,
76,1218,bazinas2021yield,2021,Yield Estimation in Vineyards Using Intervals' Numbers Techniques,10.1145/3503823.3503906,"Estimation of grapes yield is critical for both farmers and winemakers in order to improve human labor and resources allocation and, finally, product pricing. This paper presents a novel grape yield estimation method based on Intervals’ Numbers (INs). The advantage of INs is their ability to process distributions of samples. The INs here are induced from successive grape clusters’ weight measurements during ripening. A parametric neural network (NN) IN-regressor architecture is trained with past INs in order to predict future INs. The training process involves the calculation of optimal parameters to minimize the estimation error in terms of the metric distance between real and estimated INs. The method is tested on real world weight data involving 30 grape clusters of three different grape cultivars, collected once in a week from veraison to harvest time. Preliminary results indicate a weight estimation accuracy of up to 96.33% and absolute estimation error of 16.22 gr per vine. The proposed method can be integrated in a crop growth model towards early grape yield estimation.",abstrak,E3 (model hasil tanpa deteksi tingkat buah),N,,N,,,,,
77,1246,abdelrahman2021improving,2021,Improving strawberry yield prediction by integrating ground-based canopy images in modeling approaches,10.3390/ijgi10040239,"Strawberries (Fragaria × ananassa Duch.) are highly perishable fruit. Timely prediction of yield is crucial for labor management and marketing decision-making. This study demonstrates the use of high-resolution ground-based imagery, in addition to previous yield and weather information, for yield prediction throughout the season at different intervals (3–4 days, 1 week, and 3 weeks pre-harvest). Flower and fruit counts, yield, and high-resolution imagery data were collected 31 times for two cultivars (‘Florida Radiance’ and ‘Florida Beauty’) throughout the growing season. Orthorectified mosaics and digital surface models were created to extract canopy size variables (canopy area, average canopy height, canopy height standard deviation, and canopy volume) and visually count flower and fruit number. Data collected at the plot level (6 plots per cultivar, 24 plants per plot) were used to develop prediction models. Using image-based counts and canopy variables, flower and fruit counts were predicted with percentage prediction errors of 26.3% and 25.7%, respectively. Furthermore, by adding image-derived variables to the models, the accuracy of predicting out-of-sample yields at different time intervals was increased by 10–29% compared to those models without image-derived variables. These results suggest that close-range high-resolution images can contribute to yield prediction and could assist the industry with decision making by changing growers’ prediction practices.",abstrak,E3 (model hasil tanpa deteksi tingkat buah),N,,N,,,,,
78,1247,chang2021unmanned,2021,Unmanned Aircraft System- (UAS-) Based High-Throughput Phenotyping (HTP) for Tomato Yield Estimation,10.1155/2021/8875606,"Yield prediction and variety selection are critical components for assessing production and performance in breeding programs and precision agriculture. Since plants integrate their genetics, surrounding environments, and management conditions, crop phenotypes have been measured over cropping seasons to represent the traits of varieties. These days, UAS (unmanned aircraft system) provides a new opportunity to collect high-quality images and generate reliable phenotypic data efficiently. Here, we propose high-throughput phenotyping (HTP) from multitemporal UAS images for tomato yield estimation. UAS-based RGB and multispectral images were collected weekly and biweekly, respectively. The shape of the features of tomatoes such as canopy cover, canopy, volume, and vegetation indices derived from UAS imagery was estimated throughout the entire season. To extract time-series features from UAS-based phenotypic data, crop growth and growth rate curves were fitted using mathematical curves and first derivative equations. Time-series features such as the maximum growth rate, day at a specific event, and duration were extracted from the fitted curves of different phenotypes. The linear regression model produced high 
 
 
 
 R
 
 
 2
 
 
 
 values even with different variable selection methods: all variables (0.79), forward selection (0.7), and backward selection (0.77). With factor analysis, we figured out two significant factors, growth speed and timing, related to high-yield varieties. Then, five time-series phenotypes were selected for yield prediction models explaining 65 percent of the variance in the actual harvest. The phenotypic features derived from RGB images played more important roles in prediction yield. This research also demonstrates that it is possible to select lower-performing tomato varieties successfully. The results from this work may be useful in breeding programs and research farms for selecting high-yielding and disease-/pest-resistant varieties.",abstrak,E3 (model hasil tanpa deteksi tingkat buah),N,,N,,,,,
79,1249,ballesteros2020vineyard,2020,"Vineyard yield estimation by combining remote sensing, computer vision and artificial neural network techniques",10.1007/s11119-020-09717-3,"In viticulture, it is critical to predict productivity levels of the different vineyard zones to undertake appropriate cropping practices. To overcome this challenge, the final yield was predicted by combining vegetation indices (VIs) to sense the health status of the crop and by computer vision to obtain the vegetated fraction cover (Fc) as a measure of plant vigour. Multispectral imagery obtained from an unmanned aerial vehicle (UAV) is used to obtain VIs and Fc, which are used together with artificial neural networks (ANN) to model the relationship between VIs, Fc and yield. The proposed methodology was applied in a vineyard, where different irrigation and fertilisation doses were applied. The results showed that using computer vision techniques to differentiate between canopy and soil is necessary in precision viticulture to obtain accurate results. In addition, the combination of VIs (reflectance approach) and Fc (geometric approach) to predict vineyard yield results in higher accuracy (root mean square error (RMSE) = 0.9 kg vine⁻¹ and relative error (RE) = 21.8% for the image when close to harvest) compared to the simple use of VIs (RMSE = 1.2 kg vine⁻¹ and RE = 28.7%). The implementation of machine learning techniques resulted in much more accurate results than linear models (RMSE = 0.5 kg vine⁻¹ and RE = 12.1%). More precise yield predictions were obtained when images were taken close to the harvest date, although promising results were obtained at earlier stages. Given the perennial nature of grapevines and the multiple environmental and endogenous factors determining yield, seasonal calibration for yield prediction is required.",abstrak,E3 (model hasil tanpa deteksi tingkat buah),N,,N,,,,,
80,1291,uribeetxebarria2019assessing,2019,Assessing ranked set sampling and ancillary data to improve fruit load estimates in peach orchards,10.1016/j.compag.2019.104931,"Abstract Fruit load estimation at plot level before harvest is a key issue in fruit growing. To face this challenge, two sampling methods to estimate fruit load in a peach tree orchard were compared: simple random sampling (SRS) and ranked set sampling (RSS). The study was carried out in a peach orchard (Prunus persica cv. ‘Platycarpa’) covering a total area of 2.24 ha. Having previously sampled the plot systematically to cover the entire area (104 individual trees or sampling points), both sampling methods (SRS and RSS) were tested by taking samples from this population with varying sample sizes from N = 4 to N = 12. Since RSS requires ancillary information to obtain the samples (ranking mechanism), several proximal and remote sensors already used or recently introduced in agriculture were assessed as data sources. A total of 14 variables provided by 5 different sensors and platforms were considered as potential ancillary variables. Among them, RGB images captured by an unmanned aerial vehicle (UAV), and used to estimate the canopy projected area of individual trees, proved to be the best of the options. This was shown by the high correlation (R = 0.85) between this area and the fruit load, providing RSS with the UAV-based canopy projected area the lowest Coefficient of Error (CE) for a given tree sample size. Then, comparing relative efficiency between random sampling (SRS) and RSS, the latter enables more precise fruit load estimates for any of the considered sample sizes. Interest and opportunity of RSS can be raised from two points of view. In terms of confidence, RSS managed to reduce the variance of fruit load estimates by about half compared to SRS. Sampling errors above the 10% threshold were always produced significantly fewer times using RSS, regardless of the sample size. In terms of operation within the plot, sample size could be reduced by 50%, from N = 10 for SRS to N = 5 for RSS, and this being expected sampling errors less than 10% in practically 70% of the samplings performed in both cases. In summary, fruit growers can take advantage of the combined use of appropriate data (RGB images from UAV) and RSS to optimize sample sizes and operational sampling costs in fruit growing.",abstrak,E3 (model hasil tanpa deteksi tingkat buah),N,,N,,,,,
81,1310,ashapure2019unmanned,2019,Unmanned aerial system based tomato yield estimation using machine learning,10.1117/12.2519129,"Recent years have witnessed enormous growth in Unmanned Aircraft System (UAS) and sensor technology which made it possible to collect high spatial and temporal resolutions data over the crops throughout the growing season. The objective of this research is to develop a novel machine learning framework for marketable tomato yield estimation using multi-source and spatio-temporal remote sensing data collected from UAS. The proposed machine learning model is based on Artificial Neural Network (ANN) and it takes UAS based multi-temporal features such as canopy cover, canopy height, canopy volume, Excessive Greenness Index along with weather information such as humidity, precipitation, temperature, solar radiations and crop evapotranspiration (ETc) as input and predicts the corresponding marketable yield. The predicted yield is validated using the actual harvested yield. Breeders may be able to use the predicted yield as a parameter for genotype selection so that they can not only increase their experiment size for faster genotype selection but also to make efficient and informed decision on best performing genotypes. Moreover, yield prediction maps can be used to develop within-field management zones to optimize field management practices.",abstrak,E3 (model hasil tanpa deteksi tingkat buah),N,,N,,,,,
82,1331,miranda2018sampling,2018,Sampling stratification using aerial imagery to estimate fruit load in peach tree orchards,10.3390/agriculture8060078,"A quick and accurate sampling method for determining yield in peach orchards could lead to better crop management decisions, more accurate insurance claim adjustment, and reduced expenses for the insurance industry. Given that sample size depends exclusively on the variability of the trees on the orchard, it is necessary to have a quick and objective way of assessing this variability. The aim of this study was to use remote sensing to detect the spatial variability within peach orchards and classify trees into homogeneous zones that constitute sampling strata to decrease sample size. Five mature peach orchards with different degrees of spatial variability were used. A regular grid of trees was established on each orchard, their trunk cross-sectional area (TCSA) was measured, and yield was measured as number of fruits/tree on the central tree of each one of them. Red Vegetation Index (RVI) was calculated from aerial images with 0.25 m·pixel−1 resolution, and used, either alone or in combination with TCSA, to delineate sampling strata using cluster fuzzy k-means. Completely randomized (CRS) and stratified samplings were compared through 10,000 iterations, and the Minimum Sample Size required to obtain estimates of actual production for three quality levels of sampling was calculated in each case. The images allowed accurate determination of the number of trees, allowing a proper application of completely randomized sampling designs. Tree size and the canopy density estimated by means of multispectral indices are complementary parameters suitable for orchard stratification, decreasing the sample size required to determine fruit count up to 20–35% compared to completely randomized samples.",abstrak,E3 (model hasil tanpa deteksi tingkat buah),N,,N,,,,,
83,1343,benitez2017early,2017,Early yield prediction in pear based on canopy LIDAR scanning,10.23919/rpic.2017.8214321,"The agricultural industry faces the challenge of increase yield and improve the food quality. This paper presents a study on the prediction of fruit production and also intends to detect other information that can be obtained based on the scans of fruit trees using a LIDAR sensor. We worked on a Williams pear orchard using a semi-automatic procedure in order to estimates tree volume. We compute the canopy area with a simple method based on the Gauss's formula at harvest and during tree dormancy. We correlates volume vs. weight of harvested fruits from each plant. Regression coefficients were obtained for individual and grouped data. At harvest time, we obtain a good relationship between the volume of the canopy and the production (r = 67). The information obtained is very valuable in terms of the general state of the crop, the evolution and distribution of production within the orchard, and to make adequate decisions about its management.",abstrak,E3 (model hasil tanpa deteksi tingkat buah),N,,N,,,,,
84,1393,miranda2015sampling,2015,Sampling stratification using aerial imagery to estimate fruit load and hail damage in nectarine trees,10.3920/978-90-8686-814-8_67,"A quick and accurate sampling method for determining losses in nectarine trees could lead to better crop management decisions, more accurate insurance claim adjustment and reduced expenses for the insurance industry. The aim of this study was to use remote sensing to detect the spatial variability within a nectarine orchard and classify trees into homogeneous zones which constitute sampling strata to decrease sample size. Canopy size and normalized difference vegetation index (NDVI) calculated from aerial images with 0.5 m/pixel resolution were used as source information to delineate sampling strata using cluster 'fuzzy k-means' analysis. The images allowed accurate determination of the number of trees, allowing a proper application of completely randomized sampling designs. However, the strata defined could not reduce the overall sample size regarding the completely randomized design, as canopy size and NDVI were not sufficiently related to shoot number and yield.",abstrak,E3 (model hasil tanpa deteksi tingkat buah),N,,N,,,,,
85,21,yokin20263d,2026,3D reconstruction and segmentation of grape bunches for robotic berry thinning,10.1016/j.compag.2026.111898,"• End-to-end pipeline from neural reconstruction to physical grape berry manipulation. • Efficient point clouds generation using NeRF and the metric scale derived directly from robot kinematics. • RANSAC sphere fitting achieves 92.1% berry detection precision without annotated training data. • Stem-aligned 6-DoF pose optimization improves end-to-end grip success by 17.2%. Table grape thinning requires selective removal of 20–40% of berries from dense clusters. In practice, workers decide which berries to remove by considering both the approximate berry count and local 3D spatial characteristics such as crowding and relative positioning. Automating this task is challenging because conventional 2D image-based approaches suffer from occlusion-related counting errors and lack explicit 3D spatial information necessary for reliable manipulation. We propose a robot-integrated vision pipeline that reconstructs grape bunch structure from posed multi-view RGB images. Neural Radiance Fields (NeRF) is used to learn a volumetric scene representation, from which a dense, low-noise point cloud is extracted via depth back-projection, and RANSAC-based geometric fitting models individual berries and stems, enabling berry-level segmentation and orientation estimation for manipulation planning. The perception pipeline uses an eye-in-hand RealSense D405 camera mounted on a Fanuc CRX-5iA collaborative robot. Camera poses are derived from the robot kinematic chain, allowing the reconstructed point cloud and detected berry centers to be expressed directly in the metric robot base frame without external scale recovery. In robot-mounted RealSense D405 experiments on 10 grape bunches, RANSAC sphere fitting achieved a counting MAE of 0.50 berries, RMSE of 0.71 berries, and mean center localization error of 2.71 mm. On a 52-bunch benchmark, RANSAC sphere fitting outperforms the learning-based SoftGroup++ method for 3D berry instance segmentation (92.1% vs 82.8% average precision) without requiring annotated training data. In 35 manipulation trials, the system achieved an 85.7% pre-grasp reachability rate and an 83.3% conditional target success rate demonstrating an end-to-end pipeline from neural reconstruction to manipulation-ready berry poses.",abstrak,E4 (hanya pemetikan atau manipulasi),N,,N,multi-observasi,,,,
86,210,qin2025research,2025,Research on fruit 3D point cloud segmentation based on improved YOLOv8,10.1117/12.3064926,"With the development and progress of science and technology in our country, the continuous improvement of people's living standards, the planting area of fruits is constantly expanding, and the fruit yield is also constantly increasing, resulting in a shortage of labor resources and bringing huge challenges to fruit picking; At the same time, due to the impact of different geographical environments, climates, and other natural environments, as well as the mutual occlusion of fruits and leaves, the positioning and picking of fruits are affected, requiring a large amount of manpower to complete the picking operation. This article uses the improved YOLOv8 algorithm for instance segmentation of fruits to improve the accuracy and efficiency of instance segmentation. By extracting mask information, corresponding depth information is obtained, and the point cloud data corresponding to apples is obtained, providing assurance for the accuracy of subsequent localization. Firstly, in the backbone network, the deformable convolutional DCNv2 is replaced with the C2f module to increase attention to small targets; By adding an improved ECA attention mechanism EMCA before the Neck layer, the model efficiency is improved. Finally, by proposing WPDIoU instead of CIoU to improve the loss, the convergence speed and segmentation accuracy of the model are improved. After experimental comparison between the original YOLOv8 model and the improved YOLOv8 model proposed in this paper, the results show that the improved YOLOv8 model has higher instance segmentation accuracy, an increase of 4.2 percentage points, and has a certain improvement in fruit instance segmentation accuracy.",abstrak,E4 (hanya pemetikan atau manipulasi),N,,N,multi-observasi,,,,
87,1592,hamzah2025ai,2025,AI-Driven Delta Robot System for Automated Loose Fruitlet Collection,10.1109/icrai68431.2025.11396727,"Loose fruitlet collection in oil palm plantations remains a labor-intensive process that contributes to significant yield losses when fruitlets are left uncollected. This work presents an AI-driven delta robot system that capable of real-time detection, localization, and collection of loose fruitlets. A monocular camera captures tray images, which are rectified using homography and processed with a convolutional detector trained on a curated oil palm fruitlets dataset. Detected centroids are transformed into robot coordinates through a zone-based calibration scheme, enabling precise targeting within the robot’s workspace. The delta robot executes a simplified pick-and-place sequence with fixed vertical states for approach and retraction, combined with a vacuum end-effector ensure reliable pickup. A verification stage provides an accurate fruitlet counting and failure handling. The system operates entirely on an embedded platform, achieving detection to actuation latencies under 0.5s and pick cycles within 2s. Experimental evaluation demonstrates practical accuracy more than 85% accuracy, robustness under variable lighting, and throughput exceeding 50 fruitlets per minute, indicating a strong potential for deployment in plantation environments.",abstrak,E4 (hanya pemetikan atau manipulasi),N,,N,sawit,,,,
88,3349,li2024recognition,2024,Recognition and Positioning of Strawberries Based on Improved YOLOv7 and RGB-D Sensing,10.3390/agriculture14040624,"To improve the speed and accuracy of the methods used for the recognition and positioning of strawberry plants, this paper is concerned with the detection of elevated-substrate strawberries and their picking points, using a strawberry picking robot, based on the You Only Look Once version 7 (YOLOv7) object detection algorithm and Red Green Blue-Depth (RGB-D) sensing. Modifications to the YOLOv7 model include the integration of more efficient modules, incorporation of attention mechanisms, elimination of superfluous feature layers, and the addition of layers dedicated to the detection of smaller targets. These modifications have culminated in a lightweight and improved YOLOv7 network model. The number of parameters is only 40.3% of that of the original model. The calculation amount is reduced by 41.8% and the model size by 59.2%. The recognition speed and accuracy are also both improved. The frame rate of model recognition is increased by 19.3%, the accuracy of model recognition reaches 98.8%, and mAP@0.95 reaches 96.8%. In addition, we have developed a method for locating strawberry picking points based on strawberry geometry. The test results demonstrated that the average positioning success rate and average positioning time were 90.8% and 76 ms, respectively. The picking robot in the laboratory utilized the recognition and positioning method proposed in this paper. The error of hand–eye calibration is less than 5.5 mm on the X-axis, less than 1.6 mm on the Y-axis, and less than 2.7 mm on the Z-axis, which meets the requirements of picking accuracy. The success rate of the picking experiment was about 90.8%, and the average execution time for picking each strawberry was 7.5 s. In summary, the recognition and positioning method proposed in this paper provides a more effective method for automatically picking elevated-substrate strawberries.",abstrak,E4 (hanya pemetikan atau manipulasi),N,,N,multi-observasi,,,,
89,3389,gursoy2024occlusion,2024,Occlusion Handling by Pushing for Enhanced Fruit Detection,10.1109/iros58592.2024.10802174,"In agricultural robotics, effective observation and localization of fruits present challenges due to occlusions caused by other parts of the tree, such as branches and leaves. These occlusions can result in false fruit localization or impede the robot from picking the fruit. The objective of this work is to push away branches that block the fruit’s view to increase their visibility. Our setup consists of an RGB-D camera and a robot arm. First, we detect the occluded fruit in the RGB image and estimate its occluded part via a deep learning generative model in the depth space. The direction to push to clear the occlusions is determined using classic image processing techniques. We then introduce a 3D extension of the 2D Hough transform to detect straight line segments in the point cloud. This extension helps detect tree branches and identify the one mainly responsible for the occlusion. Finally, we clear the occlusion by pushing the branch with the robot arm. Our method uses a combination of deep learning for fruit appearance estimation, classic image processing for push direction determination, and 3D Hough transform for branch detection. We validate our perception methods through real data under different lighting conditions and various types of fruits (i.e. apple, lemon, orange), achieving improved visibility and successful occlusion clearance. We demonstrate the practical application of our approach through a real robot branch pushing demonstration.",abstrak,E4 (hanya pemetikan atau manipulasi),N,,N,multi-observasi,,,,
90,3689,pan2022pear,2022,Pear Recognition in an Orchard from 3D Stereo Camera Datasets to Develop a Fruit Picking Mechanism Using Mask R-CNN,10.3390/s22114187,"In orchard fruit picking systems for pears, the challenge is to identify the full shape of the soft fruit to avoid injuries while using robotic or automatic picking systems. Advancements in computer vision have brought the potential to train for different shapes and sizes of fruit using deep learning algorithms. In this research, a fruit recognition method for robotic systems was developed to identify pears in a complex orchard environment using a 3D stereo camera combined with Mask Region-Convolutional Neural Networks (Mask R-CNN) deep learning technology to obtain targets. This experiment used 9054 RGBA original images (3018 original images and 6036 augmented images) to create a dataset divided into a training, validation, and testing sets. Furthermore, we collected the dataset under different lighting conditions at different times which were high-light (9–10 am) and low-light (6–7 pm) conditions at JST, Tokyo Time, August 2021 (summertime) to prepare training, validation, and test datasets at a ratio of 6:3:1. All the images were taken by a 3D stereo camera which included PERFORMANCE, QUALITY, and ULTRA models. We used the PERFORMANCE model to capture images to make the datasets; the camera on the left generated depth images and the camera on the right generated the original images. In this research, we also compared the performance of different types with the R-CNN model (Mask R-CNN and Faster R-CNN); the mean Average Precisions (mAP) of Mask R-CNN and Faster R-CNN were compared in the same datasets with the same ratio. Each epoch in Mask R-CNN was set at 500 steps with total 80 epochs. And Faster R-CNN was set at 40,000 steps for training. For the recognition of pears, the Mask R-CNN, had the mAPs of 95.22% for validation set and 99.45% was observed for the testing set. On the other hand, mAPs were observed 87.9% in the validation set and 87.52% in the testing set using Faster R-CNN. The different models using the same dataset had differences in performance in gathering clustered pears and individual pear situations. Mask R-CNN outperformed Faster R-CNN when the pears are densely clustered at the complex orchard. Therefore, the 3D stereo camera-based dataset combined with the Mask R-CNN vision algorithm had high accuracy in detecting the individual pears from gathered pears in a complex orchard environment.",abstrak,E4 (hanya pemetikan atau manipulasi),N,,N,,,,,
91,3704,li2022review,2022,A review on structural development and recognition–localization methods for end-effector of fruit–vegetable picking robots,10.1177/17298806221104906,"The excellent performance of fruit and vegetable picking robots is usually contributed by the reasonable structure of end-effector and recognition–localization methods with high accuracy. As a result, efforts are focused on two aspects, and diverse structures of end-effector, target recognition methods as well as their combinations are yielded continuously. A good understanding for the working principle, advantages, limitations, and the adaptability in respective fields is helpful to design picking robots. Therefore, depending on different grasping ways, separating methods, structures, materials, and driving modes, main characteristics existing in traditional schemes will be depicted firstly. According to technical routes, advantages, potential applications, and challenges, underactuated manipulators and soft manipulators representing future development are then summarized systematically. Secondly, partial recognition and localization methods are also demonstrated. Specifically, current recognition manners adopting the single-feature, multi-feature fusion and deep learning are explained in view of their advantages, limitations, and successful instances. In the field of 3D localization, active vision based on the structured light, laser scanning, time of flight, and radar is reflected through the respective applications. Also, another 3D localization method called passive vision is also evaluated by advantages, limitations, the degree of automation, reconstruction effects, and the application scenario, such as monocular vision, binocular vision, and multiocular vision. Finally portrayed from structural development, recognition, and localization methods, it is possible to develop future end-effectors for fruit and vegetable picking robots with superior characteristics containing the less driving element, rigid–flexible–bionic coupling soft manipulators, simple control program, high efficiency, low damage, low cost, high versatility, and high recognition accuracy in all-season picking tasks.",abstrak,E4 (hanya pemetikan atau manipulasi),N,,N,,,,,
92,3765,gong2022robotic,2022,Robotic harvesting of the occluded fruits with a precise shape and position reconstruction approach,10.1002/rob.22041,"Occlusion is one of the key factors affecting the success rate of vision‐based fruit‐picking robots. It is important to accurately locate and grasp the occluded fruit in field applications, However, there is yet no universal and effective solution. In this paper, a high‐precision estimation method of spatial geometric features of occluded targets based on deep learning and multisource images is presented, enabling the selective harvest robot to envision the whole target fruit as if its occlusions do not exist. First, RGB, depth and infrared images are acquired. And pixel‐level matched RGB‐D‐I fusion images are obtained by image registration. Second, aiming at the problem of detecting the occluded tomatoes in the greenhouse, an extended Mask‐RCNN network is designed to extract the target tomato. The target segmentation accuracy is improved by 7.6%. Then, for partially occluded tomatoes, a shape and position restoration method is used to recover the obscured tomato. This algorithm can extract tomato radius and centroid coordinates directly from the restored depth image. The mean Intersection over Union is 0.895, and the centroid position error is 0.62 mm for the occluded rate under 25% and the illuminance between 1 and 12 KLux. And hereby a dual‐arm robotic harvesting system is improved to achieve a picking time of 11 s per fruit, an average gripping accuracy of 8.21 mm, and an average picking success rate of 73.04%. The proposed approach realizes a high‐fidelity geometrics reconstruction instead of mere image style restoration, which endows the robot with the ability to see through obstacles in the field scenes and improves its operational success rate in its result.",abstrak,E4 (hanya pemetikan atau manipulasi),N,,N,multi-observasi,,,,
93,3826,li2021fast,2021,Fast detection and location of longan fruits using UAV images,10.1016/j.compag.2021.106465,"Abstract In agriculture, fruit picking robots on the ground have difficulty adapting to the terrain conditions of mountain orchards and cannot pick longan fruit from tall longan trees. In this paper, aiming to allow picking of longan fruit by unmanned aerial vehicles (UAVs), a deep learning-based scheme to quickly and accurately detect and locate suitable picking points on fruit branches is proposed. The scheme includes a UAV fuzzy image preprocessing method, longan detection based on a convolutional neural network (CNN), red, green, blue and depth (RGB-D) information fusion and an accurate target location strategy. First, the UAV is equipped with an Intel Realsense D455 camera, which collects longan images from the front for training and testing the model. Second, the lightweight MobileNet backbone network is used to improve the performance of the You Only Look Once version 4 (YOLOv4) model in feature extraction. The results for the test set show that compared with the classical feature pyramid network (FPN), YOLOv3 and YOLOv4 models, this model reduces the computation, parameters and detection time of the model. Compared with MobileNet single-shot multibox detector (MobileNet-SSD) and YOLOv4-tiny, this model exhibits improved detection accuracy. Third, according to the target detection result map, a strategy is formulated to accurately determine the suitable picking point on the main branch of the result. Finally, the performance of the improved model and picking platform in the harvest scene is evaluated by performing picking experiments in a longan orchard. In summary, we fully exploit the advantages of the combination of UAVs, RGB-D cameras and CNNs to improve the speed and accuracy of target detection and location for longan picking by UAVs based on vision.",abstrak,E4 (hanya pemetikan atau manipulasi),N,,N,,,,,
94,4116,lin2019guava,2019,Guava detection and pose estimation using a low-cost RGB-D sensor in the field,10.3390/s19020428,"Fruit detection in real outdoor conditions is necessary for automatic guava harvesting, and the branch-dependent pose of fruits is also crucial to guide a robot to approach and detach the target fruit without colliding with its mother branch. To conduct automatic, collision-free picking, this study investigates a fruit detection and pose estimation method by using a low-cost red–green–blue–depth (RGB-D) sensor. A state-of-the-art fully convolutional network is first deployed to segment the RGB image to output a fruit and branch binary map. Based on the fruit binary map and RGB-D depth image, Euclidean clustering is then applied to group the point cloud into a set of individual fruits. Next, a multiple three-dimensional (3D) line-segments detection method is developed to reconstruct the segmented branches. Finally, the 3D pose of the fruit is estimated using its center position and nearest branch information. A dataset was acquired in an outdoor orchard to evaluate the performance of the proposed method. Quantitative experiments showed that the precision and recall of guava fruit detection were 0.983 and 0.948, respectively; the 3D pose error was 23.43° ± 14.18°; and the execution time per fruit was 0.565 s. The results demonstrate that the developed method can be applied to a guava-harvesting robot.",abstrak,E4 (hanya pemetikan atau manipulasi),N,,N,multi-observasi,,,,
95,4834,ghonimy2026robotic,2026,"Robotic Fruit Harvesting Systems: Integration of Perception, Manipulation, and Detachment for Autonomous Harvesting",10.3390/agronomy16121127,"This review provides a comprehensive synthesis of robotic fruit harvesting systems, with a particular focus on the system-level integration of perception, manipulation, and fruit detachment within autonomous harvesting environments. Recent advances in machine vision, deep learning, sensor fusion, robotic end-effectors, grasping strategies, and motion planning are critically analyzed alongside cutting, pulling, and vibration-based detachment mechanisms under unstructured orchard conditions. Beyond component-level analysis, this review emphasizes the critical role of perception–action coupling and highlights key system integration challenges, including localization errors, perception-to-action latency, and environmental variability, which continue to limit reliable field deployment. In addition, orchard and pre-harvest-related factors such as canopy structure, fruit distribution, and detachment force variability are examined in relation to their direct impact on system performance, robustness, and harvesting efficiency. Furthermore, the review extends toward system-level considerations by incorporating performance evaluation metrics, economic feasibility, and scalability constraints, which are essential for transitioning robotic harvesting systems from experimental prototypes to commercially viable solutions, including practical field deployment in distributed and multi-robot harvesting systems. Emerging technologies, including artificial intelligence, advanced sensing, digital agriculture, and energy-aware system design, are discussed as key enablers for achieving adaptive, data-driven, and scalable autonomous harvesting. The novelty of this work lies in proposing an integrated framework that explicitly links perception, manipulation, and detachment with orchard-level constraints and deployment requirements, thereby bridging the gap between algorithmic advancements and real-world implementation of autonomous fruit harvesting systems.",abstrak,E4 (hanya pemetikan atau manipulasi),N,,N,,,,,
96,98,pradhan2026performance,2026,Performance Analysis of Various Machine Learning Techniques for Fruit Classification and Counting from Images,10.1201/9781779640772-7,"The concept of precision agriculture focuses on sustainability and optimal resource utilization. Computer vision is a field that enables a computer to understand and interpret the world through images and video. It has been extensively studied in various aspects of precision farming, including autonomous harvesting robots in plant phenotyping, harvesting, detection of plant pests and diseases, pricing, and more. Computer vision is being used to detect fruits and vegetables to deter-mine their three-dimensional position. It can also be used to detect plants, pests, diseases, and so forth. With the development of computer vision, such technologies have been widely adopted in the field of agricultural automation. In the future, technologies like computer vision and intelligent systems such as deep learning (DL) can be applied to each facet of agriculture.",abstrak,E5 (deteksi tanpa pencacahan atau evaluasi lain),N,,N,multi-observasi,,,,
97,125,singh2025robust,2025,Robust real-time strawberry maturity detection using UAV-mounted deep learning for precision agriculture,10.1186/s12870-025-07246-7,"To address the challenge of real-time plant monitoring in greenhouse environments, this industry-driven research focuses on developing an autonomous quadrotor UAV system specifically designed for monitoring strawberry plants. Traditional methods for greenhouse monitoring are labor-intensive and lack scalability, particularly in precision agriculture applications. This research introduces a mature strawberry detection model specifically designed for greenhouse environments. The proposed YOLOv9-GLEAN approach enables the identification of small mature strawberries through an onboard camera mounted on the quadrotor. Additionally, a hybrid trajectory tracking controller for the quadrotor is developed and tested in both simulated and real-world conditions. The UAV navigates through the greenhouse using predetermined waypoints, operating as a semi-autonomous system for navigation while maintaining full autonomy in mature strawberry detection tasks. The system incorporates an integrated onboard vision platform that utilizes an innovative YOLOv9-GLEAN-based algorithm to perform real-time and offline detection and counting of mature strawberries. The YOLOv9-GLEAN model achieves high detection accuracy, as confirmed by evaluation metrics such as precision, recall, and F1-score. The proposed hybrid (PID+LQR) controller demonstrates superior tracking performance compared to other conventional controllers. The integrated control and perception system proves effective in both simulated and real-world greenhouse environments. The research validates the efficacy of deep learning models, with YOLOv9-GLEAN showing exceptional performance in enabling rapid, precise, and automated detection of ripe strawberries through quadrotor deployment in greenhouse environments. Such agricultural monitoring technologies represent a substantial advancement beyond conventional manual inspection approaches, empowering farmers and greenhouse operators to execute well-informed, time-sensitive management decisions that minimize crop losses and optimize production yields. This investigation underscores the revolutionary impact that deep learning technologies can have within greenhouse agriculture.",abstrak,E5 (deteksi tanpa pencacahan atau evaluasi lain),N,,N,multi-observasi,,,,
98,215,azhellmee2025development,2025,Development of an inventory and mapping system for oil palm fresh fruit bunch,10.1088/1755-1315/1535/1/012024,"The oil palm industry plays an important role in Malaysia’s economic contributing significantly to national income and employment. However, challenges such as oil palm fruit theft can reduce profitability, particularly for smallholder and plantations. This study aims to develop an inventory system for oil palm fresh fruit bunch using GIS interactive web map that function for smallholder and big company. This study aims to develop a GIS integrated web-based inventory system for tracking oil palm fresh fruit bunch yields. This system was designed for smallholders and plantation companies, which provides interactive mapping and clickable features to enhance data visibility and detect potential instances of unnoticed theft. The platform was developed using Google Sites, integrates interactive mapping tools such as Mapbox to enable real-time monitoring and optimized yield prediction. The total population for this study was 25 respondents included all administration staff, located in Perak. The system provides features such as oil palm yield calculator, online map, inventory system and organization information. Based on the study, this system could improve transparency in harvest tracking and help identify discrepancies that may indicate unrecognized theft or loss. The implementation of this system presents a scalable solution for enhancing oil palm plantation efficiency and sustainably.",abstrak,E5 (deteksi tanpa pencacahan atau evaluasi lain),N,,N,sawit;multi-observasi,,,,
99,226,johnson2025agtech,2025,Agtech Framework for Cranberry-Ripening Analysis Using Vision Foundation Models,10.1109/wacv61041.2025.00125,"Agricultural domains are being transformed by recent advances in AI and computer vision that support quantitative visual evaluation. Using aerial and ground imaging over a time series, we develop a framework for characterizing the ripening process of cranberry crops, a crucial component for precision agriculture tasks such as comparing crop breeds (high-throughput phenotyping) and detecting disease. Using drone imaging, we capture images from 20 waypoints across multiple bogs, and using ground-based imaging (hand-held camera), we image same bog patch using fixed fiducial markers. Both imaging methods are repeated to gather a multi-week time series spanning the entire growing season. Aerial imaging provides multiple samples to compute a distribution of albedo values. Ground imaging enables tracking of individual berries for a detailed view of berry appearance changes. Using vision transformers (ViT) for feature detection after segmentation, we extract a high dimensional feature descriptor of berry appearance. Interpretability of appearance is critical for plant biologists and cranberry growers to support crop breeding decisions (e.g. comparison of berry varieties from breeding programs). For interpretability, we create a 2D manifold of cranberry appearance by using a UMAP dimensionality reduction on ViT features. This projection enables quantification of ripening paths and a useful metric of ripening rate. We demonstrate the comparison of four cranberry varieties based on our ripening assessments. This work is the first of its kind and has future impact for cranberries and for other crops including wine grapes, olives, blueberries, and maize. Aerial and ground datasets are made publicly available.",abstrak,E5 (deteksi tanpa pencacahan atau evaluasi lain),N,,N,multi-observasi,,,,
100,238,jiang2025yolov8,2025,"YOLOv8 vs. SSD for Apple Detection in Agriculture: Performance, Overlap Handling and Volume Estimation",10.1109/icicr65456.2025.00136,"Fruit recognition is of great significance for automated harvesting, monitoring, and counting in agriculture. This paper presents two apple recognition models based on YOLOv8 and Single Shot MultiBox Detector (SSD) algorithms respectively and compares their performance under identical conditions. We annotated an apple image dataset from the Beijing Society of Image and Graphics, trained both models on this dataset, and juxtaposed their loss curves. The accuracy of the two algorithms was calculated and compared, revealing performance variations in scenarios involving aspect ratio changes, target overlap, and small target detection. By evaluating multiple statistical accuracy metrics and recognition speed, we conclude that YOLOv8 outperforms SSD in most cases but lags behind SSD in handling aspect ratio alterations and overlapping targets. This paper briefly analyzes the factors underlying these disparities, providing insights for algorithmic improvements. Additionally, we derived a formula to estimate apple volume using camera parameters and field-of-view data. Our research enhances the efficiency and accuracy of apple detection, demonstrating the potential of deep learning in agricultural automation applications.",abstrak,E5 (deteksi tanpa pencacahan atau evaluasi lain),N,,N,,,,,
101,370,srinivasa2024enhancing,2024,Enhancing Orchard Cultivation Through Drone Technology and Deep Stream Algorithms in Precision Agriculture,10.14569/ijacsa.2024.0150877,"—The integration of cutting-edge technology in agriculture has revolutionized traditional farming practices, paving the way for Smart Agriculture. This research presents a novel approach to enhancing the cultivation of orchard crops by combining deep-stream algorithms with drone technology. Focusing on pomegranate farming, the study employs a drone system with four specialized cameras: thermal, optical RGB, multi-spectral, and LiDAR. These cameras facilitate comprehensive data collection and analysis throughout the crop growth cycle. The thermal camera monitors plant health, yield estimation, fertilizer management, and irrigation mapping. The optical RGB camera contributes to crop management by analyzing vegetation indices, assessing fruit quality, and detecting weeds. The multi-spectral and hyperspectral cameras enable early detection of crop diseases and assessment of damaged crops. LiDAR aids in understanding crop growth by measuring plant height, tracking phenology, and analyzing water flow patterns. The data collected is processed in real-time using Deep Stream algorithms on an NVIDIA Jetson GPU, providing predictive insights into key farming characteristics. Our model demonstrated superior performance compared to four established models— MDC, MLP, SVM, and ANFIS—achieving the highest accuracy (95%), sensitivity (94%), specificity (96%), and precision (91%). This integrated method offers a robust solution for precision agriculture, empowering farmers to optimize crop management, enhance productivity, and promote sustainable agriculture practices",abstrak,E5 (deteksi tanpa pencacahan atau evaluasi lain),N,,N,multi-observasi,,,,
102,472,zhang2023multi,2023,Multi-ripeness level blackberry detection using YOLOv7 for soft robotic harvesting,10.1117/12.2663367,"Blackberry crop production is an essential sector of high-value specialty crops. Blackberries are delicate and easy to be damaged during harvest process. Besides, the blackberries in an orchard are not ripe at the same time so that multiple passes of harvesting are often needed. Therefore, the production is highly labor intensive and could be addressed using robotic solutions while maintaining the post-harvest berry quality for desired profitability. To further empower the developed tendon-driven soft robotic gripper specifically designed for berries, this study aims at investigating a state-of-the-art deep-learning YOLOv7 for accurately detecting the blackberries at multi-ripeness level in field conditions. In-field blackberry localization is a challenging task since blackberries are small objects and differ in color due to various levels of ripeness. Furthermore, the outdoor light condition varies depending on the time of day/location. Our study focused on detecting in-field blackberries at multi-ripeness levels using the state-of-the-art YOLOv7 model. In total, 642 RGB images were acquired targeting the plant canopies in several commercial orchards in Arkansas. The images were augmented to increase the diversity of data set using various methods. There are mainly three ripeness levels of blackberries that can present simultaneously in individual plants, including ripe (in black color), ripening (in red color), and unripe berries (in green color). The differentiation of ripeness levels can help the system to specifically harvest the ripe berries, and to keep track of the ripening/unripe berries in preparation for the next harvesting pass. The aggregation of total number of berries at all ripeness levels can also help estimate the crop-load for growers. The YOLOv7 model with seven configurations and six variants were trained and validated with 431 and 129 images, respectively. Overall, results of the test set (82 images) showed that YOLOv7-base was the best configuration with mean average precision (mAP) of 91.4% and F1-score of 0.86. YOLOv7-base also achieved 94% of mAP and 0.93 of True Positives (TPs) for ripe berries, 91% and 0.88 for ripening berries, and 88% and 0.86 for unripe berries under the Intersection-over-Union (IoU) of 0.5. The inference speed for YOLOv7-base was 21.5 ms on average per image with 1,024x1,024 resolution.",abstrak,E5 (deteksi tanpa pencacahan atau evaluasi lain),N,,N,multi-observasi,,,,
103,479,chakraborty2023integrated,2023,An Integrated Framework for Smart Monitoring of Orange Orchard,10.1109/iementech60402.2023.10423538,"Oranges hold significant sway in the global food market, making the monitoring of their production a matter of utmost importance. Keeping track of the production procedure is the most important part of having a great yield of oranges. Through the integration of cloud computing, IoT, machine learning, and advanced image analysis techniques, we aim to streamline orange orchard management. Machine learning and computer vision have brought revolutionary changes to the agricultural sector, particularly in orchard monitoring. This paper introduces an integrated framework for orchard monitoring, focusing on real-time imaging of oranges, cloud-based storage, and the application of machine learning algorithms for automated monitoring and yield notifications to farmers. Additionally, we have conducted a comparative analysis of various machine learning models to evaluate their capacity to detect and count overlapped oranges within the dataset. Our proposed framework encompasses image capture, cloud storage, and machine learning analysis, providing farmers with invaluable insights into orange production. The comparative analysis delves into the merits and limitations of different machine learning models, including the K-means and Distance Least Square, Hough Transform, and YOLOv3, addressing the challenge of detecting overlapped oranges.",abstrak,E5 (deteksi tanpa pencacahan atau evaluasi lain),N,,N,multi-observasi,,,,
104,497,lu2022swin,2022,Swin-Transformer-YOLOv5 for Real-Time Wine Grape Bunch Detection,10.3390/rs14225853,"Precise canopy management is critical in vineyards for premium wine production because maximum crop load does not guarantee the best economic return for wine producers. The growers keep track of the number of grape bunches during the entire growing season for optimizing crop load per vine. Manual counting of grape bunches can be highly labor-intensive and error prone. Thus, an integrated, novel detection model, Swin-transformer-YOLOv5, was proposed for real-time wine grape bunch detection. The research was conducted on two varieties of Chardonnay and Merlot from July to September 2019. The performance of Swin-T-YOLOv5 was compared against commonly used detectors. All models were comprehensively tested under different conditions, including two weather conditions, two berry maturity stages, and three sunlight intensities. The proposed Swin-T-YOLOv5 outperformed others for grape bunch detection, with mean average precision (mAP) of up to 97% and F1-score of 0.89 on cloudy days. This mAP was ~44%, 18%, 14%, and 4% greater than Faster R-CNN, YOLOv3, YOLOv4, and YOLOv5, respectively. Swin-T-YOLOv5 achieved an R2 of 0.91 and RMSE of 2.4 (number of grape bunches) compared with the ground truth on Chardonnay. Swin-T-YOLOv5 can serve as a reliable digital tool to help growers perform precision canopy management in vineyards.",abstrak,E5 (deteksi tanpa pencacahan atau evaluasi lain),N,,N,multi-observasi,,,,
105,705,bresilla2019single,2019,Single-shot convolution neural networks for real-time fruit detection within the tree,10.3389/fpls.2019.00611,"Image/video processing for fruit detection in the tree using hard-coded feature extraction algorithms has shown high accuracy on fruit detection during recent years. While accurate, these approaches even with high-end hardware are still computationally intensive and too slow for real-time systems. This paper details the use of deep convolution neural networks architecture based on single-stage detectors. Using deep-learning techniques eliminates the need for hard-code specific features for specific fruit shapes, color and/or other attributes. This architecture takes the input image and divides into AxA grid, where A is a configurable hyper-parameter that defines the fineness of the grid. To each grid cell an image detection and localization algorithm is applied. Each of those cells is responsible to predict bounding boxes and confidence score for fruit (apple and pear in the case of this study) detected in that cell. We want this confidence score to be high if a fruit exists in a cell, otherwise to be zero, if no fruit is in the cell. More than 100 images of apple and pear trees were taken. Each tree image with approximately 50 fruits, that at the end resulted on more than 5000 images of apple and pear fruits each. Labeling images for training consisted on manually specifying the bounding boxes for fruits, where (x, y) are the center coordinates of the box and (w, h) are width and height. This architecture showed an accuracy of more than 90% fruit detection. Based on correlation between number of visible fruits, detected fruits on one frame and the real number of fruits on one tree, a model was created to accommodate this error rate. Processing speed is higher than 20 FPS which is fast enough for any grasping/harvesting robotic arm or other real-time applications. HIGHLIGHTS Using new convolutional deep learning techniques based on single-shot detectors to detect and count fruits (apple and pear) within the tree canopy.",abstrak,E5 (deteksi tanpa pencacahan atau evaluasi lain),N,,N,multi-observasi,,,,
106,709,kicherer2019phenoliner,2019,Phenoliner: A multi-sensor field phenotyping platform,10.17660/actahortic.2019.1248.37,"Because of the perennial nature and size of grapevine, the acquisition of phenotypic data is mostly restricted to the vineyard. The Phenoliner, presented here, is a new type of ground-based, robust, field phenotyping platform. Following the concept of a movable tunnel, the vehicle is based on a grape harvester. It is equipped with different sensor systems within the tunnel (multi-camera system, hyperspectral cameras) and on top of the vehicle (RTK-GPS, orientation and speed sensors). Through an artificial light source in the tunnel, it is independent of external light conditions. In combination with the artificial background, the Phenoliner allows standardized acquisition of high-quality, geo-referenced sensor data. The multi-camera system is used for the automated acquisition of coloured 3D data of multiple vine rows for the automated calculation of yield parameters that can be used for yield prediction. The hyperspectral cameras are used to detect spectral data in a broad range of spectral bands covering a spectrum from 400 to 2500 nm to evaluate, for example, the health status. The Phenoliner allows fast, robust, and precise screening of grapevines for several traits. The platform described can be extended by additional sensors at any given time.",abstrak,E5 (deteksi tanpa pencacahan atau evaluasi lain),N,,N,,,,,
107,1185,assuncao2022peaches,2022,"Peaches Detection Using a Deep Learning Technique—A Contribution to Yield Estimation, Resources Management, and Circular Economy",10.3390/cli10020011,"Fruit detection is crucial for yield estimation and fruit picking system performance. Many state-of-the-art methods for fruit detection use convolutional neural networks (CNNs). This paper presents the results for peach detection by applying a faster R-CNN framework in images captured from an outdoor orchard. Although this method has been used in other studies to detect fruits, there is no research on peaches. Since the fruit colors, sizes, shapes, tree branches, fruit bunches, and distributions in trees are particular, the development of a fruit detection procedure is specific. The results show great potential in using this method to detect this type of fruit. A detection accuracy of 0.90 using the metric average precision (AP) was achieved for fruit detection. Precision agriculture applications, such as deep neural networks (DNNs), as proposed in this paper, can help to mitigate climate change, due to horticultural activities by accurate product prediction, leading to improved resource management (e.g., irrigation water, nutrients, herbicides, pesticides), and helping to reduce food loss and waste via improved agricultural activity scheduling.",abstrak,E5 (deteksi tanpa pencacahan atau evaluasi lain),N,,N,,,,,
108,1196,bini2022evaluating,2022,Evaluating YOLOv5 Deep Learning Models for the Detection of Tomato Berries for Crop Yield Estimation,10.3233/faia220049,"A major advantage of harvesting robots is automatic fruit detection. Fruit recognition is difficult due to complex environmental variables such as lighting change, branch and leaf occlusion, and tomato overlap. Based on YOLOv5, an enhanced tomato detection model dubbed Tomato-YOLO is provided in this study to address these issues. YOLOv5 has a dense architecture, which makes it easier to reuse features and develop a more concise and accurate model. Furthermore, for tomato localisation, the model uses a rectangle bounding box. The bounding boxes can then more accurately match the tomatoes, improving the Non-Maximum Suppression Intersection-over-Union (IoU) calculation (NMS). They also reduce the size of the prediction coordinates. This will afford for more advancements in edge deep learning models for in situ and real-time visual tomato detection, which is necessary for harvesting robot development. The effectiveness of these alterations was demonstrated in an excision research. The research demonstrated that the system can distinguish green and reddish tomatoes, even when they are shrouded by leaves. With the NVIDIA GEFORCE GTX Architecture platform, Tomato-YOLO had the best performance, with an F1-score of 66.15 percent, a mAP of 52.26 percent, and an inference time of 16.14 ms.",abstrak,E5 (deteksi tanpa pencacahan atau evaluasi lain),N,,N,,,,,
109,1250,zhou2020real,2020,Real-time kiwifruit detection in orchard using deep learning on Android™ smartphones for yield estimation,10.1016/j.compag.2020.105856,"Abstract Fast and accurate detection of kiwifruit in orchard under natural environment is the primary technology for yield estimation. Deep learning has become a prevalent way of fruit detection and achieved outstanding results. Besides, easy-carry smartphones are getting popular and powerful. In this paper, single shot multibox detector (SSD) with two lightweight backbones MobileNetV2 and InceptionV3 were employed to develop an Android APP named KiwiDetector for field kiwifruit detection. An 8-bit quantization method was used to compress model size and improve detection speed by quantizing weight tensor and activation function data of convolutional neural networks from 32-bit floating point to 8-bit integer. Detection test was performed on 100 selected kiwifruit field images with resolution of 3,968 × 2,976 pixels using the four models on a HUAWEI P20 smartphone. Results showed that MobileNetV2, quantized MobileNetV2, InceptionV3, and quantized InceptionV3 obtained true detected rate (TDR) of 90.8%, 89.7%, 87.6%, and 72.8%, respectively. The TDR of MobileNetV2 and quantized MobileNetV2 was generally consistent and higher than InceptionV3 and quantized InceptionV3. For processing an image on the smartphone, MobileNetV2, quantized MobileNetV2, InceptionV3, and quantized InceptionV3 took about 163 ms, 103 ms, 1085 ms, and 685 ms with model sizes of 17.5 MB, 4.5 MB, 96.1 MB, and 24.1 MB, respectively. Quantized MobileNetV2 reached a significant TDR with the fastest detection speed and the smallest model size. The results indicated that the proposed Android APP is promising for yield estimation.",abstrak,E5 (deteksi tanpa pencacahan atau evaluasi lain),N,,N,,,,,
110,1327,riggio2018low,2018,A Low-Cost Navigation Strategy for Yield Estimation in Vineyards,10.1109/icra.2018.8462839,"Accurate yield estimation is very important for improving the vineyard management, the quality of the grapes and the health of the vines. The most common systems use RGB image processing for achieving a good estimation. In order to collect images, robots or farming vehicles can be equipped with a RGB camera. In this paper, we propose a low-cost autonomous system which can navigate through a vineyard while collecting grape pictures in order to provide a yield estimation. Our system uses only a laser scanner to detect the row and follows it until its end, then it navigates towards the next one, exploiting the knowledge of the vineyard. The navigation algorithm was tested both in simulation and in a real environment with good results. Furthermore, a yield estimation of two different grape varieties is presented.",abstrak,E5 (deteksi tanpa pencacahan atau evaluasi lain),N,,N,,,,,
111,1550,puttinaovarat2025innovative,2025,Innovative Flood Impact Monitoring and Harvest Analysis in Oil Palm Plantations Utilizing Geographic Information Systems and Deep Learning,10.3390/agriengineering7020044,"Floods, as a form of disaster, significantly affect individuals and farmers in impacted areas, particularly through crop damage and the inability to harvest due to prolonged and extensive flooding. Among the most severely affected agricultural sectors are oil palm plantations, which regularly experience such disruptions annually. Current methods of assistance and relief during flooding rely on field surveys conducted manually by personnel, a process constrained by its time-intensive nature. Moreover, existing applications or platforms do not support the classification and inspection of oil palm plantations affected by floods during harvesting. This research aims to develop a method and application for inspecting oil palm plantations impacted by floods during harvesting. The approach utilizes deep learning and geographic information systems (GIS) to classify and analyze flood-affected areas and determine the ripeness of oil palm bunches on trees, enabling accurate and rapid identification of flood-affected areas. The study results demonstrate that the proposed method achieves a flood classification accuracy ranging from 96.80% to 98.29% and ripeness classification accuracy for oil palm bunches on trees ranging from 97.60% to 99.75%. These findings indicate that the proposed model effectively and efficiently monitors flood-affected areas. Additionally, the developed application serves as a valuable tool for flood management, facilitating timely assistance and relief for farmers impacted by flooding.",abstrak,E5 (deteksi tanpa pencacahan atau evaluasi lain),N,,N,sawit,,,,
112,1807,sunggara2023fault,2023,Fault Detection of Oil Palm Harvesting Using Yolo V4,10.1109/iccosite57641.2023.10127674,"Oil palm is one of the most important vegetable oil-producing plants. Currently, oil palm grows as a wild (forest), semi-wild, and cultivated plant that has spread to many countries with tropical climates, even near subtropical Asia, South America, and Africa. The purpose of this research is to classify detection errors in the oil palm harvesting process. And in this case, also training in choosing the right position when harvesting oil palm. In testing the detection of errors in the process of harvesting oil palm using 1000 data. Variations in training and testing data are 50 and 100. In the tests carried out, it can be said that the palm oil detection test using data with a multiple of 50 produces the highest mAP value of 100%, namely on the 50th to 450th data test. Then the results of testing the safety detection of oil palm harvesting at multiples of 100 have the highest mAP results of 97% which is in the test data of 300. The results of false and true motion detection tests to detect movements of oil palm harvesting with multiples of 50 have produced a 100% map. This proves that the Yolo method can be applied in the field of maintaining security in the process of harvesting oil palm.",abstrak,E5 (deteksi tanpa pencacahan atau evaluasi lain),N,,N,sawit,,,,
113,2495,cui2026yolo12,2026,YOLO12-SDS: an enhanced lightweight model for accurate and real-time fig maturity detection,10.3389/fpls.2026.1957188,"The contents of active ingredients such as isoprenyl phenols and the quality of figs are significantly regulated by ripeness. Accurate ripeness grading is critical for quality improvement and efficiency enhancement in the fig industry. However, existing detection methods suffer from poor environmental adaptability and excessive model redundancy, failing to simultaneously satisfy the requirements of high-precision, lightweight and real-time detection. To address the above limitations, this study takes YOLO12n as the baseline model and proposes a lightweight detection model named YOLO12-SDS for fig ripeness grading. Structurally, three customized modules are integrated into the proposed model. The SPDSPPF module adopts spatial rearrangement and multi-scale pooling fusion to strengthen the retention of small-object details and high-level feature extraction capability. The DySample module employs the PL-based learnable upsampling strategy to restore fruit contour, color and texture information with superior performance. The SCSA module leverages the collaborative spatial-channel attention mechanism to highlight critical ripeness-related features and suppress interference from complex backgrounds. Experimental results on the fig dataset demonstrate that compared with the original YOLO12n model, YOLO12-SDS achieves performance improvements of 2.1, 6.6, 4.8 and 1.0 percentage points in Precision, Recall, mAP@50 and mAP@50:95, respectively. The proposed model has a parameter count of 2.74 M, a computational cost of 6.0 GFLOPs and an inference speed of 115.6 FPS. Embedded deployment and testing are completed on the CUBE NANO platform. This study provides a technical solution with high precision, strong real-time performance and favorable deployment adaptability for fig ripeness grading in greenhouse facilities, which possesses great practical application value and broad promotion prospects.",abstrak,E5 (deteksi tanpa pencacahan atau evaluasi lain),N,,N,,,,,
114,2498,li2026seeing,2026,Seeing the Unseen: RCPNet’s Dual Strategy for Occluded and Similar-Color Sweet Persimmon Detection in Dense Canopies,10.3390/plants15162490,"In complex orchard environments, sweet persimmons tend to grow in dense clusters and display similar coloration across different maturity stages, leading to heavy occlusion and poor inter-class color discriminability. To address these challenges, this paper presents RCPNet, a detection network tailored for such field conditions. The model integrates a Rectangular Self-Calibration Module (RCM) and a Context Feature Calibration Gating (CFCG) module. RCM strengthens axial context capture, while CFCG improves feature calibration; together they reduce local feature ambiguity and help reconstruct missing information in occluded regions. For distinguishing fruits at different ripening stages that share similar colors, a Parallelized Patch-aware Attention (PPA) detection head is adopted. By leveraging self-attention and multi-branch strategies, this head suppresses feature degradation and notably enhances sensitivity to color contrast. Experiments on sweet persimmon images show that RCPNet improves mean Average Precision (mAP) by 2.7 percentage points and mAP@0.5:0.95 by 3.7 percentage points over the baseline, reaching 93.6% detection accuracy for immature fruits. Ablation studies and comparisons with mainstream detectors indicate that the proposed model, though slightly heavier than lightweight detectors of analogous capacity, surpasses the accuracy of a larger small-scale counterpart and exhibits satisfactory robustness. Strong performance on a self-collected flat jujube dataset further confirms its generalization ability. The method delivers highly accurate detection for occluded and near-color fruits, providing technical support for precise fruit recognition and automated picking.",abstrak,E5 (deteksi tanpa pencacahan atau evaluasi lain),N,,N,,,,,
115,2499,lu2026cice,2026,CICE-YOLO: An improved YOLO-based network for tomato ripeness detection in Greenhouse,10.1016/j.atech.2026.101973,"Accurate and efficient tomato ripeness detection is essential for automated harvesting and yield estimation in greenhouse environments. However, this task remains challenging due to three main factors: complex illumination conditions in greenhouse scenarios lead to noticeable color variation, clustered growth results in fruit occlusion, and high-accuracy models often fail to meet real-time requirements. To address these issues, the study proposes a high-performance detection model, CICE-YOLO, introduces four innovations. First, we introduce a Color Shift Estimation-and-Correction (CSEC) module to generate pseudo-normal exposure feature maps and separately estimate color deviations in bright and dark regions, thereby mitigating color distortion caused by illumination variations. Second, the YOLOv10n backbone is changed to integrate the Cross-stage Heterogeneous (CHet) module with heterogeneous convolutions to enhance fruit feature extraction. Third, an Improved Bidirectional Feature Pyramid Network (IBiFPN) with learnable fusion weights is adopted to achieve adaptive multi-scale feature aggregation, improving the detection of occluded and partially visible fruits. Finally, the CICE-YOLO detection head relies on the Efficient Intersection over Union (EIoU) loss to decouple width and height errors for more accurate bounding-box regression. Experiments conducted on a self-built dataset containing supplemental nighttime lighting, occlusion, forward lighting, and backlighting scenarios demonstrate that CICE-YOLO achieves an mAP50 of 85.9%, showing a 4.2 percentage points improvement over the baseline. The model size is 6.2 MB, and the inference time per image after offline illumination correction is 15.1 ms, which meets the real-time detection requirements. Furthermore, evaluations on a yellow-tomato dataset confirm the model robustness ability of the proposed method.",abstrak,E5 (deteksi tanpa pencacahan atau evaluasi lain),N,,N,,,,,
116,2501,carella2026large,2026,"Large-scale orange fruit dataset for localization, classification and ripening assessment under varying environments",10.1016/j.compag.2026.111833,"The presented dataset is a large-scale on-field orange image collection designed for fruit detection, classification, and ripening assessment in real-world orchard environments. It includes 5025 images captured under diverse weather, lighting conditions, and ripening stages. Images were collected using different smartphone cameras and preprocessed through a custom cropping algorithm to optimize annotation efficiency. The dataset was labeled using a semi-automated approach, combining YOLO-based pre-annotations refined manually in Roboflow. Annotation quality was further improved through a CLIP-based verification process to filter incorrect labels. The dataset is released with both YOLO and COCO annotations, enabling compatibility with multiple object detection frameworks. Additionally, a benchmark evaluation was conducted using state-of-the-art models, including YOLO (v5, v8, v10, v11) and RT-DETR, assessed via standard precision, recall, and F1-score metrics. Results showed that recent YOLO models (YOLOv10 and YOLOv11) achieved high detection performance, with mAP@0.5 values close to 0.892, and consistently outperform RT-DETR baselines (mAP@0.5 = 0.851) in terms of precision and inference speed. In this context, the structured design and high environmental diversity of the proposed dataset make it a valuable resource for developing and evaluating computer vision solutions in precision agriculture, including fruit ripening assessment, yield estimation, and automated harvesting.",abstrak,E5 (deteksi tanpa pencacahan atau evaluasi lain),N,,N,,,,,
117,2502,mu2026comparative,2026,A Comparative Benchmark of Real-Time Detectors for Canopy Image-Based Blueberry Detection Toward Precision Orchard Management,10.3390/s26144373,"Highlights What are the main findings? A large-scale blueberry detection dataset was curated with 661 canopy images and 85,879 annotated instances collected under diverse orchard conditions. A comprehensive benchmark of 36 real-time detectors from the YOLO (v8–v12) and RT-DETR (v1–v2) families was conducted for field-based fruit detection. What are the implications of the main findings? RT-DETRv2-X achieved the highest baseline accuracy (mAP@50 = 93.6%), while YOLOv12m delivered competitive performance (mAP@50 = 93.3%) with favorable speed–accuracy trade-offs. Semi-supervised learning using Unbiased Mean Teacher and 1644 cross-source unlabeled images improved detection accuracy by up to 2.0%, reaching 95.5% mAP@50. The publicly released dataset and software provide a practical benchmark to support AI-driven harvest maturity assessment and yield estimation in blueberry orchards. Abstract Computer vision with artificial intelligence (AI) offers a promising tool for blueberry growers to accomplish orchard tasks such as harvest maturity assessment and yield estimation, which otherwise would be labor-intensive and prone to error. However, blueberry detection in natural environments remains challenging due to variable natural lighting, frequent occlusions by leaves and branches, and motion blur due to environmental factors and imaging devices. AI models such as deep learning-based object detectors promise to address these challenges, but they are data-driven, demanding a large-scale, diverse dataset that captures the complexities of real-world orchard conditions. Deployment of these models in practical scenarios often faces limited computing resources, highlighting the importance of achieving the right accuracy/speed/memory trade-off in model selection. This study presents a novel comparative benchmark analysis of advanced real-time object detectors, including YOLO (You Only Look Once) (v8–v12) and RT-DETR (Real-Time Detection Transformers) (v1–v2) families, consisting of 36 model variants, evaluated on a newly curated large dataset for blueberry detection. This dataset contained 661 canopy images collected with smartphones during the 2022–2023 seasons, consisting of 85,879 manually annotated instances (including 36,256 ripe and 49,623 unripe blueberries) that represent a broad range of lighting conditions, occlusions, and fruit maturity stages. Among the YOLO models, YOLOv12m achieved the best accuracy with a mAP@50 of 93.3%, while RT-DETRv2-X obtained a mAP@50 of 93.6%, the highest among all RT-DETR variants. The inference time varied with the model scale and complexity, and the mid-sized models appeared to offer a good balance between accuracy and speed. To further improve fruit detection performance, all models were fine-tuned using Unbiased Mean Teacher-based semi-supervised learning (SSL) with 1644 cross-source unlabeled canopy images acquired from ground-based machine vision platforms. SSL resulted in accuracy improvements of up to 2.0%, with RT-DETR-v2-X achieving the highest mAP@50 of 95.5%. These findings highlight the efficacy of SSL for leveraging cross-domain unlabeled data, although further research is needed to fully exploit its benefits. The curated dataset and developed software programs are publicly available to facilitate further research and practical deployment.",abstrak,E5 (deteksi tanpa pencacahan atau evaluasi lain),N,,N,,,,,
118,2508,chu2026embedding,2026,Embedding of ripening topology into one-stage detection for tomato cluster phenotyping,10.1631/jzus.b2500647,"The automated assessment of tomato ripeness is vital for modern greenhouse operations, yet challenges remain due to variable environmental conditions. To provide a solution, we propose rank-aware You Only Look Once (YOLO), a novel detection framework that incorporates the biological prior of top-to-bottom ripening within fruit clusters. This is achieved through two key innovations: an efficient position-aware head for regressing relative height for fruits and a dynamic margin-aware ranking loss (DM-RankLoss) that enforces the correct spatial sequence. Evaluated on a 3500-image dataset from a solar greenhouse, our plug-and-play module could boost the mean average precision (mAP) at intersection over union (IoU) threshold of 0.50 (mAP50) of multiple YOLO architectures by up to 5.66 pecentage points. The model effectively learns the cluster topology, achieving a height-mean absolute error (H-MAE) of 0.107 (normalized) and a pairwise ranking accuracy (PRA) of 84.59%, while it reduces the parameter count by over 10% compared to the baseline for efficient deployment. Visualizations confirm that the model leverages spatial context to resolve color ambiguities. Our work offers a sensor-free, accurate, and efficient solution for in situ phenotyping in agricultural robotics.",abstrak,E5 (deteksi tanpa pencacahan atau evaluasi lain),N,,N,,,,,
119,2512,sudha2026robust,2026,Robust deep learning based fruit recognition system for autonomous harvesting system in complex cashew orchards,10.1016/j.atech.2025.101769,"Deep Learning algorithms have recently exhibited enhanced efficiency in addressing challenging complex computer vision problems particularly in agricultural automation. Cashew fruit identification in complex orchard environments is a crucial task for intelligent orchard management, robotic harvesting, and automated yield estimation in precision agriculture. To accomplish swift and accurate Cashew fruit identification amidst intricate environmental conditions, this research suggests a fruit detection technique utilizing Deep Learning algorithms. This research introduces an effective algorithm for Cashew fruit detection built on the Single Shot MultiBox Detector (SSD) with a MobileNetV2 backbone, enhanced by a streamlined Feature Pyramid Network (FPN-Lite). This combination results in a deep neural network that is both computationally efficient and high-performing, making it ideal for use in mobile and embedded vision settings. To minimize computational load while preserving feature representation, MobileNetV2 utilizes depth wise separable convolutions along with inverted residual blocks. Meanwhile, the FPN-Lite component allows for the integration of multi-scale features, which enhances detection accuracy for objects of different sizes. The proposed SSD MobileNetV2-FPNLite design is especially effective for real-time detection in agriculture, even under resource-constrained conditions, because the SSD architecture supports comprehensive object detection by enabling simultaneous classification and localisation within a single forward pass. Under a variety of difficult orchard conditions, the suggested model was trained to correctly identify cashew apples at three phases of maturity: immature, unripe, and ripe. With an average inference time of 8 seconds per high-resolution image, the system attained a mean detection accuracy of 92.26%. The model successfully identifies a variety of cashew fruit colours, such as red, yellow, and mixtures of these colours. Additionally, the system quickly and accurately recognises various phases of maturity with a high recognition rate and can identify individual cashew fruit within clusters, which helps the harvesting robot with its ongoing fruit plucking process and makes yield estimation easier. In general, this paper tackles several important issues related to fruit identification and localisation in intricate orchard settings.",abstrak,E5 (deteksi tanpa pencacahan atau evaluasi lain),N,,N,,,,,
120,2518,liu2026yolov8n,2026,YOLOv8n-SLW: A Lightweight Ripe Yellow Peach Detection Algorithm,10.1002/cpe.70460,"Accurate and efficient detection of maturity‐stage yellow peach is critical for advancing automated harvesting robotics. However, studies on yellow peach detection remain insufficient, with most efforts focused on detecting unripe yellow peach. To address this research gap in agricultural vision systems, a novel lightweight ripe yellow peach detection algorithm based on architectural optimizations of YOLOv8n is proposed to meet the real‐time detection requirements of automated harvesting robots. First, a lightweight attention mechanism module, SimAM (Simple Attention Mechanism), was integrated into the backbone of YOLOv8n to enhance the model's ability to extract features of ripe yellow peach. Subsequently, all standard convolutional layers in the backbone were replaced with LDConv (Linear Deformable Convolution), which accommodates the geometric deformations of ripe yellow peach and reduces the model's parameter count. Finally, the original loss function was substituted with WIoUv3 (Wise Intersection over Union version 3). Through a dynamic non‐monotonic focusing mechanism, the model's generalization performance and detection localization accuracy are improved. Experimental results on the self‐built ripe yellow peach dataset indicated that the mean Average Precision (mAP) and recall of 95.49% and 90.56% were achieved, respectively, which were 4.09 and 2.00 percentage points higher than the baseline model. Compared to other mainstream lightweight models, the highest mean average precision was attained by this model, with only 2.62 M parameters and 7.51G FLOPs (floating‐point operations), and achieved a maximum FPS of 92.7. Efficient performance was demonstrated by YOLOv8n‐SLW, which could provide a reliable technical foundation for the detection system of yellow peach picking robots.",abstrak,E5 (deteksi tanpa pencacahan atau evaluasi lain),N,,N,,,,,
121,2521,li2026blueberry,2026,Blueberry Maturity Detection in Natural Orchard Environments Using an Improved YOLOv11n Network,10.3390/agriculture16010060,"To meet the growing demand for automated blueberry harvesting in smart agriculture, this study proposes an improved lightweight detection network, termed M-YOLOv11n, for fast and accurate blueberry maturity detection in complex natural environments. The proposed model enhances feature representation through an improved lightweight multi-scale design, enabling more effective extraction of fruit features under complex orchard conditions. In addition, attention-based feature refinement is incorporated to emphasize discriminative ripeness-related cues while suppressing background interference. These design choices improve robustness to scale variation and occlusion, addressing the limitations of conventional lightweight detectors in detecting small and partially occluded fruits. By incorporating MsBlock and the attention mechanism, M-YOLOv11n achieves improved detection accuracy without significantly increasing computational cost. Experimental results demonstrate that the proposed model attains 97.0% mAP50 on the validation set and maintains robust performance under challenging conditions such as occlusion and varying illumination, achieving 96.5% mAP50. With an inference speed of 176.6 FPS, the model satisfies both accuracy and real-time requirements for blueberry maturity detection. Compared with YOLOv11n, M-YOLOv11n increases the parameter count only marginally from 2.60 M to 2.61 M, while maintaining high inference efficiency. These results indicate that the proposed method is suitable for real-time deployment on embedded vision systems in smart agricultural harvesting robots and supports early yield estimation in complex field environments.",abstrak,E5 (deteksi tanpa pencacahan atau evaluasi lain),N,,N,,,,,
122,2524,shao2026device,2026,From on-device vision to assisted harvesting: A lightweight real-time ripeness evaluation system for truss-harvested cherry tomatoes on augmented reality glasses,10.1016/j.aiia.2026.08.003,"The transition from experience-driven manual harvesting to data-driven intelligent management represents a pivotal shift in modern facility agriculture. However, the widespread adoption of fully autonomous systems remains constrained by the environmental complexity of greenhouses and the high cost of agricultural robotics. Focusing on the practical challenges of truss-harvested tomato production, this study proposes an augmented reality (AR)-assisted real-time maturity assessment and in-situ decision-support system that bridges manual labor and intelligent automation through human–machine collaboration. At the core of the system is DGTruss-YOLO, an improved lightweight YOLOv11 model tailored for resource-constrained wearable devices. The architecture integrates a Spatial–Channel Reconstruction Convolution (ScConv) module to suppress spatial and channel-wise feature redundancy, and a Multi-scale Feature Modulation-based Auxiliary Feature Pyramid Network (MFM-MAFPN) to jointly capture fine-grained individual fruit textures and the global structural characteristics of tomato trusses. To ensure seamless edge deployment, a simplified standard convolution-based Efficient_Detect head is employed to enhance hardware compatibility and inference efficiency on AR smart glasses. Furthermore, a practical weighted grading strategy is introduced to map fruit-level recognition results to a five-grade (A-E) truss maturity index, aligning visual perception outcomes with practical harvesting requirements. Experimental results demonstrate that the optimized model reduces parameter count and computational complexity by 11.07% and 12.70%, respectively, compared to the baseline YOLOv11, while maintaining a stable real-time inference speed of 15–20 FPS on AR smart glasses. The proposed system achieves a truss-level maturity assessment accuracy of 95.26% with 100% adjacent-tolerance accuracy, providing a consistent model-based truss-level maturity assessment to support harvesting decisions in complex greenhouse environments. By providing intuitive, hands-free, and in-situ visual guidance, this work establishes a practical technical pipeline for human–machine collaborative harvesting and offers a practical reference for deploying edge-side deep learning solutions in sustainable and intelligent agricultural production.",abstrak,E5 (deteksi tanpa pencacahan atau evaluasi lain),N,,N,,,,,
123,2545,gao2025yolov8n,2025,YOLOv8n-FDE: An Efficient and Lightweight Model for Tomato Maturity Detection,10.3390/agronomy15081899,"To address the challenges of tomato maturity detection in natural environments—such as interference from complex backgrounds and the difficulty in distinguishing adjacent fruits with similar maturity levels—this study proposes a lightweight tomato maturity detection model, YOLOv8n-FDE. Four maturity stages are defined: mature, turning-mature, color-changing, and immature. The model incorporates a newly designed C3-FNet feature extraction and fusion module to enhance target feature representation, and integrates the DySample operator to improve adaptability under complex conditions. Furthermore, the detection head is optimized as the parameter-sharing lightweight detection head (PSLD), which boosts the accuracy of multi-scale tomato fruit feature prediction and precisely focuses on tomato color characteristics. A novel PIoUv2 loss function is also introduced to further improve localization performance and accelerate convergence. Experimental results demonstrate that the improved YOLOv8n-FDE model achieves a parameter count of 1.56 × 106, computational complexity of 4.5 GFLOPs, and a model size of 3.20 MB. The model attains an mAP@0.5 of 97.6%, representing reductions of 46%, 21%, and 60% in parameter count, computation, and size, respectively, compared to YOLOv8n, with a 1.8 percentage point increase in mAP@0.5. This study significantly reduces model complexity and improves the accuracy of tomato maturity detection, providing a more robust data foundation for subsequent orchard yield prediction.",abstrak,E5 (deteksi tanpa pencacahan atau evaluasi lain),N,,N,,,,,
124,2549,zhao2025intelligent,2025,Intelligent Detection of Tomato Ripening in Natural Environments Using YOLO-DGS,10.3390/s25092664,"To achieve accurate detection of tomato fruit maturity and enable automated harvesting in natural environments, this paper presents a more lightweight and efficient maturity detection algorithm, YOLO-DGS, addressing the challenges of subtle maturity differences between regular and cherry tomatoes, as well as fruit occlusion. First, to enhance feature extraction at various levels of abstraction in the input data, this paper proposes a novel segment-wise convolution module, C2f-GB. This module performs convolution in stages on the feature map, generating more feature maps with fewer parameters and computational resources, thereby improving the model’s feature extraction capability while reducing parameter count and computational cost. Next, based on the YOLO v10 algorithm, this paper removes redundant detection layers to enhance the model’s ability to capture specific features and further reduce the number of parameters. This paper then integrates a bidirectional feature pyramid network (BiFPN) into the neck network to improve feature capture across different scales, enhancing the model’s ability to handle objects of varying sizes and complexities. Finally, we introduce a novel channel attention mechanism that allows the network to dynamically adjust its focus on channels, efficiently utilizing available information. Experimental results demonstrate that the improved YOLO-DGS model achieves a 2.6% increase in F1 score, 2.1% in recall, 2% in mAP50, and 1% in mAP50-95. Additionally, inference speed is improved by 12.5%, and the number of parameters is reduced by 26.3%. Compared to current mainstream lightweight object detection models, YOLO-DGS outperforms them, offering an efficient solution for the tomato harvesting robot vision system in natural environments.",abstrak,E5 (deteksi tanpa pencacahan atau evaluasi lain),N,,N,,,,,
125,2558,gao2025yolov8nb,2025,YOLOv8n-CA: Improved YOLOv8n Model for Tomato Fruit Recognition at Different Stages of Ripeness,10.3390/agronomy15010188,"This study addresses the challenges of tomato maturity recognition in natural environments, such as occlusion caused by branches and leaves, and the difficulty in detecting stacked fruits. To overcome these issues, we propose a novel YOLOv8n-CA method for tomato maturity recognition, which defines four maturity stages: unripe, turning color, turning ripe, and fully ripe. The model is based on the YOLOv8n architecture, incorporating the coordinate attention (CA) mechanism into the backbone network to enhance the model’s ability to capture and express features of the tomato fruits. Additionally, the C2f-FN structure was utilized in both the backbone and neck networks to strengthen the model’s capacity to extract maturity-related features. The CARAFE up-sampling operator was integrated to expand the receptive field for improved feature fusion. Finally, the SIoU loss function was used to solve the problem of insufficient CIoU of the original loss function. Experimental results showed that the YOLOv8n-CA model had a parameter count of only 2.45 × 106, computational complexity of 6.9 GFLOPs, and a weight file size of just 4.90 MB. The model achieved a mean average precision (mAP) of 97.3%. Compared to the YOLOv8n model, it reduced the model size slightly while improving accuracy by 1.3 percentage points. When compared to seven other models—Faster R-CNN, YOLOv3s, YOLOv5s, YOLOv5m, YOLOv7, YOLOv8n, YOLOv10s, and YOLOv11n—the YOLOv8n-CA model was the smallest in size and demonstrated superior detection performance.",abstrak,E5 (deteksi tanpa pencacahan atau evaluasi lain),N,,N,,,,,
126,2561,senturk2025integrating,2025,Integrating Advanced Attention Mechanisms into YOLO11 for Accurate Blueberry Fruit Detection,10.1109/siu66497.2025.11112019,"The accurate detection of blueberries across varying ripeness stages is pivotal for orchard management, yield estimation, and automated harvesting. However, natural orchard conditions featuring complex backgrounds, variable illumination, and extensive occlusion remain challenging for object detection algorithms. This study presents an enhanced version of YOLO11 that incorporates two advanced attention mechanisms, Efficient Channel Attention (ECA) and ResBlock + Convolutional Block Attention Mechanism (CBAM), to improve the detection accuracy for three classes of blueberry maturity (fully ripe, half-ripe, and unripe). We trained and validated a dataset of 8000 images (6000 for training and 2000 for testing) captured under normal daylight orchard environments, yielding 141312 bounding boxes (17.7 per image) annotated blueberry instances. The experimental results demonstrate that both attention modules significantly boost precision and recall, particularly in partial occlusion and variable lighting scenarios. The ResBlock+CBAM variant achieved a slight edge in the mean average precision (mAP) at a modest computational overhead, whereas the ECA-based network retained faster inference. Thorough studies confirmed the benefits of advanced augmentation (mosaic, mixup) and each attention module on orchard-based feature extraction. Our proposed architectures provide practical solutions for large-scale orchard deployment, contributing to efficient automated fruit management and harvesting.",abstrak,E5 (deteksi tanpa pencacahan atau evaluasi lain),N,,N,,,,,
127,2566,wang2025scs,2025,SCS-YOLO: A Lightweight Embedded DeepLearning Method for Tomato Fruit Maturity Detection Based on YOLOv11,10.1109/icmlca66850.2025.11336473,"Traditional methods for assessing tomato fruit ripeness primarily rely on manual visual inspection, which is inefficient, highly subjective, and poorly adaptable to dynamic environmental conditions. To address these limitations, this study proposes a lightweight model named SCS-YOLO. Specifically, the YOLOv11 backbone network is redesigned by incorporating the ShuffleNetV2 module, which significantly reduces the number of parameters while enhancing feature extraction capabilities. Furthermore, a lightweight Cross-Scale Feature Fusion Module (CCFM) is introduced to facilitate effective fusion and recognition of multi-scale features. Lastly, the bounding box regression loss function is replaced with SIoU, which is more suitable for small object detection and contributes to improved accuracy. Experimental evaluations were conducted on a self-constructed dataset, comprising 13,649 images collected under two lighting conditions, two types of occlusion and three stages of ripeness. The results show that the improved SCS-YOLO model reduces computational complexity (GFLOPs) by 52.4% and parameter count by 64.0%. The model achieves a mean average precision (mAP) of 96.0%, with only a 0.6% drop compared to the baseline. In addition, the model size is reduced from 5.5MB to 2.2MB, representing a 60% reduction. These findings indicate that SCS-YOLO offers a compelling balance between accuracy and efficiency, making it particularly well suited for deployment on resource-constrained platforms such as edge computing devices.",abstrak,E5 (deteksi tanpa pencacahan atau evaluasi lain),N,,N,,,,,
128,2567,rojas2025yolo,2025,YOLO Approaches in Cherry Color Detection and Classification,10.1109/chilecon66915.2025.11476681,"The cherry industry is of significant economic im-portance to countries like Chile. Quality is a crucial factor for marketing and pricing in the international market, which is determined manually in quality procedures. This procedure is subjective and prone to human error, negatively impacting the competitiveness of producers. This study reviews the principal works on using artificial intelligence for cherry classification based on size and color. Among the machine learning methods used in the current literature, different versions of YOLO stand out, showing promising results in detecting and classifying cherries under various climate and environmental conditions. This work evaluated the effectiveness of four YOLO versions using the Cherry CO dataset. The results highlight the YOLO11m model that balances precision and recall. This research will enhance the use of more effective models to detect cherries in natural environments and classify them into different stages of ripeness based on color.",abstrak,E5 (deteksi tanpa pencacahan atau evaluasi lain),N,,N,,,,,
129,2588,wang2024strawberry,2024,Strawberry Detection and Ripeness Classification Using YOLOv8+ Model and Image Processing Method,10.3390/agriculture14050751,"As strawberries are a widely grown cash crop, the development of strawberry fruit-picking robots for an intelligent harvesting system should match the rapid development of strawberry cultivation technology. Ripeness identification is a key step to realizing selective harvesting by strawberry fruit-picking robots. Therefore, this study proposes combining deep learning and image processing for target detection and classification of ripe strawberries. First, the YOLOv8+ model is proposed for identifying ripe and unripe strawberries and extracting ripe strawberry targets in images. The ECA attention mechanism is added to the backbone network of YOLOv8+ to improve the performance of the model, and Focal-EIOU loss is used in loss function to solve the problem of imbalance between easy- and difficult-to-classify samples. Second, the centerline of the ripe strawberries is extracted, and the red pixels in the centerline of the ripe strawberries are counted according to the H-channel of their hue, saturation, and value (HSV). The percentage of red pixels in the centerline is calculated as a new parameter to quantify ripeness, and the ripe strawberries are classified as either fully ripe strawberries or not fully ripe strawberries. The results show that the improved YOLOv8+ model can accurately and comprehensively identify whether the strawberries are ripe or not, and the mAP50 curve steadily increases and converges to a relatively high value, with an accuracy of 97.81%, a recall of 96.36%, and an F1 score of 97.07. The accuracy of the image processing method for classifying ripe strawberries was 91.91%, FPR was 5.03%, and FNR was 14.28%. This study demonstrates the program’s ability to quickly and accurately identify strawberries at different stages of ripeness in a facility environment, which can provide guidance for selective picking by subsequent fruit-picking robots.",abstrak,E5 (deteksi tanpa pencacahan atau evaluasi lain),N,,N,,,,,
130,2589,wang2024yolo,2024,YOLO-BLBE: A Novel Model for Identifying Blueberry Fruits with Different Maturities Using the I-MSRCR Method,10.3390/agronomy14040658,"Blueberry is among the fruits with high economic gains for orchard farmers. Identification of blueberry fruits with different maturities has economic significance to help orchard farmers plan pesticide application, estimate yield, and conduct harvest operations efficiently. Vision systems for automated orchard yield estimation have received growing attention toward fruit identification with different maturity stages. However, due to interfering factors such as varying outdoor illuminations, similar colors with the surrounding canopy, imaging distance, and occlusion in natural environments, it remains a serious challenge to develop reliable visual methods for identifying blueberry fruits with different maturities. This study constructed a YOLO-BLBE (Blueberry) model combined with an innovative I-MSRCR (Improved MSRCR (Multi-Scale Retinex with Color Restoration)) method to accurately identify blueberry fruits with different maturities. The color feature of blueberry fruit in the original image was enhanced by the I-MSRCR algorithm, which was improved based on the traditional MSRCR algorithm by adjusting the proportion of color restoration factors. The GhostNet model embedded by the CA (coordinate attention) mechanism module replaced the original backbone network of the YOLOv5s model to form the backbone of the YOLO-BLBE model. The BIFPN (Bidirectional Feature Pyramid Network) structure was applied in the neck network of the YOLO-BLBE model, and Alpha-EIOU was used as the loss function of the model to determine and filter candidate boxes. The main contributions of this study are as follows: (1) The I-MSRCR algorithm proposed in this paper can effectively amplify the color differences between blueberry fruits of different maturities. (2) Adding the synthesized blueberry images processed by the I-MSRCR algorithm to the training set for training can improve the model’s recognition accuracy for blueberries of different maturity levels. (3) The YOLO-BLBE model achieved an average identification accuracy of 99.58% for mature blueberry fruits, 96.77% for semi-mature blueberry fruits, and 98.07% for immature blueberry fruits. (4) The YOLO-BLBE model had a size of 12.75 MB and an average detection speed of 0.009 s.",abstrak,E5 (deteksi tanpa pencacahan atau evaluasi lain),N,,N,,,,,
131,2591,liu2024new,2024,New Progress in Intelligent Picking: Online Detection of Apple Maturity and Fruit Diameter Based on Machine Vision,10.3390/agronomy14040721,"In the realm of automated apple picking operations, the real-time monitoring of apple maturity and diameter characteristics is of paramount importance. Given the constraints associated with feature detection of apples in automated harvesting, this study proposes a machine vision-based methodology for the accurate identification of Fuji apples’ maturity and diameter. Firstly, maturity level detection employed an improved YOLOv5s object detection model. The feature fusion section of the YOLOv5s network was optimized by introducing the cross-level partial network module VoVGSCSP and lightweight convolution GSConv. This optimization aimed to improve the model’s multiscale feature information fusion ability while accelerating inference speed and reducing parameter count. Within the enhanced feature fusion network, a dual attention mechanism combining channel and spatial attention (GAM) was introduced to refine the color and texture feature information of apples and to increase spatial position feature weights. In terms of diameter determination, the contours of apples are obtained by integrating the dual features of color and depth images within the target boxes acquired using the maturity detection model. Subsequently, the actual area of the apple contour is determined by calculating the conversion relationship between pixel area and real area at the current depth value, thereby obtaining the diameter of the apples. Experimental results showed that the improved YOLOv5s model achieved an average maturity level detection precision of 98.7%. Particularly noteworthy was the detection accuracy for low maturity apples, reaching 97.4%, surpassing Faster R-CNN, Mask R-CNN, YOLOv7, and YOLOv5s models by 6.6%, 5.5%, 10.1%, and 11.0% with a real-time detection frame rate of 155 FPS. Diameter detection achieved a success rate of 93.3% with a real-time detection frame rate of 56 FPS and an average diameter deviation of 0.878 mm for 10 apple targets across three trials. Finally, the proposed method achieved an average precision of 98.7% for online detection of apple maturity level and 93.3% for fruit diameter features. The overall real-time inference speed was approximately 56 frames per second. These findings indicated that the method met the requirements of real-time mechanical harvesting operations, offering practical importance for the advancement of the apple industry.",abstrak,E5 (deteksi tanpa pencacahan atau evaluasi lain),N,,N,multi-observasi,,,,
132,2594,tao2024strawberry,2024,Strawberry Maturity Recognition Based on Improved YOLOv5,10.3390/agronomy14030460,"Strawberry maturity detection plays an essential role in modern strawberry yield estimation and robot-assisted picking and sorting. Due to the small size and complex growth environment of strawberries, there are still problems with existing recognition systems’ accuracy and maturity classifications. This article proposes a strawberry maturity recognition algorithm based on an improved YOLOv5s model named YOLOv5s-BiCE. This algorithm model is a replacement of the upsampling algorithm with a CARAFE module structure. It is an improvement on the previous model in terms of its content-aware processing; it also widens the field of vision and maintains a high level of efficiency, resulting in improved object detection capabilities. This article also introduces a double attention mechanism named Biformed for small-target detection, optimizing computing allocation, and enhancing content perception flexibility. Via multi-scale feature fusion, we utilized double attention mechanisms to reduce the number of redundant computations. Additionally, the Focal_EIOU optimization method was introduced to improve its accuracy and address issues related to uneven sample classification in the loss function. The YOLOv5s-BiCE algorithm was better at recognizing strawberry maturity compared to the original YOLOv5s model. It achieved a 2.8% increase in the mean average precision and a 7.4% increase in accuracy for the strawberry maturity dataset. The improved algorithm outperformed other networks, like YOLOv4-tiny, YOLOv4-lite-e, YOLOv4-lite-s, YOLOv7, and Fast RCNN, with recognition accuracy improvements of 3.3%, 4.7%, 4.2%, 1.5%, and 2.2%, respectively. In addition, we developed a corresponding detection app and combined the algorithm with DeepSort to apply it to patrol robots. It was found that the detection algorithm exhibits a fast real-time detection speed, can support intelligent estimations of strawberry yield, and can assist picking robots.",abstrak,E5 (deteksi tanpa pencacahan atau evaluasi lain),N,,N,,,,,
133,2603,wang2024fusion,2024,Fusion of fruit image processing and deep learning: a study on identification of citrus ripeness based on R-LBP algorithm and YOLO-CIT model,10.3389/fpls.2024.1397816,"Citrus fruits are extensively cultivated fruits with high nutritional value. The identification of distinct ripeness stages in citrus fruits plays a crucial role in guiding the planning of harvesting paths for citrus-picking robots and facilitating yield estimations in orchards. However, challenges arise in the identification of citrus fruit ripeness due to the similarity in color between green unripe citrus fruits and tree leaves, leading to an omission in identification. Additionally, the resemblance between partially ripe, orange-green interspersed fruits and fully ripe fruits poses a risk of misidentification, further complicating the identification of citrus fruit ripeness. This study proposed the YOLO-CIT (You Only Look Once-Citrus) model and integrated an innovative R-LBP (Roughness-Local Binary Pattern) method to accurately identify citrus fruits at distinct ripeness stages. The R-LBP algorithm, an extension of the LBP algorithm, enhances the texture features of citrus fruits at distinct ripeness stages by calculating the coefficient of variation in grayscale values of pixels within a certain range in different directions around the target pixel. The C3 model embedded by the CBAM (Convolutional Block Attention Module) replaced the original backbone network of the YOLOv5s model to form the backbone of the YOLO-CIT model. Instead of traditional convolution, Ghostconv is utilized by the neck network of the YOLO-CIT model. The fruit segment of citrus in the original citrus images processed by the R-LBP algorithm is combined with the background segment of the citrus images after grayscale processing to construct synthetic images, which are subsequently added to the training dataset. The experiment showed that the R-LBP algorithm is capable of amplifying the texture features among citrus fruits at distinct ripeness stages. The YOLO-CIT model combined with the R-LBP algorithm has a Precision of 88.13%, a Recall of 93.16%, an F1 score of 90.89, a mAP@0.5 of 85.88%, and 6.1ms of average detection speed for citrus fruit ripeness identification in complex environments. The model demonstrates the capability to accurately and swiftly identify citrus fruits at distinct ripeness stages in real-world environments, effectively guiding the determination of picking targets and path planning for harvesting robots.",abstrak,E5 (deteksi tanpa pencacahan atau evaluasi lain),N,,N,,,,,
134,2606,cabaluna2024computer,2024,Computer-Vision-Based Detection and Monitoring System for Mature Coconut Fruits with a Web Dashboard Visualization Platform,10.14569/ijacsa.2024.0151175,"—The Philippines is the second largest producer of coconut products in the world with 347 million trees planted in 3.6 million hectares of land across the country. Traditionally, harvesting coconuts is a labor-intensive process in the Philippines that involves manual climbing and chopping fruits, which carries a high risk of harm or even death. Hence, the number of expert coconut climbers has decreased as a result. In response, current research has concentrated on creating robot harvesters. However, classifying the mature coconut fruit is a major problem in the harvesting process that calls for a great deal of experience, patience, and work. Studies employing Convolutional Neural Networks (CNNs) have shown great accuracy in detecting coconut ripeness, although these efforts have been limited to detection without practical integration with harvesting equipment. Moreover, the present research lacks a comprehensive solution that allows real-time data display and monitoring, such as the maturation stage of coconuts, via a web-based dashboard. This discrepancy emphasizes the requirement for systems that can not only identify the age of coconuts but also work with harvesting technologies and provide intuitive user interfaces for data display and decision-making. In order to fill these gaps, this study presents a computer-vision-based system that monitors and detects coconut fruit maturity, with an emphasis on mature coconuts, by utilizing the YOLOv8 model. With a Mean Average Precision (mAP50) of 99.5%, mAP50-95 of 89.5%, precision of 99.5%, and recall of 99.9%, the system demonstrated great accuracy. A web-based dashboard is also integrated into the system to provide monitoring and visualization of detected coconut fruits, along with notifications for fully ripe fruits.",abstrak,E5 (deteksi tanpa pencacahan atau evaluasi lain),N,,N,,,,,
135,2623,li2023pineapple,2023,Pineapple Maturity Analysis in Natural Environment Based on MobileNet V3-YOLOv4,10.12133/j.smartag.sa202211007,"ObjectivePineapple is a common tropical fruit, and its ripeness has an important impact on the storage and marketing. It is particularly important to analyze the maturity of pineapple fruit before picking. Deep learning technology can be an effective method to achieve automatic recognition of pineapple maturity. To improve the accuracy and rate of automatic recognition of pineapple maturity, a new network model named MobileNet V3-YOLOv4 was proposed in this study.MethodsFirstly, pineapple maturity analysis data set was constructed. A total of 1580 images were obtained, with 1264 images selected as the training set, 158 images as the validation set, and 158 images as the test set. Pineapple photos were taken in natural environment. In order to ensure the diversity of the data set and improve the robustness and generalization of the network, pineapple photos were taken under the influence of different factors such as branches and leaves occlusion, uneven lighting, overlapping shadows, etc. and the location, weather and growing environment of the collection were different. Then, according to the maturity index of pineapple, the photos of pineapple with different maturity were marked, and the labels were divided into yellow ripeness and green ripeness. The annotated images were taken as data sets and input into the network for training. Aiming at the problems of the traditional YOLOv4 network, such as large number of parameters, complex network structure and slow reasoning speed, a more optimized lightweight MobileNet V3-YOLOv4 network model was proposed. The model utilizes the benck structure to replace the Resblock in the CSPDarknet backbone network of YOLOv4. Meanwhile, in order to verify the effectiveness of the MobileNet V3-YOLOv4 network, MobileNet V1-YOLOv4 model and MobileNet V2-YOLOv4 model were also trained. Five different single-stage and two-stage network models, including R-CNN, YOLOv3, SSD300, Retinanet and Centernet were compared with each evaluation index to analyze the performance superiority of MobileNet V3-YOLOv4 model.Results and Discussions]MobileNet V3-YOLOv4 was validated for its effectiveness in pineapple maturity detection through experiments comparing model performance, model classification prediction, and accuracy tests in complex pineapple detection environments.The experimental results show that, in terms of model performance comparison, the training time of MobileNet V3-YOLOv4 was 11,924 s, with an average training time of 39.75 s per round, the number of parameters was 53.7 MB, resulting in a 25.59% reduction in the saturation time compared to YOLOv4, and the parameter count accounted for only 22%. The mean average precision (mAP) of the trained MobileNet V3-YOLOv4 in the verification set was 53.7 MB. In order to validate the classification prediction performance of the MobileNet V3-YOLOv4 model, four metrics, including Recall score, F1 Score, Precision, and average precision (AP), were utilized to classify and recognize pineapples of different maturities. The experimental results demonstrate that MobileNet V3-YOLOv4 exhibited significantly higher Precision, AP, and F1 Score the other. For the semi-ripe stage, there was a 4.49% increase in AP, 0.07 improvement in F1 Score, 1% increase in Recall, and 3.34% increase in Precision than YOLOv4. As for the ripe stage, there was a 6.06% increase in AP, 0.13 improvement in F1 Score, 16.55% increase in Recall, and 6.25% increase in Precision. Due to the distinct color features of ripe pineapples and their easy differentiation from the background, the improved network achieved a precision rate of 100.00%. Additionally, the mAP and reasoning speed (Frames Per Second, FPS) of nine algorithms were examined. The results showed that MobileNet V3-YOLOv4 achieved an mAP of 90.92%, which was 5.28% higher than YOLOv4 and 3.67% higher than YOLOv3. The FPS was measured at 80.85 img/s, which was 40.28 img/s higher than YOLOv4 and 8.91 img/s higher than SSD300. The detection results of MobileNet V3-YOLOv4 for pineapples of different maturities in complex environments indicated a 100% success rate for both the semi-ripe and ripe stages, while YOLOv4, MobileNet V1-YOLOv4, and MobileNet V2-YOLOv4 exhibited varying degrees of missed detections.ConclusionsBased on the above experimental results, it can be concluded that MobileNet V3-YOLOv4 proposed in this study could not only reduce the training speed and parameter number number, but also improve the accuracy and reasoning speed of pineapple maturity recognition, so it has important application prospects in the field of smart orchard. At the same time, the pineapple photo data set collected in this research can also provide valuable data resources for the research and application of related fields.",abstrak,E5 (deteksi tanpa pencacahan atau evaluasi lain),N,,N,multi-observasi,,,,
136,2629,lai2023pineapple,2023,A Pineapple Target Detection Method in a Field Environment Based on Improved YOLOv7,10.3390/app13042691,"The accurate detection of pineapples of different maturity levels in a complex field environment is the key step to achieving the early yield estimation and mechanized picking of pineapple. This study proposes a target detection model based on the improved YOLOv7 to achieve the accurate detection and maturity classification of pineapples in the field. First, the attention mechanism SimAM is inserted into the structure of the original YOLOv7 network to improve the feature extraction ability of the model. Then, the max-pooling convolution (MPConv) structure is improved to reduce the feature loss in the downsampling process. Finally, the non-maximum suppression (NMS) algorithm is replaced by the soft-NMS algorithm, with a better effect at improving the detection effect when pineapple is in occlusion or overlaps. According to the test, the mean average precision (mAP) and recall of the model proposed in this paper are 95.82% and 89.83%, which are 2.71% and 3.41% higher than those of the original YOLOv7, respectively. The maturity classification accuracy of the model and the detection performance under six different field scenarios were analyzed quantitatively. This method provides an effective scheme for the vision system of the field pineapple picking robot.",abstrak,E5 (deteksi tanpa pencacahan atau evaluasi lain),N,,N,,,,,
137,2633,chen2023assessing,2023,ASSESSING PINEAPPLE MATURITY IN COMPLEX SCENARIOS USING AN IMPROVED RETINANET ALGORITHM,10.1590/1809-4430-eng.agric.v43n2e20220180/2023,"In China, low levels of accuracy in predicting when pineapple crops will reach maturity can result from environmental variation such as light changes, fruit overlap, and shading. Therefore, this study proposed the use of an improved RetinaNet algorithm (ECA-Retinanet) based on the ECA attention mechanism. The ECA attention mechanism was embedded into the classification subnet of RetinaNet to improve accuracy in detecting different levels of maturity in pineapples. A new pineapple dataset was collected comprising four different growth stages under mild and severe complex scenarios. The experimental results have shown that the mAP (Mean Average Precision) and F 1 score (Balanced Score) of the ECA-Retinanet model were 97.69%, 94.75%, 93.2%, and 90% for identification in mild and severe complex scenarios. These values are 0.42%, 2%, 1.78%, and 1.5% higher than the original RetinaNet model which exceeds those of the six existing state-of-the-art detection models. The results have indicated that the proposed algorithm could be used for accurate identification of pineapple fruit and can detect fruit maturity using ground color images in the natural environment. The study findings provide a technical reference for automatic picking robots and early yield estimation.",abstrak,E5 (deteksi tanpa pencacahan atau evaluasi lain),N,,N,,,,,
138,2655,li2022real,2022,A Real-Time Detection Algorithm for Sweet Cherry Fruit Maturity Based on YOLOX in the Natural Environment,10.3390/agronomy12102482,"Fast, accurate, and non-destructive large-scale detection of sweet cherry ripeness is the key to determining the optimal harvesting period and accurate grading by ripeness. Due to the complexity and variability of the orchard environment and the multi-scale, obscured, and even overlapping fruit, there are still problems of low detection accuracy even using the mainstream algorithm YOLOX in the absence of a large amount of tagging data. In this paper, we proposed an improved YOLOX target detection algorithm to quickly and accurately detect sweet cherry ripeness categories in complex environments. Firstly, we took a total of 2400 high-resolution images of immature, semi-ripe, and ripe sweet cherries in an orchard in Hanyuan County, Sichuan Province, including complex environments such as sunny days, cloudy days, branch and leaf shading, fruit overlapping, distant views, and similar colors of green fruits and leaves, and formed a dataset dedicated to sweet cherry ripeness detection by manually labeling 36068 samples, named SweetCherry. On this basis, an improved YOLOX target detection algorithm YOLOX-EIoU-CBAM was proposed, which embedded the Convolutional Block Attention Module (CBAM) between the backbone and neck of the YOLOX model to improve the model’s attention to different channels, spaces capability, and replaced the original bounding box loss function of the YOLOX model with Efficient IoU (EIoU) loss to make the regression of the prediction box more accurate. Finally, we validated the feasibility and reliability of the YOLOX-EIoU-CBAM network on the SweetCherry dataset. The experimental results showed that the method in this paper significantly outperforms the traditional Faster R-CNN and SSD300 algorithms in terms of mean Average Precision (mAP), recall, model size, and single-image inference time. Compared with the YOLOX model, the mAP of this method is improved by 4.12%, recall is improved by 4.6%, F-score is improved by 2.34%, while model size and single-image inference time remain basically comparable. The method in this paper can cope well with complex backgrounds such as fruit overlap, branch and leaf occlusion, and can provide a data base and technical reference for other similar target detection problems.",abstrak,E5 (deteksi tanpa pencacahan atau evaluasi lain),N,,N,,,,,
139,2656,devanna2022field,2022,In-Field Automatic Identification of Pomegranates Using a Farmer Robot,10.3390/s22155821,"Ground vehicles equipped with vision-based perception systems can provide a rich source of information for precision agriculture tasks in orchards, including fruit detection and counting, phenotyping, plant growth and health monitoring. This paper presents a semi-supervised deep learning framework for automatic pomegranate detection using a farmer robot equipped with a consumer-grade camera. In contrast to standard deep-learning methods that require time-consuming and labor-intensive image labeling, the proposed system relies on a novel multi-stage transfer learning approach, whereby a pre-trained network is fine-tuned for the target task using images of fruits in controlled conditions, and then it is progressively extended to more complex scenarios towards accurate and efficient segmentation of field images. Results of experimental tests, performed in a commercial pomegranate orchard in southern Italy, are presented using the DeepLabv3+ (Resnet18) architecture, and they are compared with those that were obtained based on conventional manual image annotation. The proposed framework allows for accurate segmentation results, achieving an F1-score of 86.42% and IoU of 97.94%, while relieving the burden of manual labeling.",abstrak,E5 (deteksi tanpa pencacahan atau evaluasi lain),N,,N,,,,,
140,2684,zhang2021high,2021,High-quality coarse-to-fine fruit detector for harvesting robot in open environment,10.3837/tiis.2021.02.003,"Fruit detection in orchards is one of the most crucial tasks for designing the visual system of an automated harvesting robot. It is the first and foremost tool employed for tasks such as sorting, grading, harvesting, disease control, and yield estimation, etc. Efficient visual systems are crucial for designing an automated robot. However, conventional fruit detection methods always a trade-off with accuracy, real-time response, and extensibility. Therefore, an improved method is proposed based on coarse-to-fine multitask cascaded convolutional networks (MTCNN) with three aspects to enable the practical application. First, the architecture of Fruit-MTCNN was improved to increase its power to discriminate between objects and their backgrounds. Then, with a few manual labels and operations, synthetic images and labels were generated to increase the diversity and the number of image samples. Further, through the online hard example mining (OHEM) strategy during training, the detector retrained hard examples. Finally, the improved detector was tested for its performance that proved superior in predicted accuracy and retaining good performances on portability with the low time cost. Based on performance, it was concluded that the detector could be applied practically in the actual orchard environment.",abstrak,E5 (deteksi tanpa pencacahan atau evaluasi lain),N,,N,,,,,
141,2685,wang2021yolov3,2021,YOLOv3-Litchi Detection Method of Densely Distributed Litchi in Large Vision Scenes,10.1155/2021/8883015,"Accurate and reliable fruit detection in the orchard environment is an important step for yield estimation and robotic harvesting. However, the existing detection methods often target large and relatively sparse fruits, but they cannot provide a good solution for small and densely distributed fruits. This paper proposes a YOLOv3-Litchi model based on YOLOv3 to detect densely distributed litchi fruits in large visual scenes. We adjusted the prediction scale and reduced the network layer to improve the detection ability of small and dense litchi fruits and ensure the detection speed. From flowering to 50 days after maturity, we collected a total of 266 images, including 16,000 fruits, and then used them to construct the litchi dataset. Then, the k-means++ algorithm is used to cluster the bounding boxes in the labeled data to determine the priori box size suitable for litchi detection. We trained an improved YOLOv3-Litchi model, tested its litchi detection performance, and compared YOLOv3-Litchi with YOLOv2, YOLOv3, and Faster R-CNN on the actual detection effect of litchi and used the F1 value and the average detection time as the assessed value. The test results show that the F1 of YOLOv3-Litchi is higher than that of YOLOv2 algorithm 0.1, higher than that of YOLOv3 algorithm 0.08, and higher than that of Faster R-CNN algorithm 0.05; the average detection time of YOLOv3-Litchi is 29.44 ms faster than that of YOLOv2 algorithm, 19.56 ms faster than that of YOLOv3 algorithm ms, and 607.06 ms faster than that of Faster R-CNN algorithm. And the detection speed of the improved model is faster. The proposed model remits optimal detection performance for small and dense fruits. The work presented here may provide a reference for further study on fruit-detection methods in natural environments.",abstrak,E5 (deteksi tanpa pencacahan atau evaluasi lain),N,,N,,,,,
142,2700,mu2020intact,2020,Intact detection of highly occluded immature tomatoes on plants using deep learning techniques,10.3390/s20102984,"Automatic detection of intact tomatoes on plants is highly expected for low-cost and optimal management in tomato farming. Mature tomato detection has been wildly studied, while immature tomato detection, especially when occluded with leaves, is difficult to perform using traditional image analysis, which is more important for long-term yield prediction. Therefore, tomato detection that can generalize well in real tomato cultivation scenes and is robust to issues such as fruit occlusion and variable lighting conditions is highly desired. In this study, we build a tomato detection model to automatically detect intact green tomatoes regardless of occlusions or fruit growth stage using deep learning approaches. The tomato detection model used faster region-based convolutional neural network (R-CNN) with Resnet-101 and transfer learned from the Common Objects in Context (COCO) dataset. The detection on test dataset achieved high average precision of 87.83% (intersection over union ≥ 0.5) and showed a high accuracy of tomato counting (R2 = 0.87). In addition, all the detected boxes were merged into one image to compile the tomato location map and estimate their size along one row in the greenhouse. By tomato detection, counting, location and size estimation, this method shows great potential for ripeness and yield prediction.",abstrak,E5 (deteksi tanpa pencacahan atau evaluasi lain),N,,N,,,,,
143,2702,fu2020fast,2020,Fast and accurate detection of banana fruits in complex background orchards,10.1109/access.2020.3029215,"The detection of banana fruits is an important part of intelligent management in the banana plantation. To detect the banana fruit quickly and accurately in the complex orchard environment, this article proposes a method based on the latest deep learning algorithm to detect the banana fruit. Using a monocular camera, we applied the YOLOv4 neural network algorithm to extract the deep features of banana fruits, realizing accurate detection of different banana sizes. The detection algorithm achieved a 99.29% detection rate, the average execution time was 0.171s, the shortest execution time was 0.135s, and the AP was 0.9995. Moreover, the detection results were discussed with the YOLOv3 algorithm and the machine learning algorithm. Compared with the machine learning algorithm, deep learning algorithm was superior to both detection accuracy and detection time. YOLOv4 had higher detection confidence and higher detection rate than YOLOv3. The results show that the proposed method could realize the fast detection of different varieties and different maturity in banana plantations, under different illumination and occlusion conditions, and provide information for banana picking, maturity and yield estimation.",abstrak,E5 (deteksi tanpa pencacahan atau evaluasi lain),N,,N,,,,,
144,2718,tan2018recognising,2018,Recognising blueberry fruit of different maturity using histogram oriented gradients and colour features in outdoor scenes,10.1016/j.biosystemseng.2018.08.011,"For early yield estimation and harvest management, the recognition of blueberry fruit and their maturity is essential since blueberries do not ripen at the same time. This study was conducted to recognise visible blueberry fruit with different maturity using outdoor colour images acquired from a commercial field. The maturity of blueberry was divided into three different growth stages: mature, intermediate and young. The following stepwise algorithm was developed to identify the blueberry fruit: (1) A fruit training set was constructed using 1374 patches cropped from the original colour images. (2) HOG (Histogram Oriented Gradients) feature vectors were calculated from these patches, and a linear SVM (Support Vector Machine) classifier was trained to detect fruit-like regions rapidly. (3) Using a* and b* features in the L*a*b* colour space to discard non-fruit regions as well as categorise three fruit groups on those fruit-like regions. The KNN (K-nearest Neighbour) and a newly developed TMWE (Template Matching with Weighted Euclidean Distance) classifiers were applied to identify the fruit of different maturity. The performance of the method was evaluated using average detection accuracy on the testing images, missed rate, and incorrect detection rate of false positives. KNN classifier yielded the best average accuracy of 86.0%, 94.2% and 96.0% for young fruit, intermediate fruit and mature fruit, respectively. The proposed TMWE classifier gave a relatively high accuracy at lower computation cost. The results indicated that the method of this study is efficient in recognising blueberry fruit with different maturity using colour images in outdoor scenes.",abstrak,E5 (deteksi tanpa pencacahan atau evaluasi lain),N,,N,,,,,
145,2740,hung2013orchard,2013,Orchard fruit segmentation using multi-spectral feature learning,10.1109/iros.2013.6697125,"This paper presents a multi-class image segmentation approach to automate fruit segmentation. A feature learning algorithm combined with a conditional random field is applied to multi-spectral image data. Current classification methods used in agriculture scenarios tend to use hand crafted application-based features. In contrast, our approach uses unsupervised feature learning to automatically capture most relevant features from the data. This property makes our approach robust against variance in canopy trees and therefore has the potential to be applied to different domains. The proposed algorithm is applied to a fruit segmentation problem for a robotic agricultural surveillance mission, aiming to provide yield estimation with high accuracy and robustness against fruit variance. Experimental results with data collected in an almond farm are shown. The segmentation is performed with features extracted from multi-spectral (colour and infrared) data. We achieve a global classification accuracy of 88%.",abstrak,E5 (deteksi tanpa pencacahan atau evaluasi lain),N,,N,,,,,
146,3220,liu2025gae,2025,GAE-YOLO: a lightweight multimodal detection framework for tomato smart agriculture with edge computing,10.3389/fpls.2025.1712432,"Introduction The advancement of smart agriculture has witnessed increasing applications of computer vision in crop monitoring and management. However, existing approaches remain challenged by high computational complexity, limited real-time capability, and poor multi-task coordination in tomato cultivation scenarios. Methods To address these limitations, an intelligent tomato management system is proposed based on the Ghost-based Adaptive Efficient You Only Look Once (GAE-YOLO) algorithm. The lightweight architecture of the GAE-YOLO framework is achieved through the replacement of standard convolutional layers with Ghost Convolution (GhostConv) modules, while detection accuracy is significantly improved by the integration of both AReLU activation functions and Effective Intersection over Union (E-IoU) loss optimization. The system, implemented on a Jetson TX2 embedded platform, also incorporates ZED stereo vision for 3D localization and a PyQt6-based visualization platform. Results When implemented on Jetson TX2, the system achieving 93.5% mean Average Precision at 50% intersection over union (mAP@50) at 10.2 frames per second (FPS), which can be optimized to 27 FPS by employing TensorRT acceleration and 720p resolution for scenarios demanding higher throughput. Furthermore, it establishes standardized assessment systems for tomato maturity and yield prediction, and offers integrated modules for disease diagnosis and agricultural large language model consultation. Discussion This work establishes a new paradigm for edge computing in agriculture while providing critical technical support for smart farming development.",abstrak,E5 (deteksi tanpa pencacahan atau evaluasi lain),N,,N,multi-observasi,,,,
147,4441,lu2013efficient,2013,Efficient detection of citrus fruits in the tree canopy under variable illumination conditions,10.1117/12.2031550,"This paper focuses on the detection of citrus fruits in the tree canopy under variable illumination and different degree occlusion. We applied a novel segmentation method to detect the visible parts of fruits by fusing the segmentation results of chromatic aberration map, normalized RGB model, and illumination map. This fusion method can detect the highlights, shadows and diffuse zones of fruit targets. The 3-D surface topography of the visible parts of fruits were recovered by the classical algorithm of shade from shading, the fruit targets were recovered by sphere fitting using these point cloud data, and the valid ones were chosen out by validity check. The results showed that the occlusion zones of targets were effectively recovered under various light conditions integrally using the proposed method.",abstrak,E5 (deteksi tanpa pencacahan atau evaluasi lain),N,,N,multi-observasi,,,,
148,4600,rahman2024uav,2024,"UAV (Unmanned Aerial Vehicle): Diverse Applications of UAV Datasets in Segmentation, Classification, Detection, and Tracking",10.3390/a17120594,"Unmanned Aerial Vehicles (UAVs) have transformed the process of data collection and analysis in a variety of research disciplines, delivering unparalleled adaptability and efficacy. This paper presents a thorough examination of UAV datasets, emphasizing their wide range of applications and progress. UAV datasets consist of various types of data, such as satellite imagery, images captured by drones, and videos. These datasets can be categorized as either unimodal or multimodal, offering a wide range of detailed and comprehensive information. These datasets play a crucial role in disaster damage assessment, aerial surveillance, object recognition, and tracking. They facilitate the development of sophisticated models for tasks like semantic segmentation, pose estimation, vehicle re-identification, and gesture recognition. By leveraging UAV datasets, researchers can significantly enhance the capabilities of computer vision models, thereby advancing technology and improving our understanding of complex, dynamic environments from an aerial perspective. This review aims to encapsulate the multifaceted utility of UAV datasets, emphasizing their pivotal role in driving innovation and practical applications in multiple domains.",abstrak,E5 (deteksi tanpa pencacahan atau evaluasi lain),N,,N,multi-observasi,,,,
149,4960,xu2025real,2025,Real-time detection of multi-growth-stage strawberry in complex orchard environments via smartphone,10.1016/j.atech.2025.101468,"Strawberry-picking robots have played an important role in improving strawberry production efficiency. However, the restricted computation ability of these edge devices and the high complexity of the strawberry growth environment and conditions are not conducive to the practical application of the strawberry detection network. Against this backdrop, this study proposes an improved YOLOv11 network called MVYOLO-Tiny, which is deployed on Android-based smartphones and Jetson Xavier NX for real-time detection. To build a robust model, a dataset comprising strawberry images across different climes, scenarios, and growth stages is constructed. Three main improvements are introduced into the proposed model MVYOLO-Tiny: replacing the C3k2 models in the backbone with the C2fA model with MobileViTv2 blocks, removing the modules of the P5 layer in the neck and head, and incorporating the lightweight modules, VoVGSCSP, along with the cross-layer residual connection (CRC) and the weighted concatenating mechanism (WCM) in the BiFPN architecture into the neck. Compared to YOLOv11, MVYOLO-Tiny achieves 0.2%, 0.8%, and 0.6% improvement in P, R, and mAP@0.5 respectively, reaching 90.1%, 88.5%, and 94.0%. Simultaneously, the parameter count and GFLOPs decrease by 54.1%, and 14.1% respectively. The analysis additionally demonstrates its enhanced detection capabilities for occluded, overlapping, and small-sized targets in complex scenarios. The Android-based APP exhibits its lower computational costs. On Jetson Xavier NX, MVYOLO-Tiny achieves a speed increase of more than 20%. These make it hold the potential for the deployment of strawberry-picking robots, thereby contributing to advancing the application and facilitating the promotion of smart agriculture in strawberry cultivation.",abstrak,E5 (deteksi tanpa pencacahan atau evaluasi lain),N,,N,,,,,
150,1517,ong2025evaluating,2025,Evaluating Deep Learning-Driven Feature Selection Technique and Machine Learning Models for Non-destructive Oil Palm Ripeness Assessment Using Low-Cost Electrical Impedance Spectroscopy,10.1007/s10341-025-01553-x,"The oil extraction rate of oil palm fruits decreases by 0.13% for every 1% of unripe fruit, emphasizing the need to harvest only ripe fresh fruit bunches (FFB). Spectroscopy has emerged as a reliable method for assessing FFB ripeness, but effective variable selection is essential due to high spectral dimensionality. This study presents a novel, non-destructive, and cost-effective method for determining oil palm fruit ripeness using electrical impedance spectroscopy. Impedance properties of 832 oil palm fruitlets at various maturity levels (unripe, ripe, and overripe) were measured within the 10–100 kHz frequency range and at 120 K resistance using a low-cost impedance analyzer. The spectra were analyzed with multivariate machine learning models, including Naïve Bayes, random forest (RF), and support vector machine, using variable selection methods of selectivity ratio, variable importance in projection, principal component analysis, and convolutional neural network (CNN). The CNN-RF approach yielded the best performance, with precision, sensitivity, specificity, and accuracy averaging 92.15%, 93.07%, 96.18%, and 92.77%, respectively. Thus, the electrical impedance spectroscopy coupled with CNN-RF multivariate calibration method offers a practical, low-cost, and reliable solution for the determination of FFB ripeness, achieving over 92% accuracy across all evaluation metrics.",abstrak,E6 (sensor non-citra),N,,N,sawit,,,,
151,1965,hong2021classification,2021,Classification of Oil Palm Fruit Ripeness Using Artificial Neural Network,10.1109/i2cacis52118.2021.9495857,"Oil extraction rate (OER) and quality of oil palm can be improved by precisely and accurately classifying the ripeness of oil palm before harvesting. This paper focuses on the development of an artificial neural network (ANN) model for classification of oil palm fruit ripeness using Raman spectra features. In this study, the oil palm fruitlets are from the dura x pisifera (DxP) progenies, harvested from the oil palm plantation of National University of Malaysia (UKM) managed by Khazanah-UKM. A total of 50 samples from unripe, over ripe and ripe fruitlets were collected according to the standard of Malaysia Palm Oil Board (MPOB). Raman spectra for each sample are collected from benchtop Confocal Raman spectrometer. The spectral features for each sample are extracted using pre-processing techniques and used as predictors to train the ANN model. Samples are divided into training set and test set using 50:50 holdout method. The developed model achieves 95.48% prediction accuracy. The accuracy and robustness of the neural network can be improved by increasing the number of samples used in the training.",abstrak,E6 (sensor non-citra),N,,N,sawit,,,,
152,2406,makky2014situ,2014,In situ quality assessment of intact oil palm fresh fruit bunches using rapid portable non-contact and non-destructive approach,10.1016/j.jfoodeng.2013.08.011,"The oil palm (Elaeis guineensis Jacq.) fresh fruits bunch (FFB) quality can be determined by its ripeness, oil content (OC) and free fatty acid (FFA) level. The change in fruit’s color upon ripening due to biochemical reactions can be observed through VIS/NIR spectroscopy. In this study, portable VIS/NIR spectrometer was employed to rapidly measure quality of oil palm FFB on-site, by means of non-contact and non-destructive approach. A mean-normalized method was used in pre-processing the bunch’s spectral reflectance data within 400–1000nm range using 10nm intervals. Two statistical analyses are performed to models FFB quality. First, a forward-stepwise method is employed to establish multiple linear regressions (FS-MLR), and second, a combination between principal component analyses with multilayer perceptron neural network (PCA–MLP). These statistical analyses are employed for predicting the FFB ripeness, OC and FFA. Performances of best models were demonstrated by coefficient of determination (R2), standard error of calibration (SEC) and standard error of prediction (SEP), which were respectively 0.9688, 0.1782, 0.4258 for ripeness prediction, 0.984, 0.25085, 0.4366 for OC prediction, and 0.9909, 0.0917, 0.2367 for FFA prediction model. The application of FS-MLR method for modeling the FFB quality delivered better performances, since it introduced more predictor variables.",abstrak,E6 (sensor non-citra),N,,N,sawit,,,,
153,4678,song2022review,2022,A review of monocular depth estimation techniques based on deep learning,10.11834/jig.210554,场景的深度估计问题是计算机视觉领域中的经典问题之一，也是3维重建和图像合成等应用中的一个重要环节。基于深度学习的单目深度估计技术高速发展，各种网络结构相继提出。本文对基于深度学习的单目深度估计技术最新进展进行了综述，回顾了基于监督学习和基于无监督学习方法的发展历程。重点关注单目深度估计的优化思路及其在深度学习网络结构中的表现，将监督学习方法分为多尺度特征融合的方法、结合条件随机场（conditional random field，CRF）的方法、基于序数关系的方法、结合多元图像信息的方法和其他方法等5类；将无监督学习方法分为基于立体视觉的方法、基于运动恢复结构（structure from motion，SfM）的方法、结合对抗性网络的方法、基于序数关系的方法和结合不确定性的方法等5类。此外，还介绍了单目深度估计任务中常用的数据集和评价指标，并对目前基于深度学习的单目深度估计技术在精确度、泛化性、应用场景和无监督网络中不确定性研究等方面的现状和面临的挑战进行了讨论，为相关领域的研究人员提供一个比较全面的参考。,abstrak,E7 (bahasa selain Inggris),N,,N,multi-observasi,,,,
