{
 "B1": {
  "n": 1831,
  "median_w": 63.0,
  "median_h": 69.00032,
  "median_area": 4361.498319974399,
  "pct_small": 2.5669033315128345,
  "pct_medium": 82.63244128891316,
  "pct_large": 14.800655379574005,
  "p10_area": 1741.4866400256003,
  "pct_small_tiled": 0.05461496450027307
 },
 "B2": {
  "n": 3112,
  "median_w": 57.0,
  "median_h": 63.50016,
  "median_area": 3625.9900800000005,
  "pct_small": 4.434447300771208,
  "pct_medium": 85.98971722365039,
  "pct_large": 9.575835475578407,
  "p10_area": 1445.3168941056003,
  "pct_small_tiled": 0.3213367609254499
 },
 "B3": {
  "n": 8742,
  "median_w": 51.9804,
  "median_h": 56.44288,
  "median_area": 2885.88336,
  "pct_small": 8.796614047128804,
  "pct_medium": 85.12926103866391,
  "pct_large": 6.0741249142072755,
  "p10_area": 1087.65895830528,
  "pct_small_tiled": 0.12582932967284374
 },
 "B4": {
  "n": 2968,
  "median_w": 46.5,
  "median_h": 46.49984,
  "median_area": 2147.3153888256,
  "pct_small": 16.37466307277628,
  "pct_medium": 81.16576819407008,
  "pct_large": 2.4595687331536387,
  "p10_area": 824.58748882944,
  "pct_small_tiled": 0.2358490566037736
 }
}