{
 "per_class": {
  "B1": {
   "dL": 17.747188382535366,
   "dab": 5.808881156106253,
   "deltaE": 19.14752896411999,
   "L_in": 73.92016760336386,
   "texture": 5014.685076740157,
   "neighbours": 3.2324324324324323,
   "max_iou": 0.04234259064951838,
   "pct_with_neighbour": 97.2972972972973,
   "pct_iou_gt_01": 10.27027027027027
  },
  "B2": {
   "dL": 17.389006726735566,
   "dab": 4.906418987999697,
   "deltaE": 18.47511794330557,
   "L_in": 71.97773750643817,
   "texture": 5726.436675600107,
   "neighbours": 2.91644908616188,
   "max_iou": 0.04129083058947984,
   "pct_with_neighbour": 97.911227154047,
   "pct_iou_gt_01": 11.488250652741515
  },
  "B3": {
   "dL": 12.76999864276882,
   "dab": 4.219234623037711,
   "deltaE": 13.928872747006888,
   "L_in": 79.23988454665127,
   "texture": 6892.432851347421,
   "neighbours": 2.8093781855249746,
   "max_iou": 0.03325563124197416,
   "pct_with_neighbour": 97.45158002038737,
   "pct_iou_gt_01": 7.747196738022426
  },
  "B4": {
   "dL": 9.93021806258729,
   "dab": 4.408616509226114,
   "deltaE": 11.550460558863325,
   "L_in": 95.72532764626615,
   "texture": 7779.565401004914,
   "neighbours": 2.5810055865921786,
   "max_iou": 0.028840070844547067,
   "pct_with_neighbour": 96.64804469273743,
   "pct_iou_gt_01": 6.424581005586592
  }
 },
 "control": {
  "dL": 11.711598587336187,
  "dab": 3.8880119841110194,
  "deltaE": 12.922275403999945,
  "L_in": 115.70402440289647,
  "texture": 5440.856879718564
 }
}