{
 "tag": "smoke",
 "mode": "rgb",
 "overall": 0.5207780074536009,
 "per_class": {
  "B1": 0.2730812324929972,
  "B2": 0.023691503084080863,
  "B3": 0.5641385782754208,
  "B4": 0.09651422445056212
 },
 "per_size": {
  "kecil": 0.1446390176989447,
  "sedang": 0.3928973587444983,
  "besar": 0.45758806589870155
 },
 "per_contrast": {
  "rendah": 0.2887323272721377,
  "sedang": 0.25745732082840833,
  "tinggi": 0.45604724887405357
 },
 "b4_low_contrast": 0.044593336109559734
}