{
 "accuracy": 0.5286855482933914,
 "confusion": [
  [
   177,
   44,
   15,
   16
  ],
  [
   64,
   159,
   106,
   46
  ],
  [
   7,
   90,
   156,
   122
  ],
  [
   8,
   43,
   88,
   236
  ]
 ],
 "recall": {
  "B1": 0.7023809523809523,
  "B2": 0.424,
  "B3": 0.416,
  "B4": 0.6293333333333333
 },
 "pair_confusion_pct": {
  "B3->B4": 32.53333333333333,
  "B2->B3": 28.26666666666667,
  "B3->B2": 24.0,
  "B4->B3": 23.466666666666665,
  "B1->B2": 17.46031746031746,
  "B2->B1": 17.066666666666666,
  "B2->B4": 12.266666666666666,
  "B4->B2": 11.466666666666667,
  "B1->B4": 6.349206349206349,
  "B1->B3": 5.952380952380952,
  "B4->B1": 2.1333333333333333,
  "B3->B1": 1.866666666666667
 }
}