{
 "asli": {
  "per_class": {
   "B1": 0.5896883787918,
   "B2": 0.6003497747139618,
   "B3": 0.5753477209102514,
   "B4": 0.5572861825735529
  },
  "control": 0.5658737688855332,
  "b4_minus_control": -0.00858758631198031
 },
 "clahe": {
  "per_class": {
   "B1": 0.5679955124615722,
   "B2": 0.5833269179253656,
   "B3": 0.5620919594139457,
   "B4": 0.5533887104491189
  },
  "control": 0.561363708354134,
  "b4_minus_control": -0.007974997905015102
 },
 "unsharp": {
  "per_class": {
   "B1": 0.5696025359848486,
   "B2": 0.5772129011252133,
   "B3": 0.5581727433795983,
   "B4": 0.5446660517616922
  },
  "control": 0.5513076603280833,
  "b4_minus_control": -0.006641608566391066
 },
 "gradmag": {
  "per_class": {
   "B1": 0.5681615512657633,
   "B2": 0.5768389715745322,
   "B3": 0.5909144889480314,
   "B4": 0.6040715968893915
  },
  "control": 0.567395850072909,
  "b4_minus_control": 0.036675746816482446
 },
 "laplacian": {
  "per_class": {
   "B1": 0.567318726480645,
   "B2": 0.5818363322731288,
   "B3": 0.5969573353553925,
   "B4": 0.615264258363593
  },
  "control": 0.5694608744864558,
  "b4_minus_control": 0.04580338387713723
 }
}