idx,key,tahun,judul,status_grup,beda,dasar_ai1,kode_ai1,alasan_ai1,dasar_ai2,kode_ai2,alasan_ai2,juga_cocok_ai2,keyakinan_ai2,mek_ai1,mek_ai2,akuisisi_ai1,akuisisi_ai2,per_kelas_c1_ai1,per_kelas_c1_ai2,tugas_ai1,tugas_ai2,lokasi_ai1,lokasi_ai2,modalitas_ai1,modalitas_ai2,multipandang_ai1,multipandang_ai2,per_kelas_c3_ai1,per_kelas_c3_ai2,bukti_ai2,catatan_ai2
0,zhao2026two,2026,A two-stage fine-tuning strategy for 3D object segmentation from multi-view images,sama,,abstrak,C1,,abstrak,C1,,,sedang,M4,M4,D,D,N,N,,,,,,,,,,,"a two-stage fine-tuning strategy for 3D object segmentation that preserves the original NeRF architecture and loss function entirely || Experiments on synthetic fruit datasets and real-world soybean imagery demonstrate that InvNeRF-Seg produces cleaner 3D segmented point clouds compared to both SA3D and FruitNeRF, enabling more accurate downstream object counting.","Abstrak tidak menyebut angka hitung maupun acuan hitung; 'anotasi' diduga dari pemakaian data sintetis dengan jumlah yang diketahui. Data nyata berupa kedelai (polong), bukan buah pohon. Pencacahan adalah tugas hilir, kontribusi utama adalah segmentasi 3D."
1,felippomes2026video,2026,Video-based fruit detection and tracking: effects of scanning conditions on fruit load estimation,sama,,abstrak,C1,,abstrak,C1,,,sedang,M3+M4,M3+M4,V,V,N,N,,,,,,,,,,,"This study presents a computer vision system based on video multi-object-tracking for fruit load estimation in apple orchards || The system integrates fruit detection, tracking, localization within orchard, and fruit load map generation. || bilateral scanning improved fruit load estimation at the stretch level by incorporating information from both sides of the canopy","Abstrak tidak menyebut nama pelacak maupun cara penghapusan duplikat; M3+M4 mengikuti konvensi pelacakan plus lokalisasi. Abstrak tidak menyebut acuan hitung; 'pohon' adalah dugaan dari konteks estimasi muatan buah per pohon. Abstrak tidak menjelaskan cara data dua sisi digabung. Akuisisi juga diulang pada dua tanggal, tetapi sebagai kondisi pembanding."
2,farhoud2026instance,2026,Instance segmentation and multi-object tracking for fruit quality grading and dynamic yield estimation in Egyptian citrus orchards,sama,,abstrak,C1,,abstrak,C1,,C4,sedang,M3,M3,V,V,Y,Y,,,,,,,,,,,"For dynamic yield estimation, a multi-object tracking pipeline was implemented using BoT-SORT with camera-motion compensation and a virtual line-crossing counting mechanism. || the best quality-resolved dynamic grader (YOLOv11s, WMAPE = 6.97% at 14.2 ms per frame)",Abstrak tidak menyebut modul re-ID pada BoT-SORT sehingga dikodekan M3 sesuai konvensi. Abstrak tidak menyatakan acuan hitung; diasumsikan hitungan dari anotasi video. Cara penetapan kelas mutu pada lintasan tidak dinyatakan.
4,zhao2026adapting,2026,Adapting SAM3 for 3D fruit counting with cross-view contrastive learning and Hough voting,sama,mekanisme,abstrak,C1,,abstrak,C1,,C5,sedang,M4,M4+M5,D,D,N,N,,,,,,,,,,,"we devise a Hough voting procedure in the 3D Gaussian space to integrate multi-view evidence of occluded fruits, followed by clustering to estimate the number of fruits as well as their 3D locations || we adopt cross-view contrastive learning with uncertainty weighting for enhanced 3D feature representation",M5 diberikan karena fitur 3D dilatih dengan contrastive learning lintas pandang; dapat juga dibaca sebagai M4 saja. Abstrak tidak menyebut acuan hitungan; 'anotasi' diasumsikan dari adegan sintetis dan dataset beranotasi. Tidak jelas apakah F1 adalah metrik hitung atau deteksi 3D.
10,huang2026mfft,2026,MFFT: an improved method for stable ID tracking and counting of multi-class mango segmentation with multi-feature fusion in complex occlusion scenarios,sama,mekanisme;per_kelas,judul,C1,,abstrak (web),C1,,C4,sedang,M3,M2+M3,V,V,Y,N,,,,,,,,,,,"[parafrasa web] MFFT is a multi-feature fusion tracking method addressing low segmentation accuracy, frequent ID switches, and large tracking and counting errors under complex occlusion. || [parafrasa web] In the tracking stage, IOU, HSV, shape, and diagonal features are fused, together with an improved Kalman filter and ID lifecycle management, resulting in a MOTA of 0.6513.","Abstrak verbatim tidak ditemukan; kode didasarkan pada parafrasa hasil pencarian. Fitur HSV dan bentuk dikodekan M2, IoU dan Kalman filter M3. Judul menyebut pencacahan multikelas (mangga di pohon dan mangga jatuh), tetapi parafrasa tidak memuat angka hitung per kelas sehingga per_kelas diisi N; perlu diperiksa pada teks lengkap. Akuisisi video dan referensi anotasi disimpulkan dari penggunaan MOTA, tidak dinyatakan eksplisit."
12,jiang2026robot,2026,Robot-assisted Neural Radiance fields for plot-level cotton crop 3D reconstruction and yield estimation,beda,grup,judul,X,E1,abstrak (web),C1,,C5,sedang,,,,,,,,,,,,,,,,,"[parafrasa web] A NeRF-based workflow integrates data acquisition, 3D reconstruction and cotton boll mapping at field-plot level; 10 cameras on a custom robotic platform scan the plants. || [parafrasa web] NeRF reconstructs 3D models of plot-level cotton plants from RGB images and exports point clouds; boll counting per plot uses an improved FruitNeRF.","Abstrak web tidak menyebut pembanding hitungan maupun angka galat; referensi_hitung 'tidak ada' berarti tidak dinyatakan pada bukti yang terbaca, dan tingkat_metrik 'hitung' disimpulkan dari tugas penghitungan per plot. Akuisisi berupa pemindaian bergerak (robot multi-kamera atau video ponsel), dikodekan V; D juga dapat dibela."
17,mullins2026development,2026,Development of a real-time non-contact yield mapping system using cascading neural networks for wild blueberry harvesters,sama,,abstrak,X,E2,abstrak,X,E2,,sedang,,,,,,,,,,,,,,,,,"A novel non-contact yield monitoring system was developed for wild blueberry harvesters using 3D Time-of-Flight imaging. || collecting and analyzing a comprehensive dataset of 37,196 point cloud files from 95 harvested totes || Cascading neural networks were used for point cloud segmentation, debris quantification, and mass estimation.","Kamera ToF mengukur volume dan massa buah yang sudah dipanen di mesin pemanen (bersama kotoran), bukan buah pada tanaman; tidak ada deteksi buah individual. E2 dipilih sebagai alasan terdekat (pencitraan pascapanen); E1 juga dapat dibenarkan. Abstrak tidak merinci posisi kamera pada mesin pemanen."
21,yokin20263d,2026,3D reconstruction and segmentation of grape bunches for robotic berry thinning,beda,grup,abstrak,X,E4,abstrak,C1,,C5,sedang,,,,,,,,,,,,,,,,,"We propose a robot-integrated vision pipeline that reconstructs grape bunch structure from posed multi-view RGB images. || Camera poses are derived from the robot kinematic chain, allowing the reconstructed point cloud and detected berry centers to be expressed directly in the metric robot base frame || RANSAC sphere fitting achieved a counting MAE of 0.50 berries, RMSE of 0.71 berries","Abstrak tidak menyebut pembanding hitungan; ""pohon"" (hitung manual pada tandan) adalah dugaan. Abstrak juga tidak menyatakan apakah tandan masih di tanaman atau di laboratorium; bila hanya laboratorium, E2 dapat berlaku. Sebagian kontribusi adalah manipulasi (penjarangan), tetapi pencacahan buah dievaluasi sehingga bukan E4."
22,xing2026lightweight,2026,A lightweight multi-view detection and counting method for real-time cherry tomato yield estimation using greenhouse inspection robots,sama,,abstrak,C1,,abstrak,C1,,,sedang,M3,M3,V,V,N,N,,,,,,,,,,,"this study proposes a lightweight “detection–tracking–counting–compensation” cascaded network framework, optimized for deployment on inspection robots || a multi-view cooperative detection and compensation method was proposed to optimize multi-object tracking performance in dense and occluded scenes","Abstrak tidak menyebut nama pelacak, cara kerja kompensasi multipandang (kemungkinan memuat asosiasi geometris atau koreksi statistik), maupun acuan hitung. Mekanisme dikodekan M3 berdasarkan pelacakan multiobjek; akuisisi V diasumsikan dari robot inspeksi yang bergerak. referensi_hitung diisi ""tidak ada"" karena sumber yang terbaca tidak menyatakannya, bukan karena dipastikan tidak ada."
23,pardobeainy2026maturity,2026,Maturity and size estimation with yield mapping for hydroponic strawberries using machine vision,sama,mekanisme,abstrak,C1,,abstrak,C1,,C4;C5,sedang,M3+M4,M3,V,V,Y,Y,,,,,,,,,,,"RGB-D images are processed with YOLOv8-seg and a BoT-SORT-based tracking module to obtain instance-level masks, from which a color-based ripeness index and 3D point clouds are derived. || assign each strawberry to one of nine operational size–maturity categories using predefined threshold rules || Yield maps aggregated in 1 m2 cells and by crop row revealed marked spatial variability in fruit density, maturity state, and size–maturity composition","BoT-SORT tanpa keterangan modul re-ID dikodekan M3. GNSS RTK dipakai untuk georeferensi peta; abstrak tidak menyatakan bahwa posisi dipakai untuk asosiasi buah, sehingga M4 tidak diberikan. Akurasi hitungan tidak dievaluasi di abstrak; validasi hanya segmentasi dan ukuran buah. Kepadatan buah per kategori dipetakan sehingga per_kelas Y."
24,indriani2026sawitmvc,2026,SawitMVC: A multi-view oil palm fruit bunch dataset for detection and counting,sama,mekanisme,abstrak,C1,,teks lengkap (web),C1,,C3;C4,tinggi,DATA,M1,D,D,Y,Y,,,,,,,,,,,"Photographing each tree from multiple positions captures all visible bunches but introduces a cross-view deduplication problem: the same bunch appears in several images || A separate per-tree JSON ground truth layer records 9823 unique bunches with their cross-view appearance links, supporting direct evaluation of counting algorithms independently of detection performance. || [parafrasa web] Validasi teknis memakai faktor koreksi global k = 1,8905 (14.041 kotak / 7.427 tandan unik pada data latih) dan SVR dengan vektor fitur lintas pandang 13 dimensi; SVR lebih baik pada Tree ±1 dan MAE.","Makalah dataset; kontribusi utamanya anotasi tautan lintas pandang, sedangkan metode asosiasi hanya baseline statistik (faktor koreksi k dan SVR), sehingga dikode M1 dan bukan DATA. Baseline tidak mengidentifikasi tandan individual. Hitungan per kelas B1–B4 dilaporkan (Class ±1); kelas berasal dari detektor per citra lalu diregresikan, cara agregasi kelas antarpandang tidak dinyatakan. Halaman dikosongkan karena teks dibaca dari PMC, bukan PDF."
31,long2026short,2026,A Short-Term Yield Prediction Method for Greenhouse Strawberries Integrating Visual Phenology and Meteorological Sequences,beda,grup,abstrak,X,E3,abstrak,C4,,C2,sedang,,,,,,,,,,,,,,,,,"an image repository of 784 original images annotated into five distinct phenological classes (flower, green, white, pink, and red) || by fusing these visual markers with meteorological time series (e.g., temperature, humidity, and light intensity), we construct a multimodal spatiotemporal feature matrix || BiTCN-SA achieves strong performance with a coefficient of determination (R2) of 0.958 and a root mean square error (RMSE) of 3.154","Tanaman yang sama dipantau berulang selama 72 hari sehingga C1 (akuisisi T, tanpa asosiasi buah, M0) dapat diperdebatkan; abstrak tidak menyebut langkah yang menghubungkan buah antarcitra, sehingga dikodekan C4 (hitungan per tahap fenologi dari citra tunggal untuk prediksi hasil)."
35,woo2026geometry,2026,Geometry-Driven Triangulation and Differentiable Semantic Gaussian Refinement for 3D Grape Bunch Model Reconstruction in the Field,sama,,abstrak,C1,,abstrak,C1,,C5,tinggi,M4,M4,V,V,N,N,,,,,,,,,,,"reconstructs a semantic 3D model of individual berries from handheld field video || Stage 2 forms multi-view tracks using epipolar constraints, azimuth-based neighborhood restriction, and radius consistency (without appearance descriptors), then triangulates and consolidates 3D berry centers via geometric gating and 3D non-maximum suppression || On 30 real-field bunches with labelled point-cloud ground truth converted to 3D ellipsoids, the refined models achieve F1 scores of 78.7–88.5%","Acuan adalah awan titik berlabel (bukan hitungan tangan); abstrak tidak melaporkan galat jumlah buah, hanya F1 pencocokan elipsoid 3D. Penghalusan Gaussian terdiferensiasi tetap bersifat geometris sehingga tidak dikode M5."
36,nguyen2026modular,2026,A Modular UAV-Based Framework for Apple Detection and Yield Extrapolation from 3D Point Clouds,sama,akuisisi,abstrak,C1,,abstrak,C1,,C5,sedang,M4+M1,M1+M4,S,D,N,N,,,,,,,,,,,"UAV-derived 3D point clouds offer richer structural information || regression and clustering (DBSCAN) for apple count estimation || using human-annotated section-level counts as reference ground truth show that regression achieves high accuracy (R2 ≈ 0.99, relative error ≤ 0.03)","Abstrak tidak menyatakan cara awan titik dibuat; frasa ""UAV imagery"" ditafsirkan sebagai fotogrametri dari banyak citra UAV (akuisisi D, M4). Bila ternyata LiDAR, akuisisi menjadi S. Regresi jumlah dikode M1; pengelompokan DBSCAN dalam ruang 3D dikode M4. Hitungan acuan dianotasi manusia per seksi, tidak jelas apakah di lapangan atau pada data."
37,fusaro2026horticultural,2026,Horticultural temporal fruit monitoring via 3D instance segmentation and re-identification using colored point clouds,sama,mekanisme,abstrak,C1,,teks lengkap,C1,,C5,tinggi,M5,M2+M4+M5,T,T,N,N,,,,,,,,,,,"we introduce an attention-based matching network that associates fruits with their counterparts from previous sessions || It also exploits the relative position T ∈RB×3 between the query fruit and the fruits in Ft−1. || containing the same row of strawberries at 3 different points in time, each separated by approximately one week","Asosiasi antarwaktu, bukan penghapusan duplikat untuk pencacahan; tidak ada metrik hitung. Deskriptor 3D terpelajar (M2) dan posisi relatif 3D dengan batas jarak 0,05 m pada awan titik terdaftar (M4) menjadi masukan jaringan pencocok berbasis atensi (M5); M2 dapat diperdebatkan karena deskriptor dilatih bersama pencocok. Masukan berupa pemindaian laser (S), tetapi akuisisi dikodekan T karena kunjungan ulang adalah inti kajian. Metrik identitas berupa F1 pencocokan (F1p, F1n, mF1), bukan MOTA/IDF1."
39,yoshida2026cross,2026,Cross-Day Grape Cluster Tracking Using Branch-Based 3D Alignment in Vineyards,sama,,abstrak,C1,,abstrak,C1,,,sedang,M4,M4,T,T,N,N,,,,,,,,,,,"Stable vine structures, such as trunks and main branches, are reconstructed using Structure from Motion, and their spatial correspondences are estimated through SIFT-based matching and similarity transformation. || the grape clusters detected by CenterNet are associated based on spatial proximity in the unified 3D space.","SIFT dipakai untuk menyelaraskan struktur cabang antarhari, bukan untuk mencocokkan buah, sehingga hanya M4. Abstrak tidak menyebut pembanding maupun metrik kuantitatif; teks lengkap tidak dapat diakses. Akuisisi tiap hari juga multipandang (SfM), tetapi ciri utamanya kunjungan ulang (T)."
45,si2026citrus,2026,Citrus yield estimation based on multi- object tracking in video streams using an improved YOLOv8n model,lunak,grup(lunak),abstrak,C1,,abstrak,X,E7,C1,sedang,M2+M3,M2+M3,V,V,N,N,,,,,,,,,,,"a cascaded matching strategy combining motion and appearance features for reliable identity association, and a track management system to assign unique IDs || The final fruit count was determined by the maximum unique ID assigned during the video sequence. || a handheld imaging system was used to capture 360° rotational video streams around 20 individual citrus trees","Isi kajian memenuhi C1 (DeepSORT pada video mengelilingi pohon). Kode X/E7 diberikan karena OpenAlex mencatat bahasa artikel zh (Journal of Fruit Science = Guoshu xuebao); hanya abstrak yang berbahasa Inggris. Apabila protokol menerima artikel berabstrak Inggris, kodenya C1. Abstrak tidak menyebut acuan hitungan; 'pohon' adalah dugaan dari konteks estimasi per pohon."
47,tu2026passion,2026,Passion Fruit Counting Method Based on Lightweight YOLO lln CLL and BoT SORT,sama,,judul,C1,,abstrak (web),C1,,,tinggi,M3,M3,V,V,N,N,,,,,,,,,,,"For object tracking, the BoT?SORT tracker was adopted, which incorporated a camera?motion?compensation module to mitigate camera?shake interference and improve tracking accuracy. || The region?based counting method yielded an average counting accuracy of 92.8% || achieved a HOTA of 62.4% and a MOTA of 68.4%","Kutipan verbatim dari abstrak Inggris di situs penerbit (tanda hubung tampil sebagai '?' pada sumber). BoT-SORT tanpa keterangan modul re-ID, sehingga M3 sesuai konvensi. Acuan hitung tidak dinyatakan di abstrak; anotasi video diasumsikan. Jurnal terbit dalam bahasa Tionghoa dengan abstrak Inggris; bila E7 diterapkan pada bahasa teks lengkap, rekaman ini menjadi X/E7."
50,piazolo2026enhanced,2026,Enhanced grape tracking (using deep neural networks) with an extended matching algorithm for SORT and DeepSORT,sama,mekanisme,abstrak,C1,,abstrak,C1,,,tinggi,M3,M2+M3,V,V,N,N,,,,,,,,,,,"evaluating the real-time tracking performance and counting accuracy of SORT, DeepSORT, ByteTrack, and the newly proposed SORT+ and DeepSORT+ algorithms || SORT+ and DeepSORT+ incorporate a novel matching cascade that leverages the complementary strengths of Mahalanobis, IoU, and Euclidean distances || SORT+ improves the counting accuracy from 33% to 96%","SORT+ tanpa re-ID (M3) dan DeepSORT+ dengan re-ID (M2+M3) sama-sama diusulkan; angka hitung 96% berasal dari SORT+, sehingga penghapus duplikat ditulis M3. Abstrak tidak menyebut acuan hitungan; anotasi video diasumsikan dari pemakaian MOTA dan IDF1."
51,lin2026tomato,2026,Tomato Maturity Classification and Fruit Counting Based on RGB and Multispectral Images †,sama,mekanisme,abstrak,C1,,teks lengkap,C1,,C4;C5,tinggi,M3,M2+M3,V,V,Y,Y,,,,,,,,,,,"the tracking module associates individual tomatoes across image sequences to avoid duplicate counting || We employ the tracking algorithm StrongSORT [29] for individual tomato tracking || Predictions from multiple frames were aggregated, and the class receiving the highest number of votes was selected as the final maturity label for each tomato.","StrongSORT dikodekan M2+M3 sesuai konvensi. Metrik identitas (MOTA, IDF1) tidak dilaporkan. Tanaman yang sama dipotret ulang tiap pekan, tetapi kunjungan ulang hanya dipakai untuk pelabelan kematangan, bukan untuk asosiasi buah. Akurasi klasifikasi dihitung dengan kotak ground truth, tanpa pelacak."
52,bharti2026geo,2026,Geo-Referenced Factor-Graph SLAM for Orchard-Scale 3D Apple Reconstruction and Yield Estimation,sama,,abstrak,C1,,teks lengkap,C1,,C5,tinggi,M3+M4,M3+M4,V,V,N,N,,,,,,,,,,,"Apples are detected using a YOLO-based model and associated across frames via CoTracker3, enabling robust multi-view landmark reconstruction. || The pipeline produced Npred = 9739 landmarks versus NGT = 9985 apples, corresponding to an absolute error of 246 apples and an aggregate undercount of 2.46%. || The ground-truth value is established by physically harvesting the scanned orchard block and manually counting all collected fruits","Satu track CoTracker3 menjadi satu landmark 3D; hitungan adalah jumlah landmark sah, sehingga penghapus duplikat utama adalah pelacakan (M3), sedangkan triangulasi dan iSAM2 (M4) menyaring dan memperhalus landmark tanpa menggabungkannya. CoTracker3 adalah pelacak titik terlatih, dikodekan M3. Naskah mengakui tidak ada re-identifikasi setelah putar balik dan potensi hitung ganda dari dua sisi baris belum dievaluasi. Metrik pelacakan dihitung terhadap anotasi (253 identitas GT)."
53,lee2026lidarcamera,2026,LiDAR–Camera Fusion for 3D Fruit Counting and Density Mapping in Horizontal Trellis Orchards,sama,mekanisme,abstrak,C1,,teks lengkap,C1,,C5,tinggi,M3+M4,M4,V,V,N,N,,,,,,,,,,,"The detected fruits were associated based on their estimated 3D coordinates within the SLAM-generated map, enabling the system to maintain consistent fruit identities || The association process employs a nearest-neighbor search, accelerated by a k-d tree [26], to find the closest existing instance || The system estimated a total of 1,963 fruits compared with the ground truth of 1,891 fruits","Abstrak menyebut 'temporal tracking', tetapi asosiasi dilakukan murni dengan jarak Euclid 3D (ambang 0,075 m) pada peta FAST-LIO2 dan rerata kumulatif posisi; naskah menyatakan pelacakan 2D antarframe tidak memadai, sehingga M3 tidak dikodekan. Akuisisi UGV berhenti-jalan dengan kamera RGB dan LiDAR pada lintasan bolak-balik bertumpang-tindih 50%; dikodekan V. Acuan hitung adalah anotasi manual pada peta awan titik berwarna, bukan hitungan di pohon."
55,weng2026citrus,2026,Citrus tracking and counting using UAV remote sensing video imagery with improved YOLO11,sama,,judul,C1,,abstrak (web),C1,,,tinggi,M3,M3,V,V,N,N,,,,,,,,,,,"[parafrasa web] Proposes a citrus fruit tracking and counting method for UAV video streams that fuses a lightweight YOLO11-PMSL detector with a ByteTrack-DIoU algorithm. || [parafrasa web] A region-counting anti-jitter mechanism is embedded in ByteTrack-DIoU to resolve ID switches caused by occlusion. || [parafrasa web] Multi-object tracking accuracy rises 5.5, 5.7 and 4.3 points over SORT, DeepSORT and BoT-SORT; average tracking-count accuracy reaches 88.4%.","Abstrak (terjemahan dari bahasa Tionghoa) tidak menyebut acuan hitung; kode anotasi adalah dugaan (hitung manual pada video), karena pemeriksa tidak menerima nilai kosong. Naskah lengkap berbahasa Tionghoa dengan abstrak Inggris di jurnal; bila protokol menilai bahasa naskah, E7 perlu dipertimbangkan."
56,huang2026phemut,2026,"PheMuT: A phenology-informed, multi-modal time-series model for strawberry yield forecasting",beda,grup,judul,X,E3,abstrak (web),C1,,,sedang,,,,,,,,,,,,,,,,,"[parafrasa web] The model employs two YOLOv11 detectors, an optimized ByteTrack tracker, Segment Anything and Depth Anything v2 for fruit detection, canopy and volume estimation. || [parafrasa web] Across two cultivars and seasons, PheMuT reduces MAE by 10.7%, RMSE by 12.5%, and MAPE by 18.6% compared to manual baselines.","Hanya parafrasa abstrak yang terbaca. ByteTrack tidak memakai re-ID sehingga dikodekan M3. Akuisisi video disimpulkan dari pemakaian pelacak; data juga berupa deret waktu (kunjungan ulang, T). Parafrasa tidak menyebut apakah hitungan dilaporkan per tahap fenologi, sehingga per_kelas diisi N; rujukan panen disimpulkan dari tugas prakiraan hasil. Metrik pelacakan tidak disebut."
57,chen2026research,2026,Research on Lightweight Apple Detection and 3D Accurate Yield Estimation for Complex Orchard Environments,beda,grup,abstrak,C1,,teks lengkap,C5,,C2,tinggi,M0,,1,,N,,,,,,,,,,,,"the CLV algorithm deeply integrates depth camera point cloud information through 3D coordinate mapping, irregular point cloud reconstruction, and convex hull volume calculation to achieve accurate estimation of individual fruit volume and total yield || The apple reconstruction and yield estimation results generated by the algorithm under each scenario were compared against the ground truth weights obtained after manual harvesting using a high-precision scale || Subsequent research could explore prior models for complete fruit shape based on partial observations or utilize multi-view information fusion to improve reconstruction completeness","Citra RGB-D diambil dari beberapa sudut, tetapi setiap citra diproses sendiri; tidak ada asosiasi antarpandang dan fusi multipandang disebut sebagai pekerjaan lanjutan, sehingga bukan C1. Estimasi hasil berupa massa per buah dari volume (galat 3,2% hingga 13,66%), bukan pencacahan."
58,yang2026real,2026,A real-time semantic 3D vineyard mapping and fruit localization system for yield estimation in dynamic vineyards,sama,,abstrak,C1,,abstrak,C1,,C5,tinggi,M4,M4,V,V,N,N,,,,,,,,,,,"The proposed framework integrates the ORB-SLAM3 backend with a lightweight semantic segmentation model || followed by DBSCAN clustering and PCA-based modeling to extract the 3D location and quantity of grape bunches || The average counting error was 5.95%, demonstrating the system’s applicability for automated yield estimation.","Tandan dihitung dari klaster pada peta titik global hasil SLAM, sehingga duplikat antarframe dilebur secara geometris (M4). Abstrak tidak menyebut acuan hitung; 'pohon' (hitungan manual di kebun) adalah dugaan. Jenis sensor (RGB-D atau stereo) tidak disebut di abstrak."
59,doyle2026proximal,2026,Proximal sensing of horticultural crops with mobile device LiDAR,sama,,abstrak,X,E1,abstrak,X,E1,,tinggi,,,,,,,,,,,,,,,,,"a mobile device LiDAR sensor was used to collect 295 colorized point clouds of pepper, tomato, and watermelon plants || aboveground vegetative biomass, leaf and stem biomass, and leaf and stem number were physically measured in tomato and watermelon plants","Yang diukur adalah struktur vegetatif tanaman (tinggi, biomassa, jumlah daun dan batang); buah tidak dideteksi, dicacah, maupun diukur."
64,feng2026greenhouse,2026,Greenhouse Tomato Fruit Inspection and Counting Method Based on Improved YOLO v8n ByteTrack,lunak,grup(lunak),judul,C1,,abstrak (web),X,E7,C1,sedang,M3,M3,V,V,N,N,,,,,,,,,,,"[parafrasa web] Abstrak (terjemahan dari bahasa Tionghoa): metode pencacahan dinamis buah tomat rumah kaca dengan YOLO v8n yang diperbaiki dan ByteTrack berstrategi pencocokan ulang skor rendah adaptif. || [parafrasa web] Pencacahan memakai mekanisme pencocokan wilayah berurutan; pada 5 video rumah kaca MAE 1,4 dan akurasi hitung 96,6%, lebih baik daripada pencacahan garis dan wilayah.","Artikel terbit dalam bahasa Tionghoa (metadata penerbit DC.Language cn; hanya judul dan abstrak yang tersedia dalam bahasa Inggris), sehingga menurut protokol dikeluarkan dengan E7. Dari segi isi, kajian ini memenuhi C1 (pelacakan ByteTrack pada video, M3); bila artikel berbahasa Tionghoa dengan abstrak Inggris diterima, kodenya C1. Acuan hitung tidak dinyatakan dalam abstrak. referensi_hitung diisi ""tidak ada"" karena sumber yang terbaca tidak menyatakannya, bukan karena dipastikan tidak ada."
73,park2026incremental,2026,Incremental 3D Crop Model Association for Real-Time Counting in Dense Orchards,sama,,judul,C1,,abstrak (web),C1,,C5,sedang,M4,M4,V,V,N,N,,,,,,,,,,,"we propose a real-time crop counting framework that incrementally constructs global 3D crop instances during data collection. || To ensure robust association across frames, we employ 3D Generalized Intersection over Union (GIoU) for spatial matching and confidence-based filtering for validation, effectively reducing double-counting in dense orchards.","Abstrak tidak menyebut referensi hitung maupun metrik; 'tidak ada' pada referensi_hitung berarti tidak dinyatakan di abstrak, dan 'hitung' disimpulkan dari klaim akurasi pencacahan. Jenis sensor (kemungkinan RGB-D atau LiDAR) juga tidak disebut."
74,wang2026semantic,2026,Semantic NeRF-Oriented 3-D Object Counting for Industrial Fruit Harvesting,sama,,abstrak,C1,,abstrak,C1,,C5,sedang,M4,M4,D,D,N,N,,,,,,,,,,,"we propose a 3D object counting framework that integrates semantic Neural Radiance Fields (NeRF) with a physics-guided adaptive clustering algorithm. || Thus, they suffer from the multi-view double-counting issue. || improves counting accuracy by an average of 9.0 percentage points (6.9 pp on synthetic, 7.2 pp on real-world, and 12.9 pp on Fuji)",Kode kelompok dan mekanisme jelas dari abstrak. Abstrak tidak menyebut pola akuisisi (citra multipandang diskret atau video; D dipilih karena NeRF memakai citra berpose) dan tidak menyebut acuan hitungan; 'anotasi' adalah dugaan.
79,wang2026uav,2026,UAV-based monocular 3D panoptic mapping for fruit shape completion in orchard,sama,,abstrak,C1,,teks lengkap,C1,,C5,tinggi,M3+M4,M3+M4,V,V,N,N,,,,,,,,,,,The objective is to associate individual apples across 2D consecutive UAV-captured frames while maintaining high segmentation accuracy. || the foreground submaps of each apple entity were derived by accumulating the unprojected point cloud from multiple frames. || a total of 2729 individual apples were detected and reconstructed with our panoptic mapping method within row 1 under flight mode A.,"Tujuan utama adalah pelengkapan bentuk dan ukuran buah, bukan pencacahan; jumlah 2.729 apel tidak dibandingkan dengan acuan apa pun. Identitas buah ditentukan ID pelacakan Grounded-SAM2 (M3); SfM (M4) dipakai untuk memproyeksikan piksel tiap ID ke kerangka dunia, bukan untuk menggabungkan duplikat. Pelacak SAM2 berbasis memori tampilan, tetapi sesuai konvensi dikode M3. Metrik ukuran (RMSE diameter, Chamfer distance) tidak tercakup dalam pilihan tingkat_metrik."
80,subasinghe2026cocosense,2026,CocoSense: AI-Powered Drone-Based System for Comprehensive Coconut Tree Health Monitoring and Yield Prediction,beda,grup,abstrak,X,E3,abstrak,C1,,C2,rendah,,,,,,,,,,,,,,,,,(4) coconut yield estimation (87.86% accuracy) using YOLOv8 with dual-view acquisition strategy. || a coconut bunch detection (88.96% accuracy) module is developed to support yield estimation by identifying fruit clusters within tree canopies.,"Sebagian besar makalah membahas hama, penyakit, dan kesehatan daun (di luar cakupan); hanya modul keempat yang relevan. Abstrak menyebut akuisisi dua pandang tetapi tidak menyebut cara penggabungan atau penghapusan duplikat; M0 adalah dugaan dan dapat berupa M1. Acuan hitung tidak dinyatakan. Jika dua pandang ternyata diproses terpisah, kode menjadi C2."
81,gao2026vision,2026,Vision-Based 3D Fruit Localization for Robotic Harvesting Using Recursive State Estimation,sama,,abstrak,C1,,abstrak,C1,,C5,sedang,M3+M4,M3+M4,V,V,N,N,,,,,,,,,,,"we propose a novel framework for fruit 3D localization that leverages temporal associations between consecutive video frames, and employs a Recursive Least Squares (RLS) estimator || This approach enables robust and precise position tracking of individual fruits, facilitating both non-invasive yield prediction and targeted harvesting operations.","Pengamatan buah yang sama pada bingkai berurutan dihubungkan lalu posisinya diestimasi secara rekursif, sehingga memenuhi C1 (menautkan buah lintas citra). Tidak ada hitungan yang dilaporkan di abstrak; yang dievaluasi adalah akurasi lokalisasi, yang tidak tercakup pilihan tingkat_metrik. Bila C1 dianggap mensyaratkan pencacahan, alternatifnya C5. Jenis buah dan sensor tidak disebut."
85,santos2026multi,2026,Multi-Fruit Tracking and 3-D Structure Recovery via CoTracker,sama,mekanisme,abstrak,C1,,abstrak,C1,,C5,sedang,M3+M4,M3+M4+M5,V,V,N,N,,,,,,,,,,,"This work leverages CoTracker, a transformer-based model for point tracking using cross-track/cross-time attention, to simultaneously perform multiple fruit tracking, 3-D fruit localization, and camera pose estimation. || The proposed approach demonstrates promising results in fruit counting, tracking, and scene reconstruction","CoTracker adalah pelacak titik terlatih (transformer), sehingga M3 dan M5 sama-sama berlaku; lokalisasi 3-D dan estimasi pose kamera memberi M4. Abstrak tidak menyebut mekanisme mana yang menghapus duplikat, acuan hitungan, maupun metrik; referensi_hitung dan tingkat_metrik adalah dugaan dari abstrak dan perlu diperiksa pada teks lengkap."
91,blondet2026counting,2026,Counting Avocados in Orchard Videos Using a YOLO and BoT-SORT-Based Architecture,sama,,judul,C1,,abstrak (web),C1,,,sedang,M3,M3,V,V,N,N,,,,,,,,,,,"[parafrasa web] The system combines YOLOv8m for fruit detection with the BoT-SORT algorithm for temporal tracking to automatically count avocados in videos. || [parafrasa web] For cumulative counting, the system reached an Absolute Counting Precision (ACP) of 92.68%, with MAE of 2.0 and RMSE of 3.16.","Abstrak tidak menyebut pemakaian modul re-ID pada BoT-SORT, sehingga dikodekan M3 sesuai konvensi. Abstrak tidak menyatakan acuan hitungan; 'anotasi' adalah dugaan (hitungan manual pada video) dan perlu diperiksa pada teks lengkap."
92,kurdthongmee2026non,2026,Non-Destructive Mangosteen Volume Estimation via Multi-View Instance Segmentation and Hybrid Geometric Modeling,sama,,abstrak,X,E2,abstrak,X,E2,,sedang,,,,,,,,,,,,,,,,,We offer a novel study framework employing both multi-view instance segmentation and hybrid geometrical feature modeling to quantitatively model mangosteen volume with traditional 2D imaging. || ready for incorporation into automated sorting and grading systems integrated in post-harvest processing pipelines.,"Estimasi volume buah manggis tunggal dari pandangan samping dan bawah; konteksnya pemilahan lepas panen. Abstrak tidak menyatakan secara eksplisit bahwa citra diambil di laboratorium, tetapi tidak ada indikasi buah di pohon. Multipandang di sini untuk pengukuran satu buah, bukan pencacahan."
98,pradhan2026performance,2026,Performance Analysis of Various Machine Learning Techniques for Fruit Classification and Counting from Images,beda,grup,abstrak,X,E5,abstrak,C2,,,rendah,,,,,,,,,,,,,,,,,Computer vision is being used to detect fruits and vegetables to deter-mine their three-dimensional position.,"Abstrak hanya uraian umum tentang visi komputer di pertanian presisi dan tidak menyebut data, metode, maupun hasil. Kode C2 diputuskan dari judul (klasifikasi dan pencacahan buah dari citra). Tidak dapat dipastikan apakah buah berada di pohon atau citra pascapanen (kemungkinan E2), dan apakah bab ini bersifat tinjauan (R)."
108,zhu2026research,2026,Research on Greenhouse Eggplant Fruit Detection and Tracking-Based Counting Using an Improved YOLOv5s-DeepSORT,sama,,abstrak,C1,,teks lengkap,C1,,,tinggi,M2+M3,M2+M3,V,V,N,N,,,,,,,,,,,"DeepSORT predicts the state of each track using a Kalman filter and extracts an appearance embedding for each detection using a lightweight ReID network. || By maintaining a counted-ID set, each track ID is counted at most once throughout the entire video, thereby suppressing duplicate counting. || The platform was manually towed at a constant speed of 0.1 m/s along the eggplant rows, simulating the motion of an inspection robot.","Duplikat dihapus oleh ID lintasan DeepSORT (penampilan ReID dan gerak Kalman) ditambah aturan zona hitung dengan himpunan ID terhitung. Acuan hitung disebut 'manual counting' per video tanpa menyatakan apakah dihitung di lapangan atau dari video; dikodekan anotasi, alternatifnya pohon. Tidak ada metrik identitas (MOTA, IDF1). Kamera RealSense D435i dipakai, tetapi kedalaman tidak digunakan."
116,hassan2025orange,2025,Orange yield estimation using object tracking and 3D reconstruction,sama,per_kelas,abstrak,C1,,teks lengkap,C1,,C4,tinggi,M3+M4,M3+M4,V,V,Y,N,,,,,,,,,,,Then the Byte tracker is deployed to track oranges in consecutive video frames. || Mapping 3D points back to the 2D image can help us obtain the per­tree yield and to remove the recounted fruits that are missed by the object tracker. || If a feature point belongs to more than one fruit then it indicates that the fruit is recounted.,"ByteTrack ditambah pencocokan jarak Euclidean antarubin (M3); rekonstruksi COLMAP (SfM) dipakai untuk menghapus buah terhitung ulang dan menetapkan buah ke pohon dengan K-means (M4). Kematangan diklasifikasi MobileViT per objek terlacak, tetapi hitungan per kelas tidak dilaporkan (Tabel 4 dan 5 hanya total), sehingga per_kelas N. Sumber 'Original Count' tidak dijelaskan (hitung di pohon atau dari video); diisi anotasi dengan keyakinan rendah. Tidak ada metrik identitas."
117,suharjito2025oil,2025,Oil Palm Fruits Dataset in Plantations for Harvest Estimation Using Digital Census and Smartphone,sama,,abstrak,C3,,teks lengkap,C3,,C1,sedang,,,,,,,DATA,DATA,POHON,POHON,RGB,RGB,Y,Y,Y,Y,"The data collection process entailed recording videos by rotating around each tree to capture all fruit images from multiple angles. || In total, 440 videos were collected in this study, where the durations are ranging from 8 seconds to 1 minute and 31 seconds. || Bounding boxes were drawn around each fruit and oil palm flower in the images.","Makalah dataset sawit. Video mengelilingi pohon membuat tandan yang sama muncul pada banyak frame, sehingga definisi dataset C1 juga terpenuhi; namun anotasi hanya kotak per frame tanpa identitas tandan dan tidak ada metode atau evaluasi lintas citra, sehingga kode utama C3. Tidak ada evaluasi hitung; validasi hanya deteksi."
118,dong2025fruit,2025,Fruit detection and yield estimation in Camellia oleifera based on improved YOLOv8 and ByteTrack algorithm,sama,,abstrak,C1,,abstrak,C1,,,sedang,M3+M1,M1+M3,V,V,N,N,,,,,,,,,,,the improved ByteTrack algorithm based on ByteTrack is utilized for multi-scale small-target tracking. || Using LightGBM and linear regression to establish the relationship between the number of surface fruits and the number of individual fruits || The approach produced a fruit-number prediction R ²of 0.945 and a yield- estimation R ²of 0.902 across our sample trees,"Abstrak tidak menyebut cara akuisisi; kode V disimpulkan dari pemakaian ByteTrack. Abstrak tidak menyatakan secara eksplisit bahwa pelacakan menghapus duplikat; M3 disimpulkan. Regresi (M1) menghubungkan jumlah buah permukaan dengan jumlah buah seluruh pohon. Acuan hitung (hitung tangan di pohon dan bobot panen) disimpulkan dari frasa 'number of individual fruits' dan 'average single fruit quality', tidak dinyatakan tegas."
119,mendez2025capsicum,2025,Capsicum Counting Algorithm Using Infrared Imaging and YOLO11,sama,mekanisme,abstrak,C1,,teks lengkap,C1,,C5,tinggi,M3,M2+M3,V,V,N,N,,,,,,,,,,,"The proposed capsicum counting pipeline integrates the YOLO11 detection model for capsicum identification and the BoT-SORT multi-object tracker to track detections across a video stream || To match detections with tracks, appearance features are employed. These features are extracted using a deep appearance encoder with ResNeSt50 [56] as the backbone. || In this way, the algorithm counts tracks rather than capsicum instances per frame.","Naskah menguraikan BoT-SORT dengan modul re-ID (biaya kosinus penampilan dan IoU), sehingga dikodekan M2+M3; tabel parameter pelacak tidak menyebut secara eksplisit apakah re-ID diaktifkan pada implementasi Ultralytics. Hitungan memakai wilayah hitung (0,33-0,75 lebar bingkai). Referensi adalah hitungan manual dari video. C5 karena modalitas inframerah."
120,qi2025assessment,2025,Assessment of the tomato cluster yield estimation algorithms via tracking-by-detection approaches,sama,,abstrak,C1,,abstrak,C1,,,tinggi,M3+M2,M2+M3,V,V,N,N,,,,,,,,,,,"we herein establish a public multi-object tracking (MOT) dataset for tomato cluster counts, while evaluating and comparing state-of-the-art target detection and MOT-based algorithms || The tracking algorithms included state-of-the-art methodologies such as SORT, DeepSort, ByteTrack, and BotSort. || the ByteTrack-based algorithm registers the highest counting accuracy at 95.5%, whereas BotSort achieves the highest MOTA score with 84.6%","Studi pembanding empat pelacak: SORT dan ByteTrack (M3), DeepSORT dan BoT-SORT dengan modul ReID (M2+M3). Hitungan terbaik berasal dari ByteTrack tanpa ReID sehingga penghapus duplikat dikodekan M3. Abstrak tidak merinci aturan penghitungan (garis atau ID unik) dan acuan hitung diasumsikan anotasi dataset MOT."
123,zhang2025robust,2025,Robust real-time blueberry counting in greenhouses using small-object detection and mamba-driven multi-step trajectory completion,sama,,abstrak,C1,,abstrak,C1,,,sedang,M3,M3,V,V,N,N,,,,,,,,,,,"Thereafter we put forward a prediction-driven two-stage matching strategy based on ByteTrack, which effectively reduces duplicate counting caused by missed detections. || For blueberry greenhouse counting task, the overall pipeline achieves an accuracy of 92.5% and a processing speed of 35 FPS on the edge device.","Prediksi lintasan memakai jaringan terlatih (KAN-Mamba), tetapi berfungsi sebagai model gerak di dalam ByteTrack sehingga dikode M3, bukan M5. Abstrak tidak menyebut acuan hitungan; anotasi diasumsikan. Hanya bluberi matang yang dihitung, tanpa hitungan per kelas."
125,singh2025robust,2025,Robust real-time strawberry maturity detection using UAV-mounted deep learning for precision agriculture,beda,grup,abstrak,X,E5,teks lengkap (web),C1,,C4,sedang,,,,,,,,,,,,,,,,,utilizes an innovative YOLOv9-GLEAN-based algorithm to perform real-time and offline detection and counting of mature strawberries || [parafrasa web] A line counter (solid red line) method is employed to count the detected ripe strawberries throughout the monitoring process. || [parafrasa web] the detection and counting algorithm effectively identifies and tracks ripe strawberries and provide separate id's to each detected and classified strawberry during flight operations.,"Teks lengkap dibaca melalui ringkasan WebFetch, bukan PDF lokal, sehingga kutipan ditandai parafrasa dan halaman dikosongkan. Algoritma pelacak tidak teridentifikasi; dikodekan M3 karena garis hitung dan ID per buah. Hanya kelas matang yang dihitung, sehingga per_kelas N. Referensi hitung adalah pengamatan langsung di rumah kaca."
137,zhang2025row,2025,Row-based kiwifruit counting pipeline for smartphone-captured videos using fruit tracking and detection region adaptation guided by support-post,sama,mekanisme,judul,C1,,abstrak (web),C1,,,tinggi,M3,M2+M3,V,V,N,N,,,,,,,,,,,"[parafrasa web] The pipeline comprises three key components: kiwifruit and support-post detection, video-based kiwifruit counting, and detection region adaptation. || [parafrasa web] A two-containers verification (TCV) method was applied following fruit tracking to reduce over-estimation; counting accuracy rose from 40.12% to 94.20% on ByteTrack and 37.59% to 96.65% on DeepSORT. || [parafrasa web] Sequences are captured by smartphones on a stabilizer and extension pole, spanning the full length of each kiwifruit row; results were close to manual counts.","Dua pelacak diuji: ByteTrack (M3) dan DeepSORT (M2+M3), sehingga mekanisme ditulis M2+M3. Acuan hitung ditulis pohon berdasarkan frasa 'manual counts' pada parafrasa web; tidak dapat dipastikan apakah hitung manual dilakukan di kebun atau pada video. Teks lengkap tidak terbaca."
142,ogundele2025real,2025,Real-Time Strawberry Ripeness Classification and Counting: An Optimized YOLOv8s Framework with Class-Aware Multi-Object Tracking,sama,,abstrak,C1,,teks lengkap,C1,,C4,tinggi,M3,M3,V,V,Y,Y,,,,,,,,,,,"This system processes video streams and uses the ByteTrack MOT algorithm to accurately identify, track, and count individual strawberries according to the ripeness class across frames. || By including the class variable, the matching process between predicted and detected objects is performed on a per-class basis || the ground truth was established by two independent operators manually counting all strawberry fruits of each ripeness level in every row after data collection","Kelas dimasukkan ke vektor keadaan Kalman ByteTrack dan pencocokan dilakukan per kelas; duplikat dicegah dengan pemeriksaan track-ID saat sentroid memasuki ROI. Metrik identitas (MOTA, IDF1) tidak dilaporkan."
146,wang2025phenotypic,2025,Phenotypic Trait Acquisition Method for Tomato Plants Based on RGB-D SLAM,beda,grup,abstrak,X,E1,abstrak,C1,,C5,sedang,,,,,,,,,,,,,,,,,"This study proposes a 3D semantic reconstruction system based on an improved ORB-SLAM3 framework, which is mounted on an unmanned vehicle to acquire phenotypic traits in tomato cultivation scenarios. || A spherical fitting method is applied to estimate the number of tomato fruits. || the errors concerning the fruit count and fruit volume are 14.36% and 14.25%","Buah dihitung pada peta awan titik semantik gabungan hasil SLAM, sehingga duplikat antarbingkai dilebur secara geometris (M4). Abstrak tidak menyebut pembanding hitungan; pengukuran manual pada tanaman adalah dugaan."
147,hnida2025transfer,2025,Transfer learning-enhanced deep learning for tree crown geometric analysis and crop yield estimation using UAV imagery,sama,,judul,X,E3,abstrak (web),X,E3,,tinggi,,,,,,,,,,,,,,,,,"[parafrasa web] Metodologi mengestimasi biovolume dan memprediksi produktivitas pohon zaitun dari citra multipandang drone melalui segmentasi tajuk (FastSAM disetel dengan YOLOv11). || [parafrasa web] Parameter geometri tajuk (Convex Hull, tinggi dari pandangan samping) dimasukkan ke model regresi; R2 95,84% sampai 97,78%, galat relatif estimasi hasil 6,05%.","Hasil panen dimodelkan dari geometri tajuk tanpa mendeteksi buah. E1 (tajuk pohon, bukan buah) juga dapat dipakai sebagai alasan."
148,safre2025deep,2025,Deep learning framework for fruit counting and yield mapping in tart cherry using YOLOv8 and YOLO11,sama,,abstrak,X,E2,abstrak,X,E2,C1,sedang,,,,,,,,,,,,,,,,,we compared the nano (n) and extra-large (x) configurations of YOLOv8 and YOLO11 for tart cherry detection and fruit counting on the harvester. || we introduce a new dataset with annotated cherries on the conveyor belt of the harvester || Fruit counting was performed using a combination of YOLO models and the BoT-SORT tracking algorithm.,"Buah dicitrakan di sabuk konveyor mesin panen, sudah lepas dari pohon, sehingga tidak memenuhi syarat buah di tanaman; E2 dipilih sebagai alasan terdekat. Bila pencitraan di mesin panen dianggap layak, kodenya C1 (pelacakan video). Abstrak tidak menyebut modul re-ID BoT-SORT, sehingga dikodekan M3."
152,wang2025tomato,2025,Tomato Yield Estimation Using an Improved Lightweight YOLO11n Network and an Optimized Region Tracking-Counting Method,sama,,abstrak,C1,,teks lengkap,C1,,C4,tinggi,M3,M3,V,V,Y,Y,,,,,,,,,,,"The Bytetrack algorithm [32] integrated into the YOLO11n model was used for fruit tracking in the videos. || Whenever a target bounding box began to enter the detection area, its ID value was recorded and counted, avoiding the miss count due to occlusion between leaves and fruits. || videos were also recorded using the aforementioned platform, with the rail cart moving forward at a constant speed during recording.","ByteTrack (filter Kalman dan algoritma Hungarian) tanpa fitur re-ID, sehingga M3. Kelas kematangan berasal dari detektor per frame; perpindahan kelas antarframe menimbulkan hitungan ganda (Gambar 12d-e), tanpa voting, sehingga dikodekan saat pelacakan. Acuan hitung adalah hitung manual per video; teks tidak menyebut hitung di tanaman, sehingga dikodekan anotasi. Kamera RealSense D435 dipakai tetapi hanya RGB yang digunakan (bukan C5). Tidak ada metrik identitas MOT."
153,zhai2025dynamic,2025,A Dynamic Kalman Filtering Method for Multi-Object Fruit Tracking and Counting in Complex Orchards,sama,,abstrak,C1,,teks lengkap,C1,,,tinggi,M2+M3,M2+M3,V,V,N,N,,,,,,,,,,,fruit targets are associated using a combined strategy based on Intersection over Union (IoU) and Re-Identification (Re-ID) features || the Darklabel annotation tool was used to manually annotate the bounding boxes and IDs of the 250 frames || Improved YOLO + dynamic Kalman filter tracker 0.85 1.57,"Video uji tunggal (Synthetic-apples, 24 s, 250 bingkai, lima pohon); hitungan dibandingkan dengan jumlah ID anotasi per bingkai, bukan hitungan di pohon."
155,fu2025estimating,2025,Estimating the weight of banana hands and fingers using RGB-D,sama,,judul,X,E2,abstrak (web),X,E2,,tinggi,,,,,,,,,,,,,,,,,[parafrasa web] The registered color and depth (RGB-D) images of the banana hands were captured from the convex and concave viewpoints using a controlled laboratory setup. || [parafrasa web] The more efficient post-harvest processing and grading were facilitated in the banana industry.,"Kutipan diambil kata demi kata dari meta dc.description di situs jurnal. Sisir pisang sudah dipanen dan dicitrakan di laboratorium untuk menduga massa; bukan buah di tanaman. Dua sudut pandang (cembung dan cekung) dipakai, tetapi tidak untuk pencacahan di lapangan."
158,pichhika2025enhanced,2025,Enhanced YOLO-Based Mango Detection and Centroid Tracking for Precise Yield Estimation,sama,,judul,C1,,abstrak (web),C1,,,sedang,M3,M3,V,V,N,N,,,,,,,,,,,"[parafrasa web] The detection model is integrated with an enhanced centroid tracking algorithm that employs multi-frame references for occlusion handling and dynamic threshold adjustments to achieve consistent tracking and accurate fruit counting. || [parafrasa web] validated across varying light conditions and different trees, demonstrating close alignment with ground truth data from manual labeling, achieving a mean average precision (mAP) of 93.6%.",Akuisisi video disimpulkan dari pelacakan sentroid multi-frame; parafrasa web tidak menyebut angka galat hitung maupun metrik identitas.
161,lyu2025real,2025,Real-time detecting and counting dual-association bagged grape clusters using EMO-YOLOv5s,sama,,judul,C1,,abstrak (web),C1,,,tinggi,M3,M3,V,V,N,N,,,,,,,,,,,"a dual-association was realized using ByteTrack and buffered intersection over union (BIoU) in the tracking stage. Euclidean distance was proposed to solve the target loss || The rectangular region counting was also selected after target tracking. || the higher order tracking accuracy, multiple-object tracking accuracy, and identification F1-score were 58.6%, 64.7% and 80.0%, respectively","Asosiasi berbasis tumpang-tindih kotak (BIoU) dan jarak Euclid tanpa fitur penampilan, sehingga M3. Acuan hitung tidak dinyatakan eksplisit di abstrak; diasumsikan hitungan manual pada 6 video (anotasi)."
163,de2025chromosomal,2025,Chromosomal duplication in Actinidia chinensis var. rufopulpa,sama,,abstrak,X,E1,abstrak,X,E1,,tinggi,,,,,,,,,,,,,,,,,two different diploid pulp genotypes were subjected to chromosomal duplication to create pre-breeding material for the development of red pulp fruit cultivars with reduced susceptibility to PSA,Kajian pemuliaan kiwi (penggandaan kromosom dengan kolkisin); tidak ada metode berbasis citra. E1 dipilih sebagai alasan terdekat karena tidak ada alasan khusus untuk kajian tanpa pencitraan.
165,arbogast2025mon,2025,Mon Forest Towns: A Regional Recreation Economy Partnership Model in the Monongahela National Forest,sama,,abstrak,X,E1,abstrak,X,E1,,tinggi,,,,,,,,,,,,,,,,,"The Mon Forest Towns recreation economy partnership has served as a model to promote USDA agency and community partnerships to develop recreation economies. || collect data, and tackle “low-hanging fruit.”",Kajian kemitraan ekonomi rekreasi; kata fruit hanya muncul sebagai ungkapan. Tidak berkaitan dengan pencitraan buah.
167,zheng2025robust,2025,A Robust Tomato Counting Framework for Greenhouse Inspection Robots Using YOLOv8 and Inter-Frame Prediction,sama,,abstrak,C1,,teks lengkap,C1,,C4;C5,tinggi,M3+M4,M3+M4,V,V,Y,Y,,,,,,,,,,,"To avoid double-counting, IMU data (*s*) and box positions (Xn, Yn) in frame n predict positions in frame *m*, assuming constant bunch depth. || When the IOU between box′ n and boxm exceeded 0.7, they were considered the same tomato bunch, producing a single spatiotemporal tuple. || The final counts of red and green fruits correspond to the cumulative sums of “a” and “b” values across all tuples, respectively.","Asosiasi antarbingkai memakai prediksi posisi dari odometri IMU dan kedalaman lalu pencocokan IoU, tanpa fitur penampilan; dikodekan M3+M4. Kelas matang atau mentah ditentukan detektor per bingkai dan tersimpan di tuple tandan; tuple dengan jumlah buah terbanyak yang dipertahankan, bukan voting antarpandang. Objek yang dilacak adalah tandan, bukan buah tunggal."
168,zhou2025yield,2025,Yield Estimation in Banana Orchards Based on DeepSORT and RGB-Depth Images,sama,,abstrak,C1,,teks lengkap,C1,,C5,tinggi,M2+M3,M2+M3,V,V,N,N,,,,,,,,,,,"the DeepSORT was used to solve the repeated counting based on the Hungarian algorithm and Kalman filtering || calculated the Mahalanobis distance and cosine distance with the predicted result tracks, obtained the motion features and appearance features || the statistics steadily neared the actual value, and the average accuracy of each row gradually increased to 96.82%","DeepSORT dikodekan M2+M3 sesuai konvensi. Tiga batasan tambahan (lama pelacakan, jarak depth 1,5-2,5 m, rentang bobot) adalah penyaring pencacahan, bukan asosiasi dalam kerangka koordinat bersama, sehingga M4 tidak diberikan. Sumber angka aktual jumlah tandan tidak dijelaskan rinci; ditafsirkan sebagai hitungan di kebun, dan bobot aktual sebagai hasil panen. Tidak ada metrik identitas (MOTA/IDF1)."
170,lyu2025counting,2025,Counting bagging grape using improved YOLOv9s and adaptive Kalman filter,sama,,judul,C1,,abstrak (web),C1,,,sedang,M3,M3,V,V,N,N,,,,,,,,,,,"该方法由改进YOLOv9s检测模型、自适应卡尔曼滤波追踪算法和划线计数3个子方法构成 || 在计数性能方面，平均计数精度达到了80.0% || [parafrasa web] Penghitungan video anggur berkantong dengan YOLOv9s yang diperbaiki, pelacakan Kalman filter adaptif, dan penghitungan garis.",Jurnal berbahasa Tionghoa dengan abstrak Inggris; teks lengkap kemungkinan tidak berbahasa Inggris sehingga E7 dapat berlaku. Kode diberikan berdasarkan isi. Acuan hitungan tidak dinyatakan di abstrak; 'anotasi' diasumsikan.
173,chen2025research,2025,Research on Walnut (Juglans regia L.) Yield Prediction Based on a Walnut Orchard Point Cloud Model,sama,,abstrak,X,E3,abstrak,X,E3,,tinggi,,,,,,,,,,,,,,,,,"the tree height, canopy projection area, and volume of each walnut tree are calculated || a prediction model between tree morphology and yield is established",Hasil panen dimodelkan dari morfologi pohon pada awan titik UAV; buah tidak dideteksi.
175,yan2025research,2025,Research on an Apple Recognition and Yield Estimation Model Based on the Fusion of Improved YOLOv11 and DeepSORT,sama,,abstrak,C1,,teks lengkap,C1,,,tinggi,M2+M3,M2+M3,V,V,N,N,,,,,,,,,,,"the combination of a unique ID with the region of line (ROL) strategy in DeepSORT further boosts yield estimation accuracy to 84.45% || DeepSORT incorporates a re-identification (ReID) model based on the SORT algorithm, determining the unique ID of each target by comparing its similarity across multiple frame images. || A total of ten video files featuring fruit trees were used to evaluate the model's performance.","Referensi hitung disebut 'manual detection'; naskah menyatakan 10 pohon dihitung manual, sehingga dikodekan pohon. Cara perekaman video (lintasan kamera) tidak dirinci."
178,arizasentis2025comparative,2025,Comparative analysis of single-view and multiple-view data collection strategies for detecting partially-occluded grape bunches: Field trials,sama,mekanisme;akuisisi,abstrak,C1,,teks lengkap,C1,,,sedang,M3,M2+M3,D,V,N,N,,,,,,,,,,,"The PointTrack algorithm, trained and validated using MOTS annotations, was employed to evaluate detection and tracking performance through metrics of three trials. || The ratio between Tracked and GT values for single view ranged from 13 % to 23 %, while multiple views consistently outperformed, ranging from 27 % to 74 % || a comparison regarding the total count of grape bunches per video between the two methods and the real value obtained from the annotations was calculated","Makalah tidak menjelaskan cara PointTrack mengasosiasikan instans; kode M2+M3 mengikuti rancangan PointTrack asli (embedding instans hasil pembelajaran ditambah kedekatan antarframe), bukan pernyataan di makalah ini. Mekanisme penghapus duplikat tidak dinyatakan. Video UAV direkam dari tiga perspektif (depan, kiri, kanan) sepanjang lintasan; dikodekan V."
180,isobe2025mandarin,2025,Mandarin count estimation with 360-degree tree video and transformer-based deep learning,sama,,abstrak,C1,,abstrak,C1,,,sedang,M5,M5,V,V,N,N,,,,,,,,,,,"automatically estimating the number of small, unripe mandarins before thinning operations using 360-degree videos of the trees || A deep neural network model leveraging Transformer architecture is designed to fuse features from various viewing angles.",Abstrak tidak menyebut acuan hitung maupun metrik; 'pohon' dan 'hitung' adalah dugaan dari tugas estimasi jumlah buah per pohon dan perlu diperiksa pada teks lengkap. Tidak ada identifikasi buah individual; jumlah diregresi langsung dari fitur multipandang.
182,churuvija2025pose,2025,A pose-versatile imaging system for comprehensive 3D modeling of planar-canopy fruit trees for automated orchard operations,sama,,abstrak,X,E1,abstrak,X,E1,,tinggi,,,,,,,,,,,,,,,,,"Tree models, for example, are essential to determine cutting points and guide cutting tools to the correct positions when pruning selectively. || a wide range of UFO-trained tree offshoot diameters (OSDs), and side-branch lengths (SBLs) and spacings (SBSs)","Rekonstruksi 3D struktur cabang pohon untuk pemangkasan; tidak ada deteksi, pencacahan, atau pengukuran buah."
183,cao2025research,2025,Research on Apple Detection and Tracking Count in Complex Scenes Based on the Improved YOLOv7-Tiny-PDE,sama,,abstrak,C1,,teks lengkap,C1,,,tinggi,M2+M3,M2+M3,V,V,N,N,,,,,,,,,,,"DeepSort integrates a SORT-framework-based re-identification (ReID) network model to extract appearance features from the detection boxes, and it employs a matching cascade strategy || x_test(i) represents the ground truth count obtained through manual annotation in the video sequence, while y_test(i) denotes the predicted count generated by the multi-object tracking algorithm || a 10 min video segment with a resolution of 1920 × 1440 were captured","Video direkam drone dengan RealSense D435i, tetapi depth tidak dipakai dalam metode. Tabel 7 menunjukkan galat hitung model perbaikan (MAE-B 0,127) lebih besar daripada model dasar (MAE-A 0,089); semua hitungan melebihi hitung manual. 'MAE' di makalah sebenarnya galat relatif per video."
188,tu2025estimation,2025,Estimation of passion fruit yield based on YOLOv8n + OC-SORT + CRCM algorithm,sama,,judul,C1,,abstrak (web),C1,,,sedang,M3,M3,V,V,N,N,,,,,,,,,,,"[parafrasa web] The study proposes YOLOv8n + OC-SORT + CRCM (Central Region Counting Method) for detection, tracking and yield estimation of passion fruits, addressing double counting. || [parafrasa web] A real-world passion fruit video dataset of 24 one-minute videos was established; OC-SORT reached HOTA 67.10%, surpassing BoT-SORT, ByteTrack and StrongSORT.","Abstrak web tidak menyebut angka galat hitung dan tidak menyatakan pembanding hitungan; referensi 'anotasi' disimpulkan dari evaluasi pada dataset video beranotasi. OC-SORT berbasis gerak tanpa re-ID, sehingga M3."
189,mollineda2025estimation,2025,Estimation of orange tree production by regression from video segments under uncontrolled conditions,sama,mekanisme,abstrak,C1,,abstrak,C1,,,sedang,M1,M5,V,V,N,N,,,,,,,,,,,Count predictions based on individual frames were compared with those based on variable size sequences of frames centred on each tree (video segments). || Results statistically prove the value of considering multiple frames and the feasibility of yield estimation by regression in the wild. || this work explores counting fruits by regression on trees from real-world video data.,"Hitungan per pohon diregresikan langsung dari segmen video tanpa mengidentifikasi buah satu per satu, sehingga dikodekan M5 (fusi terpelajar yang meregresikan hitungan). Abstrak tidak menjelaskan cara penggabungan bingkai; bila prediksi per bingkai hanya dirata-ratakan, kode yang tepat adalah M1. Referensi 'anotasi' disimpulkan dari 'annotated video segments' dan 'number of visible oranges'."
195,poncemachete2025optimizing,2025,Optimizing Fruit Yield Prediction: Evaluating Multiobject Tracking Algorithms for Calamansi Fruit Detection Using Yolov8m,sama,,abstrak,C1,,abstrak,C1,,,tinggi,M3+M2,M2+M3,V,V,N,N,,,,,,,,,,,"This work analyzes the efficacy of multi-object tracking (MOT) algorithms in detecting calamansi fruits from drone-captured video footage, using the YOLOv8m object detection model. || Three MOT algorithms-SORT, DeepSORT, and ByteTrack-were evaluated using performance metrics such as Multiple Object Tracking Accuracy (MOTA), Higher Order Tracking Accuracy (HOTA), and ID F1 Score (IDF1). || The integration of YOLOv8m for detection with ByteTrack for tracking significantly reduced double-counting while ensuring good computational efficiency.","M2 masuk karena DeepSORT ikut dievaluasi; konfigurasi terbaik (ByteTrack) adalah M3 murni. Abstrak tidak melaporkan galat hitung, hanya metrik identitas; referensi anotasi disimpulkan dari metrik MOT."
196,jiang2025neural,2025,Neural Radiance Fields for Plot-level Cotton Crop Three-dimensional Reconstruction and Yield Estimation,sama,akuisisi,abstrak,C1,,abstrak,C1,,C5,tinggi,M4,M4,D,V,N,N,,,,,,,,,,,"a novel Neural Radiance Fields (NeRF)-based workflow was developed, integrating data acquisition, 3D reconstruction, and cotton boll mapping at the field-plot level || Finally, cotton boll counting for each plot was achieved using improved FruitNeRF. || the Mean Absolute Percentage Error (MAPE) between the predicted and ground truth number of cotton bolls was 4.41%",Akuisisi memakai dua cara (deret 10 kamera pada platform robot dan video ponsel mengelilingi plot); dikodekan V. Abstrak tidak menyebut cara memperoleh jumlah acuan; kode pohon;panen disimpulkan dari frasa jumlah buah dan bobot buah acuan.
197,hong2025fruitgaussian,2025,Fruitgaussian: 3D Gaussian Splatting for Automated Fruit Counting in Natural Orchard,sama,,abstrak,C1,,abstrak,C1,,,sedang,M4,M4,D,D,N,N,,,,,,,,,,,"we propose FruitGaussian, a novel 3D Gaussian Splatting (3DGS)-based framework for high-fidelity orchard scene understanding and fruit counting || Evaluations on real-world persimmon orchard datasets demonstrate a 96 % counting accuracy, surpassing Neural Radiance Fields (NeRF)-based methods by 16 %.","Abstrak tidak menyebut cara akuisisi (video atau pandangan diskret) dan tidak menyebut acuan hitungan; akuisisi D dan referensi pohon adalah dugaan. Pencacahan dilakukan dari point cloud yang diekstrak dari representasi Gaussian, sehingga M4."
202,akella2025deep,2025,Deep Learning-Based Coconut Ripeness Classification and Yield Estimation using YOLO and Kalman Filtering,sama,per_kelas,abstrak,C1,,abstrak,C1,,C4,sedang,M3,M3,V,V,Y,N,,,,,,,,,,,"employing YOLOv11 integrated with the Kalman Filter-Hungarian Algorithm, YOLOv8, and a custom-designed Convolutional Neural Network (CNN) to accurately identify coconuts at three distinct ripeness stages || the proposed approach was extended to facilitate automated counting of coconuts using different tracking methodologies","Abstrak tidak menyebut akuisisi video secara eksplisit (V disimpulkan dari pelacakan Kalman-Hungarian), tidak menyebut acuan hitung, dan tidak menyatakan apakah hitungan dilaporkan per kelas kematangan. Dataset sumber terbuka; tidak jelas apakah kelapa berada di pohon."
203,wei2025multi,2025,Multi-Object Tracking for Apple Counting in Orchards Using Stereo Vision,sama,,abstrak,C1,,abstrak,C1,,C5,sedang,M3+M4,M3+M4,V,V,N,N,,,,,,,,,,,"a 3D fruit counting framework based on stereo cameras in which each detection is localized within a georeferenced spatial coordinate system using GPS and visual odometry || To enable tracking across multiple consecutive frames, two state-of-the-art algorithms, OC-SORT and ByteTrack, are benchmarked against each other. || yielding an estimated total counting error of 20 apples, corresponding to a RMSE of 6.24 % and an R2 score of 0.96","Abstrak tidak menyebut sumber hitungan acuan; 'pohon' adalah dugaan dari frasa hitung per pohon. Abstrak juga tidak menjelaskan apakah duplikat dihapus oleh pelacakan, oleh posisi 3D bergeoreferensi, atau keduanya."
204,xing2025cb,2025,CB-YOLO-DeepSORT: Real-Time Yield Estimation for Tomatoes in Greenhouses,sama,,abstrak,C1,,abstrak,C1,,,sedang,M2+M3,M2+M3,V,V,Y,Y,,,,,,,,,,,"the DeepSORT -based multi-object tracking algorithm is applied to continuously monitor tomatoes at different maturity stages, maintaining identity consistency || Real-time data is visualized through daily snapshots (pie charts and counts of ripe/unripe fruits)","Abstrak tidak menyebut pembanding hitungan maupun galat hitung. Kelas kematangan berasal dari detektor dan dibawa oleh lintasan DeepSORT; cara penetapan kelas per buah unik tidak dijelaskan, sehingga 'saat pelacakan' adalah tafsiran. Hitungan matang/mentah ditampilkan pada dasbor, bukan dievaluasi."
207,vaishnavi2025fruit,2025,Fruit Detection and Yield Estimation using Path Aggregation Feature Pyramid Network and Deep SORT Algorithm: A Case Study on Orange Fruit,sama,,abstrak,C1,,abstrak,C1,,C4,sedang,M2+M3,M2+M3,V,V,Y,Y,,,,,,,,,,,"Deep SORT provides robust tracking capabilities, utilizing motion and appearance descriptors to maintain consistent object identities across video frames, thereby minimizing counting errors. || The system successfully distinguishes between ripe and unripe oranges, visualizing separate yield counts with bounding box segmentation. || achieving 95.8% detection accuracy and 92.3% counting precision on the complex orange orchard dataset",Abstrak tidak menyebut acuan hitungan secara eksplisit; 'anotasi' disimpulkan dari evaluasi pada dataset. Cara kelas dilekatkan pada identitas pelacak tidak dinyatakan.
209,hobart2025fruit,2025,Fruit Detection and Yield Mass Estimation from a UAV Based RGB Dense Cloud for an Apple Orchard,sama,akuisisi,abstrak,C1,,teks lengkap,C1,,C5,tinggi,M4,M4,S,V,N,N,,,,,,,,,,,"Ripe apples were detected by their color and structure from a photogrammetrically created three-dimensional point cloud with an automatic algorithm. || For the imagery, 3D point clouds were calculated photogrammetrically for datasets from each flight setting using a specialized software tool (Metashape Professional || At an altitude of 7.5 m, a model fit with an R2 of around 0.41 was achieved.","Buah dideteksi langsung pada awan titik SfM (ambang warna HSV, DBSCAN, pencocokan bola), sehingga duplikat antarcitra hilang karena rekonstruksi bersama. Akuisisi berupa foto beruntun UAV sepanjang baris (tumpang-tindih 90-96%), bukan video; dikodekan V. Referensi massa adalah panen per blok; asal referensi jumlah apel per blok tidak dirinci (disebut data referensi manual)."
210,qin2025research,2025,Research on fruit 3D point cloud segmentation based on improved YOLOv8,beda,grup,abstrak,X,E4,abstrak,C5,,,rendah,,,,,,,,,,,,,,,,,"By extracting mask information, corresponding depth information is obtained, and the point cloud data corresponding to apples is obtained, providing assurance for the accuracy of subsequent localization. || the improved YOLOv8 model has higher instance segmentation accuracy, an increase of 4.2 percentage points","Modalitas RGB-D (masker ke awan titik apel), tetapi evaluasi yang dilaporkan abstrak hanya akurasi segmentasi instans 2D; lokalisasi 3D tidak dievaluasi. Alternatif yang masuk akal: X dengan alasan E5."
211,monikapreethi2025yolov8,2025,YOLOv8-based Agricultural Robots for Precision Pollination and Yield Prediction,sama,,abstrak,X,E1,abstrak,X,E1,C2,rendah,,,,,,,,,,,,,,,,,"The system incorporates high-resolution cameras and IoT-enabled sensors to identify flowers, monitor pollinators, and evaluate fruit growth in real time. || average precision (AP) of 99.4% for flower identification and 98.7% for pollinator tracking || analyzed using a cloud-based machine learning framework, which facilitates yield prediction with 99.4% accuracy","Objek yang dideteksi dan dievaluasi adalah bunga dan penyerbuk, bukan buah. Prediksi hasil berasal dari model pembelajaran mesin di cloud dan abstrak tidak menyatakan adanya deteksi atau pencacahan buah. Apabila prediksi hasil dianggap estimasi hasil berbasis citra, kode alternatifnya C2."
215,azhellmee2025development,2025,Development of an inventory and mapping system for oil palm fresh fruit bunch,sama,alasan,abstrak,X,E5,abstrak,X,E3,,tinggi,,,,,,,,,,,,,,,,,"develop a GIS integrated web-based inventory system for tracking oil palm fresh fruit bunch yields || The platform was developed using Google Sites, integrates interactive mapping tools such as Mapbox","Sistem inventaris berbasis peta web dan kalkulator hasil tanpa metode berbasis citra; tidak ada alasan eksklusi yang tepat sama, E3 dipilih sebagai yang terdekat (hasil dicatat tanpa mendeteksi buah)."
222,garg2025autonomous,2025,Autonomous UAV Navigation and Mapping for Accurate Fruit Detection and Counting in Controlled Environments: Simulation and Real-World Validation,sama,akuisisi,abstrak,C1,,abstrak,C1,,C5,sedang,M4,M4,V,D,N,N,,,,,,,,,,,The solution is further extended to the real-life scenario using LiDAR based mapping and point-cloud filtering techniques to avoid recounting of fruits. || achieving a fruitcount accuracy of 98 % and 90 % respectively,"Abstrak tidak menyatakan pola akuisisi (pandangan diskret atau video), acuan hitung, dan apakah hitungan dilaporkan per kelas buah; akuisisi D dan referensi pohon adalah dugaan dari konteks kompetisi rumah kaca."
223,meyer2025fruitnerf,2025,FruitNeRF++: A Generalized Multi-Fruit Counting Method Utilizing Contrastive Learning and Neural Radiance Fields,sama,mekanisme,abstrak,C1,,teks lengkap (web),C1,,,tinggi,M4,M4+M5,D,D,N,N,,,,,,,,,,,"The masks are used to encode the identity of each fruit as instance embeddings into a neural instance field. || By volumetrically sampling the neural fields, we extract a point cloud embedded with the instance features, which can be clustered in a fruit-agnostic manner to obtain the fruit count. || combines contrastive learning with neural radiance fields to count fruits from unstructured input photographs of orchards","Identitas buah ditetapkan di ruang 3D bersama (NeRF, M4) melalui embedding instans yang dilatih secara kontrastif lalu dikelompokkan dengan HDBSCAN (jarak Euclid dan kosinus); komponen terlatih ini dikode M5, meskipun dapat pula dibaca sebagai M4 saja. Hitungan dilaporkan per jenis buah pada adegan terpisah, bukan per kelas atribut, sehingga per_kelas N. Acuan hitung adalah data sintetis beranotasi dan anotasi set Fuji. Nomor halaman mengacu pada PDF arXiv."
226,johnson2025agtech,2025,Agtech Framework for Cranberry-Ripening Analysis Using Vision Foundation Models,beda,grup,abstrak,X,E5,teks lengkap (web),C1,,C4,sedang,,,,,,,,,,,,,,,,,"using ground-based imaging (hand-held camera), we image same bog patch using fixed fiducial markers || Ground imaging enables tracking of individual berries for a detailed view of berry appearance changes. || [parafrasa web] Citra deret waktu diregistrasi ke citra pertama dengan SIFT dan homografi RANSAC; segmentasi buah memakai SAM 2 dengan klik titik.","Kajian mengaitkan buah yang sama antarkunjungan, tetapi tujuannya analisis pematangan, bukan pencacahan; kelayakan bergantung pada tafsir 'links fruit across images'. Identitas buah diperoleh dari registrasi citra (kerangka koordinat bersama) dan klik manual, sehingga M4 dipilih; penghapusan duplikat tidak relevan. Rasio kematangan dilaporkan sebagai persentase buah merah, bukan hitungan per kelas. Rincian metode berasal dari ringkasan WebFetch, bukan kutipan yang saya baca langsung."
227,xieli2025pinesort,2025,PineSORT: A Simple Online Real-Time Tracking Framework for Drone Videos in Agriculture,sama,,abstrak,C1,,teks lengkap (web),C1,,,sedang,M3,M3,V,V,N,N,,,,,,,,,,,"PineSORT enhances the tracking accuracy with motion direction cost, camera motion compensation, a three-stage association strategy, and overlap management. || a novel Multiple Object Tracking (MOT) system for drone-based agricultural monitoring, specifically tracking pineapples for yield estimation || we manually annotated the dataset using LabelStudio","Makalah hanya mengevaluasi metrik identitas terhadap anotasi MOT; galat hitung tidak dilaporkan. ORB dipakai untuk kompensasi gerak kamera, bukan pencocokan penampilan buah, sehingga dikodekan M3. Asosiasi berbasis IoU dan DIoU tiga tahap."
228,sasse2025object,2025,An Object-Tracking Technique for Counting Grape Clusters in Brazilian Northeast's Pergola Vineyards,sama,,abstrak,C1,,abstrak,C1,,,tinggi,M3,M3,V,V,N,N,,,,,,,,,,,"combines object detection (YOLOv8) and tracking (ByteTrack) to count grape clusters in handheld smartphone videos captured under diverse environmental conditions || achieving $75.1 \% \text{mAP} {@} 50$ and a 69.9 % F1-score for cluster detection, with a final cluster count only 27 % above the actual value",Abstrak hanya menyebut 'actual value' tanpa menjelaskan apakah itu hitungan tangan di kebun atau anotasi video; referensi pohon adalah dugaan. Kode kelompok dan mekanisme (ByteTrack = M3) tidak diragukan.
230,issad2025real,2025,Real-Time Fruit Detection and Counting,sama,,abstrak,C1,,abstrak,C1,,,sedang,M3,M3,V,V,N,N,,,,,,,,,,,"propose a system based on cutting-edge technologies, YOLOv8 and ByteTrack, to accurately detect and count fruits in real time || The comparison between the manual counting and the model showed an accuracy of 75.33 %.","Abstrak tidak menyatakan apakah buah berada di pohon, apakah pencacahan manual dilakukan pada video atau di lapangan, dan apakah hitungan dilaporkan per jenis buah (20 kelas adalah jenis buah, bukan atribut kematangan)."
231,lei2025spatio,2025,Spatio-Temporal Metric-Semantic Mapping for Persistent Orchard Monitoring: Method and Dataset,sama,,abstrak,C1,,abstrak,C1,,C5,sedang,M4+M2,M2+M4,T,T,N,N,,,,,,,,,,,"We present a 4D spatio-temporal metric-semantic mapping system that integrates multi-session measurements to track fruit growth over time. || combines a LiDAR-RGB fusion module for 3D fruit localization with a 4D fruit association method leveraging positional, visual, and topology information || our method achieves a 96.9% fruit counting accuracy for 1,790 apples across 60 trees","Keputusan C1 berkeyakinan tinggi; yang ragu adalah rinciannya. Abstrak tidak menyatakan referensi hitung (diduga hitung di pohon) dan tidak memisahkan mekanisme penghapus duplikat dalam satu sesi dari asosiasi antarsesi; informasi visual ditafsirkan sebagai M2, posisi dan topologi sebagai M4. Akuisisi juga memuat LiDAR (S) dalam tiap sesi."
232,kemper2025performance,2025,Performance Evaluation of Detection and Tracking Algorithms for Automated Grape Cluster Counting,sama,,abstrak,C1,,abstrak,C1,,,sedang,M3,M3,V,V,N,N,,,,,,,,,,,"two detection methods-YOLOv12 and RF-DETR-were compared in combination with two tracking algorithms-BoTSORT and ByteTrack-to generate four distinct configurations aimed at the automatic counting of grape clusters || Experimental results on a video dataset recorded in agroindustrial vineyards showed that the combination of YOLOv12 with BoT-SORT achieved the highest average relative counting accuracy, with 84.31%.","Abstrak tidak menyatakan apakah BoT-SORT dipakai dengan modul re-ID, sehingga dikodekan M3 sesuai konvensi. Acuan hitung tidak dinyatakan di abstrak; anotasi adalah dugaan dari frasa akurasi hitung relatif pada dataset video. Abstrak tidak menyebut metrik identitas."
236,majdalawieh2025optimizing,2025,"Optimizing Fruit Harvesting Through a High-Performance Deep Learning Framework for Detection, Tracking, and Automated Counting.",sama,,abstrak,C1,,abstrak,C1,,,sedang,M2+M3,M2+M3,V,V,N,N,,,,,,,,,,,"Utilizing the cutting-edge YOLO V7 for detection and integrating it with DeepSORT and an ROI line-based method for counting || The YOLO-V7 model demonstrated exceptional efficacy in fruit detection, achieving a mean average precision (mAP@0.50) of 97.5%.","DeepSORT dikodekan M2+M3 menurut konvensi; garis ROI termasuk M3. Abstrak tidak menyebut jenis buah, apakah buah berada di pohon, maupun pembanding hitungan; referensi_hitung dan tingkat_metrik diisi dari abstrak saja."
238,jiang2025yolov8,2025,"YOLOv8 vs. SSD for Apple Detection in Agriculture: Performance, Overlap Handling and Volume Estimation",sama,,abstrak,X,E5,abstrak,X,E5,,sedang,,,,,,,,,,,,,,,,,"This paper presents two apple recognition models based on YOLOv8 and Single Shot MultiBox Detector (SSD) algorithms respectively and compares their performance under identical conditions. || Additionally, we derived a formula to estimate apple volume using camera parameters and field-of-view data.","Evaluasi hanya pada deteksi satu kelas; rumus volume diturunkan tetapi abstrak tidak melaporkan evaluasinya. Apabila teks lengkap mengevaluasi estimasi volume, kode yang lebih tepat adalah C2 atau C5."
240,wu2025maturity,2025,Maturity detection and counting of blueberries in real orchards using a 1novel STF-YOLO model integrated with ByteTrack algorithm,sama,,abstrak,C1,,teks lengkap,C1,,C4,tinggi,M3,M3,V,V,Y,Y,,,,,,,,,,,"ByteTrack efficiently links detected blueberry instances across frames, making it particularly effective in high-density scenarios with overlapping fruits and frequent occlusions. || The actual number of blueberries at each growth stage was obtained through manual counting during video collection. || When combined with ByteTrack, it attained an average counting accuracy of 72.49% across blue, purple, and green maturity classes in video sequences.","Metode utama ByteTrack (M3); OC-SORT (M3) dan StrongSORT (M2+M3) hanya pembanding. Naskah tidak menjelaskan cara label kematangan ditetapkan per lintasan (kelas berasal dari detektor per frame), dan tidak melaporkan metrik identitas (MOTA, IDF1). Hitungan acuan adalah hitung manual saat perekaman video."
241,louis2025automated,2025,Automated Muskmelon Counting in Real Farm Environment using YOLOv11n,sama,,abstrak,C1,,abstrak,C1,,,sedang,M3,M3,V,V,N,N,,,,,,,,,,,"a robust computer vision pipeline for accurately detecting, tracking, and counting melons using the You Only Look Once version 11 nano object detection model || front row strict annotation and line counting tracking combination which yielded a counting error rate of just 2.74% || The system was tested on footage captured by an automated guide vehicle in a greenhouse","Abstrak tidak menyebut nama pelacak maupun modul re-ID, sehingga dikodekan M3 (pelacakan dengan garis hitung). Acuan cacah tidak dinyatakan di abstrak; ""anotasi"" adalah dugaan dan perlu diperiksa pada teks lengkap."
246,matos2025apple,2025,An Apple Counting System Robust to Multiple Intermittent Occlusions,sama,,judul,C1,,abstrak (web),C1,,C5,sedang,M3,M3,V,V,N,N,,,,,,,,,,,"we present a novel method to detect, track and count fruits that is scalable and robust towards problems existing in other fruit counting methods || (1) a stereo camera that can be used reliably under direct sunlight, (2) a fast detection algorithm, and (3) an algorithmic approach to track fruits which is robust to fruit occlusions || We applied our proposed solution in an apple orchard and were able to provide apple counts with an error ranging from 15% to 57%.","Abstrak tidak merinci algoritma pelacakan; kamera stereo mungkin dipakai untuk asosiasi 3D (M3+M4), tetapi hal itu tidak dinyatakan. Acuan hitung tidak disebut dalam abstrak; pohon disimpulkan dari galat hitung di kebun. Akuisisi V disimpulkan dari kamera pada traktor."
247,yang2025hierarchical,2025,Hierarchical 3D Scene Graph based Semantic-Metric SLAM for Plant Inspection and Fruit Counting in Intelligent Hydroponics System,sama,,abstrak,C1,,abstrak,C1,,C5,sedang,M4,M4,V,V,N,N,,,,,,,,,,,"this study proposes a three dimensional Scene Graph (3DSG)-based hierarchical mapping method for the dynamic monitoring of plant and fruit growth || The system is validated through simulations and real-world experiments, providing a quantitative evaluation of object pose estimation",Pencacahan buah hanya disebut pada judul; abstrak tidak melaporkan metrik hitung maupun referensi hitung. Mekanisme M4 disimpulkan dari SLAM dan peta 3D; teks lengkap tidak tersedia.
266,lu2025iot,2025,IoT-Based Precision Litchi Tracking and Counting Method Using Gated Metrics,sama,mekanisme,abstrak,C1,,abstrak,C1,,,sedang,M2+M3,M3,V,V,N,N,,,,,,,,,,,"This study presents a novel tracking and counting method called LitchiCount, integrating the multi-object tracking detection model LitchiDet with a counting module || We propose a Distance-generalized Intersection over Union association metric using a gating mechanism(DG-GM) and an AreaC counting strategy tailored to field intricate scenes.",Asosiasi berbasis tumpang-tindih dan jarak kotak (M3) dengan wilayah hitung; abstrak tidak menyebut fitur penampilan. Referensi hitung dan metrik tidak dinyatakan di abstrak; 'anotasi' dan 'hitung;deteksi' adalah inferensi dari frasa 'in detection and counting'.
276,zhou2024advancing,2024,Advancing tracking-by-detection with MultiMap: Towards occlusion-resilient online multiclass strawberry counting,sama,mekanisme,abstrak,C1,,abstrak,C1,,C4,sedang,M3,M2+M3,V,V,Y,Y,,,,,,,,,,,"By utilizing tracking-by-detection algorithms, this system is able to trace multiple fruits from their first appearance to their final disappearance in real-time footage. || segregates and tallies each strawberry class, presenting multiclass counts to the users. Within prevalent tracking frameworks, our approach records a mere 6.7% relative counting error rate. || [parafrasa web] README repositori MultiMap menyatakan metode dibangun di atas pelacak tracking-by-detection StrongSORT dan ByteTrack.","M2 dicantumkan karena StrongSORT memakai fitur penampilan (konvensi), sedangkan ByteTrack hanya M3; abstrak sendiri tidak menyebut nama pelacak. Abstrak tidak menyebut cara penetapan kelas per lintasan, acuan hitung (diduga anotasi video), maupun metrik identitas."
278,an2024stratracker,2024,StraTracker: A dynamic counting method for growing strawberries based on multi-target tracking,sama,,judul,C1,,judul,C1,,,sedang,M3,M3,V,V,N,N,,,,,,,,,,,,"Kode kelompok jelas dari judul (penghitungan dengan pelacakan multi-target). Rincian C1 tidak dapat diverifikasi: komponen penampilan (M2), hitungan per kelas ('growing strawberries' mungkin menyangkut tahap pertumbuhan), referensi hitung, dan metrik tidak diketahui; nilai 'tidak ada' berarti tidak diketahui, bukan dinyatakan tidak ada."
284,yang2024automatic,2024,Automatic Apple Detection and Counting with AD-YOLO and MR-SORT,sama,,abstrak,C1,,teks lengkap,C1,,,tinggi,M2+M3,M2+M3,V,V,N,N,,,,,,,,,,,"each apple in the video is given a different ID value, and the maximum ID value corresponds to the number of apples in the video || we add the VLAD module after the first and second IoU-based matching || In multiple matching, fruit appearance features, Mahalanobis distance, and IoU measure are integrated to match the target frame by frame","BoT-SORT versi dasar (tanpa ReID) dipakai sebagai M3; M2 berasal dari pencocokan ulang SURF+VLAD yang ditambahkan penulis. Nilai acuan berasal dari anotasi video dataset publik (Villacres dkk.), disebut penulis sebagai nilai hitung manual."
286,hernandez2024multi,2024,Multi-Object Tracking in Agricultural Applications using a Vision Transformer for Spatial Association,sama,mekanisme,judul,C1,,abstrak (web),C1,,,sedang,M3,M3+M4,V,V,N,N,,,,,,,,,,,[parafrasa web] Kerangka pelacakan multiobjek untuk pertanian yang mengestimasi posisi global dalam koordinat piksel memakai transformer pencocokan fitur lokal LoFTR. || [parafrasa web] Pelacak mutakhir ditambah strategi asosiasi berbasis informasi spasial target yang keluar dan kembali ke bidang pandang kamera. || [parafrasa web] Dievaluasi pada LettuceMOT dan AppleMOT (adaptasi AppleMOTS); peningkatan rata-rata hingga 25% pada LettuceMOT.,"Objek utama adalah tanaman selada; buah (apel) hanya pada set AppleMOT, dan tidak ada evaluasi hitungan, hanya metrik pelacakan. LoFTR adalah pencocok terlatih yang dipakai untuk registrasi citra ke kerangka koordinat bersama sehingga dikodekan M4; M5 dapat diperdebatkan. Pelacak dasar tidak disebut dalam parafrasa (dianggap M3). Dapat pula dibaca sebagai T bila pohon apel tidak dianggap inti."
288,nenavath2024tree,2024,On-Tree Mango Fruit Count Using Live Video-Split Image Dataset to Predict Better Yield at Pre-Harvesting Stage,sama,,abstrak,C1,,teks lengkap,C1,,,sedang,M0,M0,D,D,N,N,,,,,,,,,,,"We strategically selected representative frames from the different segments by capturing a 360-degree video around the tree and splitting it into individual frames to avoid double counting. || At the corner, mangoes will counted twice; to avoid this problem, we used an eight-sided model (Eq. (5)). || FTM is the frame's total mango count, and FCM is the corner mango of the frame.","Hitungan delapan bingkai dijumlahkan; duplikat dicegah lewat pemilihan bingkai dan pengurangan kelas deteksi 'Corner-Mango' (Pers. 5 tidak terbaca di teks), tanpa pencocokan buah antarbingkai, sehingga dikodekan M0. Naskah menyebut SORT/DeepSORT di bagian metode, tetapi hasil yang dilaporkan berasal dari delapan bingkai diskret, bukan pelacakan. Kelas Hidden/Mango/Corner hanya ditampilkan untuk satu bingkai (Gambar 4), bukan hitungan per kelas pada hasil."
295,santos2024multiple,2024,Multiple orange detection and tracking with 3-D fruit relocalization and neural-net based yield regression in commercial sweet orange orchards,sama,,judul,C1,,abstrak (web),C1,,C2,tinggi,M3+M4,M3+M4,V,V,N,N,,,,,,,,,,,"[parafrasa web] Abstrak arXiv: inter-frame association techniques are applied to track the fruits across frames; a relocalization component employs 3-D estimation of fruit locations for occluded and re-appeared fruit. || [parafrasa web] Abstrak arXiv: with at least 30% of the fruit detected, tracked and counted, the yield regressor achieves a coefficient of determination of 0.85; manual fruit counting is the reference. || [parafrasa web] Dataset beranotasi MOrangeT (pelacakan) dan OranDet (deteksi) dirilis publik.","Bukti berasal dari abstrak pracetak arXiv, bukan versi jurnal. Regresi hasil dengan jaringan saraf bersifat koreksi statistik atas hitungan (mirip M1), tetapi duplikat dihapus oleh pelacakan dan relokalisasi 3D. Metrik identitas diduga dari adanya dataset pelacakan MOrangeT; abstrak tidak menyebut nama metriknya. C2 tidak sepenuhnya cocok; dicantumkan hanya karena estimasi hasil."
296,villacres2024assessing,2024,Assessing a multi-camera system to enhance fruit visibility for robotic harvesting in a V-trellised apple orchard,sama,mekanisme,judul,C1,,abstrak (web),C1,,,sedang,M0,M4,D,D,N,N,,,,,,,,,,,This study assesses the efficacy of utilizing multiple cameras at varying elevations and azimuthal angles to enhance fruit visibility. || a single camera whose optical axis was perpendicular to the canopy could detect up to 88.3% of the fruits detected by four cameras.,"Abstrak tidak menyebut cara menyatukan deteksi buah yang sama antarkamera; M4 adalah dugaan dari susunan kamera berposisi tetap dan perlu diperiksa pada teks lengkap. Acuan pembanding adalah jumlah buah unik hasil gabungan empat kamera, bukan hitungan lapangan. Tujuan utama adalah visibilitas untuk robot panen, bukan estimasi hasil."
297,wang2024slam,2024,"SLAM-PYE: Tightly coupled GNSS-binocular-inertial fusion for pitaya positioning, counting, and yield estimation",sama,,judul,C1,,abstrak (web),C1,,C5,sedang,M4,M4,V,V,N,N,,,,,,,,,,,"[parafrasa web] Sistem menggabungkan secara erat pengukuran mentah GNSS dwifrekuensi dan data visual-inersial untuk mengestimasi posisi dan radius buah naga, lalu hasil rumah kaca. || [parafrasa web] Sistem memberi estimasi hasil buah naga yang waktu nyata, tidak berulang (non-repetitive), dan sedikit terlewat.","Abstrak verbatim tidak diperoleh. Acuan hitungan dan angka metrik tidak diketahui; 'tidak ada' berarti tidak dinyatakan pada sumber yang terbaca, bukan pasti tidak ada. Penghapusan duplikat disimpulkan dari posisi buah pada kerangka koordinat bersama."
302,narendran2024palm,2024,Palm fruit harvesting using IoT-based fruit counting system,sama,,judul,C3,,judul,C3,,,rendah,,,,,,,HIT,HIT,?,?,RGB,RGB,N,N,N,N,,"Abstrak tidak ditemukan. Judul tidak menyatakan apakah pencacahan memakai citra atau sensor IoT nonpencitraan; bila bukan sensor pencitraan, kode yang tepat adalah X dengan alasan E6. Modalitas RGB adalah dugaan."
308,supcik2024predicting,2024,Predicting Grape Yield with Vine Canopy Morphology Analysis from 3D Point Clouds Generated by UAV Imagery,sama,,abstrak,X,E3,abstrak,X,E3,,tinggi,,,,,,,,,,,,,,,,,"This study’s main goals were to gather canopy morphology data using a sophisticated 3D model and assess how well different morphology characteristics predicted yield results. || According to the study, the best combination for predicting grape production was the side section and thickness.","Hasil panen dimodelkan dari morfologi kanopi (ketebalan, penampang sisi, volume, luas permukaan) pada model 3D UAV; buah tidak dideteksi."
311,arizasentis2024grapemots,2024,GrapeMOTS: UAV vineyard dataset with MOTS grape bunch annotations recorded from multiple perspectives for enhanced object detection and tracking,sama,,abstrak,C1,,teks lengkap,C1,,,tinggi,DATA,DATA,V,V,N,N,,,,,,,,,,,"The same ID was maintained for grape bunches seen from different perspectives to enhance Object Tracking. || A total of 11 vineyard videos were annotated using CVAT software in MOTS style for grape bunch Detection and Tracking. || The dataset, totalling 78.8 GB excluding the original videos, includes 5958 labelled frames.",Makalah data tanpa metode asosiasi dan tanpa evaluasi; anotasi identitas tandan tersedia sebagai kebenaran dasar pelacakan.
312,tu2024passion,2024,A passion fruit counting method based on the lightweight YOLOv5s and improved DeepSORT,sama,,judul,C1,,abstrak (web),C1,,,tinggi,M2+M3,M2+M3,V,V,N,N,,,,,,,,,,,"the information obtained from the detection model is input into improved DeepSORT for continuous frame tracking of passion fruit || to overcome the problem of repetitive counting, a specific tracking counting method based on the track information and state is used for accurate passion fruit counting || The counting results from test videos are highly correlated with the manual counting results",Kutipan verbatim dari abstrak di halaman Springer. DeepSORT dikodekan M2+M3 sesuai konvensi. Abstrak tidak menyatakan apakah hitungan manual dilakukan pada video atau di kebun; ditafsirkan sebagai hitungan manual pada video uji (anotasi).
314,yuan2024simultaneous,2024,Simultaneous Localization and Mapping System for Agricultural Yield Estimation Based on Improved VINS-RGBD: A Case Study of a Strawberry Field,sama,,abstrak,C1,,teks lengkap,C1,,C5,tinggi,M4,M4,V,V,N,N,,,,,,,,,,,"Utilizing simultaneous localization and mapping (SLAM) technology for the three-dimensional reconstruction of crops allows for an intuitive understanding of their growth status and facilitates yield estimation. || Furthermore, yield estimation is conducted using conditional filtering and RANSAC spherical fitting. || The results show that the proposed system achieves an average relative error of 10.87% in yield estimation.",Buah dihitung satu kali di peta awan titik semantik hasil VINS-RGBD (RGB-D + IMU) melalui penyaringan kondisional dan pencocokan bola RANSAC; tidak ada pelacakan per buah. Sumber menyebut 'actual number of fruits' tanpa merinci cara penghitungannya; ditafsirkan sebagai hitung manual pada tanaman. Segmentasi juga dinilai dengan mIoU (bukan metrik deteksi mAP/F1).
319,safre2024advanced,2024,Advanced methods for yield mapping in tart cherries: tank change tracking and YOLO-DeepSort fruit counting,sama,,judul,C1,,abstrak (web),C1,,,sedang,M2+M3,M2+M3,V,V,N,N,,,,,,,,,,,"The second method employs computer vision, specifically YOLOv8 and DeepSORT, to count the number of cherries tree-1. || YOLOV8n achieved 94% mAP50 [...] and 60% mAP50-95 [...] after 20 min of training, while YOLOv8x achieved 96% mAP50 and 67% mAP50-95",Mekanisme mengikuti konvensi DeepSORT (M2+M3). Akuisisi video disimpulkan dari pemakaian pelacak; abstrak tidak menyebut cara akuisisi maupun pembanding hitungan. Metode pertama (tank change tracking) bukan pencitraan.
322,ashokan2024fruit,2024,Fruit yield estimation and forecasting for precision agriculture,sama,,abstrak,C1,,abstrak,C1,,,sedang,M2+M3,M2+M3,V,V,N,N,,,,,,,,,,,"Fruit yield estimation is performed on video footage in which fruits are detected and tracked in each frame of the input video. || DeepSORT algorithm is used for tracking the fruits. || By keeping track of the fruits throughout the video frames, it is ensured that we are estimating the total fruit count appropriately when they are detected.","DeepSORT dikodekan M2+M3 menurut konvensi. Abstrak tidak memuat metrik maupun pembanding hitungan, sehingga referensi_hitung dan tingkat_metrik diisi 'tidak ada' berdasarkan abstrak saja; jenis buah tidak disebut."
324,nie2024uavec,2024,UAVEC-FLchain: Distributed multi-regional jujube orchard joint yield estimation for secure agricultural-IoT applications,beda,grup,judul,X,E3,judul,C2,,,rendah,,,,,,,,,,,,,,,,,,"Abstrak tidak ditemukan. Judul menunjukkan estimasi hasil kebun jujube dengan UAV, komputasi tepi, pembelajaran terfederasi, dan blockchain; diasumsikan deteksi buah per citra. Bila estimasi hasil ternyata tanpa deteksi buah, kodenya X/E3."
325,wang2024camellia,2024,Camellia oleifera Fruit Static and Dynamic Detection Counting Based on Improved COF-YOLO v8n,lunak,grup(lunak);mekanisme,judul,C1,,abstrak (web),X,E7,C1,sedang,M3,M2+M3,V,V,N,N,,,,,,,,,,,"[parafrasa web] Dynamic counting draws on the multi-target tracking idea of DeepSORT algorithm, and took the recognition output of COF-YOLO v8n as the input of DeepSORT to realize the recognition and counting of Camellia oleifera fruits. || [parafrasa web] COF-YOLO v8n dengan DeepSORT menghitung 798 buah terhadap 987 hitungan manual (81,9%); isi makalah berbahasa Mandarin dengan abstrak bahasa Inggris.","Isi makalah berbahasa Mandarin (jurnal Nongye Jixie Xuebao), hanya abstrak yang berbahasa Inggris, sehingga dikeluarkan dengan E7. Secara substansi kajian ini memenuhi C1 (pencacahan video dengan DeepSORT, M2+M3 menurut konvensi). Hitungan manual dirata-ratakan dari tiga kali penghitungan; sumber tidak menjelaskan apakah penghitungan dilakukan pada video atau di pohon, sehingga referensi diisi anotasi."
331,viveros2024maturity,2024,Maturity Recognition and Fruit Counting for Sweet Peppers in Greenhouses Using Deep Learning Neural Networks,sama,per_kelas,abstrak,C1,,teks lengkap,C1,,C4,tinggi,M2+M3,M2+M3,V,V,Y,N,,,,,,,,,,,"we integrated DeepSORT for counting, providing estimates of the pepper count in a greenhouse lane. || First, we use the DeepSORT method to find suitable tracks based on their movement and appearance. || These photos were strategically arranged horizontally, creating the visual effect of a robot navigating through the sweet pepper lanes in the greenhouse","Video dibuat dengan menyusun 70 foto diam menjadi video simulasi, bukan rekaman video lapangan. Kelas kematangan ditetapkan detektor per deteksi, tetapi jumlah per kelas tidak dilaporkan; hasil pelacakan hanya MOTA, FP, FN, dan IDS. Angka akurasi hitung 85,7% hanya muncul di abstrak dan simpulan tanpa tabel hitungan."
334,zheng2024robust,2024,A robust and efficient citrus counting approach for large-scale unstructured orchards,beda,grup,judul,C1,,judul,C2,,,rendah,M3,,V,,N,,,,,,,,,,,,,Abstrak tidak ditemukan. Judul hanya memastikan pencacahan jeruk di kebun; tidak dapat dipastikan apakah pencacahan memakai pelacakan video (C1) atau citra tunggal (C2). Perlu diperiksa manusia pada teks lengkap.
335,sekharamantry2024seamless,2024,"A Seamless Deep Learning Approach for Apple Detection, Depth Estimation, and Tracking Using YOLO Models Enhanced by Multi-Head Attention Mechanism",sama,,abstrak,C1,,teks lengkap,C1,,,tinggi,M3,M3,V,V,N,N,,,,,,,,,,,"a reliable method is to use an object tracking mechanism to follow each apple during the course of the video until the counter is incremented || ByteTrack tracked the apples between frames solely by predicting their movements, using bounding boxes that were computed using the Kalman filter, eliminating the need for ReID || compare the counting accuracy of the automated system with the manually recorded results","ByteTrack dipakai tanpa ReID (dinyatakan di Diskusi), sehingga M3; DeepSORT hanya pembanding. Hitungan manual dilakukan pada sekuens video, bukan di pohon. Kedalaman dari kamera stereo ditampilkan per apel tetapi tidak dievaluasi, sehingga C5 tidak dicantumkan. MOTA didefinisikan tetapi nilainya tidak dilaporkan."
336,qi2024improved,2024,An improved framework based on tracking-by-detection for simultaneous estimation of yield and maturity level in cherry tomatoes,sama,,judul,C1,,judul,C1,,C4,sedang,M3,M3,V,V,Y,Y,,,,,,,,,,,,"Kode kelompok C1 jelas dari judul (tracking-by-detection untuk estimasi hasil). Rincian mekanisme (M3 atau M2+M3), per_kelas, pembanding hitungan, dan metrik adalah dugaan dari judul dan perlu teks lengkap."
338,feng2024approach,2024,Approach of Dynamic Tracking and Counting for Obscured Citrus in Smart Orchard Based on Machine Vision,sama,mekanisme,abstrak,C1,,teks lengkap,C1,,,tinggi,M3,M2+M3,V,V,N,N,,,,,,,,,,,"the DeepSORT algorithm [18] added Re-ID appearance features || The Hungarian algorithm is used to match the same fruit inconsecutive video frames || fruit counting was achieved by a drawing lines counting strategy, combining the identity ID assigned to each citrus","Makalah menyebut DeepSORT (gerak dan penampilan) sehingga M2+M3 menurut konvensi; uraian pencocokan yang dirinci hanya jarak Euclid dan IoU dengan Kalman filter dan algoritma Hungarian, sehingga peran fitur penampilan tidak diuraikan. Referensi hitung adalah hitung manual pada video, bukan pada pohon. MOTA dan MOTP didefinisikan tidak baku (rasio kecocokan)."
340,ishizuka2024eggplant,2024,Eggplant Detection and Counting Across the Entire Greenhouse Using Deep Learning and Motion Parallax,sama,mekanisme,abstrak,C1,,abstrak,C1,,,sedang,M3+M4,M3,V,V,N,N,,,,,,,,,,,we propose a method for accurately counting the number of eggplants in an agricultural greenhouse by using an object detection model and an object tracking model || Our method utilizes the principle of motion parallax to prevent double counting and ensure accurate counts of each ridge || The proposed method was evaluated using object tracking metrics and a comparison with the actual fruit count,"Abstrak tidak menyebut nama pelacak dan tidak memuat angka. Paralaks gerak ditafsirkan sebagai isyarat gerak pada lintasan pelacakan (M3), bukan asosiasi 3D eksplisit; bila teks lengkap memakai kedalaman atau posisi 3D, kode menjadi M3+M4. Referensi hitung 'actual fruit count' ditafsirkan sebagai hitung pada tanaman."
341,meyer2024fruitnerf,2024,FruitNeRF: A Unified Neural Radiance Field based Fruit Counting Framework,sama,,abstrak,C1,,abstrak,C1,,,tinggi,M4,M4,D,D,N,N,,,,,,,,,,,"Our framework takes an unordered set of posed images captured by a monocular camera and segments fruit in each image. || By applying cascaded clustering on the extracted point cloud, our approach achieves precise fruit count. || The real-world dataset consists of three apple trees with manually counted ground truths, a benchmark apple dataset with one row and ground truth fruit location",Akuisisi dikodekan D karena masukannya himpunan citra berpose tak berurutan; cara perekaman di lapangan tidak dinyatakan di abstrak. Referensi anotasi merujuk pada lokasi buah acuan pada dataset benchmark dan data sintetis. Abstrak tidak memuat angka hasil.
344,garderes2024apple,2024,Apple Detection and Counting Using Neural Networks,sama,mekanisme,abstrak,C1,,abstrak,C1,,,sedang,M3+M1,M1+M2+M3,V,V,N,N,,,,,,,,,,,"Three tracking algorithms (StrongSort, ByteTrack and OCSort) were tested using the trained models and labeled video datasets. || two fitting models based on linear regression were evaluated in order to minimize prediction errors || the performance of OCSort stands out, reaching a HOTA metric of 60.24%","M2 berasal dari StrongSort (penampilan + gerak) yang ikut diuji; pelacak terbaik OCSort adalah M3. Regresi linear sebagai koreksi hitungan dikode M1. Abstrak tidak menyebut angka galat hitung maupun apakah ada hitung manual di pohon; referensi dikode anotasi dari ""labeled video datasets"" (video kebun nyata dan simulator ROS)."
347,chang2024deep,2024,Deep Neural Network Based Yield Phenotyping Framework: Fruit Grading and Classification,sama,,abstrak,X,E2,abstrak,X,E2,,tinggi,,,,,,,,,,,,,,,,,"Deep learning models predict the fruit grade, and the system's conveyor belt sort the fruits into baskets based on their grade. || The primary objective of this research paper is to establish a real-time, non-destructive system that automates fruit segmentation, grading and classification.",Pemilahan buah lepas panen di atas konveyor; bukan buah di pohon dan bukan sawit.
357,pai2024maturity,2024,Maturity and Yield Estimation of Tomatoes Using RGB and Multispectral Images,sama,,abstrak,C1,,abstrak,C1,,C4;C5,sedang,M3,M3,V,V,Y,Y,,,,,,,,,,,"The tomatoes are identified using object detection and tracking networks, followed by ripeness classification into the categories “mature”, “almost mature” and “immature”. || the image sequence is used to detect tomatoes, and assign an ID to each of them || tomato tracking and maturity classification are integrated, and the number of tomatoes with various maturity in each group is counted","Abstrak tidak menyebut nama pelacak, sehingga dikodekan M3 (tidak diketahui ada tidaknya modul re-ID). Abstrak juga tidak menyebut acuan cacah maupun metrik; referensi_hitung dan tingkat_metrik diisi 'tidak ada' atas dasar itu dan perlu diperiksa pada teks lengkap. C5 hanya cocok bila deteksi dengan citra multispektral dievaluasi."
359,zhang2024stablesort,2024,StableSort-CMC: a tracking algorithm for robot dog based orchard fruit counting,sama,,abstrak,C1,,abstrak,C1,,,sedang,M3,M3,V,V,N,N,,,,,,,,,,,"this paper proposes a tracking algorithm integrated with a camera motion compensation module || This module applies image rotation, scaling, and translation parameters to the tracking algorithm, enhancing its performance and counting accuracy in vibrated scenes. || the proposed algorithm achieves a Multiple Object Tracking Accuracy (MOTA) of 63.4%","Abstrak tidak menyebut apakah pelacak memakai fitur penampilan (re-ID), sehingga dikodekan M3 saja. Abstrak menyebut akurasi hitung tetapi hanya melaporkan MOTA; angka galat hitung dan pembanding hitungan tidak dinyatakan (referensi anotasi disimpulkan dari MOTA)."
361,ahmedtaristizabal2024field,2024,An In-Field Dynamic Vision-Based Analysis for Vineyard Yield Estimation,sama,mekanisme,abstrak,C1,,abstrak,C1,,,sedang,M3+M1,M2+M3,V,V,N,N,,,,,,,,,,,a SiamFC-based tracking mechanism is employed to estimate the number of unique bunches per panel or row || solutions able to consider temporal information captured across sequential frames are currently poorly developed || achieving harvested weight errors of less than 5% in two of the three vineyard panels,"SiamFC adalah pelacak berbasis kemiripan penampilan (jaringan Siamese) yang dijalankan antarframe berurutan, sehingga dikodekan M2+M3; abstrak tidak merinci aturan asosiasi. Abstrak tidak melaporkan metrik identitas."
363,ahmad2024enabling,2024,Enabling Consumer UAVs for Precision Agriculture Applications: A Case Study of Yield Estimation,beda,grup,abstrak,C1,,abstrak,C2,,,sedang,M0,,V,,N,,,,,,,,,,,,"The processing pipeline consists of preprocessing, object detection, and yield estimation. || The object detector, being the most computationally expensive module, is invoked every nth frame due to video redundancy and the target platform’s limited resources.","Masukan berupa video UAV, tetapi abstrak tidak menyebut pelacakan atau langkah asosiasi antarframe; detektor hanya dipanggil setiap frame ke-n. Bila teks lengkap ternyata memuat pelacakan atau penghapusan duplikat, kode yang tepat adalah C1."
365,matos2024tracking,2024,Tracking and Counting Apples in Orchards under Intermittent Occlusions and Low Frame Rates,sama,mekanisme,abstrak,C1,,teks lengkap (web),C1,,,tinggi,M4+M3,M4,V,V,N,N,,,,,,,,,,,"Here we show that combining Structure-from-Motion (SfM) with a bipartite graph matching has the potential to address those challenges. || we track the fruits across images by solving a sequence of linear assignment problems between labelled 3D points and the detections in each image || we have to manually assign a unique fruit ID to each bounding box in the video, thus effectively performing fruit tracking by hand","Asosiasi murni geometris: titik 3D buah (COLMAP, peta kedalaman) diproyeksikan ulang ke bingkai, lalu penugasan Hungarian atas jumlah titik dalam kotak deteksi; tanpa fitur penampilan dan tanpa model gerak, sehingga dikodekan M4 saja. Hasil utama memakai anotasi sebagai deteksi (deteksi sempurna). Nomor halaman adalah posisi halaman pada PDF CVF, bukan berkas lokal."
367,muzaddid2024ntrack,2024,NTrack: A Multiple-Object Tracker and Dataset for Infield Cotton Boll Counting,sama,,abstrak,C1,,teks lengkap,C1,,,tinggi,M3,M3,V,V,N,N,,,,,,,,,,,"NTrack computes dense optical flow and utilizes particle filtering to guide each tracker. || we propose a relative location-based re-identification technique that can handle significant changes in appearance due to long-spanning occlusions. || Cgt and Ch are the number of unique cotton bolls detected manually (i.e., the ground truth) and by NTrack in the ith video sequence","Reidentifikasi memakai lokasi relatif terhadap lintasan tetangga dalam koordinat citra, bukan deskriptor penampilan dan bukan kerangka 3D, sehingga dikodekan M3 saja. Naskah juga merilis dataset video TexCot22."
368,penzel2024model,2024,A model to predict the fruit bearing capacity of individual apple trees and its variability within commercial orchards,sama,,abstrak,X,E3,abstrak,X,E3,,sedang,,,,,,,,,,,,,,,,,"In der vorliegenden Arbeit wurde ein Ansatz entwickelt, um die Fruchtertragskapazität von allen Bäumen einer Anlage in Relation zu Blattfläche, Zielfruchtgröße und saisonaler Witterung zu modellieren. || Zur Validierung des Modells wurde die Fruchtanzahl an Einzelbäumen (n = 106) gezählt und die Fruchtgrößenverteilung baumweise bestimmt.","Kapasitas buah dimodelkan dari luas daun hasil LiDAR dan data cuaca; buah dihitung manual, tidak dideteksi dari citra. Halaman penerbit menunjukkan naskah berbahasa Jerman, sehingga E7 juga mungkin berlaku; bahasa teks lengkap tidak diperiksa langsung."
370,srinivasa2024enhancing,2024,Enhancing Orchard Cultivation Through Drone Technology and Deep Stream Algorithms in Precision Agriculture,sama,alasan,abstrak,X,E5,abstrak,X,E1,,sedang,,,,,,,,,,,,,,,,,"The thermal camera monitors plant health, yield estimation, fertilizer management, and irrigation mapping. || LiDAR aids in understanding crop growth by measuring plant height, tracking phenology, and analyzing water flow patterns.","Abstrak menggambarkan pemantauan kebun delima secara umum (kesehatan tanaman, penyakit, gulma, tinggi tanaman) tanpa deteksi atau pencacahan buah yang dievaluasi. Estimasi hasil disebut tanpa deteksi buah, sehingga E3 juga dapat dipertimbangkan."
371,du2024green,2024,Green pepper fruits counting based on improved DeepSort and optimized Yolov5s,sama,,abstrak,C1,,teks lengkap,C1,,,tinggi,M2+M3,M2+M3,V,V,N,N,,,,,,,,,,,"This algorithm associates identical fruits and allocates a distinct ID to each one throughout the video sequence. Ultimately, the counting of green peppers is achieved by tallying the unique IDs || The DeepSort multi-target tracking algorithm comprises four key components: the Kalman filter algorithm (Li et al., 2015), the Hungarian algorithm, the Reid model, and Cascade matching || Post-cascade matching, an additional green pepper appearance feature matching algorithm is incorporated","Acuan hitungan adalah jumlah target berlabel pada video (GT), bukan hitungan di tanaman. Kesimpulan naskah menulis ID switch turun dari 68 menjadi 28, sedangkan Tabel 6 mencatat 48 (sesuai penurunan 29,41%)."
372,zhou2024utilizing,2024,Utilizing NeRF-Based Rays for Spatial Perception in Fruit Counting Deduplication,sama,,abstrak,C1,,abstrak,C1,,,tinggi,M4,M4,D,D,N,N,,,,,,,,,,,"This study proposes the integration of 2D detection techniques with 3D reconstruction technologies, utilizing Rays in Neural Radiance Fields(NeRF) to overcome these challenges || combined with NVIDIA's instant-ngp for swift NeRF reconstruction, and further refined by data clustering via the DBSCAN algorithm || resulting in a mean absolute error (MAE) of 1.5 oranges with a prediction accuracy of 90.625%",Abstrak tidak menyebut cara akuisisi (video atau foto diskret mengelilingi pohon) maupun sumber hitungan acuan; akuisisi D dan referensi pohon adalah dugaan dari konteks penghitungan per pohon.
376,kang2024real,2024,Toward Real Scenery: A Lightweight Tomato Growth Inspection Algorithm for Leaf Disease Detection and Fruit Counting,sama,mekanisme,abstrak,C1,,abstrak,C1,,,tinggi,M3,M2+M3,V,V,N,N,,,,,,,,,,,"we integrated state-of-the-art trackers such as Byte-Track, Motpy, and FairMot to enable fruit counting in video streams || the combination of YOLO-TGI-S and Byte-Track achieved the best R2 of 0.93 and the lowest RMSE of 9.17 || [parafrasa web] Pencacahan memakai penyaringan ID pada batas maya (garis kuning); ID tomat dihitung saat masuk area itu; hasil dibandingkan dengan hitungan manual pada video uji.","M2 dicantumkan karena FairMOT (re-ID penampilan) termasuk pelacak yang dibandingkan; konfigurasi terbaik (Byte-Track) dan Motpy hanya memakai IoU dengan prediksi Kalman, sehingga penghapus duplikat utama adalah M3 dengan area hitung. Acuan hitung menurut halaman PMC adalah hitungan manual pada video uji, bukan hitungan di tanaman; diisi anotasi. mAP pada abstrak berlaku untuk penyakit daun, bukan buah."
381,xia2024kiwifruit,2024,Kiwifruit Counting Using Kiwidetector and Kiwitracker,sama,,judul,C1,,teks lengkap (web),C1,,,tinggi,M3,M3,V,V,N,N,,,,,,,,,,,The KiwiTracker algorithm is from Kalman filtering and global matching for target tracking. || Hungarian algorithm is improved to match targets based on Euclidean distance and Intersection over Union (IoU) to reduce ID duplication and improve kiwifruit counting accuracy. || we manually counted the number of visible kiwifruits in 10 different videos as the ground truth (GT).,"Seksi 2.1 menyebut gabungan YOLOv7 dan DeepSort, tetapi uraian pelacak hanya memuat filter Kalman dan pencocokan Hungarian berbasis jarak Euclid dan IoU tanpa fitur re-ID, sehingga dikode M3. Video diambil dari internet dan sebagian memperlihatkan konveyor sortasi; nomor halaman mengacu pada PDF versi penulis, bukan versi penerbit."
392,saraceni2024agrisort,2024,AgriSORT: A Simple Online Real-time Tracking-by-Detection framework for robotics in precision agriculture,sama,,abstrak,C1,,teks lengkap,C1,,,tinggi,M3,M3,V,V,N,N,,,,,,,,,,,"a simple, online, real-time tracking-by-detection pipeline for precision agriculture based only on motion information || At the end we compute the IoU with the current detection to perform the association and update the state of the tracklets. || it is important to not lose tracks, otherwise the same grape bunch gets counted more than once","Pelacak berbasis gerak saja: Kalman filter dengan kompensasi gerak kamera (optical flow Lucas-Kanade, transformasi afin), IoU, dan algoritme Hungarian. Tidak ada hitungan tandan yang dilaporkan atau dibandingkan dengan acuan; evaluasi hanya metrik identitas terhadap anotasi MOT. Kamera RealSense D435i dipakai, tetapi depth tidak digunakan dalam metode."
400,gremes2023system,2023,System of Counting Green Oranges Directly from Trees Using Artificial Intelligence,sama,,abstrak,C1,,teks lengkap,C1,,,tinggi,M3,M3,V,V,N,N,,,,,,,,,,,this work aims to count green oranges directly from trees through video footage filmed in line along a row of orange trees on a plantation || The first uses the Euclidean distance between the centroids of the objects detected via YOLOv4 in subsequent frames to relate the IDs of the oranges of the previous frame || The second uses object tracking algorithms to match the IDs of the oranges of the previous frame with the oranges of the current frame that YOLOv4 has not detected.,"Asosiasi berupa pencocokan centroid antarbingkai (ambang 70 piksel) ditambah pelacak objek tunggal (Dlib, KCF, CSRT, MIL, Boosting, MedianFlow) selama paling lama 35 bingkai saat detektor gagal. Pelacak korelasi memakai templat penampakan, tetapi hanya sebagai pelacakan temporal jangka pendek tanpa re-identifikasi, sehingga dikode M3 dan bukan M2+M3. Acuan hitung adalah jumlah jeruk yang terlihat di video (208) yang dihitung manual, bukan hitungan di pohon. Tiga kelas dianotasi (hijau, matang, busuk) tetapi hitungan tidak dilaporkan per kelas. Metrik identitas (MOTA, IDF1) tidak dilaporkan; hanya jumlah hitungan ganda dan ID berulang."
406,wu2023twice,2023,Twice matched fruit counting system: An automatic fruit counting pipeline in modern apple orchard using mutual and secondary matches,sama,,abstrak,C1,,abstrak,C1,,,tinggi,M3,M3,V,V,N,N,,,,,,,,,,,"three sub-algorithms: i) object detection model based on You Only Look Once Version 4-tiny; ii) fruit tracking with mutual match; iii) and fruit counting with ID assignment || each fruit was assigned with a unique ID based on fruit tracking results and direction of camera motion || The root mean squared error and coefficient of determination were 16.3 fruit per video and 0.93, respectively","Abstrak tidak merinci isyarat yang dipakai mutual match dan secondary match (diduga posisi/gerak antarbingkai dengan batang sebagai acuan); bila memakai deskriptor penampilan, kodenya menjadi M2+M3. Asal 'ground truth counting results' (anotasi video atau hitung di pohon) tidak dinyatakan; diisi anotasi karena satuannya buah per video."
407,lawal2023simplified,2023,"A simplified network topology for fruit detection, counting and mobile-phone deployment",sama,,abstrak,C1,,teks lengkap,C1,,,sedang,M3,M3,V,V,N,N,,,,,,,,,,,"recorded video of strawberry, jujube and cherry fruits saved in mp4 format were taken to investigate real-time detection speed, tracking and counting of detected fruit targets. || it was subjected to track, count and speed of detected targets fruit as displayed in Fig 4 and Table 4, and compared to YOLOv5n, YOLOv7-tiny, and YOLOv8n.","Naskah tidak menyebut nama pelacak maupun cara duplikat dihapus; M3 dikodekan menurut konvensi (pelacakan pada platform YOLOv8.0.40, sumber tidak menyatakan re-ID). Hitungan video tidak dibandingkan dengan acuan apa pun, sehingga tidak ada metrik galat hitung. Hitungan dilaporkan per jenis buah dari video terpisah, bukan per kelas kematangan atau ukuran, sehingga per_kelas N. Kontribusi utama naskah adalah arsitektur detektor; bagian pelacakan hanya demonstrasi."
410,zhou2023remote,2023,Remote Sensing Identification and Rapid Yield Estimation of Pitaya Plants in Different Karst Mountainous Complex Habitats,sama,,abstrak,X,E3,abstrak,X,E3,,tinggi,,,,,,,,,,,,,,,,,"using the U-Net Deep Learning Model (DLM) to identify Pitaya plants, the accuracy reached 92.76% || the Pitaya yield estimation model was constructed based on the fruit yield data measured in the field for several periods","Yang dideteksi dari citra UAV adalah tanaman pitaya, bukan buah; hasil panen dimodelkan dari jumlah tanaman dan data hasil lapangan. E1 juga dapat dipakai sebagai alasan."
411,zheng2023object,2023,Object-Detection from Multi-View remote sensing Images: A case study of fruit and flower detection and counting on a central Florida strawberry farm,sama,mekanisme;per_kelas,abstrak,C1,,abstrak,C1,,C4,sedang,M5+M4,M2+M4,D,D,N,Y,,,,,,,,,,,"Each unique strawberry object on the ground can be detected multiple times in the raw images because images have forward- and side overlap. || an improved FaceNet model was proposed to combine the image and position information to calculate the feature distance between those objects, and a clustering algorithm was used || from which the final position and number of strawberry fruits and flowers were obtained","Mekanisme: embedding FaceNet (penampilan, M2) digabung dengan informasi posisi (M4), lalu pengelompokan; karena jaraknya dipelajari, M5 juga dapat diperdebatkan. Abstrak tidak menyebut acuan hitung (hitung lapangan atau anotasi), sehingga referensi_hitung diisi anotasi sebagai dugaan. per_kelas Y disimpulkan dari akurasi per kelas atas objek unik (bunga, mentah, matang); cara penetapan kelas objek unik tidak dinyatakan. Akuisisi berupa citra UAV bertampalan (pandangan diskret)."
417,arizasentis2023object,2023,Object detection and tracking on UAV RGB videos for early extraction of grape phenotypic traits,sama,mekanisme,abstrak,C1,,abstrak,C1,,,sedang,M3,M2+M3,V,V,N,N,,,,,,,,,,,"Multi-object tracking and segmentation (MOTS) is utilized in this study to determine the traits of individual white grape bunches and berries from RGB videos obtained from a UAV || PointTrack algorithm was used for detecting and tracking the grape bunches || For tracking, the results were not sufficient when trained with 679 frames.","PointTrack mengasosiasikan instans dengan embedding terpelajar dan IoU mask, sehingga dikodekan M2+M3; abstrak tidak merinci mekanisme asosiasi. Jumlah tandan lintas frame tidak dilaporkan; hitungan yang dievaluasi adalah beri per tandan pada citra tunggal. Acuan hitungan dapat mencakup pengukuran fenotipe lapangan, tetapi abstrak tidak menegaskannya."
421,rapadorincon2023development,2023,Development and evaluation of automated localisation and reconstruction of all fruits on tomato plants in a greenhouse based on multi-view perception and 3D multi-object tracking,sama,akuisisi,abstrak,C1,,teks lengkap,C1,,C5,tinggi,M4+M3,M3+M4,V,D,N,N,,,,,,,,,,,The representation is maintained and updated from multiple viewpoints over several time steps using a 3D MOT algorithm based on a Kalman Filter and the Hungarian algorithm. || The known camera pose with respect to the robot base was then used to calculate the transformation matrix || The dataset consisted of 700 images from 100 viewpoints of seven tomato plants recorded following a semi-cylindrical path,"Asosiasi dilakukan dengan jarak Mahalanobis pada posisi 3D dalam kerangka koordinat robot (pose kamera diketahui) dengan filter Kalman dan algoritme Hungarian, sehingga M3+M4. Abstrak menyebut galat 5,08%, sedangkan Tabel 3 dan kesimpulan menyebut 5,06%. Acuan berupa anotasi kotak dan ID pelacakan pada citra."
422,lyu2023method,2023,Method for estimation of bagged grape yield using a self-correcting NMS-ByteTrack,lunak,grup(lunak),judul,C1,,abstrak (web),X,E7,C1,sedang,M3,M3,V,V,N,N,,,,,,,,,,,"[parafrasa web] Metode mendeteksi anggur berbungkus dalam video dengan YOLOv5s, memindahkan NMS ke tahap pelacakan, menambah kompensasi gerak kamera dan filter Kalman pada ByteTrack, lalu menghitung dengan strategi garis. || [parafrasa web] MOTA, MOTP, dan IDF1 masing-masing 64,6%, 82,4%, dan 80,8%; akurasi hitung rata-rata 82,8%.","Artikel terbit di jurnal berbahasa Mandarin (laman dan abstrak penerbit berbahasa Mandarin), sehingga dikeluarkan dengan E7. Bila protokol menerima artikel berbahasa Mandarin dengan abstrak Inggris, kodenya C1 (M3, pelacakan video dan garis hitung). Pembanding hitungan tidak dinyatakan dalam abstrak; 'anotasi' adalah dugaan."
423,lin2023citrus,2023,Citrus Identification and Counting Algorithm Based on Improved YOLOv5s and DeepSort,sama,,abstrak,C1,,teks lengkap,C1,,,tinggi,M2+M3,M2+M3,V,V,N,N,,,,,,,,,,,The video to be detected is fed into the trained citrus fruit detection model as video frames for target detection and followed by feeding the detected target borders and image features into the DeepSort algorithm || Calculate the Mahalanobis distance and cosine distance between the prediction frame and the detection frame to derive the cost matrix and perform the Hungarian algorithm matching. || the average multiple object tracking accuracy increased from 88.95% to 90.83%,"Naskah menyebut MOTA sebagai 'counting accuracy'; tidak ada galat hitung terhadap jumlah buah acuan, sehingga tingkat metrik tidak memuat hitung. Acuan MOTA tidak dijelaskan dan diasumsikan anotasi video. Aturan pencacahan (garis atau jumlah ID) tidak dinyatakan."
424,hu2023fruit,2023,Fruit Detection and Counting in Apple Orchards Based on Improved Yolov7 and Multi-Object Tracking Methods,sama,mekanisme,abstrak,C1,,teks lengkap,C1,,,tinggi,M3,M2+M3,V,V,N,N,,,,,,,,,,,this study proposes a cascading multi-object tracking method using SURF appearance feature extraction method || we use the Kalman filter [37] for the prediction of the current object trajectory || the accuracy of counting is compared with the manual counting results,MAE pada makalah adalah galat relatif terhadap hitungan manual pada video; metrik identitas tidak dilaporkan. Hitungan manual dilakukan pada rekaman video sehingga dikodekan anotasi.
428,zheng2023efficient,2023,An efficient online citrus counting system for large-scale unstructured orchards based on the unmanned aerial vehicle,sama,,abstrak,C1,,abstrak,C1,,,tinggi,M2+M3,M2+M3,V,V,N,N,,,,,,,,,,,"the DeepSort algorithm was used to assign a specific ID to each citrus fruit in the online UAV scene and track the fruits across video frames. || a nonuniform distributed counter was proposed to correct the fruit count during the tracking process || the F1 score and mean absolute percentage error of the method are 89.07% and 12.75%, respectively","DeepSORT dikodekan M2+M3 sesuai konvensi. Abstrak tidak menyebut acuan hitung; anotasi video diasumsikan. Penghitung koreksi bekerja di dalam proses pelacakan, bukan regresi terhadap hitungan acuan."
431,abeyrathna2023recognition,2023,Recognition and Counting of Apples in a Dynamic State Using a 3D Camera and Deep Learning Algorithms for Robotic Harvesting Systems,sama,mekanisme,abstrak,C1,,teks lengkap,C1,,C5,tinggi,M2+M3+M4,M2+M3,V,V,N,N,,,,,,,,,,,"Without it, the single detected apple in the ﬁrst frame could have been counted every time the frame changed. || We used MobileNetV2 as a CNN in the Deep SORT algorithm to track the localization of detections. || The counting was performed after the detected apples passed through a vertical line.","Koordinat 3D dari RGB-D dipakai untuk lokalisasi (C5), bukan untuk asosiasi antarbingkai, sehingga M4 tidak diberikan. Acuan hitung adalah 30 apel asli yang dipasang pada 10 pohon buatan (jumlah diketahui), bukan kebun sungguhan. Metrik identitas (MOTA/IDF1) tidak dilaporkan."
433,shen2023real,2023,Real-time tracking and counting of grape clusters in the field based on channel pruning with YOLOv5s,sama,,judul,C1,,judul,C1,,,sedang,M3,M3,V,V,N,N,,,,,,,,,,,,"Kode kelompok ditetapkan dari judul yang secara eksplisit menyebut pelacakan dan pencacahan. Nama pelacak (dengan atau tanpa re-ID), acuan hitung, dan metrik tidak dapat dipastikan tanpa abstrak; M3 adalah kode minimum untuk pelacakan. referensi_hitung diisi ""tidak ada"" karena sumber yang terbaca tidak menyatakannya, bukan karena dipastikan tidak ada."
434,shiddiq2023counting,2023,COUNTING OF OIL PALM FRESH FRUIT BUNCHES USING COMPUTER VISION,lunak,grup(lunak),abstrak,C3,,teks lengkap,C1,,C3,sedang,,,,,,,HIT,HIT,PABRIK,PABRIK,RGB,RGB,Y,Y,N,N,"The computer vision method was used for the counting process by detecting and tracking FFB images in video frames. || If in the next frame a centroid value of the object is found and has a close distance to the previously detected centroid, then the object is assumed to be the previously detected object. || In this study, the ripeness levels of the FFB were not part of the evaluation.","Kontribusi utama adalah pencacahan dengan pelacakan antarbingkai (centroid, ambang jarak 50 piksel), sehingga dikode C1 dengan C3 sebagai kode tambahan; bila pencacahan pascapanen di konveyor laboratorium dianggap bukan kajian multi-observasi, kodenya C3. Acuan hitungan adalah jumlah tandan sebenarnya di tiap video (hitung manual), dipetakan ke 'anotasi' karena tidak ada kategori yang lebih tepat. multipandang Y hanya dalam arti tandan yang sama muncul di banyak bingkai video dari satu kamera tetap."
438,ciarfuglia2023weakly,2023,"Weakly and semi-supervised detection, segmentation and tracking of table grapes with limited and noisy data",sama,mekanisme,abstrak,C1,,teks lengkap,C1,,,tinggi,M3+M4,M2+M3+M4,V,V,N,N,,,,,,,,,,,"counting the number of grape bunches by counting the instances tracked along a video || use geometrical correspondences extracted through epipolar geometry to associate grape instances in different frames of a video stream || we tested another detection based State-of-the-Art tracker, DeepSORT (Wojke et al., 2017), designed to work in real-time using a deep association metric","Dua pelacak alternatif dibandingkan: SfM/COLMAP (M4) dan DeepSORT (M2+M3); masing-masing menghapus duplikat pada lengannya sendiri, dan SfM memberi galat hitung terkecil. Kontribusi utama makalah adalah pembangkitan label semu; pencacahan lewat pelacakan adalah aplikasi evaluasinya. Rujukan hitung adalah ID anotasi video, bukan hitungan lapangan."
440,vijayakumar2023tree,2023,Tree-level citrus yield prediction utilizing ground and aerial machine vision and machine learning,sama,,abstrak,C1,,abstrak,C1,,C2,sedang,M1,M1,D,D,N,N,,,,,,,,,,,"Model-3 utilized UAV imagery and ground-based fruit detection and counts from images taken from two sides of the tree || Harvest data was collected manually per tree (fruit count and weight). || Four ML algorithms - gradient boosting regression (GBR), random forest regression (RFR), linear regression (LR), and partial least squares regression (PLSR) were used to generate the models.","Hitungan dua sisi pohon digabung melalui regresi terhadap panen tanpa identifikasi buah individual (M1); duplikat antarsisi tidak dihapus secara eksplisit. Model terbaik justru memakai satu sisi, sehingga C2 juga cocok."
445,arizasentis2023dataset,2023,Dataset on UAV RGB videos acquired over a vineyard including bunch labels for object detection and tracking,sama,,abstrak,C1,,teks lengkap,C1,,,tinggi,DATA,DATA,V,V,N,N,,,,,,,,,,,"The dataset was gathered and labelled to train object detection and tracking algorithms for grape bunch counting. || The MOTS annotations are temporally consistent, meaning that each grape cluster instance is consistent throughout the video sequence. || The number of frames per video ranges from 15 to 28, with a total number of 681 labelled frames.",Makalah data tanpa metode asosiasi; tidak ada hitungan lapangan sebagai acuan. Setiap penerbangan hanya merekam satu sisi baris.
449,genemola2023video,2023,Video-Based Fruit Detection and Tracking for Apple Counting and Mapping,sama,,abstrak,C1,,abstrak,C1,,,tinggi,M3+M2,M2+M3,V,V,N,N,,,,,,,,,,,"application of Multi-Object Tracking (MOT) algorithms to prevent double-counting || Three tracking methods, namely SORT, DeepSORT, and ByteTrack, are compared for fruit counting using the YOLOv5x object detector. || ByteTrack (MOTA=0.682; IDF1=0.837; HOTA=0.689) outperforms SORT and DeepSORT","M2 berasal dari DeepSORT yang ikut dibandingkan; pelacak terbaik adalah ByteTrack (M3). Abstrak tidak menyebut acuan hitungan lapangan untuk MAPE dan R2 (hitungan di pohon atau panen); metrik identitas menyiratkan video beranotasi, sehingga hanya 'anotasi' yang dicantumkan. Akuisisi dilakukan pada dua tanggal, tetapi tiap tanggal dicacah terpisah (V, bukan T)."
460,khokher2023early,2023,Early Yield Estimation in Viticulture Based on Grapevine Inflorescence Detection and Counting in Videos,sama,,abstrak,X,E1,abstrak,X,E1,C1,sedang,,,,,,,,,,,,,,,,,"This paper presents an approach to automatically count the inflorescence number at the phenological stage E-L 12 using RGB video data and demonstrates its use for estimating yield. || The detection results were fed to a tracking pipeline built using computer vision and deep learning techniques to generate numbers of inflorescences present in test videos. || A dataset consisting of RGB videos was collected shortly after bud-burst from multiple vineyards, in conjunction with hand counts to produce a manual ground-truth for the inflorescence counting task.","Kasus batas: objek yang dicacah adalah perbungaan (bunga), bukan buah, sehingga menurut protokol dikeluarkan dengan E1. Bila perbungaan diperlakukan sebagai pendahulu tandan anggur, kajian ini memenuhi C1 (pencacahan dengan pelacakan pada video, divalidasi terhadap hitung manual dan panen). Abstrak tidak menyebut nama pelacak; 'deep learning techniques' dapat berarti ada fitur penampilan (M2), tetapi yang dapat dipastikan hanya M3."
461,zhou2023dynamic,2023,A Dynamic Object Counting Method for Strawberry Fruits using Vision Transformer Networks and Kalman Filter Tracking,sama,mekanisme,abstrak,C1,,abstrak,C1,,,tinggi,M3,M2+M3,V,V,N,N,,,,,,,,,,,"we proposed a dynamic object counting method for strawberry fruits from videos captured using a cell phone || The StrongSORT framework, a state-of-the-art tracking algorithm based on Kalman filter and Hungarian matching, is used to track the identities of strawberry fruits in the video data || Experimental results with ten videos showed that our approach achieved an average counting accuracy of 92.05%.",StrongSORT dikodekan M2+M3 sesuai konvensi. Abstrak tidak menyebut acuan hitungan; diasumsikan hitungan manual pada video (anotasi).
462,guo2023real,2023,Real-time Production Prediction of Kiwifruit in Orchard Based on Video Tracking Algorithm,lunak,grup(lunak);mekanisme,judul,C1,,abstrak (web),X,E7,C1,sedang,M3,M2+M3,V,V,N,N,,,,,,,,,,,"[parafrasa web] Video direkam kendaraan beroda rantai di kebun kiwi; YOLO v7 + Soft-NMS mendeteksi buah tiap frame, lalu filter Kalman, fitur VGG16 dan algoritma Hungaria mencocokkan target antarframe. || [parafrasa web] Estimasi hasil memakai penghitungan ID dari YOLO v7 + DeepSort; akurasi hitungan ID 97,49%, akurasi pelacakan 89,87%.","Jurnal Nongye Jixie Xuebao terbit dalam bahasa Mandarin dengan abstrak Inggris; halaman DOI hanya menampilkan abstrak Mandarin, sehingga dikode E7. Dari segi isi kajian ini memenuhi C1 (penghitungan dengan pelacakan video, DeepSORT = M2+M3). Bila protokol menerima naskah berabstrak Inggris, kode yang tepat adalah C1. Referensi hitungan tidak dinyatakan tegas di abstrak; anotasi video adalah dugaan dari set data pelacakan beranotasi manual. Angka 89,87% dan 82,34% kemungkinan MOTA dan MOTP."
463,li2023blueberry,2023,Blueberry Yield Estimation Through Multi-View Imagery with YOLOv8 Object Detection,sama,,abstrak,C1,,abstrak,C1,,,tinggi,M1,M1,D,D,N,N,,,,,,,,,,,"captures images of blueberry plants from three distinct views (top, left, and right) to ensure comprehensive coverage || Accounting for the overlapping information from the three views, we employ a regression model to estimate the total number of blueberries per plant || exhibiting a mean absolute percentage error of 24.6% and an R2 value of 0.77",Abstrak tidak menyebut cara memperoleh jumlah acuan per tanaman; dikodekan pohon (hitung per tanaman) dan dapat berupa hitung panen.
464,villacres2023apple,2023,Apple orchard production estimation using deep learning strategies: A comparison of tracking-by-detection algorithms,sama,mekanisme,judul,C1,,abstrak (web),C1,,,tinggi,M3,M2+M3,V,V,N,N,,,,,,,,,,,"[parafrasa web] Lima algoritme MOT dibandingkan: Kalman Filter, Kernelized Correlation Filter, SORT, Multi Hypothesis Tracking, dan DeepSORT, pada basis data lebih dari 800.000 instans apel. || [parafrasa web] Dengan deteksi sempurna, MHT paling tangguh disusul DeepSORT (MOTA 97,00% dan 93,00%); DeepSORT memberi galat hitung terendah 20,07% (YOLOv5) dan 31,52% (Faster R-CNN).","Kajian pembanding pelacak gerak (KF, SORT, MHT) dan pelacak penampilan (KCF, DeepSORT); kode M2+M3 mengikuti DeepSORT yang memberi galat hitung terendah. Acuan hitung diasumsikan anotasi video; abstrak tidak menyebut hitungan lapangan."
467,daud2023detection,2023,Detection of Oil Palm Tree and Loose Fruitlets for Fresh Fruit Bunch's Ready-to-Harvest Prediction via Deep Learning Approach,sama,lokasi;multipandang;per_kelas,judul,C3,,teks lengkap (web),C3,,C1,sedang,,,,,,,LF,LF,POHON,TANAH,RGB,RGB,N,Y,N,Y,"a system is proposed to identify ready-to-harvest FFB automatically by counting loose fruitlets on the ground || The tree is tracked when the lower midpoint of the detected tree enters the monitoring region to ensure that each tree is classified only once. || After tracking for a predetermined number of frames (n), a final count was made based on the highest counting frequency.","Kode utama C3 karena kontribusi utamanya deteksi brondolan dan prediksi siap panen. C1 juga cocok: video berjalan, pohon dilacak berdasarkan konsistensi deteksi antarframe (M3) agar tiap pohon dihitung sekali, dan jumlah brondolan diambil sebagai modus hitungan per frame selama n frame (agregasi statistik tanpa identitas brondolan, dikodekan M1 sebagai pendekatan terdekat). Tidak ada galat hitung brondolan; yang dievaluasi adalah akurasi keputusan siap panen berdasarkan ambang hitung. per_kelas C3 = Y merujuk pada status siap panen per pohon, bukan kelas kematangan per tandan. Nomor halaman adalah posisi dalam PDF IAENG (IJCS_50_4_06), bukan berkas korpus lokal."
469,parico2023real,2023,Real-Time Pear Fruit Detection and Counting Using YOLOv4 Models and Deep SORT,sama,,judul,C1,,abstrak (web),C1,,,sedang,M2+M3,M2+M3,V,V,N,N,,,,,,,,,,,"[parafrasa web] The study aimed to produce a robust real-time pear fruit counter for mobile applications using only RGB data, YOLOv4 variants, and the multiple object-tracking algorithm Deep SORT. || [parafrasa web] Between the two methods of counting with Deep SORT, the unique ID method was found to be more reliable, with an F1count of 87.85%.","Bab buku ini tampak sebagai terbitan ulang artikel Sensors 2021 berjudul sama (Parico dan Ahamed); bukti berasal dari parafrasa abstrak artikel tersebut, bukan dari bab buku. Deep SORT dikodekan M2+M3 sesuai konvensi. Akuisisi video dan referensi hitung dari anotasi video disimpulkan, tidak dinyatakan dalam parafrasa. Kemungkinan duplikat rekaman artikel 2021 perlu diperiksa."
471,qureshi2023seeing,2023,Seeing the Fruit for the Leaves: Robotically Mapping Apple Fruitlets in a Commercial Orchard,sama,,abstrak,C1,,teks lengkap (web),C1,,C5,tinggi,M4,M4,D,D,N,N,,,,,,,,,,,"The mapping process identifies the individual fruitlet at each scan point and then registers them into a 3D map as the arm scans the branch. || Each fruitlet is assigned a count id (Fig. 3f) and would merge with the fruitlet generated in the next iteration to avoid duplication. || Each fruitlet growing on a branch was manually counted, and the diameter of the fruitlet was measured at the widest point using a vernier caliper.","Kode didasarkan pada pracetak arXiv (v1), bukan versi IROS; nomor halaman mengacu ke PDF arXiv. Akuisisi berupa 40 titik pandang stereo terencana per sisi dengan lengan UR5 (dikodekan D); dua sisi diselaraskan dengan papan Charuco."
472,zhang2023multi,2023,Multi-ripeness level blackberry detection using YOLOv7 for soft robotic harvesting,beda,grup,abstrak,X,E5,abstrak,C4,,,sedang,,,,,,,,,,,,,,,,,"Our study focused on detecting in-field blackberries at multi-ripeness levels using the state-of-the-art YOLOv7 model. || The aggregation of total number of berries at all ripeness levels can also help estimate the crop-load for growers. || YOLOv7-base also achieved 94% of mAP and 0.93 of True Positives (TPs) for ripe berries, 91% and 0.88 for ripening berries, and 88% and 0.86 for unripe berries","Deteksi tiga tingkat kematangan pada citra tunggal; pencacahan hanya disebut sebagai kegunaan dan tidak dievaluasi dengan metrik hitung. Dimasukkan karena protokol menerima deteksi dengan atribut kelas; bila C4 mensyaratkan evaluasi hitungan, alternatifnya X/E5."
479,chakraborty2023integrated,2023,An Integrated Framework for Smart Monitoring of Orange Orchard,beda,grup,abstrak,X,E5,abstrak,C2,,,sedang,,,,,,,,,,,,,,,,,"we have conducted a comparative analysis of various machine learning models to evaluate their capacity to detect and count overlapped oranges within the dataset || including the K-means and Distance Least Square, Hough Transform, and YOLOv3, addressing the challenge of detecting overlapped oranges",Pencacahan jeruk per citra tanpa langkah lintas citra. Abstrak tidak menyebut angka hasil maupun secara tegas menyatakan buah berada di pohon; konteksnya pemantauan kebun.
495,tureckova2022slicing,2022,Slicing aided large scale tomato fruit detection and counting in 360-degree video data from a greenhouse,sama,mekanisme,judul,C1,,teks lengkap,C1,,C2,sedang,M3,M0,V,V,N,N,,,,,,,,,,,"Consequently, these clipped regions are stitched together, forming one wide picture of the whole row. || In the picture, every fruit is visible only once, and there are no boundaries that complicate the counting process. || This image is used for tomato fruit counting, overcoming the need for object tracking or other processes to count the objects in a sequence of images/video frames.","Kasus batas C1/C2. Video 360 derajat sepanjang baris diubah menjadi satu citra panorama dari potongan vertikal sempit tiap frame, sehingga duplikat antarframe dicegah oleh cara akuisisi dan penyusunan citra, bukan oleh asosiasi buah (M0). Penggabungan NMM/NMS hanya menangani duplikat antarpotongan (patch) dari citra panorama yang sama, bukan antarpandang. Bila penyusunan panorama dianggap bukan langkah lintas citra, kode yang tepat adalah C2."
497,lu2022swin,2022,Swin-Transformer-YOLOv5 for Real-Time Wine Grape Bunch Detection,beda,grup,abstrak,X,E5,abstrak,C2,,,tinggi,,,,,,,,,,,,,,,,,"Thus, an integrated, novel detection model, Swin-transformer-YOLOv5, was proposed for real-time wine grape bunch detection. || Swin-T-YOLOv5 achieved an R2 of 0.91 and RMSE of 2.4 (number of grape bunches) compared with the ground truth on Chardonnay.","Deteksi tandan anggur per citra dengan evaluasi hitungan (R2, RMSE). Tahap kematangan buah hanya menjadi kondisi uji, bukan kelas yang dihitung, sehingga bukan C4."
509,he2022cascade,2022,Cascade-SORT: A robust fruit counting approach using multiple features cascade matching,sama,mekanisme,judul,C1,,abstrak (web),C1,,,sedang,M3,M2+M3,V,V,N,N,,,,,,,,,,,"[parafrasa web] Fruit counting is regarded as a multiple object tracking problem based on a tracking-by-detection framework combining deep-learning detection, Kalman filter, and cascade matching. || [parafrasa web] Cascade matching fuses appearance features of fruit, Mahalanobis distance, and intersection over union to match objects frame-by-frame. || [parafrasa web] Cascade-SORT demonstrated improved robustness over SORT for camellia and apple counting.",Kode kelompok dan mekanisme jelas dari parafrasa. Referensi hitung dan tingkat metrik tidak dinyatakan di sumber web; nilai anotasi dan hitung adalah dugaan yang perlu diperiksa pada teks lengkap. Angka hasil tidak diperoleh.
521,ge2022tracking,2022,Tracking and Counting of Tomato at Different Growth Period Using an Improving YOLO-Deepsort Network for Inspection Robot,sama,per_kelas,abstrak,C1,,teks lengkap,C1,,C4,tinggi,M2+M3,M2+M3,V,V,Y,N,,,,,,,,,,,"tracking the target by building the connection between different video frames and defining an ID for each object in the video to achieve the count || The cosine distance is used to measure the apparent features of the track and the apparent features corresponding to the detection to predict the ID more accurately. || After getting the tracking results, we use OpenCV to create a virtual count line to count the targets.","Evaluasi kuantitatif hanya pada deteksi (tiga kelas: bunga, tomat hijau, tomat merah). Tidak ada hitungan per kelas, tidak ada metrik identitas, dan tidak ada pembanding hitungan; pencacahan hanya diperlihatkan secara kualitatif pada bunga (Gambar 16). Ambang kepercayaan 0,75 dipakai untuk menghindari deteksi baris belakang."
522,gao2022novel,2022,A novel apple fruit detection and counting methodology based on deep learning and trunk tracking in modern orchard,sama,,judul,C1,,judul,C1,,,sedang,M3,M3,V,V,N,N,,,,,,,,,,,,"Keputusan hanya dari judul; judul cukup jelas (pencacahan dengan pelacakan). Sumber sekunder (tinjauan pustaka du2024green dalam paket ini) menyebut YOLOv4-tiny + CSR-DCF dengan akurasi hitung 91,49%, tetapi angka itu tidak diverifikasi pada naskah asli. Acuan hitungan dan metrik tidak diketahui; tingkat_metrik hitung adalah dugaan dari judul."
525,zhu2022identification,2022,Identification and Counting Method of Potted Kumquat Fruits Based on Point Cloud Registration,sama,,judul,C1,,abstrak (web),C1,,C5,sedang,M4,M4,D,D,N,N,,,,,,,,,,,"使用RGB-D相机采集植物多角度点云数据并进行背景去除和去噪处理 || 采用点到面的迭代最近点（Iterative closest point, ICP）算法完成精配准得到完整点云 || [parafrasa web] Tanaman diletakkan di meja putar dan kamera RGB-D merekam point cloud dari enam sudut berselang 60 derajat.","Jurnal berbahasa Tionghoa dengan abstrak Inggris; teks lengkap kemungkinan tidak berbahasa Inggris sehingga E7 dapat berlaku. Kode diberikan berdasarkan isi. Tanaman pot di dalam ruangan, buah tetap di tanaman. Duplikat hilang karena point cloud multi-sudut diregistrasi sebelum segmentasi buah."
533,xia2022culling,2022,Culling Double Counting in Sequence Images for Fruit Yield Estimation,sama,mekanisme,abstrak,C1,,teks lengkap,C1,,,tinggi,M2,M2+M5,V,V,N,N,,,,,,,,,,,the fruit matching model is utilized to recognize and mark the detected fruits that have the same identities between successive images || The fruit matching model proposed in this study determines the correlation of fruit image patches by analyzing the similarity of their features. || the Kuhn–Munkres algorithm is employed in the decision layer to correlate the same fruit in adjacent images,"Pencocokan memakai jaringan CNN yang menerima pasangan potongan citra (skala abu-abu) dan mengeluarkan skor kemiripan, lalu penugasan satu-satu Kuhn–Munkres; tidak ada model gerak. Batas M2 dan M5 tidak tegas: jaringan dilatih untuk memutuskan korespondensi (M5) atas dasar penampilan (M2). F1 pencocokan pasangan dilaporkan tetapi bukan metrik identitas MOT. Kebenaran hitungan berasal dari anotasi pasangan duplikat pada citra, bukan hitungan di pohon."
535,zhang2022deep,2022,Deep-learning-based in-field citrus fruit detection and tracking,sama,mekanisme,abstrak,C1,,abstrak,C1,,,tinggi,M3+M2,M3,V,V,N,N,,,,,,,,,,,"this paper proposes a deep-learning-based orange counting algorithm using video sequences || A specific tracking region counting strategy and tracking algorithm based on motion displacement estimation were established. || The proposed method showed better performance (Mean Absolute Error (MAE) = 0.081, Standard Deviation (SD) = 0.08) than video-based manual counting",Referensi hitung ditafsirkan sebagai hitung manual pada video (anotasi); abstrak tidak menyebut hitung di pohon.
538,qiu20223d,2022,3D characterization of tree architecture for apple crop load estimation,sama,,abstrak,X,E1,abstrak,X,E1,,tinggi,,,,,,,,,,,,,,,,,The goal of this study was to develop a 3D point cloud-based approach for apple tree segmentation and architecture characterization || Tree height and trunk diameter were estimated based on the geometric information of the tree trunk,Objek ukur adalah batang dan cabang pohon apel dari awan titik LiDAR; buah tidak dideteksi maupun dicacah. Beban buah hanya disebut sebagai kegunaan lanjutan.
540,marangoz2022fruit,2022,Fruit Mapping with Shape Completion for Autonomous Crop Monitoring,sama,akuisisi,abstrak,C1,,teks lengkap,C1,,C5,sedang,M4,M4,V,D,N,N,,,,,,,,,,,"To combine sequences of acquired point clouds, we utilize a real-time 3D mapping framework and build up a fruit map based on truncated signed distance fields. || We disable ICP tracking feature of voxblox and utilize position feedbacks from the robot arm. || we extract clusters to identify individual fruits. We utilize Euclidean cluster extraction with a cluster tolerance of 0.01 m","Point cloud RGB-D dari beberapa sudut pandang lengan robot digabung ke peta TSDF dengan pose lengan yang diketahui, lalu buah dipisahkan dengan pengelompokan Euclidean; jumlah buah terdeteksi dibandingkan dengan kebenaran dasar simulator Gazebo (dikodekan anotasi karena tidak ada pilihan simulasi). Kontribusi utama adalah estimasi bentuk dan volume, sehingga C5 juga cocok; data rumah kaca nyata hanya kualitatif. Kutipan ketiga disalin dari teks dengan ligatur dinormalkan."
543,zhang2022yield,2022,Yield and maturity estimation of apples in orchards using a 3-step deep learning-based method,sama,per_kelas,abstrak,C1,,teks lengkap,C1,,C4,tinggi,M1,M1,D,D,Y,N,,,,,,,,,,,"For each tree, one image was taken at its front side and another image was taken at its backside || we first counted fruits of a tree from both sides that could be visually captured, and a correction factor was then adopted to include the hidden apples || The correlation factor was calculated as a ratio of the sum of manually counted fruits per tree in the real environment to that from images of both sides","Tidak ada identifikasi buah individual antarsisi; duplikat antarsisi hanya terserap oleh faktor koreksi (satu faktor di bawah 1). Kematangan (matang/belum matang) dievaluasi sebagai akurasi klasifikasi, bukan hitungan per kelas. Kamera RealSense D435i dipakai, tetapi depth tidak digunakan."
549,wang2022research,2022,Research on UAV Online Visual Tracking Algorithm based on YOLOv5 and FlowNet2 for Apple Yield Inspection,sama,,abstrak,C1,,abstrak,C1,,,tinggi,M3,M3,V,V,N,N,,,,,,,,,,,"the apples’ position in next frame is estimated according to the optical flow calculated from FlowNet2 model. Then, the predicted position and detected position is matched by the Hungarian algorithm. || achieve an accuracy of 90.39% in apple yield estimation",Abstrak tidak menyebut acuan hitungan; 'anotasi' diasumsikan dari dataset yang dibangun penulis.
551,daud2022loose,2022,Loose Fruitlet and Fresh Fruit Bunch Detection for Palm Oil Harvest Management,sama,,abstrak,C3,,abstrak,C3,,,sedang,,,,,,,HIT,HIT,TANAH,TANAH,RGB,RGB,N,N,N,N,"we proposed a method that able to detect and count the FFB and LF production automatically || It would then track the grabber until overlaps with the FFB location. Then, the system would add the FFB to the count module.","Yang dilacak adalah grabber, bukan tandan; tidak ada asosiasi tandan yang sama antarcitra sehingga tidak dikodekan C1. Tugas mencakup DET, HIT, dan LF; dipilih HIT. Lokasi tidak dinyatakan tegas; TANAH disimpulkan dari konteks panen dan brondolan. Abstrak hanya melaporkan akurasi deteksi, bukan galat hitung."
555,dai2022tracking,2022,Tracking and Counting Method for Tomato Fruits Scouting Robot in Greenhouse,sama,mekanisme,judul,C1,,abstrak (web),C1,,C5,sedang,M3,M3+M4,V,V,N,N,,,,,,,,,,,"tracks the position of tomatoes in the image by the spatial displacement information of the robot, while 3D depth filtering can effectively avoid the interference of background tomatoes on the counting || the accuracy rates of bunch and single fruit counting were higher than 84% and 86% respectively","Kutipan verbatim dari abstrak di halaman Springer. Pelacakan memakai perpindahan robot (odometri) dan kedalaman, sehingga dikodekan M3+M4; abstrak tidak merinci algoritme asosiasi. Referensi hitung diduga hitungan manual di tanaman (abstrak hanya membandingkan kecepatan dengan hitungan manual). Hitungan tandan dan buah tunggal adalah dua tingkat objek, bukan kelas."
572,gao2021apple,2021,Apple detection and counting using real-time video based on deep learning and object tracking,sama,,judul,C1,,abstrak (web),C1,,,tinggi,M3,M3,V,V,N,N,,,,,,,,,,,This study proposed a fruit counting method based on a lightweight YOLOv4-tiny network and Kalman filter algorithm toward this end. || all predicted and detected apples in the subsequent frame would be optimally matched based on the Hungarian algorithm of the Euclidean distance and Intersection over Union (IoU). || an average precision of 81.94% and a determination coefficient of 0.986 with counting performed by manual observation were reached in 10 orchard videos.,"Acuan hitung disebut 'manual observation' pada 10 video; ditafsirkan sebagai hitungan manual pada video (anotasi), bukan hitungan di pohon. Kamera Realsense D435 dipakai, tetapi abstrak tidak menyebut pemakaian depth. Bahasa teks lengkap kemungkinan Mandarin dengan abstrak Inggris."
577,osman2021yield,2021,Yield estimation and visualization solution for precision agriculture,sama,,abstrak,C1,,teks lengkap,C1,,,tinggi,M2+M3,M2+M3,V,V,N,N,,,,,,,,,,,"we use the detection model within a tracking pipeline, which allows the system to keep track of detections across video frames and count new detections only once || The cost value in our context is the cosine distance between CNN features. || Before unmatched detections are initialized as new tracks, they undergo IoU matching ﬁrst.","DeepSORT termodifikasi: asosiasi utama memakai jarak kosinus fitur tampilan (ResNet18) dengan algoritma Hungarian, pencocokan IoU sebagai cadangan, dan filter Kalman; buah dihitung saat lintasan terkonfirmasi. Referensi hitung disebut ""performed manually by a human"" tanpa menjelaskan apakah di pohon atau pada video; dikodekan anotasi. Tidak ada metrik identitas (MOTA/IDF1)."
580,zineelabidine2021assigning,2021,Assigning apples to individual trees in dense orchards using 3D colour point clouds,sama,akuisisi,abstrak,C1,,teks lengkap,C1,,C5,tinggi,M4,M4,S,D,N,N,,,,,,,,,,,"The multi-view images were used to reconstruct 3D color point clouds of the scenes through VisualSFM [61, 62] and PMVS/CMVS tool [63, 64]. || The centers of these bounding boxes are mapped to the 3D space of PCC h and are considered to be the locations of detected apples. || Our strategy is to reconstruct 3D models of the same set of trees twice a year, once during the winter period and once during the harvest period.","Teks lengkap yang tersedia adalah pracetak arXiv; nomor halaman mengikuti PDF itu. Setiap apel muncul satu kali sebagai komponen terhubung di awan titik SfM, sehingga duplikat antarcitra dihapus oleh rekonstruksi 3D (M4). Akuisisi juga berulang antarmusim (dua kunjungan, kode T), tetapi kunjungan musim dingin dipakai untuk memisahkan pohon, bukan untuk mengamati buah. Tidak ada metrik galat hitung; yang dilaporkan recall/presisi deteksi 3D dan akurasi penetapan apel ke pohon. Acuan berupa anotasi manual posisi apel pada awan titik."
581,anderson2021estimation,2021,Estimation of fruit load in australian mango orchards using machine vision,sama,mekanisme;akuisisi,abstrak,C1,,teks lengkap,C1,,,tinggi,M1,M1+M3,D,V,N,N,,,,,,,,,,,"In the multi-view method, video was acquired at 10 fps. A Kalman ﬁlter was adopted to track the fruit across a sequence of frames, following the procedures of [2,9]. || A fruit size threshold (12 × 12 pixels) was utilized to reduce the error of double counting of fruit seen from both sides of the canopy || multi-view corrected for occluded fruit using manual counts of CAL trees (MV-CAL)","Duplikat antarframe dihapus pelacakan Kalman (M3). Duplikat antarsisi baris hanya ditekan ambang ukuran 12 x 12 piksel, bukan asosiasi. M1 berlaku untuk varian MV-CAL (faktor oklusi dari regresi hitungan manual 18 pohon)."
592,parico2021real,2021,Real time pear fruit detection and counting using yolov4 models and deep sort,sama,,abstrak,C1,,teks lengkap,C1,,,tinggi,M2+M3,M2+M3,V,V,N,N,,,,,,,,,,,"Deep SORT, in combination with YOLOv4, was implemented locally to track the pears in an unseen test mobile phone video of resolution 1080 × 1920, 32 s long || For the second method, the counts were based on the number of unique object IDs generated by Deep SORT’s tracking mechanism. || it also integrated a deep appearance‐based metric derived from the convolutional neural network","Deep SORT dikodekan M2+M3 sesuai konvensi. Acuan hitung tidak dinyatakan tegas; TP/FP/FN hitungan dinilai pada video uji, sehingga diisi anotasi. Evaluasi hitung hanya pada satu video."
595,osman2021yieldb,2021,Yield Estimation using Deep Learning for Precision Agriculture,sama,,abstrak,C1,,abstrak,C1,,,tinggi,M2+M3,M2+M3,V,V,N,N,,,,,,,,,,,"We perform fruit counting on video footage by following a two-stage pipeline that consists of detecting the fruits, then tracking them frame-by-frame. || New detections are associated with old detections by comparing their features as a distance metric, where two objects with minimal distance are associated together.","DeepSORT dikodekan M2+M3 sesuai konvensi; abstrak hanya menguraikan asosiasi berbasis jarak fitur tampilan, sehingga penghapus duplikat ditulis M2. Abstrak tidak menyebut acuan hitung maupun angka hasil."
601,itakura2021automatic,2021,Automatic pear and apple detection by videos using deep learning and a Kalman filter,sama,,abstrak,C1,,abstrak,C1,,,tinggi,M3,M3,V,V,N,N,,,,,,,,,,,"Pears and apples in videos recorded while walking were detected automatically using a deep-learning-based method referred to as YOLO. || The same fruits in the successive video frames were then identified using a Kalman filter. || the number of correctly counted pears was 226, out of 234",Abstrak tidak menyebut sumber hitungan acuan (hitung manual di pohon atau anotasi video); 'anotasi' adalah dugaan.
602,torressanchez2021grape,2021,Grape cluster detection using uav photogrammetric point clouds as a low‐cost tool for yield forecasting in vineyards,sama,akuisisi,abstrak,C1,,teks lengkap,C1,,C5,sedang,M4,M4,S,D,N,N,,,,,,,,,,,develop an unsupervised and automated workflow for detection of grape clusters in red grapevine varieties using UAV photogrammetric point clouds and color indices || The proposed methodology achieved R2 values higher than 0.75 between the harvest weight and the projected area of the points classified as grapes,"Citra UAV nadir dan miring yang saling bertumpang-tindih digabung dengan fotogrametri (Agisoft Metashape) menjadi satu awan titik; tandan dideteksi di awan titik dengan ambang tinggi dan filter warna, sehingga tandan yang sama pada banyak citra hanya muncul sekali (M4). Tidak ada hitungan tandan per individu: luas proyeksi titik diregresikan terhadap bobot panen, sehingga M1 dapat diperdebatkan sebagai kode tambahan. Akuisisi berupa foto diam berinterval 1-2 detik sepanjang jalur terbang, dikodekan D (bukan video); V juga dapat dipertahankan."
606,boatswain2021machine,2021,Towards a Machine Vision-Based Yield Monitor for the Counting and Quality Mapping of Shallots,sama,alasan,abstrak,X,E1,abstrak,X,E2,,sedang,,,,,,,,,,,,,,,,,"A machine vision-based yield monitor was designed to perform size categorization and continuous counting of shallots in-situ during the harvesting process. || Vegetables are first segmented using Watershed segmentation, detected on the conveyor, and then classified by size.","Bawang merah dicitrakan di atas konveyor mesin panen setelah dicabut, bukan pada tanaman, sehingga dikeluarkan. Alasan E1 (bukan buah pada tanaman) juga dapat dipakai; E2 dipilih karena pencitraan terjadi setelah produk lepas dari tanaman. Pencacahan dilakukan dari video secara kontinu, tetapi abstrak tidak menyebut cara menghindari hitungan ganda."
607,jaramillo2021low,2021,"Low-Cost, Computer Vision-Based, Prebloom Cluster Count Prediction in Vineyards",beda,grup,abstrak,X,E1,teks lengkap (web),C1,,,tinggi,,,,,,,,,,,,,,,,,"Detected objects were then tracked from frame to frame using a Kernelized Correlation Filter (Henriques et al., 2014 ) to prevent double counting. New detections were associated with previous trackers using an intersection over union metric (IOU). || These counts are then linearly calibrated using a subset of manually counted panels to help account for any occlusion or double counting that may occur in the computer vision pipeline. || each panel was counted a second time during harvest and used as a baseline for measurement.","Duplikat dihapus oleh pelacakan KCF dengan asosiasi IoU (M3); kalibrasi linear terhadap hitungan manual (M1) mengoreksi sisa oklusi dan hitung ganda. Teks dibaca dari HTML penerbit, bukan PDF, sehingga halaman dikosongkan. Tidak ada metrik identitas."
614,zhang2021method,2021,A method for organs classification and fruit counting on pomegranate trees based on multi-features fusion and support vector machine by 3D point cloud,beda,grup,abstrak,C1,,abstrak,C5,,C2,sedang,M4,,1,,N,,,,,,,,,,,,Three-dimensional point clouds of pomegranate trees were obtained by an RGB-D camera || An agglomerative-divisive hierarchical clustering was used to count pomegranate fruit || The fruit counting based on agglomerative-divisive hierarchical clustering had a recall of 87.74 % and a precision of 78.15 %,"Abstrak tidak menyatakan apakah awan titik pohon utuh dibentuk dari registrasi beberapa pandang. Pernyataan 'aimed at the whole fruit tree' mengisyaratkan kemungkinan itu; bila teks lengkap mengonfirmasi registrasi multipandang, kode menjadi C1 dengan mekanisme M4 dan akuisisi D atau S. Teks lengkap tidak dapat diakses."
617,kirk2021robust,2021,Robust Counting of Soft Fruit Through Occlusions with Re-identification,sama,mekanisme;per_kelas,judul,C1,,abstrak (web),C1,,C4,sedang,M2,M2+M3,V,V,N,Y,,,,,,,,,,,"[parafrasa web] The paper presents a novel multi-object, multi-class fruit tracking system to count fruit from image sequences. || [parafrasa web] The system uses a recurrent neural network with a feature extractor stem and two heads for re-identification and maturity classification, applied to detected fruits in image sequences. || [parafrasa web] The proposed system achieves a MAPE of 3% (L1 loss = 7), improving on the baseline multi-object tracking approach which obtained an MAPE of 21% (L1 loss = 41).","Hanya parafrasa abstrak yang tersedia. Komponen gerak (M3) disimpulkan dari istilah pelacakan multiobjek pada urutan citra dan tidak dinyatakan rinci. Hitungan per kelas kematangan (per_kelas Y), cara pemberian kelas, dan acuan hitungan tidak dinyatakan tegas dalam abstrak; perlu dicek pada teks lengkap."
623,gao2021appleb,2021,Apple fruit detection and counting based on deep learning and trunk tracking,sama,,abstrak,C1,,abstrak,C1,,,tinggi,M3,M3,V,V,N,N,,,,,,,,,,,this study select tree trunk as the tracking target to obtain the displacement trajectories of all detected fruits || Combining the detected position information of the apple and the trunk with the displacement track obtained by tracking can establish the connection between the fruits in the video frame || over 90% apples were counted correctly using proposed method compared with manual counting results,"Asosiasi buah antarbingkai berasal dari perpindahan batang yang dilacak (gerak), sehingga dikodekan M3. Abstrak tidak menyatakan apakah hitungan manual dilakukan pada video atau di pohon; 'anotasi' adalah dugaan."
625,aji2021automatic,2021,Automatic Oil Palm Unstripped Bunch (USB) Counting System based on Faster RCNN and Object Tracking,lunak,grup(lunak),abstrak,C3,,abstrak,C1,,C3,sedang,,,,,,,HIT,HIT,PABRIK,PABRIK,RGB,RGB,Y,Y,N,N,Our proposed automated USB counter system consists of an object detector built on the RCNN Faster architecture and an object tracker made in the euclidean distance. || Our proposed system identifies and counts USBs with an average accuracy of 71.5% in testing.,"Objeknya tandan tidak terpipil (USB) di pabrik, bukan TBS di pohon; dimasukkan lewat pengecualian pabrik sawit. Abstrak tidak menyebut pembanding hitungan; 'anotasi' adalah dugaan. Akuisisi video disimpulkan dari adanya pelacak."
638,moreno2020evaluation,2020,Evaluation of vineyard cropping systems using on-board rgb-depth perception,sama,,abstrak,X,E1,abstrak,X,E1,,sedang,,,,,,,,,,,,,,,,,an adaptable mobile platform was used for the acquisition of depth images for the non-destructive assessment of branch volume (pruning weight) and related to grape yield in vineyard crops || Correlations of Kinect branch volume with pruning weight (dry biomass) resulted in high coefficients of determination (R2 = 0.80).,"Objek yang diukur adalah volume cabang tanaman anggur dari awan titik Kinect v2; hasil panen hanya dikorelasikan dengan volume itu, tanpa deteksi buah. Alasan E3 juga dapat dipakai; E1 dipilih karena objek citra bukan buah."
640,serafino2020detection,2020,Detection and Counting of Lemons using Artificial Vision and Tracking Techniques for Real Time Harvest Estimation,sama,,abstrak,C1,,abstrak,C1,,,rendah,M3,M3,V,V,N,N,,,,,,,,,,,"automate the counting of lemons in real time during the harvesting process, using low processing vision equipment and low resolution cameras mounted on a lemon harvester || mathematical morphology and object tracking based on the Kuhn-Munkres algorithm || six harvest videos with a resolution of 640x480 pixels were tested, resulting in a success rate of over 95% between the visual count and the count provided by the algorithm","Abstrak tidak menyatakan apakah lemon direkam di pohon atau di atas konveyor mesin panen; bila di konveyor, rekaman ini seharusnya X dengan alasan E2. Mekanisme M3 disimpulkan dari pelacakan objek dengan penugasan Kuhn-Munkres pada video; referensi hitung adalah hitungan visual pada video."
649,genemola2020fuji,2020,Fuji-SfM dataset: A collection of annotated images and point clouds for Fuji apple detection and location using structure-from-motion photogrammetry,sama,,abstrak,C1,,abstrak,C1,,C5,tinggi,DATA,DATA,D,D,N,N,,,,,,,,,,,a set of 582 images defining a motion sequence of the scene which was used to generate the 3D model of 11 Fuji apple trees containing 1455 apples by using SfM || the 3D point cloud of the scanned scene with the corresponding apple positions ground truth in global coordinates,"Makalah data, sehingga mekanisme dikodekan DATA; rekonstruksi SfM (M4) ada pada artikel riset pendampingnya. Akuisisi D dipilih karena masukan berupa foto diskret untuk fotogrametri; abstrak menyebutnya 'motion sequence' sehingga V juga dapat dipertahankan. Abstrak tidak melaporkan metrik."
655,genemola2020lfuji,2020,LFuji-air dataset: Annotated 3D LiDAR point clouds of Fuji apple trees for fruit detection scanned under different forced air flow conditions,sama,,abstrak,C1,,abstrak,C1,,C5,tinggi,DATA,DATA,S,S,N,N,,,,,,,,,,,"This article presents the LFuji-air dataset, which contains LiDAR based point clouds of 11 Fuji apples trees and the corresponding apples location ground truth. || A total of 8 scans per tree were performed, including scans from different LiDAR sensor positions (multi-view approach) and under different air flow conditions.","Makalah data tanpa metode asosiasi; pohon yang sama dipindai berulang dari beberapa posisi sehingga memenuhi C1 (dataset multipandang). Pemindaian memakai LiDAR dengan RTK-GNSS, sehingga C5 juga cocok."
658,santos2020grape,2020,"Grape detection, segmentation, and tracking using deep neural networks and three-dimensional association",sama,mekanisme,abstrak,C1,,teks lengkap,C1,,,tinggi,M3+M4,M4,V,V,N,N,,,,,,,,,,,"a fruit counting methodology that employs three-dimensional association to integrate and localize the detection results in space, avoiding multiple counting || there is a link between instances from two different frames if there is a three-dimensional point whose 2-D projections are contained in the masks associated to these instances || The number of paths is an estimation of the total number of grape clusters in the entire image sequence.","Lintasan dibentuk hanya dari titik 3-D SfM (COLMAP) yang terproyeksi ke masker di frame berbeda, tanpa pelacak gerak atau deskriptor penampilan tandan, sehingga dikode M4 saja dan bukan M3+M4. Jumlah lintasan tidak dibandingkan dengan hitungan acuan; metrik yang dilaporkan hanya deteksi dan segmentasi pada citra tunggal."
664,sun2020three,2020,Three-dimensional photogrammetric mapping of cotton bolls in situ based on point cloud segmentation and clustering,sama,,abstrak,C1,,abstrak,C1,,C5,tinggi,M4,M4,D,D,N,N,,,,,,,,,,,"Point clouds were reconstructed from multi-view images using the structure from motion algorithm. || The developed density-based clustering method could estimate boll counts for this situation, in which bolls were in direct contact with other bolls. || The average accuracy of boll counting was up to 90% and the R2 values between fiber yield and boll number, as well as fiber yield and boll volume were 0.87 and 0.66","Abstrak tidak menyebut sumber hitungan acuan boll; diduga hitungan manual di tanaman, sedangkan hasil serat berasal dari panen. Akuisisi multi-pandang dapat berupa video atau foto; dikodekan D."
672,genemola2020fruit,2020,"Fruit detection, yield prediction and canopy geometric characterization using LiDAR with forced air flow",sama,,abstrak,C1,,abstrak,C1,,C5,sedang,M4,M4,S,S,N,N,,,,,,,,,,,"tackling the problem from two different approaches: applying forced air flow by means of an air-assisted sprayer, and using multi-view sensing || The system was able to detect and localize more than 80% of the visible fruits, predict the yield with a root mean square error lower than 6% || combining trials with and without forced air flow and multi-view sensing presented significant advantages for fruit detection","Pindaian LiDAR dari beberapa pandangan dan beberapa percobaan digabung, sehingga buah yang sama teramati lebih dari sekali; M4 (awan titik teregistrasi) disimpulkan dari sifat data, abstrak tidak merinci cara registrasi maupun penghapusan duplikat. Acuan cacah (""pohon"") tidak dinyatakan di abstrak dan perlu diperiksa pada teks lengkap."
675,dong2020semantic,2020,Semantic mapping for orchard environments by merging two-sides reconstructions of tree rows,sama,akuisisi,abstrak,C1,,teks lengkap,C1,,,tinggi,M4,M4,D,V,N,N,,,,,,,,,,,"To merge counts from both sides, we compute the intersection of the connected components from both sides (see Fig. 23). Then, we compute the total counts by using the inclusion-exclusion principle || Our first main contribution in this paper is a novel method that utilizes global features and semantic information to obtain an initial solution aligning the two sides. || we find the yield using our method in Sec. 4.4.4, which (91.98% ∼94.81%) is much more consistent compared to the summed yield","Duplikat antarbingkai dan antarsisi dihapus secara geometris: gugus apel disegmentasi di awan titik SfM, diproyeksikan ulang ke bingkai dengan gerak kamera, lalu komponen terhubung 3D dari kedua sisi diiris. Hitungan per gugus memakai median tiga bingkai. Data RGB-D hanya dipakai untuk diameter batang, tinggi pohon, dan volume kanopi, bukan untuk buah, sehingga C5 tidak dicantumkan."
689,fawcett2019unmanned,2019,Unmanned aerial vehicle (UAV) derived structure-from-motion photogrammetry point clouds for oil palm (Elaeis guineensis) canopy segmentation and height estimation,sama,,abstrak,X,E1,abstrak,X,E1,,tinggi,,,,,,,,,,,,,,,,,"Derived canopy height models were used and evaluated for automated palm identification using local height maxima. || Metrics such as maximum canopy height and stem height, derived from segmented single palm point clouds were tested relative to ground validation data.",Objek kajian adalah tajuk dan tinggi batang pohon sawit dari awan titik SfM UAV; tidak ada pencitraan tandan buah.
691,hadas2019apple,2019,Apple orchard inventory with a LiDAR equipped unmanned aerial system,sama,,abstrak,X,E1,abstrak,X,E1,,tinggi,,,,,,,,,,,,,,,,,"determining selected geometric parameters of trees in an apple orchard, based on a high-density point cloud obtained from a Velodyne HDL-32E laser scanner mounted on a small UAV platform || The developed approach allowed for the correct identification of 99% of the trees in the test orchard.","Objek kajian adalah pohon dan tajuk (jumlah pohon, luas tajuk, tinggi), bukan buah."
694,roy2019vision,2019,Vision-based preharvest yield mapping for apple orchards,sama,mekanisme,abstrak,C1,,teks lengkap,C1,,,tinggi,M4+M1,M3+M4,V,V,N,N,,,,,,,,,,,"we are using homography between frames to track fruits and to avoid double counting. || If the overlap is more than 10% we assume that these bounding boxes correspond to the same cluster. || To merge counts from both sides, we utilize the 3D geometry of the environment. We reconstruct each side of the row using captured images.","Dalam satu sisi, kotak klaster dipropagasi antarbingkai dengan homografi berpasangan (SIFT) dan dicocokkan berdasarkan tumpang-tindih (M3). Antarsisi, rekonstruksi fotogrametri (Agisoft) digabung dan hitungan disatukan dengan prinsip inklusi-eksklusi (M4). Asosiasi dilakukan pada tingkat klaster, bukan buah tunggal."
699,liu2019monocular,2019,Monocular Camera Based Fruit Counting and Mapping with Semantic Data Association,sama,,abstrak,C1,,teks lengkap,C1,,,tinggi,M3+M4,M3+M4,V,V,N,N,,,,,,,,,,,"The first results from observing the same fruit across consecutive images, which we address by tracking fruits in the 2D image plane. || converts 2D tracks of fruits and trunks into 3D landmarks, and uses these landmarks to identify double counting scenarios || We manually counted 18 trees in the field as ground truth.","Pelacakan 2D (KLT, Kalman filter, Hungarian) menghapus duplikat antarbingkai; landmark 3D dari SfM semantik menghapus lacak ganda dan duplikat dua sisi baris melalui ambang kedalaman terhadap batang pohon."
700,wang2019mango,2019,Mango fruit load estimation using a video based MangoYOLO—Kalman filter—hungarian algorithm method,sama,,abstrak,C1,,teks lengkap,C1,,,tinggi,M3,M3,V,V,N,N,,,,,,,,,,,"The Hungarian algorithm was used to correlate fruit between neighbouring frames, with the improvement of enabling multiple-to-one assignment. || The Kalman filter was used to predict the position of fruit in following frames, to avoid multiple counts of a single fruit that is obscured or otherwise not detected || The Euclidean distance of a fruit in two successive frames is used for the registration of a fruit if it occurs in both.","Duplikat antara dua sisi baris tidak diasosiasikan; hanya dikurangi dengan ambang ukuran kotak (lebar <12 px atau tinggi <15 px dibuang). Faktor koreksi terhadap panen (1,6) dilaporkan, tetapi bukan mekanisme asosiasi metode ini, sehingga M1 tidak dikodekan."
702,nellithimaru2019rols,2019,ROLS : Robust object-level SLAM for grape counting,sama,,abstrak,C1,,abstrak,C1,,C5,sedang,M4,M4,V,V,N,N,,,,,,,,,,,"Camera based Simultaneous Localization and Mapping (SLAM) in an agricultural field can be used by crop growers to count fruits and estimate yield. || We use images captured by a stereo camera and their 3D reconstruction to detect objects of interest and divide them into classes: grapes, leaves and branches. || We achieve a F1 score of 0.977 with ground truth grape counts from images.","Abstrak tidak merinci cara penghapusan duplikat; M4 disimpulkan dari SLAM tingkat objek dan model 3D padat. Metrik yang dilaporkan adalah skor F1 terhadap hitungan acuan dari citra, sehingga tingkat metrik dapat pula dibaca sebagai hitung. Akuisisi V diasumsikan dari urutan citra stereo untuk SLAM."
705,bresilla2019single,2019,Single-shot convolution neural networks for real-time fruit detection within the tree,beda,grup,abstrak,X,E5,abstrak,C2,,,tinggi,,,,,,,,,,,,,,,,,"Based on correlation between number of visible fruits, detected fruits on one frame and the real number of fruits on one tree, a model was created to accommodate this error rate. || Using new convolutional deep learning techniques based on single-shot detectors to detect and count fruits (apple and pear) within the tree canopy.",Hitungan dari satu frame per pohon dikorelasikan dengan jumlah buah sebenarnya; tidak ada langkah antarcitra.
709,kicherer2019phenoliner,2019,Phenoliner: A multi-sensor field phenotyping platform,beda,grup,abstrak,X,E5,abstrak,C5,,C1,rendah,,,,,,,,,,,,,,,,,"The multi-camera system is used for the automated acquisition of coloured 3D data of multiple vine rows for the automated calculation of yield parameters that can be used for yield prediction. || It is equipped with different sensor systems within the tunnel (multi-camera system, hyperspectral cameras) and on top of the vehicle (RTK-GPS, orientation and speed sensors).","Makalah deskripsi platform; abstrak tidak memuat evaluasi kuantitatif, sehingga kelayakan (syarat 'dievaluasi') meragukan dan E5/E1 dapat dipertahankan. C5 dipilih karena rekonstruksi 3D multikamera dan hiperspektral untuk parameter hasil; C1 mungkin cocok karena beberapa kamera mengamati tanaman yang sama, tetapi cara asosiasi buah tidak dijelaskan."
711,huang2019high,2019,"High-throughput image analysis framework for fruit detection, localization and measurement from video streams",sama,,abstrak,C1,,abstrak,C1,,,sedang,M2+M3,M2+M3,V,V,N,N,,,,,,,,,,,"An individual fruit tracking algorithm is applied throughout the video stream to perform tracking of multiple fruits || The online tracking algorithm includes feature matching, optical flow and projective transformation optimized by occlusion handling techniques || phenotyping information such as fruit counts, ripening stage, fruit size, and 2D spatial distribution maps were obtained","Abstrak tidak menyebut cara penghapusan duplikat, acuan hitungan, maupun metrik hitung. Tahap kematangan diperoleh, tetapi tidak jelas apakah hitungan dilaporkan per kelas, sehingga per_kelas N. Transformasi projektif antarframe dianggap bagian pelacakan (M3), bukan kerangka 3D bersama (M4)."
717,jarvinen2019tree,2019,Tree trunk position estimation for accurate fruit counts in apple yield mapping,beda,grup,abstrak,C1,,abstrak,X,E1,,sedang,M3,,V,,N,,,,,,,,,,,,"a multiple–object-tracking method was combined with known information about tree spacing to estimate the position of each trunk across video sequences || On the test dataset, all trunks are successfully detected. For the subset of images where ground truth data was available, the root mean square error (RMSE) for trunk position was 15.6 pixels.","Detektor mengenali buah dan batang, tetapi yang dilacak dan dievaluasi hanya posisi batang (RMSE 15,6 piksel); hitung buah tidak dievaluasi. Kasus batas: kajian ini komponen sistem hitung apel berbasis video (pembagian buah per pohon), sehingga peninjau lain dapat mengodekannya C1 (M3). Abstrak tidak melaporkan hasil hitung buah."
723,liu2018robust,2018,"Robust Fruit Counting: Combining Deep Learning, Tracking, and Structure from Motion",sama,,abstrak,C1,,abstrak,C1,,,tinggi,M3+M4,M3+M4,V,V,N,N,,,,,,,,,,,"We then track fruits across frames using the Hungarian Algorithm where the objective cost is determined from a Kalman Filter corrected Kanade-Lucas-Tomasi (KLT) Tracker. || we combine tracking results with a Structure from Motion (SfM) algorithm to calculate relative 3D locations and size estimates to reject outliers and double counted fruit tracks || [parafrasa web] Versi arXiv: jejak yang hilang lalu terlacak lagi terhitung dua kali; setelah dilokalisasi 3D, jejak ganda terdeteksi karena berdekatan di ruang 3D.","Pelacakan (KLT + Kalman + Hungarian) menghasilkan hitungan awal; lokalisasi 3D dengan SfM menghapus jejak yang terhitung ganda dan buah di luar baris. Angka hasil diambil dari versi arXiv (ar5iv), bukan dari PDF penerbit, sehingga halaman dikosongkan."
746,braun2018fruit,2018,A fruit yield prediction method using blossom detection,sama,,abstrak,X,E1,abstrak,X,E1,,sedang,,,,,,,,,,,,,,,,,"Images of the peach and apple trees during the blossom period were acquired using a color camera from two sides, east and west. || An image processing algorithm to detect and count the blossoms was developed. || A fruit yield prediction equation that uses the blossoms counted from the east and west images was also derived.","Objek yang dideteksi adalah bunga, bukan buah, sehingga E1. Kasus batas: hitungan dari dua sisi pohon digabung dengan persamaan prediksi terhadap jumlah buah aktual (r = 0,77); bila bunga diterima sebagai pengganti buah, kodenya C1 dengan mekanisme M1, akuisisi D, referensi pohon."
757,liu2017computer,2017,A computer vision system for early stage grape yield estimation based on shoot detection,sama,,abstrak,X,E1,abstrak,X,E1,,sedang,,,,,,,,,,,,,,,,,"This paper proposes a completely automatic system for grapevine yield estimation, comprised of robust shoot detection and yield estimation based on shoot counts produced from videos.","Objek yang dideteksi dan dihitung adalah tunas (shoot) anggur pada awal musim, bukan buah; hasil panen diturunkan dari jumlah tunas. Bila protokol menerima organ pengganti buah, kajian ini mendekati C1 (hitungan dari video), tetapi abstrak tidak menyebut cara penghapusan duplikat antarframe."
766,stein2016image,2016,"Image based mango fruit detection, localisation and yield estimation using multiple view geometry",sama,mekanisme,abstrak,C1,,teks lengkap,C1,,C5,tinggi,M4,M3+M4,V,V,N,N,,,,,,,,,,,"pair-wise correspondences are established between images using trajectory data provided by a navigation system || must be associated and tracked throughout the sequence of all images in which they are seen, to avoid counting the same fruit multiple times || The fruit was tallied by counting the number of unique ids per tree, per row and in total for the whole orchard block.","Asosiasi antarbingkai berurutan memakai garis epipolar dari pose GPS/INS dan penugasan Hungarian; tidak ada fitur penampilan. Dikodekan M3+M4 karena pelacakan berantai antarbingkai dengan biaya geometris murni; apabila konvensi hanya menghitung isyarat asosiasi, kode yang tepat adalah M4. C5 ikut cocok karena buah ditriangulasi dalam 3D dan LiDAR dipakai untuk mengaitkan buah ke pohon."
767,roy2016surveying,2016,Surveying apple orchards with a monocular vision system,sama,akuisisi,abstrak,C1,,abstrak,C1,,C5,sedang,M4,M4,D,V,N,N,,,,,,,,,,,We present a novel piecewise incremental structure from motion technique to register and reconstruct the apples which is used for extracting count and diameter information. || We validate our approach by presenting results from multiple field trials.,"Kode kelompok dan mekanisme M4 jelas dari abstrak. Abstrak tidak menyebut acuan pembanding hitungan (referensi_hitung diisi 'tidak ada' karena tidak dinyatakan), bentuk akuisisi (video atau foto berurutan; V adalah dugaan), maupun metrik. C5 dicantumkan karena diameter diukur dari rekonstruksi 3D."
777,gongal2016apple,2016,Apple crop-load estimation with over-the-row machine vision system,sama,,abstrak,C1,,abstrak,C1,,C5,tinggi,M4,M4,D,D,N,N,,,,,,,,,,,acquired images from opposite sides of apple trees || The location of apples in three-dimensional (3D) space was used to eliminate duplicate counting of apples that were visible to cameras from both sides of the tree canopy.,Abstrak tidak menyebut acuan hitungan secara eksplisit; 'pohon' diasumsikan dari estimasi muatan buah per pohon. Sensor 3D tidak dirinci di abstrak.
785,nguyen2015automated,2015,Automated mobile system for accurate outdoor tree crop enumeration using an uncalibrated camera,sama,,abstrak,X,E1,abstrak,X,E1,,sedang,,,,,,,,,,,,,,,,,This paper demonstrates an automated computer vision system for outdoor tree crop enumeration in a seedling nursery. || a double-counting avoidance method based on a homography transform,"Objek yang dicacah adalah bibit pohon, bukan buah, sehingga E1. Metode penghindaran hitung ganda dengan homografi antarcitra relevan secara metode (setara M4), tetapi kajian ini berada di pertanian sehingga tidak memenuhi definisi T."
792,linker2015estimation,2015,Estimation of apple orchard yield using night time imaging,sama,,abstrak,C1,,teks lengkap,C1,,,tinggi,M1,M1,D,D,N,N,,,,,,,,,,,"Each tree was photographed from two sides, resulting in six images per tree. || the number of objects detected in the six images of a tree were summed up to produce a ‘tree count’ || Fourteen trees were selected randomly in order to derive a relationship between the ‘tree counts’ and the actual tree yield.",Tidak ada langkah penghapusan duplikat antarcitra; tumpang-tindih antarcitra dan buah tersembunyi diserap oleh hubungan linear terkalibrasi (M1). Referensi: panen per pohon (jumlah apel) dan hitung visual pada citra.
801,zainuddin2015online,2015,Online mobile mapping application development for monitoring fruit tree plantation,sama,alasan,judul,X,E5,abstrak (web),X,E6,,tinggi,,,,,,,,,,,,,,,,,"[parafrasa web] Aplikasi pemetaan berbasis GPS tracking, Google Maps API, MySQL, Java, dan CodeIgniter yang menyimpan koordinat tiap pohon; hasil panen dan status pohon dimasukkan petani secara manual.","Tidak ada sensor citra maupun deteksi buah; sistem informasi GPS untuk pemantauan pohon. E1 juga dapat dipakai sebagai alasan (objeknya pohon, bukan buah)."
806,holguin2014automatic,2014,Automatic recognition system of fruits based computer vision,sama,alasan,abstrak,X,E2,abstrak,X,E7,,sedang,,,,,,,,,,,,,,,,,"Este trabajo presenta un sistema de reconocimiento capaz de identificar una fruta tropical latinoamericana de entre un conjunto, establecido en una base de datos || la construccion de una bascula electronica capaz de clasificar frutas, dispositivo que pretende contribuir a la solucion del problema de identificacion y clasificacion de productos agricolas en los supermercados","Abstrak berbahasa Spanyol (jurnal Ingeniare, Cile), sehingga E7. Alasan E2 juga berlaku: pengenalan jenis buah pascapanen pada timbangan supermarket, bukan buah di pohon."
818,gongal2014identification,2014,Identification of repetitive apples for improved crop-load estimation with dual-side imaging,sama,,judul,C1,,abstrak (web),C1,,C5,sedang,M4,M4,D,D,N,N,,,,,,,,,,,"[parafrasa web] Apples identified in the color images were transformed to a global 3D coordinate space, where two instances of the same apple identified from two sides overlapped with each other. || [parafrasa web] A threshold overlap distance was used to categorize apples into repeated or non-repeated groups. || [parafrasa web] Mean absolute error in identifying repetitive apples was 12% when buffer distance of full apple diameter was used.","Abstrak tidak menyebut acuan untuk galat 12%; 'anotasi' adalah dugaan (identifikasi manual apel berulang). Kamera 3D dipakai bersama kamera warna, sehingga C5 juga cocok."
838,wang2013automated,2013,Automated Crop Yield Estimation for Apple Orchards,sama,,abstrak,C1,,abstrak,C1,,C5,sedang,M4,M4,V,V,N,N,,,,,,,,,,,"The system uses a two-camera stereo rig for image acquisition. || The system scans both sides of each tree row in orchards. || A computer vision algorithm detects and registers apples from acquired sequential images, and then generates apple counts as crop yield estimation.",Abstrak hanya menyebut apel 'diregistrasi' lintas citra berurutan dari rig stereo; M4 disimpulkan dari registrasi berbasis stereo dan belum dikonfirmasi dari teks lengkap. Abstrak tidak menyebut faktor kalibrasi terhadap hitungan acuan (kemungkinan M1 tambahan) dan tidak menyatakan jenis acuan; 'panen' disimpulkan dari istilah galat estimasi hasil panen.
865,hamdani2026automated,2026,Automated oil palm fruit counting using deep learning for reliable yield estimation in natural background,sama,per_kelas,abstrak,C3,,abstrak,C3,,C2,sedang,,,,,,,HIT,HIT,POHON,POHON,RGB,RGB,N,N,Y,N,"this study introduces a density-aware benchmark dataset comprising 539 high-resolution RGB images of oil palm fresh fruit bunches (FFBs) collected in natural plantation environments || a density-level counting analysis was conducted using Mean Absolute Error (MAE) across low-, medium-, and high-density fruit scenarios || the lowest global counting error, with an MAE of 4.96 fruits per image","Pencacahan per citra dengan pembagian data tingkat citra; tidak ada langkah antarcitra. Abstrak tidak menyatakan secara tegas bahwa tandan masih di pohon (hanya 'natural plantation environments'), sehingga lokasi POHON adalah tafsiran. Variasi kematangan disebut sebagai keragaman data, bukan kelas yang ditetapkan per objek."
866,canicatti2026ground,2026,Ground truth sampling methods affect accuracy of UAV-based vineyard yield estimation: a case study,sama,,abstrak,X,E3,abstrak,X,E3,,tinggi,,,,,,,,,,,,,,,,,"UAV images were processed to derive spectral (NDVI) and geometric (fraction canopy cover, Fc) variables.",Hasil panen dimodelkan dari NDVI dan tutupan kanopi; buah tidak dideteksi.
893,golder2026automated,2026,"Automated detection, shape classification, and counting of leaves and fruits from bunch leaf and fruit image using deep learning models for smart agriculture and forestry",beda,grup,judul,X,E2,abstrak (web),C2,,,sedang,,,,,,,,,,,,,,,,,"[parafrasa web] Model deep learning diusulkan untuk mendeteksi dan mengklasifikasi bentuk daun (parsial, penuh) dari citra gerombol daun dan menghitung buah individual dari citra gerombol buah. || [parafrasa web] Dua dataset: 612 citra gerombol daun dari sembilan spesies dan 1.840 citra buah pepaya dari lahan pertanian Bangladesh; YOLOv8, EfficientDet-D0, dan Faster R-CNN dibandingkan. || [parafrasa web] YOLOv8 terbaik dengan presisi 93,88%, recall 91,59%, dan mAP 96,78% pada dataset daun.",Penghitungan buah pepaya dari citra tunggal di lahan; separuh makalah membahas daun (di luar cakupan). Angka hasil untuk dataset pepaya tidak diperoleh dari web; tidak dipastikan apakah galat hitung dilaporkan selain metrik deteksi.
894,obeng2026integrated,2026,An Integrated Machine Learning Framework for Citrus Grading and Yield Prediction Using Classifier-Informed Regression,sama,,judul,X,E3,abstrak (web),X,E3,,tinggi,,,,,,,,,,,,,,,,,"a citrus classification dataset comprising 10,000 samples (5,000 oranges and 5,000 grapefruits) characterized by 5 features (diameter, weight, and RGB color values) || a crop yield dataset spanning 1990-2022 from 39 countries across Africa (17 countries, 1,122 records) and the Americas (22 countries, 1,452 records)","Data tabular, bukan citra buah di pohon; hasil panen dimodelkan dari fitur lingkungan dan hara tingkat negara tanpa deteksi buah. E2 juga dapat dipakai untuk bagian pemutuan."
905,wang2026intelligent,2026,Intelligent Fruit and Vegetable Counting System Based on Raspberry Pi 4B and SG-YOLOv8,sama,,judul,X,E2,abstrak (web),X,E2,,tinggi,,,,,,,,,,,,,,,,,"With the growth of unmanned and intelligent retail, traditional manual weighing and pricing have become inefficient and costly. This paper presents an automated fruit and vegetable pricing system based on an improved YOLOv8 model. || [parafrasa web] Sistem dipasang pada Raspberry Pi 4B dengan ESP32, Tkinter, dan MySQL; akurasi deteksi 95,9%, efisiensi naik 40%, biaya turun 70%.","'Counting' pada judul berarti kasir atau penghitungan harga di ritel; buah dan sayur pascapanen di toko, bukan buah pada tanaman."
927,odah2025machine,2025,Machine learning techniques for tomato yield prediction: A comprehensive analysis,beda,grup,abstrak,X,E3,abstrak,R,,,sedang,,,,,,,,,,,,,,,,,"we conducted a systematic literature review to examine the ML models used for predicting tomato yield, the features associated with the most effective models, and the challenges faced by users. || The YOLO-Tomato and R-CNN methods are commonly used for detecting tomato fruits prior to yield estimation. Furthermore, DeepSort and linear regression are the predominant methods employed for counting and estimating tomato yield.","Tinjauan sistematis (PRISMA, 57 kajian) prediksi hasil tomat. Sebagian besar isinya model berbasis iklim, tanah, dan indeks vegetasi (di luar cakupan, mirip E3), tetapi tinjauan juga mencakup deteksi dan pencacahan buah berbasis citra, sehingga dikodekan R."
964,kahya2025predicting,2025,Predicting Grain Count and Weight of Grape Clusters by Image Processing with Deep Learning,beda,grup,judul,X,E2,abstrak (web),C2,,,sedang,,,,,,,,,,,,,,,,,"[parafrasa web] The study aims to evaluate the effectiveness of deep learning techniques in predicting grape number and weight using YOLOv8. || [parafrasa web] The dataset was augmented with 120 photos taken in the field and 540 images obtained from the internet, divided into 80% for training and 20% for testing.","Parafrasa web hanya melaporkan metrik deteksi (mAP50-95, presisi, recall); galat hitung butir dan galat bobot tidak terlihat. Bila ternyata tidak ada evaluasi hitung, alternatifnya X/E5. Sebagian citra berasal dari internet sehingga kondisi di tanaman tidak sepenuhnya pasti."
968,cui2025apple,2025,Apple Yield Estimation Method Based on CBAM-ECA-Deeplabv3+ Image Segmentation and Multi-Source Feature Fusion,beda,grup,abstrak,X,E3,abstrak,C2,,,sedang,,,,,,,,,,,,,,,,,"we apply multi-source feature fusion by combining vegetation indices from UAV remote sensing imagery, structural feature ratios from ground-based fruit tree images, and leaf chlorophyll content (SPAD) || The SVM model based on multi-source feature fusion achieved the highest apple yield estimation accuracy in small-scale orchard sample plots (R2 = 0.942, RMSE = 12.980 kg). || [parafrasa web] Fitur struktural dari segmentasi citra pohon mencakup karakteristik buah, daun, dan cabang yang digabung dengan data spektral dan klorofil.","Abstrak tidak menyatakan secara eksplisit bahwa buah disegmentasi; rasio fitur struktural dari segmentasi citra pohon diduga mencakup rasio piksel buah. Bila ternyata buah tidak disegmentasi, kode yang tepat adalah X dengan alasan E3. Citra darat dan UAV adalah sumber fitur berbeda, bukan pengamatan berulang atas buah yang sama, sehingga bukan C1."
978,kutyrev2025uav,2025,UAV-based sustainable orchard management: deep learning for apple detection and yield estimation,lunak,grup(lunak);mekanisme,abstrak,C1,,abstrak,C2,,C1,sedang,M1,M4,D,D,N,N,,,,,,,,,,,"Key steps included creating orthophotos, segmenting data into tiles, training a convolutional neural network (CNN) with transfer learning and data augmentation, and merging results. || An experimentally determined correction coefficient will account for fruits hidden from the camera, enhancing the accuracy of yield estimation.","Deteksi dijalankan pada petak ortofoto, sehingga setiap buah hanya muncul satu kali saat dideteksi (C2). C1 dicatat sebagai kode sekunder karena ortofoto menyatukan citra UAV yang tumpang-tindih ke satu kerangka koordinat (M4) sebelum deteksi; tidak ada asosiasi per buah. Koefisien koreksi baru direncanakan, belum dievaluasi. Evaluasi hanya pada tingkat deteksi."
1019,yang2025safe,2025,Towards Safe and Efficient Through-the-Canopy Autonomous Fruit Counting with UAVs,sama,mekanisme,abstrak,C1,,abstrak,C1,,,sedang,M0,M3+M4,V,V,N,N,,,,,,,,,,,"a robust workflow for fruit detection and counting using RGB images. We validate our approach through fruit counting with canopy-level aerial images || [parafrasa web] Detected fruits are tracked (ByteTrack in place of the Hungarian Algorithm) and fed to structure-from-motion with COLMAP; density-based spatial clustering groups reconstructed landmarks by individual fruits. || [parafrasa web] A video captured during a low-altitude flight near a small orange tree with 12 fruits is processed, and the method accurately recovers all 12 fruits.","Abstrak tidak menyebut mekanisme asosiasi; M3+M4 diambil dari versi arXiv (pelacakan ByteTrack lalu SfM COLMAP dan pengelompokan landmark 3D). Validasi hitung hanya satu pohon; sumber acuan 12 buah tidak dinyatakan tegas, diasumsikan hitungan di pohon. Kontribusi utama makalah adalah navigasi UAV."
1031,wu2024citrus,2024,Citrus Yield Estimation by Integrating UAV Imagery and Machine Learning,sama,,judul,X,E3,abstrak (web),X,E3,,sedang,,,,,,,,,,,,,,,,,"[parafrasa web] Citra multispektral UAV pada masa pematangan jeruk; indeks pita tampak dan multispektral dijadikan fitur untuk XGB, RF, dan SVM guna mengestimasi jumlah dan massa buah. || [parafrasa web] Model terbaik XGB: jumlah buah R2 = 0,79 dengan RMSE 466 buah; massa R2 = 0,79 dengan RMSE 19,51 kg.","Hasil panen dimodelkan dari indeks vegetasi UAV tanpa deteksi buah individual (E3). Artikel juga berbahasa Mandarin (metadata DC.Language cn), sehingga E7 turut berlaku; abstrak dibaca dari versi Mandarin dan diparafrasakan."
1036,zhu2024citrus,2024,Citrus yield estimation for individual trees integrating pruning intensity and image views,sama,,abstrak,C1,,abstrak,C1,,,sedang,M1,M1,D,D,N,N,,,,,,,,,,,"imaged from three different views (two, four, and six images per tree) to determine the optimal conditions for yield estimation. || This study adopted a deep learning based detection model to count fruit in tree images and machine learning models to estimate the yield of individual trees from the fruit count.",Abstrak tidak menyebut cara hitungan antarpandang digabung sebelum regresi dan tidak menyebut satuan acuan hasil (jumlah atau bobot panen); M1 disimpulkan dari regresi hitungan citra ke hasil pohon. Angka galat tidak tersedia di abstrak.
1060,scalisi2024detecting,2024,"Detecting, mapping and digitising canopy geometry, fruit number and peel colour in pear trees with different architecture",beda,grup,judul,C1,,judul,C5,,C2;C4,rendah,M4,,V,,Y,,,,,,,,,,,,,"Abstrak tidak ditemukan; keputusan hanya dari judul. Judul menunjukkan deteksi dan pemetaan geometri tajuk, jumlah buah, dan warna kulit pada pohon pir, yang mengisyaratkan platform pemindai bergerak dengan sensor 3D (dugaan, tidak terverifikasi). Bila teks lengkap menunjukkan hitungan buah digabung dari dua sisi baris atau dari citra berurutan, kodenya menjadi C1 (kemungkinan M1 atau M4). Perlu diperiksa pada teks lengkap."
1087,hutapea2024palm,2024,Palm Fruit Ripeness Detection and Counting Using YOLOv8 Algorithm in PTPN IV Medan North Sumatera Indonesia,sama,tugas,abstrak,C3,,abstrak,C3,,C4,sedang,,,,,,,HIT,DET,?,?,RGB,RGB,N,N,Y,Y,"The goal is to create a system that uses the YOLOv8 Deep Learning algorithm to detect the ripeness level of oil palm fruits. || The results indicated that YOLOv8 achieved an accuracy of 0.991 (99.1%) in detecting ripe, unripe, and rotten oil palm fruit.","Judul menyebut penghitungan, tetapi abstrak hanya melaporkan akurasi deteksi kematangan (85 citra, 185 setelah augmentasi) dan tidak melaporkan evaluasi hitung. Lokasi tandan (pohon, tanah, atau pabrik) tidak dinyatakan. Tugas dapat juga dikodekan HIT bila teks lengkap memuat evaluasi hitung."
1106,bogomasov2023efficient,2023,Efficient Iterative Semi-supervised Object Detection Training for Counting of Fruits and Vegetables,sama,,abstrak,X,E2,abstrak,X,E2,,sedang,,,,,,,,,,,,,,,,,reducing the manual effort for annotation based on the example of fruits and vegetables recognition and counting in retail applications || We achieve a reduction of the manual effort of more than 60% while maintaining the counting accuracy of 83% on 36 different object classes.,"Buah dan sayur di lingkungan ritel, bukan di tanaman, sehingga pascapanen (E2). Alternatif yang lemah: T sebagai metode pencacahan objek di luar pertanian."
1136,tang2023tree,2023,Tree-level almond yield estimation from high resolution aerial imagery with convolutional neural network,sama,,abstrak,X,E3,abstrak,X,E3,,tinggi,,,,,,,,,,,,,,,,,We developed a Convolutional Neural Network (CNN) model with a spatial attention module to take the multi-spectral reflectance imagery directly for almond fresh weight estimation at the tree level. || summer aerial imagery at 30cm was acquired for four spectral bands in 2021,Hasil panen diregresi dari reflektansi udara beresolusi 30 cm tanpa mendeteksi buah.
1148,luo2023improved,2023,An Improved Soft-CBAM-YoloV5 Algorithm for Fruits and Vegetables Detection and Counting,sama,,abstrak,X,E2,abstrak,X,E2,,tinggi,,,,,,,,,,,,,,,,,many researchers have paid attention to the scenes of quoting prices and settling accounts for fruits and vegetables in supermarkets and manual classification of fruits and vegetables in farmers' markets,"Deteksi dan pencacahan buah serta sayur pada konteks swalayan dan pasar, bukan buah di tanaman."
1156,lopezgarcia2022yield,2022,Yield estimations in a vineyard based on high-resolution spatial imagery acquired by a UAV,sama,,abstrak,X,E3,abstrak,X,E3,,tinggi,,,,,,,,,,,,,,,,,"This research aimed to evaluate the potential of VIs and green canopy cover (GCC; as a measure of plant vigour) obtained from conventional (or red, green, blue; RGB) and multispectral sensors || Simple and multiple linear regression techniques were evaluated by using VIs alone, VIs combined with GCC and yield components as predictors.",Hasil dimodelkan dari indeks vegetasi dan tutupan kanopi pada ortofoto UAV; buah tidak dideteksi.
1170,jayasinghe2022growth,2022,Growth and yield estimation of banana through mathematical modelling: a systematic review,sama,,abstrak,X,E3,abstrak,X,E3,,tinggi,,,,,,,,,,,,,,,,,"we reviewed 75 full-text articles published between 1985 and 2021 for information on mathematical models related to banana growth and, fruit and fibre yield || Modellers often used multiple linear regression models to estimate banana plant growth and fruit yield.","Tinjauan sistematis, tetapi topiknya pemodelan matematis pertumbuhan dan hasil pisang, bukan metode berbasis citra yang mendeteksi buah; karena itu tidak dikode R."
1181,quang2022build,2022,Build coconut counting system using image technology,sama,,abstrak,X,E2,abstrak,X,E2,,tinggi,,,,,,,,,,,,,,,,,the counting of dried coconuts at the production facilities is done manually || The study was conducted on the peeled dried coconut fruit with a diameter of 15 cm to 20 cm using image processing technology,"Pencacahan kelapa kering kupas di fasilitas produksi (pascapanen), bukan buah di pohon."
1185,assuncao2022peaches,2022,"Peaches Detection Using a Deep Learning Technique—A Contribution to Yield Estimation, Resources Management, and Circular Economy",sama,,abstrak,X,E5,abstrak,X,E5,,sedang,,,,,,,,,,,,,,,,,This paper presents the results for peach detection by applying a faster R-CNN framework in images captured from an outdoor orchard || A detection accuracy of 0.90 using the metric average precision (AP) was achieved for fruit detection,"Abstrak hanya melaporkan AP deteksi satu kelas; pencacahan dan estimasi hasil disebut sebagai motivasi, tidak dievaluasi. Bila teks lengkap ternyata mengevaluasi jumlah buah per citra, kode menjadi C2."
1196,bini2022evaluating,2022,Evaluating YOLOv5 Deep Learning Models for the Detection of Tomato Berries for Crop Yield Estimation,sama,,abstrak,X,E5,abstrak,X,E5,,sedang,,,,,,,,,,,,,,,,,"Based on YOLOv5, an enhanced tomato detection model dubbed Tomato-YOLO is provided in this study to address these issues. || Tomato-YOLO had the best performance, with an F1-score of 66.15 percent, a mAP of 52.26 percent, and an inference time of 16.14 ms.","Judul menyebut estimasi hasil, tetapi abstrak hanya melaporkan metrik deteksi (F1, mAP) tanpa pencacahan. Abstrak menyebut pembedaan tomat hijau dan kemerahan; bila kelas kematangan dievaluasi sebagai atribut, kode C4 dapat dipertimbangkan, tetapi abstrak tidak melaporkan hitungan."
1211,zhao2022localization,2022,Localization and counting of string tomatoes based on improved Tiny-YOLOv5l algorithm,sama,,abstrak,X,E2,abstrak,X,E2,,sedang,,,,,,,,,,,,,,,,,"This study is to improve the sorting efficiency of string tomatoes, and solve its false detection and false detection. || provides accurate information on the location of single fruit and the quantity of the whole string of fruit for post natal string tomato sorters.","Tujuan kajian adalah mesin sortir tomat tandan pascapanen, bukan buah di tanaman. Jurnal Food and Machinery terbit dalam bahasa Mandarin sehingga E7 juga mungkin berlaku; bahasa teks lengkap tidak diperiksa. Bila citra ternyata diambil di tanaman, kode yang cocok adalah C2."
1215,scalisi2021reliability,2021,"Reliability of a commercial platform for estimating flower cluster and fruit number, yield, tree geometry and light interception in apple trees under different rootstocks and row orientations",sama,mekanisme,judul,C1,,judul,C1,,C2;C5,rendah,M4,M1,V,V,N,N,,,,,,,,,,,,"Keputusan hanya dari judul. Platform komersial pemindai kebun umumnya bergerak sepanjang baris dan mengalibrasi deteksi per citra terhadap hitungan manual, sehingga C1 dengan M1 adalah dugaan; mekanisme, akuisisi, dan referensi hitung belum terverifikasi dari sumber. Bila tiap citra diproses terpisah tanpa langkah lintas citra, kode yang tepat adalah C2 atau C5 (platform kemungkinan memakai LiDAR). Perlu abstrak atau teks lengkap."
1218,bazinas2021yield,2021,Yield Estimation in Vineyards Using Intervals' Numbers Techniques,sama,,abstrak,X,E3,abstrak,X,E3,,tinggi,,,,,,,,,,,,,,,,,The INs here are induced from successive grape clusters’ weight measurements during ripening. || A parametric neural network (NN) IN-regressor architecture is trained with past INs in order to predict future INs.,"Hasil panen dimodelkan dari deret pengukuran bobot tandan anggur, tanpa citra dan tanpa deteksi buah. E6 juga dapat dipertimbangkan karena datanya bukan dari sensor citra."
1246,abdelrahman2021improving,2021,Improving strawberry yield prediction by integrating ground-based canopy images in modeling approaches,beda,grup,abstrak,X,E3,abstrak,C2,,,sedang,,,,,,,,,,,,,,,,,"Orthorectified mosaics and digital surface models were created to extract canopy size variables (canopy area, average canopy height, canopy height standard deviation, and canopy volume) and visually count flower and fruit number. || Using image-based counts and canopy variables, flower and fruit counts were predicted with percentage prediction errors of 26.3% and 25.7%, respectively.","Buah dihitung secara visual oleh manusia pada mosaik ortorektifikasi, bukan dideteksi otomatis; alternatif yang masuk akal adalah X/E3. Akuisisi berulang 31 kali, tetapi tidak ada penautan buah yang sama antarwaktu maupun antarcitra, sehingga bukan C1."
1247,chang2021unmanned,2021,Unmanned Aircraft System- (UAS-) Based High-Throughput Phenotyping (HTP) for Tomato Yield Estimation,sama,,abstrak,X,E3,abstrak,X,E3,,tinggi,,,,,,,,,,,,,,,,,"The shape of the features of tomatoes such as canopy cover, canopy, volume, and vegetation indices derived from UAS imagery was estimated throughout the entire season. || five time-series phenotypes were selected for yield prediction models explaining 65 percent of the variance in the actual harvest","Hasil panen dimodelkan dari tutupan tajuk, volume tajuk, dan indeks vegetasi UAS; buah tidak dideteksi."
1249,ballesteros2020vineyard,2020,"Vineyard yield estimation by combining remote sensing, computer vision and artificial neural network techniques",sama,,abstrak,X,E3,abstrak,X,E3,,tinggi,,,,,,,,,,,,,,,,,"Multispectral imagery obtained from an unmanned aerial vehicle (UAV) is used to obtain VIs and Fc, which are used together with artificial neural networks (ANN) to model the relationship between VIs, Fc and yield.",Hasil panen dimodelkan dari indeks vegetasi dan fraksi tutupan; buah tidak dideteksi.
1250,zhou2020real,2020,Real-time kiwifruit detection in orchard using deep learning on Android™ smartphones for yield estimation,beda,grup,abstrak,X,E5,abstrak,C2,,,sedang,,,,,,,,,,,,,,,,,"Fast and accurate detection of kiwifruit in orchard under natural environment is the primary technology for yield estimation. || Detection test was performed on 100 selected kiwifruit field images with resolution of 3,968 × 2,976 pixels using the four models on a HUAWEI P20 smartphone.","Setiap citra diproses sendiri. Evaluasi hanya berupa true detected rate (proporsi buah terdeteksi); tidak ada galat hitung atau hasil panen, sehingga X/E5 juga dapat dipertahankan. C2 dipilih karena tujuan yang dinyatakan adalah estimasi hasil dan TDR setara dengan proporsi buah terhitung."
1265,apoloapolo2020cloud,2020,A Cloud-Based Environment for Generating Yield Estimation Maps From Apple Orchards Using UAV Imagery and a Deep Learning Technique,lunak,grup(lunak);mekanisme,abstrak,C1,,teks lengkap,C2,,C1,sedang,M1,M1+M4,D,D,N,N,,,,,,,,,,,"Then, the orthomosaic was cropped using these shapefiles, and a TIF file was obtained for each tree as an output. Finally, each TIF file was tested using the Faster R-CNN model to count apple fruits. || As only parts of the tree fruits were visible in the top-view images, linear regression was used to estimate the number of total apples on each tree. || These latter were obtained with a forward overlap of 85% and a sideway overlap of 75%.","Pencacahan dilakukan per pohon pada satu potongan ortomosaik nadir, sehingga saat deteksi setiap buah muncul satu kali (C2). C1 dicatat sebagai kode sekunder karena 452 citra tumpang-tindih disatukan dengan SfM menjadi ortomosaik (M4) dan jumlah total per pohon diperkirakan dengan regresi linear (M1); tidak ada asosiasi per buah. Abstrak menyebut R2 0,86 untuk metode terhadap hitungan lapangan, tetapi di isi naskah (Gambar 8) angka itu adalah hitungan visual lapangan terhadap buah dipanen."
1291,uribeetxebarria2019assessing,2019,Assessing ranked set sampling and ancillary data to improve fruit load estimates in peach orchards,sama,,abstrak,X,E3,abstrak,X,E3,,tinggi,,,,,,,,,,,,,,,,,"two sampling methods to estimate fruit load in a peach tree orchard were compared: simple random sampling (SRS) and ranked set sampling (RSS) || RGB images captured by an unmanned aerial vehicle (UAV), and used to estimate the canopy projected area of individual trees, proved to be the best of the options",Citra UAV hanya dipakai untuk luas proyeksi tajuk sebagai variabel pembantu pengambilan sampel; buah tidak dideteksi pada citra.
1310,ashapure2019unmanned,2019,Unmanned aerial system based tomato yield estimation using machine learning,sama,,abstrak,X,E3,abstrak,X,E3,,tinggi,,,,,,,,,,,,,,,,,"it takes UAS based multi-temporal features such as canopy cover, canopy height, canopy volume, Excessive Greenness Index along with weather information || predicts the corresponding marketable yield",Hasil panen dimodelkan dari fitur kanopi dan cuaca; buah tidak dideteksi.
1315,ponce2019automatic,2019,Automatic Counting and Individual Size and Mass Estimation of Olive-Fruits Through Computer Vision Techniques,sama,,abstrak,X,E2,abstrak,X,E2,,tinggi,,,,,,,,,,,,,,,,,"Fruit grading is an essential post-harvest task in the olive industry || a total of 3600 olive-fruits from nine varieties were photographed, stochastically distributing the individuals on the scene, using an ad-hoc designed an imaging chamber.",Pencitraan pascapanen dalam ruang pencitraan; bukan buah di tanaman.
1327,riggio2018low,2018,A Low-Cost Navigation Strategy for Yield Estimation in Vineyards,beda,grup,abstrak,X,E5,abstrak,C2,,,sedang,,,,,,,,,,,,,,,,,"we propose a low-cost autonomous system which can navigate through a vineyard while collecting grape pictures in order to provide a yield estimation || Furthermore, a yield estimation of two different grape varieties is presented.","Kontribusi utama adalah navigasi berbasis laser scanner; estimasi hasil dari gambar anggur dilaporkan untuk dua varietas. Abstrak tidak menyebut langkah asosiasi antargambar, sehingga dikodekan C2 dan bukan C1. Bila teks lengkap menunjukkan penggabungan gambar berurutan sepanjang baris, kode dapat berubah menjadi C1."
1331,miranda2018sampling,2018,Sampling stratification using aerial imagery to estimate fruit load in peach tree orchards,sama,,abstrak,X,E3,abstrak,X,E3,,tinggi,,,,,,,,,,,,,,,,,"yield was measured as number of fruits/tree on the central tree of each one of them || Red Vegetation Index (RVI) was calculated from aerial images with 0.25 m·pixel−1 resolution, and used, either alone or in combination with TCSA, to delineate sampling strata","Buah dihitung manual; citra udara hanya dipakai untuk indeks vegetasi dan stratifikasi sampel, tanpa deteksi buah."
1340,senthilarasi2018multivariate,2018,A multivariate Gaussian modeling for counting bananas,sama,,abstrak,X,E2,abstrak,X,E2,,tinggi,,,,,,,,,,,,,,,,,"Many post harvest techniques are performed in these industries. Especially in fruit industries, grading is an important process. || an automatic counting system of banana fingers in a bunch/hand using image processing algorithms","Pencacahan jari pisang pada sisir untuk pemutuan pascapanen, bukan buah di pohon."
1343,benitez2017early,2017,Early yield prediction in pear based on canopy LIDAR scanning,sama,,abstrak,X,E3,abstrak,X,E3,,tinggi,,,,,,,,,,,,,,,,,We worked on a Williams pear orchard using a semi-automatic procedure in order to estimates tree volume. || We correlates volume vs. weight of harvested fruits from each plant.,Hasil panen dimodelkan dari volume kanopi hasil pemindaian LiDAR; buah tidak dideteksi.
1344,roy2017active,2017,Active view planning for counting apples in orchards,sama,,abstrak,C1,,abstrak,C1,,,sedang,M4,M4,D,D,N,N,,,,,,,,,,,We focus on the subtask of planning views so as to accurately estimate the number of apples in an apple cluster. || We present a method to efficiently enumerate combinatorially distinct world models and to compute the most likely model from one or more views.,"Mekanisme M4 disimpulkan dari model dunia yang dihitung dari beberapa pandangan kamera pada manipulator (pose diketahui); abstrak tidak merinci asosiasi maupun acuan hitungan, sehingga referensi_hitung adalah dugaan."
1361,roy2017vision,2017,Vision-Based Apple Counting and Yield Estimation,sama,akuisisi,judul,C1,,abstrak (web),C1,,C2,sedang,M4,M4,D,V,N,N,,,,,,,,,,,Our method takes segmented and registered images of apple clusters as input. It outputs number and location of individual apples in each cluster. || The accuracy of the counting algorithm itself is 91%. It achieves 81–85% accuracy coupled with segmentation and registration which is significantly higher than existing image based methods.,"Abstrak hanya menyebut citra klaster yang sudah diregistrasi sebagai masukan; cara registrasi, peran registrasi dalam penghapusan duplikat, jenis akuisisi (diduga video dari robot udara, kendaraan darat, dan perangkat genggam), dan acuan hitung tidak dinyatakan. Kontribusi utama adalah pencacahan dalam klaster (campuran Gaussian), sehingga C2 juga cocok. Kode M4 ditafsirkan dari kata 'registered'. referensi_hitung diisi 'anotasi' sebagai dugaan karena pemeriksa mewajibkan nilai; abstrak tidak menyebut acuannya."
1393,miranda2015sampling,2015,Sampling stratification using aerial imagery to estimate fruit load and hail damage in nectarine trees,sama,,abstrak,X,E3,abstrak,X,E3,,tinggi,,,,,,,,,,,,,,,,,Canopy size and normalized difference vegetation index (NDVI) calculated from aerial images with 0.5 m/pixel resolution were used as source information to delineate sampling strata || canopy size and NDVI were not sufficiently related to shoot number and yield,"Citra udara dipakai untuk ukuran tajuk dan NDVI sebagai dasar strata pengambilan sampel; buah tidak dideteksi pada citra. E1 juga dapat dipakai sebagai alasan, tetapi E3 lebih tepat karena tujuannya menduga muatan buah."
1403,nuske2014modeling,2014,Modeling and calibrating visual yield estimates in vineyards,sama,mekanisme,abstrak,C1,,abstrak,C1,,,sedang,M1,M1+M4,V,V,N,N,,,,,,,,,,,using images collected from vehicles driving along vineyard rows || Computer vision algorithms are applied to detect grape berries in images that have been registered together to generate high-resolution estimates. || We propose an underlying model relating image measurements to harvest yield and study practical approaches to calibrate the two.,"Abstrak tidak merinci cara registrasi citra (diasumsikan registrasi geometris berbasis posisi kendaraan, M4) dan tidak menyatakan secara eksplisit bahwa registrasi menghapus duplikat. M1 berasal dari kalibrasi ukuran citra ke hasil panen."
1405,song2014automatic,2014,Automatic fruit recognition and counting from multiple images,sama,mekanisme,abstrak,C1,,abstrak,C1,,,sedang,M1,M4,D,D,N,N,,,,,,,,,,,"the second is to aggregate estimates from multiple images using a novel statistical approach to cluster repeated, incomplete observations || our proposed method achieves a correlation of 74.2% without any linear adjustment for a large dataset","Kode C1 pasti. Mekanisme tidak dapat dipastikan dari abstrak: pengelompokan statistik atas pengamatan berulang ditafsirkan sebagai pengelompokan posisi buah (M4); apabila teks lengkap menunjukkan agregasi hitungan tanpa identitas buah, kodenya M1. Akuisisi D juga tafsiran (banyak citra per tanaman); referensi hitung manual diasumsikan pada tanaman."
1406,nuske2014automated,2014,Automated visual yield estimation in vineyards,sama,,abstrak,C1,,abstrak,C1,,,sedang,M1,M1,V,V,N,N,,,,,,,,,,,The system incorporates cameras and illumination mounted on a vehicle driving through the vineyard. || We introduce methods to maximize the spatial and the overall accuracy of the yield estimates by optimizing the relationship between image measurements and yield. || yield estimates that capture up to 75% of spatial yield variance and with an average error between 3% and 11% of total yield.,"Abstrak hanya menyebut kalibrasi ukuran citra terhadap hasil (M1) dan tidak menyebut cara menangani tumpang-tindih antarcitra berurutan. Bila teks lengkap menunjukkan registrasi deteksi antarcitra dengan posisi kendaraan, mekanisme menjadi M1+M4; bila tiap citra diproses sendiri tanpa tumpang-tindih, kode alternatifnya C2. Perlu teks lengkap."
1419,qian2013yield,2013,Yield estimation model of single tree of Fuji apples based on bilateral image identification,sama,,judul,C1,,abstrak (web),C1,,,sedang,M1,M1,D,D,N,N,,,,,,,,,,,"[parafrasa web] 80 images were acquired from 40 Fuji apple trees from the southeast and northwest directions using a Canon G7 camera. || [parafrasa web] A linear regression model was built from 20 trees; the model with the sum of patch numbers from both directions performed best, R2 0.81 and NRMSE 0.43.",Hanya parafrasa abstrak yang terbaca. Hitungan dua sisi dijumlahkan lalu diregresikan terhadap hasil per pohon; buah tidak diidentifikasi secara individual. Rujukan panen disimpulkan dari judul (hasil per pohon); parafrasa tidak menyebut apakah rujukannya bobot atau jumlah buah.
1442,ramadhani2026similar,2026,"Similar Accuracy, Different Explanations in YOLO-Based Palm Fruit Ripeness Detection",sama,lokasi(isi),abstrak,C3,,teks lengkap,C3,,,tinggi,,,,,,,DET,DET,?,PABRIK,RGB,RGB,N,N,Y,Y,"The detection objective is to localize each FFB and assign it to the appropriate Malaysian Palm Oil Board (MPOB) ripeness class. || The experiments used a publicly available oil palm fresh fruit bunch (FFB) dataset developed for six-class ripeness grading || Repeated-run mean mAP50–95 was narrowly separated at 0.903 ± 0.002, 0.899 ± 0.002, and 0.901 ± 0.003 for YOLOv8m, YOLO11m, and YOLO26m","Kontribusi utama adalah audit penjelasan CAM pada detektor YOLO; deteksi enam kelas kematangan TBS tetap dievaluasi (Tabel 6, h. 16). Tidak ada pencacahan. Naskah tidak menyatakan lokasi pengambilan citra; PABRIK dipilih karena dataset yang dirujuk berjudul 'oil palm fruit bunch piles' (Suharjito dkk., 2023)."
1443,azaman2026four,2026,Four-Channel CIEL*a*b*-Infrared Image Representation for CNN-Based Oil Palm Fresh Fruit Bunch Ripeness Classification,sama,lokasi(isi),abstrak,C3,,teks lengkap,C3,,,tinggi,,,,,,,KLS,KLS,?,TANAH,RGB+NIR,RGB+NIR,N,N,Y,Y,This study evaluated the effect of image input representation on convolutional neural network (CNN)-based FFB ripeness classification. || RGB and IR images were acquired using a dual-camera setup positioned 3 m from the FFB sample. || the experimental setup evaluated single static FFB against relatively con-trolled background conditions under natural afternoon sunlight.,"Lokasi tidak dinyatakan secara eksplisit; tandan tunggal statis yang sudah dipanen dipotret di luar ruang pada lokasi kebun, sehingga dikodekan TANAH (bukan POHON). Satu pasang citra RGB-IR per tandan (279 pasang), bukan multipandang."
1449,madadum2026lightweight,2026,Lightweight Deep Learning with Intra-Class Half-Mixing and Geometric Augmentation for Imbalanced Oil Palm Fresh Fruit Bunch Ripeness Classification,sama,,abstrak,C3,,teks lengkap,C3,,,tinggi,,,,,,,KLS,KLS,PABRIK,PABRIK,RGB,RGB,N,N,Y,Y,"The dataset was collected from an oil palm ramp located in Khlong Thom District, Krabi Province, Thailand || Images were captured at the center of each palm bunch and only one main palm bunch per image. || The highest observed result in the present study was achieved by YOLOv8n-cls, reaching an accuracy of 95.6% and an F1-score of 0.96.","Klasifikasi tingkat citra empat kelas pada 857 citra ponsel di ramp penerimaan (titik pengumpulan sebelum pabrik); lokasi dikodekan PABRIK. Sudut pandang bervariasi antarcitra, tetapi tidak ada penggabungan beberapa citra dari tandan yang sama; citra multisudut hanya disebut sebagai arah penelitian lanjutan."
1451,wu2026oil,2026,Oil Palm Fruit Maturity Classification Algorithm Based on LAB Dual-Branch Feature Fusion,sama,,abstrak,C3,,teks lengkap,C3,,,tinggi,,,,,,,KLS,KLS,?,?,RGB,RGB,N,N,Y,Y,"this paper proposes an LAB dual-branch feature fusion method for five-class oil palm fruit maturity classification || The main Oil Palm Fruit Ripeness Dataset used in this study consists of oil palm fruit images collected under a specific acquisition scenario. || CMF-Net achieves the best Accuracy, Recall, and F1-score among all compared models, reaching 0.9588, 0.9666, and 0.9620, respectively.","Klasifikasi tingkat citra pada himpunan data publik (Mendeley, Kaggle); lokasi pengambilan citra tidak dinyatakan. Citra RGB dikonversi ke ruang warna LAB, bukan modalitas non-RGB. Hasil utama pada Tabel 3, h. 16 (akurasi 95,88%); abstrak menyebut akurasi validasi 94,66%, sedangkan Tabel 3 mencantumkan 95,98%."
1453,alkhowarizmi2026visual,2026,VISUAL DETECTION OF OIL PALM MATURITY LEVERAGING SIMPLE EVOLVING CONNECTIONIST SYSTEM,sama,,abstrak,C3,,teks lengkap,C3,,,tinggi,,,,,,,KLS,KLS,?,?,RGB,RGB,N,N,Y,Y,"This study proposes a visual detection system using the Simple Evolving Connectionist System (SECoS) algorithm to identify the ripeness of oil palm bunches based on visual images. || This research uses oil palm fruit mark data, categorized as empty, overripe, ripe, rotten, underripe, and unripe, with 300 data sets, each containing 50 data sets. || features were extracted using a grayscale histogram to convert the image data into numerical data.","Klasifikasi kematangan enam kelas dari citra tandan tunggal; akurasi rerata 91,3% (Tabel 1, h. 6, kolom berlabel MAPE). Lokasi pengambilan citra (pohon, tanah, atau pabrik) tidak dinyatakan. Pembagian data latih dan uji tidak jelas (300 citra disebut sebagai data uji)."
1466,luo2026synergizing,2026,Synergizing Residual and Dense Architectures for Fine-Grained Oil Palm Grading: A Deep Feature Concatenation Approach,sama,tugas,abstrak,C3,,teks lengkap,C3,,,tinggi,,,,,,,MUTU,KLS,?,?,RGB,RGB,N,N,Y,Y,"The primary dataset used in this study comprises 466 high-resolution images of FFB from the Tenera variety. || Ground-truth labeling was performed by an expert grader to classify FFBs into five distinct categories based on maturity and physical integrity. || Specifically, the DFC Raw model coupled with an SVM classifier yielded a peak testing accuracy of 97.75% and a Macro F1-score of 0.9755.","Klasifikasi citra tunggal lima kelas (Ripe, Unripe, Overripe, Damaged, Empty); hasil utama di Tabel 3, h. 12. Citra diambil di perkebunan dengan cahaya alami, tetapi teks tidak menyatakan apakah tandan masih di pohon atau sudah dipanen (rincian akuisisi dirujuk ke pustaka lain), sehingga lokasi diberi '?'."
1468,usman2026integration,2026,Integration of Hybrid GA-PSO-SA with Self-adaptive Dynamic Attention for Multi-objective CNN-based Oil Palm Fruit Ripeness Classification,sama,lokasi(hilang),abstrak,C3,,teks lengkap,C3,,,tinggi,,,,,,,KLS,KLS,POHON,?,RGB,RGB,N,N,Y,Y,"The dataset consists of approximately 10.000 images of oil palm fruit. || The suggested technique achieves a mean test accuracy of 96.12% ± 0.39% (max 96.86%) across 10 independent runs || To enhance the diversity and practicality of the dataset, we selected a range of indoor and outdoor scenes.","Klasifikasi kematangan empat kelas dari citra RGB tunggal 224x224; hasil utama di Tabel 11, h. 15. Lokasi tandan tidak dinyatakan tegas (adegan dalam dan luar ruang, sebagian dari Roboflow). Tidak ada penggabungan beberapa pandangan atas tandan yang sama."
1472,ng2026physics,2026,Physics-Informed Neural Network-Assisted Imaging for Oil Palm Fruit Ripeness Classification,sama,lokasi(isi),abstrak,C3,,teks lengkap,C3,,,tinggi,,,,,,,KLS,KLS,?,PABRIK,RGB,RGB,N,N,Y,Y,"A total of 112 images of oil palm fresh fruit bunches were acquired using a CMOS camera for this study. || images were captured under three distinct lighting conditions: a standard halogen lamp, a halogen lamp || The best result of 0.73 ± 0.05 is achieved at λ = 0.6, representing a synergistic balance between the competing losses.","Klasifikasi tiga kelas kematangan dari citra RGB jarak dekat dengan pencahayaan lampu halogen berfilter; kondisi ini adalah pencitraan terkendali (laboratorium), sehingga lokasi dikodekan PABRIK. Teks tidak menyebut tempat pemotretan secara eksplisit. Tiap citra satu kondisi cahaya; tidak dinyatakan bahwa tandan yang sama difoto berulang, sehingga multipandang N."
1475,yunita2026optimization,2026,Optimization of the EfficientNet-Swin Transformer Hybrid Model with Dynamic Attention and Multi-task Learning for Accurate Palm Fruit Classification,sama,,abstrak,C3,,teks lengkap,C3,,,tinggi,,,,,,,KLS,KLS,?,?,RGB,RGB,N,N,Y,Y,"The classification dataset includes 12,550 images covering the classes of Defect, Overripe, Ripe, Underripe, and Unripe || the model achieves an overall accuracy of 97.16% (±0.47%), precision of 97.17%, recall of 97.16%, F1-score of 97.16%, and mean AUC of 99.79%",Klasifikasi kematangan TBS lima kelas dengan tugas tambahan segmentasi cacat (MUTU sebagai tugas sekunder). Naskah tidak menyatakan lokasi pengambilan citra.
1477,wijaya2026identification,2026,Identification of Fruit Ripeness Level in Oil Palm Plants Using Convolutional Neural Network Algorithm and Deep Learning Approach,sama,,judul,C3,,judul,C3,,,sedang,,,,,,,KLS,KLS,POHON,?,RGB,RGB,N,N,Y,Y,,"Keputusan hanya dari judul: identifikasi tingkat kematangan buah sawit dengan CNN. Tugas (klasifikasi atau deteksi), lokasi, dan modalitas tidak dapat dipastikan; RGB diasumsikan."
1480,resta2026multimodal,2026,Multimodal Radar-Vision for Oil Palm Fresh Fruit Bunch Ripeness Classification,sama,tugas;lokasi,abstrak,C3,,abstrak,C3,,,tinggi,,,,,,,SENSOR,KLS,POHON,PABRIK,RGB+RADAR,RGB+RADAR,N,N,Y,Y,a multimodal radar-vision framework for non-destructive ripeness classification of oil palm fresh fruit bunches (FFBs) under field conditions || a YOLOv8-Nano detector is trained using an expert-annotated RGB dataset to localize and classify bunches into four maturity stages || Experiments on radar-weight data (255 samples per class) acquired at a commercial loading ramp,"Lokasi dikodekan PABRIK karena data diambil di loading ramp komersial; abstrak tidak menyatakan apakah ramp itu berada di pabrik atau di titik kumpul kebun (alternatif TANAH). Radar gelombang kontinu adalah sensor titik, tetapi dipadukan dengan citra RGB sehingga E6 tidak berlaku."
1481,jumrat2026detection,2026,Detection the Ripeness of Oil Palm Fresh Fruit Bunch Using Pretrained and Improved Models of YOLOv8,sama,lokasi(isi),abstrak,C3,,teks lengkap,C3,,,tinggi,,,,,,,DET,DET,?,PABRIK,RGB,RGB,N,N,Y,Y,"Each image in the dataset is annotated with a class of oil palm fruit bunch, raw, half, or ripe, using bounding boxes to define the class of the image. || All images were collected at Thaksin Palm Company under real industrial conditions. || The fine-tuned variant, YOLOv8x19, with 19 frozen blocks, achieved even higher Precision, Recall, and F1-Score at 0.97, and mAP@0.50, mAP@0.50–0.95 at 0.99, 0.77 respectively.","Deteksi tandan dengan tiga kelas kematangan pada 427 citra (Tabel VI, h. 7); tidak ada pencacahan dan tidak ada penggabungan antarcitra. Lokasi dikodekan PABRIK karena citra diambil di perusahaan pengolahan sawit; naskah tidak menyebut titik pengambilan secara rinci."
1482,dahlan2026detecting,2026,Detecting Ripeness of Oil Palm Fruit Using YOLO,sama,,abstrak,C3,,abstrak,C3,,,tinggi,,,,,,,DET,DET,POHON,?,RGB,RGB,N,N,Y,Y,"This research aims to detect real-time oil palm fruit ripeness using the You Only Look Once (YOLO) object detection model || The dataset contains annotated images categorized into four classes which are unripe, underripe, ripe, and overripe from multiple sources.","Dataset berasal dari beberapa sumber sehingga lokasi tandan (pohon, tanah, atau pabrik) tidak dapat ditentukan dari abstrak. YOLO11n: mAP50 88%, mAP50-95 68,3% pada validasi."
1483,arief2026machine,2026,Machine vision for detection of defective oil palm fresh fruit bunches using YOLO Algorithm,sama,per_kelas,abstrak,C3,,teks lengkap,C3,,,tinggi,,,,,,,MUTU,MUTU,PABRIK,PABRIK,RGB,RGB,Y,Y,N,Y,"This study designed and built a real-time machine vision system and a YOLOv4 tiny algorithm to identify defective oil palm fresh fruit bunches (FFBs) moving in a roller conveyor. || Each FFB had 6-8 images, which consisted of a back and front bunch. || We developed a two-class model to detect normal and defective FFBs.","Multipandang Y hanya karena setiap tandan difoto 6-8 kali (sisi depan dan belakang) untuk dataset; citra diperlakukan sebagai sampel terpisah. SORT dipakai untuk memicu lengan pemisah, bukan untuk pencacahan, sehingga bukan C1. Validasi 60 tandan: presisi 0,9 (normal) dan 0,8 (cacat)."
1485,suriani2026feasibility,2026,A Feasibility Study on Synthetic RGB-NIR Image Generation for Oil Palm Fresh Fruit Bunch Grading,sama,modalitas,abstrak,C3,,teks lengkap,C3,,,tinggi,,,,,,,KLS,KLS,?,?,RGB+NIR,RGB,N,N,Y,Y,"Each image corresponds to a single oil palm FFB and was manually annotated into predefined ripeness categories, such as underripe, unripe, ripe, and overripe. || Image acquisition was performed using a standard digital camera without any near-infrared or multispectral sensors. || EfficientNet-B0 achieved the highest overall accuracy of 90.3%, while MobileNetV3 obtained the highest macro-averaged F1-score of 85.4%","Modalitas dikode RGB karena kanal NIR bersifat sintetis (dibangkitkan U-Net dari RGB), bukan hasil sensor. Citra diambil di kebun, tetapi naskah tidak menyatakan apakah tandan masih di pohon atau sudah di tanah, sehingga lokasi dikode ?."
1499,warni2026stereo,2026,Stereo Vision-Based Detection and 3D Localization of Loose Oil Palm Fruits Using YOLOv8 and Hungarian Matching,sama,multipandang,judul,C3,,abstrak (web),C3,,C5,sedang,,,,,,,LF,LF,TANAH,TANAH,STEREO,STEREO,N,Y,N,N,"[parafrasa web] Sistem stereo memadukan deteksi YOLOv8 dengan Hungarian matching untuk mendeteksi brondolan sawit dan memasangkan deteksi citra kiri dan kanan. || [parafrasa web] YOLOv8s mencapai akurasi 94,79% dan F1 0,972; triangulasi stereo dengan proyeksi bidang tanah memberi MAPE 0,86% dan MAE 0,62 cm pada tinggi kamera 50 cm.","Hungarian matching hanya memasangkan deteksi pada pasangan stereo kiri-kanan untuk triangulasi, bukan antarbingkai atau antarpandang pohon, sehingga tidak dikodekan C1. multipandang diisi Y hanya karena pasangan stereo merupakan dua citra objek yang sama; bila pasangan stereo tidak dianggap multipandang, nilainya N. Pencacahan tidak dievaluasi."
1509,goh2025outdoor,2025,Outdoor RGB and Point Cloud Depth Dataset for Palm Oil Fresh Fruit Bunch Ripeness Classification and Localization,sama,,abstrak,C3,,teks lengkap,C3,,,tinggi,,,,,,,DATA,DATA,POHON,POHON,RGB+DEPTH,RGB+DEPTH,N,N,Y,Y,"The dataset includes 400 high-resolution RGB images captured with a 50 MP Sony IMX766V sensor, along with 400 depth maps and corresponding point clouds obtained using an Intel RealSense D455f camera. || The dataset integrates RGB images, depth maps, and point clouds, facilitating both ripeness classification and precise localization of FFBs on the tree. || Agricultural experts, trained according to Malaysian Palm Oil Board guidelines, manually labeled each FFB as ""ripe"" or ""unripe,""","Makalah dataset tanpa evaluasi model deteksi atau lokalisasi, sehingga C5 tidak dicantumkan di juga_cocok. Sudut pandang bervariasi (15-60 derajat), tetapi naskah tidak menyatakan bahwa pohon yang sama difoto dari beberapa pandangan; multipandang dikodekan N dan C1 tidak berlaku."
1513,indrabayu2025cascading,2025,A Cascading of YOLOv8 and Random Forest Regression in Oil Palm Fresh Fruit Bunch Mass Estimation System using Unmanned Aerial Vehicle Imagery,sama,,abstrak,C3,,abstrak,C3,,C2,tinggi,,,,,,,MUTU,MUTU,UAV,UAV,RGB,RGB,N,N,N,N,This study presents a novel system combining unmanned aerial vehicle (UAV) photography with geometric feature extraction using YOLOv8-Segmentation and machine learning models—Random Forest Regression (RFR)—to estimate FFB mass. || achieved a Root Mean Square Error (RMSE) of 3.95 and a Mean Absolute Error (MAE) of 2.87 for frond-covered FFBs,Estimasi massa tandan dari citra UAV; tandan diduga masih di pohon (tertutup atau tidak tertutup pelepah). Abstrak tidak menyebut penggabungan beberapa pandang tandan yang sama. C2 dicantumkan karena estimasi massa prapanen dari citra tunggal.
1517,ong2025evaluating,2025,Evaluating Deep Learning-Driven Feature Selection Technique and Machine Learning Models for Non-destructive Oil Palm Ripeness Assessment Using Low-Cost Electrical Impedance Spectroscopy,sama,,abstrak,X,E6,abstrak,X,E6,,tinggi,,,,,,,,,,,,,,,,,"Impedance properties of 832 oil palm fruitlets at various maturity levels (unripe, ripe, and overripe) were measured within the 10–100 kHz frequency range || novel, non-destructive, and cost-effective method for determining oil palm fruit ripeness using electrical impedance spectroscopy",Spektroskopi impedansi listrik pada buah lepas (fruitlet); bukan sensor pencitraan.
1518,mirfan2025automated,2025,Automated Ripeness Detection of Oil Palm Fruit Using a Hybrid GLCM-HSV-KNN Model,sama,,abstrak,C3,,abstrak,C3,,,tinggi,,,,,,,KLS,KLS,?,?,RGB,RGB,N,N,Y,Y,"The results indicate that the system can classify oil palm fruit into four distinct categories: Over-Ripe, Ripe, Half-Ripe, and Raw. || An accuracy rate of 85% was achieved.",Abstrak tidak menyebut lokasi pengambilan citra.
1528,hutapea2025comparison,2025,COMPARISON OF PALM OIL FRUIT RIPENESS DETECTION AND CLASSIFICATION METHODS USING DEEP LEARNING,sama,tugas;lokasi(isi),judul,C3,,teks lengkap,C3,,,tinggi,,,,,,,KLS,DET,?,TANAH,RGB,RGB,N,N,Y,Y,"This paper presents an analysis and comparison of methods to determine Fresh Fruit Bunch (FFB) ripeness using YOLOv8s and YOLOv10s. || The data collection process involved capturing images of harvested palm fruits using an iPhone 12 camera. || 250 images were collected and manually categorized into three folders: ripe, rotten, and unripe.","Deteksi tandan yang sudah dipanen di lokasi panen dengan tiga kelas (ripe, rotten, unripe); mAP50 YOLOv8s 0,995 dan YOLOv10s 0,985 (Tabel 2). Buah difoto dari beberapa perspektif hanya untuk memperbanyak data latih; setiap citra diproses sendiri, sehingga multipandang N. Tidak ada pencacahan."
1530,luo2025computationally,2025,Computationally Efficient Transfer Learning Pipeline for Oil Palm Fresh Fruit Bunch Defect Detection,sama,lokasi(isi);per_kelas,abstrak,C3,,teks lengkap,C3,,,tinggi,,,,,,,MUTU,MUTU,?,POHON,RGB,RGB,N,N,N,Y,"this research evaluated the performance on a dataset of 466 images categorized as defective or non-defective || images were captured under diverse illumination conditions and from various angles, including FFBs located both on the tree and on the ground post-harvest || EfficientNet-B4 again emerged as the top performer, with its test accuracy ascending to 96.81%","Klasifikasi biner cacat/tidak cacat per citra (Tabel 5, h. 11). Lokasi campuran: tandan di pohon dan di tanah pascapanen; POHON dipilih sebagai lokasi pertama yang disebut. Setiap citra diproses sendiri; akuisisi multipandang hanya disebut sebagai pekerjaan lanjutan."
1535,rosbi2025segmentation,2025,Segmentation of Outdoor Oil Palm Fruit Images for Ripeness Detection using YOLO Algorithm and Features Thresholding,sama,tugas,judul,C3,,judul,C3,,,sedang,,,,,,,DET,KLS,POHON,POHON,RGB,RGB,N,N,Y,Y,,"Abstrak tidak ditemukan. Kode kelompok C3 jelas dari judul (kematangan sawit, YOLO, citra luar ruang). Tugas, lokasi, dan multipandang merupakan dugaan dari judul: YOLO dipakai untuk melokalkan tandan lalu ambang fitur menentukan kematangan; 'outdoor' dapat berarti tandan di pohon atau di tanah."
1536,kurniawan2025advancing,2025,Advancing palm oil fruit ripeness classification using transfer learning in deep neural networks,sama,,abstrak,C3,,teks lengkap,C3,,,tinggi,,,,,,,KLS,KLS,?,?,RGB,RGB,N,N,Y,Y,"This study aims to classify images of palm oil fruit into three categories: raw, ripe, and rotten, with a focus on achieving high accuracy. || The dataset was collected from community plantations in Durian Remuk village || Initially, background removal applications were employed to isolate the foreground by removing the background of the images.","Klasifikasi citra tunggal dengan transfer learning (1.500 citra, 3 kelas); tidak ada deteksi atau pencacahan. Naskah tidak menyatakan apakah tandan difoto di pohon atau di tanah; latar citra dihapus. Kelas 'rotten' mengisyaratkan tandan sudah dipanen, tetapi hal itu tidak dinyatakan."
1537,said2025optimization,2025,Optimization of Artificial Neural Networks using Genetic Algorithm for Palm Fruit Ripeness Classification,sama,,abstrak,C3,,abstrak,C3,,,tinggi,,,,,,,KLS,KLS,?,?,RGB,RGB,N,N,Y,Y,"The research specifies input features such as colour, size, texture and output classes that include the phases of unripe, ripe and overripe palm fruits. || The initial accuracy of the ANN test was 77%, but after applying GA optimization, the accuracy improved to 87%, a 10% increase.",Lokasi citra tidak dinyatakan (pengumpulan di lapangan dan basis data Roboflow).
1550,puttinaovarat2025innovative,2025,Innovative Flood Impact Monitoring and Harvest Analysis in Oil Palm Plantations Utilizing Geographic Information Systems and Deep Learning,beda,grup,abstrak,X,E5,abstrak,C3,,,sedang,,,,,,,,,,,,,,,,,The approach utilizes deep learning and geographic information systems (GIS) to classify and analyze flood-affected areas and determine the ripeness of oil palm bunches on trees || ripeness classification accuracy for oil palm bunches on trees ranging from 97.60% to 99.75%,Klasifikasi kematangan tandan di pohon hanya salah satu dari dua komponen; komponen lain adalah klasifikasi area banjir. Abstrak tidak menyebut jenis kamera; modalitas RGB disimpulkan.
1552,kurniawan2025classification,2025,Classification of palm oil fruit ripeness based on AlexNet deep Convolutional Neural Network,sama,,abstrak,C3,,teks lengkap,C3,,,tinggi,,,,,,,KLS,KLS,?,?,RGB,RGB,N,N,Y,Y,"One thousand five hundred images were collected and categorized into three classes: 500 images of ripe palm oil fruits, 500 images of raw palm oil fruits, and 500 images of rotten palm oil fruits. || Data were collected using a mobile phone camera with a resolution of 128 MP in JPG format || testing accuracy (0.9900 vs. 0.9800 (Figure 10))","Klasifikasi citra utuh (AlexNet lawan CNN) tiga kelas: mentah, matang, busuk; akurasi uji 0,99. Citra diambil di kebun rakyat, tetapi teks tidak menyatakan apakah tandan berada di pohon atau di tanah, sehingga lokasi '?'."
1554,cindra2025utilization,2025,Utilization of Machine Learning in Identifying Oil Palm Fruit Ripeness to Enhance the Efficiency of Oil Palm Plantations,sama,,abstrak,C3,,abstrak,C3,,,sedang,,,,,,,DET,DET,POHON,?,RGB,RGB,N,N,Y,Y,"This study develops an automated detection system using machine learning and computer vision to classify FFB ripeness. || Convolutional Neural Networks (CNN) and YOLO object detection were utilized, delivering real-time, high-accuracy results despite varying conditions.","Abstrak tidak menyebut lokasi citra (pohon, tanah, atau pabrik) maupun jumlah kelas kematangan. Tugas dikodekan DET karena memakai detektor YOLO dengan kelas kematangan; KLS juga mungkin bila CNN klasifikasi menjadi bagian utama."
1555,nor2025evaluating,2025,Evaluating YOLOv8-Pose Model Variants for Accurate Pose Estimation in Oil Palm Ripe Fresh Fruit Bunches (FFB) Detection,sama,,abstrak,C3,,abstrak,C3,,,sedang,,,,,,,MUTU,MUTU,POHON,?,RGB,RGB,N,N,N,N,"This study applies YOLOv8-pose variants of nano, small, and medium to detect ripe Fresh Fruit Bunches (FFB) and estimate their poses for orientation analysis in oil palm plantations || A custom dataset of ripe FFB images was annotated with five key point annotations representing anatomical features to support pose estimation","Tugas mencakup deteksi tandan matang dan estimasi pose; MUTU dipilih karena pose adalah kontribusi utama, DET juga cocok. Hanya satu kelas (matang), sehingga per_kelas N. Abstrak menyebut perkebunan tetapi tidak menyatakan apakah tandan masih di pohon atau di tanah; modalitas RGB disimpulkan dari pemakaian YOLOv8-pose."
1556,laddawong2025privacy,2025,Privacy-Preserving Federated Learning in Oil Palm Industry for Fresh Fruit Bunch Ripeness Grading,sama,,abstrak,C3,,teks lengkap,C3,,,tinggi,,,,,,,KLS,KLS,PABRIK,PABRIK,RGB,RGB,N,N,Y,Y,"achieving 92.5% accuracy across 5209 images of four ripeness levels (raw, semi-raw, semi-ripe, ripe) || beginning with the data collection of palm oil fruit images from mill yards","Klasifikasi kematangan citra tandan di halaman pabrik dengan federated learning; tidak ada pencacahan maupun penggabungan beberapa citra tandan yang sama. Sebagian citra memuat beberapa tandan, tetapi label diberikan per citra."
1557,tang2025markerless,2025,Markerless Feature-Registration-Based Image Processing Framework for Oil Palm Fresh Fruit Bunch Robotic Harvester,sama,tugas;per_kelas,abstrak,C3,,abstrak,C3,,,sedang,,,,,,,MUTU,KLS,POHON,?,RGB,RGB,N,N,N,Y,first detects the Fresh Fruit Bunch (FFB) category which involves 6 different categories of FFB growth stages and then detects its 6D pose estimation for harvesting || the experiment results show the proposed model can maintain a high F1 score performance up until 70% of view obstruction,"Kajian sawit dikodekan C3 walaupun tujuannya pemanenan robotik; yang dievaluasi adalah klasifikasi enam tahap pertumbuhan (F1), sedangkan estimasi pose 6D termasuk tugas MUTU. Lokasi tandan dan modalitas dataset publik tidak dinyatakan di abstrak; RGB diasumsikan."
1558,izzatina2025knowledge,2025,Knowledge Distillation for Efficient Ordinal Classification of Oil Palm Ripeness Level,sama,,abstrak,C3,,abstrak,C3,,,tinggi,,,,,,,KLS,KLS,?,?,RGB,RGB,N,N,Y,Y,"we propose a knowledge distillation-based framework for ordinal ripeness classification, where ResNet18, ResNet34, ResNet50, and ResNet101 serve as teacher models and MobileNetV2 acts as the lightweight student network || achieves 95.64% ± 0.63%% accuracy, outperforming standalone MobileNetV2 while reducing parameter size by 91% compared to ResNet101",Abstrak tidak menyebut lokasi pengambilan citra maupun modalitas; RGB diasumsikan dari klasifikasi citra dengan CNN.
1559,jailani2025concatenated,2025,Concatenated Image Technique Approach to Optimize AI Detection Inference Time and Resource Utilization,sama,multipandang,abstrak,C3,,abstrak,C3,,,sedang,,,,,,,DET,DET,POHON,?,RGB,RGB,Y,N,N,N,"a novel Concatenated Image Technique (CIT) by using the YOLOv11 object detection model for Fresh Fruit Bunch (FFB) detection in oil palm plantations. || The conventional model achieved an F1-score of 0.98, while the concatenated model achieved 0.95, with an 81% reduction in training time.","Citra dari banyak kamera digabung menjadi kisi 3x3 untuk efisiensi inferensi, bukan untuk mengaitkan pengamatan tandan yang sama, sehingga bukan C1 dan multipandang N. Abstrak tidak menyebut apakah tandan berada di pohon atau di tanah, dan tidak menyebut kelas kematangan."
1560,chowdhury2025comparative,2025,Comparative Study of Different YOLO Variants for Ripeness Detection of Palm Oil Fresh Fruit Bunches,sama,,abstrak,C3,,abstrak,C3,,,tinggi,,,,,,,DET,DET,POHON,?,RGB,RGB,N,N,Y,Y,"A custom dataset of 2000 images was obtained from a palm oil plantation in the Selangor region of Malaysia to train and test models. || The YOLOv5s model proved the most effective for real-time detection of palm oil FFBs, with a 98.5% F1-score and a solid 35.76 Frames per Second (FPS).","Deteksi tandan dengan kelas kematangan, tanpa pencacahan. Abstrak menyebut citra dari kebun tetapi tidak menyatakan apakah tandan masih di pohon atau sudah di tanah, sehingga lokasi diberi '?'."
1561,noordin2025real,2025,Real-time FFB ripeness detection using IoT-enabled YOLOv8n on Raspberry Pi 4 edge devices for precision agriculture,sama,lokasi(isi),abstrak,C3,,teks lengkap,C3,,,tinggi,,,,,,,DET,DET,?,POHON,RGB,RGB,N,N,Y,Y,"data acquisition was conducted under two distinct operational scenarios, namely FFB detection on the tree and FFB detection on the ground. || the YOLOv8n palm oil fruit model processes the image, performs detection, and visualizes a bounding box around the fruit, indicating its ripeness classification. || A dataset comprising 4,194 annotated FFB images was utilized, with a [3,681:348:165] training-validation-test split.","Lokasi ganda: tandan di pohon dan tandan panen di tanah; POHON dipilih sebagai lokasi utama. Tiga kelas kematangan (kurang masak, masak, terlalu masak); AP 0,898 dan mAP 0,952; uji lapangan hanya kualitatif. Tidak ada pencacahan maupun asosiasi antarcitra."
1565,zaman2025hybrid,2025,A Hybrid Approach for Handling Occlusion in UAV Images of Fresh Oil Palm Fruit Bunches Based on Computer Vision,sama,per_kelas,abstrak,C3,,abstrak,C3,,,tinggi,,,,,,,DET,DET,UAV,UAV,RGB,RGB,N,N,Y,N,"A key issue in detecting Fresh Fruit Bunches (FFB) in UAV imagery is occlusion, caused by overlapping fronds, clustered bunches, and inconsistent viewing angles || YOLOv11LRM outperformed the other models, achieving an mAP50 of 99.2 % and mAP50-95 of 85.6 %.",Abstrak tidak menyatakan adanya kelas kematangan; per_kelas diisi N.
1566,hakim2025loose,2025,Loose Oil Palm Fruitlet Detection Using YOLOv8 Nano Model By Layer Freezing Training for Better Accuracy with Small Dataset,sama,,abstrak,C3,,abstrak,C3,,,tinggi,,,,,,,LF,LF,TANAH,TANAH,RGB,RGB,N,N,N,N,"This study evaluates the use of layer freezing of YOLOv8 nano for loose fruitlet detection, using mean average precision (mAP50-95) as the performance metric.",Lokasi tanah disimpulkan dari sifat brondolan; abstrak tidak menyebut lokasi secara eksplisit.
1570,srithai2025ripeness,2025,Ripeness Classification of Fresh Oil Palm Using Deep Learning,sama,tugas,abstrak,C3,,abstrak,C3,,,sedang,,,,,,,KLS,DET,?,?,RGB,RGB,N,N,Y,Y,"The goal of this research is to present a method for classifying the ripeness levels of oil palm fruits using deep learning techniques applied to image data. || Training and validation datasets represent precision of 99.4%, recall of 99.6%, mean average precision at 50% (mAP50) of 99.5%, and mAP50-95 of 92.6%.","Tugas diberi kode DET karena model YOLOv9n dievaluasi dengan mAP; abstrak sendiri menyebutnya klasifikasi kematangan, sehingga KLS juga dapat dibela. Lokasi pengambilan citra tidak dinyatakan."
1571,setiawan2025detection,2025,Detection of Oil Palm Fruit Ripeness through Image Feature Optimization using Convolutional Neural Network Algorithm,sama,,abstrak,C3,,abstrak,C3,,,tinggi,,,,,,,KLS,KLS,?,?,RGB,RGB,N,N,Y,Y,"The dataset collection comprised 400 images of oil palm fruits divided into three types of classes, namely images of raw, ripe, and rotten oil palm fruits. || obtained a high accuracy of 98% in the training process and 76% in the model testing process",Klasifikasi citra tiga kelas; lokasi pengambilan citra tidak dinyatakan (sebagian citra dari internet).
1572,kiet2025study,2025,A Study of Oil Palm Fruit Ripeness Using YOLOv8 for Smart Agriculture Applications,sama,lokasi(isi),judul,C3,,abstrak (web),C3,,,sedang,,,,,,,DET,DET,?,POHON,RGB,RGB,N,N,Y,Y,"we present an approach leveraging YOLOv8, a recent advancement in real-time object detection, to detect and classify oil palm fruit bunches under real-world plantation conditions. || A large-scale dataset comprising over 25,000 annotated images was constructed and augmented",Abstrak (Semantic Scholar) tidak memuat angka kinerja. Lokasi POHON disimpulkan dari frasa kondisi kebun nyata dan oklusi buah; tidak dinyatakan tegas.
1573,laddawong2025federated,2025,Federated Learning for Grading Oil Palm Fruit Ripeness in the Oil Palm Industry,sama,,abstrak,C3,,abstrak,C3,,,tinggi,,,,,,,KLS,KLS,PABRIK,PABRIK,RGB,RGB,N,N,Y,Y,"this study proposes federated learning (FL) to develop local and global prediction models for grading oil palm fruit ripeness while preserving data privacy || A predictive model was created using FL principles with a training dataset of 5209 images, which was divided into two subsets: single‐palm (2571 images) and multipalm (2638 images).","Konteks adalah penilaian mutu di pabrik. Subset 'multipalm' berarti beberapa tandan dalam satu citra, bukan beberapa pandangan atas tandan yang sama; tugas dapat pula dibaca sebagai DET bila model mengeluarkan kotak, tetapi abstrak hanya menyebut akurasi klasifikasi 90,0 %."
1574,desandros2025interpretable,2025,Interpretable Model for Oil Palm Fruit Ripeness Level Classification,sama,,abstrak,C3,,abstrak,C3,,,tinggi,,,,,,,KLS,KLS,?,?,RGB,RGB,N,N,Y,Y,"A range of feature extraction techniques was applied to a small-sized image dataset, followed by dimensionality reduction and statistical learning methods for feature selection and classification. || the PLSLR algorithm outperformed the more complex PLS-RBF_SVC in the evaluation, by scoring mean accuracy of 0.8393 ± 0.0253",Lokasi pengambilan citra tidak dinyatakan; modalitas RGB disimpulkan dari fitur histogram warna dan LBP.
1575,harjanto2025lightweight,2025,Lightweight YOLOv8n Segmentation and ShuffleNetV2 Transfer Learning Integration for Oil Palm Fruit Ripeness Classification,sama,,abstrak,C3,,abstrak,C3,,,tinggi,,,,,,,KLS,KLS,?,?,RGB,RGB,N,N,Y,Y,"This paper proposes image segmentation as a means of preprocessing images and evaluates an enhanced combination of a segmentor and classifier for palm oil ripeness classification. || The best combination, being YOLOv8n-Segmentation along with Shuf-fletNetV2, achieves 98.07% accuracy, 98.13% precision, 98.07% recall, and 98.08 % Fl-score","Abstrak tidak menyebut lokasi pengambilan citra (pohon, tanah, atau pabrik) maupun jumlah kelas; segmentasi dipakai sebagai prapemrosesan untuk klasifikasi, bukan untuk pencacahan."
1576,chotikawanid2025optimizing,2025,Optimizing an Object Detection Algorithm for Detecting Oil Palm Fruit Bunches and Their Ripeness,sama,,abstrak,C3,,abstrak,C3,,,tinggi,,,,,,,DET,DET,POHON,?,RGB,RGB,N,N,Y,Y,this study proposes an optimized You Only Look Once Version 7 (YOLOv7) algorithm for real‐time detection and classification of oil palm fruit bunches || The optimized model achieved a classification accuracy of 92.55% and a mean average precision (mAP) of 95.08%,"Abstrak tidak menyebut lokasi pengambilan citra (pohon, tanah, atau pabrik); teks lengkap tidak dapat diakses."
1580,warni2025harnessing,2025,Harnessing YOLO for Loose Fruits Detection: Boosting Productivity in Palm Oil Plantations,sama,,abstrak,C3,,abstrak,C3,,,tinggi,,,,,,,LF,LF,TANAH,TANAH,RGB,RGB,N,N,N,N,"This study explores the use of the YOLOv5 algorithm to detect loose fruits palm oil in plantations || The dataset comprises 525 images of loose fruits, covering complex conditions on plantations","Abstrak hanya melaporkan deteksi (mAP50, mAP50:95) tanpa angka; tidak ada pencacahan. Lokasi TANAH disimpulkan dari konteks brondolan di kebun."
1583,fadillah2025enhanced,2025,Enhanced Palm Oil Image Quality Using RGF-ESRGAN Architecture,beda,grup,judul,C3,,abstrak (web),X,E5,,sedang,,,,,,,KLS,,?,,RGB,,N,,Y,,This study combined two stages of image enhancement using the Rolled Guided Filter (RGF) and the Enhanced Super-Resolution Generative Adversarial Network (ESRGAN). || The image enhancement results successfully obtained a PSNR of 32.26 dB,"Kajian hanya meningkatkan mutu citra sawit dan dievaluasi dengan PSNR, SSIM, dan FID; tidak ada klasifikasi kematangan, deteksi, atau pencacahan yang dievaluasi. Tidak ada alasan eksklusi yang pas; E5 dipilih sebagai yang terdekat. Alternatif: C3 apabila protokol menerima setiap kajian pencitraan TBS sawit."
1585,nuwara2025improving,2025,Improving Object Detection Performance on Low-Quality Images Using Histogram Matching and Model Stacking,sama,per_kelas,judul,C3,,abstrak (web),C3,,,sedang,,,,,,,DET,DET,?,?,RGB,RGB,N,N,N,Y,"[parafrasa web] Dua set data bermasalah mutu citra dipakai: objek bawah air Roboflow100 dan citra buah kelapa sawit dari perkebunan di Indonesia. || [parafrasa web] Dua model (citra asli dan citra hasil histogram matching) ditumpuk lalu diberi NMS; kelas prediksi model kedua sesuai ground truth (F1 0,651) dan F1 naik hingga 0,811.","Makalah metode deteksi umum pada citra bermutu rendah; sawit hanya satu dari dua set data. Lokasi tandan (di pohon atau di tanah) dan definisi kelas tidak diketahui dari ringkasan web. Tidak ada pencacahan; bila sawit dianggap bukan fokus, alternatifnya X/E5."
1587,warni2025comparative,2025,Comparative Analysis of Series YOLO Models for Loose Fruits Palm Oil Detection: A Comprehensive Performance Evaluation,sama,,abstrak,C3,,abstrak,C3,,,tinggi,,,,,,,LF,LF,TANAH,TANAH,RGB,RGB,N,N,N,N,"evaluate and compare the performance of four generations of YOLO models (YOLOv5, YOLOv8, YOLOv9, and YOLOv11) for detecting loose fruits palm oil || A total of 20 different model scales were tested using a carefully annotated plantation image dataset resized to $640 \times$ 640 pixels.","Abstrak hanya melaporkan metrik deteksi (mAP sekitar 0,83 sampai lebih dari 0,86) tanpa penghitungan. Lokasi TANAH disimpulkan dari sifat brondolan dan frasa 'plantation image dataset'; abstrak tidak menyebutnya secara eksplisit."
1589,sukma2025integration,2025,Integration of Single Shot Multibox Detector and Single Scale Retinex in Detecting Oil Palm Fruit Bunches in Low Light Conditions,sama,,abstrak,C3,,abstrak,C3,,,tinggi,,,,,,,DET,DET,POHON,POHON,RGB,RGB,N,N,N,N,"The proposed approach is to integrate Single Scale Retinex (SSR) to improve the quality of light intensity in the image, then the detection process is carried out by Single Shot Multibox Detector (SSD). || The experiment was carried out using images of oil palm fruit bunches taken directly on the tree",Deteksi tandan satu kelas pada kondisi cahaya rendah; tidak ada kelas kematangan dan tidak ada pencacahan.
1592,hamzah2025ai,2025,AI-Driven Delta Robot System for Automated Loose Fruitlet Collection,beda,grup,abstrak,X,E4,abstrak,C3,,,sedang,,,,,,,,,,,,,,,,,"This work presents an AI-driven delta robot system that capable of real-time detection, localization, and collection of loose fruitlets. || A monocular camera captures tray images, which are rectified using homography and processed with a convolutional detector trained on a curated oil palm fruitlets dataset. || A verification stage provides an accurate fruitlet counting and failure handling.","Brondolan sawit dideteksi dan dihitung pada citra baki, bukan di tanah di bawah pohon; lokasi dikodekan PABRIK (laboratorium). Kontribusi utama adalah robot pengambil, sehingga alternatifnya X/E4 atau X/E2 apabila pengecualian sawit tidak diberlakukan untuk citra baki."
1597,santoso2025se,2025,SE-SMOTE: Latent-Space Oversampling for Long-Tailed Oil Palm Fruit Classification,sama,,abstrak,C3,,abstrak,C3,,,sedang,,,,,,,KLS,KLS,?,?,RGB,RGB,N,N,Y,Y,"We validate our method on a novel long-tailed benchmark dataset for five-class oil palm fruit grading. || At an extreme imbalance ratio of 100, SE-SMOTE achieves a macro-averaged F1-score of 0.621, outperforming Expansive Over-Sampling (EOS) (0.594) and DeepSMOTE (0.275)",Kontribusi utama adalah metode oversampling ruang laten; abstrak tidak menyebut lokasi pengambilan citra maupun modalitas secara eksplisit (RGB diasumsikan dari 'agricultural imaging').
1607,soetrisno2024oil,2024,OIL PALM LEVEL OF RIPENESS CLASSIFICATION USING EFFICIENTDET-LITE CNN ARCHITECTURE,sama,tugas;lokasi(isi),abstrak,C3,,teks lengkap,C3,,,tinggi,,,,,,,KLS,DET,?,TANAH,RGB,RGB,N,N,Y,Y,"This application can classify oil palm ripeness into four categories: Unripe, underripe, ripe, and overripe. || There were 27 photos of palm bunches hanging from the tree, 183 photos on the ground, 11 photos capturing scenes with hanging FFB, and 19 photos of groups with grass in the background. || The accuracy of the proposed EfficientDet-Lite2 using EfficientDet D2 input is 84% and has been tested in Indonesian plantations.","Detektor EfficientDet-Lite2 dengan kotak pembatas dan empat kelas kematangan; evaluasi utama berupa akurasi klasifikasi 84% (Tabel 6, h. 8), sehingga tugas KLS juga dapat dibenarkan. Lokasi campuran: 183 dari 240 citra latih di tanah, sisanya tandan di pohon; dikodekan TANAH menurut mayoritas. Setiap citra diproses sendiri; tidak ada langkah lintas citra."
1608,shiddiq2024multispectral,2024,Multispectral imaging and deep learning for oil palm fruit bunch ripeness detection,sama,tugas,abstrak,C3,,teks lengkap,C3,,,tinggi,,,,,,,SENSOR,KLS,PABRIK,PABRIK,MSI,MSI,Y,Y,Y,Y,"This study used multispectral imaging and deep learning of the YOLO algorithm to detect the ripeness stages of oil palm FFBs on a moving conveyor. || Each FFB was scanned twice at the front and back sides. || with an AP of 99.69% for ripe and 99.62% for unripe, with IoU of 79.59% and mAP (@0.50) of 99.66%","Tiap tandan dipindai sisi depan dan belakang, tetapi setiap citra dan bingkai video dinilai sendiri tanpa penggabungan antarcitra, sehingga bukan C1. Tidak ada pencacahan. Hasil utama di Tabel 3, h. 11 PDF."
1609,rosbi2024machine,2024,Machine learning for automated oil palm fruit grading: The role of fuzzy C-means segmentation and textural features,sama,,abstrak,C3,,abstrak,C3,,,tinggi,,,,,,,KLS,KLS,POHON,?,RGB,RGB,N,N,Y,Y,"the aim is to propose an outdoor image-based fresh fruit bunch (FFB) classification system, emphasising pre-processing technique and feature extraction techniques suitable for limited datasets || the FFB was localised within the original images using the YOLOv4-Tiny algorithm || predict five classes: damaged, empty, unripe, ripe, and overripe. The developed system demonstrated a commendable performance in accurately classifying fruit bunches, achieving an accuracy of 93.68 %.","Abstrak hanya menyebut citra luar ruang; tidak jelas apakah tandan di pohon, di tanah, atau di tempat pengumpulan, sehingga lokasi diberi tanda tanya. Kelas rusak dan kosong mengisyaratkan tandan sudah dipanen. YOLOv4-Tiny dipakai hanya untuk melokalkan tandan sebelum klasifikasi, sehingga tugas utama KLS."
1618,zulkhoiri2024investigation,2024,Investigation of oil palm fruit bunch ripeness classification using machine learning classifiers,sama,,abstrak,C3,,abstrak,C3,,,tinggi,,,,,,,KLS,KLS,POHON,?,RGB,RGB,N,N,Y,Y,"This study proposes an intelligent classifier using color-based features to classify oil palm fruit bunches into three categories: ripe, half-ripe, and unripe. || This framework involved capturing images of oil palm fruit bunches at Felda Chuping 2 using commercial camera",Abstrak menyebut lokasi kebun (Felda Chuping 2) tetapi tidak menyatakan apakah tandan dipotret di pohon atau di tanah.
1619,junos2024improved,2024,Improved hybrid feature extractor in lightweight convolutional neural network for postharvesting technology: automated oil palm fruit grading,sama,tugas,judul,C3,,abstrak (web),C3,,,sedang,,,,,,,KLS,DET,PABRIK,PABRIK,RGB,RGB,N,N,Y,Y,"[parafrasa web] Sistem grading TBS otomatis untuk operasi pascapanen di kebun dan pabrik memakai model deteksi objek berbasis YOLO yang diperbaiki untuk empat kelas: ripe, unripe, underripe, overripe. || [parafrasa web] Model memakai hybrid feature extractor yang terdiri atas mobile inverted bottleneck dan densely connected network.",Lokasi PABRIK disimpulkan dari konteks pascapanen (grading di kebun dan pabrik); abstrak tidak menyebut lokasi pengambilan citra secara eksplisit. Angka hasil tidak diperoleh.
1635,ramasenderan2024development,2024,Development of a YOLOv5-based system for real-time detection and classification of ripe and unripe oil palm fruits,sama,,judul,C3,,judul,C3,,,sedang,,,,,,,DET,DET,?,?,RGB,RGB,N,N,Y,Y,,"Keputusan hanya dari judul: deteksi dan klasifikasi buah sawit matang dan mentah dengan YOLOv5. Lokasi akuisisi, modalitas (diasumsikan RGB), dan ada tidaknya pencacahan tidak dapat dipastikan."
1639,narendran2024loose,2024,Loose fruit detection for autonomous loose fruit collector,sama,,judul,C3,,judul,C3,,,sedang,,,,,,,LF,LF,TANAH,TANAH,RGB,RGB,N,N,N,N,,"Abstrak tidak ditemukan. Judul dan seri makalah (kolektor brondolan sawit otonom, AIP Conf. Proc. 3161) menunjukkan deteksi brondolan di tanah; modalitas RGB diasumsikan dan tidak terverifikasi."
1644,omar2024outdoor,2024,Outdoor oil palm fruit ripeness dataset,sama,,abstrak,C3,,abstrak,C3,,,sedang,,,,,,,DATA,DATA,POHON,POHON,RGB,RGB,Y,Y,Y,Y,"The data collection involved acquiring pictures of FFB from various angles and classifying them based on their ripeness level, categorised into five classes || requires an extensive outdoor dataset that comprise FFB's both on the tree and on the ground.","Dataset memuat tandan di pohon dan di tanah; lokasi dikode POHON, TANAH juga berlaku. Multipandang Y didasarkan pada frasa 'from various angles'; abstrak tidak menyatakan bahwa pandangan-pandangan itu ditautkan ke tandan yang sama, sehingga C1 tidak dicantumkan. Modalitas RGB disimpulkan dari uraian warna, tidak dinyatakan eksplisit."
1656,puttinaovarat2024oil,2024,Oil Palm Bunch Ripeness Classification and Plantation Verification Platform: Leveraging Deep Learning and Geospatial Analysis and Visualization,sama,lokasi,abstrak,C3,,teks lengkap,C3,,,tinggi,,,,,,,KLS,KLS,TANAH,POHON,RGB,RGB,N,N,Y,Y,"a total of 8779 images of oil palm bunches on the tree were collected || The classification task involved two target classes, namely Ripe and Unripe. || CNN provides the most accurate classification, achieving an accuracy of 99.89%","Klasifikasi dilakukan per citra (dua kelas, MobileNetV1), bukan per tandan hasil deteksi; satu citra dapat memuat beberapa tandan. Koordinat geotag hanya dipakai untuk verifikasi lokasi kebun, tidak untuk mengaitkan pengamatan tandan yang sama. Hasil utama pada Tabel 4, h. 11."
1665,wang2024novel,2024,Novel Feature Extraction for Oil Palm Bunches Classification,sama,multipandang,abstrak,C3,,teks lengkap,C3,,,tinggi,,,,,,,KLS,KLS,?,?,RGB,RGB,N,Y,Y,Y,"The research aims to classify the bunches into four categories which are unripe, under ripe, ripe and over ripe. || Two images for each category were taken simultaneously from the front and back sides of each fruit bunch. || The masked areas of the front and back side of the images will be calculated.","Tandan sudah dipanen dan difoto dari sisi depan dan belakang; persentase area matang kedua sisi dirata-ratakan untuk satu label per tandan (50 tandan, 7 salah klasifikasi, akurasi 86% di teks dan 85% di abstrak). Lokasi pemotretan tidak dinyatakan selain 'uncontrolled environment'. Bukan C1 karena tidak ada pencacahan atau penautan buah antarcitra; dua pandang hanya digabung untuk klasifikasi."
1670,shiddiq2024neural,2024,Neural network with k-fold cross validation for oil palm fruit ripeness prediction,sama,tugas;multipandang,abstrak,C3,,teks lengkap,C3,,,tinggi,,,,,,,SENSOR,KLS,PABRIK,PABRIK,HSI,HSI,N,Y,Y,Y,This work investigated the application of hyperspectral imaging and ANN models with the k-fold cross-validation method for ripeness prediction of oil palm fresh fruit bunches (FFB) || Image acquisition was performed on each oil palm FFB moving on a conveyor. || Table 4 shows that the average accuracy for all seven folds is 79.17%.,"Klasifikasi dua kelas (mentah/matang) dari spektrum rerata citra hiperspektral 400-1000 nm pada konveyor di dalam kotak gelap. Tiap tandan dipindai dari tiga sisi (184 tandan, 523 titik data), tetapi tiap sisi diperlakukan sebagai titik data terpisah tanpa penggabungan antarsisi; multipandang Y hanya karena lebih dari satu citra per tandan dipakai. Abstrak dan kesimpulan menyebut akurasi rerata 79,48%, sedangkan Tabel 4 (h. 8) menyebut 79,17%."
1677,goh2024synthetic,2024,Synthetic Data Generation for Fresh Fruit Bunch Ripeness Classification,sama,,judul,C3,,abstrak (web),C3,,,sedang,,,,,,,KLS,KLS,?,?,RGB,RGB,N,N,Y,Y,"[parafrasa web] Studi memakai pendekatan berbasis simulasi untuk membangkitkan citra FFB sintetis dengan variasi pencahayaan, tampilan objek, dan lingkungan; jumlah data sintetis disamakan dengan data nyata. || [parafrasa web] Hasil menunjukkan data sintetis meningkatkan akurasi dan kemampuan generalisasi model klasifikasi kematangan.",Lokasi tandan (pohon atau tanah) dan modalitas tidak dinyatakan dalam parafrasa; RGB diasumsikan dari citra sintetis hasil simulasi.
1679,kusumawardani2024integrated,2024,Integrated deep and classical machine learning for ripeness classification of oil-palm fresh fruit bunches,sama,,abstrak,C3,,abstrak,C3,,,sedang,,,,,,,KLS,KLS,PABRIK,PABRIK,RGB,RGB,N,N,Y,Y,A critical stage in the palm oil production process is the sorting of fresh fruit bunches (FFB) at the loading ramp reception area || the study integrates deep learning (CNN) and machine learning (HOG-SVM) techniques for improved classification accuracy || The proposed system achieves an overall accuracy of 90% with an average processing time of approximately 30 seconds,Abstrak mengkritik inspeksi manual yang 'single-visual' tetapi tidak menyatakan bahwa sistem memakai lebih dari satu citra per tandan; multipandang diisi N dengan keyakinan rendah.
1681,hidayat2024establishing,2024,Establishing a Standard Operating Procedure (SOP) for Palm Oil Plantation FFB Image Capture: Utilizing YOLOv8 for Counting and Ripeness Classification,sama,lokasi,abstrak,C3,,abstrak,C3,,C4,sedang,,,,,,,HIT,HIT,POHON,TANAH,RGB,RGB,N,N,Y,Y,"requires re-checking the ripeness of fresh fruit bunches (FFB) at the collection point (TPH) || can be used to optimally detect, calculate, and classify the ripeness of the FFB || the dataset used consists of 4257 images taken directly from PTPN IV plantations. The results of this study showed good model performance, with an accuracy of 96.56%.","Tugas mencakup deteksi, pencacahan, dan klasifikasi kematangan; dipilih HIT sesuai judul. Lokasi TANAH disimpulkan dari penyebutan TPH; abstrak tidak menyatakan apakah SOP meminta lebih dari satu citra per tumpukan."
1683,harmiansyah2024detection,2024,Detection of new oil palm fruit bunches based on deep learning,sama,,abstrak,C3,,abstrak,C3,,,tinggi,,,,,,,DET,DET,?,?,RGB,RGB,N,N,Y,Y,maturity detection based on deep learning with a pre-trained YOLOv5 model capable of detecting the maturity of new oil palm fruit bunches || the YOLOv5 model demonstrates strong performance with an accuracy reaching 72.5% in testing,"Abstrak tidak menyebut lokasi pengambilan citra (pohon, tanah, atau pabrik). Tidak ada pencacahan, sehingga C4 tidak dicantumkan."
1684,goh2024vision,2024,Vision Language Models for Oil Palm Fresh Fruit Bunch Ripeness Classification,sama,,abstrak,C3,,abstrak,C3,,,tinggi,,,,,,,KLS,KLS,?,?,RGB,RGB,N,N,Y,Y,"This paper examined the potential of vision language models, including LLaVA 1.5, Yi-VL, and PaliGemma, to automate and enhance FFB ripeness assessment || The models were evaluated on their ability to classify ripeness stages and the accuracy of generated descriptive text","Lokasi pengambilan citra tidak dinyatakan di abstrak. Evaluasi memakai BLEU dan ROUGE, bukan akurasi klasifikasi."
1685,bakar2024color,2024,Color-Based Ripeness Classification of Oil Palm Fresh Fruit Bunches Using Convolution Neural Networks and Data Augmentation,sama,,abstrak,C3,,abstrak,C3,,,tinggi,,,,,,,KLS,KLS,?,?,RGB,RGB,N,N,Y,Y,this study aims to evaluate the feasibility of using Convolutional Neural Networks for automating the grading based on color || The model was constructed incorporating a transfer learning approach with an Xception model. The model achieved an overall accuracy of 80.4%.,Abstrak tidak menyebut lokasi pengambilan citra; dataset dihimpun dari berbagai sumber.
1686,josdaan2024revolutionizing,2024,Revolutionizing palm oil ripeness classification: Utilizing YOLOv8 for ultra-precise ripeness detection,sama,,abstrak,C3,,abstrak,C3,,,tinggi,,,,,,,KLS,KLS,?,?,RGB,RGB,N,N,Y,Y,"The six maturity clusters for oil fruit images are Rotten, Underripe, Unripe, Overripe, and Empty Bunch. || YOLOv8m processes at an average speed of about 14.68 iterations per second and achieves top-1 and top-5 accuracy of 0.9885 and 0.998, respectively.","Metrik top-1 dan top-5 menunjukkan klasifikasi citra, bukan deteksi; lokasi pengambilan citra tidak disebut."
1687,naghipour2024yolo,2024,YOLO-Based Oil Palm FFB Ripeness Detection,sama,,abstrak,C3,,abstrak,C3,,,tinggi,,,,,,,DET,DET,?,?,RGB,RGB,N,N,Y,Y,employs a YOLOv10-S model with mAP (mean average precision) of 0.95 for detecting ripe FFB (fresh fruit bunch) from unripe FFB,"Abstrak tidak menyebut lokasi tandan (pohon, tanah, atau pabrik) dan tidak menyebut penghitungan."
1696,naftali2024palm,2024,Palm Oil Counter: State-of-the-Art Deep Learning Models for Detection and Counting in Plantations,sama,tugas,abstrak,C3,,abstrak,C3,,C4,tinggi,,,,,,,HIT,DET,POHON,POHON,RGB,RGB,N,N,Y,Y,"a novel dataset of oil palm fresh fruit bunches in plantations, captured in the plantation regions of Central Kalimantan Province, Indonesia || The dataset includes five ripeness classes (abnormal, ripe, underripe, unripe, and flower) || it achieved low Mean Absolute Error (MAE) of 0.164 and Root Mean Square Error (RMSE) of 0.4, indicating precise counting capability","Deteksi tandan dengan lima kelas kematangan disertai evaluasi pencacahan (MAE, RMSE), sehingga tugas HIT juga berlaku. Lokasi POHON disimpulkan dari 'in plantations'; abstrak tidak menyebut modalitas (diasumsikan RGB) dan tidak menyebut penggabungan beberapa pandang."
1698,jailani2024fresh,2024,Fresh Fruit Bunch Detection Performance: A Comparative Evaluation of Training Strategies,sama,,abstrak,C3,,abstrak,C3,,,sedang,,,,,,,DET,DET,?,?,RGB,RGB,N,N,N,N,"we evaluate the impact of different training methodologies on the performance of YOLOv5s, a popular object detection model, by comparing training time, GPU memory usage, and detection accuracy || this approach leads to a slight reduction in detection accuracy compared to the native methods that do not involve image concatenation","Objek tandan buah segar hanya dinyatakan di judul; abstrak membahas strategi pelatihan YOLOv5s (citra digabung) dan tidak menyebut lokasi citra, kelas kematangan, atau modalitas. Modalitas RGB dan per_kelas N adalah asumsi. Kontribusi utama bersifat teknik pelatihan, tetapi tetap berupa deteksi tandan sawit yang dievaluasi."
1700,bonet2024deep,2024,Deep Learning Model to Predict the Ripeness of Oil Palm Fruit,sama,,abstrak,C3,,abstrak,C3,,,sedang,,,,,,,DET,DET,?,?,RGB,RGB,N,N,Y,Y,"This study explores the application of deep learning, specifically the YOLOv8 model, for predicting the ripeness of oil palm fruit bunch through digital images. || The research highlights the effectiveness of YOLOv8 in automating the ripeness classification oil palm fruit bunches","Abstrak tidak menyatakan apakah YOLOv8 dipakai sebagai detektor atau pengklasifikasi citra, sehingga tugas dapat berupa DET atau KLS; DET dipilih karena dilaporkan precision dan recall. Lokasi tandan tidak dinyatakan."
1702,purba2024comparison,2024,"Comparison of the Latest Version of Deep Learning YOLO Model in Automatically Detecting the Ripeness Level of Oil Palm Fruit in PTPN IV, North Sumatra, Indonesia",sama,,abstrak,C3,,abstrak,C3,,,tinggi,,,,,,,DET,DET,POHON,?,RGB,RGB,N,N,Y,Y,"The dataset collected for this research consists of 180 images with a size of 640x640 and a camera resolution of 12 Mega Pixel. || The results show that both YOLOv8 and YOLOv9 successfully detected ripe, rotten, and unripe oil palm fruit with an accuracy of 0.984 (98.4%) and 0.99 (99%).","Abstrak tidak menyebut lokasi pengambilan citra (pohon, tanah, atau pabrik); hanya disebut repositori kebun PTPN IV."
1704,chowdhury2024oil,2024,Oil Palm Fresh Fruit Branch Ripeness Detection Using YOLOV6 Algorithm,sama,,judul,C3,,abstrak (web),C3,,,sedang,,,,,,,DET,DET,?,?,RGB,RGB,N,N,Y,Y,"[parafrasa web] Citra nyata TBS dari perkebunan kelapa sawit dibagi menjadi empat kelas (unripe, underripe, ripe, overripe) dan dideteksi dengan YOLOv6s dan YOLOv6m. || [parafrasa web] YOLOv6m dengan 100 epoch: precision 36,9%, recall 30%, F1 33,1%, mAP50 36,9%, mAP50-95 16,5%.","Abstrak menyebut citra dari perkebunan, tetapi tidak menyatakan apakah tandan masih di pohon atau sudah di tanah; lokasi diberi kode ?."
1713,japar2024oil,2024,Oil Palm Loose Fruit Detection Using YOLOv4 for an Autonomous Mobile Robot Collector,sama,multipandang,abstrak,C3,,abstrak,C3,,,tinggi,,,,,,,LF,LF,TANAH,TANAH,RGB,RGB,Y,N,N,N,This study researches the usage of YOLOv4 for real-time loose fruit detection in oil palm plantations as the first step in implementing automation in the collection of loose fruits.,"Data berupa video, tetapi abstrak tidak menyebut langkah antarbingkai; tiap citra diproses sendiri sehingga bukan C1."
1716,kakisina2024detection,2024,DETECTION AND SEQUENCE OF COLLECTING LOOSE OIL PALM FRUIT USING DEEP LEARNING TECHNIQUE,sama,,abstrak,C3,,abstrak,C3,,,tinggi,,,,,,,LF,LF,TANAH,TANAH,RGB,RGB,N,N,N,N,"This paper uses YOLOv7 to detect and collect loose palm fruits with an autonomous harvesting robot. || The robot uses YOLOv7 to detect fruits, prioritizing picking based on the coordinates of the bounding box. || MAP50 is 0.866 and 0.823 for sets A and B, respectively.","Kajian memuat urutan pengambilan oleh robot (dekat E4), tetapi deteksi brondolan sawit dievaluasi dengan mAP50 sehingga dikodekan C3. Lokasi TANAH disimpulkan dari sifat brondolan; abstrak hanya menyebut perkebunan."
1742,pusadan2023image,2023,The Image Extraction Using the HSV Method to Determine the Maturity Level of Palm Oil Fruit with the k-nearest Neighbor Algorithm,sama,,abstrak,C3,,abstrak,C3,,,tinggi,,,,,,,KLS,KLS,?,?,RGB,RGB,N,N,Y,Y,"This study aims to produce a system that can classify the maturity of oil palms based on feature extraction of characteristics of the hue, saturation and value (HSV) color features. || Classification of oil palm fruit maturity is classified using the K-Nearest Neighbor (KNN) algorithm with a dataset of 400 oil palm fruit image data",Abstrak tidak menyebut lokasi pengambilan citra.
1743,salim2023hyperparameter,2023,Hyperparameter optimization of YOLOv4 tiny for palm oil fresh fruit bunches maturity detection using genetics algorithms,sama,,abstrak,C3,,abstrak,C3,,,tinggi,,,,,,,DET,DET,?,?,RGB,RGB,N,N,Y,Y,"this research uses 4,160 images of oil palm fruit maturity which is divided into six categories, namely empty fruit, underripe, abnormal, ripe, under-ripe, and over-ripe. || The result is YOLOv4 model experienced an increase in mAP compared to before using GA hyperparameter optimization.","Abstrak tidak menyebut lokasi pengambilan citra (pohon, tanah, atau pabrik). Judul menyebut YOLOv4 tiny, abstrak menyebut YOLOv4."
1745,suharjito2023annotated,2023,Annotated Datasets of Oil Palm Fruit Bunch Piles for Ripeness Grading Using Deep Learning,sama,,abstrak,C3,,teks lengkap,C3,,C1,sedang,,,,,,,DATA,DATA,PABRIK,PABRIK,RGB,RGB,Y,Y,Y,Y,this study introduces a new complete dataset obtained directly from palm oil mills in the form of videos and images || The recording strategy uses rotating the camera 360° around the pile of palm oil FFB to capture the most of the FFB positions. || The sequential image structure also enables the model to determine the FFB’s development level from multiple perspectives.,"Makalah data sawit, sehingga kode utama C3. C1 dicantumkan di juga_cocok karena video memutar memuat tandan yang sama pada banyak frame, tetapi tidak ada metode asosiasi maupun pencacahan; validasi hanya deteksi per frame. Angka objek per kelas adalah jumlah anotasi, bukan cacah tandan unik."
1747,herman2023deep,2023,DEEP LEARNING WITH AUXILIARY LEARNING ATTENTION MECHANISM FOR OIL PALM FRUIT IMAGE RIPENESS CLASSIFICATION,sama,,judul,C3,,teks lengkap,C3,,,tinggi,,,,,,,KLS,KLS,?,?,RGB,RGB,N,N,Y,Y,"we propose a deep learning model with an addition-based attention mechanism as an oil palm fruit ripeness classification system. || we used a dataset of 400 images oil palm FFB images, categorized into 7 ripeness classes.","Klasifikasi citra tandan ke 7 kelas kematangan dengan AuxNet (DenseNet121 + ALAM), akurasi uji 0,87. Lokasi pengambilan citra tidak dinyatakan; pendahuluan menyebut tujuan penyortiran tandan sesudah panen."
1756,wijaya2023superiority,2023,THE SUPERIORITY OF YOLOV4 MODEL FOR ENHANCING PALM OIL FRUIT DETECTION,sama,,judul,C3,,judul,C3,,,rendah,,,,,,,DET,DET,?,?,RGB,RGB,N,N,N,N,,"Abstrak tidak ditemukan. Kode kelompok C3 cukup jelas dari judul (deteksi buah sawit dengan YOLOv4), tetapi lokasi, modalitas, dan ada tidaknya kelas kematangan hanya dugaan dari judul."
1766,borman2023classification,2023,Classification of maturity levels of palm fresh fruit bunches using the linear discriminant analysis algorithm,sama,,judul,C3,,abstrak (web),C3,,,tinggi,,,,,,,KLS,KLS,?,?,RGB,RGB,N,N,Y,Y,"[parafrasa web] Klasifikasi tingkat kematangan TBS sawit dari citra dengan LDA: transformasi RGB ke L*a*b, segmentasi thresholding, ekstraksi fitur HSV; akurasi 85%.",Lokasi pengambilan citra tidak disebut dalam parafrasa abstrak. Kalimat tentang K-means dan empat tingkat F0-F3 pada hasil pencarian tampaknya berasal dari makalah lain sehingga tidak dipakai.
1775,pipitsunthonsan2023palm,2023,Palm bunch grading technique using a multi-input and multi-label convolutional neural network,sama,,judul,C3,,judul,C3,,,rendah,,,,,,,KLS,KLS,?,?,RGB,RGB,N,N,Y,Y,,"Abstrak tidak ditemukan; keputusan dari judul dan sumber saja. Frasa multi-input dapat berarti beberapa citra tandan yang sama (multipandang Y, dan mungkin C1) atau beberapa jenis masukan; hal itu tidak dapat dipastikan. Lokasi, modalitas, dan multipandang perlu diperiksa pada teks lengkap."
1783,sari2023ripeness,2023,Ripeness level detection of oil palm fresh fruit bunches using K-means clustering algorithm,sama,,judul,C3,,abstrak (web),C3,,,tinggi,,,,,,,KLS,KLS,?,?,RGB,RGB,N,N,Y,Y,"[parafrasa web] The study used 120 images of oil palm FFB from four maturity levels, namely unripe, half-ripe, ripe, and overripe. || [parafrasa web] compares three measuring data distances to the cluster's centre: Euclidean, Manhattan, and Chebyshev Distance; Chebyshev Distance-Silhouette Coefficient is the most optimal.","Lokasi pengambilan citra tidak dinyatakan. Metode berupa pengelompokan K-Means berdasarkan warna, bukan deteksi dalam adegan."
1795,priyadi2023comparison,2023,Comparison of YOLOv8 and EfficientDet4 Algorithms in Detecting the Ripeness of Oil Palm Fruit Bunch,sama,,abstrak,C3,,abstrak,C3,,,tinggi,,,,,,,DET,DET,?,?,RGB,RGB,N,N,Y,Y,"the authors conducted research to identify the most suitable algorithm for detecting the ripeness of palm oil fruit || The study utilized a dataset consisting of 8299 images with six maturity levels || YOLO V8s achieved a mAP of 0.978 for mAP@50 and 0.765 for mAP@50-95, surpassing EfficientDet Lite 4","Abstrak tidak menyebut lokasi pengambilan citra (pohon, tanah, atau pabrik). Hanya metrik deteksi per kelas kematangan; tidak ada pencacahan."
1798,valentine2023classification,2023,Classification of Oil Palm Fresh Fruit Bunches (FFB) Based on Its Maturity Colour Using Convolutional Neural Network (CNN) Approach,sama,,judul,C3,,abstrak (web),C3,,,tinggi,,,,,,,KLS,KLS,?,?,RGB,RGB,N,N,Y,Y,"this paper proposes an automatic grading system of oil palm FFB using a deep learning approach, specifically by using Convolutional Neural Network (CNN) || this work investigates the effectiveness of applying a deep learning approach to perform a multi-class classification task",Kutipan verbatim dari abstrak di halaman Springer. Abstrak tidak menyebut lokasi citra maupun angka akurasi.
1799,suharjito2023real,2023,Real-Time Oil Palm Fruit Grading System Using Smartphone and Modified YOLOv4,sama,,abstrak,C3,,teks lengkap,C3,,,tinggi,,,,,,,DET,DET,PABRIK,PABRIK,RGB,RGB,Y,Y,Y,Y,"The research process involves collecting videos of palm oil piles using smartphones in the grading area of the palm oil industry. || a dataset was collected using a smartphone for each stack of FFB by circling it for 10–15 seconds to get images of each blunt FFB from various angles || In this test, the results of the model inference were collected for 5 frames in each video.","Deteksi tandan dengan enam kelas kematangan pada tumpukan di area grading pabrik (YOLOv4). Video diambil dengan mengelilingi tumpukan sehingga tandan yang sama muncul pada banyak bingkai, tetapi setiap bingkai diproses dan dievaluasi sendiri tanpa langkah antarbingkai; karena itu bukan C1. Nilai multipandang Y hanya mencerminkan cara akuisisi, bukan penggabungan pandangan. Tidak ada pencacahan."
1800,saechen2023oil,2023,Oil Palm Fresh Fruit Bunch Ripeness Classification by Deep Learning,sama,lokasi(isi),judul,C3,,abstrak (web),C3,,,sedang,,,,,,,KLS,KLS,?,PABRIK,RGB,RGB,N,N,Y,Y,"palm-oil mills in Thailand employ staff to visually assess the ripeness of fresh palm bunches at point of purchase. || develop a deep-learning model that can be used to analyze photographs of oil palm fresh fruit bunches and accurately classify their ripeness. || the ResNet50(C) model provided the best adjusted accuracy at 90%, where the F1 score of each category was noted to be higher than 80% ripeness.","Jurnal terbitan Thailand (KMUTT); halaman artikel hanya menampilkan judul dan abstrak berbahasa Inggris, sedangkan bahasa naskah lengkap tidak dapat dipastikan. Bila naskah lengkap berbahasa Thai, kode yang tepat adalah X dengan alasan E7. Lokasi PABRIK disimpulkan dari konteks penilaian di titik pembelian pabrik."
1801,gunawan2023palm,2023,Palm Fruit Ripeness Detection and Classification Using Various YOLOv8 Models,sama,,abstrak,C3,,abstrak,C3,,,tinggi,,,,,,,DET,DET,?,?,RGB,RGB,N,N,Y,Y,"This study investigates the potential of the YOLOv8 framework, particularly its YOLOv8m variant, for ripeness classification and detection. || This model's mAP50-95 of 0.927 balances computational efficiency and accuracy",Abstrak tidak menyebut lokasi pengambilan citra maupun sumber dataset.
1804,mamat2023enhancing,2023,Enhancing Image Annotation Technique of Fruit Classification Using a Deep Learning Approach,sama,tugas;lokasi(isi),abstrak,C3,,teks lengkap,C3,,,tinggi,,,,,,,KLS,DET,?,POHON,RGB,RGB,N,N,Y,Y,"this study implements automatic image annotation, namely, a repetitive annotation task technique, to classify the ripeness of oil palm fruit and recognize a variety of fruits. || The collected images were captured by using a smartphone and unmanned aerial vehicle (UAV) with DJI Phantom 4 || The ripeness classification of oil palm fruit was successfully automatically annotated with a bounding box and accuracy value.","Anotasi otomatis berulang dengan YOLOv5; mAP@50 98,7% untuk empat kelas kematangan TBS (Tabel 5, h. 14). Citra diambil di kebun dengan ponsel dan drone jarak dekat; teks tidak menyatakan secara tegas bahwa semua tandan masih di pohon. Tidak ada pencacahan dan tidak ada langkah lintas citra."
1805,junior2023video,2023,Video based oil palm ripeness detection model using deep learning,sama,multipandang,abstrak,C3,,abstrak,C3,,,sedang,,,,,,,DET,DET,POHON,POHON,RGB,RGB,Y,N,Y,Y,we develop an object detection model using a video dataset in training and testing || YOLOv4-Tiny 3L is the most suitable architecture for use in real time object detection conditions with an mAP of 90.56% for single class category detection and 70.21% for multi class,"Data berupa video, tetapi abstrak tidak menyebut pelacakan atau langkah antarframe; setiap frame dideteksi sendiri sehingga bukan C1. Kelas kematangan disimpulkan dari judul dan frasa multi class."
1806,saifullah2023palm,2023,Palm Oil Maturity Classification Using K-Nearest Neighbors Based on RGB and L*a*b Color Extraction,sama,,abstrak,C3,,abstrak,C3,,,tinggi,,,,,,,KLS,KLS,?,?,RGB,RGB,N,N,Y,Y,"This study aims to classify the maturity level of oil palm using the K-Nearest Neighbors (KNN) method based on the extraction of RGB and L*a*b color features. || The process starts with taking 150 photos with a smartphone. Each of them is then grouped into 3 classes, namely ripe (50), intermediate (50), and unripe (50).","Abstrak tidak menyebut lokasi pengambilan foto (pohon, tanah, atau pabrik)."
1807,sunggara2023fault,2023,Fault Detection of Oil Palm Harvesting Using Yolo V4,sama,alasan,abstrak,X,E5,abstrak,X,E1,,sedang,,,,,,,,,,,,,,,,,"The purpose of this research is to classify detection errors in the oil palm harvesting process. And in this case, also training in choosing the right position when harvesting oil palm. || The results of false and true motion detection tests to detect movements of oil palm harvesting with multiples of 50 have produced a 100% map.","Objek yang dideteksi YOLOv4 adalah posisi dan gerakan pemanen (benar atau salah, keselamatan panen), bukan tandan buah. Abstrak memuat frasa 'palm oil detection test' yang ambigu; bila teks lengkap menunjukkan deteksi tandan pada pohon, kode yang sesuai adalah C3 (DET)."
1822,aji2023oil,2023,Oil Palm USB (Unstripped Bunch) Detector Trained on Synthetic Images Generated by PGGAN,sama,per_kelas,abstrak,C3,,abstrak,C3,,,sedang,,,,,,,MUTU,MUTU,PABRIK,PABRIK,RGB,RGB,N,N,N,Y,"Identifying Unstriped Bunches (USB) is a pivotal challenge in palm oil production, contributing to reduced mill efficiency. || Our approach pairs synthetic images with authentic ones to train the Faster R-CNN.","Objeknya tandan sesudah perontokan di pabrik (USB lawan tandan kosong), bukan TBS utuh; dikodekan C3 berdasarkan pengecualian penilaian di pabrik. Dapat dipandang sebagai E2 bila tandan pascaperontokan dianggap di luar cakupan."
1836,zolfagharnassab2022classification,2022,Classification of Oil Palm Fresh Fruit Bunches Based on Their Maturity Using Thermal Imaging Technique,sama,lokasi(isi);multipandang,abstrak,C3,,teks lengkap,C3,,,tinggi,,,,,,,SENSOR,SENSOR,?,PABRIK,TERMAL,TERMAL,N,Y,Y,Y,"FFBs samples were harvested from the plantation and kept at room temperature overnight prior to being scanned by the thermal camera. || thermal images of the front and back sides of the FFBs were taken. || The accuracy for the overall correct classification of the ANN was 99.1% and 92.5% for the training and test stages, respectively.","Tandan sudah dipanen dan dipindai di dalam ruangan (laboratorium), sehingga lokasi PABRIK. Citra sisi depan dan belakang diambil, tetapi naskah tidak menjelaskan cara kedua sisi digabung; multipandang Y dengan keyakinan sedang. Tugas dapat pula dibaca sebagai KLS."
1841,shiddiq2022volume,2022,Volume measurement of oil palm fresh fruit bunches using computer vision,sama,,abstrak,C3,,abstrak,C3,,,tinggi,,,,,,,MUTU,MUTU,PABRIK,PABRIK,RGB+LASER,RGB+LASER,N,N,N,N,This study aimed to use a computer vision method with a cross-line laser beam to measure the volumes of oil palm FFB using a segmentation process and an ellipsoid equation. || Samples were 40 oil palm FFB of Tenera Variety.,"Pengukuran volume tandan lepas panen untuk sortasi pabrik; abstrak tidak menyebut jumlah pandangan per tandan, sehingga multipandang diisi N."
1844,alfatni2022real,2022,Towards a Real-Time Oil Palm Fruit Maturity System Using Supervised Classifiers Based on Feature Analysis,sama,lokasi(isi),abstrak,C3,,teks lengkap,C3,,,tinggi,,,,,,,KLS,KLS,?,PABRIK,RGB,RGB,N,N,Y,Y,"The expert classified the fruits based on three grades, namely under‐ripe, ripe and over‐ripe; || In fact, the fruit was obtained in real time with a controlled indoor lighting system.","Tandan yang sudah dipanen dicitrakan dalam ruang tertutup berpencahayaan terkendali dengan kamera CCD warna dan alat pengumpan; dikode PABRIK (laboratorium). Tiga ROI berasal dari satu citra yang sama, bukan pandangan berbeda. Selain kematangan, jenis tandan (Nigrescens, Oleifera, Virescens) juga diklasifikasi."
1855,junos2022automatic,2022,Automatic detection of oil palm fruits from UAV images using an improved YOLO model,sama,tugas,judul,C3,,abstrak (web),C3,,,tinggi,,,,,,,DET,LF,UAV,UAV,RGB,RGB,N,N,N,N,[parafrasa web] This paper proposed an improved YOLO model to detect oil palm loose fruits from unmanned aerial vehicle images. || [parafrasa web] The proposed model achieves average precision of 99.76% with detection time of 34.06 ms.,"Deteksi buah lepas (brondolan) kelas tunggal pada citra UAV; hanya metrik deteksi, tanpa hitung. Buah lepas berada di tanah, tetapi platformnya UAV sehingga lokasi diberi kode UAV."
1858,shiddiq2022wavelength,2022,Wavelength selection of multispectral imaging for oil palm fresh fruit ripeness classification,sama,modalitas,abstrak,C3,,abstrak,C3,,,sedang,,,,,,,SENSOR,SENSOR,PABRIK,PABRIK,MSI,HSI,N,N,Y,Y,Implementation of multispectral imaging for the task needs wavelength selection from hyperspectral datasets. || This study aimed to obtain the optimum wavelengths and use them for oil palm FFB classification based on three ripeness levels.,Abstrak terpotong dan tidak menyebut lokasi maupun akurasi. Lokasi PABRIK (laboratorium) disimpulkan dari konteks sortasi dan pemutuan TBS. Modalitas dikodekan HSI karena data sumbernya hiperspektral; tujuan akhirnya MSI delapan panjang gelombang. Tugas dapat pula dibaca sebagai KLS.
1867,aji2022oil,2022,Oil palm unstripped bunch detector using modified faster regional convolutional neural network,sama,tugas;per_kelas,abstrak,C3,,teks lengkap,C3,,,tinggi,,,,,,,MUTU,DET,PABRIK,PABRIK,RGB,RGB,N,N,N,Y,The images of the datasets are captured from video surveillance mounted on top of the exhaust conveyor of a palm oil mill. || The proposed system can work faster (100% faster) with an mAP value of 0.782 (7.42% more precise) than the USB Detector with the original VGG16.,"Objek adalah tandan tidak terpipil (USB) dan tandan kosong (EFB) di konveyor pabrik, bukan TBS segar; dimasukkan C3 melalui pengecualian pabrik. Kelas per instans adalah USB/EFB (mutu proses), bukan kematangan. Citra berasal dari video, tetapi setiap citra diproses sendiri; penghitungan hanya disebut sebagai tujuan, tidak dievaluasi (500 citra, 40 citra uji)."
1872,amirruddin2022synthetic,2022,Synthetic Minority Over-sampling TEchnique (SMOTE) and Logistic Model Tree (LMT)-Adaptive Boosting algorithms for classifying imbalanced datasets of nutrient and chlorophyll sufficiency levels of oil palm (Elaeis guineensis) using spectroradiometers and unmanned aerial vehicles,sama,,judul,X,E1,abstrak (web),X,E1,,tinggi,,,,,,,,,,,,,,,,,[parafrasa web] Integrasi SMOTE dengan LMT dan AdaBoost (LMT-SMOTEBoost) paling baik untuk mengklasifikasi status kecukupan biokimia daun kelapa sawit dewasa. || [parafrasa web] Indeks vegetasi mengungguli pita mentah dalam membedakan sifat biokimia daun pada tingkat kanopi.,"Objek kajian adalah hara dan klorofil daun kelapa sawit dari spektroradiometer dan UAV, bukan tandan buah."
1879,khamis2022comparison,2022,Comparison of Palm Oil Fresh Fruit Bunches (FFB) Ripeness Classification Technique using Deep Learning Method,sama,tugas,abstrak,C3,,abstrak,C3,,,tinggi,,,,,,,DET,KLS,?,?,RGB,RGB,N,N,Y,Y,this paper proposes an automatic fruit grading classification by utilizing computer vision technologies. A comparison using image classification (ResNet50) and object detection (YOLOv3) technique is analysed in this work.,Abstrak membandingkan klasifikasi citra (ResNet50) dan deteksi (YOLOv3) untuk kematangan; tugas dapat juga dikode DET. Lokasi pengambilan citra tidak dinyatakan.
1880,arulnathan2022background,2022,Background Subtraction for Accurate Palm Oil Fruitlet Ripeness Detection,sama,tugas,abstrak,C3,,abstrak,C3,,,sedang,,,,,,,LF,KLS,TANAH,?,RGB,RGB,N,N,Y,Y,"This study investigates the effect of background subtraction on the performance of a deep neural network to accurately identify the ripeness of palm oil fruitlets i.e. ripe, unripe and over ripe.","Objeknya brondolan atau buah satuan (fruitlet), bukan tandan utuh; abstrak tidak menyebut lokasi pengambilan citra, modalitas (diasumsikan RGB), maupun angka hasil. Bila citra diambil di laboratorium, kode tetap C3 menurut pengecualian sawit."
1882,mansour2022object,2022,Object Detection Algorithms for Ripeness Classification of Oil Palm Fresh Fruit Bunch,sama,,abstrak,C3,,abstrak,C3,,,tinggi,,,,,,,DET,DET,?,?,RGB,RGB,N,N,Y,Y,"In this paper, several object detection algorithms were investigated to classify the ripeness of oil palm fresh fruit bunch. || The models were trained on a dataset with four main ripeness classes: ripe, unripe, half-ripe, and over-ripe.","Abstrak tidak menyebut lokasi pengambilan citra (pohon, tanah, atau pabrik). Tugas dikodekan DET karena memakai detektor objek dengan kelas kematangan; tidak ada pencacahan."
1883,lai2022real,2022,Real-Time Detection of Ripe Oil Palm Fresh Fruit Bunch Based on YOLOv4,sama,modalitas,abstrak,C3,,abstrak,C3,,,tinggi,,,,,,,DET,DET,POHON,POHON,RGB+DEPTH,RGB,N,N,Y,Y,live camera input is fed into a Convolutional Neural Network (CNN) model known as YOLOv4 to detect the presence of ripe FFBs on the oil palm trees in real-time || the result of the mean Average Precision (mAP) and recall are 87.9 % and 82 %,"Kamera Intel RealSense D435 dipakai, tetapi abstrak hanya menyebut citra 1920x1080 dan tidak menyebut pemakaian depth, sehingga modalitas dikodekan RGB. Tidak ada pencacahan."
1884,chen2022detection,2022,Detection of Oil Palm Fresh Fruit Bunches (FFBS) with Computer Vision Models,sama,,abstrak,C3,,abstrak,C3,,,tinggi,,,,,,,DET,DET,POHON,POHON,RGB,RGB,N,N,N,N,"a comparison is performed between four different models: Support Vector Machine (SVM) which uses the Histogram of Gradients (HOG), Faster R-CNN, YOLOv4 and YOLOv5 || making it the best model for use in a harvesting system for the detection of FFBs",Lokasi POHON disimpulkan dari konteks sistem pemanenan; abstrak tidak menyebut lokasi citra secara eksplisit dan tidak menyebut kelas kematangan.
1885,kadir2022analysis,2022,Analysis Of Ground FFB Detection Via Real Sense Camera,sama,,abstrak,C3,,abstrak,C3,,,tinggi,,,,,,,DET,DET,TANAH,TANAH,RGB+DEPTH,RGB+DEPTH,N,N,N,N,This research focuses on the performance of the detection method of YOLOv4 in detecting and collecting FFB on the ground via a RealSense camera. || The recognition performance is improved significantly from YOLOv4 to YOLOv4-tiny in term of the FPS and the time taken for the detection.,"Deteksi tandan di tanah untuk mesin pengumpul otonom. Kamera RealSense dipakai, tetapi abstrak tidak menyatakan apakah kanal depth masuk ke detektor; modalitas RGB+DEPTH ditulis berdasarkan sensornya. Tidak ada kelas kematangan."
1891,robi2022image,2022,Image Detection and Classification of Oil Palm Fruit Bunches,sama,,abstrak,C3,,abstrak,C3,,,tinggi,,,,,,,DET,DET,?,?,RGB,RGB,N,N,Y,Y,developing automated detection systems using a deep learning model to detect and classify oil palm fruit bunch based on their ripeness level || YOLOv4 has a higher accuracy of 98.70% in detecting and classifying oil fruit bunches based on their ripeness level,Abstrak tidak menyebut lokasi tandan (di pohon atau di tanah) dan tidak menyebut pencacahan. Tugas dikodekan DET karena deteksi dan klasifikasi empat tingkat kematangan dilakukan dengan YOLO.
1893,suharjito2022effect,2022,Effect of Pre-processing Dataset on Classification Performance of Deep Learning Model for Detection of Oil Palm Fruit Ripe,sama,,abstrak,C3,,abstrak,C3,,,tinggi,,,,,,,KLS,KLS,POHON,?,RGB,RGB,N,N,Y,Y,"data collection of oil palm fruit images was carried out in oil palm plantations, with six categories of maturity levels, namely ripe, underripe, overripe, immature, empty and abnormal. || The development of a classification model for oil palm fruit maturity using deep learning, namely: Alexnet, MobileNetV1 and MobileNetV2.","Abstrak hanya menyebut citra diambil di perkebunan; tidak dinyatakan apakah tandan masih di pohon atau sudah di tanah, sehingga lokasi diisi '?'."
1940,siong2021combinatorial,2021,A Combinatorial RGB and Depth Images CNN-based Model for Oil Palm Fruit Bunch Detection and Heatmap Localisation for a Visual SLAM System,sama,,abstrak,C3,,teks lengkap,C3,,C5,tinggi,,,,,,,DET,DET,TANAH,TANAH,RGB+DEPTH,RGB+DEPTH,N,N,N,N,"This work proposes a visual SLAM system with a distinctive capability of detecting and localising oil palm loose fresh fruit bunches (FFB) on the ground using intelligent image processing. || The detection output of both models was combined using the ‘OR’ gate concept. || It is clear that the combinatorial model perfectly predicts the correct class for each image, either containing a fruit bunch or not.","Deteksi berupa klasifikasi biner per citra (ada atau tidak ada tandan) dari 44 citra uji: TPR RGB 0,773, depth 0,864, gabungan 1,000 (Tabel 2-5, h. 6-7). Lokalisasi tandan pada peta RTAB-Map hanya diuji di simulasi Gazebo dengan model tandan 3D dan tanpa metrik kuantitatif; teks menyebut jumlah tandan 'correctly counted' (h. 8) tanpa angka, sehingga C1 tidak dicantumkan. Tandan berada di tanah, bukan brondolan."
1953,suharjito2021oil,2021,Oil palm fresh fruit bunch ripeness classification on mobile devices using deep learning approaches,sama,,judul,C3,,abstrak (web),C3,,,tinggi,,,,,,,KLS,KLS,?,?,RGB,RGB,N,N,Y,Y,"[parafrasa web] The research creates mobile applications to classify the ripeness levels of oil palm FFB using lightweight CNN with ImageNet transfer learning and a novel data augmentation named 9-angle crop. || [parafrasa web] EfficientNetB0 trained with transfer learning, 9 angle crop and float16 quantization achieved an overall test accuracy of 0.893 on TensorFlow Lite; MobileNetV1 reached 0.811.","Lokasi pengambilan citra tidak disebut dalam abstrak. ""9-angle crop"" adalah augmentasi data pada satu citra, bukan beberapa pandangan tandan yang sama, sehingga multipandang N."
1958,septiarini2021machine,2021,Machine vision for the maturity classification of oil palm fresh fruit bunches based on color and texture features,sama,,abstrak,C3,,abstrak,C3,,,tinggi,,,,,,,KLS,KLS,?,?,RGB,RGB,N,N,Y,Y,"a method is proposed to classify the maturity level of FFB into three classes: raw, ripe, and half-ripe || The experiment was conducted using a local dataset consisting of 240 images (80 raw, 80 ripe, and 80 half-ripe).","Abstrak tidak menyebut lokasi pengambilan citra (pohon, tanah, atau pabrik)."
1959,bin2021development,2021,Development of Virescens Fresh Fruit Bunch Ripeness Prediction using LiDAR for Smart Agriculture,sama,per_kelas,abstrak,C3,,abstrak,C3,,,sedang,,,,,,,SENSOR,SENSOR,?,?,LIDAR,LIDAR,N,N,Y,N,This research aims to design and build a scanning system based on a LiDAR sensor and servo motors and obtain point cloud data from oil palm fresh fruit bunch (FFB). || it is found that ripe oil palm fruit has a lower mean intensity value than unripe oil palm fresh fruit bunch,"Abstrak tidak menyebut lokasi pemindaian (kemungkinan laboratorium). Hasilnya berupa perbandingan rerata intensitas tandan matang dan mentah, tanpa pengklasifikasi per tandan, sehingga per_kelas diisi N."
1960,herman2021deep,2021,Deep learning for oil palm fruit ripeness classification with densenet,sama,,abstrak,C3,,abstrak,C3,,,tinggi,,,,,,,KLS,KLS,?,?,RGB,RGB,N,N,Y,Y,The dataset used consists of 7 levels of ripeness with 400 images of oil palm fruits. The models used in this test scenario were both AlexNet and DenseNet. || DenseNet has been proven to outperform AlexNet by 8.5% in terms of accuracy and 8% in F1 score,Klasifikasi kematangan citra tandan dengan CNN. Abstrak tidak menyebut lokasi pengambilan citra; modalitas RGB disimpulkan dari konteks dan tidak dinyatakan eksplisit.
1963,junos2021optimized,2021,An optimized YOLO-based object detection model for crop harvesting system,sama,,abstrak,C3,,abstrak,C3,,,sedang,,,,,,,DET,DET,POHON,POHON,RGB,RGB,N,N,Y,Y,"an optimized YOLOv3 tiny network namely YOLO-P is proposed to detect and localize three objects at palm oil plantation which include fresh fruit bunch, grabber and palm tree under various environment conditions. || The proposed model was also tested to identify fresh fruit bunch of various maturities with accuracy of 98.91%.","Tiga kelas utama adalah tandan, grabber, dan pohon; kematangan hanya diuji sebagai tambahan, sehingga per_kelas Y kurang pasti. Lokasi POHON disimpulkan dari 'at palm oil plantation' dan konteks sistem panen; modalitas RGB tidak dinyatakan eksplisit. Tidak ada pencacahan."
1965,hong2021classification,2021,Classification of Oil Palm Fruit Ripeness Using Artificial Neural Network,sama,,abstrak,X,E6,abstrak,X,E6,,tinggi,,,,,,,,,,,,,,,,,This paper focuses on the development of an artificial neural network (ANN) model for classification of oil palm fruit ripeness using Raman spectra features. || Raman spectra for each sample are collected from benchtop Confocal Raman spectrometer.,"Spektroskopi Raman titik pada brondolan di laboratorium, bukan sensor pencitraan; E2 juga berlaku sebagai alasan sekunder."
1974,husin2021distribution,2021,Distribution map of oil palm fresh fruit bunch using LiDAR*,sama,,abstrak,C3,,abstrak,C3,,,sedang,,,,,,,SENSOR,SENSOR,POHON,?,LIDAR,LIDAR,N,N,Y,Y,"This research objective is to categorize the ripeness of oil palm FFB from data received from the sensor and to create a distribution map. || the findings of this study will be the classified ripeness of oil palm FFB are either under-ripe, ripe, or overripe, and the map of distribution.","Abstrak tidak melaporkan angka evaluasi, lokasi tandan, maupun cara data LiDAR diperoleh; tidak jelas apakah LiDAR dipakai sebagai sensor pencitraan atau pengukuran titik (bila titik, alternatifnya X/E6). Peta distribusi tampaknya peta sebaran kelas kematangan, bukan asosiasi antarpengamatan, sehingga C1 tidak dicantumkan."
1975,makky2021thermal,2021,Thermal and optical properties of oil palm FFB for optimum harvest window prediction,sama,per_kelas,abstrak,C3,,abstrak,C3,,,sedang,,,,,,,SENSOR,SENSOR,POHON,?,MSI+TERMAL,MSI+TERMAL,N,N,Y,N,"In this study we propose the use of hybrid-camera which can observe the FFB in multispectral-regime. || The new approach enables better optimum harvest window prediction for FFB with R2 of 0.8344, while previous study can only obtain R2 of 0.7818.","Keluaran berupa prediksi jendela panen (regresi), bukan kelas per tandan. Lokasi pengamatan tandan tidak dinyatakan di abstrak; modalitas disimpulkan dari judul (termal dan optik) dan frasa kamera hibrida multispektral."
1976,makky2021pre,2021,Pre-harvest oil palm FFB nondestructive evaluation technique using thermal-imaging device,sama,multipandang;per_kelas,abstrak,C3,,teks lengkap,C3,,C5,tinggi,,,,,,,SENSOR,SENSOR,POHON,POHON,TERMAL,TERMAL,N,Y,Y,N,The imaging device was used for recording the FFBs samples before harvested. Each sample was recorded from two different lines of sight. || The average surface temperature of FFB was calculated by processing the image from thermal camera. || FFB surface temperature can be used to predicted the FFB age with R2 of 0.8344,"Citra termal tandan di pohon sebelum panen; keluaran berupa regresi suhu permukaan terhadap umur, karoten (R2 0,8122), dan rasio minyak/air (R2 0,6732), bukan kelas per tandan. Dua garis pandang per tandan dipakai untuk mengukur suhu (h. 3), tetapi tidak ada pencacahan atau asosiasi antarpandang, sehingga bukan C1. Naskah menyebut ambang matang 27,4 derajat C, tetapi akurasi klasifikasi tidak dievaluasi."
1992,cherie2021non,2021,Non-Destructive Evaluation of Oil Palm Fresh Fruit Bunch Quality Using Thermal Vision,sama,,abstrak,C3,,teks lengkap,C3,,,sedang,,,,,,,SENSOR,SENSOR,PABRIK,PABRIK,TERMAL,TERMAL,N,N,N,N,"A pseudo-color thermal vision used to monitor the fruits surface temperature continuously. || A thermal camera was used to monitor changes on fruits temperature continuously. The data was recorded every 4 minutes until room temperature was reached by the fruits. || The entire model can predict the temperature of objects using a thermal camera with a level of determination coefficient (R2) of 0.979, 0.973, 0.976, 0.976, and 0.973","Kajian laboratorium: buah sawit beku (-20 C) di cawan petri diaklimatisasi dan suhu permukaannya dipantau dengan kamera termal; keluarannya model suhu dan korelasi indeks warna semu, bukan klasifikasi kematangan per tandan. Masuk C3 sebagai penginderaan non-RGB buah sawit (pengecualian E2 untuk sawit); bila pengecualian itu hanya berlaku untuk pemutuan di pabrik, alternatifnya X dengan alasan E2. Sampel yang sama dicitrakan berulang tiap 4 menit (deret waktu suhu), tetapi bukan multipandang dalam arti sudut pandang berbeda, sehingga diisi N."
1993,fauziah2021thermal,2021,Thermal vision of oil palm fruits under difference ripeness quality,sama,per_kelas,abstrak,C3,,abstrak,C3,,,sedang,,,,,,,SENSOR,SENSOR,POHON,POHON,TERMAL,TERMAL,N,N,Y,N,we developed a Thermal-Vision system to observe the thermal properties of the fruits before harvest. || Models were developed using the Multilayer Perceptron Artificial Neural Network algorithm to correlate fruits' thermal properties with measured parameters (Oil Content).,"Lokasi POHON disimpulkan dari frasa 'before harvest'; abstrak tidak menyatakan secara tegas bahwa citra diambil pada tandan di pohon. Keluaran berupa regresi kadar minyak (dapat pula dibaca sebagai MUTU), bukan kelas per tandan."
2001,xiang2021oil,2021,An Oil Palm Loose Fruits Image Detection System using Faster R -CNN and Jetson TX2,sama,,abstrak,C3,,abstrak,C3,,,tinggi,,,,,,,LF,LF,TANAH,TANAH,RGB,RGB,N,N,N,N,"Hence, this work proposes a system for oil palm loose fruits detection using Faster R-CNN, a deep learning algorithm and NVIDIA Jetson TX2 hardware. || In this study, 500 images of loose fruits were collected from an oil palm farm at Bukit Bangkong, Selangor during the harvesting process.",Deteksi brondolan pada citra tunggal; tidak ada pencacahan maupun kelas.
2003,teh2021coloured,2021,Coloured Edge Maps for Oil Palm Ripeness Classification,sama,,judul,C3,,abstrak (web),C3,,,sedang,,,,,,,KLS,KLS,?,?,RGB,RGB,N,N,Y,Y,"[parafrasa web] Kajian membandingkan peta tepi berwarna (Laplacian of Gaussian, Sobel, Prewitt, Kirsch) sebagai masukan CNN untuk klasifikasi kematangan tandan sawit. || [parafrasa web] Saat citra digelapkan atau dicerahkan, akurasi klasifikasi citra berwarna penuh turun 19,89%, sedangkan peta tepi berwarna rata-rata turun 4,97%.",Lokasi pengambilan citra dan jumlah pandangan per tandan tidak disebut dalam ringkasan web; teks lengkap tidak dapat dibaca.
2026,saetang2020estimation,2020,Estimation of Oil Content in Oil Palm Fresh Fruit Bunch by Its Surface Color,sama,,abstrak,C3,,abstrak,C3,,,tinggi,,,,,,,MUTU,MUTU,?,?,RGB,RGB,N,N,N,N,An oil palm FFB image from a smartphone camera was fed to the model for predicting the oil content in FFB. || The surface color of an oil palm fruit and structure of the bunch were considered as the feature set.,"Keluaran berupa regresi kandungan minyak (RMSE), bukan kelas per instans. Lokasi pengambilan citra tidak dinyatakan; tandan kemungkinan sudah dipanen."
2028,septiarini2020maturity,2020,Maturity grading of oil palm fresh fruit bunches based on a machine learning approach,sama,,abstrak,C3,,abstrak,C3,,,tinggi,,,,,,,KLS,KLS,?,?,RGB,RGB,N,N,Y,Y,"The mean value extracted as the color features in L*a*b color space is followed by implementing a machine learning method: Linear Discriminant Analysis (LDA), in the classification process. || The experiment used a dataset of 150 images with three different classes: raw, under-ripe, and ripe.",Abstrak tidak menyebut lokasi pengambilan citra tandan.
2045,alfatni2020colour,2020,Colour Feature Extraction Techniques for Real Time System of Oil Palm Fresh Fruit Bunch Maturity Grading,sama,,abstrak,C3,,abstrak,C3,,,tinggi,,,,,,,KLS,KLS,PABRIK,PABRIK,RGB,RGB,N,N,Y,Y,"an image processing algorithm scenario represented by image acquisition, segmentation, and feature extraction is implemented in real time system for oil palm FFB maturity grading || The current method in the mills for oil palm FFB grading is manually using human graders.",Lokasi PABRIK disimpulkan dari konteks sistem grading inspeksi eksternal sebagai pengganti grader di pabrik; abstrak tidak menyatakannya secara eksplisit.
2050,syaifuddin2020detection,2020,Detection of palm fruit maturity level in the grading process through image recognition and fuzzy inference system to improve quality and productivity of crude palm oil (CPO),sama,,abstrak,C3,,teks lengkap,C3,,,tinggi,,,,,,,KLS,KLS,PABRIK,PABRIK,RGB,RGB,N,N,Y,Y,"this research detects the level of maturity of oil palm fruit from the outside color. Testing the outside color of oil palm fruit bunches based on the image capture || output is divided into 3 fuzzy sets, namely 1 for raw palm, 2 for mature palm, and 3 for overcooked palm || Obtained accuracy for training data is 73.07% and testing data is 71.4%.",Makalah tidak menyatakan tempat pengambilan citra; PABRIK dipilih karena konteksnya proses grading setelah panen. Data 78 latih dan 21 uji; fitur GLCM dari citra grayscale dengan sistem fuzzy Sugeno.
2055,wong2020computer,2020,Computer vision algorithm development for classification of palm fruit ripeness,sama,,abstrak,C3,,abstrak,C3,,,tinggi,,,,,,,KLS,KLS,POHON,POHON,RGB,RGB,N,N,Y,Y,"segmenting out the section that consists of tree from the image and classifying the ripeness of palm fruit after locating the fresh fruit bunch (FFB) on the palm tree. || Those images are analyzed in Hue, Saturation and Value (HSV) color spaces. || The proposed algorithm successfully yielded an accuracy of 85% as there were a total of 85 images which were correctly classified out of 100 images of palm fruit.","Klasifikasi kematangan berbasis ambang HSV setelah pelokalan pohon dengan AlexNet dan jendela geser; tugas utama KLS, dengan unsur DET terbatas pada pohon."
2056,prasetyo2020automatic,2020,Automatic detection and calculation of palm oil fresh fruit bunches using faster R-CNN,sama,,judul,C3,,abstrak (web),C3,,C2,sedang,,,,,,,HIT,HIT,POHON,?,RGB,RGB,N,N,N,N,"[parafrasa web] The study presented a system of automatic detection and calculation of palm oil fresh fruit bunches using the faster R-CNN algorithm and indicates success in calculating FFB. || [parafrasa web] The evaluation compared 4 network architectures: resnet inception V2, inception V2, resnet 50, and resnet 101. || [parafrasa web] A later paper cites this Faster R-CNN approach to detect and count the bunches as achieving 86% accuracy.","Lokasi tandan, pemakaian banyak pandangan, dan kelas kematangan tidak dinyatakan di sumber web; multipandang dan per_kelas diisi N sebagai anggapan. Angka 86% berasal dari kutipan pihak ketiga."
2069,harsawardana2020ai,2020,AI-Based Ripeness Grading for Oil Palm Fresh Fruit Bunch in Smart Crane Grabber,sama,lokasi;multipandang,abstrak,C3,,teks lengkap (web),C3,,,tinggi,,,,,,,KLS,KLS,PABRIK,TANAH,RGB,RGB,N,Y,Y,Y,"Therefore, we collected 400 FFB images captured from 50 FFB with eight different angles. || Each image was labelled by professional FFB grader into seven classes as described in Table 1. || The best model achieves 71.34% validation accuracy.","Klasifikasi kematangan tujuh kelas dengan ResNet152 pada tandan yang sudah dipanen dan dikumpulkan dengan crane grabber di kebun. Delapan sudut per tandan ada di dataset, tetapi setiap citra diklasifikasi sendiri dan dibagi 60:40 per citra; tidak ada penggabungan antarpandang, sehingga bukan C1."
2072,cherie2020optical,2020,Optical properties of oil palm Fresh Fruits Bunch (FFB) for optimum harvest-window prediction,sama,tugas;modalitas;multipandang;per_kelas,abstrak,C3,,teks lengkap,C3,,,tinggi,,,,,,,SENSOR,MUTU,POHON,POHON,MSI,RGB,N,Y,Y,N,"The fruits cluster or fruits bunch then continually recorded, daily, using the same device, until harvest. || Of the three selected optical properties, H produce the best correlation with mesocarp oil content with R2 of 0.7494 (Fig. 3). || the optimum harvest window for FFB determined when the H value reached 172","Tandan pada 225 pohon direkam harian sejak antesis sampai panen; fitur warna (R, G, B, H, S, I) diregresikan terhadap umur dan kadar minyak mesokarp. Tidak ada kelas kematangan per tandan dan tidak ada pencacahan, sehingga per_kelas N dan tugas MUTU (kadar minyak/jendela panen). multipandang Y karena tandan yang sama dicitrakan berulang dari waktu ke waktu, bukan dari beberapa sisi. Bukan C1 karena tidak ada pencacahan atau penautan buah antarcitra. Hasil utama ada di h. 7."
2074,septiarini2020automatic,2020,Automatic image segmentation of oil palm fruits by applying the contour-based approach,sama,tugas;lokasi(isi);per_kelas,abstrak,C3,,abstrak,C3,,,sedang,,,,,,,KLS,DET,?,POHON,RGB,RGB,N,N,Y,N,"the segmentation method of oil palm fruit is proposed by applying the contour-based approach due to the oil palm fruit that has various shapes and colors. || The proposed method is evaluated using a local dataset consisting of 160 images with three kinds of ripeness grading (60 raw, 50 under-ripe, and 50 ripe).","Tugasnya segmentasi tandan sebagai praproses; tidak ada kategori segmentasi, sehingga dipilih DET sebagai yang terdekat. Lokasi POHON disimpulkan dari 'captured in the natural background'; abstrak tidak menyatakannya secara eksplisit. Kelas kematangan hanya menjadi strata dataset, tidak diprediksi."
2075,mohd2020combination,2020,Combination of laser-light backscattering imaging and computer vision for rapid determination of oil palm fresh fruit bunches maturity,sama,tugas;lokasi(isi),abstrak,C3,,abstrak,C3,,,tinggi,,,,,,,SENSOR,KLS,?,PABRIK,RGB+LASER,RGB+LASER,N,N,Y,Y,This study evaluated the utilization of combined computer vision and laser-light backscattering imaging in determining the oil content and color changes of oil palm FFB at different maturity levels || The average classification accuracies were also higher than 85% in classifying oil palm FFB maturity.,"Studi laboratorium pada 90 tandan; selain klasifikasi kematangan, kadar minyak juga diprediksi (MUTU dan SENSOR turut cocok sebagai tugas sekunder)."
2076,setiawan2020palm,2020,Palm Oil Fresh Fruit Bunch Grading System Using Multispectral Image Analysis in HSV,sama,tugas,abstrak,C3,,abstrak,C3,,,sedang,,,,,,,SENSOR,KLS,PABRIK,PABRIK,MSI,MSI,N,N,Y,Y,This study will focus on productivity improvement in the palm oil mill through the development of an objective Fresh Fruit Bunch (FFB) grading system. || the multispectral image-based is introduced to assess the level of FFB's ripeness. There are 19 LEDs with different wavelengths that are used as source light || the 940 nm wavelength gives the best result for determining the maturity level of FFB,"Lokasi PABRIK disimpulkan dari tujuan sistem penilaian mutu di pabrik dan pencahayaan LED terkendali; abstrak tidak menyebut tempat pengambilan citra secara eksplisit. Citra berulang pada tandan yang sama adalah pita panjang gelombang, bukan sudut pandang, sehingga multipandang N. Tugas juga dapat dibaca sebagai SENSOR."
2112,septiarini2019image,2019,Image-based processing for ripeness classification of oil palm fruit,sama,,abstrak,C3,,abstrak,C3,,,tinggi,,,,,,,KLS,KLS,?,?,RGB,RGB,N,N,Y,Y,"the classification method of palm fruit is aimed to distinguish three classes of fruit ripeness, namely raw, under-ripe, and ripe || This method was tested using160 images with the successful rate indicated by an accuracy value of 92.5%.",Abstrak tidak menyebut lokasi pengambilan citra.
2113,sukemi2019identification,2019,Identification using the K -Means Clustering and Gray Level Co-occurance Matrix (GLCM) At Maturity Fruit Oil Head,sama,,abstrak,C3,,abstrak,C3,,,sedang,,,,,,,KLS,KLS,?,?,RGB,RGB,N,N,Y,Y,Identification which did classify in the category of mature and not mature. || Determination of identification with the K-means clustering method that uses the difference in euclidean distance and GLCM feature extraction as a reference. || For the results of the present study is equal to 90% of the 50 test data.,Abstrak tidak menyebut lokasi pengambilan citra maupun jenis kamera; modalitas RGB disimpulkan dari penggunaan ciri warna dan tekstur.
2123,astuti2019oil,2019,Oil palm fruit ripeness detection using K-Nearest neighbour,sama,,abstrak,C3,,abstrak,C3,,,tinggi,,,,,,,KLS,KLS,?,?,RGB,RGB,N,N,Y,Y,The aim of this study is to provide a tool for examining oil palm fruit ripeness level. || K-Nearest Neighbor (KNN) is applied as a computation method which allows the system to classify data of ripeness level based on user-entered image.,Lokasi pengambilan citra tidak dinyatakan dalam abstrak; abstrak tidak melaporkan angka akurasi.
2125,setiawan2019estimation,2019,Estimation of Nigrescens Palm Oil Ripeness using Contrast and Skewness from 680 nm Image,sama,tugas,abstrak,C3,,abstrak,C3,,,tinggi,,,,,,,SENSOR,KLS,?,?,MSI,MSI,N,N,Y,Y,"estimate the oil palm FFB maturity using 680 nm LED as the light source and digital camera to capture the image || skewness and combination of contrast and skewness give the same accuracy, 68.83 %",Modalitas adalah citra satu pita sempit (iluminasi LED 680 nm dengan kamera digital); dikodekan MSI sebagai pilihan terdekat. Lokasi pengambilan citra tidak dinyatakan di abstrak.
2137,albakri2019analysis,2019,"Analysis of oil palm leaf phyllotaxis towards development of models to determine the fresh fruit bunch (FFB) maturity stages, yield and site-specific harvesting",sama,alasan,judul,X,E1,abstrak (web),X,E3,,rendah,,,,,,,,,,,,,,,,,"[parafrasa web] Kajian menyusun persamaan matematis untuk menaksir tahap kematangan (umur dalam minggu) TBS dari posisi tandan pada filotaksis (susunan spiral pelepah) sawit. || [parafrasa web] Analisis regresi menghasilkan R2 = 0,9 dan RMSE 1,58 minggu; model hasil dan panen dapat disusun dari jumlah TBS per pohon dan tingkat kematangan tiap tandan.","Ringkasan web tidak menyebut citra atau deteksi tandan; kematangan dimodelkan dari posisi tandan pada spiral pelepah, sehingga dinilai sebagai pemodelan tanpa deteksi buah berbasis citra (E3). Teks lengkap tidak dapat dibuka. Bila posisi tandan ternyata diperoleh dari citra, kode yang cocok adalah C3 (tugas KLS, lokasi POHON)."
2169,fahmi2018oil,2018,Oil palm fresh fruit bunch ripeness classification using back propagation and learning vector quantization,sama,,abstrak,C3,,teks lengkap,C3,,,tinggi,,,,,,,KLS,KLS,?,?,RGB,RGB,N,N,Y,Y,This research has performed fruit bunch classification into ripen and unripen fruit bunch (RFB or UFB) by using both back propagation and LVQ. || 40 images of ripe fruit bunches (RFBs) and fresh unripe fruit bunches (UFBs) are analysed by using Matlab.  Feature extraction is based on colour image.,"Naskah tidak menyatakan tempat pengambilan citra tandan (pohon, tanah, atau pabrik); citra dipangkas dan latar dihapus. Satu citra per tandan, dua kelas (matang dan mentah)."
2175,jupriyanto2018uav,2018,UAV application for oil palm harvest prediction,beda,grup,abstrak,C3,,teks lengkap,X,E3,,tinggi,,,,,,,DET,,UAV,,RGB,,N,,N,,This UAV system produces high-resolution digital image that can be used to calculate the number of plants. The number of plants in this particular area is then used as input to predict the crop. || Production Estimation 100% = Number of trees x (mean ± standard deviation),Citra UAV hanya dipakai untuk menghitung pohon dari mosaik; hasil panen diperkirakan dari jumlah pohon dikali rerata bobot panen sampel lapangan. Tidak ada deteksi tandan atau buah pada citra. Alasan E1 (objek citra adalah pohon) juga dapat dipakai.
2190,sabri2018evaluation,2018,Evaluation of color models for palm oil fresh fruit bunch ripeness classification,sama,,abstrak,C3,,teks lengkap,C3,,,tinggi,,,,,,,KLS,KLS,?,?,RGB,RGB,N,N,Y,Y,"Color moments were extracted from each of these color models for the classification of four stages of FFB ripeness that are unripe, under-ripe, ripe and over-ripe. || These images are manually cropped to obtain the region of interest or the FFB area and eliminate the non-FFB areas such as trees, leaves and other objects.","Citra diambil di kebun (Batu Pahat), tetapi naskah tidak menyatakan apakah tandan masih di pohon atau sudah dipanen; lokasi dikodekan '?'. Satu citra terpangkas per tandan, klasifikasi SVM, akurasi terbaik 98,9% (YCbCr dan YUV)."
2192,alfatni2018real,2018,"Real-time oil palm FFB ripeness grading system based on ANN, KNN and SVM classifiers",sama,,abstrak,C3,,abstrak,C3,,,tinggi,,,,,,,KLS,KLS,?,?,RGB,RGB,N,N,Y,Y,"real-time oil palm FFB ripeness grading system based on ANN, KNN and SVM Classifiers was demonstrated || classify the ripeness of oil palm FFB based on the external feature of the fruit || highest accuracy 93 % and the fastest image processing speed 0.40 (s) by using BGLAM texture feature based on ANN classifier",Abstrak tidak menyebut lokasi pengambilan citra maupun jenis kamera; modalitas RGB disimpulkan dari fitur tekstur eksternal.
2203,siddesha2018segmentation,2018,Segmentation of oil palm crop bunch from tree images,sama,,abstrak,C3,,abstrak,C3,,,tinggi,,,,,,,DET,DET,POHON,POHON,RGB,RGB,N,N,N,N,we explored both supervised and unsupervised techniques for the segmentation of oil palm crop bunch from the tree image || The performance of these algorithms are demonstrated by conducting experiment with dataset of 100 images.,Segmentasi tandan pada citra pohon dikodekan sebagai DET; tidak ada kelas kematangan maupun pencacahan.
2209,salambue2018investigation,2018,Investigation of the ripeness of oil palm fresh fruit bunches using bio-speckle imaging,sama,lokasi(isi);multipandang,abstrak,C3,,teks lengkap,C3,,,tinggi,,,,,,,SENSOR,SENSOR,?,PABRIK,LASER,LASER,N,Y,Y,Y,"a FFB is inserted into a light tight box which contains a laser diode and a CMOS camera, the FFB is illuminated, and then an image is recorded || The FFBs were then brought to Lab and cleaned. || Based on the tables, the most category is found on the front surface of base section of FFB by 75%","Pencitraan bio-speckle laser 650 nm pada TBS yang sudah dipanen di laboratorium. Setiap tandan direkam enam kali (permukaan depan dan belakang, tiga bagian), tetapi setiap citra diklasifikasikan sendiri tanpa penggabungan, sehingga bukan C1. Tugas dapat pula dibaca sebagai KLS; SENSOR dipilih karena kontribusinya adalah modalitas laser. Hasil utama: Tabel 2 dan 3, h. 6-7."
2219,ibrahim2018palm,2018,Palm oil fresh fruit bunch ripeness grading recognition using convolutional neural network,sama,,judul,C3,,abstrak (web),C3,,,tinggi,,,,,,,KLS,KLS,?,?,RGB,RGB,N,N,Y,Y,"[parafrasa web] Kajian membandingkan CNN, model CNN pralatih (AlexNet), dan fitur buatan tangan (momen warna, FREAK, HOG) dengan SVM untuk pengenalan tingkat kematangan TBS sawit. || [parafrasa web] Pada empat kelas kematangan dengan 120 citra, CNN mencapai akurasi 92% dan AlexNet 100%.",Lokasi pengambilan citra tidak tersedia dari parafrasa abstrak.
2237,pamornnak2017automatic,2017,An automatic and rapid system for grading palm bunch using a Kinect camera,sama,tugas,abstrak,C3,,abstrak,C3,,,tinggi,,,,,,,KLS,MUTU,PABRIK,PABRIK,RGB+NIR+DEPTH,RGB+NIR+DEPTH,N,N,Y,Y,"Several palm features are extracted from RGB, near infrared, and depth images, captured with a Microsoft Kinect camera version 2.0 installed in a light-controlled environment on the conveyor line. || The second developed algorithm classifies palm bunch into three grades (L-Grade, M-Grade and H-Grade) based on oil content from Soxhlet extraction.",Penilaian mutu (kadar minyak dan volume relatif) di jalur konveyor titik jual-beli. C5 tidak dicantumkan karena tandan bukan di pohon.
2274,zolfagharnassab2017emissivity,2017,Emissivity determination of oil palm fresh fruit ripeness using a thermal imaging technique,sama,lokasi(isi);per_kelas,judul,C3,,abstrak (web),C3,,,sedang,,,,,,,SENSOR,SENSOR,?,PABRIK,TERMAL,TERMAL,N,N,Y,N,"The purpose of this paper is to determine total emissivity as an essential parameter of non-destructive thermometry for oil palm fresh fruit bunches in different stage of ripeness || the fresh fruit bunches were heated to 100°C. Then, a thermal imaging camera and contact thermometer were used to determine the surface temperature of the bunches.","Kajian laboratorium tentang emisivitas termal tandan per tingkat kematangan; tidak ada klasifikasi per tandan sehingga per_kelas N. Dimasukkan sebagai C3 karena protokol mencakup pengindraan non-RGB pada tandan sawit; bila pengecualian E2 diterapkan ketat pada kerja laboratorium, kajian ini berada di batas."
2275,gro2017maturity,2017,Of maturity stages of oil palm fresh fruit bunches using multispectral imaging method,sama,per_kelas,judul,C3,,abstrak (web),C3,,,sedang,,,,,,,SENSOR,SENSOR,?,?,MSI,MSI,N,N,Y,N,"[parafrasa web] Images were acquired using multispectral prism camera, producing five images in 5 wavelength ranges, i.e., red, green, blue, NIR 1 (700-830 nm), and NIR 2 (830-1000 nm). || [parafrasa web] Results revealed that multispectral imaging can be used to determine the maturity stages of FFB non-destructively.",Abstrak tidak menyebut lokasi pencitraan (analisis kimia buah menunjukkan kemungkinan laboratorium) dan tidak melaporkan pengklasifikasi per tandan; data citra dibandingkan dengan kadar klorofil dan karotenoid.
2282,shiddiq2017ripeness,2017,Ripeness detection simulation of oil palm fruit bunches using laser-based imaging system,sama,lokasi;per_kelas,abstrak,C3,,abstrak,C3,,,sedang,,,,,,,SENSOR,SENSOR,POHON,PABRIK,RGB+LASER,RGB+LASER,N,N,Y,N,"The system composed of two diode lasers with 532 nm and 680 nm in wavelengths and a CMOS camera || The FFB samples were placed on an aluminum platform with 4 height variations, 1.5 m, 2 m, 2.5 m, and 3 m. || Imaging methods using laser was able to differentiate ripeness levels of oil palm fresh fruit bunch","Simulasi laboratorium: tandan yang sudah dipanen diletakkan di platform pada beberapa ketinggian, sehingga lokasi dikode PABRIK (laboratorium). Kajian menganalisis hubungan nilai RGB dengan empat tingkat kematangan tanpa pengklasifikasi yang memberi kelas pada tiap tandan, sehingga per_kelas N; tugas KLS juga dapat dipertimbangkan."
2311,shabdin2016study,2016,"A study on the oil palm fresh fruit bunch (FFB) ripeness detection by using Hue, Saturation and Intensity (HSI) approach",sama,lokasi(isi),abstrak,C3,,teks lengkap,C3,,,tinggi,,,,,,,KLS,KLS,?,PABRIK,RGB,RGB,N,N,Y,Y,"The FFB was placed in the FFB grading machine and images were taken from the side of the FFB. || Digital images were captured from overall 30 bunches under each category (underipe and ripe) using a GigE camera. || The classification shows that the accuracy for underipe is 60% because of four incorrect classifications and for ripe, the accuracy is 80% because of two incorrect classifications.","Singkatan HSI pada judul berarti hue, saturation, intensity (model warna dari citra RGB), bukan hyperspectral imaging. Citra diambil di mesin grading tertutup, 60 tandan, satu citra sisi per tandan; hasil utama di h. 9 (Gambar 7)."
2348,taparugssanagorn2015non,2015,A non-destructive oil palm ripeness recognition system using relative entropy,sama,,abstrak,C3,,abstrak,C3,,,tinggi,,,,,,,KLS,KLS,?,?,RGB,RGB,N,N,Y,Y,This paper introduces a relative entropy based image processing approach for the non-destructive prediction of the maturity of oil palm fresh fruit bunches (FFB) || The results of an experimental study of applying the Kullback–Leibler distance to the problem of oil palm classification are presented.,Abstrak tidak menyebut lokasi pengambilan citra maupun angka akurasi.
2358,pamornnak2015oil,2015,Oil content determination scheme of postharvest oil palm for mobile devices,sama,per_kelas,abstrak,C3,,abstrak,C3,,,sedang,,,,,,,MUTU,MUTU,PABRIK,PABRIK,RGB,RGB,N,N,N,Y,"a simple scheme based on an image processing technique for determining oil content in postharvest oil palm (Elaeis guineensis Jacq.), implemented for a mobile device, is proposed. || The scheme has three main algorithms for colour correction, classification and oil extraction rate (OER) determination. || tested with 64 oil palm fruit samples. Compared with the standard Soxhlet extraction measurement, the scheme achieves a mean error of OER 2.20",Citra pascapanen sawit untuk klasifikasi dan estimasi kadar minyak (OER) dengan kamera ponsel. Abstrak tidak menyatakan lokasi pengambilan citra; PABRIK dipilih karena sampel pascapanen dibandingkan dengan ekstraksi Soxhlet di laboratorium. Abstrak tidak menjelaskan apakah sampel berupa tandan atau buah lepas.
2369,cherie2015advance,2015,Advance models for camera-vision based oil content prediction of intact oil palm fruits (Elaeis Guineensis Jacq) on trees with nondestructive evaluation,sama,modalitas,abstrak,C3,,abstrak,C3,,,tinggi,,,,,,,MUTU,MUTU,POHON,POHON,RGB,RGB+NIR,N,N,N,N,"FFB samples were recorded from various distance (2, 7, and 10 m) with different lighting spectrums and configurations (Ultraviolet: 280-380nm, Visible: 400-700nm, and Infrared: 720-1100nm) || four models were successfully developed to predict intact FFB’s OC, based on its images’ color features","Modalitas mencakup pencahayaan UV, tampak, dan inframerah; kode RGB+NIR dipilih sebagai yang terdekat (UV tidak tersedia dalam daftar). Perekaman dari beberapa jarak dipakai untuk model terpisah, bukan digabung per tandan, sehingga multipandang N. Keluaran berupa kadar minyak (regresi), bukan kelas."
2388,alfatni2014oil,2014,Oil palm fruit maturity classification based on texture feature extraction of fruit thorns and supervised machine learning classifiers using image processing technique,sama,,judul,C3,,abstrak (web),C3,,,tinggi,,,,,,,KLS,KLS,?,?,RGB,RGB,N,N,Y,Y,"[parafrasa web] Penilaian otomatis kematangan TBS kelapa sawit dengan pengolahan citra digital berbasis fitur tekstur Gabor, GLCM, dan BGLAM serta pengklasifikasi KNN dan ANN. || [parafrasa web] GLCM dengan ANN memberi klasifikasi terbaik 91,3%; sistem waktu nyata dengan BGLAM dan ANN mencapai akurasi 93% dan waktu olah 0,40 detik.","Abstrak asli tidak diperoleh; hanya parafrasa hasil pencarian. Lokasi pengambilan citra tidak dinyatakan dalam ringkasan (sistem penilaian mutu tandan, kemungkinan sesudah panen)."
2391,makky2014automatic,2014,Automatic non-destructive quality inspection system for oil palm fruits,sama,tugas,abstrak,C3,,teks lengkap,C3,,,tinggi,,,,,,,KLS,MUTU,PABRIK,PABRIK,RGB,RGB,N,N,Y,Y,"an automatic inspection machine for examining ripeness fraction, oil content and free fatty acid of oil palm fresh fruits bunch was developed and tested through a series of field tests. || The best prediction accuracy (R2) of ripeness model is 93.5% with SEP of 0.065. || The inspection chamber dimensions and conveyor belt speed, as well as the procedure of feeding FFB onto the machine, ensure that only one FFB enters the chamber at a time.","Tugas ganda: klasifikasi fraksi kematangan (KLS) serta estimasi kandungan minyak dan asam lemak bebas (MUTU); MUTU dipilih karena dua dari tiga keluaran adalah mutu kimia dan mesin memisahkan tandan menurut ketiganya. Satu citra per tandan di ruang inspeksi konveyor, 180 sampel. Hasil utama pada Tabel 4, h. 8."
2405,alfatni2014oilb,2014,Oil palm fresh fruit bunch ripeness classification based on rule-based expert system of ROI image processing technique results,sama,,abstrak,C3,,abstrak,C3,,,tinggi,,,,,,,KLS,KLS,?,?,RGB,RGB,N,N,Y,Y,a new approach was developed under the name of expert rules-based systembased on the image processing techniques results of thethree different oil palm FFB region of interests (ROIs) || the best rule-based ROIs for statistical colour feature extraction with k-nearest neighbors (KNN) classifier at 94% were chosen,"Abstrak tidak menyebut lokasi pengambilan citra; konteks penjualan TBS ke pabrik mengarah ke PABRIK, tetapi tidak dinyatakan. Tiga ROI berasal dari citra yang sama sehingga multipandang N."
2406,makky2014situ,2014,In situ quality assessment of intact oil palm fresh fruit bunches using rapid portable non-contact and non-destructive approach,sama,,abstrak,X,E6,abstrak,X,E6,,sedang,,,,,,,,,,,,,,,,,"portable VIS/NIR spectrometer was employed to rapidly measure quality of oil palm FFB on-site, by means of non-contact and non-destructive approach || A mean-normalized method was used in pre-processing the bunch’s spectral reflectance data within 400–1000nm range using 10nm intervals.","Spektrometer VIS/NIR portabel adalah spektroskopi titik, bukan sensor pencitraan, sehingga E6. Bila protokol memperlakukan semua pengindraan non-RGB tandan sawit sebagai C3 (tugas SENSOR), kajian ini dapat masuk C3."
2409,bensaeed2014oil,2014,Oil palm fruit grading using a hyperspectral device and machine learning algorithm,sama,tugas;lokasi(isi),abstrak,C3,,teks lengkap,C3,,,tinggi,,,,,,,SENSOR,KLS,?,PABRIK,HSI,HSI,N,N,Y,Y,a hyperspectral-based system was introduced to detect the ripeness of oil palm fresh fruit bunches (FFB) || The camera and spectrograph were used to scan the oil palm fruit line by line as the conveyer moved the oil palm fruit through the field of view || Illumination lights [...] are especially designed for indoor laboratory diffuse reflectance measurements,"Klasifikasi kematangan tiga kelas dengan pencitraan hiperspektral 400-1000 nm di laboratorium (tandan di atas konveyor pemindai). Tugas juga dapat dibaca sebagai SENSOR karena modalitasnya non-RGB; KLS dipilih karena keluaran utamanya kelas kematangan (AUC 94,54-98,67)."
2410,kassim2014oil,2014,Oil palm fruit classifications by using near infrared images,sama,tugas,abstrak,C3,,abstrak,C3,,,sedang,,,,,,,SENSOR,KLS,POHON,POHON,MSI,MSI,N,N,Y,Y,The images of the above FFB samples were taken at the field by using multispectral camera. These images were processed and Near Infrared (NIR) hue value was extracted as the maturity feature. || A relationship between images data of NIR and microstrip sensor data was developed to determine the maturity stages.,Tugas dapat juga dikodekan SENSOR karena kajian menilai modalitas NIR terhadap sensor microstrip. Lokasi POHON disimpulkan dari pengambilan citra di lapangan pada 50 pohon; abstrak tidak menyatakan apakah tandan masih di pohon.
2429,alfatni2013recognition,2013,Recognition system of oil palm fruit bunch types based on texture feature and image processing techniques,sama,,judul,C3,,judul,C3,,,sedang,,,,,,,KLS,KLS,?,?,RGB,RGB,N,N,Y,Y,,"Abstrak tidak ditemukan. Judul menyatakan pengenalan tipe tandan buah sawit dengan fitur tekstur dan pengolahan citra, sehingga kode C3 tidak meragukan; rincian lokasi, modalitas, dan jumlah pandangan adalah dugaan dari judul."
2431,amosh2013adaptive,2013,Adaptive region growing for automated oil palm fruit quality recognition,sama,,judul,C3,,abstrak (web),C3,,,sedang,,,,,,,KLS,KLS,?,?,RGB,RGB,N,N,Y,Y,the main goal of this study is to improve the seed region growing algorithm in order to gain higher accuracy in segmenting color information for oil palm fruit image || The data sample consists of 80 images which comprises and two ripeness classes (ripe and unripe) || The proposed work has out-performed the k-mean clustering method with 86% and 80% of average accuracy rates correspondingly,"Kutipan verbatim dari abstrak di halaman Springer. Abstrak tidak menyebut lokasi pengambilan citra (pohon, tanah, atau pabrik); kontribusi utamanya segmentasi warna dengan n-Seed Region Growing untuk dua kelas kematangan."
2434,alfatni2013oil,2013,"Oil palm fruit ripeness grading system based on Basic Gray Level Aura Matrix feature extraction and support vector machine, K nearest neighbourhood and artificial Neural Network supervised machine learning",sama,,judul,C3,,abstrak (web),C3,,,tinggi,,,,,,,KLS,KLS,?,?,RGB,RGB,N,N,Y,Y,"[parafrasa web] Kajian menilai tandan buah segar sawit secara otomatis dengan pengolahan citra digital berbasis fitur tekstur BGLAM dan pengklasifikasi SVM, KNN, dan ANN. || [parafrasa web] Hasil ROC dan AUC menunjukkan BGLAM dengan SVM mencapai akurasi 92%, lebih tinggi daripada KNN dan ANN yang masing-masing 82%.",Lokasi pengambilan citra tidak disebut dalam ringkasan web; kemungkinan citra tandan di laboratorium atau pabrik.
2450,makky2013development,2013,Development of an automatic grading machine for oil palm fresh fruits bunches (FFBs) based on machine vision,sama,,abstrak,C3,,abstrak,C3,,,tinggi,,,,,,,KLS,KLS,PABRIK,PABRIK,RGB,RGB,N,N,Y,Y,"an automatic grading machine for oil palm fresh fruits bunch (FFB) is developed based on machine-vision principles of non-destructive analytical grading || Group classification of FFBs resulted average success rate of 93.53% with SEC of 0.4835 and SEP of 0.5165, while fraction classification had average success rate of 88.7%. || FFBs orientation on conveyor belt showed no influence on the sorting result","Selain klasifikasi fraksi kematangan, kajian juga mengestimasi berat tandan (tugas MUTU, R2 rata-rata 81,39%). Modalitas RGB diasumsikan dari istilah machine vision."
2459,haron2012white,2012,White LED illumination for improving outdoor image analysis for palm oil fruit ripeness detection,sama,per_kelas,judul,C3,,abstrak (web),C3,,,sedang,,,,,,,KLS,KLS,POHON,?,RGB,RGB,N,N,Y,N,This study presents a novel method for controlling the effect of outdoor illumination on object color hues by using an external white LED illumination to adapt to changing outdoor illumination. || This suggests that the external white LED illumination provided a color correction effect against gradual illumination changes in outdoor application. || [parafrasa web] Haron dkk. (2012) memakai tiang dengan kamera dan LED putih untuk mengurangi perubahan rentang hue citra tandan sawit di luar ruang.,"Abstrak (OpenAlex) hanya melaporkan perbandingan kurva hue dengan dan tanpa LED pada jam berbeda; tidak ada akurasi klasifikasi kematangan, sehingga kelayakan berada di batas (kajian akuisisi/pencahayaan untuk deteksi kematangan TBS). Tugas KLS dipilih sebagai yang terdekat. Lokasi tidak dinyatakan; susunan tiang-kamera mengisyaratkan tandan di pohon. Citra pada jam berbeda adalah perbandingan kondisi cahaya, bukan multipandang."
2461,mohamad2012exploiting,2012,Exploiting suitable color model for ripeness identification,sama,,judul,C3,,abstrak (web),C3,,,sedang,,,,,,,KLS,KLS,?,?,RGB,RGB,N,N,Y,Y,"[parafrasa web] This paper aims to propose a suitable color model for oil palm fruit ripeness identification; two color models are experimented, RGB and HSV. || [parafrasa web] HSV color model proved to be the best color model for oil palm ripeness identification, in line with the MPOB color definition.","Abstrak OpenAlex tidak menyebut lokasi pengambilan citra, jumlah citra, maupun angka akurasi; konteksnya penilaian di pabrik, tetapi lokasi tidak dinyatakan. Tidak jelas apakah objek citra berupa tandan utuh atau buah lepas."
2466,fadilah2012oil,2012,Oil palm fresh fruit bunch ripeness classification using artificial neural network,sama,,abstrak,C3,,abstrak,C3,,,tinggi,,,,,,,KLS,KLS,?,?,RGB,RGB,N,N,Y,Y,"This paper presents the ripeness classification of oil palm fresh fruit bunch (FFB) using artificial neural network (ANN). || A total of 80 oil palm FFB samples from unripe, underripe, ripe and overripe categories were collected. Images of oil palm FFB were obtained using a color digital camera","Abstrak tidak menyebut lokasi pemotretan (sampel tandan dikumpulkan, kemungkinan sudah dipanen) dan tidak menyebut jumlah citra per tandan."
2468,fadilah2012intelligent,2012,Intelligent color vision system for ripeness classification of oil palm fresh fruit bunch,sama,lokasi(isi);multipandang,abstrak,C3,,teks lengkap,C3,,,sedang,,,,,,,KLS,KLS,?,TANAH,RGB,RGB,N,Y,Y,Y,"For this work, researchers managed to get 80 FFBs cut-off, with equal numbers for each ripeness class. || At most, four color images were captured for each FFB at different areas of the bunch. The total images taken from 80 FFBs were 208 images. || By using only 6 features, MLP managed to classify the ripeness of oil palm FFB with 93.33% correct classification.","Klasifikasi empat kelas kematangan dari histogram hue dengan MLP dan PCA. Tandan sudah dipotong dan dipotret di luar ruangan dengan cahaya alami; lokasi persis tidak dinyatakan (bukan pabrik), sehingga TANAH adalah pilihan terdekat. Sampai empat citra per tandan diambil, tetapi tiap citra diklasifikasi sendiri dan dibagi acak ke set latih/uji; multipandang Y hanya mencerminkan akuisisi, tidak ada penggabungan pandangan."
2483,kassim2012oil,2012,Oil palm fresh fruit bunches (FFB) growth determination system to support harvesting operation,sama,tugas;multipandang;per_kelas,judul,C3,,abstrak (web),C3,,,sedang,,,,,,,?,KLS,POHON,POHON,?,RGB,N,Y,N,Y,"[parafrasa web] The development of FFB from the anthesis to harvesting stage was monitored by using a handy digital camera; images were processed to extract the color that represents the maturity stages. || [parafrasa web] Hue based models has a coefficient of determination, R2 = 0.92 in determining the maturity stages of FFB taken from oil palm tree.","Tandan yang sama dipotret berulang dari antesis sampai panen, sehingga multipandang diisi Y (kunjungan ulang), tetapi pengamatan tidak digabung untuk mencacah atau menautkan tandan, sehingga bukan C1. Keluaran berupa tahap kematangan kontinu (model hue), bukan kelas diskret yang tegas; per_kelas Y bersifat longgar."
2494,sun2026maturity,2026,Maturity-aware fruit detection in real orchard scenes using super-resolution enhanced YOLOv13n,beda,grup,judul,X,E5,judul,C4,,,rendah,,,,,,,,,,,,,,,,,,"Abstrak tidak ditemukan. Judul menunjukkan deteksi buah di kebun dengan atribut kematangan dari citra tunggal (YOLOv13n dengan super-resolusi); tidak diketahui apakah pencacahan dilaporkan. Bila hanya deteksi per kelas tanpa pencacahan, kode kelompok yang paling dekat tetap C4."
2495,cui2026yolo12,2026,YOLO12-SDS: an enhanced lightweight model for accurate and real-time fig maturity detection,beda,grup,abstrak,X,E5,abstrak,C4,,,sedang,,,,,,,,,,,,,,,,,"this study takes YOLO12n as the baseline model and proposes a lightweight detection model named YOLO12-SDS for fig ripeness grading. || This study provides a technical solution with high precision, strong real-time performance and favorable deployment adaptability for fig ripeness grading in greenhouse facilities",Deteksi kematangan buah ara di rumah kaca dari citra tunggal; tidak ada pencacahan. C4 dipilih sebagai kode terdekat untuk deteksi beratribut kelas. Abstrak tidak menyatakan secara eksplisit bahwa buah masih di pohon; hal itu disimpulkan dari konteks rumah kaca.
2498,li2026seeing,2026,Seeing the Unseen: RCPNet’s Dual Strategy for Occluded and Similar-Color Sweet Persimmon Detection in Dense Canopies,beda,grup,abstrak,X,E5,abstrak,C4,,,sedang,,,,,,,,,,,,,,,,,"For distinguishing fruits at different ripening stages that share similar colors, a Parallelized Patch-aware Attention (PPA) detection head is adopted. || Experiments on sweet persimmon images show that RCPNet improves mean Average Precision (mAP) by 2.7 percentage points and mAP@0.5:0.95 by 3.7 percentage points over the baseline, reaching 93.6% detection accuracy for immature fruits.","Deteksi citra tunggal dengan atribut kelas kematangan; abstrak tidak menyebut pencacahan. Dikodekan C4 karena protokol memasukkan deteksi dengan atribut kelas; bila C4 mensyaratkan pencacahan eksplisit, alternatifnya X dengan alasan E5."
2499,lu2026cice,2026,CICE-YOLO: An improved YOLO-based network for tomato ripeness detection in Greenhouse,beda,grup,abstrak,X,E5,abstrak,C4,,,sedang,,,,,,,,,,,,,,,,,"Accurate and efficient tomato ripeness detection is essential for automated harvesting and yield estimation in greenhouse environments. || demonstrate that CICE-YOLO achieves an mAP50 of 85.9%, showing a 4.2 percentage points improvement over the baseline.","Deteksi tomat di tanaman dengan atribut kelas kematangan dari citra tunggal; abstrak hanya melaporkan mAP50 dan tidak menyebut pencacahan. Dimasukkan sebagai C4 karena protokol memasukkan deteksi dengan atribut kelas; bila C4 mensyaratkan hitungan yang dilaporkan, alternatifnya X/E5."
2501,carella2026large,2026,"Large-scale orange fruit dataset for localization, classification and ripening assessment under varying environments",beda,grup,abstrak,X,E5,abstrak,C4,,,sedang,,,,,,,,,,,,,,,,,"a large-scale on-field orange image collection designed for fruit detection, classification, and ripening assessment in real-world orchard environments || It includes 5025 images captured under diverse weather, lighting conditions, and ripening stages. || recent YOLO models (YOLOv10 and YOLOv11) achieved high detection performance, with mAP@0.5 values close to 0.892","Dataset citra tunggal jeruk di pohon dengan label kematangan dan tolok ukur deteksi; memenuhi kelayakan sebagai deteksi dengan atribut kelas. Abstrak tidak melaporkan evaluasi pencacahan (hanya precision, recall, F1, mAP), sehingga C4 dipilih sebagai kelompok terdekat; bila protokol mensyaratkan pencacahan untuk C4, alternatifnya X dengan alasan E5."
2502,mu2026comparative,2026,A Comparative Benchmark of Real-Time Detectors for Canopy Image-Based Blueberry Detection Toward Precision Orchard Management,beda,grup,abstrak,X,E5,abstrak,C4,,,sedang,,,,,,,,,,,,,,,,,"This dataset contained 661 canopy images collected with smartphones during the 2022–2023 seasons, consisting of 85,879 manually annotated instances (including 36,256 ripe and 49,623 unripe blueberries) || Among the YOLO models, YOLOv12m achieved the best accuracy with a mAP@50 of 93.3%, while RT-DETRv2-X obtained a mAP@50 of 93.6% || [parafrasa web] Status kematangan terdiri atas dua kelas yang dianotasi menurut warna kulit: matang (Blue, 36.256 instans) dan belum matang (Unblue, 49.623 instans).","Deteksi blueberry pada citra kanopi tunggal dengan atribut kelas kematangan (matang/belum matang); evaluasi hanya mAP, tidak ada galat hitung. Dimasukkan karena protokol menerima deteksi dengan atribut kelas; kode C4 dipilih sebagai kelompok terdekat walaupun pencacahan hanya disebut sebagai tujuan penerapan. Bila kelompok C4 mensyaratkan hasil hitung yang dievaluasi, alternatifnya X-E5."
2506,hong2026strawberry,2026,Strawberry Ripeness Cascade Detection Method Based on YOLO v8n seg and Lightweight CNN,sama,alasan,judul,X,E5,abstrak (web),X,E7,,sedang,,,,,,,,,,,,,,,,,"[parafrasa web] Metode kaskade: YOLO v8n-seg yang diringankan dengan GhostNet melokalisasi dan menyegmentasi buah, lalu CNN EfficientNet-Lite mengklasifikasi kematangan potongan buah. || [parafrasa web] Akurasi rata-rata pengenalan kematangan 88,1%, 7,3 x 10^6 parameter, 71,9 f/s; kelas belum matang, peralihan, dan matang; ditujukan bagi sistem visi robot pemetik stroberi.","Artikel terbit di Nongye Jixie Xuebao; halaman penerbit dan abstraknya berbahasa Mandarin, sehingga dikeluarkan dengan alasan E7. Bila bahasa tidak dijadikan alasan, kajian ini tetap hanya mendeteksi dan mengklasifikasi kematangan pada citra tunggal tanpa pencacahan (alternatif E5). Teks lengkap tidak dibaca."
2508,chu2026embedding,2026,Embedding of ripening topology into one-stage detection for tomato cluster phenotyping,beda,grup,abstrak,X,E5,abstrak,C4,,,sedang,,,,,,,,,,,,,,,,,"we propose rank-aware You Only Look Once (YOLO), a novel detection framework that incorporates the biological prior of top-to-bottom ripening within fruit clusters || achieving a height-mean absolute error (H-MAE) of 0.107 (normalized) and a pairwise ranking accuracy (PRA) of 84.59%","Deteksi tomat dengan atribut kematangan dari citra tunggal, dievaluasi melebihi deteksi (galat tinggi relatif dan akurasi peringkat dalam tandan). Abstrak tidak menyebut pencacahan; bila C4 mensyaratkan hitungan secara ketat, alternatifnya X dengan alasan E5."
2512,sudha2026robust,2026,Robust deep learning based fruit recognition system for autonomous harvesting system in complex cashew orchards,beda,grup,abstrak,X,E5,abstrak,C4,,,sedang,,,,,,,,,,,,,,,,,"the suggested model was trained to correctly identify cashew apples at three phases of maturity: immature, unripe, and ripe || With an average inference time of 8 seconds per high-resolution image, the system attained a mean detection accuracy of 92.26%.","Deteksi citra tunggal dengan atribut kelas kematangan; abstrak tidak melaporkan evaluasi pencacahan (estimasi hasil hanya disebut sebagai manfaat). Layak menurut kriteria 'deteksi dengan atribut kelas', dan C4 adalah kode terdekat; alternatifnya X/E5 apabila C4 mensyaratkan pencacahan yang dievaluasi."
2516,qin2026lightweight,2026,A lightweight strawberry ripeness detection algorithm based on improved YOLOv5s,beda,grup,judul,X,E5,judul,C4,,,rendah,,,,,,,,,,,,,,,,,,"Abstrak tidak ditemukan. Judul menunjukkan deteksi stroberi dengan atribut kelas kematangan pada citra tunggal, sehingga layak menurut protokol dan paling dekat dengan C4; penghitungan tidak dapat dipastikan dari judul. Jurnal berbahasa Mandarin: apabila teks lengkap hanya tersedia dalam bahasa Mandarin, alasan pengecualian E7 dapat berlaku; apabila tidak ada penghitungan, E5 juga dapat dipertimbangkan."
2518,liu2026yolov8n,2026,YOLOv8n-SLW: A Lightweight Ripe Yellow Peach Detection Algorithm,sama,,abstrak,X,E5,abstrak,X,E5,,tinggi,,,,,,,,,,,,,,,,,a novel lightweight ripe yellow peach detection algorithm based on architectural optimizations of YOLOv8n is proposed to meet the real‐time detection requirements of automated harvesting robots || the mean Average Precision (mAP) and recall of 95.49% and 90.56% were achieved,"Deteksi satu kelas (persik kuning matang) untuk robot panen; tidak ada pencacahan, atribut kelas ganda, pelokalan 3D, atau pengukuran. Evaluasi hanya mAP, recall, parameter, dan FPS."
2521,li2026blueberry,2026,Blueberry Maturity Detection in Natural Orchard Environments Using an Improved YOLOv11n Network,beda,grup,abstrak,X,E5,abstrak,C4,,,sedang,,,,,,,,,,,,,,,,,"an improved lightweight detection network, termed M-YOLOv11n, for fast and accurate blueberry maturity detection in complex natural environments || the proposed model attains 97.0% mAP50 on the validation set || supports early yield estimation in complex field environments","Deteksi citra tunggal dengan atribut kelas kematangan; pencacahan tidak dievaluasi dan estimasi hasil hanya disebut sebagai kegunaan. C4 dipilih karena kriteria kelayakan menerima deteksi dengan atribut kelas; apabila C4 mensyaratkan pencacahan yang dievaluasi, kodenya X/E5."
2524,shao2026device,2026,From on-device vision to assisted harvesting: A lightweight real-time ripeness evaluation system for truss-harvested cherry tomatoes on augmented reality glasses,beda,grup,abstrak,X,E5,abstrak,C4,,,sedang,,,,,,,,,,,,,,,,,a practical weighted grading strategy is introduced to map fruit-level recognition results to a five-grade (A-E) truss maturity index || The proposed system achieves a truss-level maturity assessment accuracy of 95.26% with 100% adjacent-tolerance accuracy,"Deteksi buah tomat ceri pada tanaman dengan kelas kematangan, lalu agregasi berbobot per tandan dari citra tunggal; pencacahan per kelas hanya tersirat dalam strategi pembobotan dan tidak dilaporkan sebagai hasil hitung. Tidak ada asosiasi antarbingkai yang disebut dalam abstrak. Alternatif apabila pencacahan disyaratkan: X/E5."
2526,zhang2026tomato,2026,Tomato Ripeness Grading Detection Method Based on Color Feature Quantification and Improved YOLO v8,sama,alasan,judul,X,E5,abstrak (web),X,E7,,sedang,,,,,,,,,,,,,,,,,"[parafrasa web] Halaman penerbit (j-csam.org) menandai bahasa artikel sebagai cn; judul dan abstrak utama berbahasa Mandarin, hanya judul dan kata kunci yang diterjemahkan ke bahasa Inggris. || [parafrasa web] Model YOLO v8_BFS (BiFPN, SE, Focal SIoU) mengenali lima tingkat kematangan tomat pada citra alami; mAP 94,10%, naik 3,0 poin persentase dari YOLO v8.","Artikel berbahasa Mandarin (Nongye Jixie Xuebao) sehingga E7. Bila bahasa tidak menjadi alasan, isinya adalah deteksi tomat di tanaman dengan lima kelas kematangan tanpa pencacahan: C4 bila deteksi beratribut kelas diterima, atau E5 bila pencacahan disyaratkan."
2542,gan2025real,2025,Real-time lightweight strawberry ripeness detection framework based on YOLO11 deployed on edge computing platform,beda,grup,judul,X,E5,abstrak (web),C4,,,sedang,,,,,,,,,,,,,,,,,"a lightweight real-time strawberry ripeness detection algorithm, SR-YOLO, is proposed based on the YOLO11 framework || A large-scale, complex dataset is constructed, comprising 14,300 images and over 65,000 annotated strawberry instances, to evaluate the model. || the enhanced model achieves a precision of 91.3% and an mAP50 of 92.1%","Deteksi stroberi dengan atribut kematangan dari citra tunggal; abstrak tidak melaporkan pencacahan, hanya metrik deteksi. Dikodekan C4 karena protokol memasukkan deteksi beratribut kelas; bila pencacahan diwajibkan untuk C4, alternatifnya X dengan alasan E5."
2545,gao2025yolov8n,2025,YOLOv8n-FDE: An Efficient and Lightweight Model for Tomato Maturity Detection,sama,,abstrak,X,E5,abstrak,X,E5,,sedang,,,,,,,,,,,,,,,,,"this study proposes a lightweight tomato maturity detection model, YOLOv8n-FDE. Four maturity stages are defined: mature, turning-mature, color-changing, and immature. || The model attains an mAP@0.5 of 97.6%","Deteksi kematangan tomat dari citra tunggal RGB yang hanya dievaluasi dengan mAP; tidak ada pencacahan, sehingga tidak memenuhi C4. Protokol menyebut deteksi dengan atribut kelas sebagai layak, tetapi tidak ada kode kelompok yang cocok tanpa pencacahan."
2549,zhao2025intelligent,2025,Intelligent Detection of Tomato Ripening in Natural Environments Using YOLO-DGS,beda,grup,abstrak,X,E5,abstrak,C4,,,sedang,,,,,,,,,,,,,,,,,"To achieve accurate detection of tomato fruit maturity and enable automated harvesting in natural environments, this paper presents a more lightweight and efficient maturity detection algorithm, YOLO-DGS || Experimental results demonstrate that the improved YOLO-DGS model achieves a 2.6% increase in F1 score, 2.1% in recall, 2% in mAP50, and 1% in mAP50-95.","Deteksi tomat di tanaman dengan atribut kelas kematangan dari citra tunggal, sehingga memenuhi kelayakan (deteksi dengan atribut kelas). Abstrak tidak melaporkan pencacahan; C4 dipilih sebagai kelompok terdekat. Bila C4 mensyaratkan pencacahan secara ketat, alternatifnya X dengan alasan E5."
2552,xi2025tomato,2025,Tomato Maturity Detection Method Based on Lightweight YOLO v5s MCA,beda,grup,judul,X,E5,abstrak (web),C4,,,sedang,,,,,,,,,,,,,,,,,"a lightweight YOLO v5s-MCA model for tomato ripeness detection was proposed. The model categorized tomato ripeness into four distinct stages: mature, turning mature, color transition, and immature. || The model achieved a precision of 92.8% and a mean average precision (mAP) of 95.1%","Deteksi dengan atribut kelas kematangan (4 tingkat) pada citra tunggal; abstrak tidak melaporkan pencacahan, sehingga C4 dipilih karena kriteria kelayakan menerima deteksi beratribut kelas, tetapi E5 dapat diperdebatkan. Jurnal ini terbit dalam bahasa Tionghoa dengan abstrak bahasa Inggris; bila E7 diterapkan pada bahasa teks lengkap, rekaman ini menjadi X/E7."
2556,choudhary2025innovative,2025,Innovative Approach to Enhancing Through Heterogeneous Context-Aware Graph Convolutional Networks for Accurate Ripeness Detection and Yield Estimation with Comprehensive Performance Metrics Evaluation,sama,alasan,judul,X,E5,abstrak (web),X,E2,,rendah,,,,,,,,,,,,,,,,,"Fruit quality enhancement plays a vital role in wild blueberry cultivation. Fruit quality decreased after mechanical harvesting due to plant detritus such as leaves and stems. || [parafrasa web] Regresor bertumpuk dua lapis (LGBM, GBR, XGBoost; Ridge) dengan R2 0,984 dan RMSE 179,898; akurasi klasifikasi 87,9%-98,3% per lahan.","Hanya potongan awal abstrak yang terbaca. Isinya tentang mutu blueberry liar sesudah panen mekanis dan regresi tabular, tanpa tanda deteksi atau pencacahan buah di tanaman dari citra; E3 juga mungkin. Perlu teks lengkap untuk kepastian."
2558,gao2025yolov8nb,2025,YOLOv8n-CA: Improved YOLOv8n Model for Tomato Fruit Recognition at Different Stages of Ripeness,sama,,abstrak,X,E5,abstrak,X,E5,C4,sedang,,,,,,,,,,,,,,,,,"we propose a novel YOLOv8n-CA method for tomato maturity recognition, which defines four maturity stages: unripe, turning color, turning ripe, and fully ripe || The model achieved a mean average precision (mAP) of 97.3%.","Deteksi empat kelas kematangan dari citra tunggal, dievaluasi hanya dengan mAP dan ukuran model; tidak ada pencacahan. Protokol menyebut 'deteksi dengan atribut kelas' sebagai layak, tetapi C4 mensyaratkan pencacahan; karena itu dipilih E5 dengan C4 sebagai alternatif apabila deteksi berkelas tanpa hitungan dianggap masuk."
2560,alkhudaydi2025detecting,2025,Detecting Raspberry Ripeness Across Different Growth Stages Using YOLOv8,beda,grup,judul,X,E5,abstrak (web),C4,,,sedang,,,,,,,,,,,,,,,,,"This study presents a comprehensive analysis of four YOLOv8 variations to identify and locate raspberries by their ripeness levels. || The YOLOv8l model emerged as the accurate among them achieving the mAP50 and mAP50 95 scores at 78.6% and 47.5%, respectively.","Deteksi dengan atribut kelas kematangan pada citra tunggal (RaspberrySet); abstrak tidak menyebut pencacahan, sehingga C4 dipilih sebagai kelompok terdekat untuk deteksi beratribut kelas. Bila C4 mensyaratkan cacah eksplisit, alternatifnya X/E5."
2561,senturk2025integrating,2025,Integrating Advanced Attention Mechanisms into YOLO11 for Accurate Blueberry Fruit Detection,beda,grup,abstrak,X,E5,abstrak,C4,,,sedang,,,,,,,,,,,,,,,,,"improve the detection accuracy for three classes of blueberry maturity (fully ripe, half-ripe, and unripe) || a dataset of 8000 images (6000 for training and 2000 for testing) captured under normal daylight orchard environments, yielding 141312 bounding boxes","Deteksi citra tunggal dengan tiga kelas kematangan; pencacahan tidak dievaluasi. C4 dipilih karena kriteria kelayakan menerima deteksi dengan atribut kelas; apabila C4 mensyaratkan pencacahan yang dievaluasi, kodenya X/E5."
2565,zhang2025tomato,2025,Tomato Maturity Detection Method Based on Visual and Haptic Double Transfer Learning,sama,alasan,judul,X,E5,abstrak (web),X,E7,,sedang,,,,,,,,,,,,,,,,,a tomato ripeness detection method based on visual-haptic dual migration learning was proposed || experimental studies on a newly developed visual and tactile dataset were conducted || the ripeness AUC score reached 0.977 3,"Artikel Nongye Jixie Xuebao berbahasa Mandarin dengan abstrak Inggris. Dari sisi isi pun kajian ini adalah klasifikasi kematangan per buah dengan fusi citra dan sensor taktil untuk pemetikan, tanpa pencacahan (mendekati E5/E4). Bahasa teks lengkap didasarkan pada halaman penerbit, bukan pada PDF."
2566,wang2025scs,2025,SCS-YOLO: A Lightweight Embedded DeepLearning Method for Tomato Fruit Maturity Detection Based on YOLOv11,beda,grup,abstrak,X,E5,abstrak,C4,,,rendah,,,,,,,,,,,,,,,,,"a self-constructed dataset, comprising 13,649 images collected under two lighting conditions, two types of occlusion and three stages of ripeness || The model achieves a mean average precision (mAP) of 96.0%, with only a 0.6% drop compared to the baseline.","Deteksi tomat dengan atribut kelas kematangan dari citra tunggal; abstrak tidak melaporkan pencacahan, sehingga C4 dipilih sebagai kelompok terdekat untuk deteksi beratribut kelas. Alternatif: X dengan alasan E5. Abstrak juga tidak menegaskan bahwa buah masih berada di tanaman."
2567,rojas2025yolo,2025,YOLO Approaches in Cherry Color Detection and Classification,beda,grup,abstrak,X,E5,abstrak,C4,,,sedang,,,,,,,,,,,,,,,,,This work evaluated the effectiveness of four YOLO versions using the Cherry CO dataset. The results highlight the YOLO11m model that balances precision and recall. || detect cherries in natural environments and classify them into different stages of ripeness based on color,"Deteksi ceri di pohon dengan atribut kelas kematangan dari citra tunggal; abstrak tidak menyebut pencacahan. Dikodekan C4 karena protokol memasukkan deteksi beratribut kelas; bila pencacahan disyaratkan secara ketat, alternatifnya X/E5."
2573,yue2025apple,2025,Apple detection in complex orchard environments based on improved ＹOLOv8,sama,,judul,X,E5,abstrak (web),X,E5,,sedang,,,,,,,,,,,,,,,,,"[parafrasa web] Model deteksi buah apel berbasis YOLOv8 yang diperbaiki untuk robot pemetik pada lingkungan kebun yang kompleks (pencahayaan berbeda, oklusi daun, buah rapat, jarak jauh). || [parafrasa web] Pada himpunan uji, presisi 86,1%, recall 89,2%, mAP0.5 94,0%, mAP0.5-0.95 64,4%, dan F1 87,6%.","Hanya deteksi apel yang dievaluasi; tidak ada pencacahan, atribut kelas yang dilaporkan, pelokalan 3D, atau pengukuran. Naskah berbahasa Tionghoa, sehingga E7 juga berlaku bila didasarkan pada bahasa teks lengkap. Bukti berasal dari parafrasa hasil pencarian, bukan abstrak verbatim."
2588,wang2024strawberry,2024,Strawberry Detection and Ripeness Classification Using YOLOv8+ Model and Image Processing Method,beda,grup,abstrak,X,E5,abstrak,C4,,,sedang,,,,,,,,,,,,,,,,,"the YOLOv8+ model is proposed for identifying ripe and unripe strawberries and extracting ripe strawberry targets in images || The accuracy of the image processing method for classifying ripe strawberries was 91.91%, FPR was 5.03%, and FNR was 14.28%. || quickly and accurately identify strawberries at different stages of ripeness in a facility environment","Deteksi stroberi di tanaman (lingkungan fasilitas) dengan kelas kematangan dari citra tunggal; yang dihitung adalah piksel merah, bukan jumlah buah. Dikodekan C4 karena protokol memasukkan deteksi beratribut kelas; bila C4 mensyaratkan hitungan buah, alternatifnya X/E5."
2589,wang2024yolo,2024,YOLO-BLBE: A Novel Model for Identifying Blueberry Fruits with Different Maturities Using the I-MSRCR Method,beda,grup,abstrak,X,E5,abstrak,C4,,,sedang,,,,,,,,,,,,,,,,,"This study constructed a YOLO-BLBE (Blueberry) model combined with an innovative I-MSRCR (Improved MSRCR (Multi-Scale Retinex with Color Restoration)) method to accurately identify blueberry fruits with different maturities. || The YOLO-BLBE model achieved an average identification accuracy of 99.58% for mature blueberry fruits, 96.77% for semi-mature blueberry fruits, and 98.07% for immature blueberry fruits.",Deteksi buah di pohon dengan atribut kematangan dari citra tunggal; abstrak tidak melaporkan pencacahan. Dimasukkan karena protokol menerima deteksi dengan atribut kelas; C4 adalah kode terdekat walaupun hitungan tidak dievaluasi.
2590,wang2024nvw,2024,NVW-YOLOv8s: An improved YOLOv8s network for real-time detection and segmentation of tomato fruits at different ripeness stages,beda,grup,judul,X,E5,abstrak (web),C4,,,sedang,,,,,,,,,,,,,,,,,"[parafrasa web] NVW-YOLOv8s adalah jaringan YOLOv8s yang diperbaiki untuk mendeteksi dan menyegmentasi buah tomat secara bersamaan pada berbagai tahap kematangan di lingkungan kompleks. || [parafrasa web] Jaringan mencapai mAP@0.5 deteksi 91,4%, F1 85,4%, mAP@0.5 segmentasi 90,7%, dan kecepatan 60,2 frame per detik.","Deteksi dan segmentasi dengan atribut kelas kematangan dari citra tunggal; parafrasa abstrak tidak menyebut pencacahan. Kode C4 dipilih karena kriteria kelayakan memasukkan deteksi dengan atribut kelas; apabila C4 mensyaratkan pencacahan eksplisit, alternatifnya X dengan alasan E5."
2591,liu2024new,2024,New Progress in Intelligent Picking: Online Detection of Apple Maturity and Fruit Diameter Based on Machine Vision,beda,grup,abstrak,X,E5,abstrak,C5,,,sedang,,,,,,,,,,,,,,,,,the contours of apples are obtained by integrating the dual features of color and depth images within the target boxes acquired using the maturity detection model || Diameter detection achieved a success rate of 93.3% with a real-time detection frame rate of 56 FPS and an average diameter deviation of 0.878 mm for 10 apple targets across three trials.,"Deteksi kematangan per kelas dan pengukuran diameter dengan citra depth (RGB-D), dievaluasi; tidak ada pencacahan sehingga bukan C4. Abstrak tidak menyatakan tegas bahwa buah berada di pohon; konteksnya pemetikan otomatis."
2594,tao2024strawberry,2024,Strawberry Maturity Recognition Based on Improved YOLOv5,beda,grup,abstrak,X,E5,abstrak,C4,,C1,sedang,,,,,,,,,,,,,,,,,"It achieved a 2.8% increase in the mean average precision and a 7.4% increase in accuracy for the strawberry maturity dataset. || we developed a corresponding detection app and combined the algorithm with DeepSort to apply it to patrol robots || can support intelligent estimations of strawberry yield, and can assist picking robots","Kontribusi utama adalah deteksi kematangan stroberi dari citra tunggal; pencacahan tidak dievaluasi di abstrak, sehingga C4 dipilih sebagai kelompok terdekat untuk deteksi beratribut kelas. DeepSort hanya disebut sebagai penerapan pada robot patroli; C1 dicantumkan sebagai kemungkinan dan kode c1 diisi sebatas yang dinyatakan abstrak (DeepSort = M2+M3 menurut konvensi). Teks lengkap tidak dapat diakses untuk memastikan ada tidaknya hitungan per kelas."
2603,wang2024fusion,2024,Fusion of fruit image processing and deep learning: a study on identification of citrus ripeness based on R-LBP algorithm and YOLO-CIT model,beda,grup,abstrak,X,E5,abstrak,C4,,,sedang,,,,,,,,,,,,,,,,,"This study proposed the YOLO-CIT (You Only Look Once-Citrus) model and integrated an innovative R-LBP (Roughness-Local Binary Pattern) method to accurately identify citrus fruits at distinct ripeness stages. || a Precision of 88.13%, a Recall of 93.16%, an F1 score of 90.89, a mAP@0.5 of 85.88%, and 6.1ms of average detection speed for citrus fruit ripeness identification in complex environments","Deteksi buah di pohon dengan atribut kelas kematangan dari citra tunggal; abstrak tidak melaporkan pencacahan, hanya metrik deteksi. Dikodekan C4 karena protokol memasukkan deteksi beratribut kelas; bila C4 mensyaratkan hitungan eksplisit, alternatifnya X/E5."
2606,cabaluna2024computer,2024,Computer-Vision-Based Detection and Monitoring System for Mature Coconut Fruits with a Web Dashboard Visualization Platform,sama,alasan,abstrak,X,E5,teks lengkap (web),X,E2,,sedang,,,,,,,,,,,,,,,,,"Data were acquired by capturing video footage of harvested coconuts from a farm in Barangay Argayoso, Manticao, Misamis Oriental. || The system, limited to experimental use, limits its testing within the laboratory, not yet real-time. || With a Mean Average Precision (mAP50) of 99.5%, mAP50-95 of 89.5%, precision of 99.5%, and recall of 99.9%, the system demonstrated great accuracy.","Abstrak saja mengarah ke deteksi kematangan dengan atribut kelas (C4), tetapi teks lengkap menyatakan citra berasal dari kelapa yang sudah dipanen dan pengujian dilakukan di laboratorium. Dasbor menampilkan jumlah per kelas (Mature/Premature), tetapi hitungan tidak dievaluasi terhadap acuan; hanya metrik deteksi yang dilaporkan."
2608,sun2024detecting,2024,Detecting Tomato Fruit Ripeness and Appearance Quality Based on Improved YOLOv5s,sama,alasan,judul,X,E5,abstrak (web),X,E7,,sedang,,,,,,,,,,,,,,,,,"[parafrasa web] Artikel terbit di Acta Horticulturae Sinica 51(2): 396-410 dengan judul asli berbahasa Tionghoa; hanya abstrak yang tersedia dalam bahasa Inggris. || [parafrasa web] Sebanyak 2.036 citra tomat merah muda diperbanyak menjadi 5.316; model SC-YOLOv5s-lite mencapai presisi 89,04%, recall 83,35%, dan rerata akurasi 91,34%.","Bahasa teks lengkap disimpulkan dari jurnal dan judul asli berbahasa Tionghoa, tidak diperiksa langsung. Apabila teks ternyata berbahasa Inggris, artikel tetap dikeluarkan dengan alasan E5 (deteksi kematangan dan mutu tanpa pencacahan) atau E2 apabila citranya pascapanen."
2619,huang2023recognizing,2023,Recognizing and detecting the strawberry at multi-stages using improved lightweight YOLOv5s,sama,alasan,judul,X,E5,abstrak (web),X,E7,,sedang,,,,,,,,,,,,,,,,,"[parafrasa web] Abstrak penerbit berbahasa Mandarin: Mobile-YOLOv5s (MobileNetV3, Alpha-IoU, K-Means++, kepala deteksi tambahan) untuk deteksi stroberi tiap tahap; presisi stroberi matang 99,5%, mAP 99,4%, 44 frame/s. || [parafrasa web] Tujuan yang dinyatakan adalah dukungan pemetikan stroberi cerdas; tidak ada pencacahan.","Halaman penerbit (tcsae.org) menampilkan artikel berbahasa Mandarin; teks lengkap tidak dibuka, sehingga bahasa naskah disimpulkan dari halaman penerbit. Apabila bahasa tidak dijadikan alasan, kajian ini adalah deteksi dengan kelas kematangan tanpa pencacahan (E5 atau C4 bergantung pada tafsir protokol)."
2623,li2023pineapple,2023,Pineapple Maturity Analysis in Natural Environment Based on MobileNet V3-YOLOv4,sama,alasan,abstrak,X,E5,abstrak,X,E7,C4,sedang,,,,,,,,,,,,,,,,,"the photos of pineapple with different maturity were marked, and the labels were divided into yellow ripeness and green ripeness || The results showed that MobileNet V3-YOLOv4 achieved an mAP of 90.92%, which was 5.28% higher than YOLOv4 and 3.67% higher than YOLOv3.","Halaman penerbit menyatakan bahasa artikel zh (Smart Agriculture/智慧农业); hanya abstrak yang berbahasa Inggris. Dari sisi isi, kajian ini adalah deteksi kematangan nanas di lahan pada citra tunggal (setara C4, tanpa pencacahan eksplisit). Teks lengkap tidak dibuka, sehingga bahasa didasarkan pada metadata penerbit."
2629,lai2023pineapple,2023,A Pineapple Target Detection Method in a Field Environment Based on Improved YOLOv7,beda,grup,abstrak,X,E5,abstrak,C4,,,sedang,,,,,,,,,,,,,,,,,The accurate detection of pineapples of different maturity levels in a complex field environment is the key step to achieving the early yield estimation and mechanized picking || to achieve the accurate detection and maturity classification of pineapples in the field || The maturity classification accuracy of the model and the detection performance under six different field scenarios were analyzed quantitatively,"Deteksi per citra dengan atribut kelas kematangan; abstrak tidak melaporkan pencacahan. Dimasukkan sebagai C4 atas dasar kriteria deteksi dengan atribut kelas; bila C4 mensyaratkan hitungan eksplisit, alternatifnya X/E5."
2633,chen2023assessing,2023,ASSESSING PINEAPPLE MATURITY IN COMPLEX SCENARIOS USING AN IMPROVED RETINANET ALGORITHM,beda,grup,abstrak,X,E5,abstrak,C4,,,sedang,,,,,,,,,,,,,,,,,The ECA attention mechanism was embedded into the classification subnet of RetinaNet to improve accuracy in detecting different levels of maturity in pineapples. || A new pineapple dataset was collected comprising four different growth stages under mild and severe complex scenarios.,"Deteksi nanas di lahan dengan atribut kelas kematangan (empat tahap) dari citra tunggal; abstrak tidak melaporkan pencacahan, hanya mAP dan F1. Dikode C4 karena protokol memasukkan deteksi dengan atribut kelas; apabila C4 mensyaratkan pencacahan eksplisit, alternatifnya X/E5."
2634,xiong2023method,2023,Method of Maturity Detection for Papaya Fruits in Natural Environment Based on YOLO v5-Lite,sama,alasan,judul,X,E5,abstrak (web),X,E7,,sedang,,,,,,,,,,,,,,,,,"[parafrasa web] A method of papaya maturity detection in natural environment was studied based on the lightweight YOLO v5-Lite model. || [parafrasa web] The approach achieved an average precision of 92.4% in recognizing the maturity of papaya fruits on tree in natural environments; 1,386 papaya images; no counting reported.","Jurnal Nongye Jixie Xuebao terbit dalam bahasa Tionghoa dengan abstrak Inggris; bahasa teks lengkap disimpulkan dari jurnal, tidak diperiksa langsung. Bila teks dianggap berbahasa Inggris, kajian ini adalah deteksi kematangan per citra tanpa pencacahan (paling dekat C4)."
2655,li2022real,2022,A Real-Time Detection Algorithm for Sweet Cherry Fruit Maturity Based on YOLOX in the Natural Environment,beda,grup,abstrak,X,E5,abstrak,C4,,,sedang,,,,,,,,,,,,,,,,,"we proposed an improved YOLOX target detection algorithm to quickly and accurately detect sweet cherry ripeness categories in complex environments || we took a total of 2400 high-resolution images of immature, semi-ripe, and ripe sweet cherries in an orchard || Compared with the YOLOX model, the mAP of this method is improved by 4.12%, recall is improved by 4.6%, F-score is improved by 2.34%","Deteksi buah di pohon dengan atribut kelas kematangan dari citra tunggal, sehingga layak menurut protokol; C4 adalah kelompok terdekat. Abstrak hanya melaporkan metrik deteksi (mAP, recall, F-score) dan tidak menyebut pencacahan, sehingga penilai lain dapat membacanya sebagai X/E5."
2656,devanna2022field,2022,In-Field Automatic Identification of Pomegranates Using a Farmer Robot,sama,,abstrak,X,E5,abstrak,X,E5,,sedang,,,,,,,,,,,,,,,,,"This paper presents a semi-supervised deep learning framework for automatic pomegranate detection using a farmer robot equipped with a consumer-grade camera. || The proposed framework allows for accurate segmentation results, achieving an F1-score of 86.42% and IoU of 97.94%, while relieving the burden of manual labeling.","Buah di pohon disegmentasi tetapi tidak dicacah, tidak diberi kelas, dan tidak diukur. Bila teks lengkap ternyata memakai kedalaman kamera untuk lokalisasi, kode dapat bergeser ke C5."
2662,sivaranjani2022overview,2022,An Overview of Various Computer Vision-based Grading System for Various Agricultural Products,sama,,abstrak,X,E2,abstrak,X,E2,,sedang,,,,,,,,,,,,,,,,,"This study mainly focuses on the various post-production activities such as grading, sorting, quality evaluation, monitoring, defects detection, recognition and maturity detection. || This study deals with image processing techniques in agricultural post-production stages.","Dokumen berupa tinjauan, tetapi cakupannya pemutuan dan sortasi pascapanen, bukan buah di pohon; karena itu dikeluarkan dengan E2 dan tidak dikodekan R. Abstrak tidak menyebut pencacahan atau estimasi hasil di lapangan."
2674,wang2021blueberry,2021,Blueberry maturity recognition method based on improved YOLOv4-Tiny,sama,alasan,judul,X,E5,abstrak (web),X,E7,,sedang,,,,,,,,,,,,,,,,,"[parafrasa web] Jaringan YOLOv4-Tiny dengan modul perhatian CBAM diusulkan untuk mengenali buah bluberi di lingkungan alami dan mendeteksi tiga tingkat kematangan; presisi rata-rata 96,24%. || The accurate identification of blueberry fruit maturity is very important for modern automatic picking and early yield estimation.","Jurnal Nongye Gongcheng Xuebao terbit dalam bahasa Tionghoa dengan abstrak bahasa Inggris; bahasa naskah lengkap tidak dapat dipastikan dari web. Isi: deteksi kematangan tiga kelas dari citra tunggal tanpa pencacahan. Bila bahasa tidak dijadikan alasan, kode alternatif adalah C4 (deteksi dengan atribut kelas) atau X dengan E5."
2683,bhargava2021fruits,2021,Fruits and vegetables quality evaluation using computer vision: A review,sama,,abstrak,X,E2,abstrak,X,E2,R,sedang,,,,,,,,,,,,,,,,,"In recent years, various algorithms for sorting and grading are done by various researchers using computer vision. || This paper presents a detailed overview of various methods i.e. preprocessing, segmentation, feature extraction, classification which addressed fruits and vegetables quality based on color, texture, size, shape and defects.","Makalah ini tinjauan, tetapi topiknya sortasi dan penilaian mutu pascapanen, bukan buah di pohon, pencacahan, atau estimasi hasil; karena itu dikeluarkan (E2). Bila protokol menerima semua tinjauan visi komputer buah, kodenya R."
2684,zhang2021high,2021,High-quality coarse-to-fine fruit detector for harvesting robot in open environment,sama,,abstrak,X,E5,abstrak,X,E5,,tinggi,,,,,,,,,,,,,,,,,an improved method is proposed based on coarse-to-fine multitask cascaded convolutional networks (MTCNN) || the improved detector was tested for its performance that proved superior in predicted accuracy and retaining good performances on portability with the low time cost,"Hanya detektor buah untuk robot panen; tidak ada pencacahan, atribut kelas, maupun modalitas kedalaman."
2685,wang2021yolov3,2021,YOLOv3-Litchi Detection Method of Densely Distributed Litchi in Large Vision Scenes,sama,,abstrak,X,E5,abstrak,X,E5,,sedang,,,,,,,,,,,,,,,,,"This paper proposes a YOLOv3-Litchi model based on YOLOv3 to detect densely distributed litchi fruits in large visual scenes. || compared YOLOv3-Litchi with YOLOv2, YOLOv3, and Faster R-CNN on the actual detection effect of litchi and used the F1 value and the average detection time as the assessed value","Deteksi satu kelas pada citra tunggal, dinilai hanya dengan F1 dan waktu deteksi; tidak ada hitungan, atribut kelas, atau modalitas kedalaman. Estimasi hasil hanya disebut sebagai motivasi; bila teks lengkap menilai jumlah buah, kode menjadi C2."
2700,mu2020intact,2020,Intact detection of highly occluded immature tomatoes on plants using deep learning techniques,beda,grup,abstrak,X,E5,teks lengkap (web),C2,,C1,sedang,,,,,,,,,,,,,,,,,"The detection on test dataset achieved high average precision of 87.83% (intersection over union ≥ 0.5) and showed a high accuracy of tomato counting (R2 = 0.87). || all the detected boxes were merged into one image to compile the tomato location map and estimate their size along one row in the greenhouse. || [parafrasa web] Foto bersebelahan dengan tumpang tindih sekitar 0,55 dijahit menjadi enam citra besar, dipotong menjadi subcitra untuk deteksi, lalu kotak pada sambungan digabung.","Evaluasi pencacahan (R2 0,87) dilakukan per subcitra, sehingga kode utama C2. C1 dicatat sebagai kode tambahan karena foto bertumpang tindih dijahit menjadi mosaik sebelum deteksi; registrasi mosaik 2D itu yang mencegah hitung ganda dan dikodekan M4 secara longgar (bukan 3D). Tidak ada hitungan per kelas."
2702,fu2020fast,2020,Fast and accurate detection of banana fruits in complex background orchards,sama,,abstrak,X,E5,abstrak,X,E5,,sedang,,,,,,,,,,,,,,,,,"Using a monocular camera, we applied the YOLOv4 neural network algorithm to extract the deep features of banana fruits, realizing accurate detection of different banana sizes. || The detection algorithm achieved a 99.29% detection rate, the average execution time was 0.171s, the shortest execution time was 0.135s, and the AP was 0.9995.","Hanya deteksi satu kelas dari citra tunggal; pencacahan, atribut kelas, dan estimasi hasil hanya disebut sebagai manfaat lanjutan, tidak dievaluasi."
2718,tan2018recognising,2018,Recognising blueberry fruit of different maturity using histogram oriented gradients and colour features in outdoor scenes,beda,grup,abstrak,X,E5,abstrak,C4,,,sedang,,,,,,,,,,,,,,,,,"This study was conducted to recognise visible blueberry fruit with different maturity using outdoor colour images acquired from a commercial field. || KNN classifier yielded the best average accuracy of 86.0%, 94.2% and 96.0% for young fruit, intermediate fruit and mature fruit, respectively.","Deteksi buah per kelas kematangan dari citra tunggal untuk estimasi hasil awal. Abstrak melaporkan akurasi deteksi per kelas, bukan jumlah buah per kelas; bila protokol mensyaratkan hitungan eksplisit, alternatifnya X dengan alasan E5."
2740,hung2013orchard,2013,Orchard fruit segmentation using multi-spectral feature learning,beda,grup,abstrak,X,E5,abstrak,C5,,,sedang,,,,,,,,,,,,,,,,,"The segmentation is performed with features extracted from multi-spectral (colour and infrared) data. We achieve a global classification accuracy of 88%. || applied to a fruit segmentation problem for a robotic agricultural surveillance mission, aiming to provide yield estimation with high accuracy","Segmentasi buah almon di pohon dengan citra warna dan inframerah; yang dievaluasi hanya akurasi segmentasi, bukan hitungan. Dikodekan C5 karena modalitas non-RGB; bila modalitas inframerah tidak dianggap cukup, alternatifnya X/E5."
2829,zheng2026transformer,2026,Transformer-based cross-view LiDAR–orthomosaic fusion for geo-localization and digital modeling in apple orchards,sama,,abstrak,X,E1,abstrak,X,E1,,tinggi,,,,,,,,,,,,,,,,,"integrates drone remote-sensing imagery (RSI) with ground LiDAR-IMU odometry (LIO) to achieve robust geo-localization and high-fidelity digital modeling in GNSS-denied orchard environments || a geo-spatial driven multi-layer orchard model was constructed based on RSI and LIO, which could extract phenotypes such as the height of fruit trees",Lokalisasi dan pemodelan kebun apel dengan fenotipe tinggi pohon; abstrak tidak menyebut deteksi atau pencacahan buah.
2901,hu2026calibration,2026,Calibration-enhanced multi-view RGB-D vision for robust recognition and 3D localization of strawberries under occlusions,sama,,judul,C1,,abstrak (web),C1,,C5,sedang,M4,M4,D,D,N,N,,,,,,,,,,,"[parafrasa web] Metode kalibrasi ekstrinsik TCC-RM untuk dua kamera RGB-D dan hand-eye, disertai pipeline fusi multi-RGB-D untuk persepsi stroberi di bawah oklusi. || [parafrasa web] Fusi multi-RGB-D menurunkan galat lokalisasi Euclidean 2,84%-39,21% terhadap konfigurasi satu RGB-D; akurasi lokalisasi 3D 6,3 mm pada adegan teroklusi. || [parafrasa web] Strategi pencocokan menaikkan recall 53,1% di bawah oklusi.","Kajian menggabungkan dua pandangan RGB-D atas buah yang sama melalui kalibrasi ekstrinsik (kerangka koordinat bersama), sehingga dikode C1 dengan M4; tidak ada pencacahan, yang dievaluasi adalah lokalisasi 3D dan recall. Rincian strategi pencocokan antarpandang tidak tersedia dari ringkasan web; bila pencocokan ternyata hanya dalam satu pandangan, kode yang tepat adalah C5. Metrik galat lokalisasi tidak tercakup pilihan tingkat_metrik; diisi deteksi karena recall."
3220,liu2025gae,2025,GAE-YOLO: a lightweight multimodal detection framework for tomato smart agriculture with edge computing,beda,grup,abstrak,X,E5,abstrak,C4,,C2,sedang,,,,,,,,,,,,,,,,,"Furthermore, it establishes standardized assessment systems for tomato maturity and yield prediction, and offers integrated modules for disease diagnosis and agricultural large language model consultation. || The system, implemented on a Jetson TX2 embedded platform, also incorporates ZED stereo vision for 3D localization and a PyQt6-based visualization platform. || [parafrasa web] Jumlah buah tomat per citra dipakai sebagai ukuran hasil; MAE 1,13 dan MSE 1,93, 94% galat dalam rentang ±2 buah; tidak ada pelacakan antarbingkai.","Kajian memuat penilaian kematangan dan pencacahan buah dari citra tunggal, sehingga dikodekan C4; menurut ringkasan web, hitungan tidak dirinci per kelas kematangan, sehingga C2 juga cocok. C5 tidak dicantumkan karena lokalisasi 3D stereo ZED tidak dievaluasi secara kuantitatif menurut ringkasan web. Teks lengkap hanya dibaca melalui ringkasan WebFetch."
3237,saha2024chlorophyll,2024,Chlorophyll content estimation and ripeness detection in tomato fruit based on NDVI from dual wavelength LiDAR point cloud data,sama,,abstrak,X,E2,abstrak,X,E2,,tinggi,,,,,,,,,,,,,,,,,"Freshly harvested tomatoes, capturing six ripeness classes (mature green, breaker, turning, pink, light red, and red) according to USDA colour standard, were analysed using a linear conveyor mounted sensor system",Tomat sudah dipanen dan dipindai LiDAR dua panjang gelombang di atas konveyor laboratorium; bukan buah pada tanaman.
3294,magalhaes2024monovisual3dfilter,2024,MonoVisual3DFilter: 3D tomatoes' localisation with monocular cameras using histogram filters,sama,akuisisi,abstrak,C1,,teks lengkap,C1,,C5,sedang,M4,M4,V,D,N,N,,,,,,,,,,,"At the current stage, the arm used ﬁxed multi-viewpoint to observe the tomatoes from multiple perspectives. || After, it intersects the chances of various views to estimate the localisation and the occupied area of the regions of interest || we can use the k-means algorithm to aggregate the points and compute the centre of each cluster.","Kajian menggabungkan beberapa pandangan atas tomat yang sama untuk lokalisasi 3D, bukan pencacahan; C1 dipilih karena pengamatan antarcitra disatukan dalam satu kerangka koordinat (pose kamera dari kinematika manipulator, irisan proyeksi kotak deteksi, pengelompokan k-means). Bila C1 mensyaratkan pencacahan, alternatifnya C5. Uji hanya pada simulasi dan testbed laboratorium dengan tomat plastik dan daun tiruan, jadi kelayakan batas (E2 dapat diperdebatkan). Jumlah klaster k-means diambil dari jumlah deteksi kamera, sehingga jumlah buah tidak ditaksir oleh metode. Metrik berupa galat posisi (MAE, RMSE, MAPE), bukan metrik hitung, identitas, atau deteksi."
3349,li2024recognition,2024,Recognition and Positioning of Strawberries Based on Improved YOLOv7 and RGB-D Sensing,beda,grup,abstrak,X,E4,abstrak,C5,,,sedang,,,,,,,,,,,,,,,,,"the detection of elevated-substrate strawberries and their picking points, using a strawberry picking robot, based on the You Only Look Once version 7 (YOLOv7) object detection algorithm and Red Green Blue-Depth (RGB-D) sensing || The test results demonstrated that the average positioning success rate and average positioning time were 90.8% and 76 ms, respectively.","Batas antara C5 dan E4: lokalisasi yang dievaluasi adalah titik petik untuk robot pemanen, bukan posisi buah untuk pencacahan. Dikodekan C5 karena deteksi buah dan lokalisasi RGB-D dievaluasi; peninjau lain dapat memilih X/E4."
3389,gursoy2024occlusion,2024,Occlusion Handling by Pushing for Enhanced Fruit Detection,sama,,abstrak,X,E4,abstrak,X,E4,,sedang,,,,,,,,,,,,,,,,,"The objective of this work is to push away branches that block the fruit’s view to increase their visibility. || Finally, we clear the occlusion by pushing the branch with the robot arm. || achieving improved visibility and successful occlusion clearance","Kontribusi utama adalah manipulasi cabang oleh lengan robot; evaluasi berupa peningkatan visibilitas dan keberhasilan pembersihan oklusi, bukan akurasi lokalisasi atau pencacahan buah. Alternatif yang masih mungkin adalah C5 karena memakai RGB-D dan estimasi bagian buah yang tertutup di ruang depth."
3565,xie2023fruit,2023,Fruit Distribution Acquisition with Multi-Vision for Multi-Arm Harvesting Robots,sama,,abstrak,C1,,abstrak,C1,,C5,sedang,M4,M4,D,D,N,N,,,,,,,,,,,"making it difficult to determine whether different centroid positions belong to the same fruit || a target-based multi-camera extrinsic calibration method is employed to obtain accurate external parameter matrices between multiple cameras and the robot base coordinate system || to reduce the problem of repeated detections of the same fruit in overlapping camera fields, a filtering method based on fruit surface point cloud matching is proposed","Tujuan kajian adalah pelokalan untuk robot panen multilengan, bukan pencacahan; tetap dikodekan C1 karena buah yang sama dipetakan dan dideduplikasi lintas kamera dalam kerangka koordinat bersama. Bila C1 dibatasi pada pencacahan, kode alternatifnya C5. Metrik yang dilaporkan adalah akurasi pelokalan dan peluang deteksi berulang, bukan galat hitung; tingkat_metrik 'deteksi' adalah pendekatan terdekat."
3588,zaenker2023graph,2023,Graph-Based View Motion Planning for Fruit Detection,sama,,abstrak,C1,,abstrak,C1,,C5,sedang,M4,M4,D,D,N,N,,,,,,,,,,,The generated view poses aim at both sufficiently covering already detected and discovering new fruits. || We demonstrate the effectiveness of our approach through simulated and real-world experiments using a robotic arm equipped with an RGB-D camera and mounted on a trolley. || [parafrasa web] OctoMap fuses point clouds from the views into a 3D map with regions of interest (fruits); fruit clusters are fitted with superellipsoids and compared with simulation ground truth fruits.,"Perencanaan pandang yang menggabungkan beberapa pandang RGB-D dalam peta 3D (pose lengan robot diketahui), sehingga M4. Acuan hitung adalah buah kebenaran dasar pada model tanaman simulasi, bukan hitung lapangan; ditulis anotasi sebagai pendekatan terdekat. Angka hasil berasal dari versi arXiv (parafrasa web). Kontribusi utama adalah perencanaan gerak, bukan pencacahan."
3604,arlotta2023ekf,2023,An EKF-Based Multi-Object Tracking Framework for a Mobile Robot in a Precision Agriculture Scenario,sama,,abstrak,C1,,abstrak,C1,,C5,sedang,M3+M4,M3+M4,V,V,N,N,,,,,,,,,,,we propose a framework for tracking objects of interest over time using a mobile robotic platform equipped with RGB-D camera || we design a multi-object tracking module based on an Extended Kalman Filter (EKF) which takes into account the motion of the robot to update the estimate of the localization of the objects || a mobile robot is tasked with tracking table-grape bunches within a vineyard environment,"Kajian mengaitkan tandan anggur antarbingkai dan melokalisasinya, tetapi tidak menghitung; validasi dilakukan di simulator dan laboratorium, bukan di kebun. Metrik tidak disebut di abstrak. Bila simulasi tanpa penghitungan dianggap tidak memenuhi syarat, alternatifnya X dengan alasan E5."
3641,vulpi2022rgb,2022,An RGB-D multi-view perspective for autonomous agricultural robots,beda,grup,judul,C1,,abstrak (web),X,E1,,sedang,M4,,D,,N,,,,,,,,,,,,"[parafrasa web] Makalah menguraikan integrasi perangkat RGB-D multipandang berbiaya rendah (tiga sensor RGB-D, cakupan horizontal sekitar 130 derajat) untuk pengindraan dan pemodelan lingkungan pertanian. || [parafrasa web] Citra warna, inframerah, dan kedalaman digabung dengan data lokalisasi (kamera pelacak, RTK-GPS, IMU) untuk membangun peta 3D multipandang bergeoreferensi dari tanaman yang dilintasi.","Ringkasan web hanya menyebut pemetaan 3D lingkungan tanaman tanpa deteksi atau pencacahan buah; teks lengkap tidak dapat diakses, sehingga kemungkinan adanya evaluasi pada buah tidak dapat disingkirkan sepenuhnya."
3689,pan2022pear,2022,Pear Recognition in an Orchard from 3D Stereo Camera Datasets to Develop a Fruit Picking Mechanism Using Mask R-CNN,sama,alasan,abstrak,X,E4,abstrak,X,E5,C5,sedang,,,,,,,,,,,,,,,,,"For the recognition of pears, the Mask R-CNN, had the mAPs of 95.22% for validation set and 99.45% was observed for the testing set. || the camera on the left generated depth images and the camera on the right generated the original images","Evaluasi hanya mAP deteksi pir pada citra RGBA dari kamera stereo; abstrak tidak menunjukkan bahwa depth dipakai sebagai masukan, dan tidak ada pencacahan, lokalisasi 3D, atau pengukuran. Bila teks lengkap menunjukkan depth dipakai dan dievaluasi, kode yang tepat adalah C5."
3704,li2022review,2022,A review on structural development and recognition–localization methods for end-effector of fruit–vegetable picking robots,beda,grup,abstrak,X,E4,abstrak,R,,,sedang,,,,,,,,,,,,,,,,,"current recognition manners adopting the single-feature, multi-feature fusion and deep learning are explained in view of their advantages, limitations, and successful instances. || In the field of 3D localization, active vision based on the structured light, laser scanning, time of flight, and radar is reflected through the respective applications.",Tinjauan ini mencakup struktur end-effector robot pemetik serta metode pengenalan dan lokalisasi 3D buah. Bagian pengenalan dan lokalisasi relevan dengan topik; bagian end-effector tidak relevan. Pencacahan tidak dibahas.
3765,gong2022robotic,2022,Robotic harvesting of the occluded fruits with a precise shape and position reconstruction approach,beda,grup,abstrak,X,E4,abstrak,C5,,,tinggi,,,,,,,,,,,,,,,,,"First, RGB, depth and infrared images are acquired. And pixel‐level matched RGB‐D‐I fusion images are obtained by image registration. || This algorithm can extract tomato radius and centroid coordinates directly from the restored depth image. || The mean Intersection over Union is 0.895, and the centroid position error is 0.62 mm for the occluded rate under 25%","Konteksnya robot pemanen, tetapi kontribusi utama adalah segmentasi RGB-D-I serta pemulihan bentuk dan posisi buah teroklusi yang dievaluasi (IoU, galat sentroid), sehingga bukan E4. Registrasi citra dilakukan antarmodalitas pada satu pandangan, bukan antarpandang."
3826,li2021fast,2021,Fast detection and location of longan fruits using UAV images,sama,,abstrak,X,E4,abstrak,X,E4,,sedang,,,,,,,,,,,,,,,,,a deep learning-based scheme to quickly and accurately detect and locate suitable picking points on fruit branches is proposed || a strategy is formulated to accurately determine the suitable picking point on the main branch of the result || evaluated by performing picking experiments in a longan orchard,"Tujuan utama adalah titik petik untuk pemetikan dengan UAV. Kasus batas dengan C5 karena deteksi longan memakai fusi RGB-D dan lokalisasi, tetapi evaluasi yang disebut abstrak adalah percobaan pemetikan, bukan galat lokalisasi buah."
3912,zaenker2021viewpoint,2021,Viewpoint Planning for Fruit Size and Position Estimation,sama,,abstrak,C1,,teks lengkap,C1,,C5,tinggi,M4,M4,D,D,N,N,,,,,,,,,,,"The generated point cloud is forwarded to the planner module, which uses the incoming information to build up a 3D map of the environment in the form of an octree || To identify individual fruits, we first cluster the identified ROI nodes and then estimate their position and volume. || Number of detected ROIs: Number of found clusters that can be matched with a ground truth cluster, which means that their center distance is smaller than 20 cm.","Pengamatan dari banyak sudut pandang digabung dalam octree dengan pose lengan robot yang diketahui, lalu voksel buah dikelompokkan, sehingga satu buah menjadi satu klaster (M4). Pembanding adalah kebenaran dasar simulasi (kotak pembatas model buah), dikodekan 'anotasi' karena tidak ada pilihan lain yang sesuai. Metrik utama adalah jumlah buah terdeteksi, jarak pusat, dan akurasi volume; bukan galat hitung baku."
4032,genemola2020fruitb,2020,Fruit detection and 3D location using instance segmentation neural networks and structure-from-motion photogrammetry,sama,,abstrak,C1,,abstrak,C1,,C5,tinggi,M4,M4,D,D,N,N,,,,,,,,,,,(2) 3D point cloud generation of detected apples using structure-from-motion (SfM) photogrammetry; (3) projection of 2D image detections onto 3D space || by combining instance segmentation with SfM the system performance increased from an F1-score of 0.816 (2D fruit detection) to 0.881 (3D fruit detection and location) || [parafrasa web] Dataset Fuji-SfM memuat 582 citra berurutan yang dipakai membangun model 3D 11 pohon apel Fuji berisi 1.455 apel.,"Abstrak tidak menyebut sumber acuan 1.455 apel (anotasi awan titik atau hitung di pohon); 'anotasi' adalah dugaan. Metrik berupa F1 deteksi terhadap jumlah buah total, bukan galat hitung. Akuisisi D (foto dari banyak posisi) dapat juga dibaca sebagai V."
4116,lin2019guava,2019,Guava detection and pose estimation using a low-cost RGB-D sensor in the field,beda,grup,abstrak,X,E4,abstrak,C5,,,sedang,,,,,,,,,,,,,,,,,"Based on the fruit binary map and RGB-D depth image, Euclidean clustering is then applied to group the point cloud into a set of individual fruits. || Quantitative experiments showed that the precision and recall of guava fruit detection were 0.983 and 0.948, respectively; the 3D pose error was 23.43° ± 14.18°","Tujuan penelitian adalah pemanenan robotik (pose buah terhadap cabang), sehingga E4 dapat diperdebatkan; dikodekan C5 karena deteksi buah RGB-D dan pose 3D dievaluasi di lapangan, bukan titik petik atau kendali manipulator."
4194,rist2018high,2018,High-precision phenotyping of grape bunch architecture using fast 3d sensor and automation,beda,grup,abstrak,X,E2,abstrak,C5,,C1,sedang,,,,,,,,,,,,,,,,,"Artec Spider 3D scanner (Artec 3D, L-1466, Luxembourg) was used to generate dense 3D point clouds of grapevine bunches under lab conditions || high significant correlations (up to r2 = 0.95 for berry number) compared to ground truth data || the Artec Spider can be used directly in the field where achieved data show comparable precision with regard to the lab application","Sebagian besar pengukuran dilakukan di laboratorium pada tandan yang sudah dipetik (mendekati E2), tetapi abstrak juga melaporkan pemakaian di lapangan, sehingga dikodekan C5. C1 hanya cocok secara longgar: penggabungan pandangan terjadi di dalam pemindai (registrasi awan titik), bukan langkah asosiasi yang diusulkan kajian. Acuan hitung disebut 'ground truth data' tanpa rincian; diisi panen karena tandan dihitung manual setelah dipetik (dugaan)."
4441,lu2013efficient,2013,Efficient detection of citrus fruits in the tree canopy under variable illumination conditions,sama,,abstrak,X,E5,abstrak,X,E5,,sedang,,,,,,,,,,,,,,,,,This paper focuses on the detection of citrus fruits in the tree canopy under variable illumination and different degree occlusion. || The 3-D surface topography of the visible parts of fruits were recovered by the classical algorithm of shade from shading,"Deteksi jeruk di tajuk dari citra RGB tunggal tanpa pencacahan dan tanpa evaluasi di luar deteksi. Permukaan 3D diperoleh dari shape from shading pada citra RGB, bukan dari sensor kedalaman, sehingga C5 tidak dipilih; abstrak tidak melaporkan evaluasi kuantitatif lokalisasi."
4544,liu2026advancements,2026,Advancements in Computer Vision–Based Fish Multi-Object Tracking: A Comprehensive Review,beda,grup,judul,X,E1,abstrak (web),T,,R,sedang,,,,,,,,,,,,,,,,,"This review comprehensively examines the progress of fish multi-object tracking from a computer vision perspective. || analyzes the design principles, research progress, available datasets, and evaluation metrics associated with both two-dimensional and three-dimensional tracking methods","Tinjauan pelacakan multiobjek ikan, di luar buah. T dipilih karena isinya metode pelacakan yang dapat dialihkan; R juga cocok karena jenis dokumennya tinjauan, tetapi topiknya bukan buah."
4600,rahman2024uav,2024,"UAV (Unmanned Aerial Vehicle): Diverse Applications of UAV Datasets in Segmentation, Classification, Detection, and Tracking",sama,alasan,abstrak,X,E5,abstrak,X,E1,,sedang,,,,,,,,,,,,,,,,,"This paper presents a thorough examination of UAV datasets, emphasizing their wide range of applications and progress. || These datasets play a crucial role in disaster damage assessment, aerial surveillance, object recognition, and tracking.","Tinjauan dataset UAV umum tanpa buah; bukan tinjauan topik pencacahan buah dan bukan makalah metode, sehingga tidak memenuhi R maupun T. Penyebutan pelacakan dan re-identifikasi kendaraan dapat membuat peninjau lain memilih T."
4678,song2022review,2022,A review of monocular depth estimation techniques based on deep learning,sama,,abstrak,X,E7,abstrak,X,E7,,sedang,,,,,,,,,,,,,,,,,本文对基于深度学习的单目深度估计技术最新进展进行了综述，回顾了基于监督学习和基于无监督学习方法的发展历程。,"Artikel tinjauan estimasi kedalaman monokular di luar pertanian yang terbit di jurnal berbahasa Tionghoa (Journal of Image and Graphics); abstrak yang tersedia berbahasa Tionghoa. Bila naskah lengkap ternyata berbahasa Inggris, topiknya tetap berada di tepi cakupan (tinjauan metode kedalaman, bukan pelacakan, asosiasi multipandang, atau pencacahan), sehingga kode alternatif adalah T atau R."
4834,ghonimy2026robotic,2026,"Robotic Fruit Harvesting Systems: Integration of Perception, Manipulation, and Detachment for Autonomous Harvesting",beda,grup,abstrak,X,E4,abstrak,R,,,sedang,,,,,,,,,,,,,,,,,"This review provides a comprehensive synthesis of robotic fruit harvesting systems, with a particular focus on the system-level integration of perception, manipulation, and fruit detachment || Recent advances in machine vision, deep learning, sensor fusion, robotic end-effectors, grasping strategies, and motion planning are critically analyzed","Tinjauan robot panen; persepsi (visi mesin, fusi sensor, galat lokalisasi) hanya salah satu dari tiga pokok bahasan, sedangkan manipulasi dan pelepasan buah dominan. Kode R diberikan karena deteksi dan lokalisasi buah ditinjau; alternatifnya X dengan alasan E4 bila tinjauan panen dianggap di luar cakupan. Pencacahan tidak dibahas dalam abstrak."
4960,xu2025real,2025,Real-time detection of multi-growth-stage strawberry in complex orchard environments via smartphone,beda,grup,abstrak,X,E5,abstrak,C4,,,sedang,,,,,,,,,,,,,,,,,"this study proposes an improved YOLOv11 network called MVYOLO-Tiny, which is deployed on Android-based smartphones and Jetson Xavier NX for real-time detection || a dataset comprising strawberry images across different climes, scenarios, and growth stages is constructed","Deteksi stroberi dengan atribut kelas tahap tumbuh pada citra tunggal; abstrak tidak melaporkan pencacahan, hanya P, R, dan mAP@0.5. Bila deteksi berkelas tanpa hitungan dianggap tidak memenuhi C4, alternatifnya X dengan alasan E5."
5474,perezborrero2021new,2021,A new deep-learning strawberry instance segmentation methodology based on a fully convolutional neural network,sama,,judul,X,E5,abstrak (web),X,E5,,sedang,,,,,,,,,,,,,,,,,"[parafrasa web] Metodologi segmentasi instans stroberi berbasis jaringan konvolusi penuh untuk pemanenan otomatis; setiap piksel stroberi memprediksi sentroid buahnya. || [parafrasa web] Evaluasi melaporkan mAP 52,61 dan mean instance IoU 93,38 pada 30 fps; tidak ada pencacahan atau atribut kelas.","Tipe dokumen Scopus tertulis Review, tetapi isinya makalah metode. Evaluasi terbatas pada mutu segmentasi instans; tidak ada pencacahan, kelas, lokalisasi 3D, atau pengukuran ukuran."
5703,dubey2015application,2015,Application of Image Processing in Fruit and Vegetable Analysis: A Review,sama,,abstrak,X,E2,abstrak,X,E2,,sedang,,,,,,,,,,,,,,,,,"Fruit and vegetable classification is one of the major applications that can be utilized in supermarkets to automatically detect the kinds of fruits or vegetables purchased by customers || We surveyed image-processing approaches used for fruit disease detection, segmentation and classification.","Tinjauan, tetapi topiknya klasifikasi jenis buah di supermarket dan penyakit buah (pascapanen), bukan pencacahan, estimasi hasil, atau deteksi buah di pohon. Bila setiap tinjauan pengolahan citra buah dianggap layak, kode alternatifnya R."
