key,kode,tahun,penulis_pertama,judul,sumber,doi,prefiks_doi,alasan
qian2013yield,C1,2013,Qian J.,Yield estimation model of single tree of Fuji apples based on bilateral image identification,Nongye Gongcheng Xuebao Transactions of the Chinese Society of Agricultural Engineering,10.3969/j.issn.1002-6819.2013.11.017,10.3969,https://doi.org/10.3969/j.issn.1002-6819.2013.11.017: HTTP 404
wang2013automated,C1,2013,Wang Q.,Automated Crop Yield Estimation for Apple Orchards,Springer Tracts in Advanced Robotics,10.1007/978-3-319-00065-7_50,10.1007,https://figshare.com/articles/Automated_Crop_Yield_Estimation_for_Apple_Orchards: HTTP 202 | https://doi.org/10.1184/r1/6551996.v1: HTTP 202
gongal2014identification,C1,2014,Gongal A.,Identification of repetitive apples for improved crop-load estimation with dual-side imaging,American Society of Agricultural and Biological Engineers Annual International Meeting 2014 Asabe 2014,,,tidak dicoba
nuske2014automated,C1,2014,Nuske S.,Automated visual yield estimation in vineyards,Journal of Field Robotics,10.1002/rob.21541,10.1002,tidak dicoba
nuske2014modeling,C1,2014,Nuske S.,Modeling and calibrating visual yield estimates in vineyards,Springer Tracts in Advanced Robotics,10.1007/978-3-642-40686-7_23,10.1007,https://figshare.com/articles/Modeling_and_Calibrating_Visual_Yield_Estimates_in: HTTP 202 | https://doi.org/10.1184/r1/6555602.v1: HTTP 202
song2014automatic,C1,2014,Song Y.,Automatic fruit recognition and counting from multiple images,Biosystems Engineering,10.1016/j.biosystemseng.2013.12.008,10.1016,https://research.wur.nl/en/publications/automatic-fruit-recognition-and-counting: HTML tanpa tautan PDF
gongal2016apple,C1,2016,Gongal A.,Apple crop-load estimation with over-the-row machine vision system,Computers and Electronics in Agriculture,10.1016/j.compag.2015.10.022,10.1016,tidak dicoba
roy2016surveying,C1,2016,Roy P.,Surveying apple orchards with a monocular vision system,IEEE International Conference on Automation Science and Engineering,10.1109/coase.2016.7743500,10.1109,https://doi.org/10.1109/coase.2016.7743500: HTTP 202
roy2017active,C1,2017,Roy P.,Active view planning for counting apples in orchards,IEEE International Conference on Intelligent Robots and Systems,10.1109/iros.2017.8206500,10.1109,https://doi.org/10.1109/iros.2017.8206500: HTML tanpa tautan PDF
roy2017vision,C1,2017,Roy P.,Vision-Based Apple Counting and Yield Estimation,Springer Proceedings in Advanced Robotics,10.1007/978-3-319-50115-4_42,10.1007,tidak dicoba
liu2018robust,C1,2018,Liu X.,"Robust Fruit Counting: Combining Deep Learning, Tracking, and Structure from Motion",IEEE International Conference on Intelligent Robots and Systems,10.1109/iros.2018.8594239,10.1109,https://doi.org/10.1109/iros.2018.8594239: HTTP 202
huang2019high,C1,2019,Huang Y.H.,"High-throughput image analysis framework for fruit detection, localization and measurement from video streams",2019 Asabe Annual International Meeting,10.13031/aim.201900487,10.13031,https://doi.org/10.13031/aim.201900487: galat jaringan: SSLError
jarvinen2019tree,C1,2019,Jarvinen T.,Tree trunk position estimation for accurate fruit counts in apple yield mapping,2019 Asabe Annual International Meeting,10.13031/aim.201900918,10.13031,https://doi.org/10.13031/aim.201900918: galat jaringan: SSLError
nellithimaru2019rols,C1,2019,Nellithimaru A.K.,ROLS : Robust object-level SLAM for grape counting,IEEE Computer Society Conference on Computer Vision and Pattern Recognition Workshops,10.1109/cvprw.2019.00321,10.1109,https://doi.org/10.1109/cvprw.2019.00321: HTTP 202
genemola2020fruit,C1,2020,Gené-Mola J.,"Fruit detection, yield prediction and canopy geometric characterization using LiDAR with forced air flow",Computers and Electronics in Agriculture,10.1016/j.compag.2019.105121,10.1016,http://hdl.handle.net/10459.1/67824: HTML tanpa tautan PDF | https://doi.org/10.1016/j.compag.2019.105121: HTML tanpa tautan PDF
genemola2020fruitb,C1,2020,Gené-Mola J.,Fruit detection and 3D location using instance segmentation neural networks and structure-from-motion photogrammetry,Computers and Electronics in Agriculture,10.1016/j.compag.2019.105165,10.1016,http://hdl.handle.net/10459.1/67802: HTML tanpa tautan PDF | http://hdl.handle.net/2117/175526: HTTP 403
genemola2020fuji,C1,2020,Gené-Mola J.,Fuji-SfM dataset: A collection of annotated images and point clouds for Fuji apple detection and location using structure-from-motion photogrammetry,Data in Brief,10.1016/j.dib.2020.105591,10.1016,http://hdl.handle.net/10459.1/68506: HTML tanpa tautan PDF | http://hdl.handle.net/2117/192484: HTTP 403 | https://www.ncbi.nlm.nih.gov/pmc/articles/7184157: HTML tanpa tautan PDF | https://doaj.org/a
genemola2020lfuji,C1,2020,Gené-Mola J.,LFuji-air dataset: Annotated 3D LiDAR point clouds of Fuji apple trees for fruit detection scanned under different forced air flow conditions,Data in Brief,10.1016/j.dib.2020.105248,10.1016,http://hdl.handle.net/10459.1/68042: HTML tanpa tautan PDF | https://doi.org/10.1016/j.dib.2020.105248: HTML tanpa tautan PDF | https://www.ncbi.nlm.nih.gov/pmc/articles/7031136: HTML tanpa tautan PDF
serafino2020detection,C1,2020,Serafino S.E.,Detection and Counting of Lemons using Artificial Vision and Tracking Techniques for Real Time Harvest Estimation,Proceedings 2020 46th Latin American Computing Conference Clei 2020,10.1109/clei52000.2020.00064,10.1109,https://doi.org/10.1109/clei52000.2020.00064: HTTP 202
sun2020three,C1,2020,Sun S.,Three-dimensional photogrammetric mapping of cotton bolls in situ based on point cloud segmentation and clustering,ISPRS Journal of Photogrammetry and Remote Sensing,10.1016/j.isprsjprs.2019.12.011,10.1016,https://doi.org/10.1016/j.isprsjprs.2019.12.011: HTML tanpa tautan PDF
gao2021apple,C1,2021,Gao F.,Apple detection and counting using real-time video based on deep learning and object tracking,Nongye Gongcheng Xuebao Transactions of the Chinese Society of Agricultural Engineering,10.11975/j.issn.1002-6819.2021.21.025,10.11975,https://doi.org/10.11975/j.issn.1002-6819.2021.21.025: citation_pdf_url gagal (melewati batas waktu total)
gao2021appleb,C1,2021,Gao F.,Apple fruit detection and counting based on deep learning and trunk tracking,American Society of Agricultural and Biological Engineers Annual International Meeting Asabe 2021,10.13031/aim.202100193,10.13031,https://doi.org/10.13031/aim.202100193: galat jaringan: SSLError
itakura2021automatic,C1,2021,Itakura K.,Automatic pear and apple detection by videos using deep learning and a Kalman filter,OSA Continuum,10.1364/osac.424583,10.1364,https://doi.org/10.1364/osac.424583: HTTP 202
kirk2021robust,C1,2021,Kirk R.,Robust Counting of Soft Fruit Through Occlusions with Re-identification,Lecture Notes in Computer Science Including Subseries Lecture Notes in Artificial Intelligence and Lecture Notes in Bioinformatics,10.1007/978-3-030-87156-7_17,10.1007,tidak dicoba
osman2021yieldb,C1,2021,Osman Y.,Yield Estimation using Deep Learning for Precision Agriculture,7th IEEE World Forum on Internet of Things Wf Iot 2021,10.1109/wf-iot51360.2021.9595143,10.1109,https://doi.org/10.1109/wf-iot51360.2021.9595143: HTTP 202
scalisi2021reliability,C1,2021,Scalisi A.,"Reliability of a commercial platform for estimating flower cluster and fruit number, yield, tree geometry and light interception in apple trees under different rootstocks and row orientations",Computers and Electronics in Agriculture,10.1016/j.compag.2021.106519,10.1016,tidak dicoba
zhang2021method,C1,2021,Zhang C.,A method for organs classification and fruit counting on pomegranate trees based on multi-features fusion and support vector machine by 3D point cloud,Scientia Horticulturae,10.1016/j.scienta.2020.109791,10.1016,tidak dicoba
dai2022tracking,C1,2022,Dai G.,Tracking and Counting Method for Tomato Fruits Scouting Robot in Greenhouse,Lecture Notes in Computer Science Including Subseries Lecture Notes in Artificial Intelligence and Lecture Notes in Bioinformatics,10.1007/978-3-031-13844-7_6,10.1007,tidak dicoba
gao2022novel,C1,2022,Gao F.,A novel apple fruit detection and counting methodology based on deep learning and trunk tracking in modern orchard,Computers and Electronics in Agriculture,10.1016/j.compag.2022.107000,10.1016,tidak dicoba
he2022cascade,C1,2022,He L.,Cascade-SORT: A robust fruit counting approach using multiple features cascade matching,Computers and Electronics in Agriculture,10.1016/j.compag.2022.107223,10.1016,tidak dicoba
vulpi2022rgb,C1,2022,Vulpi F.,An RGB-D multi-view perspective for autonomous agricultural robots,Computers and Electronics in Agriculture,10.1016/j.compag.2022.107419,10.1016,tidak dicoba
wang2022research,C1,2022,Wang S.,Research on UAV Online Visual Tracking Algorithm based on YOLOv5 and FlowNet2 for Apple Yield Inspection,Proceedings of the 4th Wrc Symposium on Advanced Robotics and Automation 2022 Wrc Sara 2022,10.1109/wrcsara57040.2022.9903925,10.1109,https://doi.org/10.1109/wrcsara57040.2022.9903925: HTTP 202
zhang2022deep,C1,2022,Zhang W.,Deep-learning-based in-field citrus fruit detection and tracking,Horticulture Research,10.1093/hr/uhac003,10.1093,https://academic.oup.com/hr/article-pdf/doi/10.1093/hr/uhac003/43837368/uhac003.: HTTP 403 | https://www.ncbi.nlm.nih.gov/pmc/articles/9113225: HTML tanpa tautan PDF | https://doi.org/10.1093/hr/uhac0
zhu2022identification,C1,2022,Zhu Q.,Identification and Counting Method of Potted Kumquat Fruits Based on Point Cloud Registration,Nongye Jixie Xuebao Transactions of the Chinese Society for Agricultural Machinery,10.6041/j.issn.1000-1298.2022.05.021,10.6041,https://doi.org/10.6041/j.issn.1000-1298.2022.05.021: galat jaringan: ConnectionError
arizasentis2023object,C1,2023,Ariza-Sentís M.,Object detection and tracking on UAV RGB videos for early extraction of grape phenotypic traits,Computers and Electronics in Agriculture,10.1016/j.compag.2023.108051,10.1016,https://doi.org/10.1016/j.compag.2023.108051: HTML tanpa tautan PDF | https://research.wur.nl/en/publications/object-detection-and-tracking-on-uav-rgb: HTML tanpa tautan PDF
arlotta2023ekf,C1,2023,Arlotta A.,An EKF-Based Multi-Object Tracking Framework for a Mobile Robot in a Precision Agriculture Scenario,Proceedings of the 11th European Conference on Mobile Robots Ecmr 2023,10.1109/ecmr59166.2023.10256338,10.1109,https://doi.org/10.1109/ecmr59166.2023.10256338: HTTP 202
genemola2023video,C1,2023,Gené-Mola J.,Video-Based Fruit Detection and Tracking for Apple Counting and Mapping,2023 IEEE International Workshop on Metrology for Agriculture and Forestry Metroagrifor 2023 Proceedings,10.1109/metroagrifor58484.2023.10424135,10.1109,https://upcommons.upc.edu/bitstream/2117/407100/1/Gene%20_Mola%20et%20al.pdf: HTTP 403 | https://doi.org/10.1109/metroagrifor58484.2023.10424135: HTTP 202
guo2023real,C1,2023,Guo M.,Real-time Production Prediction of Kiwifruit in Orchard Based on Video Tracking Algorithm,Nongye Jixie Xuebao Transactions of the Chinese Society for Agricultural Machinery,10.6041/j.issn.1000-1298.2023.06.018,10.6041,https://doi.org/10.6041/j.issn.1000-1298.2023.06.018: galat jaringan: ConnectionError
li2023blueberry,C1,2023,Li Z.,Blueberry Yield Estimation Through Multi-View Imagery with YOLOv8 Object Detection,2023 Asabe Annual International Meeting,10.13031/aim.202300883,10.13031,https://doi.org/10.13031/aim.202300883: galat jaringan: SSLError
lyu2023method,C1,2023,Lyu J.,Method for estimation of bagged grape yield using a self-correcting NMS-ByteTrack,Nongye Gongcheng Xuebao Transactions of the Chinese Society of Agricultural Engineering,10.11975/j.issn.1002-6819.202304116,10.11975,https://doi.org/10.11975/j.issn.1002-6819.202304116: citation_pdf_url gagal (melewati batas waktu total)
parico2023real,C1,2023,Parico A.I.B.,Real-Time Pear Fruit Detection and Counting Using YOLOv4 Models and Deep SORT,Iot and AI in Agriculture Self Sufficiency in Food Production to Achieve Society 5 0 and Sdgs Globally,10.1007/978-981-19-8113-5_11,10.1007,tidak dicoba
qureshi2023seeing,C1,2023,Qureshi A.,Seeing the Fruit for the Leaves: Robotically Mapping Apple Fruitlets in a Commercial Orchard,IEEE International Conference on Intelligent Robots and Systems,10.1109/iros55552.2023.10341502,10.1109,https://doi.org/10.1109/iros55552.2023.10341502: HTTP 202
shen2023real,C1,2023,Shen L.,Real-time tracking and counting of grape clusters in the field based on channel pruning with YOLOv5s,Computers and Electronics in Agriculture,10.1016/j.compag.2023.107662,10.1016,tidak dicoba
vijayakumar2023tree,C1,2023,Vijayakumar V.,Tree-level citrus yield prediction utilizing ground and aerial machine vision and machine learning,Smart Agricultural Technology,10.1016/j.atech.2022.100077,10.1016,https://doi.org/10.1016/j.atech.2022.100077: HTML tanpa tautan PDF | https://doaj.org/article/f74f7e5812364c4fa3696148ae36e46b: HTTP 403
villacres2023apple,C1,2023,Villacrés J.,Apple orchard production estimation using deep learning strategies: A comparison of tracking-by-detection algorithms,Computers and Electronics in Agriculture,10.1016/j.compag.2022.107513,10.1016,tidak dicoba
wu2023twice,C1,2023,Wu Z.,Twice matched fruit counting system: An automatic fruit counting pipeline in modern apple orchard using mutual and secondary matches,Biosystems Engineering,10.1016/j.biosystemseng.2023.09.005,10.1016,tidak dicoba
xie2023fruit,C1,2023,Xie F.,Fruit Distribution Acquisition with Multi-Vision for Multi-Arm Harvesting Robots,2023 8th International Conference on Control Robotics and Cybernetics CRC 2023,10.1109/crc60659.2023.10488608,10.1109,https://doi.org/10.1109/crc60659.2023.10488608: HTTP 202
zaenker2023graph,C1,2023,Zaenker T.,Graph-Based View Motion Planning for Fruit Detection,IEEE International Conference on Intelligent Robots and Systems,10.1109/iros55552.2023.10342532,10.1109,https://doi.org/10.1109/iros55552.2023.10342532: HTTP 202
zheng2023efficient,C1,2023,Zheng Z.,An efficient online citrus counting system for large-scale unstructured orchards based on the unmanned aerial vehicle,Journal of Field Robotics,10.1002/rob.22147,10.1002,tidak dicoba
zheng2023object,C1,2023,Zheng C.,Object-Detection from Multi-View remote sensing Images: A case study of fruit and flower detection and counting on a central Florida strawberry farm,International Journal of Applied Earth Observation and Geoinformation,10.1016/j.jag.2023.103457,10.1016,https://doi.org/10.1016/j.jag.2023.103457: HTML tanpa tautan PDF | https://digitalcommons.mtu.edu/michigantech-p2/18: HTML tanpa tautan PDF | https://doaj.org/article/3e6e251809f74005b9584131a9810de0:
zhou2023dynamic,C1,2023,Zhou X.,A Dynamic Object Counting Method for Strawberry Fruits using Vision Transformer Networks and Kalman Filter Tracking,2023 Asabe Annual International Meeting,10.13031/aim.202301450,10.13031,https://doi.org/10.13031/aim.202301450: galat jaringan: SSLError
ahmad2024enabling,C1,2024,Ahmad J.,Enabling Consumer UAVs for Precision Agriculture Applications: A Case Study of Yield Estimation,Digest of Technical Papers IEEE International Conference on Consumer Electronics,10.1109/icce59016.2024.10444191,10.1109,https://doi.org/10.1109/icce59016.2024.10444191: HTTP 202
ahmedtaristizabal2024field,C1,2024,Ahmedt-Aristizabal D.,An In-Field Dynamic Vision-Based Analysis for Vineyard Yield Estimation,IEEE Access,10.1109/access.2024.3431244,10.1109,https://doi.org/10.1109/access.2024.3431244: HTTP 202 | https://doaj.org/article/a82a25051d6c4cca825f7fc4824d39a8: HTTP 403
an2024stratracker,C1,2024,An Q.,StraTracker: A dynamic counting method for growing strawberries based on multi-target tracking,Computers and Electronics in Agriculture,10.1016/j.compag.2024.109564,10.1016,tidak dicoba
ashokan2024fruit,C1,2024,Ashokan A.,Fruit yield estimation and forecasting for precision agriculture,Aip Conference Proceedings,10.1063/5.0196960,10.1063,https://doi.org/10.1063/5.0196960: HTTP 403
garderes2024apple,C1,2024,Garderes R.,Apple Detection and Counting Using Neural Networks,Proceedings 2024 50th Latin American Computing Conference Clei 2024,10.1109/clei64178.2024.10700174,10.1109,https://doi.org/10.1109/clei64178.2024.10700174: HTTP 202
hernandez2024multi,C1,2024,Hernandez B.,Multi-Object Tracking in Agricultural Applications using a Vision Transformer for Spatial Association,Computers and Electronics in Agriculture,10.1016/j.compag.2024.109379,10.1016,https://doi.org/10.1016/j.compag.2024.109379: HTML tanpa tautan PDF
ishizuka2024eggplant,C1,2024,Ishizuka T.,Eggplant Detection and Counting Across the Entire Greenhouse Using Deep Learning and Motion Parallax,10th IEEE International Smart Cities Conference Smart Cities Revolution for Mankind Isc2 2024 Proceedings,10.1109/isc260477.2024.11004199,10.1109,https://doi.org/10.1109/isc260477.2024.11004199: HTTP 202
kang2024real,C1,2024,Kang R.,Toward Real Scenery: A Lightweight Tomato Growth Inspection Algorithm for Leaf Disease Detection and Fruit Counting,Plant Phenomics,10.34133/plantphenomics.0174,10.34133,https://doi.org/10.34133/plantphenomics.0174: HTML tanpa tautan PDF | https://spj.science.org/doi/pdf/10.34133/plantphenomics.0174?download=true: HTTP 403 | https://pmc.ncbi.nlm.nih.gov/articles/PMC11
matos2024tracking,C1,2024,Matos G.P.,Tracking and Counting Apples in Orchards under Intermittent Occlusions and Low Frame Rates,IEEE Computer Society Conference on Computer Vision and Pattern Recognition Workshops,10.1109/cvprw63382.2024.00550,10.1109,https://doi.org/10.1109/cvprw63382.2024.00550: HTTP 202
meyer2024fruitnerf,C1,2024,Meyer L.,FruitNeRF: A Unified Neural Radiance Field based Fruit Counting Framework,IEEE International Conference on Intelligent Robots and Systems,10.1109/iros58592.2024.10802065,10.1109,https://doi.org/10.1109/iros58592.2024.10802065: HTTP 202
pai2024maturity,C1,2024,Pai C.A.,Maturity and Yield Estimation of Tomatoes Using RGB and Multispectral Images,Proceedings of the IEEE International Conference on Industrial Technology,10.1109/icit58233.2024.10540838,10.1109,https://doi.org/10.1109/icit58233.2024.10540838: HTTP 202
qi2024improved,C1,2024,Qi Z.,An improved framework based on tracking-by-detection for simultaneous estimation of yield and maturity level in cherry tomatoes,Measurement Journal of the International Measurement Confederation,10.1016/j.measurement.2024.114117,10.1016,tidak dicoba
safre2024advanced,C1,2024,Safre A.,Advanced methods for yield mapping in tart cherries: tank change tracking and YOLO-DeepSort fruit counting,Acta Horticulturae,10.17660/actahortic.2024.1395.38,10.17660,https://doi.org/10.17660/actahortic.2024.1395.38: HTML tanpa tautan PDF
santos2024multiple,C1,2024,Santos T.T.,Multiple orange detection and tracking with 3-D fruit relocalization and neural-net based yield regression in commercial sweet orange orchards,Computers and Electronics in Agriculture,10.1016/j.compag.2024.109199,10.1016,tidak dicoba
scalisi2024detecting,C1,2024,Scalisi A.,"Detecting, mapping and digitising canopy geometry, fruit number and peel colour in pear trees with different architecture",Scientia Horticulturae,10.1016/j.scienta.2023.112737,10.1016,tidak dicoba
tu2024passion,C1,2024,Tu S.,A passion fruit counting method based on the lightweight YOLOv5s and improved DeepSORT,Precision Agriculture,10.1007/s11119-024-10132-1,10.1007,tidak dicoba
villacres2024assessing,C1,2024,Villacrés J.,Assessing a multi-camera system to enhance fruit visibility for robotic harvesting in a V-trellised apple orchard,Computers and Electronics in Agriculture,10.1016/j.compag.2024.109164,10.1016,https://doi.org/10.1016/j.compag.2024.109164: HTML tanpa tautan PDF
wang2024camellia,C1,2024,Wang J.,Camellia oleifera Fruit Static and Dynamic Detection Counting Based on Improved COF-YOLO v8n,Nongye Jixie Xuebao Transactions of the Chinese Society for Agricultural Machinery,10.6041/j.issn.1000-1298.2024.04.019,10.6041,https://doi.org/10.6041/j.issn.1000-1298.2024.04.019: HTML tanpa tautan PDF
wang2024slam,C1,2024,Wang H.,"SLAM-PYE: Tightly coupled GNSS-binocular-inertial fusion for pitaya positioning, counting, and yield estimation",Computers and Electronics in Agriculture,10.1016/j.compag.2024.109177,10.1016,tidak dicoba
xia2024kiwifruit,C1,2024,Xia Y.,Kiwifruit Counting Using Kiwidetector and Kiwitracker,Lecture Notes in Networks and Systems,10.1007/978-3-031-47724-9_41,10.1007,tidak dicoba
zhang2024stablesort,C1,2024,Zhang W.,StableSort-CMC: a tracking algorithm for robot dog based orchard fruit counting,Proceedings 2024 China Automation Congress Cac 2024,10.1109/cac63892.2024.10865478,10.1109,https://doi.org/10.1109/cac63892.2024.10865478: HTTP 202
zheng2024robust,C1,2024,Zheng Z.,A robust and efficient citrus counting approach for large-scale unstructured orchards,Agricultural Systems,10.1016/j.agsy.2024.103867,10.1016,tidak dicoba
zhou2024advancing,C1,2024,Zhou X.,Advancing tracking-by-detection with MultiMap: Towards occlusion-resilient online multiclass strawberry counting,Expert Systems with Applications,10.1016/j.eswa.2024.124587,10.1016,https://doi.org/10.1016/j.eswa.2024.124587: HTML tanpa tautan PDF
zhou2024utilizing,C1,2024,Zhou C.,Utilizing NeRF-Based Rays for Spatial Perception in Fruit Counting Deduplication,Proceedings 2024 International Symposium on Internet of Things and Smart Cities Isitsc 2024,10.1109/isitsc64373.2024.00013,10.1109,https://doi.org/10.1109/isitsc64373.2024.00013: HTTP 202
zhu2024citrus,C1,2024,Zhu Y.,Citrus yield estimation for individual trees integrating pruning intensity and image views,European Journal of Agronomy,10.1016/j.eja.2024.127349,10.1016,https://doi.org/10.1016/j.eja.2024.127349: HTML tanpa tautan PDF
akella2025deep,C1,2025,Akella A.,Deep Learning-Based Coconut Ripeness Classification and Yield Estimation using YOLO and Kalman Filtering,2025 International Conference on Sensors and Related Networks Sennet 2025 Special Focus on Digital Healthcare 64220,10.1109/sennet64220.2025.11136053,10.1109,https://doi.org/10.1109/sennet64220.2025.11136053: HTTP 202
dong2025fruit,C1,2025,Dong Z.,Fruit detection and yield estimation in Camellia oleifera based on improved YOLOv8 and ByteTrack algorithm,Smart Agricultural Technology,10.1016/j.atech.2025.101435,10.1016,https://doi.org/10.1016/j.atech.2025.101435: HTML tanpa tautan PDF | https://doaj.org/article/e9e37c356a3a4aeda1312d21101f7f7b: HTTP 403
garg2025autonomous,C1,2025,Garg K.,Autonomous UAV Navigation and Mapping for Accurate Fruit Detection and Counting in Controlled Environments: Simulation and Real-World Validation,2025 International Conference on Unmanned Aircraft Systems Icuas 2025,10.1109/icuas65942.2025.11007888,10.1109,https://doi.org/10.1109/icuas65942.2025.11007888: HTTP 202
hong2025fruitgaussian,C1,2025,Hong X.,Fruitgaussian: 3D Gaussian Splatting for Automated Fruit Counting in Natural Orchard,Chinese Control Conference Ccc,10.23919/ccc64809.2025.11179457,10.23919,https://doi.org/10.23919/ccc64809.2025.11179457: HTTP 202
isobe2025mandarin,C1,2025,Isobe D.,Mandarin count estimation with 360-degree tree video and transformer-based deep learning,Smart Agricultural Technology,10.1016/j.atech.2025.100874,10.1016,https://doi.org/10.1016/j.atech.2025.100874: HTML tanpa tautan PDF | https://doaj.org/article/f86911a3f0804b008b0a58afc01e0218: HTTP 403
issad2025real,C1,2025,Issad H.A.,Real-Time Fruit Detection and Counting,Icrami 2025 2025 International Conference on Recent Advances in Mathematics and Informatics,10.1109/icrami64946.2025.11472714,10.1109,https://doi.org/10.1109/icrami64946.2025.11472714: HTTP 202
jiang2025neural,C1,2025,Jiang L.,Neural Radiance Fields for Plot-level Cotton Crop Three-dimensional Reconstruction and Yield Estimation,2025 Asabe Annual International Meeting,10.13031/aim.202500502,10.13031,https://doi.org/10.13031/aim.202500502: galat jaringan: SSLError
kemper2025performance,C1,2025,Kemper R.J.H.,Performance Evaluation of Detection and Tracking Algorithms for Automated Grape Cluster Counting,C3 2025 IEEE Colombian Caribbean Conference,10.1109/c366505.2025.11340275,10.1109,https://doi.org/10.1109/c366505.2025.11340275: HTTP 202
kutyrev2025uav,C1,2025,Kutyrev A.,UAV-based sustainable orchard management: deep learning for apple detection and yield estimation,E3s Web of Conferences,10.1051/e3sconf/202561403021,10.1051,https://www.e3s-conferences.org/articles/e3sconf/pdf/2025/14/e3sconf_icaw2024_03: HTTP 403 | https://doaj.org/article/9dc0e15596124b14a6ce929c14c7a5b0: HTTP 403 | https://doi.org/10.1051/e3sconf/20256
lei2025spatio,C1,2025,Lei J.,Spatio-Temporal Metric-Semantic Mapping for Persistent Orchard Monitoring: Method and Dataset,IEEE Robotics and Automation Letters,10.1109/lra.2025.3588037,10.1109,https://doi.org/10.1109/lra.2025.3588037: HTTP 202
louis2025automated,C1,2025,Louis F.,Automated Muskmelon Counting in Real Farm Environment using YOLOv11n,Proceeding of the IEEE International Conference on Smart Instrumentation Measurement and Applications Icsima,10.1109/icsima66552.2025.11233648,10.1109,https://doi.org/10.1109/icsima66552.2025.11233648: HTTP 202
lu2025iot,C1,2025,Lu J.,IoT-Based Precision Litchi Tracking and Counting Method Using Gated Metrics,IEEE Internet of Things Journal,10.1109/jiot.2025.3561130,10.1109,https://doi.org/10.1109/jiot.2025.3561130: HTTP 202
lyu2025counting,C1,2025,Lyu J.,Counting bagging grape using improved YOLOv9s and adaptive Kalman filter,Nongye Gongcheng Xuebao Transactions of the Chinese Society of Agricultural Engineering,10.11975/j.issn.1002-6819.202412026,10.11975,https://doi.org/10.11975/j.issn.1002-6819.202412026: citation_pdf_url gagal (melewati batas waktu total)
lyu2025real,C1,2025,Lyu J.,Real-time detecting and counting dual-association bagged grape clusters using EMO-YOLOv5s,Nongye Gongcheng Xuebao Transactions of the Chinese Society of Agricultural Engineering,10.11975/j.issn.1002-6819.202412150,10.11975,https://doi.org/10.11975/j.issn.1002-6819.202412150: citation_pdf_url gagal (melewati batas waktu total)
majdalawieh2025optimizing,C1,2025,Majdalawieh M.,"Optimizing Fruit Harvesting Through a High-Performance Deep Learning Framework for Detection, Tracking, and Automated Counting.",Proceedings 2025 27th IEEE International Conference on High Performance Computing and Communications 11th IEEE International Conference on Data Science and Systems 23rd IEEE International Conference on Smart City 11th IEEE International Conference on Dependability in Sensor Cloud and Big Data Systems and Applications and 21st IEEE International Conference on Embedded Software and Systems Hpcc Dss Smartcity Dependsys Icess 2025,10.1109/hpcc67675.2025.00132,10.1109,https://doi.org/10.1109/hpcc67675.2025.00132: HTTP 202
matos2025apple,C1,2025,Matos G.P.,An Apple Counting System Robust to Multiple Intermittent Occlusions,Lecture Notes in Computer Science Including Subseries Lecture Notes in Artificial Intelligence and Lecture Notes in Bioinformatics,10.1007/978-3-031-73497-7_15,10.1007,tidak dicoba
meyer2025fruitnerf,C1,2025,Meyer L.,FruitNeRF++: A Generalized Multi-Fruit Counting Method Utilizing Contrastive Learning and Neural Radiance Fields,IEEE International Conference on Intelligent Robots and Systems,10.1109/iros60139.2025.11247341,10.1109,https://doi.org/10.1109/iros60139.2025.11247341: HTTP 202
mollineda2025estimation,C1,2025,Mollineda R.A.,Estimation of orange tree production by regression from video segments under uncontrolled conditions,Neural Computing and Applications,10.1007/s00521-024-10772-4,10.1007,tidak dicoba
pichhika2025enhanced,C1,2025,Pichhika H.C.,Enhanced YOLO-Based Mango Detection and Centroid Tracking for Precise Yield Estimation,Applied Fruit Science,10.1007/s10341-025-01385-9,10.1007,tidak dicoba
poncemachete2025optimizing,C1,2025,Ponce-Machete R.A.,Optimizing Fruit Yield Prediction: Evaluating Multiobject Tracking Algorithms for Calamansi Fruit Detection Using Yolov8m,2025 17th International Conference on Computer and Automation Engineering Iccae 2025,10.1109/iccae64891.2025.10980575,10.1109,https://doi.org/10.1109/iccae64891.2025.10980575: HTTP 202
qi2025assessment,C1,2025,Qi Z.,Assessment of the tomato cluster yield estimation algorithms via tracking-by-detection approaches,Information Processing in Agriculture,10.1016/j.inpa.2025.02.005,10.1016,https://doi.org/10.1016/j.inpa.2025.02.005: HTML tanpa tautan PDF | https://doaj.org/article/40017b0a8e514e938f23c152ba8ee8bc: HTTP 403
sasse2025object,C1,2025,Sasse A.M.,An Object-Tracking Technique for Counting Grape Clusters in Brazilian Northeast's Pergola Vineyards,Proceedings of the 2025 28th International Conference on Information Fusion Fusion 2025,10.23919/fusion65864.2025.11124157,10.23919,https://doi.org/10.23919/fusion65864.2025.11124157: HTTP 202
tu2025estimation,C1,2025,Tu S.,Estimation of passion fruit yield based on YOLOv8n + OC-SORT + CRCM algorithm,Computers and Electronics in Agriculture,10.1016/j.compag.2024.109727,10.1016,tidak dicoba
vaishnavi2025fruit,C1,2025,Vaishnavi M.,Fruit Detection and Yield Estimation using Path Aggregation Feature Pyramid Network and Deep SORT Algorithm: A Case Study on Orange Fruit,Proceedings of the 9th International Conference on Electronics Communication and Aerospace Technology Iceca 2025,10.1109/iceca66444.2025.11383116,10.1109,https://doi.org/10.1109/iceca66444.2025.11383116: HTTP 202
wei2025multi,C1,2025,Wei J.,Multi-Object Tracking for Apple Counting in Orchards Using Stereo Vision,Conference Proceedings 2025 IEEE International Workshop on Metrology for Agriculture and Forestry Metroagrifor 2025,10.1109/metroagrifor66923.2025.11512512,10.1109,https://doi.org/10.1109/metroagrifor66923.2025.11512512: HTTP 202
xieli2025pinesort,C1,2025,Xie-Li D.,PineSORT: A Simple Online Real-Time Tracking Framework for Drone Videos in Agriculture,IEEE Computer Society Conference on Computer Vision and Pattern Recognition Workshops,10.1109/cvprw67362.2025.00012,10.1109,https://www.kerwa.ucr.ac.cr/bitstreams/e6886bd8-7ed9-4f46-b574-9d066006527c/down: galat jaringan: SSLError | https://doi.org/10.1109/cvprw67362.2025.00012: HTTP 202
xing2025cb,C1,2025,Xing Y.,CB-YOLO-DeepSORT: Real-Time Yield Estimation for Tomatoes in Greenhouses,15th IEEE International Conference on Cyber Technology in Automation Control and Intelligent Systems Cyber 2025,10.1109/cyber67662.2025.11168194,10.1109,https://doi.org/10.1109/cyber67662.2025.11168194: HTTP 202
yang2025hierarchical,C1,2025,Yang W.,Hierarchical 3D Scene Graph based Semantic-Metric SLAM for Plant Inspection and Fruit Counting in Intelligent Hydroponics System,IEEE Internet of Things Journal,10.1109/jiot.2025.3600531,10.1109,https://doi.org/10.1109/jiot.2025.3600531: HTTP 202
yang2025safe,C1,2025,Yang T.,Towards Safe and Efficient Through-the-Canopy Autonomous Fruit Counting with UAVs,Proceedings IEEE International Conference on Robotics and Automation,10.1109/icra55743.2025.11127839,10.1109,https://doi.org/10.1109/icra55743.2025.11127839: HTTP 202
zhang2025robust,C1,2025,Zhang N.,Robust real-time blueberry counting in greenhouses using small-object detection and mamba-driven multi-step trajectory completion,Smart Agricultural Technology,10.1016/j.atech.2025.101402,10.1016,https://doi.org/10.1016/j.atech.2025.101402: HTML tanpa tautan PDF | https://doaj.org/article/eaac8f97f6cc4bd9a96191078b5f15fc: HTTP 403
zhang2025row,C1,2025,Zhang J.,Row-based kiwifruit counting pipeline for smartphone-captured videos using fruit tracking and detection region adaptation guided by support-post,Computers and Electronics in Agriculture,10.1016/j.compag.2025.110476,10.1016,tidak dicoba
blondet2026counting,C1,2026,Blondet D.A.,Counting Avocados in Orchard Videos Using a YOLO and BoT-SORT-Based Architecture,Communications in Computer and Information Science,10.1007/978-3-032-20322-9_36,10.1007,tidak dicoba
farhoud2026instance,C1,2026,Farhoud S.A.,Instance segmentation and multi-object tracking for fruit quality grading and dynamic yield estimation in Egyptian citrus orchards,Smart Agricultural Technology,10.1016/j.atech.2026.102529,10.1016,https://doi.org/10.1016/j.atech.2026.102529: HTML tanpa tautan PDF
felippomes2026video,C1,2026,Felip-Pomés M.,Video-based fruit detection and tracking: effects of scanning conditions on fruit load estimation,Computers and Electronics in Agriculture,10.1016/j.compag.2026.112330,10.1016,https://doi.org/10.1016/j.compag.2026.112330: HTML tanpa tautan PDF
feng2026greenhouse,C1,2026,Feng Q.,Greenhouse Tomato Fruit Inspection and Counting Method Based on Improved YOLO v8n ByteTrack,Nongye Jixie Xuebao Transactions of the Chinese Society for Agricultural Machinery,10.6041/j.issn.1000-1298.2026.05.011,10.6041,https://doi.org/10.6041/j.issn.1000-1298.2026.05.011: HTTP 503
gao2026vision,C1,2026,Gao Z.,Vision-Based 3D Fruit Localization for Robotic Harvesting Using Recursive State Estimation,2026 7th International Conference on Artificial Intelligence and Electromechanical Automation Aiea 2026,10.1109/aiea70743.2026.11633088,10.1109,https://doi.org/10.1109/aiea70743.2026.11633088: HTTP 202
hu2026calibration,C1,2026,Hu S.,Calibration-enhanced multi-view RGB-D vision for robust recognition and 3D localization of strawberries under occlusions,Computers and Electronics in Agriculture,10.1016/j.compag.2025.111221,10.1016,tidak dicoba
huang2026mfft,C1,2026,Huang W.,MFFT: an improved method for stable ID tracking and counting of multi-class mango segmentation with multi-feature fusion in complex occlusion scenarios,Computers and Electronics in Agriculture,10.1016/j.compag.2026.112149,10.1016,tidak dicoba
indriani2026sawitmvc,C1,2026,Indriani F.,SawitMVC: A multi-view oil palm fruit bunch dataset for detection and counting,Data in Brief,10.1016/j.dib.2026.112990,10.1016,https://doi.org/10.1016/j.dib.2026.112990: HTML tanpa tautan PDF
nguyen2026modular,C1,2026,Nguyen K.,A Modular UAV-Based Framework for Apple Detection and Yield Extrapolation from 3D Point Clouds,Proceedings of the ACM Symposium on Applied Computing,10.1145/3748522.3779768,10.1145,https://doi.org/10.1145/3748522.3779768: HTTP 403
pardobeainy2026maturity,C1,2026,Pardo-Beainy C.,Maturity and size estimation with yield mapping for hydroponic strawberries using machine vision,Smart Agricultural Technology,10.1016/j.atech.2026.102416,10.1016,https://doi.org/10.1016/j.atech.2026.102416: HTML tanpa tautan PDF
park2026incremental,C1,2026,Park D.,Incremental 3D Crop Model Association for Real-Time Counting in Dense Orchards,IEEE Robotics and Automation Letters,10.1109/lra.2026.3662648,10.1109,https://doi.org/10.1109/lra.2026.3662648: HTTP 202
piazolo2026enhanced,C1,2026,Piazolo J.,Enhanced grape tracking (using deep neural networks) with an extended matching algorithm for SORT and DeepSORT,Computers and Electronics in Agriculture,10.1016/j.compag.2026.111529,10.1016,https://doi.org/10.1016/j.compag.2026.111529: HTML tanpa tautan PDF | https://publica.fraunhofer.de/handle/publica/507891: HTML tanpa tautan PDF
santos2026multi,C1,2026,Santos T.T.,Multi-Fruit Tracking and 3-D Structure Recovery via CoTracker,Revista De Informatica Teorica E Aplicada,10.22456/2175-2745.150960,10.22456,https://doi.org/10.22456/2175-2745.150960: galat jaringan: ConnectionError | https://seer.ufrgs.br/index.php/rita/article/download/150960/98712: galat jaringan: ConnectionError
si2026citrus,C1,2026,Si N.,Citrus yield estimation based on multi- object tracking in video streams using an improved YOLOv8n model,Journal of Fruit Science,10.13925/j.cnki.gsxb.20250487,10.13925,https://doaj.org/article/7dfddc8bb7b048cc804d20031eb0036a: HTTP 403 | https://doi.org/10.13925/j.cnki.gsxb.20250487: HTML tanpa tautan PDF
tu2026passion,C1,2026,Tu S.,Passion Fruit Counting Method Based on Lightweight YOLO lln CLL and BoT SORT,Nongye Jixie Xuebao Transactions of the Chinese Society for Agricultural Machinery,10.6041/j.issn.1000-1298.2026.10.021,10.6041,https://doi.org/10.6041/j.issn.1000-1298.2026.10.021: galat jaringan: ConnectionError
wang2026semantic,C1,2026,Wang Y.,Semantic NeRF-Oriented 3-D Object Counting for Industrial Fruit Harvesting,IEEE Transactions on Automation Science and Engineering,10.1109/tase.2026.3700861,10.1109,https://doi.org/10.1109/tase.2026.3700861: HTTP 202
weng2026citrus,C1,2026,Weng H.,Citrus tracking and counting using UAV remote sensing video imagery with improved YOLO11,Nongye Gongcheng Xuebao Transactions of the Chinese Society of Agricultural Engineering,10.11975/j.issn.1002-6819.202508166,10.11975,https://doi.org/10.11975/j.issn.1002-6819.202508166: citation_pdf_url gagal (melewati batas waktu total)
woo2026geometry,C1,2026,Woo Y.S.,Geometry-Driven Triangulation and Differentiable Semantic Gaussian Refinement for 3D Grape Bunch Model Reconstruction in the Field,Icict 2026 Proceedings of 2026 the 9th International Conference on Information and Computer Technologies,10.1145/3803291.3803356,10.1145,https://doi.org/10.1145/3803291.3803356: HTTP 403
xing2026lightweight,C1,2026,Xing X.,A lightweight multi-view detection and counting method for real-time cherry tomato yield estimation using greenhouse inspection robots,Smart Agricultural Technology,10.1016/j.atech.2026.102260,10.1016,https://doi.org/10.1016/j.atech.2026.102260: HTML tanpa tautan PDF
yang2026real,C1,2026,Yang R.,A real-time semantic 3D vineyard mapping and fruit localization system for yield estimation in dynamic vineyards,Smart Agricultural Technology,10.1016/j.atech.2026.101784,10.1016,https://doi.org/10.1016/j.atech.2026.101784: HTML tanpa tautan PDF | https://doaj.org/article/806caa2fc16c476ab4f8c67586d45e42: HTTP 403
yoshida2026cross,C1,2026,Yoshida T.,Cross-Day Grape Cluster Tracking Using Branch-Based 3D Alignment in Vineyards,Journal of Robotics and Mechatronics,10.20965/jrm.2026.p0953,10.20965,https://doi.org/10.20965/jrm.2026.p0953: HTML tanpa tautan PDF
zhao2026adapting,C1,2026,Zhao K.,Adapting SAM3 for 3D fruit counting with cross-view contrastive learning and Hough voting,Computers and Electronics in Agriculture,10.1016/j.compag.2026.112325,10.1016,https://doi.org/10.1016/j.compag.2026.112325: HTML tanpa tautan PDF
zhao2026two,C1,2026,Zhao J.,A two-stage fine-tuning strategy for 3D object segmentation from multi-view images,Smart Agricultural Technology,10.1016/j.atech.2026.102443,10.1016,https://doi.org/10.1016/j.atech.2026.102443: HTML tanpa tautan PDF
fadilah2012oil,C3,2012,Fadilah N.,Oil palm fresh fruit bunch ripeness classification using artificial neural network,Icias 2012 2012 4th International Conference on Intelligent and Advanced Systems A Conference of World Engineering Science and Technology Congress Estcon Conference Proceedings,10.1109/icias.2012.6306151,10.1109,https://doi.org/10.1109/icias.2012.6306151: HTML tanpa tautan PDF
haron2012white,C3,2012,Haron N.M.A.N.,White LED illumination for improving outdoor image analysis for palm oil fruit ripeness detection,2012 International Conference on Advanced Computer Science and Information Systems Icacsis 2012 Proceedings,,,tidak dicoba
kassim2012oil,C3,2012,Kassim M.S.M.,Oil palm fresh fruit bunches (FFB) growth determination system to support harvesting operation,Journal of Food Agriculture and Environment,,,tidak dicoba
mohamad2012exploiting,C3,2012,Mohamad F.,Exploiting suitable color model for ripeness identification,Proceedings of the 2012 International Conference on Image Processing Computer Vision and Pattern Recognition Ipcv 2012,,,tidak dicoba
alfatni2013oil,C3,2013,Alfatni M.S.M.,"Oil palm fruit ripeness grading system based on Basic Gray Level Aura Matrix feature extraction and support vector machine, K nearest neighbourhood and artificial Neural Network supervised machine learning",Advanced Science Letters,10.1166/asl.2013.5035,10.1166,https://doi.org/10.1166/asl.2013.5035: HTTP 403
alfatni2013recognition,C3,2013,Alfatni M.S.M.,Recognition system of oil palm fruit bunch types based on texture feature and image processing techniques,Advanced Science Letters,10.1166/asl.2013.5201,10.1166,https://doi.org/10.1166/asl.2013.5201: HTTP 403
amosh2013adaptive,C3,2013,Amosh L.,Adaptive region growing for automated oil palm fruit quality recognition,Lecture Notes in Computer Science Including Subseries Lecture Notes in Artificial Intelligence and Lecture Notes in Bioinformatics,10.1007/978-3-319-02958-0_18,10.1007,tidak dicoba
makky2013development,C3,2013,Makky M.,Development of an automatic grading machine for oil palm fresh fruits bunches (FFBs) based on machine vision,Computers and Electronics in Agriculture,10.1016/j.compag.2013.02.008,10.1016,tidak dicoba
alfatni2014oil,C3,2014,Alfatni M.S.M.,Oil palm fruit maturity classification based on texture feature extraction of fruit thorns and supervised machine learning classifiers using image processing technique,Acta Horticulturae,10.17660/actahortic.2014.1054.42,10.17660,https://doi.org/10.17660/actahortic.2014.1054.42: HTML tanpa tautan PDF
alfatni2014oilb,C3,2014,Alfatni M.S.M.,Oil palm fresh fruit bunch ripeness classification based on rule-based expert system of ROI image processing technique results,Iop Conference Series Earth and Environmental Science,10.1088/1755-1315/20/1/012018,10.1088,https://iopscience.iop.org/article/10.1088/1755-1315/20/1/012018/pdf: HTML tanpa tautan PDF | https://doi.org/10.1088/1755-1315/20/1/012018: HTML tanpa tautan PDF
kassim2014oil,C3,2014,Kassim M.S.M.,Oil palm fruit classifications by using near infrared images,Research Journal of Applied Sciences Engineering and Technology,10.19026/rjaset.7.517,10.19026,https://doi.org/10.19026/rjaset.7.517: HTTP 403 | https://www.maxwellsci.com/announce/RJASET/7-2200-2207.pdf: HTTP 404
cherie2015advance,C3,2015,Cherie D.,Advance models for camera-vision based oil content prediction of intact oil palm fruits (Elaeis Guineensis Jacq) on trees with nondestructive evaluation,International Journal on Advanced Science Engineering and Information Technology,10.18517/ijaseit.5.4.542,10.18517,http://www.insightsociety.org/ojaseit/index.php/ijaseit/article/download/542/621: HTTP 403 | https://doi.org/10.18517/ijaseit.5.4.542: HTTP 403
pamornnak2015oil,C3,2015,Pamornnak B.,Oil content determination scheme of postharvest oil palm for mobile devices,Biosystems Engineering,10.1016/j.biosystemseng.2015.03.010,10.1016,tidak dicoba
taparugssanagorn2015non,C3,2015,Taparugssanagorn A.,A non-destructive oil palm ripeness recognition system using relative entropy,Computers and Electronics in Agriculture,10.1016/j.compag.2015.09.018,10.1016,tidak dicoba
gro2017maturity,C3,2017,Groß T.,Of maturity stages of oil palm fresh fruit bunches using multispectral imaging method,Acta Horticulturae,10.17660/actahortic.2017.1152.10,10.17660,https://doi.org/10.17660/actahortic.2017.1152.10: HTML tanpa tautan PDF
pamornnak2017automatic,C3,2017,Pamornnak B.,An automatic and rapid system for grading palm bunch using a Kinect camera,Computers and Electronics in Agriculture,10.1016/j.compag.2017.10.020,10.1016,tidak dicoba
shiddiq2017ripeness,C3,2017,Shiddiq M.,Ripeness detection simulation of oil palm fruit bunches using laser-based imaging system,Aip Conference Proceedings,10.1063/1.4973101,10.1063,https://aip.scitation.org/doi/pdf/10.1063/1.4973101: HTML tanpa tautan PDF | https://doi.org/10.1063/1.4973101: HTTP 403
zolfagharnassab2017emissivity,C3,2017,Zolfagharnassab S.,Emissivity determination of oil palm fresh fruit ripeness using a thermal imaging technique,Acta Horticulturae,10.17660/actahortic.2017.1152.26,10.17660,https://doi.org/10.17660/actahortic.2017.1152.26: HTML tanpa tautan PDF
alfatni2018real,C3,2018,Alfatni M.S.M.,"Real-time oil palm FFB ripeness grading system based on ANN, KNN and SVM classifiers",Iop Conference Series Earth and Environmental Science,10.1088/1755-1315/169/1/012067,10.1088,https://iopscience.iop.org/article/10.1088/1755-1315/169/1/012067/pdf: HTML tanpa tautan PDF | https://doi.org/10.1088/1755-1315/169/1/012067: HTML tanpa tautan PDF
ibrahim2018palm,C3,2018,Ibrahim Z.,Palm oil fresh fruit bunch ripeness grading recognition using convolutional neural network,Journal of Telecommunication Electronic and Computer Engineering,,,tidak dicoba
siddesha2018segmentation,C3,2018,Siddesha S.,Segmentation of oil palm crop bunch from tree images,Proceedings of the 2017 International Conference on Smart Technology for Smart Nation Smarttechcon 2017,10.1109/smarttechcon.2017.8358639,10.1109,https://doi.org/10.1109/smarttechcon.2017.8358639: HTTP 202
astuti2019oil,C3,2019,Astuti I.,Oil palm fruit ripeness detection using K-Nearest neighbour,Journal of Physics Conference Series,10.1088/1742-6596/1277/1/012028,10.1088,https://iopscience.iop.org/article/10.1088/1742-6596/1277/1/012028/pdf: HTML tanpa tautan PDF | https://doi.org/10.1088/1742-6596/1277/1/012028: HTML tanpa tautan PDF
septiarini2019image,C3,2019,Septiarini A.,Image-based processing for ripeness classification of oil palm fruit,Proceeding 2019 5th International Conference on Science in Information Technology Embracing Industry 4 0 Towards Innovation in Cyber Physical System Icsitech 2019,10.1109/icsitech46713.2019.8987575,10.1109,https://doi.org/10.1109/icsitech46713.2019.8987575: HTTP 202
setiawan2019estimation,C3,2019,Setiawan A.W.,Estimation of Nigrescens Palm Oil Ripeness using Contrast and Skewness from 680 nm Image,Proceedings 2019 International Seminar on Intelligent Technology and Its Application Isitia 2019,10.1109/isitia.2019.8937225,10.1109,https://doi.org/10.1109/isitia.2019.8937225: HTTP 202
sukemi2019identification,C3,2019,Sukemi ,Identification using the K -Means Clustering and Gray Level Co-occurance Matrix (GLCM) At Maturity Fruit Oil Head,Proceedings of 2019 4th International Conference on Informatics and Computing Icic 2019,10.1109/icic47613.2019.8985681,10.1109,https://doi.org/10.1109/icic47613.2019.8985681: HTTP 202
alfatni2020colour,C3,2020,Alfatni M.S.M.,Colour Feature Extraction Techniques for Real Time System of Oil Palm Fresh Fruit Bunch Maturity Grading,Iop Conference Series Earth and Environmental Science,10.1088/1755-1315/540/1/012092,10.1088,https://iopscience.iop.org/article/10.1088/1755-1315/540/1/012092/pdf: HTML tanpa tautan PDF | https://doi.org/10.1088/1755-1315/540/1/012092: HTML tanpa tautan PDF
harsawardana2020ai,C3,2020,Harsawardana ,AI-Based Ripeness Grading for Oil Palm Fresh Fruit Bunch in Smart Crane Grabber,Iop Conference Series Earth and Environmental Science,10.1088/1755-1315/426/1/012147,10.1088,https://iopscience.iop.org/article/10.1088/1755-1315/426/1/012147/pdf: HTML tanpa tautan PDF | https://doi.org/10.1088/1755-1315/426/1/012147: HTML tanpa tautan PDF
mohd2020combination,C3,2020,Mohd Ali M.,Combination of laser-light backscattering imaging and computer vision for rapid determination of oil palm fresh fruit bunches maturity,Computers and Electronics in Agriculture,10.1016/j.compag.2020.105235,10.1016,tidak dicoba
prasetyo2020automatic,C3,2020,Prasetyo N.A.,Automatic detection and calculation of palm oil fresh fruit bunches using faster R-CNN,International Journal of Applied Science and Engineering,10.6703/ijase.202005_17(2).121,10.6703,https://doi.org/10.6703/ijase.202005_17(2).121: HTML tanpa tautan PDF
saetang2020estimation,C3,2020,Sae-Tang S.,Estimation of Oil Content in Oil Palm Fresh Fruit Bunch by Its Surface Color,Proceedings 2020 15th International Joint Symposium on Artificial Intelligence and Natural Language Processing Isai Nlp 2020,10.1109/isai-nlp51646.2020.9376834,10.1109,https://doi.org/10.1109/isai-nlp51646.2020.9376834: HTTP 202
septiarini2020automatic,C3,2020,Septiarini A.,Automatic image segmentation of oil palm fruits by applying the contour-based approach,Scientia Horticulturae,10.1016/j.scienta.2019.108939,10.1016,tidak dicoba
septiarini2020maturity,C3,2020,Septiarini A.,Maturity grading of oil palm fresh fruit bunches based on a machine learning approach,2020 5th International Conference on Informatics and Computing Icic 2020,10.1109/icic50835.2020.9288603,10.1109,https://doi.org/10.1109/icic50835.2020.9288603: HTTP 202
setiawan2020palm,C3,2020,Setiawan A.W.,Palm Oil Fresh Fruit Bunch Grading System Using Multispectral Image Analysis in HSV,2020 IEEE International Conference on Informatics Iot and Enabling Technologies Iciot 2020,10.1109/iciot48696.2020.9089431,10.1109,https://doi.org/10.1109/iciot48696.2020.9089431: HTML tanpa tautan PDF
wong2020computer,C3,2020,Wong Z.Y.,Computer vision algorithm development for classification of palm fruit ripeness,Aip Conference Proceedings,10.1063/5.0002188,10.1063,https://doi.org/10.1063/5.0002188: HTTP 403
aji2021automatic,C3,2021,Aji W.S.,Automatic Oil Palm Unstripped Bunch (USB) Counting System based on Faster RCNN and Object Tracking,Proceedings 2nd International Conference on Computer Science and Engineering the Effects of the Digital World After Pandemic Edwap Ic2se 2021,10.1109/ic2se52832.2021.9792068,10.1109,https://doi.org/10.1109/ic2se52832.2021.9792068: HTTP 202
bin2021development,C3,2021,Bin Mat Seri A.D.I.,Development of Virescens Fresh Fruit Bunch Ripeness Prediction using LiDAR for Smart Agriculture,Tensymp 2021 2021 IEEE Region 10 Symposium,10.1109/tensymp52854.2021.9550981,10.1109,https://doi.org/10.1109/tensymp52854.2021.9550981: HTML tanpa tautan PDF
fauziah2021thermal,C3,2021,Fauziah W.K.,Thermal vision of oil palm fruits under difference ripeness quality,Iop Conference Series Earth and Environmental Science,10.1088/1755-1315/644/1/012044,10.1088,https://iopscience.iop.org/article/10.1088/1755-1315/644/1/012044/pdf: HTML tanpa tautan PDF | https://doi.org/10.1088/1755-1315/644/1/012044: HTML tanpa tautan PDF
herman2021deep,C3,2021,Herman H.,Deep learning for oil palm fruit ripeness classification with densenet,Proceedings of 2021 International Conference on Information Management and Technology Icimtech 2021,10.1109/icimtech53080.2021.9534988,10.1109,https://doi.org/10.1109/icimtech53080.2021.9534988: HTTP 202
husin2021distribution,C3,2021,Husin H.S.,Distribution map of oil palm fresh fruit bunch using LiDAR*,2021 12th International Conference on Information and Communication Systems Icics 2021,10.1109/icics52457.2021.9464575,10.1109,https://doi.org/10.1109/icics52457.2021.9464575: HTTP 202
junos2021optimized,C3,2021,Junos M.H.,An optimized YOLO-based object detection model for crop harvesting system,Iet Image Processing,10.1049/ipr2.12181,10.1049,https://doaj.org/article/cf664fb2d8874ab5b7b6e6f53e4315c8: HTTP 403
makky2021thermal,C3,2021,Makky M.,Thermal and optical properties of oil palm FFB for optimum harvest window prediction,Iop Conference Series Earth and Environmental Science,10.1088/1755-1315/757/1/012004,10.1088,https://iopscience.iop.org/article/10.1088/1755-1315/757/1/012004/pdf: HTML tanpa tautan PDF | https://doi.org/10.1088/1755-1315/757/1/012004: HTML tanpa tautan PDF
septiarini2021machine,C3,2021,Septiarini A.,Machine vision for the maturity classification of oil palm fresh fruit bunches based on color and texture features,Scientia Horticulturae,10.1016/j.scienta.2021.110245,10.1016,tidak dicoba
suharjito2021oil,C3,2021,Suharjito ,Oil palm fresh fruit bunch ripeness classification on mobile devices using deep learning approaches,Computers and Electronics in Agriculture,10.1016/j.compag.2021.106359,10.1016,tidak dicoba
teh2021coloured,C3,2021,Teh W.Y.,Coloured Edge Maps for Oil Palm Ripeness Classification,32nd British Machine Vision Conference Bmvc 2021,,,tidak dicoba
xiang2021oil,C3,2021,Xiang A.J.,An Oil Palm Loose Fruits Image Detection System using Faster R -CNN and Jetson TX2,Proceedings of the International Conference on Electrical Engineering and Informatics,10.1109/iceei52609.2021.9611111,10.1109,https://doi.org/10.1109/iceei52609.2021.9611111: HTTP 202
arulnathan2022background,C3,2022,Arulnathan D.N.,Background Subtraction for Accurate Palm Oil Fruitlet Ripeness Detection,2022 IEEE International Conference on Automatic Control and Intelligent Systems I2cacis 2022 Proceedings,10.1109/i2cacis54679.2022.9815275,10.1109,https://doi.org/10.1109/i2cacis54679.2022.9815275: HTTP 202
chen2022detection,C3,2022,Chen Z.,Detection of Oil Palm Fresh Fruit Bunches (FFBS) with Computer Vision Models,Proceedings 2022 International Conference on Mechanical Automation and Electrical Engineering Cmaee 2022,10.1109/cmaee58250.2022.00023,10.1109,https://doi.org/10.1109/cmaee58250.2022.00023: HTTP 202
daud2022loose,C3,2022,Daud M.M.,Loose Fruitlet and Fresh Fruit Bunch Detection for Palm Oil Harvest Management,Proceedings of the 2022 IEEE International Conference on Internet of Things and Intelligence Systems Iotais 2022,10.1109/iotais56727.2022.9975972,10.1109,https://doi.org/10.1109/iotais56727.2022.9975972: HTTP 202
junos2022automatic,C3,2022,Junos M.H.,Automatic detection of oil palm fruits from UAV images using an improved YOLO model,Visual Computer,10.1007/s00371-021-02116-3,10.1007,tidak dicoba
kadir2022analysis,C3,2022,Kadir K.,Analysis Of Ground FFB Detection Via Real Sense Camera,8th IEEE International Conference on Smart Instrumentation Measurement and Applications Icsima 2022,10.1109/icsima55652.2022.9929099,10.1109,https://doi.org/10.1109/icsima55652.2022.9929099: HTTP 202
khamis2022comparison,C3,2022,Khamis N.,Comparison of Palm Oil Fresh Fruit Bunches (FFB) Ripeness Classification Technique using Deep Learning Method,Ascc 2022 2022 13th Asian Control Conference Proceedings,10.23919/ascc56756.2022.9828345,10.23919,https://doi.org/10.23919/ascc56756.2022.9828345: HTML tanpa tautan PDF
lai2022real,C3,2022,Lai J.W.,Real-Time Detection of Ripe Oil Palm Fresh Fruit Bunch Based on YOLOv4,IEEE Access,10.1109/access.2022.3204762,10.1109,https://ieeexplore.ieee.org/ielx7/6287639/6514899/09878339.pdf: HTTP 404 | https://doaj.org/article/b794973d36ee4d72aeaa09f381916f00: HTTP 403 | https://doi.org/10.1109/access.2022.3204762: HTTP 202
mansour2022object,C3,2022,Mansour M.Y.M.A.,Object Detection Algorithms for Ripeness Classification of Oil Palm Fresh Fruit Bunch,International Journal of Technology,10.14716/ijtech.v13i6.5932,10.14716,https://ijtech.eng.ui.ac.id/download/article/5932: galat jaringan: ConnectionError | https://doi.org/10.14716/ijtech.v13i6.5932: galat jaringan: ProxyError
robi2022image,C3,2022,Robi S.N.A.B.M.,Image Detection and Classification of Oil Palm Fruit Bunches,4th International Conference on Smart Sensors and Application Digitalization for Societal Well Being Icssa 2022,10.1109/icssa54161.2022.9870945,10.1109,https://doi.org/10.1109/icssa54161.2022.9870945: HTML tanpa tautan PDF
shiddiq2022volume,C3,2022,Shiddiq M.,Volume measurement of oil palm fresh fruit bunches using computer vision,Aip Conference Proceedings,10.1063/5.0108551,10.1063,https://doi.org/10.1063/5.0108551: HTTP 403
shiddiq2022wavelength,C3,2022,Shiddiq M.,Wavelength selection of multispectral imaging for oil palm fresh fruit ripeness classification,Applied Optics,10.1364/ao.450384,10.1364,https://doi.org/10.1364/ao.450384: citation_pdf_url gagal (HTTP 202)
suharjito2022effect,C3,2022,Suharjito ,Effect of Pre-processing Dataset on Classification Performance of Deep Learning Model for Detection of Oil Palm Fruit Ripe,9th International Conference on ICT for Smart Society Recover Together Recover Stronger and Smarter Smartization Governance and Collaboration Iciss 2022 Proceeding,10.1109/iciss55894.2022.9915269,10.1109,https://doi.org/10.1109/iciss55894.2022.9915269: HTTP 202
aji2023oil,C3,2023,Aji W.S.,Oil Palm USB (Unstripped Bunch) Detector Trained on Synthetic Images Generated by PGGAN,Journal of Robotics and Control Jrc,10.18196/jrc.v4i5.19499,10.18196,https://journal.umy.ac.id/index.php/jrc/article/download/19499/8644: galat jaringan: ConnectionError | https://doi.org/10.18196/jrc.v4i5.19499: HTTP 403
borman2023classification,C3,2023,Borman R.I.,Classification of maturity levels of palm fresh fruit bunches using the linear discriminant analysis algorithm,Aip Conference Proceedings,10.1063/5.0126513,10.1063,https://doi.org/10.1063/5.0126513: HTTP 403
daud2023detection,C3,2023,Daud M.M.,Detection of Oil Palm Tree and Loose Fruitlets for Fresh Fruit Bunch's Ready-to-Harvest Prediction via Deep Learning Approach,Iaeng International Journal of Computer Science,,,tidak dicoba
gunawan2023palm,C3,2023,Gunawan T.S.,Palm Fruit Ripeness Detection and Classification Using Various YOLOv8 Models,Icsima 2023 9th IEEE International Conference on Smart Instrumentation Measurement and Applications,10.1109/icsima59853.2023.10373435,10.1109,http://irep.iium.edu.my/110159/1/110159_Palm%20fruit%20ripeness%20detection.pdf: HTTP 401 | https://doi.org/10.1109/icsima59853.2023.10373435: HTTP 202
junior2023video,C3,2023,Junior F.A.,Video based oil palm ripeness detection model using deep learning,Heliyon,10.1016/j.heliyon.2023.e13036,10.1016,http://www.cell.com/article/S2405844023002438/pdf: HTTP 403 | https://www.ncbi.nlm.nih.gov/pmc/articles/9873703: citation_pdf_url gagal (bukan PDF) | https://doaj.org/article/13a65ff7509543299aa22e5d9
pipitsunthonsan2023palm,C3,2023,Pipitsunthonsan P.,Palm bunch grading technique using a multi-input and multi-label convolutional neural network,Computers and Electronics in Agriculture,10.1016/j.compag.2023.107864,10.1016,tidak dicoba
priyadi2023comparison,C3,2023,Priyadi M.R.A.,Comparison of YOLOv8 and EfficientDet4 Algorithms in Detecting the Ripeness of Oil Palm Fruit Bunch,10th International Conference on ICT for Smart Society Iciss 2023 Proceeding,10.1109/iciss59129.2023.10291928,10.1109,https://doi.org/10.1109/iciss59129.2023.10291928: HTTP 202
pusadan2023image,C3,2023,Pusadan M.Y.,The Image Extraction Using the HSV Method to Determine the Maturity Level of Palm Oil Fruit with the k-nearest Neighbor Algorithm,Jurnal Resti,10.29207/resti.v7i6.5558,10.29207,https://jurnal.iaii.or.id/index.php/RESTI/article/download/5558/883: HTTP 403 | https://doaj.org/article/6841a52590c44711aa29fcfe07a77bb8: HTTP 403 | https://doi.org/10.29207/resti.v7i6.5558: HTTP 403
saechen2023oil,C3,2023,Saechen P.,Oil Palm Fresh Fruit Bunch Ripeness Classification by Deep Learning,Science and Engineering Connect,10.14456/kmuttrd.2023.6,10.14456,https://doi.org/10.14456/kmuttrd.2023.6: HTML tanpa tautan PDF
saifullah2023palm,C3,2023,Saifullah S.,Palm Oil Maturity Classification Using K-Nearest Neighbors Based on RGB and L*a*b Color Extraction,Procedia Computer Science,10.1016/j.procs.2023.10.294,10.1016,https://doi.org/10.1016/j.procs.2023.10.294: HTML tanpa tautan PDF
salim2023hyperparameter,C3,2023,Salim E.,Hyperparameter optimization of YOLOv4 tiny for palm oil fresh fruit bunches maturity detection using genetics algorithms,Smart Agricultural Technology,10.1016/j.atech.2023.100364,10.1016,https://doi.org/10.1016/j.atech.2023.100364: HTML tanpa tautan PDF | https://doaj.org/article/aac1c420a68c4e7384407fe226d20a50: HTTP 403
sari2023ripeness,C3,2023,Sari W.E.,Ripeness level detection of oil palm fresh fruit bunches using K-means clustering algorithm,Aip Conference Proceedings,10.1063/5.0120735,10.1063,https://doi.org/10.1063/5.0120735: HTTP 403
valentine2023classification,C3,2023,Valentine S.C.,Classification of Oil Palm Fresh Fruit Bunches (FFB) Based on Its Maturity Colour Using Convolutional Neural Network (CNN) Approach,Lecture Notes in Electrical Engineering,10.1007/978-981-19-8406-8_46,10.1007,tidak dicoba
wijaya2023superiority,C3,2023,Wijaya V.F.,THE SUPERIORITY OF YOLOV4 MODEL FOR ENHANCING PALM OIL FRUIT DETECTION,Journal of Theoretical and Applied Information Technology,,,tidak dicoba
bakar2024color,C3,2024,Bakar J.A.,Color-Based Ripeness Classification of Oil Palm Fresh Fruit Bunches Using Convolution Neural Networks and Data Augmentation,2024 IEEE 7th International Conference on Electronics and Communication Engineering Icece 2024,10.1109/icece63871.2024.10976938,10.1109,https://doi.org/10.1109/icece63871.2024.10976938: HTTP 202
bonet2024deep,C3,2024,Bonet I.,Deep Learning Model to Predict the Ripeness of Oil Palm Fruit,International Conference on Agents and Artificial Intelligence,10.5220/0012434600003636,10.5220,https://doi.org/10.5220/0012434600003636: HTML tanpa tautan PDF
chowdhury2024oil,C3,2024,Chowdhury A.K.,Oil Palm Fresh Fruit Branch Ripeness Detection Using YOLOV6 Algorithm,Lecture Notes in Mechanical Engineering,10.1007/978-981-97-0169-8_14,10.1007,tidak dicoba
goh2024synthetic,C3,2024,Goh J.Y.,Synthetic Data Generation for Fresh Fruit Bunch Ripeness Classification,Communications in Computer and Information Science,10.1007/978-981-99-7240-1_22,10.1007,tidak dicoba
goh2024vision,C3,2024,Goh J.Y.,Vision Language Models for Oil Palm Fresh Fruit Bunch Ripeness Classification,2024 IEEE 8th International Conference on Signal and Image Processing Applications Icsipa 2024,10.1109/icsipa62061.2024.10686009,10.1109,https://doi.org/10.1109/icsipa62061.2024.10686009: HTTP 202
harmiansyah2024detection,C3,2024,Harmiansyah ,Detection of new oil palm fruit bunches based on deep learning,Iop Conference Series Earth and Environmental Science,10.1088/1755-1315/1379/1/012003,10.1088,https://doi.org/10.1088/1755-1315/1379/1/012003: HTML tanpa tautan PDF
hidayat2024establishing,C3,2024,Hidayat M.R.,Establishing a Standard Operating Procedure (SOP) for Palm Oil Plantation FFB Image Capture: Utilizing YOLOv8 for Counting and Ripeness Classification,2024 6th International Conference on Cybernetics and Intelligent System Icoris 2024,10.1109/icoris63540.2024.10903724,10.1109,https://doi.org/10.1109/icoris63540.2024.10903724: HTML tanpa tautan PDF
hutapea2024palm,C3,2024,Hutapea R.R.,Palm Fruit Ripeness Detection and Counting Using YOLOv8 Algorithm in PTPN IV Medan North Sumatera Indonesia,2024 6th International Conference on Cybernetics and Intelligent System Icoris 2024,10.1109/icoris63540.2024.10903790,10.1109,https://doi.org/10.1109/icoris63540.2024.10903790: HTTP 202
jailani2024fresh,C3,2024,Jailani B.M.,Fresh Fruit Bunch Detection Performance: A Comparative Evaluation of Training Strategies,Proceedings of the International Symposium on Intelligent Signal Processing and Communication Systems Ispacs,10.1109/ispacs62486.2024.10867934,10.1109,https://doi.org/10.1109/ispacs62486.2024.10867934: HTTP 202
japar2024oil,C3,2024,Japar A.F.,Oil Palm Loose Fruit Detection Using YOLOv4 for an Autonomous Mobile Robot Collector,IEEE Access,10.1109/access.2024.3446890,10.1109,https://doi.org/10.1109/access.2024.3446890: HTTP 202 | http://psasir.upm.edu.my/id/eprint/113876/1/113876.pdf: HTTP 503 | https://doaj.org/article/db4610a7bb1f44e4a5039dc9d54b67b5: HTTP 403
josdaan2024revolutionizing,C3,2024,Josdaan J.,Revolutionizing palm oil ripeness classification: Utilizing YOLOv8 for ultra-precise ripeness detection,Procedia Computer Science,10.1016/j.procs.2024.10.296,10.1016,https://doi.org/10.1016/j.procs.2024.10.296: HTML tanpa tautan PDF
junos2024improved,C3,2024,Junos M.H.,Improved hybrid feature extractor in lightweight convolutional neural network for postharvesting technology: automated oil palm fruit grading,Neural Computing and Applications,10.1007/s00521-024-10300-4,10.1007,tidak dicoba
kakisina2024detection,C3,2024,Kakisina S.E.,DETECTION AND SEQUENCE OF COLLECTING LOOSE OIL PALM FRUIT USING DEEP LEARNING TECHNIQUE,Iet Conference Proceedings,10.1049/icp.2025.0302,10.1049,tidak dicoba
kusumawardani2024integrated,C3,2024,Kusumawardani R.,Integrated deep and classical machine learning for ripeness classification of oil-palm fresh fruit bunches,International Journal of Quality Engineering and Technology,10.1504/ijqet.2024.147902,10.1504,https://doi.org/10.1504/ijqet.2024.147902: HTTP 403
naftali2024palm,C3,2024,Naftali M.G.,Palm Oil Counter: State-of-the-Art Deep Learning Models for Detection and Counting in Plantations,IEEE Access,10.1109/access.2024.3419835,10.1109,https://doi.org/10.1109/access.2024.3419835: HTML tanpa tautan PDF | https://doaj.org/article/c3aaad32935b48f9a5412abceb8d7da8: HTTP 403
naghipour2024yolo,C3,2024,Naghipour M.,YOLO-Based Oil Palm FFB Ripeness Detection,5th International Conference on Electrical Communication and Computer Engineering Icecce 2024,10.1109/icecce63537.2024.10823630,10.1109,https://shdl.mmu.edu.my/13532/1/YOLO-Based%20Oil%20Palm%20FFB%20Ripeness%20Detec: HTTP 401 | https://doi.org/10.1109/icecce63537.2024.10823630: HTTP 202
narendran2024loose,C3,2024,Narendran R.,Loose fruit detection for autonomous loose fruit collector,Aip Conference Proceedings,10.1063/5.0229191,10.1063,https://doi.org/10.1063/5.0229191: HTTP 403
narendran2024palm,C3,2024,Narendran R.,Palm fruit harvesting using IoT-based fruit counting system,Aip Conference Proceedings,10.1063/5.0229292,10.1063,https://doi.org/10.1063/5.0229292: HTTP 403
omar2024outdoor,C3,2024,Omar Z.,Outdoor oil palm fruit ripeness dataset,Data in Brief,10.1016/j.dib.2024.110667,10.1016,https://doi.org/10.1016/j.dib.2024.110667: HTML tanpa tautan PDF | https://pmc.ncbi.nlm.nih.gov/articles/PMC11283051/pdf/main.pdf: HTML tanpa tautan PDF
purba2024comparison,C3,2024,Purba S.J.,"Comparison of the Latest Version of Deep Learning YOLO Model in Automatically Detecting the Ripeness Level of Oil Palm Fruit in PTPN IV, North Sumatra, Indonesia",Proceedings 2024 International Conference on Information Technology and Computing Icitcom 2024,10.1109/icitcom62788.2024.10762053,10.1109,https://doi.org/10.1109/icitcom62788.2024.10762053: HTTP 202
ramasenderan2024development,C3,2024,Ramasenderan N.,Development of a YOLOv5-based system for real-time detection and classification of ripe and unripe oil palm fruits,Aip Conference Proceedings,10.1063/5.0229279,10.1063,https://doi.org/10.1063/5.0229279: HTTP 403
rosbi2024machine,C3,2024,Rosbi M.,Machine learning for automated oil palm fruit grading: The role of fuzzy C-means segmentation and textural features,Smart Agricultural Technology,10.1016/j.atech.2024.100691,10.1016,https://doi.org/10.1016/j.atech.2024.100691: HTML tanpa tautan PDF | https://doaj.org/article/97c424c9e3a944f3b02b4037a364b50c: HTTP 403
zulkhoiri2024investigation,C3,2024,Zulkhoiri M.A.,Investigation of oil palm fruit bunch ripeness classification using machine learning classifiers,E3s Web of Conferences,10.1051/e3sconf/202459502010,10.1051,https://www.e3s-conferences.org/articles/e3sconf/pdf/2024/125/e3sconf_iconard202: HTTP 403 | https://doaj.org/article/5ac164bd25a54546b672e7c40807f09b: HTTP 403 | https://doi.org/10.1051/e3sconf/20245
chotikawanid2025optimizing,C3,2025,Chotikawanid P.,Optimizing an Object Detection Algorithm for Detecting Oil Palm Fruit Bunches and Their Ripeness,Applied Computational Intelligence and Soft Computing,10.1155/acis/6263757,10.1155,https://doaj.org/article/4f2a3a46b0f244f6ab9eb55b88d9706c: HTTP 403 | https://doi.org/10.1155/acis/6263757: HTTP 403
chowdhury2025comparative,C3,2025,Chowdhury A.K.,Comparative Study of Different YOLO Variants for Ripeness Detection of Palm Oil Fresh Fruit Bunches,2025 IEEE 6th International Conference in Robotics and Manufacturing Automation Roma 2025,10.1109/roma66616.2025.11155279,10.1109,https://doi.org/10.1109/roma66616.2025.11155279: HTTP 202
cindra2025utilization,C3,2025,Cindra J.A.,Utilization of Machine Learning in Identifying Oil Palm Fruit Ripeness to Enhance the Efficiency of Oil Palm Plantations,2025 4th International Conference on Digital Transformation and Applications Icdxa 2025,10.1109/icdxa69105.2025.11329640,10.1109,https://doi.org/10.1109/icdxa69105.2025.11329640: HTTP 202
desandros2025interpretable,C3,2025,Desandros A.,Interpretable Model for Oil Palm Fruit Ripeness Level Classification,Proceedings 7th International Conference on Informatics Multimedia Cyber and Information System Icimcis 2025,10.1109/icimcis68501.2025.11327346,10.1109,https://doi.org/10.1109/icimcis68501.2025.11327346: HTML tanpa tautan PDF
fadillah2025enhanced,C3,2025,Fadillah A.,Enhanced Palm Oil Image Quality Using RGF-ESRGAN Architecture,Proceedings 7th International Conference on Informatics Multimedia Cyber and Information System Icimcis 2025,10.1109/icimcis68501.2025.11327377,10.1109,https://doi.org/10.1109/icimcis68501.2025.11327377: HTTP 202
hakim2025loose,C3,2025,Hakim Nasir M.N.,Loose Oil Palm Fruitlet Detection Using YOLOv8 Nano Model By Layer Freezing Training for Better Accuracy with Small Dataset,Rcar 2025 IEEE International Conference on Real Time Computing and Robotics,10.1109/rcar65431.2025.11139587,10.1109,https://doi.org/10.1109/rcar65431.2025.11139587: HTTP 202
harjanto2025lightweight,C3,2025,Harjanto N.F.,Lightweight YOLOv8n Segmentation and ShuffleNetV2 Transfer Learning Integration for Oil Palm Fruit Ripeness Classification,International Conference on Information and Communications Technology Icoiact,10.1109/icoiact67584.2025.11344923,10.1109,https://doi.org/10.1109/icoiact67584.2025.11344923: HTTP 202
indrabayu2025cascading,C3,2025,Indrabayu ,A Cascading of YOLOv8 and Random Forest Regression in Oil Palm Fresh Fruit Bunch Mass Estimation System using Unmanned Aerial Vehicle Imagery,International Journal on Informatics Visualization,10.62527/joiv.9.6.3137,10.62527,https://doi.org/10.62527/joiv.9.6.3137: HTTP 403
izzatina2025knowledge,C3,2025,Izzatina A.R.,Knowledge Distillation for Efficient Ordinal Classification of Oil Palm Ripeness Level,2025 15th International Conference on Information and Communication Technology and System AI for the Now and Next Delivering Solutions and Driving Vision Icts 2025,10.1109/icts67612.2025.11369518,10.1109,https://doi.org/10.1109/icts67612.2025.11369518: HTTP 202
jailani2025concatenated,C3,2025,Jailani B.M.,Concatenated Image Technique Approach to Optimize AI Detection Inference Time and Resource Utilization,Proceedings 2025 7th International Conference on Intelligent Autonomous Systems Icoias 2025,10.1109/icoias69065.2025.00011,10.1109,https://doi.org/10.1109/icoias69065.2025.00011: HTML tanpa tautan PDF
kiet2025study,C3,2025,Kiet V.M.,A Study of Oil Palm Fruit Ripeness Using YOLOv8 for Smart Agriculture Applications,Is3c 2025 International Symposium on Computer Consumer and Control,10.1109/is3c65361.2025.11131089,10.1109,https://doi.org/10.1109/is3c65361.2025.11131089: HTTP 202
laddawong2025federated,C3,2025,Laddawong P.,Federated Learning for Grading Oil Palm Fruit Ripeness in the Oil Palm Industry,Applied Computational Intelligence and Soft Computing,10.1155/acis/9241523,10.1155,https://doi.org/10.1155/acis/9241523: HTTP 403 | https://doaj.org/article/399d3c95eab24f53a932205a539c490a: HTTP 403
mirfan2025automated,C3,2025,Mirfan ,Automated Ripeness Detection of Oil Palm Fruit Using a Hybrid GLCM-HSV-KNN Model,Jurnal Resti,10.29207/resti.v9i5.6683,10.29207,https://jurnal.iaii.or.id/index.php/RESTI/article/download/6683/1143: HTTP 403 | https://doaj.org/article/876ddc0f6ec2488fad6da1ee4f2a92a8: HTTP 403 | https://doi.org/10.29207/resti.v9i5.6683: HTTP 40
nor2025evaluating,C3,2025,Nor R.M.,Evaluating YOLOv8-Pose Model Variants for Accurate Pose Estimation in Oil Palm Ripe Fresh Fruit Bunches (FFB) Detection,2025 IEEE International Circuit and System Symposium Icsys 2025,10.1109/icsys65149.2025.11379914,10.1109,https://doi.org/10.1109/icsys65149.2025.11379914: HTTP 202
nuwara2025improving,C3,2025,Nuwara Y.,Improving Object Detection Performance on Low-Quality Images Using Histogram Matching and Model Stacking,Lecture Notes in Computer Science Including Subseries Lecture Notes in Artificial Intelligence and Lecture Notes in Bioinformatics,10.1007/978-3-031-80507-3_15,10.1007,tidak dicoba
rosbi2025segmentation,C3,2025,Rosbi M.,Segmentation of Outdoor Oil Palm Fruit Images for Ripeness Detection using YOLO Algorithm and Features Thresholding,Aip Conference Proceedings,10.1063/5.0208643,10.1063,https://doi.org/10.1063/5.0208643: HTTP 403
said2025optimization,C3,2025,Said W.Z.W.,Optimization of Artificial Neural Networks using Genetic Algorithm for Palm Fruit Ripeness Classification,Journal of Advanced Research Design,10.37934/ard.127.1.6783,10.37934,https://akademiabaru.com/submit/index.php/ard/article/download/6106/5979: HTTP 500 | https://doi.org/10.37934/ard.127.1.6783: HTTP 500
santoso2025se,C3,2025,Santoso L.,SE-SMOTE: Latent-Space Oversampling for Long-Tailed Oil Palm Fruit Classification,2025 15th International Conference on Information and Communication Technology and System AI for the Now and Next Delivering Solutions and Driving Vision Icts 2025,10.1109/icts67612.2025.11369614,10.1109,https://doi.org/10.1109/icts67612.2025.11369614: HTTP 202
setiawan2025detection,C3,2025,Setiawan D.,Detection of Oil Palm Fruit Ripeness through Image Feature Optimization using Convolutional Neural Network Algorithm,International Journal on Informatics Visualization,10.62527/joiv.9.2.2687,10.62527,https://doi.org/10.62527/joiv.9.2.2687: HTTP 403 | https://doaj.org/article/37dd69dbf0a6426b9719a904025f79b1: HTTP 403
srithai2025ripeness,C3,2025,Srithai N.,Ripeness Classification of Fresh Oil Palm Using Deep Learning,Proceedings Ieecon 2025 2025 13th International Electrical Engineering Congress Carbon Neutrality Challenges and Solutions Based on Sustainable Power of Nature,10.1109/ieecon64081.2025.10987902,10.1109,https://doi.org/10.1109/ieecon64081.2025.10987902: HTTP 202
sukma2025integration,C3,2025,Sukma E.,Integration of Single Shot Multibox Detector and Single Scale Retinex in Detecting Oil Palm Fruit Bunches in Low Light Conditions,2025 IEEE International Conference on Artificial Intelligence and Mechatronics Systems Aims 2025,10.1109/aims66189.2025.11229503,10.1109,https://doi.org/10.1109/aims66189.2025.11229503: HTML tanpa tautan PDF
tang2025markerless,C3,2025,Tang T.Y.,Markerless Feature-Registration-Based Image Processing Framework for Oil Palm Fresh Fruit Bunch Robotic Harvester,Proceedings of SPIE the International Society for Optical Engineering,10.1117/12.3057866,10.1117,https://doi.org/10.1117/12.3057866: HTML tanpa tautan PDF
warni2025comparative,C3,2025,Warni E.,Comparative Analysis of Series YOLO Models for Loose Fruits Palm Oil Detection: A Comprehensive Performance Evaluation,International Conference on Wireless Networks and Mobile Communications Wincom,10.1109/wincom65874.2025.11313397,10.1109,https://doi.org/10.1109/wincom65874.2025.11313397: HTTP 202
warni2025harnessing,C3,2025,Warni E.,Harnessing YOLO for Loose Fruits Detection: Boosting Productivity in Palm Oil Plantations,Icadeis 2025 2025 International Conference on Advancement in Data Science E Learning and Information System Integrating Data Science and Information System Proceeding,10.1109/icadeis65852.2025.10933352,10.1109,https://doi.org/10.1109/icadeis65852.2025.10933352: HTTP 202
zaman2025hybrid,C3,2025,Zaman B.,A Hybrid Approach for Handling Occlusion in UAV Images of Fresh Oil Palm Fruit Bunches Based on Computer Vision,Proceedings International Seminar on Intelligent Technology and Its Applications Isitia,10.1109/isitia66279.2025.11137494,10.1109,https://doi.org/10.1109/isitia66279.2025.11137494: HTTP 202
dahlan2026detecting,C3,2026,Dahlan A.B.,Detecting Ripeness of Oil Palm Fruit Using YOLO,2026 International Conference on Cognitive Systems and Computer Interaction Icosci 2026 Proceedings,10.1109/icosci66700.2026.11447538,10.1109,https://doi.org/10.1109/icosci66700.2026.11447538: HTTP 202
hamdani2026automated,C3,2026,Hamdani H.,Automated oil palm fruit counting using deep learning for reliable yield estimation in natural background,Smart Agricultural Technology,10.1016/j.atech.2026.102376,10.1016,https://doi.org/10.1016/j.atech.2026.102376: HTML tanpa tautan PDF
resta2026multimodal,C3,2026,Resta F.S.A.,Multimodal Radar-Vision for Oil Palm Fresh Fruit Bunch Ripeness Classification,IEEE Access,10.1109/access.2026.3675310,10.1109,https://doi.org/10.1109/access.2026.3675310: HTTP 202 | https://doaj.org/article/26948c02f91a43ec84317617a6826d39: HTTP 403
warni2026stereo,C3,2026,Warni E.,Stereo Vision-Based Detection and 3D Localization of Loose Oil Palm Fruits Using YOLOv8 and Hungarian Matching,Ingenierie Des Systemes D Information,10.18280/isi.310225,10.18280,https://doi.org/10.18280/isi.310225: HTML tanpa tautan PDF
wijaya2026identification,C3,2026,Wijaya W.O.,Identification of Fruit Ripeness Level in Oil Palm Plants Using Convolutional Neural Network Algorithm and Deep Learning Approach,Palm Oil Undercover in North Sumatra Indonesia,,,tidak dicoba
lal2017identification,C4,2017,Lal S.,Identification and counting of mature apple fruit based on BP feed forward neural network,Proceedings of 2017 3rd IEEE International Conference on Sensing Signal Processing and Security Icsss 2017,10.1109/ssps.2017.8071621,10.1109,https://doi.org/10.1109/ssps.2017.8071621: HTTP 202
ramos2017automatic,C4,2017,Ramos P.J.,Automatic fruit count on coffee branches using computer vision,Computers and Electronics in Agriculture,10.1016/j.compag.2017.03.010,10.1016,tidak dicoba
ramos2018measurement,C4,2018,Ramos P.,Measurement of the ripening rate on coffee branches by using 3D images in outdoor environments,Computers in Industry,10.1016/j.compind.2018.03.024,10.1016,tidak dicoba
chen2020detection,C4,2020,Chen I.T.,"Detection, counting and maturity assessment of cherry tomatoes using multi-spectral images and machine learning techniques",Visigrapp 2020 Proceedings of the 15th International Joint Conference on Computer Vision Imaging and Computer Graphics Theory and Applications,,,tidak dicoba
rahim2021highly,C4,2021,Rahim U.F.,"Highly Accurate Tomato Maturity Recognition: Combining Deep Instance Segmentation, Data Synthesis and Color Analysis",ACM International Conference Proceeding Series,10.1145/3508259.3508262,10.1145,https://dl.acm.org/doi/pdf/10.1145/3508259.3508262: HTTP 403
tenorio2021automatic,C4,2021,Tenorio G.L.,Automatic visual estimation of tomato cluster maturity in plant rows,Machine Vision and Applications,10.1007/s00138-021-01202-9,10.1007,tidak dicoba
liu2022benchmark,C4,2022,Liu Z.,A benchmark for multi-class object counting and size estimation using deep convolutional neural networks,Engineering Applications of Artificial Intelligence,10.1016/j.engappai.2022.105449,10.1016,https://eprints.soton.ac.uk/470981/1/EAAI_Object_Counting.pdf: HTTP 403
lu2022canopy,C4,2022,Lu S.,Canopy-attention-YOLOv4-based immature/mature apple fruit detection on dense-foliage tree architectures for early crop load estimation,Computers and Electronics in Agriculture,10.1016/j.compag.2022.106696,10.1016,https://doi.org/10.1016/j.compag.2022.106696: HTML tanpa tautan PDF
maceachern2023detection,C4,2023,MacEachern C.B.,Detection of fruit maturity stage and yield estimation in wild blueberry using deep learning convolutional neural networks,Smart Agricultural Technology,10.1016/j.atech.2022.100099,10.1016,https://doi.org/10.1016/j.atech.2022.100099: HTML tanpa tautan PDF | https://doaj.org/article/34a5984a263c452783bc1abdfdcd3d56: HTTP 403
balaji2024aria,C4,2024,Balaji Prabhu B.V.,ARIA: Augmented Reality and Artificial Intelligence enabled mobile application for Yield and grade prediction of tomato crops,Procedia Computer Science,10.1016/j.procs.2024.04.254,10.1016,https://doi.org/10.1016/j.procs.2024.04.254: HTML tanpa tautan PDF | https://eprints.iisc.ac.in/85650/1/ICMLDE_2023.pdf: HTTP 403
deng2024detection,C4,2024,Deng B.,"Detection, counting, and maturity assessment of blueberries in canopy images using YOLOv8 and YOLOv9",Smart Agricultural Technology,10.1016/j.atech.2024.100620,10.1016,https://doi.org/10.1016/j.atech.2024.100620: HTML tanpa tautan PDF | https://doaj.org/article/7e91aa665a8b4e17893c427ee61ec49f: HTTP 403
meng2024real,C4,2024,Meng Z.,Real-time statistical algorithm for cherry tomatoes with different ripeness based on depth information mapping,Computers and Electronics in Agriculture,10.1016/j.compag.2024.108900,10.1016,https://doi.org/10.1016/j.compag.2024.108900: HTML tanpa tautan PDF
paul2024smart,C4,2024,Paul A.,"Smart solutions for capsicum Harvesting: Unleashing the power of YOLO for Detection, Segmentation, growth stage Classification, Counting, and real-time mobile identification",Computers and Electronics in Agriculture,10.1016/j.compag.2024.108832,10.1016,tidak dicoba
sanya2024coffee,C4,2024,Sanya R.,"Coffee and cashew nut dataset: A dataset for detection, classification, and yield estimation for machine learning applications",Data in Brief,10.1016/j.dib.2023.109952,10.1016,https://doi.org/10.1016/j.dib.2023.109952: HTML tanpa tautan PDF | https://pmc.ncbi.nlm.nih.gov/articles/PMC10788206/pdf/main.pdf: HTML tanpa tautan PDF | https://doaj.org/article/48fb1f2bd98048aebe91
yan2024integrated,C4,2024,Yan Z.,"An Integrated Target Recognition Method Based on Improved Faster-RCNN for Apple Detection, Counting, Localization, and Quality Estimation",2024 IEEE 4th International Conference on Power Electronics and Computer Applications Icpeca 2024,10.1109/icpeca60615.2024.10471151,10.1109,https://doi.org/10.1109/icpeca60615.2024.10471151: HTTP 202
zhai2024detection,C4,2024,Zhai X.,Detection of maturity and counting of blueberry fruits based on attention mechanism and bi-directional feature pyramid network,Journal of Food Measurement and Characterization,10.1007/s11694-024-02640-5,10.1007,tidak dicoba
zhang2024counting,C4,2024,Zhang R.,Counting tomatoes with different maturities using ultra-depth masking and improved YOLOv8,Nongye Gongcheng Xuebao Transactions of the Chinese Society of Agricultural Engineering,10.11975/j.issn.1002-6819.202407205,10.11975,https://doi.org/10.11975/j.issn.1002-6819.202407205: citation_pdf_url gagal (melewati batas waktu total)
albaaji2025intelligent,C4,2025,Albaaji G.F.,An intelligent multi-modal neural framework for accurate fruit grading localization and yield estimation,Expert Systems with Applications,10.1016/j.eswa.2024.126366,10.1016,tidak dicoba
carandang2025yield,C4,2025,Carandang M.J.C.,Yield Quantification of Morus Serrata Fruit Stages Using YOLOv8-Based Identification,Computer Systems and Technologies 26th International Conference Compsystech 2025 Proceedings,10.1109/compsystech65493.2025.11137042,10.1109,https://doi.org/10.1109/compsystech65493.2025.11137042: HTTP 202
deng2025development,C4,2025,Deng B.,DEVELOPMENT AND PRELIMINARY EVALUATION OF A YOLO-BASED FRUIT COUNTING AND MATURITY EVALUATION MOBILE APPLICATION FOR BLUEBERRIES,Applied Engineering in Agriculture,10.13031/aea.16247,10.13031,https://doi.org/10.13031/aea.16247: galat jaringan: SSLError
geng2025apple,C4,2025,Geng H.,Apple estimation and recognition in complex scenes using YOLO v8,Peerj Computer Science,10.7717/peerj-cs.3116,10.7717,https://doi.org/10.7717/peerj-cs.3116: HTTP 403 | https://doaj.org/article/ff22d01869614e559ce5fd4c34a2712c: HTTP 403
langpoklakpam2025automated,C4,2025,Langpoklakpam B.,"Automated pineapple detection, ripeness classification, and weight prediction using YOLOv8 and drone imagery",Journal of Food Measurement and Characterization,10.1007/s11694-025-03565-3,10.1007,tidak dicoba
naseem2025advance,C4,2025,Naseem M.,Advance Assessment and Counting of Ripe Cherry Tomato’s Via Yolo Model,Journal of Computing and Biomedical Informatics,,,tidak dicoba
pisharody2025precise,C4,2025,Pisharody S.N.,Precise Tomato Ripeness Estimation and Yield Prediction using Transformer Based Segmentation-SegLoRA,Computers and Electronics in Agriculture,10.1016/j.compag.2025.110172,10.1016,tidak dicoba
prabhu2025tree,C4,2025,Prabhu A.,On Tree Grading of Sapota and Yield Prediction with Computer Vision,2025 3rd World Conference on Communication and Computing Wconf 2025,10.1109/wconf64849.2025.11233402,10.1109,https://doi.org/10.1109/wconf64849.2025.11233402: HTTP 202
prabhu2025yolo,C4,2025,Prabhu A.,YOLO Papaya: Towards Identification of Maturity Stages of Papaya on Trees in Natural Environment,2025 6th International Conference for Emerging Technology Incet 2025,10.1109/incet64471.2025.11140383,10.1109,https://doi.org/10.1109/incet64471.2025.11140383: HTTP 202
rajapaksha2025coconut,C4,2025,Rajapaksha R.M.P.U.,Coconut Bunch Intelligence System: Image -Based Maturity Classification and Nut Count Prediction,4th International Conference on Image Processing and Robotics Iciprob 2026,10.1109/iciprob69625.2026.11497814,10.1109,https://doi.org/10.1109/iciprob69625.2026.11497814: HTTP 202
rong2025end,C4,2025,Rong J.,An end-to-end maturity prediction and hierarchical counting method for cherry tomatoes,Biosystems Engineering,10.1016/j.biosystemseng.2025.104191,10.1016,tidak dicoba
sankar2025deep,C4,2025,Sankar Sai Prasad P.S.,Deep learning based Mango Yield Prediction and Classification Enhancement using YOLOv11L and DenseNet121 Architecture,2025 3rd International Conference on Sustainable Computing and Smart Systems Icscss 2025,10.1109/icscss64956.2025.11500660,10.1109,https://doi.org/10.1109/icscss64956.2025.11500660: HTTP 202
tronco2025estimation,C4,2025,Tronco M.L.,"Estimation of fruit number in coffee trees by maturity level, based on color space weighting, using a new segmentation algorithm",IEEE Latin America Transactions,10.1109/tla.2025.11072497,10.1109,https://doi.org/10.1109/tla.2025.11072497: HTTP 202
khiem2026approach,C4,2026,Khiem N.M.,An Approach for Enhancing Ripe Tomato Classification and Counting by Using Deep Learning and SAHI Image Processing,Communications in Computer and Information Science,10.1007/978-3-031-98167-8_7,10.1007,tidak dicoba
shrinivasacharya2026unified,C4,2026,Shrinivasacharya P.,Unified Color Space Segmentation and Yolov5 Approach for Nutmeg Ripeness Detection and Quantity Estimation,17th International Conference on Advances in Computing Control and Telecommunication Technologies Act 2026,,,tidak dicoba
tang2026fgfuse,C4,2026,Tang Q.,FGfuse-Net: A frequency guided dual-branch fusion model for multi-stage maturity tomato detection and counting,Smart Agricultural Technology,10.1016/j.atech.2026.102194,10.1016,https://doi.org/10.1016/j.atech.2026.102194: HTML tanpa tautan PDF
yang2026yolo,C4,2026,Yang R.,"YOLO-blueberry detection and classification: A multi-module optimized network for blueberry detection, maturity classification, and yield estimation",Agronomy Journal,10.1002/agj2.70343,10.1002,tidak dicoba
yanyachi2026avocado,C4,2026,Yanyachi P.R.,Avocado Detection System on a UAV with YOLOv8 Image Processing,IEEE Access,10.1109/access.2026.3687453,10.1109,https://doi.org/10.1109/access.2026.3687453: HTTP 202 | https://doaj.org/article/7d6183e7c60a4077bb991076bff3ea9b: HTTP 403
li2014diameter,C5,2014,Li W.,Diameter measurement method for immature apple based on watershed and convex hull theory,Nongye Gongcheng Xuebao Transactions of the Chinese Society of Agricultural Engineering,10.3969/j.issn.1002-6819.2014.23.026,10.3969,https://doi.org/10.3969/j.issn.1002-6819.2014.23.026: HTML tanpa tautan PDF
herrerohuerta2015vineyard,C5,2015,Herrero-Huerta M.,Vineyard yield estimation by automatic 3D bunch modelling in field conditions,Computers and Electronics in Agriculture,10.1016/j.compag.2014.10.003,10.1016,tidak dicoba
nakaguro2015volumetric,C5,2015,Nakaguro Y.,Volumetric 3D Reconstruction and parametric shape modeling from RGB-D Sequences,Lecture Notes in Computer Science,10.1007/978-3-319-23231-7_45,10.1007,https://doi.org/10.1007/978-3-319-23231-7_45: HTML tanpa tautan PDF
kadmiry2016perception,C5,2016,Kadmiry B.,Perception scheme for fruits detection in trees for autonomous agricultural robot applications,International Conference Image and Vision Computing New Zealand,10.1109/ivcnz.2015.7761534,10.1109,https://doi.org/10.1109/ivcnz.2015.7761534: HTTP 202
nguyen2016detection,C5,2016,Nguyen T.T.,Detection of red and bicoloured apples on tree with an RGB-D camera,Biosystems Engineering,10.1016/j.biosystemseng.2016.01.007,10.1016,tidak dicoba
choi2017performance,C5,2017,Choi D.,"A performance comparison of RGB, NIR, and depth images in immature citrus detection using deep learning algorithms for yield prediction",2017 Asabe Annual International Meeting,10.13031/aim.201700076,10.13031,https://doi.org/10.13031/aim.201700076: galat jaringan: SSLError
nyarko2018nearest,C5,2018,Nyarko E.K.,A nearest neighbor approach for fruit recognition in RGB-D images based on detection of convex surfaces,Expert Systems with Applications,10.1016/j.eswa.2018.07.048,10.1016,tidak dicoba
genemola2019fruit,C5,2019,Gené-Mola J.,Fruit detection in an apple orchard using a mobile terrestrial laser scanner,Biosystems Engineering,10.1016/j.biosystemseng.2019.08.017,10.1016,http://hdl.handle.net/10459.1/66745: HTML tanpa tautan PDF | http://hdl.handle.net/2117/169080: HTTP 403
genemola2019kfuji,C5,2019,Gené-Mola J.,"KFuji RGB-DS database: Fuji apple multi-modal images for fruit detection with color, depth and range-corrected IR data",Data in Brief,10.1016/j.dib.2019.104289,10.1016,http://hdl.handle.net/10459.1/66667: HTML tanpa tautan PDF | http://hdl.handle.net/2117/167872: HTTP 403 | https://hdl.handle.net/2117/167872: HTTP 403 | https://www.ncbi.nlm.nih.gov/pmc/articles/6685
lin2019field,C5,2019,Lin G.,In-field citrus detection and localisation based on RGB-D image analysis,Biosystems Engineering,10.1016/j.biosystemseng.2019.06.019,10.1016,tidak dicoba
liu2019improved,C5,2019,Liu Z.,Improved kiwifruit detection using VGG16 with RGB and NIR information fusion,2019 Asabe Annual International Meeting,10.13031/aim.201901260,10.13031,https://doi.org/10.13031/aim.201901260: galat jaringan: SSLError
malik2019tomato,C5,2019,Malik M.H.,Tomato segmentation and localization method based on RGB-D camera,International Agricultural Engineering Journal,,,tidak dicoba
wu2019automatic,C5,2019,Wu G.,Automatic recognition of juicy peaches on trees based on 3D contour features and colour data,Biosystems Engineering,10.1016/j.biosystemseng.2019.10.002,10.1016,tidak dicoba
fu2020faster,C5,2020,Fu L.,Faster R–CNN–based apple detection in dense-foliage fruiting-wall trees using RGB and depth features for robotic harvesting,Biosystems Engineering,10.1016/j.biosystemseng.2020.07.007,10.1016,tidak dicoba
gan2020active,C5,2020,Gan H.,Active thermal imaging for immature citrus fruit detection,Biosystems Engineering,10.1016/j.biosystemseng.2020.08.015,10.1016,tidak dicoba
kurtser2020field,C5,2020,Kurtser P.,In-field grape cluster size assessment for vine yield estimation using a mobile robot and a consumer level RGB-D Camera,IEEE Robotics and Automation Letters,10.1109/lra.2020.2970654,10.1109,https://doi.org/10.1109/lra.2020.2970654: HTTP 202
lin2020color,C5,2020,Lin G.,"Color-, depth-, and shape-based 3D fruit detection",Precision Agriculture,10.1007/s11119-019-09654-w,10.1007,tidak dicoba
mirbod2020image,C5,2020,Mirbod O.,Towards image-based measurement of accurate apple size and yield using stereo vision cameras,Asabe 2020 Annual International Meeting,10.13031/aim.202001115,10.13031,https://doi.org/10.13031/aim.202001115: galat jaringan: SSLError
ni2020blueberry,C5,2020,Ni X.,Blueberry harvestability trait extraction from 2D images and 3D point clouds based on deep learning and photogrammetric reconstruction,Asabe 2020 Annual International Meeting,10.13031/aim.202001338,10.13031,https://doi.org/10.13031/aim.202001338: galat jaringan: SSLError
takahashi2020development,C5,2020,Takahashi M.,Development of LAI and fruit load estimation method using a three-dimensional shape measurement sensor,Acta Horticulturae,10.17660/actahortic.2020.1296.134,10.17660,https://doi.org/10.17660/actahortic.2020.1296.134: HTML tanpa tautan PDF
tsoulias2020situ,C5,2020,Tsoulias N.,In-situ detection of apple fruit using a 2D LiDAR laser scanner,2020 IEEE International Workshop on Metrology for Agriculture and Forestry Metroagrifor 2020 Proceedings,10.1109/metroagrifor50201.2020.9277629,10.1109,https://doi.org/10.1109/metroagrifor50201.2020.9277629: HTTP 202
tu2020passion,C5,2020,Tu S.,Passion fruit detection and counting based on multiple scale faster R-CNN using RGB-D images,Precision Agriculture,10.1007/s11119-020-09709-3,10.1007,tidak dicoba
genemola2021field,C5,2021,Gené-Mola J.,In-field apple size estimation using photogrammetry-derived 3D point clouds: Comparison of 4 different methods considering fruit occlusions,Computers and Electronics in Agriculture,10.1016/j.compag.2021.106343,10.1016,https://doi.org/10.1016/j.compag.2021.106343: HTML tanpa tautan PDF | http://hdl.handle.net/10459.1/71933: HTML tanpa tautan PDF
genemola2021pfuji,C5,2021,Gené-Mola J.,PFuji-Size dataset: A collection of images and photogrammetry-derived 3D point clouds with ground truth annotations for Fuji apple detection and size estimation in field conditions,Data in Brief,10.1016/j.dib.2021.107629,10.1016,https://doi.org/10.1016/j.dib.2021.107629: HTML tanpa tautan PDF | https://www.ncbi.nlm.nih.gov/pmc/articles/8633858: HTML tanpa tautan PDF | https://doaj.org/article/678e3b1613b245f29dad68d87a4fdccc:
hsieh2021fruit,C5,2021,Hsieh K.W.,Fruit maturity and location identification of beef tomato using R-CNN and binocular imaging technology,Journal of Food Measurement and Characterization,10.1007/s11694-021-01074-7,10.1007,tidak dicoba
mirbod2021field,C5,2021,Mirbod O.,In-field apple size and location tracking using machine vision to assist fruit thinning and harvest decision-making,American Society of Agricultural and Biological Engineers Annual International Meeting Asabe 2021,10.13031/aim.202100831,10.13031,https://doi.org/10.13031/aim.202100831: galat jaringan: SSLError
ni2021three,C5,2021,Ni X.,Three-dimensional photogrammetry with deep learning instance segmentation to extract berry fruit harvestability traits,ISPRS Journal of Photogrammetry and Remote Sensing,10.1016/j.isprsjprs.2020.11.010,10.1016,https://doi.org/10.1016/j.isprsjprs.2020.11.010: HTML tanpa tautan PDF
yu2021litchi,C5,2021,Yu L.,A litchi fruit recognition method in a natural environment using RGB-D images,Biosystems Engineering,10.1016/j.biosystemseng.2021.01.015,10.1016,tidak dicoba
zhou2021kiwifruit,C5,2021,Zhou Z.,Kiwifruit yield estimation using deep learning and binocular stereo vision on Android smartphones,American Society of Agricultural and Biological Engineers Annual International Meeting Asabe 2021,10.13031/aim.202100289,10.13031,https://doi.org/10.13031/aim.202100289: galat jaringan: SSLError
ge2022three,C5,2022,Ge L.,Three dimensional apple tree organs classification and yield estimation algorithm based on multi-features fusion and support vector machine,Information Processing in Agriculture,10.1016/j.inpa.2021.04.011,10.1016,https://doaj.org/article/aae7c84f08b04813a52121dea278b154: HTTP 403 | https://doi.org/10.1016/j.inpa.2021.04.011: HTML tanpa tautan PDF
li2022multi,C5,2022,Li T.,Multi-vision-based Localization and Pose Estimation of Occluded Apple Fruits for Harvesting Robots,Proceedings 2022 37th Youth Academic Annual Conference of Chinese Association of Automation Yac 2022,10.1109/yac57282.2022.10023577,10.1109,https://doi.org/10.1109/yac57282.2022.10023577: HTTP 202
liu2022real,C5,2022,Liu D.,"Real-time identification, localization, and grading method for navel oranges based on RGB-D camera",Nongye Gongcheng Xuebao Transactions of the Chinese Society of Agricultural Engineering,10.11975/j.issn.1002-6819.2022.14.018,10.11975,https://doi.org/10.11975/j.issn.1002-6819.2022.14.018: citation_pdf_url gagal (melewati batas waktu total)
luo2022multi,C5,2022,Luo Q.,Multi-Class on-Tree Peach Detection Using Improved YOLOv5s and Multi-Modal Images,Smart Agriculture,10.12133/j.smartag.sa202210004,10.12133,https://doi.org/10.12133/j.smartag.sa202210004: citation_pdf_url gagal (HTTP 403)
miranda2022akfruitdata,C5,2022,Miranda J.C.,AKFruitData: A dual software application for Azure Kinect cameras to acquire and extract informative data in yield tests performed in fruit orchard environments,Softwarex,10.1016/j.softx.2022.101231,10.1016,http://www.softxjournal.com/article/S2352711022001492/pdf: HTML tanpa tautan PDF | https://doaj.org/article/fec824db4c58401f9c2afdd1e0ed87d3: HTTP 403 | http://hdl.handle.net/10459.1/84067: HTML tanpa
sato2022determining,C5,2022,Sato H.,Determining Fruit Set Density and Spatial Arrangement of Fruit Trees for Fruit Picking Operations,2022 Joint 12th International Conference on Soft Computing and Intelligent Systems and 23rd International Symposium on Advanced Intelligent Systems Scis and Isis 2022,10.1109/scisisis55246.2022.10002107,10.1109,https://doi.org/10.1109/scisisis55246.2022.10002107: HTTP 202
sun2022noise,C5,2022,Sun Q.,Noise-tolerant RGB-D feature fusion network for outdoor fruit detection,Computers and Electronics in Agriculture,10.1016/j.compag.2022.107034,10.1016,tidak dicoba
sun2022real,C5,2022,Sun B.,Real-time detection and localization method of longan based on RGB-D,Journal of Forestry Engineering,10.13360/j.issn.2096-1359.202107028,10.13360,https://doi.org/10.13360/j.issn.2096-1359.202107028: HTML tanpa tautan PDF
xu2022citrus,C5,2022,Xu C.,Citrus Positioning Method Based on Camera and Lidar Data Fusion,Smart Innovation Systems and Technologies,10.1007/978-981-19-2448-4_15,10.1007,tidak dicoba
yu2022mature,C5,2022,Yu T.,Mature pomegranate fruit detection and location combining improved F-PointNet with 3D point cloud clustering in orchard,Computers and Electronics in Agriculture,10.1016/j.compag.2022.107233,10.1016,tidak dicoba
barbole2023grapesnet,C5,2023,Barbole D.K.,GrapesNet: Indian RGB & RGB-D vineyard image datasets for deep learning applications,Data in Brief,10.1016/j.dib.2023.109100,10.1016,https://doi.org/10.1016/j.dib.2023.109100: HTML tanpa tautan PDF | https://pmc.ncbi.nlm.nih.gov/articles/PMC10113749/pdf/main.pdf: HTML tanpa tautan PDF | https://doaj.org/article/e92deaa68c374b9a8698
devanna2023automated,C5,2023,Devanna R.P.,Automated detection and counting of grape bunches using a farmer robot,Proceedings of SPIE the International Society for Optical Engineering,10.1117/12.2673962,10.1117,https://doi.org/10.1117/12.2673962: HTML tanpa tautan PDF
dong2023three,C5,2023,Dong X.,Three-dimensional quantification of apple phenotypic traits based on deep learning instance segmentation,Computers and Electronics in Agriculture,10.1016/j.compag.2023.108156,10.1016,tidak dicoba
genemola2023looking,C5,2023,Gené-Mola J.,Looking behind occlusions: A study on amodal segmentation for robust on-tree apple fruit size estimation,Computers and Electronics in Agriculture,10.1016/j.compag.2023.107854,10.1016,https://doi.org/10.1016/j.compag.2023.107854: HTML tanpa tautan PDF | https://research.wur.nl/en/publications/looking-behind-occlusions-a-study-on-amo: HTML tanpa tautan PDF | https://hdl.handle.net/2
hao2023yolo,C5,2023,Hao P.F.,YOLO-RD-Apple orchard heterogenous image obscured fruit detection model,Journal of Graphics,10.11996/jg.j.2095-302x.2023030456,10.11996,https://doi.org/10.11996/jg.j.2095-302x.2023030456: HTTP 404
miranda2023assessing,C5,2023,Miranda J.C.,Assessing automatic data processing algorithms for RGB-D cameras to predict fruit size and weight in apples,Computers and Electronics in Agriculture,10.1016/j.compag.2023.108302,10.1016,https://doi.org/10.1016/j.compag.2023.108302: HTML tanpa tautan PDF | https://hdl.handle.net/20.500.12327/2465: HTML tanpa tautan PDF | https://hdl.handle.net/10459.1/464133: HTML tanpa tautan PDF
mirbod2023tree,C5,2023,Mirbod O.,On-tree apple fruit size estimation using stereo vision with deep learning-based occlusion handling,Biosystems Engineering,10.1016/j.biosystemseng.2022.12.008,10.1016,https://doi.org/10.1016/j.biosystemseng.2022.12.008: HTML tanpa tautan PDF
parr2023grape,C5,2023,Parr B.,Grape yield estimation with a smartphone's colour and depth cameras using machine learning and computer vision techniques,Computers and Electronics in Agriculture,10.1016/j.compag.2023.108174,10.1016,https://doi.org/10.1016/j.compag.2023.108174: HTML tanpa tautan PDF
rong2023tomato,C5,2023,Rong J.,Tomato cluster detection and counting using improved YOLOv5 based on RGB-D fusion,Computers and Electronics in Agriculture,10.1016/j.compag.2023.107741,10.1016,tidak dicoba
tsoulias2023situ,C5,2023,Tsoulias N.,In-situ fruit analysis by means of LiDAR 3D point cloud of normalized difference vegetation index (NDVI),Computers and Electronics in Agriculture,10.1016/j.compag.2022.107611,10.1016,https://doi.org/10.1016/j.compag.2022.107611: HTML tanpa tautan PDF
wang2023real,C5,2023,Wang L.,Real-time Fruit Detection Method Based on RGB-D Image Fusion,Proceedings 2023 10th International Conference on Dependable Systems and their Applications Dsa 2023,10.1109/dsa59317.2023.00028,10.1109,https://doi.org/10.1109/dsa59317.2023.00028: HTTP 202
xie2023enhancing,C5,2023,Xie F.,Enhancing Outdoor Fruit Localization Accuracy: A Stereo Network Approach with Parallax Attention,Proceedings 2023 38th Youth Academic Annual Conference of Chinese Association of Automation Yac 2023,10.1109/yac59482.2023.10401448,10.1109,https://doi.org/10.1109/yac59482.2023.10401448: HTTP 202
yang2023detection,C5,2023,Yang Y.,Detection of multi-size peach in orchard using RGB-D camera combined with an improved DEtection Transformer model,Intelligent Data Analysis,10.3233/ida-220449,10.3233,https://doi.org/10.3233/ida-220449: HTTP 403
ambrus2024field,C5,2024,Ambrus B.,Field-grown tomato yield estimation using point cloud segmentation with 3D shaping and RGB pictures from a field robot and digital single lens reflex cameras,Heliyon,10.1016/j.heliyon.2024.e37997,10.1016,https://doi.org/10.1016/j.heliyon.2024.e37997: HTML tanpa tautan PDF | https://pmc.ncbi.nlm.nih.gov/articles/PMC11619985/pdf/main.pdf: HTML tanpa tautan PDF
chen2024mlp,C5,2024,Chen W.,MLP-based multimodal tomato detection in complex scenarios: Insights from task-specific analysis of feature fusion architectures,Computers and Electronics in Agriculture,10.1016/j.compag.2024.108951,10.1016,tidak dicoba
da2024detection,C5,2024,da Silva M.F.,DETECTION AND SEGMENTATION OF ORANGE FRUIT IN 3D POINT CLOUDS GENERATED BY A TERRESTRIAL LIDAR SYSTEM,International Geoscience and Remote Sensing Symposium IGARSS,10.1109/igarss53475.2024.10642606,10.1109,https://doi.org/10.1109/igarss53475.2024.10642606: HTTP 202
dohi2024tilt,C5,2024,Dohi A.,Tilt-Invariant Lemon Size Estimation Using RGB-D Camera Images,Proceedings 2024 International Conference on Cyberworlds Cw 2024,10.1109/cw64301.2024.00041,10.1109,https://doi.org/10.1109/cw64301.2024.00041: HTTP 202
fukuda2024measuring,C5,2024,Fukuda T.,Measuring Fruit Diameter for Fruit Tree Management Purposes Using an RGB-D Camera,2024 Joint 13th International Conference on Soft Computing and Intelligent Systems and 25th International Symposium on Advanced Intelligent Systems Scis and Isis 2024,10.1109/scisisis61014.2024.10760234,10.1109,https://doi.org/10.1109/scisisis61014.2024.10760234: HTTP 202
hao2024vision,C5,2024,Hao Y.,A Vision-Based Two-Stage Fruit Outer Diameter Detection Method,IEEE International Conference on Robotics and Biomimetics Robio,10.1109/robio64047.2024.10907381,10.1109,https://doi.org/10.1109/robio64047.2024.10907381: HTTP 202
hong2024plant,C5,2024,Hong S.J.,ON-PLANT SIZE AND WEIGHT ESTIMATION OF TOMATO FRUITS USING DEEP NEURAL NETWORKS AND RGB-D IMAGING,Journal of the Asabe,10.13031/ja.15746,10.13031,https://doi.org/10.13031/ja.15746: galat jaringan: SSLError
kaukab2024improving,C5,2024,Kaukab S.,Improving real-time apple fruit detection: Multi-modal data and depth fusion with non-targeted background removal,Ecological Informatics,10.1016/j.ecoinf.2024.102691,10.1016,https://doi.org/10.1016/j.ecoinf.2024.102691: HTML tanpa tautan PDF
liu2024performance,C5,2024,Liu X.,Performance evaluation of newly released cameras for fruit detection and localization in complex kiwifruit orchard environments,Journal of Field Robotics,10.1002/rob.22297,10.1002,tidak dicoba
lou2024online,C5,2024,Lou H.,Online target detection and fast localisation of citrus fruits in irregularly disturbed state,Nongye Gongcheng Xuebao Transactions of the Chinese Society of Agricultural Engineering,10.11975/j.issn.1002-6819.202404120,10.11975,https://doi.org/10.11975/j.issn.1002-6819.202404120: citation_pdf_url gagal (melewati batas waktu total)
manfrini2024computer,C5,2024,Manfrini L.,A computer vision approach for estimating fruit growth rate in orchards,Acta Horticulturae,10.17660/actahortic.2024.1395.52,10.17660,https://doi.org/10.17660/actahortic.2024.1395.52: HTML tanpa tautan PDF
neupane2024machine,C5,2024,Neupane C.,Machine vision with deep learning for in-orchard mango fruit sizing and size distribution,Acta Horticulturae,10.17660/actahortic.2024.1395.42,10.17660,https://doi.org/10.17660/actahortic.2024.1395.42: HTML tanpa tautan PDF
shao2024feasibility,C5,2024,Shao H.,Feasibility study on fruit parameter estimation based on hyperspectral LiDAR point cloud,Journal of Food Measurement and Characterization,10.1007/s11694-024-02729-x,10.1007,tidak dicoba
simini2024populating,C5,2024,Simini A.,Populating Digital Orchards: Evaluation of a 3D Positioning Algorithm for Semi-Automated Data Collection and Spawning,2024 IEEE International Workshop on Metrology for Agriculture and Forestry Metroagrifor 2024 Proceedings,10.1109/metroagrifor63043.2024.10948798,10.1109,https://doi.org/10.1109/metroagrifor63043.2024.10948798: HTTP 202
tapiazapata2024geometric,C5,2024,Tapia-Zapata N.,A geometric modelling approach to estimate apple fruit size by means of LiDAR 3D point clouds,International Journal of Food Properties,10.1080/10942912.2024.2330494,10.1080,https://doi.org/10.1080/10942912.2024.2330494: HTTP 403
wang2024multi,C5,2024,Wang Y.,Multi Perspective Point Cloud Reconstruction Method for Sweet Pepper Fruit under Occlusion Conditions,Nongye Jixie Xuebao Transactions of the Chinese Society for Agricultural Machinery,10.6041/j.issn.1000-1298.2024.05.020,10.6041,https://doi.org/10.6041/j.issn.1000-1298.2024.05.020: HTML tanpa tautan PDF
yan2024detection,C5,2024,Yan S.,DETECTION IN COMPLEX SCENES USING RGB AND DEPTH MULTIMODAL FEATURE FUSION,ICASSP IEEE International Conference on Acoustics Speech and Signal Processing Proceedings,10.1109/icassp48485.2024.10448205,10.1109,https://doi.org/10.1109/icassp48485.2024.10448205: HTTP 202
ye2024tomato,C5,2024,Ye R.,Tomato Fruit 3D Reconstruction Based on Improved YOLOv8 and MiDaS Depth Estimation,Proceedings 2024 International Conference on Advances in Electrical Engineering and Computer Applications Aeeca 2024,10.1109/aeeca62331.2024.00093,10.1109,https://doi.org/10.1109/aeeca62331.2024.00093: HTTP 202
zhang2024semantic,C5,2024,Zhang Y.,Semantic segmentation model for greenhouse tomato images using RGB and depth bimodal,Nongye Gongcheng Xuebao Transactions of the Chinese Society of Agricultural Engineering,10.11975/j.issn.1002-6819.202309169,10.11975,https://doi.org/10.11975/j.issn.1002-6819.202309169: citation_pdf_url gagal (melewati batas waktu total)
cao2025tree,C5,2025,Cao W.,On-the-tree mango detection based on image fusion,IFAC Papersonline,10.1016/j.ifacol.2025.11.795,10.1016,https://doi.org/10.1016/j.ifacol.2025.11.795: HTML tanpa tautan PDF
devanna2025boosting,C5,2025,Devanna R.P.,Boosting grape bunch detection in RGB-D images using zero-shot annotation with Segment Anything and GroundingDINO,Computers and Electronics in Agriculture,10.1016/j.compag.2024.109611,10.1016,https://doi.org/10.1016/j.compag.2024.109611: HTML tanpa tautan PDF
devanna2025yield,C5,2025,Devanna R.P.,Yield estimation in precision viticulture by combining deep segmentation and depth-based clustering,Computers and Electronics in Agriculture,10.1016/j.compag.2025.110025,10.1016,https://doi.org/10.1016/j.compag.2025.110025: HTML tanpa tautan PDF
piani2025evaluating,C5,2025,Piani M.,Evaluating Orchard Fruit Quality from Monocular and Stereo RGB-D Imagery: A Comparative Study,Conference Proceedings 2025 IEEE International Workshop on Metrology for Agriculture and Forestry Metroagrifor 2025,10.1109/metroagrifor66923.2025.11512584,10.1109,https://doi.org/10.1109/metroagrifor66923.2025.11512584: HTTP 202
qu2025citrus,C5,2025,Qu H.,Citrus fruit diameter estimation in the field using monocular camera,Biosystems Engineering,10.1016/j.biosystemseng.2025.02.012,10.1016,tidak dicoba
rong2025rtmfusion,C5,2025,Rong J.,RTMFusion: An enhanced dual-stream architecture algorithm fusing RGB and depth features for instance segmentation of tomato organs,Measurement Journal of the International Measurement Confederation,10.1016/j.measurement.2024.115484,10.1016,tidak dicoba
tan2025apple,C5,2025,Tan D.G.,Apple Diameter Measurement from RGB Images Using ORCNN and Calibrated Monocular Depth,Proceedings 7th International Conference on Informatics Multimedia Cyber and Information System Icimcis 2025,10.1109/icimcis68501.2025.11327435,10.1109,https://doi.org/10.1109/icimcis68501.2025.11327435: HTTP 202
upadhyaya2025smartphone,C5,2025,Upadhyaya P.,Smartphone-based 3D imaging for canopy and berry cluster volume estimation in wine grapes,Smart Agricultural Technology,10.1016/j.atech.2025.101592,10.1016,https://doi.org/10.1016/j.atech.2025.101592: HTML tanpa tautan PDF | https://doaj.org/article/6721b61385cc47f1a7247918085af311: HTTP 403
wang2025tpdnet,C5,2025,Wang Y.,TPDNet: Triple phenotype deepen networks for monocular 3D object detection of melons and fruits in fields,Plant Phenomics,10.1016/j.plaphe.2025.100048,10.1016,https://doi.org/10.1016/j.plaphe.2025.100048: HTML tanpa tautan PDF | https://pmc.ncbi.nlm.nih.gov/articles/PMC12709957/: HTML tanpa tautan PDF
xu2025three,C5,2025,Xu S.,Three-dimensional Reconstruction and Phenotype Detection of Citrus Fruits Based on Single-view RGBD Images,Nongye Jixie Xuebao Transactions of the Chinese Society for Agricultural Machinery,10.6041/j.issn.1000-1298.2025.03.008,10.6041,https://doi.org/10.6041/j.issn.1000-1298.2025.03.008: HTML tanpa tautan PDF
yang2025rgb,C5,2025,Yang M.,An RGB-D Multi-modal Apple Recognition and Instance Segmentation Method for Orchard Harvesting,Proceedings of 2025 2nd International Symposium on AI and Cybersecurity Isaics 2025,10.1109/isaics66888.2025.11350135,10.1109,https://doi.org/10.1109/isaics66888.2025.11350135: HTTP 202
yi2025rtfve,C5,2025,Yi W.,RTFVE-YOLOv9: Real-time fruit volume estimation model integrating YOLOv9 and binocular stereo vision,Computers and Electronics in Agriculture,10.1016/j.compag.2025.110401,10.1016,tidak dicoba
dihkan2026automatic,C5,2026,Dihkan M.,Automatic Kiwifruit Segmentation From Terrestrial LiDAR Point Clouds for Precision Agriculture,Transactions in GIS,10.1111/tgis.70347,10.1111,https://doi.org/10.1111/tgis.70347: HTTP 403
fu2026mt,C5,2026,Fu H.,MT-WavYOLO: bridging multi-task learning and 3D frustum fusion for non-destructive robotic harvesting of occluded orchard fruits,Computers and Electronics in Agriculture,10.1016/j.compag.2025.111335,10.1016,tidak dicoba
hossain2026depth,C5,2026,Hossain T.,DEPTH-AWARE DETECTION AND SEGMENTATION OF FRUITS USING FASTER R-CNN AND YOLOV5 FOR ORCHARD ROBOTICS,Icic Express Letters Part B Applications,10.24507/icicelb.17.05.517,10.24507,https://doi.org/10.24507/icicelb.17.05.517: galat jaringan: ConnectionError
liu2026estimating,C5,2026,Liu X.,Estimating strawberry size using improved YOLOv8s-seg and semi-truncated cone models,Nongye Gongcheng Xuebao Transactions of the Chinese Society of Agricultural Engineering,10.11975/j.issn.1002-6819.202508046,10.11975,https://doi.org/10.11975/j.issn.1002-6819.202508046: citation_pdf_url gagal (melewati batas waktu total)
liu2026fruit,C5,2026,Liu G.,A Fruit Size Estimation Method Based on Hyperspectral LiDAR,2026 International Conference on Image Signal Processing and Pattern Recognition Ispp 2026,10.1109/ispp69262.2026.11542978,10.1109,https://doi.org/10.1109/ispp69262.2026.11542978: HTTP 202
liu2026geosphere,C5,2026,Liu S.,GeoSphere-DETR: RGB-D citrus fruit detection in cluttered orchards via geometry-gated fusion and geometry-aware confidence recalibration,Artificial Intelligence in Agriculture,10.1016/j.aiia.2026.08.010,10.1016,https://doi.org/10.1016/j.aiia.2026.08.010: HTML tanpa tautan PDF
whalley2013applications,R,2013,Whalley J.,Applications of image processing in viticulture: A review,Proceedings 20th International Congress on Modelling and Simulation Modsim 2013,,,tidak dicoba
gongal2015sensors,R,2015,Gongal A.,Sensors and systems for fruit detection and localization: A review,Computers and Electronics in Agriculture,10.1016/j.compag.2015.05.021,10.1016,tidak dicoba
makky2016trend,R,2016,Makky M.,Trend in non-destructive quality inspections for oil palm fresh fruits bunch in Indonesia,International Food Research Journal,,,tidak dicoba
patkar2016palm,R,2016,Patkar G.S.,Palm oil fruit -automated gradingusing image processingand fuzzylogictechnniques: Animpression and survey,International Journal of Pharmacy and Technology,,,tidak dicoba
zhao2016review,R,2016,Zhao Y.,A review of key techniques of vision-based control for harvesting robot,Computers and Electronics in Agriculture,10.1016/j.compag.2016.06.022,10.1016,tidak dicoba
narvaez2017survey,R,2017,Narvaez F.Y.,A survey of ranging and imaging techniques for precision agriculture phenotyping,IEEE ASME Transactions on Mechatronics,10.1109/tmech.2017.2760866,10.1109,https://doi.org/10.1109/tmech.2017.2760866: HTTP 202
koirala2019deepb,R,2019,Koirala A.,Deep learning – Method overview and review of use for fruit detection and yield estimation,Computers and Electronics in Agriculture,10.1016/j.compag.2019.04.017,10.1016,https://doi.org/10.1016/j.compag.2019.04.017: HTML tanpa tautan PDF | https://figshare.com/articles/journal_contribution/Deep_learning_Method_overview: HTTP 202
fu2020application,R,2020,Fu L.,Application of consumer RGB-D cameras for fruit detection and localization in field: A critical review,Computers and Electronics in Agriculture,10.1016/j.compag.2020.105687,10.1016,https://doi.org/10.1016/j.compag.2020.105687: HTML tanpa tautan PDF
huang2020phenotypic,R,2020,Huang Y.,Phenotypic techniques and applications in fruit trees: A review,Plant Methods,10.1186/s13007-020-00649-7,10.1186,https://plantmethods.biomedcentral.com/track/pdf/10.1186/s13007-020-00649-7: HTML tanpa tautan PDF | https://www.ncbi.nlm.nih.gov/pmc/articles/7412798: HTML tanpa tautan PDF | https://doaj.org/article
lu2020survey,R,2020,Lu Y.,A survey of public datasets for computer vision tasks in precision agriculture,Computers and Electronics in Agriculture,10.1016/j.compag.2020.105760,10.1016,https://doi.org/10.1016/j.compag.2020.105760: HTML tanpa tautan PDF | https://digitalcommons.usu.edu/cee_facpub/3797: HTML tanpa tautan PDF
putra2020information,R,2020,Putra B.T.W.,Using information from images for plantation monitoring: A review of solutions for smallholders,Information Processing in Agriculture,10.1016/j.inpa.2019.04.005,10.1016,https://doaj.org/article/b47d20ef8a154f5cb772e94734e1ab57: HTTP 403
tripathi2020role,R,2020,Tripathi M.K.,A role of computer vision in fruits and vegetables among various horticulture products of agriculture fields: A survey,Information Processing in Agriculture,10.1016/j.inpa.2019.07.003,10.1016,https://doaj.org/article/e9347c737ca64b829e6be220497f7d86: HTTP 403
saleem2021automation,R,2021,Saleem M.H.,Automation in Agriculture by Machine and Deep Learning Techniques: A Review of Recent Developments,Precision Agriculture,10.1007/s11119-021-09806-x,10.1007,tidak dicoba
aslam2022survey,R,2022,Aslam F.,A Survey of Deep Learning Methods for Fruit and Vegetable Detection and Yield Estimation,Studies in Big Data,10.1007/978-3-031-05752-6_19,10.1007,tidak dicoba
he2022fruit,R,2022,He L.,Fruit yield prediction and estimation in orchards: A state-of-the-art comprehensive review for both direct and indirect methods,Computers and Electronics in Agriculture,10.1016/j.compag.2022.106812,10.1016,tidak dicoba
magalhaes2022active,R,2022,Magalhães S.A.,Active Perception Fruit Harvesting Robots — A Systematic Review,Journal of Intelligent and Robotic Systems Theory and Applications,10.1007/s10846-022-01595-3,10.1007,tidak dicoba
wang2022review,R,2022,Wang X.,A review on the application of LiDAR sensors and technologies in agricultural scenarios,Journal of Chinese Agricultural Mechanization,10.13733/j.jcam.issn.2095-5553.2022.11.022,10.13733,https://doi.org/10.13733/j.jcam.issn.2095-5553.2022.11.022: HTML tanpa tautan PDF
huang2023survey,R,2023,Huang Y.,A survey of deep learning-based object detection methods in crop counting,Computers and Electronics in Agriculture,10.1016/j.compag.2023.108425,10.1016,tidak dicoba
kipli2023deep,R,2023,Kipli K.,Deep learning applications for oil palm tree detection and counting,Smart Agricultural Technology,10.1016/j.atech.2023.100241,10.1016,https://doi.org/10.1016/j.atech.2023.100241: HTML tanpa tautan PDF | http://ir.unimas.my/id/eprint/42290/1/Deep%20learning.pdf: HTTP 503 | https://doaj.org/article/f04303de69a44014a4da74e3e96d9008: HT
miranda2023fruit,R,2023,Miranda J.C.,Fruit sizing using AI: A review of methods and challenges,Postharvest Biology and Technology,10.1016/j.postharvbio.2023.112587,10.1016,https://doi.org/10.1016/j.postharvbio.2023.112587: HTML tanpa tautan PDF | https://hdl.handle.net/20.500.12327/2462: HTML tanpa tautan PDF | https://hdl.handle.net/10459.1/464126: HTML tanpa tautan PD
tang2023optimization,R,2023,Tang Y.,Optimization strategies of fruit detection to overcome the challenge of unstructured background in field orchard environment: a review,Precision Agriculture,10.1007/s11119-023-10009-9,10.1007,tidak dicoba
thakur2023extensive,R,2023,Thakur A.,An extensive review on agricultural robots with a focus on their perception systems,Computers and Electronics in Agriculture,10.1016/j.compag.2023.108146,10.1016,tidak dicoba
anand2024fruit,R,2024,Anand R.,Fruit Counting and Analysis Using Artificial Intelligence Approaches,Artificial Intelligence Techniques in Smart Agriculture,10.1007/978-981-97-5878-4_7,10.1007,tidak dicoba
azizi2024image,R,2024,Azizi A.,Image processing and artificial intelligence for apple detection and localization: A comprehensive review,Computer Science Review,10.1016/j.cosrev.2024.100690,10.1016,tidak dicoba
chen2024orchard,R,2024,Chen M.,Orchard-Wide Visual Perception and Autonomous Operation of Fruit Picking Robots: A Review,Smart Agriculture,10.12133/j.smartag.sa202405022,10.12133,https://doaj.org/article/27d776d1d4b64f4c9c0ba7097b6d9280: HTTP 403 | https://doi.org/10.12133/j.smartag.sa202405022: citation_pdf_url gagal (HTTP 403)
hidayat2024oil,R,2024,Hidayat T.,"Oil Palm Fruit Ripeness Detection Technique: Analysis, Challenges, and Opportunities",2024 International Conference on Information Technology Systems and Innovation Icitsi 2024 Proceedings,10.1109/icitsi65188.2024.10929459,10.1109,https://doi.org/10.1109/icitsi65188.2024.10929459: HTTP 202
naghipour2024review,R,2024,Naghipour M.,"A Review of AI Techniques in Fruit Detection and Classification: Analyzing Data, Features and AI Models Used in Agricultural Industry",International Journal of Technology,10.14716/ijtech.v15i3.6404,10.14716,https://doi.org/10.14716/ijtech.v15i3.6404: galat jaringan: ConnectionError | https://shdl.mmu.edu.my/12536/1/A%20Review%20of%20AI%20Techniques%20in%20Fruit%2: HTTP 401
trentin2024tree,R,2024,Trentin C.,Tree crop yield estimation and prediction using remote sensing and machine learning: A systematic review,Smart Agricultural Technology,10.1016/j.atech.2024.100556,10.1016,https://doi.org/10.1016/j.atech.2024.100556: HTML tanpa tautan PDF | https://doaj.org/article/8e119ac9e6e94c1caeb730b66126e4a4: HTTP 403
chen2025survey,R,2025,Chen X.,Survey of Advances in Semi-Supervised Learning Methods for Crop Image Processing Applications,Computer Engineering and Applications,10.3778/j.issn.1002-8331.2410-0016,10.3778,https://doi.org/10.3778/j.issn.1002-8331.2410-0016: citation_pdf_url gagal (HTTP 403)
dutta2025application,R,2025,Dutta S.K.,Application and Prospects of Artificial Intelligence (AI)-Based Technologies in Fruit Production Systems,Applied Fruit Science,10.1007/s10341-024-01223-4,10.1007,tidak dicoba
goh2025fresh,R,2025,Goh J.Y.,Fresh Fruit Bunch Ripeness Classification Methods: A Review,Food and Bioprocess Technology,10.1007/s11947-024-03483-0,10.1007,https://doi.org/10.1007/s11947-024-03483-0: HTML tanpa tautan PDF | https://figshare.com/articles/journal_contribution/Fresh_Fruit_Bunch_Ripeness_Cl: HTTP 202
gong2025fruit,R,2025,Gong X.,Fruit Detection Methods Based on Deep Learning in Agricultural Planting: A Systematic Literature Review,IEEE Access,10.1109/access.2025.3573364,10.1109,https://doi.org/10.1109/access.2025.3573364: HTTP 202 | https://doaj.org/article/9a57cd8accd24918ac86c99e83db1ca4: HTTP 403
li2025process,R,2025,Li Z.,"Process, challenges and solutions of fruit 3D reconstruction: A review",Computers and Electronics in Agriculture,10.1016/j.compag.2025.111068,10.1016,tidak dicoba
mohamad2025impact,R,2025,Mohamad Zaki M.A.,Impact of industry 4.0 technologies on the oil palm industry: A literature review,Smart Agricultural Technology,10.1016/j.atech.2024.100685,10.1016,https://doi.org/10.1016/j.atech.2024.100685: HTML tanpa tautan PDF | https://doaj.org/article/f6f0c191af204cd982ae8b2ea2bd20ef: HTTP 403
moldvai2025innovative,R,2025,Moldvai L.,Innovative computer vision methods for tomato (Solanum Lycopersicon) detection and cultivation: a review,Discover Applied Sciences,10.1007/s42452-025-07613-x,10.1007,https://doaj.org/article/3c9914d4fc8f4d06bd0ae4d6f35e83d2: HTTP 403
pu2025bridging,R,2025,Pu X.,Bridging lab and field: A review and roadmap for unmanned aerial vehicle-based field crop counting with deep learning,Smart Agricultural Technology,10.1016/j.atech.2025.101639,10.1016,https://doi.org/10.1016/j.atech.2025.101639: HTML tanpa tautan PDF | https://doaj.org/article/1862625fc82a481a9fa885fd95f58c44: HTTP 403
sutriani2025yolo,R,2025,Sutriani L.,YOLO in Palm Oil Detection: A Bibliometric and SLR Analysis,2025 2nd International Conference on Information System and Information Technology Icisit 2025,10.1109/icisit66233.2025.11402971,10.1109,https://doi.org/10.1109/icisit66233.2025.11402971: HTTP 202
unigarro2025artificial,R,2025,Unigarro C.,"Artificial Neural Networks for Image Processing in Precision Agriculture: A Systematic Literature Review on Mango, Apple, Lemon, and Coffee Crops",Informatics,10.3390/informatics12020046,10.3390,https://doi.org/10.3390/informatics12020046: HTTP 403 | https://doaj.org/article/3badb08a780340c9b2c4e7418a9e7eea: HTTP 403
xiao2025key,R,2025,Xiao X.,Key Technologies for Machine Vision for Picking Robots: Review and Benchmarking,Machine Intelligence Research,10.1007/s11633-024-1517-1,10.1007,tidak dicoba
yang2025research,R,2025,Yang X.,Research progress on binocular stereo vision technology and its applications in smart agriculture,Nongye Gongcheng Xuebao Transactions of the Chinese Society of Agricultural Engineering,10.11975/j.issn.1002-6819.202410177,10.11975,https://doi.org/10.11975/j.issn.1002-6819.202410177: citation_pdf_url gagal (melewati batas waktu total)
yuchao2025review,R,2025,Yuchao X.,Review on lightweight deep learning networks for object detection in crops,Journal of Chinese Agricultural Mechanization,10.13733/j.jcam.issn.2095-5553.2025.03.038,10.13733,https://doi.org/10.13733/j.jcam.issn.2095-5553.2025.03.038: HTML tanpa tautan PDF
zhou2025review,R,2025,Zhou X.,A review of fruit ripeness recognition methods based on deep learning,Cyber Physical Systems,10.1080/23335777.2025.2467639,10.1080,tidak dicoba
abdelhamid2026intelligent,R,2026,Abdelhamid M.A.,Intelligent transformation of mango maturity Estimation: AI-based non-destructive methods,Smart Agricultural Technology,10.1016/j.atech.2026.102000,10.1016,https://doi.org/10.1016/j.atech.2026.102000: HTML tanpa tautan PDF
ahmed2026insights,R,2026,Ahmed Z.F.R.,Insights into recent developments and obstacles in automated fruit ripeness classification,Green Technologies and Sustainability,10.1016/j.grets.2025.100302,10.1016,https://doi.org/10.1016/j.grets.2025.100302: HTML tanpa tautan PDF
chang2026ai,R,2026,Chang J.,AI-driven 3D point cloud analysis in plant phenotyping: A Systematic Review,Smart Agricultural Technology,10.1016/j.atech.2026.101869,10.1016,https://doi.org/10.1016/j.atech.2026.101869: HTML tanpa tautan PDF
gunawan2026drone,R,2026,Gunawan T.S.,Drone and deep learning-based instrumentation for palm fruit detection and yield measurement: A Southeast Asian roadmap,IEEE Instrumentation and Measurement Magazine,10.1109/mim.2026.11224873,10.1109,https://doi.org/10.1109/mim.2026.11224873: HTTP 202
han2026what,R,2026,Han K.,What's next in agri-vision: A review of Vision Transformers and Vision Mamba in crop management,Computers and Electronics in Agriculture,10.1016/j.compag.2026.111551,10.1016,tidak dicoba
liu2026lidar,R,2026,Liu W.,"LiDAR in precision agriculture for orchards and perennial tree crops: bibliometric analysis, sensor technologies, and algorithmic workflows",Computers and Electronics in Agriculture,10.1016/j.compag.2026.112049,10.1016,tidak dicoba
liu2026systematic,R,2026,Liu Q.,A systematic review on deep learning techniques for maturity classification of tomato fruit on plants,Smart Agricultural Technology,10.1016/j.atech.2026.102155,10.1016,https://doi.org/10.1016/j.atech.2026.102155: HTML tanpa tautan PDF
ma2026frontiers,R,2026,Ma J.,Frontiers and advances of deep learning-based fruit and vegetable image analysis,Computers and Electronics in Agriculture,10.1016/j.compag.2025.111256,10.1016,tidak dicoba
nordin2026systematic,R,2026,Nordin M.E.,A Systematic Literature Review of Palm Oil Maturity Detection via Deep Learning Approaches,Asia Pacific Journal of Information Technology and Multimedia,10.17576/apjitm-2026-1501-15,10.17576,https://doi.org/10.17576/apjitm-2026-1501-15: HTML tanpa tautan PDF
pugazhendi2026advances,R,2026,Pugazhendi P.,Advances in agricultural fruit detection using you only look once (YOLO) algorithm: A review,Smart Agricultural Technology,10.1016/j.atech.2026.101896,10.1016,https://doi.org/10.1016/j.atech.2026.101896: HTML tanpa tautan PDF
subramanian2026advances,R,2026,Subramanian G.,Advances and Prospects of Artificial Intelligence in Fruit Production Systems: A Comprehensive Review,Applied Fruit Science,10.1007/s10341-026-01983-1,10.1007,tidak dicoba
tan2026review,R,2026,Tan R.,Review on tomato target recognition technology based on deep learning,Journal of Chinese Agricultural Mechanization,10.13733/j.jcam.issn.2095-5553.2026.07.0028,10.13733,https://doi.org/10.13733/j.jcam.issn.2095-5553.2026.07.0028: HTTP 404
wang2026image,R,2026,Wang H.,"Image-Based, 3D reconstruction for smart farming Applications: A review",Computers and Electronics in Agriculture,10.1016/j.compag.2026.111828,10.1016,tidak dicoba
wang2026robust,R,2026,Wang D.,Toward robust in-field fruit quality evaluation: A critical review of emerging nondestructive technologies and devices,Food Research International,10.1016/j.foodres.2025.118058,10.1016,tidak dicoba
wang2012design,C2,2012,Wang Q.,Design of crop yield estimation system for apple orchards using computer vision,American Society of Agricultural and Biological Engineers Annual International Meeting 2012 Asabe 2012,,,tidak dicoba
ye2012fruit,C2,2012,Ye X.,Fruit yield estimation through multispectral imaging,Advances in Citrus Nutrition,10.1007/978-94-007-4171-3_30,10.1007,tidak dicoba
gong2013citrus,C2,2013,Gong A.,Citrus yield estimation based on images processed by an Android mobile phone,Biosystems Engineering,10.1016/j.biosystemseng.2013.03.009,10.1016,tidak dicoba
payne2013estimation,C2,2013,Payne A.B.,Estimation of mango crop yield using image analysis - Segmentation method,Computers and Electronics in Agriculture,10.1016/j.compag.2012.11.009,10.1016,https://figshare.com/articles/journal_contribution/Estimation_of_mango_crop_yiel: HTTP 202
yamamoto2013detection,C2,2013,Yamamoto K.,Detection and counting of intact tomato fruits on tree using image analysis and machine learning methods,Conference Proceeding 5th International Conference Tae 2013 Trends in Agricultural Engineering 2013,,,tidak dicoba
font2014counting,C2,2014,Font D.,Counting red grapes in vineyards by detecting specular spherical reflection peaks in RGB images obtained at night with artificial illumination,Computers and Electronics in Agriculture,10.1016/j.compag.2014.07.006,10.1016,tidak dicoba
yeon2014automatic,C2,2014,Yeon H.,Automatic detection and count of apples using N-adic overlapped object separation technology,Wit Transactions on Information and Communication Technologies,10.2495/icie130401,10.2495,https://doi.org/10.2495/icie130401: HTTP 500
cheng2015ann,C2,2015,Cheng H.,ANN model for apple yield estimation based on feature of tree image,Nongye Jixie Xuebao Transactions of the Chinese Society for Agricultural Machinery,10.6041/j.issn.1000-1298.2015.01.003,10.6041,https://doi.org/10.6041/j.issn.1000-1298.2015.01.003: galat jaringan: ConnectionError
cheng2015early,C2,2015,Cheng H.,Early yield estimation of 'Gala' apple trees using image processing combined with support vector machine,Nongye Jixie Xuebao Transactions of the Chinese Society for Agricultural Machinery,10.6041/j.issn.1000-1298.2015.03.002,10.6041,https://doi.org/10.6041/j.issn.1000-1298.2015.03.002: HTML tanpa tautan PDF
hung2015feature,C2,2015,Hung C.,A feature learning based approach for automated fruit yield estimation,Springer Tracts in Advanced Robotics,10.1007/978-3-319-07488-7_33,10.1007,tidak dicoba
liu2015automatic,C2,2015,Liu S.,Automatic grape bunch detection in vineyards for precise yield estimation,Proceedings of the 14th Iapr International Conference on Machine Vision Applications Mva 2015,10.1109/mva.2015.7153175,10.1109,http://handle.unsw.edu.au/1959.4/unsworks_37208: HTTP 403 | http://hdl.handle.net/1959.4/unsworks_37208: HTTP 403 | https://doi.org/10.1109/mva.2015.7153175: HTTP 202
syal2015apple,C2,2015,Syal A.,Apple fruit detection and counting using computer vision techniques,2014 IEEE International Conference on Computational Intelligence and Computing Research IEEE Iccic 2014,10.1109/iccic.2014.7238364,10.1109,https://doi.org/10.1109/iccic.2014.7238364: HTTP 202
cheng2016detection,C2,2016,Cheng H.,Detection of apple fruit in an orchard for early yield prediction as a function of crop load,Acta Horticulturae,10.17660/actahortic.2016.1137.9,10.17660,https://doi.org/10.17660/actahortic.2016.1137.9: HTML tanpa tautan PDF
hung2016autonomous,C2,2016,Hung C.,Autonomous intelligent system for fruit yield estimation,Acta Horticulturae,10.17660/actahortic.2016.1130.82,10.17660,https://doi.org/10.17660/actahortic.2016.1130.82: galat jaringan: ConnectionError
li2016immature,C2,2016,Li H.,Immature green citrus fruit detection and counting based on fast normalized cross correlation (FNCC) using natural outdoor colour images,Precision Agriculture,10.1007/s11119-016-9443-z,10.1007,tidak dicoba
maldonado2016automatic,C2,2016,Maldonado W.,Automatic green fruit counting in orange trees using digital images,Computers and Electronics in Agriculture,10.1016/j.compag.2016.07.023,10.1016,http://hdl.handle.net/11449/173296: HTML tanpa tautan PDF | http://americanae.aecid.es/americanae/es/registros/registro.do?tipoRegistro=MTD&: HTTP 503
payne2016automating,C2,2016,Payne A.B.,Automating mango crop yield estimation,Acta Horticulturae,10.17660/actahortic.2016.1130.87,10.17660,https://doi.org/10.17660/actahortic.2016.1130.87: HTML tanpa tautan PDF
chen2017counting,C2,2017,Chen S.W.,Counting Apples and Oranges with Deep Learning: A Data-Driven Approach,IEEE Robotics and Automation Letters,10.1109/lra.2017.2651944,10.1109,https://doi.org/10.1109/lra.2017.2651944: HTML tanpa tautan PDF
dorj2017yield,C2,2017,Dorj U.O.,An yield estimation in citrus orchards via fruit detection and counting using image processing,Computers and Electronics in Agriculture,10.1016/j.compag.2017.05.019,10.1016,tidak dicoba
linker2017procedure,C2,2017,Linker R.,A procedure for estimating the number of green mature apples in night-time orchard images using light distribution and its application to yield estimation,Precision Agriculture,10.1007/s11119-016-9467-4,10.1007,tidak dicoba
qureshi2017machine,C2,2017,Qureshi W.S.,Machine vision for counting fruit on mango tree canopies,Precision Agriculture,10.1007/s11119-016-9458-5,10.1007,https://figshare.com/articles/journal_contribution/Machine_vision_for_counting_f: HTTP 202
tran2017automatic,C2,2017,Tran C.C.,Automatic dragon fruit counting using adaptive thresholds for image segmentation and shape analysis,2017 4th Nafosted Conference on Information and Computer Science Nics 2017 Proceedings,10.1109/nafosted.2017.8108052,10.1109,https://doi.org/10.1109/nafosted.2017.8108052: HTTP 202
behera2018tree,C2,2018,Behera S.,On-Tree Detection and Counting of Apple Using Color Thresholding and CHT,Proceedings of the 2018 IEEE International Conference on Communication and Signal Processing Iccsp 2018,10.1109/iccsp.2018.8524363,10.1109,https://doi.org/10.1109/iccsp.2018.8524363: HTTP 202
fu2018kiwifruit,C2,2018,Fu L.,Kiwifruit yield estimation using image processing by an Android mobile phone,IFAC Papersonline,10.1016/j.ifacol.2018.08.137,10.1016,https://doi.org/10.1016/j.ifacol.2018.08.137: HTML tanpa tautan PDF
gayathri2018image,C2,2018,Gayathri Devi T.,Image Processing System for Automatic Segmentation and Yield Prediction of Fruits using Open CV,International Conference on Current Trends in Computer Electrical Electronics and Communication Ctceec 2017,10.1109/ctceec.2017.8455137,10.1109,https://doi.org/10.1109/ctceec.2017.8455137: HTTP 202
hutagalung2018detection,C2,2018,Hutagalung A.,Detection and Counting of Mango Fruits in Occluded Condition Using Image Analysis,Proceedings of 2017 5th International Conference on Instrumentation Communications Information Technology and Biomedical Engineering Icici Bme 2017,10.1109/icici-bme.2017.8537729,10.1109,https://doi.org/10.1109/icici-bme.2017.8537729: HTTP 202
linker2018machine,C2,2018,Linker R.,Machine learning based analysis of night-time images for yield prediction in apple orchard,Biosystems Engineering,10.1016/j.biosystemseng.2018.01.003,10.1016,tidak dicoba
liu2018tomato,C2,2018,Liu J.,Tomato yield estimation based on object detection,Journal of Advanced Computational Intelligence and Intelligent Informatics,10.20965/jaciii.2018.p1120,10.20965,https://doi.org/10.20965/jaciii.2018.p1120: HTML tanpa tautan PDF
qian2018smartphone,C2,2018,Qian J.,A smartphone-based apple yield estimation application using imaging features and the ANN method in mature period,Scientia Agricola,10.1590/1678-992x-2016-0152,10.1590,https://www.scielo.br/j/sa/a/Hpfwq3BrT3fjqScVCB7GM8h/?lang=en&format=pdf: HTTP 403 | http://old.scielo.br/scielo.php?script=sci_arttext&amp;pid=S0103-901620180004002: HTTP 403 | http://americanae.aeci
wang2018detection,C2,2018,Wang C.,Detection and counting of immature green citrus fruit based on the Local Binary Patterns (LBP) feature using illumination-normalized images,Precision Agriculture,10.1007/s11119-018-9574-5,10.1007,tidak dicoba
anderson2019estimation,C2,2019,Anderson N.T.,Estimation of fruit load in mango orchards: tree sampling considerations and use of machine vision and satellite imagery,Precision Agriculture,10.1007/s11119-018-9614-1,10.1007,https://figshare.com/articles/journal_contribution/Estimation_of_fruit_load_in_m: HTTP 202
behera2019yield,C2,2019,Behera S.K.,Yield estimation of pomegranate using image processing techniques,International Journal of Innovative Technology and Exploring Engineering,,,tidak dicoba
kestur2019mangonet,C2,2019,Kestur R.,MangoNet: A deep semantic segmentation architecture for a method to detect and count mangoes in an open orchard,Engineering Applications of Artificial Intelligence,10.1016/j.engappai.2018.09.011,10.1016,tidak dicoba
koirala2019deep,C2,2019,Koirala A.,Deep learning for real-time fruit detection and orchard fruit load estimation: benchmarking of ‘MangoYOLO’,Precision Agriculture,10.1007/s11119-019-09642-0,10.1007,https://figshare.com/articles/journal_contribution/Deep_learning_for_real-time_f: HTTP 202
mai2019density,C2,2019,Mai X.,A Density Map Estimation Model with DropBlock Regularization for Clustered-Fruit Counting,IEEE International Conference on Intelligent Robots and Systems,10.1109/iros40897.2019.8967551,10.1109,https://doi.org/10.1109/iros40897.2019.8967551: HTTP 202
sathesh2019automated,C2,2019,Sathesh Kumar K.,Automated Yield Estimation of Fruits Using Multilayer Convolution Neural Networks,Proceedings of the 2019 International Conference on Advances in Computing and Communication Engineering Icacce 2019,10.1109/icacce46606.2019.9079955,10.1109,https://doi.org/10.1109/icacce46606.2019.9079955: HTTP 202
wang2019machine,C2,2019,Wang Z.,Using machine vision in mango orchard management,Acta Horticulturae,10.17660/actahortic.2019.1244.17,10.17660,https://figshare.com/articles/journal_contribution/Using_machine_vision_in_mango: HTTP 202 | https://doi.org/10.17660/actahortic.2019.1244.17: HTML tanpa tautan PDF
zhang2019fast,C2,2019,Zhang X.,Fast Detection and Yield Estimation of Ripe Citrus Fruit Based on Machine Vision,Guangdong Agricultural Sciences,10.16768/j.issn.1004-874x.2019.07.022,10.16768,https://doi.org/10.16768/j.issn.1004-874x.2019.07.022: HTML tanpa tautan PDF
akai2020distortion,C2,2020,Akai R.,Distortion-adaptive grape bunch counting for omnidirectional images,Proceedings International Conference on Pattern Recognition,10.1109/icpr48806.2021.9412659,10.1109,https://doi.org/10.1109/icpr48806.2021.9412659: HTTP 202
bellocchio2020combining,C2,2020,Bellocchio E.,Combining Domain Adaptation and Spatial Consistency for Unseen Fruits Counting: A Quasi-Unsupervised Approach,IEEE Robotics and Automation Letters,10.1109/lra.2020.2966398,10.1109,http://hdl.handle.net/11380/1200006: citation_pdf_url gagal (bukan PDF) | https://doi.org/10.1109/lra.2020.2966398: HTTP 202
deng2020tsgye,C2,2020,Deng G.,TSGYE: Two-Stage Grape Yield Estimation,Communications in Computer and Information Science,10.1007/978-3-030-63820-7_66,10.1007,tidak dicoba
hacking2020vineyard,C2,2020,Hacking C.,Vineyard yield estimation using 2-D proximal sensing: A multitemporal approach,Oeno One,10.20870/oeno-one.2020.54.4.3361,10.20870,https://oeno-one.eu/article/download/3361/13483: galat jaringan: SSLError | https://doaj.org/article/56e3acc80fd24f9ba48c88560b3e3566: HTTP 403 | https://doi.org/10.20870/oeno-one.2020.54.4.3361: gala
liu2020vision,C2,2020,Liu S.,A vision-based robust grape berry counting algorithm for fast calibration-free bunch weight estimation in the field,Computers and Electronics in Agriculture,10.1016/j.compag.2020.105360,10.1016,https://unsworks.unsw.edu.au/bitstreams/a4f4e600-eb46-4ded-a2a6-f7532e71eea6/dow: HTTP 403
pawara2020deep,C2,2020,Pawara P.,Deep Learning with Data Augmentation for Fruit Counting,Lecture Notes in Computer Science Including Subseries Lecture Notes in Artificial Intelligence and Lecture Notes in Bioinformatics,10.1007/978-3-030-61401-0_20,10.1007,tidak dicoba
sarron2020machine,C2,2020,Sarron J.,Is machine learning efficient for mango yield estimation when used under heterogeneous field conditions?,Acta Horticulturae,10.17660/actahortic.2020.1279.30,10.17660,https://doi.org/10.17660/actahortic.2020.1279.30: HTML tanpa tautan PDF
vasconez2020comparison,C2,2020,Vasconez J.P.,Comparison of convolutional neural networks in fruit detection and counting: A comprehensive evaluation,Computers and Electronics in Agriculture,10.1016/j.compag.2020.105348,10.1016,tidak dicoba
victorino2020yield,C2,2020,Victorino G.,Yield components detection and image-based indicators for non-invasive grapevine yield prediction at different phenological phases,Oeno One,10.20870/oeno-one.2020.54.4.3616,10.20870,https://oeno-one.eu/article/download/3616/13517: galat jaringan: SSLError | http://hdl.handle.net/10400.5/20753: galat jaringan: ConnectionError | https://doaj.org/article/1ff351ad8fa14c9889d55b143f3c
behera2021fruits,C2,2021,Behera S.K.,Fruits yield estimation using Faster R-CNN with MIoU,Multimedia Tools and Applications,10.1007/s11042-021-10704-7,10.1007,tidak dicoba
cheng2021method,C2,2021,Cheng W.,Method of greenhouse tomato fruit identification and yield estimation based on improved YOLOv3,Journal of Chinese Agricultural Mechanization,10.13733/j.jcam.issn.2095-5553.2021.04.25,10.13733,https://doi.org/10.13733/j.jcam.issn.2095-5553.2021.04.25: HTML tanpa tautan PDF
li2021yield,C2,2021,Li Z.,Yield Estimation Method of Apple Tree Based on Improved Lightweight YOLOv5,Smart Agriculture,10.12133/j.smartag.2021.3.2.202105-sa005,10.12133,https://doaj.org/article/4330a6e51bc34c0dae64fa072eb0b217: HTTP 403 | https://doi.org/10.12133/j.smartag.2021.3.2.202105-sa005: citation_pdf_url gagal (HTTP 403)
massah2021design,C2,2021,Massah J.,"Design, development, and performance evaluation of a robot for yield estimation of kiwifruit",Computers and Electronics in Agriculture,10.1016/j.compag.2021.106132,10.1016,tidak dicoba
mirhaji2021fruit,C2,2021,Mirhaji H.,Fruit detection and load estimation of an orange orchard using the YOLO models through simple approaches in different imaging and illumination conditions,Computers and Electronics in Agriculture,10.1016/j.compag.2021.106533,10.1016,tidak dicoba
neethi2021yield,C2,2021,Neethi M.V.,Yield estimation in mango orchards using machine vision,Aip Conference Proceedings,10.1063/5.0046526,10.1063,https://doi.org/10.1063/5.0046526: HTTP 403
prabhu2021identification,C2,2021,Prabhu A.,Identification and yield estimation of mature fruits using modified watershed algorithm,2021 2nd International Conference for Emerging Technology Incet 2021,10.1109/incet51464.2021.9456198,10.1109,https://doi.org/10.1109/incet51464.2021.9456198: HTTP 202
smirnov2021neural,C2,2021,Smirnov I.,Neural network for identifying apple fruits on the crown of a tree,E3s Web of Conferences,10.1051/e3sconf/202127001021,10.1051,https://www.e3s-conferences.org/articles/e3sconf/pdf/2021/46/e3sconf_wfces2021_0: HTTP 403 | https://www.e3s-conferences.org/10.1051/e3sconf/202127001021/pdf: HTTP 403 | https://doaj.org/article/0ce85
yi2021detecting,C2,2021,Yi S.,Detecting and counting of spring-see citrus using YOLOv4 network model and recursive fusion of features,Nongye Gongcheng Xuebao Transactions of the Chinese Society of Agricultural Engineering,10.11975/j.issn.1002-6819.2021.18.019,10.11975,https://doi.org/10.11975/j.issn.1002-6819.2021.18.019: citation_pdf_url gagal (melewati batas waktu total)
alsaffar2022automatic,C2,2022,Al-Saffar B.,Automatic counting of grapes from vineyard images,Pakistan Journal of Agricultural Sciences,10.21162/pakjas/22.644,10.21162,https://doi.org/10.21162/pakjas/22.644: HTTP 404
bazame2022mapping,C2,2022,Bazame H.C.,Mapping coffee yield with computer vision,Precision Agriculture,10.1007/s11119-022-09924-0,10.1007,tidak dicoba
bellocchio2022novel,C2,2022,Bellocchio E.,A novel vision-based weakly supervised framework for autonomous yield estimation in agricultural applications,Engineering Applications of Artificial Intelligence,10.1016/j.engappai.2021.104615,10.1016,tidak dicoba
bhattarai2022weakly,C2,2022,Bhattarai U.,A weakly-supervised approach for flower/fruit counting in apple orchards,Computers in Industry,10.1016/j.compind.2022.103635,10.1016,https://doi.org/10.1016/j.compind.2022.103635: HTML tanpa tautan PDF
chauhan2022computer,C2,2022,Chauhan A.,Computer Vision and Machine Learning Based Grape Fruit Cluster Detection and Yield Estimation Robot,Journal of Scientific and Industrial Research,10.56042/jsir.v81i08.57971,10.56042,https://doi.org/10.56042/jsir.v81i08.57971: HTTP 404
immaneni2022real,C2,2022,Immaneni A.,Real-time counting of strawberry using cost-effective embedded GPU and YOLOv4-tiny,2022 Asabe Annual International Meeting,10.13031/aim.202200240,10.13031,https://doi.org/10.13031/aim.202200240: galat jaringan: SSLError
islam2022ground,C2,2022,Islam M.S.,"A Ground-based Platform for Reliable Estimates of Fruit Number, Size, and Color in Stone Fruit Orchards",Horttechnology,10.21273/horttech05098-22,10.21273,https://journals.ashs.org/downloadpdf/journals/horttech/32/6/article-p510.pdf: HTML tanpa tautan PDF | https://doaj.org/article/a76abca140764a10953cead114ed818c: HTTP 403 | https://doi.org/10.21273/ho
lyu2022green,C2,2022,Lyu S.,Green Citrus Detection and Counting in Orchards Based on YOLOv5-CS and AI Edge System,Sensors,10.3390/s22020576,10.3390,https://mdpi-res.com/d_attachment/sensors/sensors-22-00576/article_deploy/sensor: berkas terlalu besar | https://www.ncbi.nlm.nih.gov/pmc/articles/8778674: HTML tanpa tautan PDF | https://doaj.org/art
maheswari2022yield,C2,2022,Maheswari P.,Yield Estimation of Guava Fruit using U-Net Architecture,2022 6th International Conference on Trends in Electronics and Informatics Icoei 2022 Proceedings,10.1109/icoei53556.2022.9777201,10.1109,https://doi.org/10.1109/icoei53556.2022.9777201: HTTP 202
pavithra2022random,C2,2022,Pavithra R.,A Random Forest Based Smart Fruit Counting,Proceedings of the 2nd International Conference on Artificial Intelligence and Smart Energy Icais 2022,10.1109/icais53314.2022.9742725,10.1109,https://doi.org/10.1109/icais53314.2022.9742725: HTTP 202
ripa2022orchard,C2,2022,Ripa L.,Orchard Yield Estimation using Multi-angle Image Processing,2022 28th International Conference on Mechatronics and Machine Vision in Practice M2vip 2022,10.1109/m2vip55626.2022.10041098,10.1109,https://doi.org/10.1109/m2vip55626.2022.10041098: HTTP 202
song2022apple,C2,2022,Song M.,Apple Counting Network before Fruit Thinning Period Based on Dilated Convolution,ACM International Conference Proceeding Series,10.1145/3579895.3579915,10.1145,tidak dicoba
tang2022field,C2,2022,Tang Y.,Field Grape Berry Counting Algorithm Based on Spatial Attention Mechanism,Proceedings 2022 Chinese Automation Congress Cac 2022,10.1109/cac57257.2022.10055368,10.1109,https://doi.org/10.1109/cac57257.2022.10055368: HTTP 202
thendral2022enhanced,C2,2022,Thendral R.,An Enhanced Computer Vision Algorithm for Apple Fruit Yield Estimation in an Orchard,Lecture Notes in Electrical Engineering,10.1007/978-981-16-6448-9_27,10.1007,tidak dicoba
victorino2022overcoming,C2,2022,Victorino G.,Overcoming the challenge of bunch occlusion by leaves for vineyard yield estimation using image analysis,Oeno One,10.20870/oeno-one.2022.56.1.4863,10.20870,https://oeno-one.eu/article/download/4863/19008: galat jaringan: SSLError | http://hdl.handle.net/10400.5/23704: galat jaringan: ConnectionError | https://doaj.org/article/cfa72becfeab49d1b3c638e767b8
wan2022automated,C2,2022,Wan Nurazwin Syazwani R.,"Automated image identification, detection and fruit counting of top-view pineapple crown using machine learning",Alexandria Engineering Journal,10.1016/j.aej.2021.06.053,10.1016,https://doi.org/10.1016/j.aej.2021.06.053: HTML tanpa tautan PDF | https://doaj.org/article/8b57a4891af84a47a0caa6d59617bc30: HTTP 403
xia2022research,C2,2022,Xia G.,Research on Fruit Counting of Xanthoceras Sorbifolium Bunge Based on Deep Learning,2022 7th International Conference on Image Vision and Computing Icivc 2022,10.1109/icivc55077.2022.9886298,10.1109,https://doi.org/10.1109/icivc55077.2022.9886298: HTTP 202
zabawa2022image,C2,2022,Zabawa L.,Image-based analysis of yield parameters in viticulture,Biosystems Engineering,10.1016/j.biosystemseng.2022.04.009,10.1016,tidak dicoba
zhang2022complete,C2,2022,Zhang Y.,Complete and accurate holly fruits counting using YOLOX object detection,Computers and Electronics in Agriculture,10.1016/j.compag.2022.107062,10.1016,tidak dicoba
zhang2022yieldb,C2,2022,Zhang X.,Yield estimation of citrus fruit using rapid image processing in natural background,Smart Agricultural Technology,10.1016/j.atech.2021.100027,10.1016,https://doi.org/10.1016/j.atech.2021.100027: HTML tanpa tautan PDF | https://doaj.org/article/6162a689bd74470a93c0f1d0d3d2bf03: HTTP 403
aquino2023olive,C2,2023,Aquino A.,Olive-fruit yield estimation by modelling perceptual visual features,Computers and Electronics in Agriculture,10.1016/j.compag.2023.108361,10.1016,https://hdl.handle.net/10272/28884: HTML tanpa tautan PDF
du2023instance,C2,2023,Du W.,Instance Segmentation and Berry Counting of Table Grape before Thinning Based on AS-SwinT,Plant Phenomics,10.34133/plantphenomics.0085,10.34133,https://doi.org/10.34133/plantphenomics.0085: HTML tanpa tautan PDF | https://pmc.ncbi.nlm.nih.gov/articles/PMC10465307/pdf/plantphenomics.0085.pdf: HTML tanpa tautan PDF | https://doaj.org/article/b8
gao2023detection,C2,2023,Gao M.,Detection and counting of overlapped apples based on convolutional neural networks,Journal of Intelligent and Fuzzy Systems,10.3233/jifs-213072,10.3233,https://doi.org/10.3233/jifs-213072: HTTP 403
jiang2023miop,C2,2023,Jiang Q.,MIoP-NMS: Perfecting crops target detection and counting in dense occlusion from high-resolution UAV imagery,Smart Agricultural Technology,10.1016/j.atech.2023.100226,10.1016,https://doi.org/10.1016/j.atech.2023.100226: HTML tanpa tautan PDF | https://doaj.org/article/0c94beaeeb0f4614bcb718ce7642ebc2: HTTP 403
justam2023detection,C2,2023,Justam ,Detection and Counting of the Number of Cocoa Fruits on Trees Using UAV,Proceedings of the 2023 IEEE International Conference on Industry 4 0 Artificial Intelligence and Communications Technology Iaict 2023,10.1109/iaict59002.2023.10205752,10.1109,https://doi.org/10.1109/iaict59002.2023.10205752: HTTP 202
li2023semi,C2,2023,Li Y.,Semi-supervised Counting of Grape Berries in the Field Based on Density Mutual Exclusion,Plant Phenomics,10.34133/plantphenomics.0115,10.34133,https://doi.org/10.34133/plantphenomics.0115: HTML tanpa tautan PDF | https://www.ncbi.nlm.nih.gov/pmc/articles/10684290: HTML tanpa tautan PDF | https://doaj.org/article/a06acce40b354963bb48df401491a
li2023strawberry,C2,2023,Li J.,Strawberry R-CNN: Recognition and counting model of strawberry based on improved faster R-CNN,Ecological Informatics,10.1016/j.ecoinf.2023.102210,10.1016,tidak dicoba
mirbod2023synthetic,C2,2023,Mirbod O.,Synthetic Data-Driven AI Using Mixture of Rendered and Real Imaging Data for Strawberry Yield Estimation,2023 Asabe Annual International Meeting,10.13031/aim.202300548,10.13031,https://doi.org/10.13031/aim.202300548: galat jaringan: SSLError
neethi2023intelligent,C2,2023,Neethi M.V.,Intelligent Mango Canopies Yield Estimation Using Machine Vision,SN Computer Science,10.1007/s42979-022-01602-2,10.1007,tidak dicoba
quan2023vit,C2,2023,Quan K.A.C.,ViT-FFrCnt: A Few-shot Fruit Counting Approach with Multiscale Vision Transformer,2023 International Conference on Multimedia Analysis and Pattern Recognition Mapr 2023 Proceedings,10.1109/mapr59823.2023.10289072,10.1109,https://doi.org/10.1109/mapr59823.2023.10289072: HTTP 202
sarron2023fruit,C2,2023,Sarron J.,Fruit yield estimation using image analysis is also about correcting the number of detections,Acta Horticulturae,10.17660/actahortic.2023.1360.42,10.17660,https://doi.org/10.17660/actahortic.2023.1360.42: HTML tanpa tautan PDF
scalisi2023green,C2,2023,Scalisi A.,"Using Green Atlas Cartographer to investigate orchard-specific relationships between tree geometry, fruit number, fruit clustering, fruit size and fruit colour in commercial apples and pears",Acta Horticulturae,10.17660/actahortic.2023.1360.25,10.17660,https://doi.org/10.17660/actahortic.2023.1360.25: galat jaringan: ConnectionError
usha2023enhancing,C2,2023,Usha S.G.A.,Enhancing tomato fruit detection and counting through ai-enabled agricultural innovations,Machine Learning and Deep Learning for Smart Agriculture and Applications,10.4018/978-1-6684-9975-7.ch005,10.4018,https://doi.org/10.4018/978-1-6684-9975-7.ch005: HTTP 429
wu2023detection,C2,2023,Wu F.,Detection and counting of banana bunches by integrating deep learning and classic image-processing algorithms,Computers and Electronics in Agriculture,10.1016/j.compag.2023.107827,10.1016,tidak dicoba
wu2023ndmfcs,C2,2023,Wu Z.,NDMFCS: An automatic fruit counting system in modern apple orchard using abatement of abnormal fruit detection,Computers and Electronics in Agriculture,10.1016/j.compag.2023.108036,10.1016,tidak dicoba
xia2023lightweight,C2,2023,Xia X.,A Lightweight Fruit Load Estimation Model for Edge Computing Equipment,Smart Agriculture,10.12133/j.smartag.sa202305004,10.12133,https://doaj.org/article/c2597cf513eb4d9f91f02cfd439cfcc3: HTTP 403 | https://doi.org/10.12133/j.smartag.sa202305004: citation_pdf_url gagal (HTTP 403)
achraf2024segmentation,C2,2024,Achraf M.,Segmentation of Fruits and Leaves in Olive Branch Image Using AI Based Approach: Toward Yield Estimation,Proceedings of IEEE ACS International Conference on Computer Systems and Applications Aiccsa,10.1109/aiccsa63423.2024.10912610,10.1109,https://doi.org/10.1109/aiccsa63423.2024.10912610: HTTP 202
ahmad2024yield,C2,2024,Ahmad J.,Yield estimation and health assessment of temperate fruits: A modular framework,Engineering Applications of Artificial Intelligence,10.1016/j.engappai.2024.108871,10.1016,tidak dicoba
arakawa2024detection,C2,2024,Arakawa T.,Detection of on-tree chestnut fruits using deep learning and RGB unmanned aerial vehicle imagery for estimation of yield and fruit load,Agronomy Journal,10.1002/agj2.21330,10.1002,tidak dicoba
aral2024tree,C2,2024,Aral M.,Tree Fruit Load Calculation with Image Processing Techniques,Lecture Notes in Networks and Systems,10.1007/978-3-031-56728-5_12,10.1007,tidak dicoba
biegert2024non,C2,2024,Biegert K.,Non-destructive sensors and modelling to detect apple fruit and tree properties,Acta Horticulturae,10.17660/actahortic.2024.1395.12,10.17660,https://doi.org/10.17660/actahortic.2024.1395.12: HTML tanpa tautan PDF
chanda2024deep,C2,2024,Chanda A.,Deep learning-based Mango Fruit Detection and Counting,2024 21st International Conference on Electrical Engineering Electronics Computer Telecommunications and Information Technology Ecti Con 2024,10.1109/ecti-con60892.2024.10594843,10.1109,https://doi.org/10.1109/ecti-con60892.2024.10594843: HTTP 202
denarda2024shd,C2,2024,Denarda A.R.,SHD-O2D: A Novel Image Dataset for Super-High-Density Olive Orchard Yield Estimation,2024 IEEE International Workshop on Metrology for Agriculture and Forestry Metroagrifor 2024 Proceedings,10.1109/metroagrifor63043.2024.10948806,10.1109,https://doi.org/10.1109/metroagrifor63043.2024.10948806: HTTP 202
dhonju2024harvest,C2,2024,Dhonju H.K.,Harvest bin placement based on machine vision data in mango orchards,Acta Horticulturae,10.17660/actahortic.2024.1395.41,10.17660,https://doi.org/10.17660/actahortic.2024.1395.41: galat jaringan: ConnectionError
falih2024optimising,C2,2024,Falih B.S.,Optimising Yield Estimation for Grapes: Utilising the Sliding Window Technique for Visual Counting of Bunches and Berries,Pakistan Journal of Agricultural Sciences,10.21162/pakjas/24.46,10.21162,https://doi.org/10.21162/pakjas/24.46: HTTP 404
li2024apple,C2,2024,Li Z.,Apple Detection and Yield Estimation Based on YOLOv5,2024 7th International Conference on Advanced Algorithms and Control Engineering Icaace 2024,10.1109/icaace61206.2024.10549754,10.1109,https://doi.org/10.1109/icaace61206.2024.10549754: HTTP 202
lv2024ldc,C2,2024,Lv Y.,LDC-PP-YOLOE: a lightweight model for detecting and counting citrus fruit,Pattern Analysis and Applications,10.1007/s10044-024-01329-1,10.1007,tidak dicoba
mai2024cmcnet,C2,2024,Mai X.,CMCNet: Colorization-Aware Mix-Uncertainty-Adaptive Consistency Network for Semi-Supervised Fruit Counting,IEEE Transactions on Automation Science and Engineering,10.1109/tase.2023.3318008,10.1109,https://doi.org/10.1109/tase.2023.3318008: HTTP 202
mengsuwan2024chatgpt,C2,2024,Mengsuwan K.,ChatGPT and general-purpose AI count fruits in pictures surprisingly well without programming or training,Smart Agricultural Technology,10.1016/j.atech.2024.100688,10.1016,https://doi.org/10.1016/j.atech.2024.100688: HTML tanpa tautan PDF | https://repository.publisso.de/resource/frl:6511186/data: HTML tanpa tautan PDF | https://repository.publisso.de/resource/frl:65111
palacio2024geographic,C2,2024,Palacio J.C.R.,Geographic-Scale Coffee Cherry Counting with Smartphones and Deep Learning,Plant Phenomics,10.34133/plantphenomics.0165,10.34133,https://spj.science.org/doi/pdf/10.34133/plantphenomics.0165?download=true: HTTP 403 | https://pmc.ncbi.nlm.nih.gov/articles/PMC10988386/pdf/plantphenomics.0165.pdf: HTML tanpa tautan PDF | https://hd
priyanka2024deep,C2,2024,Priyanka V.,Deep learning based object detection and counting in tomato field,Aip Conference Proceedings,10.1063/5.0182358,10.1063,https://doi.org/10.1063/5.0182358: HTTP 403
raikar2024tomato,C2,2024,Raikar M.M.,Tomato detection and counting using deep learning models,2024 Opju International Technology Conference on Smart Computing for Innovation and Advancement in Industry 4 0 Otcon 2024,10.1109/otcon60325.2024.10687682,10.1109,https://doi.org/10.1109/otcon60325.2024.10687682: HTTP 202
shao2024plant,C2,2024,Shao J.,Plant fruit counting using context aware feature and point to point pairing,Proceedings of SPIE the International Society for Optical Engineering,10.1117/12.3000698,10.1117,https://doi.org/10.1117/12.3000698: HTML tanpa tautan PDF
subeesh2024uav,C2,2024,Subeesh A.,UAV imagery coupled deep learning approach for the development of an adaptive in-house web-based application for yield estimation in citrus orchard,Measurement Journal of the International Measurement Confederation,10.1016/j.measurement.2024.114786,10.1016,tidak dicoba
sugiyama2024improving,C2,2024,Sugiyama T.,Improving the Efficiency of Image Recognition for Yuzu Fruit Counting Using Object Recognition Models,Communications in Computer and Information Science,10.1007/978-981-99-7593-8_15,10.1007,tidak dicoba
vasanth2024fast,C2,2024,Vasanth N.M.,Fast region based convolutional neural network ResNet-50 model for on tree Mango fruit yield estimation,Indonesian Journal of Electrical Engineering and Computer Science,10.11591/ijeecs.v33.i2.pp1084-1091,10.11591,https://ijeecs.iaescore.com/index.php/IJEECS/article/download/35075/17971: HTML tanpa tautan PDF | https://doi.org/10.11591/ijeecs.v33.i2.pp1084-1091: HTML tanpa tautan PDF
vasconcelos2024uav,C2,2024,Vasconcelos J.V.R.,UAV-Based Optimization for Fruit Counting in Greenhouses,2024 International Conference on Unmanned Aircraft Systems Icuas 2024,10.1109/icuas60882.2024.10556844,10.1109,https://doi.org/10.1109/icuas60882.2024.10556844: HTTP 202
xiao2024camellia,C2,2024,Xiao S.,Camellia oleifera Fruits Occlusion Detection and Counting in Complex Environments Based on Improved YOLO DCL,Nongye Jixie Xuebao Transactions of the Chinese Society for Agricultural Machinery,10.6041/j.issn.1000-1298.2024.10.030,10.6041,https://doi.org/10.6041/j.issn.1000-1298.2024.10.030: HTML tanpa tautan PDF
yang2024predicting,C2,2024,Yang Q.,Predicting the growth trajectory and yield of greenhouse strawberries based on knowledge-guided computer vision,Computers and Electronics in Agriculture,10.1016/j.compag.2024.108911,10.1016,tidak dicoba
yang2024probability,C2,2024,Yang C.,Probability map-based grape detection and counting,Computers and Electronics in Agriculture,10.1016/j.compag.2024.109175,10.1016,tidak dicoba
yu2024lightweight,C2,2024,Yu C.,A lightweight SOD-YOLOv5n model-based winter jujube detection and counting method deployed on Android,Computers and Electronics in Agriculture,10.1016/j.compag.2024.108701,10.1016,https://research.rug.nl/files/936609273/1-s2.0-S0168169924000929-main.pdf: HTTP 403 | https://doi.org/10.1016/j.compag.2024.108701: HTML tanpa tautan PDF
zheng2024precise,C2,2024,Zheng S.,A precise grape yield prediction method based on a modified DCNN model,Computers and Electronics in Agriculture,10.1016/j.compag.2024.109338,10.1016,https://doi.org/10.1016/j.compag.2024.109338: HTML tanpa tautan PDF
aggarwal2025agriculture,C2,2025,Aggarwal D.,Agriculture Crop Monitoring for Yield Estimation with Zero-Shot Fruit Detection: A Deep Learning Approach,Remote Sensing of Land Cover and Land Use Changes in South and Southeast Asia Volume 1 Mapping and Monitoring,10.1201/9781003396253-5,10.1201,https://doi.org/10.1201/9781003396253-5: HTTP 403
ahmed2025estimating,C2,2025,Ahmed D.,Estimating optimal crop-load for individual branches in apple tree canopies using YOLOv8,Computers and Electronics in Agriculture,10.1016/j.compag.2024.109697,10.1016,https://doi.org/10.1016/j.compag.2024.109697: HTML tanpa tautan PDF
al2025comparative,C2,2025,Al Riza D.F.,Comparative study of citrus fruits (Citrus reticulata Blanco cv. Batu 55) detection and counting with single and double labels based on convolutional neural network using YOLOv7,Smart Agricultural Technology,10.1016/j.atech.2024.100763,10.1016,https://doi.org/10.1016/j.atech.2024.100763: HTML tanpa tautan PDF | https://doaj.org/article/08457b1bd94b42a39a3d307f405e70c7: HTTP 403
bakas2025uav,C2,2025,Bakas K.,"UAV-based citrus tree segmentation, counting and yield estimation using lightweight deep learning approaches",Smart Agricultural Technology,10.1016/j.atech.2025.101618,10.1016,https://doi.org/10.1016/j.atech.2025.101618: HTML tanpa tautan PDF | https://doaj.org/article/0573aadf34844d19968c09e88336a2fb: HTTP 403
chandra2025fruit,C2,2025,Chandra G.R.,Fruit Detection and Counting Using Deep Learning,Proceedings of the IEEE International Conference Image Information Processing,10.1109/iciip68302.2025.11346118,10.1109,https://doi.org/10.1109/iciip68302.2025.11346118: HTTP 202
chen2025lightweight,C2,2025,Chen J.,A lightweight citrus detection and counting method based on deep learning model,Engineering Applications of Artificial Intelligence,10.1016/j.engappai.2025.112268,10.1016,tidak dicoba
chen2025researchb,C2,2025,Chen B.,Research on Detection and Counting Method of Green Walnut Based on YOLOv8n-RBP,IEEE Access,10.1109/access.2025.3546313,10.1109,https://doi.org/10.1109/access.2025.3546313: HTTP 202 | https://doaj.org/article/5f74df047e944a05800c9d7c2c824be7: HTTP 403
daiaeddine2025uav,C2,2025,Daiaeddine M.J.,"UAV imagery, advanced deep learning, and YOLOv7 object detection model in enhancing citrus yield estimation",Foods and Raw Materials,10.21603/2308-4057-2025-2-650,10.21603,https://doi.org/10.21603/2308-4057-2025-2-650: galat jaringan: ReadTimeout
dong2025small,C2,2025,Dong Y.,A small target detection and yield prediction method with YOLO-LT under UVA aerial photography in apple orchards,Agricultural Research in the Arid Areas,10.7606/j.issn.1000-7601.2025.05.25,10.7606,https://doi.org/10.7606/j.issn.1000-7601.2025.05.25: HTTP 503
fan2025yolo,C2,2025,Fan Z.,YOLO-PDGT: A lightweight and efficient algorithm for unripe pomegranate detection and counting,Measurement Journal of the International Measurement Confederation,10.1016/j.measurement.2025.117852,10.1016,tidak dicoba
farooq2025advanced,C2,2025,Farooq M.,Advanced Machine Learning Method for Watermelon Identification and Yield Estimation †,Engineering Proceedings,10.3390/engproc2025108010,10.3390,https://doaj.org/article/11e905b7d3274d13bd7aaf6f923ee9c3: HTTP 403 | https://doi.org/10.3390/engproc2025108010: HTTP 403
jin2025enhanced,C2,2025,Jin T.,"Enhanced deep learning model for apple detection, localization, and counting in complex orchards for robotic arm-based harvesting",Smart Agricultural Technology,10.1016/j.atech.2025.100784,10.1016,https://doi.org/10.1016/j.atech.2025.100784: HTML tanpa tautan PDF | https://doaj.org/article/422fe1349a9a4c7a87eeb092233a80ff: HTTP 403
khedkar2025orangefruitnet,C2,2025,Khedkar M.,OrangeFruitNet: A Dataset and On-device Real Time YOLO-based Framework for Orange Fruit Detection and Yield Estimation in Orchard Environments,International Journal of Intelligent Engineering and Systems,10.22266/ijies2025.1231.67,10.22266,https://doi.org/10.22266/ijies2025.1231.67: HTML tanpa tautan PDF
kiran2025automated,C2,2025,Kiran J.S.,Automated Fruit Counting with YOLOv5 Model for Harvest Management in Orchards,2025 International Conference on Automation and Computation Autocom 2025,10.1109/autocom64127.2025.10956721,10.1109,https://doi.org/10.1109/autocom64127.2025.10956721: HTTP 202
li2025field,C2,2025,Li Z.,In-field blueberry fruit phenotyping with a MARS-PhenoBot and customized BerryNet,Computers and Electronics in Agriculture,10.1016/j.compag.2025.110057,10.1016,tidak dicoba
li2025high,C2,2025,Li X.,"High-throughput phenotyping tools for blueberry count, weight, and size estimation based on modified YOLOv5s",Fruit Research,10.48130/frures-0025-0006,10.48130,https://www.maxapress.com/data/article/opr/preview/pdf/frures-0025-0006.pdf: HTML tanpa tautan PDF | https://doaj.org/article/c2c0706849f640d5aae8543c925c03c3: HTTP 403 | https://doi.org/10.48130/frur
li2025real,C2,2025,Li C.,Real-time detecting and counting of citrus fruits in hilly and mountainous areas using UAV imagery,Nongye Gongcheng Xuebao Transactions of the Chinese Society of Agricultural Engineering,10.11975/j.issn.1002-6819.202503246,10.11975,https://doi.org/10.11975/j.issn.1002-6819.202503246: citation_pdf_url gagal (melewati batas waktu total)
li2025syl,C2,2025,Li X.,SYL-YOLOv8n: A lightweight and robust detector for peach recognition and yield estimation in complex orchards,Journal of Food Measurement and Characterization,10.1007/s11694-025-03664-1,10.1007,tidak dicoba
liu2025test,C2,2025,Liu Z.,Test-Time Adaptation of a Multi-Class Object Localization and Size Estimation Framework for Smart Agriculture Applications,Cognitive Computation,10.1007/s12559-025-10488-0,10.1007,tidak dicoba
maheswari2025mangoyieldnet,C2,2025,Maheswari P.,MangoYieldNet: Fruit yield estimation for mango orchards using DeepLabv3 + with ResNet18 architecture,Multimedia Tools and Applications,10.1007/s11042-025-20791-5,10.1007,tidak dicoba
samya2025real,C2,2025,Samya B.,Real-Time Mango Counting Using Ghost-YOLOv11: A Lightweight Object Detection Approach,2nd Asian Conference on Intelligent Technologies Acoit 2025,10.1109/acoit66109.2025.11436762,10.1109,https://doi.org/10.1109/acoit66109.2025.11436762: HTTP 202
singh2025development,C2,2025,Singh P.,Development of a smartphone application for rapid blueberry detection and yield estimation,Smart Agricultural Technology,10.1016/j.atech.2025.101361,10.1016,https://doi.org/10.1016/j.atech.2025.101361: HTML tanpa tautan PDF | https://doaj.org/article/2c207a48c759453796644e9867afe0d0: HTTP 403
velez2025framework,C2,2025,Vélez S.,Framework for smartphone-based grape detection and vineyard management using UAV-trained AI,Heliyon,10.1016/j.heliyon.2025.e42525,10.1016,https://doi.org/10.1016/j.heliyon.2025.e42525: HTML tanpa tautan PDF | http://hdl.handle.net/10261/416771: HTML tanpa tautan PDF | https://www.ncbi.nlm.nih.gov/pmc/articles/11869025: HTML tanpa tautan
ven2025mangosense,C2,2025,Ven J.,MangoSense: A time-series vision sensing dataset for mango tree segmentation and detection toward yield prediction,Computers and Electronics in Agriculture,10.1016/j.compag.2025.110524,10.1016,tidak dicoba
wu2025counting,C2,2025,Wu D.,Counting and Spatial Distribution of Camellia oleifera Fruits Based on YOLO-LGC,Nongye Jixie Xuebao Transactions of the Chinese Society for Agricultural Machinery,10.6041/j.issn.1000-1298.2025.12.052,10.6041,https://doi.org/10.6041/j.issn.1000-1298.2025.12.052: galat jaringan: ConnectionError
xu2025improving,C2,2025,Xu D.,Improving passion fruit yield estimation with multi-scale feature fusion and density-attention mechanisms in smart agriculture,Computers and Electronics in Agriculture,10.1016/j.compag.2025.110958,10.1016,https://doi.org/10.1016/j.compag.2025.110958: HTML tanpa tautan PDF
xu2025transfer,C2,2025,Xu W.,A Transfer Learning-Based Multimodal Model for Grape Detection and Counting,Smart Agriculture,10.12133/j.smartag.sa202504005,10.12133,https://doaj.org/article/8cdc508a02fd43c29c02e1d0138518a7: HTTP 403 | https://doi.org/10.12133/j.smartag.sa202504005: citation_pdf_url gagal (HTTP 403)
yang2025mask,C2,2025,Yang C.,Mask-GK: An efficient method based on mask Gaussian kernel for segmentation and counting of grape berries in field,Computers and Electronics in Agriculture,10.1016/j.compag.2025.110286,10.1016,tidak dicoba
yu2025smartphone,C2,2025,Yu C.,Smartphone-based fruit counting for early capsicum yield estimation,Proceedings of SPIE the International Society for Optical Engineering,10.1117/12.3055502,10.1117,https://doi.org/10.1117/12.3055502: HTML tanpa tautan PDF
zeng2025yolo,C2,2025,Zeng T.,YOLO-FCAP: An improved lightweight object detection model based on YOLOv8n for citrus yield prediction in complex environments,Smart Agricultural Technology,10.1016/j.atech.2025.101590,10.1016,https://doi.org/10.1016/j.atech.2025.101590: HTML tanpa tautan PDF | https://doaj.org/article/87c416287a904d54a31548d945c2ad36: HTTP 403
bakas2026efficient,C2,2026,Bakas K.,Efficient AI-Powered Orange Health Assessment And Yield Estimation,Lecture Notes in Networks and Systems,10.1007/978-3-032-18857-1_30,10.1007,tidak dicoba
goes2026detection,C2,2026,Goes S.,Detection of Banana and Counting using One-Stage and Transformer-based Object Detection Models,7th International Conference on Inventive Research in Computing Applications Icirca 2026 Proceedings,10.1109/icirca69024.2026.11570262,10.1109,https://doi.org/10.1109/icirca69024.2026.11570262: HTTP 202
he2026walnut,C2,2026,He L.,Walnut-YOLO: a lightweight and occlusion-robust object detection model for UAV-based walnut image-level counting,Measurement Science and Technology,10.1088/1361-6501/ae7e1b,10.1088,https://doi.org/10.1088/1361-6501/ae7e1b: HTML tanpa tautan PDF
le2026ghost,C2,2026,Le M.N.,Ghost-YOLOv11: A Lightweight and Efficient Deep Learning Model for Real-Time Mango Counting,Proceedings 2026 IEEE 3rd International Conference on Big Data Science and Engineering Icbdse 2026,10.1109/icbdse70225.2026.11635372,10.1109,https://doi.org/10.1109/icbdse70225.2026.11635372: HTTP 202
liu2026agrosense,C2,2026,Liu S.,Agrosense v2: An AI-enabled system for precision orchard sensing and tree-level monitoring,Computers and Electronics in Agriculture,10.1016/j.compag.2026.111797,10.1016,tidak dicoba
ma2026gdyey,C2,2026,Ma J.,GDYEY: Grape detection and yield estimation framework based on YOLO architecture,Computers and Electronics in Agriculture,10.1016/j.compag.2026.111755,10.1016,tidak dicoba
mejiashernandez2026automated,C2,2026,Mejías–Hernández D.,Automated Pineapple Fruit Detection and Counting System Using Machine Learning,Lecture Notes in Networks and Systems,10.1007/978-3-032-29558-3_3,10.1007,tidak dicoba
moreira2026yolo,C2,2026,Moreira G.,A YOLO-based approach to grape berry detection and counting with ampelographic feature analysis for grapevine yield estimation,Information Processing in Agriculture,10.1016/j.inpa.2026.03.002,10.1016,https://doi.org/10.1016/j.inpa.2026.03.002: HTML tanpa tautan PDF
pichhika2026tree,C2,2026,Pichhika H.C.,On Tree Mango Fruit Yield Estimation Using Graph Cuts and Depth First Search,Communications in Computer and Information Science,10.1007/978-3-031-93697-5_3,10.1007,tidak dicoba
pobleteecheverria2026deep,C2,2026,Poblete-Echeverria C.,Deep Learning-Based Unripe Grape Bunch Detection and Counting: A Case Study of Vitis vinifera cv. Cabernet Sauvignon in South Africa,Proceedings 2026 IEEE 5th International Conference on Intelligent Reality Icir 2026,10.1109/icir70631.2026.11628290,10.1109,https://doi.org/10.1109/icir70631.2026.11628290: HTTP 202
qu2026per,C2,2026,Qu H.,Per-tree citrus count regression from single-view images via lightweight deep learning,Agronomy Journal,10.1002/agj2.70400,10.1002,tidak dicoba
sandi2026implementation,C2,2026,Sandí J.Z.A.,Implementation and Optimization of a Machine Learning Model for Pineapple Fruit Counting in Aerial Imagery,2026 6th International Conference on Innovative Research in Applied Science Engineering and Technology Iraset 2026,10.1109/iraset68627.2026.11538886,10.1109,https://doi.org/10.1109/iraset68627.2026.11538886: HTTP 202
santhi2026streamlined,C2,2026,Santhi P.,A Streamlined Deep Learning Framework for Vineyard Yield Estimation,Proceedings of the 4th IEEE International Conference on Interdisciplinary Approaches in Technology and Management for Social Innovation Iatmsi 2026,10.1109/iatmsi68868.2026.11465914,10.1109,https://doi.org/10.1109/iatmsi68868.2026.11465914: HTTP 202
shrawne2026improving,C2,2026,Shrawne S.,Improving Fruit Detection and Counting Using RetinaNet Model,Lecture Notes in Networks and Systems,10.1007/978-3-032-13419-6_7,10.1007,tidak dicoba
szolc2026vision,C2,2026,Szolc H.,Vision-Based Automatic Fruit Counting with UAV,Lecture Notes in Networks and Systems,10.1007/978-3-032-08359-3_23,10.1007,tidak dicoba
weng2026accurate,C2,2026,Weng S.,Accurate counting of small and dense Chinese cherry in natural orchard via fruit-oriented perception and sharpening network,Computers and Electronics in Agriculture,10.1016/j.compag.2026.111909,10.1016,tidak dicoba
zhang2026ces,C2,2026,Zhang Y.,CES-YOLO: An efficient fallen fragrant pear detection and counting algorithm in complex post-disaster orchard environment,Smart Agricultural Technology,10.1016/j.atech.2026.101847,10.1016,https://doi.org/10.1016/j.atech.2026.101847: HTML tanpa tautan PDF
zhang2026citrus,C2,2026,Zhang D.,Citrus instance segmentation and yield prediction based on parallel multiscale channel enhanced,Scientia Horticulturae,10.1016/j.scienta.2026.114895,10.1016,https://doi.org/10.1016/j.scienta.2026.114895: HTML tanpa tautan PDF | https://doaj.org/article/fcfd2190ff6e4d0fb1c5ce3c4dc18103: HTTP 403
zhuang2026fg,C2,2026,Zhuang Y.,FG-LCNet: A two-stage foreground-guided network for whole-tree litchi counting,Plant Phenomics,10.1016/j.plaphe.2026.100268,10.1016,https://pmc.ncbi.nlm.nih.gov/articles/PMC13584049/pdf/main.pdf: HTML tanpa tautan PDF
barbedo2012review,T,2012,Barbedo J.G.A.,A review on methods for automatic counting of objects in digital images,IEEE Latin America Transactions,10.1109/tla.2012.6362356,10.1109,https://doi.org/10.1109/tla.2012.6362356: HTTP 202
wei2013applications,T,2013,Wei Y.M.,Applications of structure from motion: A survey,Journal of Zhejiang University Science C,10.1631/jzus.cide1302,10.1631,https://doi.org/10.1631/jzus.cide1302: HTML tanpa tautan PDF
wu2013linear,T,2013,Wu C.,Towards linear-time incremental structure from motion,Proceedings 2013 International Conference on 3D Vision 3dv 2013,10.1109/3dv.2013.25,10.1109,http://homes.cs.washington.edu/~ccwu/vsfm/vsfm.pdf: HTTP 404 | https://doi.org/10.1109/3dv.2013.25: HTTP 202
timofte2014multi,T,2014,Timofte R.,"Multi-view traffic sign detection, recognition, and 3D localisation",Machine Vision and Applications,10.1007/s00138-011-0391-3,10.1007,https://zenodo.org/record/3411338: HTTP 410
zheng2015scalable,T,2015,Zheng L.,Scalable person re-identification: A benchmark,Proceedings of the IEEE International Conference on Computer Vision,10.1109/iccv.2015.133,10.1109,https://doi.org/10.1109/iccv.2015.133: HTTP 202
onororubio2016perspective,T,2016,Oñoro-Rubio D.,Towards perspective-free object counting with deep learning,Lecture Notes in Computer Science Including Subseries Lecture Notes in Artificial Intelligence and Lecture Notes in Bioinformatics,10.1007/978-3-319-46478-7_38,10.1007,tidak dicoba
schonberger2016pixelwise,T,2016,Schönberger J.L.,Pixelwise view selection for unstructured multi-view stereo,Lecture Notes in Computer Science Including Subseries Lecture Notes in Artificial Intelligence and Lecture Notes in Bioinformatics,10.1007/978-3-319-46487-9_31,10.1007,tidak dicoba
schonberger2016structure,T,2016,Schonberger J.L.,Structure-from-Motion Revisited,Proceedings of the IEEE Computer Society Conference on Computer Vision and Pattern Recognition,10.1109/cvpr.2016.445,10.1109,https://doi.org/10.1109/cvpr.2016.445: HTTP 202
zhang2016single,T,2016,Zhang Y.,Single-image crowd counting via multi-column convolutional neural network,Proceedings of the IEEE Computer Society Conference on Computer Vision and Pattern Recognition,10.1109/cvpr.2016.70,10.1109,https://doi.org/10.1109/cvpr.2016.70: HTTP 202
bochinski2017high,T,2017,Bochinski E.,High-Speed tracking-by-detection without using image information,2017 14th IEEE International Conference on Advanced Video and Signal Based Surveillance Avss 2017,10.1109/avss.2017.8078516,10.1109,https://doi.org/10.1109/avss.2017.8078516: HTTP 202
hou2017human,T,2017,Hou L.,Human tracking over camera networks: a review,Eurasip Journal on Advances in Signal Processing,10.1186/s13634-017-0482-z,10.1186,https://asp-eurasipjournals.springeropen.com/track/pdf/10.1186/s13634-017-0482-z: HTML tanpa tautan PDF | https://doaj.org/article/7b64eb0a4f544e5aa32e2540cae4e91a: HTTP 403 | https://doi.org/10.1186/
wojke2017simple,T,2017,Wojke N.,Simple online and realtime tracking with a deep association metric,Proceedings International Conference on Image Processing Icip,10.1109/icip.2017.8296962,10.1109,https://doi.org/10.1109/icip.2017.8296962: HTTP 202
chavdarova2018wildtrack,T,2018,Chavdarova T.,WILDTRACK: A Multi-camera HD Dataset for Dense Unscripted Pedestrian Detection,Proceedings of the IEEE Computer Society Conference on Computer Vision and Pattern Recognition,10.1109/cvpr.2018.00528,10.1109,http://infoscience.epfl.ch/record/256268: HTML tanpa tautan PDF | https://doi.org/10.1109/cvpr.2018.00528: HTML tanpa tautan PDF
saputra2019visual,T,2019,Saputra M.R.U.,Visual SLAM and structure from motion in dynamic environments: A survey,ACM Computing Surveys,10.1145/3177853,10.1145,tidak dicoba
li2020data,T,2020,Li H.,Data Association Methods via Video Signal Processing in Imperfect Tracking Scenarios: A Review and Evaluation,Mathematical Problems in Engineering,10.1155/2020/7549816,10.1155,https://downloads.hindawi.com/journals/mpe/2020/7549816.pdf: HTTP 403 | https://doi.org/10.1155/2020/7549816: HTTP 403
mildenhall2020nerf,T,2020,Mildenhall B.,NeRF: Representing Scenes as Neural Radiance Fields for View Synthesis,Lecture Notes in Computer Science Including Subseries Lecture Notes in Artificial Intelligence and Lecture Notes in Bioinformatics,10.1007/978-3-030-58452-8_24,10.1007,tidak dicoba
ravoor2020deep,T,2020,Ravoor P.C.,Deep Learning Methods for Multi-Species Animal Re-identification and Tracking a Survey,Computer Science Review,10.1016/j.cosrev.2020.100289,10.1016,tidak dicoba
weng20203d,T,2020,Weng X.,3D multi-object tracking: A baseline and new evaluation metrics,IEEE International Conference on Intelligent Robots and Systems,10.1109/iros45743.2020.9341164,10.1109,https://doi.org/10.1109/iros45743.2020.9341164: HTTP 202
teed2021droid,T,2021,Teed Z.,"DROID-SLAM: Deep Visual SLAM for Monocular, Stereo, and RGB-D Cameras",Advances in Neural Information Processing Systems,,,tidak dicoba
wang2021detr3d,T,2021,Wang Y.,DETR3D: 3D Object Detection from Multi-view Images via 3D-to-2D Queries,Proceedings of Machine Learning Research,,,tidak dicoba
chen2022recent,T,2022,Chen W.,Recent Research of Incremental Structure from Motion for Unmanned Aerial Vehicle Images,Wuhan Daxue Xuebao Xinxi Kexue Ban Geomatics and Information Science of Wuhan University,10.13203/j.whugis20220130,10.13203,https://doi.org/10.13203/j.whugis20220130: HTML tanpa tautan PDF
dai2022survey,T,2022,Dai Y.,A survey of detection-based video multi-object tracking,Displays,10.1016/j.displa.2022.102317,10.1016,tidak dicoba
rakai2022data,T,2022,Rakai L.,Data association in multiple object tracking: A survey of recent techniques,Expert Systems with Applications,10.1016/j.eswa.2021.116300,10.1016,tidak dicoba
cao2024survey,T,2024,Cao Z.,Survey of 3D Reconstruction Techniques Based on 3D Gaussian Splatting,Jiqiren Robot,10.13973/j.cnki.robot.240088,10.13973,https://doi.org/10.13973/j.cnki.robot.240088: HTML tanpa tautan PDF
wang2024survey,T,2024,Wang Z.,A survey on person and vehicle re-identification,Iet Computer Vision,10.1049/cvi2.12316,10.1049,https://doi.org/10.1049/cvi2.12316: HTTP 403 | https://doaj.org/article/929313d654f64995995481480a589766: HTTP 403
yang2024depthb,T,2024,Yang L.,Depth Anything V2,Advances in Neural Information Processing Systems,,,tidak dicoba
altaf2025multiple,T,2025,Altaf M.A.,Multiple object detection and tracking in autonomous vehicles: A survey on enhanced affinity computation and its multimodal applications,ICT Express,10.1016/j.icte.2025.06.005,10.1016,https://doi.org/10.1016/j.icte.2025.06.005: HTML tanpa tautan PDF
kanso2025semantic,T,2025,Kanso H.,Semantic SLAM: A comprehensive survey of methods and applications,Intelligent Systems with Applications,10.1016/j.iswa.2025.200591,10.1016,https://doi.org/10.1016/j.iswa.2025.200591: HTML tanpa tautan PDF
li2025reviewc,T,2025,Li S.,A Review of Multi-Object Tracking in Recent Times,Iet Computer Vision,10.1049/cvi2.70010,10.1049,tidak dicoba
pragatheesh2025deep,T,2025,Pragatheesh L.G.,A Deep Learning application for Accurate Oil Palm Counting by Eliminating Re-counting Errors in UAV Imagery,2025 International Conference on Robotics and Mechatronics Icrm 2025,10.1109/icrm66809.2025.11349040,10.1109,https://doi.org/10.1109/icrm66809.2025.11349040: HTTP 202
ravi2025sam,T,2025,Ravi N.,SAM 2: SEGMENT ANYTHING IN IMAGES AND VIDEOS,13th International Conference on Learning Representations Iclr 2025,,,tidak dicoba
song20253d,T,2025,Song B.,3D Reconstruction based on multi-view stereo in the deep learning era: a survey and comparison of methods,Visual Computer,10.1007/s00371-025-04184-1,10.1007,tidak dicoba
xu2025deep,T,2025,Xu C.,Deep learning techniques for Video Instance Segmentation: A survey,Pattern Recognition,10.1016/j.patcog.2025.111763,10.1016,https://doi.org/10.1016/j.patcog.2025.111763: HTML tanpa tautan PDF
akshatha2026detection,T,2026,Akshatha K.R.,From detection to identity preservation: A pipeline–scenario–protocol–readiness review of datasets for visual multi-person tracking and re-identification,Visual Computer,10.1007/s00371-026-04700-x,10.1007,tidak dicoba
das2026surveillance,T,2026,Das P.,Surveillance to self-driving: a comprehensive review of object detection and tracking paradigms,Iran Journal of Computer Science,10.1007/s42044-025-00387-w,10.1007,tidak dicoba
fierrosilva2026recent,T,2026,Fierro-Silva C.J.,Recent Advances in Multi-Camera Computer Vision for Industry 4.0 and Smart Cities: A Systematic Review,Algorithms,10.3390/a19040249,10.3390,https://doi.org/10.3390/a19040249: HTTP 403
munsif2026multi,T,2026,Munsif M.,Multi Camera Connected Vision System with Multi View Analytics: A Comprehensive Survey,IEEE Internet of Things Journal,10.1109/jiot.2026.3702682,10.1109,https://doi.org/10.1109/jiot.2026.3702682: HTTP 202
tian2026development,T,2026,Tian Y.,Development and evolution of YOLO in object detection: A survey,Neurocomputing,10.1016/j.neucom.2025.132436,10.1016,tidak dicoba
zheng2026feed,T,2026,ZHENG Z.,Feed-forward 3D reconstruction with point-cloud representations: From DUSt3R to VGGT and beyond,Virtual Reality and Intelligent Hardware,10.1016/j.vrih.2026.03.005,10.1016,https://doi.org/10.1016/j.vrih.2026.03.005: HTML tanpa tautan PDF
