idx,eid,first_qid,keputusan_judul,alasan
0,2-s2.0-105046041810,Q1,M,
1,2-s2.0-105049057930,Q1,I,
2,2-s2.0-105048939745,Q1,I,
3,2-s2.0-105050336842,Q1,X,tidak relevan pada tahap judul
4,2-s2.0-105049054780,Q1,I,
5,2-s2.0-105034454497,Q1,X,tidak relevan pada tahap judul
6,2-s2.0-105038071895,Q1,X,tidak relevan pada tahap judul
7,2-s2.0-105045939748,Q1,I,dilanjutkan oleh pemeriksaan ulang putaran kedua (AI-2)
8,2-s2.0-105048108681,Q1,X,tidak relevan pada tahap judul
9,2-s2.0-105043598493,Q1,X,tidak relevan pada tahap judul
10,2-s2.0-105044408090,Q1,I,
11,2-s2.0-105044497257,Q1,X0,tipe dokumen dikeluarkan tahap 0
12,2-s2.0-105042545273,Q1,M,
13,2-s2.0-105042884383,Q1,X,tidak relevan pada tahap judul
14,2-s2.0-105041373235,Q1,X,tidak relevan pada tahap judul
15,2-s2.0-105045934514,Q1,X,tidak relevan pada tahap judul
16,2-s2.0-105050249209,Q1,X,tidak relevan pada tahap judul
17,2-s2.0-105034974250,Q1,M,
18,2-s2.0-105048438667,Q1,X,tidak relevan pada tahap judul
19,2-s2.0-105044376631,Q1,I,
20,2-s2.0-105048400763,Q1,X,tidak relevan pada tahap judul
21,2-s2.0-105039015981,Q1,M,
22,2-s2.0-105040713112,Q1,I,
23,2-s2.0-105045529345,Q1,I,
24,2-s2.0-105042631793,Q1,I,
25,2-s2.0-105048292403,Q1,X,tidak relevan pada tahap judul
26,2-s2.0-105044222291,Q1,X,tidak relevan pada tahap judul
27,2-s2.0-105044779289,Q1,X,tidak relevan pada tahap judul
28,2-s2.0-105047143240,Q1,X,tidak relevan pada tahap judul
29,2-s2.0-105046922606,Q1,X,tidak relevan pada tahap judul
30,2-s2.0-105046847689,Q1,X,tidak relevan pada tahap judul
31,2-s2.0-105045604435,Q1,M,
32,2-s2.0-105036886598,Q1,M,
33,2-s2.0-105032881224,Q1,X,tidak relevan pada tahap judul
34,2-s2.0-105035916044,Q1,X,tidak relevan pada tahap judul
35,2-s2.0-105042605960,Q1,M,
36,2-s2.0-105042826714,Q1,I,
37,2-s2.0-105035433692,Q1,I,
38,2-s2.0-105046345534,Q1,X,tidak relevan pada tahap judul
39,2-s2.0-105047149482,Q1,I,
40,2-s2.0-105044680993,Q1,X,tidak relevan pada tahap judul
41,2-s2.0-105034408763,Q1,X,tidak relevan pada tahap judul
42,2-s2.0-105033426202,Q1,X,tidak relevan pada tahap judul
43,2-s2.0-105034111664,Q1,X,tidak relevan pada tahap judul
44,2-s2.0-105038778451,Q1,X,tidak relevan pada tahap judul
45,2-s2.0-105042340754,Q1,I,
46,2-s2.0-105038636116,Q1,X,tidak relevan pada tahap judul
47,2-s2.0-105038696736,Q1,I,
48,2-s2.0-105038463699,Q1,X,tidak relevan pada tahap judul
49,2-s2.0-105029047226,Q1,X,tidak relevan pada tahap judul
50,2-s2.0-105029910100,Q1,I,
51,2-s2.0-105035597346,Q1,I,
52,2-s2.0-105035504430,Q1,I,
53,2-s2.0-105036674008,Q1,I,
54,2-s2.0-105037927893,Q1,X,tidak relevan pada tahap judul
55,2-s2.0-105043990304,Q1,I,
56,2-s2.0-105029281720,Q1,M,
57,2-s2.0-105033907736,Q1,I,
58,2-s2.0-105034222396,Q1,I,
59,2-s2.0-105034435288,Q1,M,
60,2-s2.0-105043764885,Q1,M,
61,2-s2.0-105032389525,Q1,X,tidak relevan pada tahap judul
62,2-s2.0-105034552364,Q1,X,tidak relevan pada tahap judul
63,2-s2.0-105036523320,Q1,I,
64,2-s2.0-105031703283,Q1,I,
65,2-s2.0-105033983118,Q1,X,tidak relevan pada tahap judul
66,2-s2.0-105031662464,Q1,I,
67,2-s2.0-105036114305,Q1,X0,tipe dokumen dikeluarkan tahap 0
68,2-s2.0-105031397832,Q1,X,tidak relevan pada tahap judul
69,2-s2.0-105024327389,Q1,X,tidak relevan pada tahap judul
70,2-s2.0-105043064456,Q1,X,tidak relevan pada tahap judul
71,2-s2.0-105022739724,Q1,X,tidak relevan pada tahap judul
72,2-s2.0-105013487643,Q1,X,tidak relevan pada tahap judul
73,2-s2.0-105030650333,Q1,I,
74,2-s2.0-105041298825,Q1,I,
75,2-s2.0-105047617951,Q1,X0,tipe dokumen dikeluarkan tahap 0
76,2-s2.0-105043726482,Q1,M,
77,2-s2.0-105028664063,Q1,X,tidak relevan pada tahap judul
78,2-s2.0-105026370677,Q1,X0,tipe dokumen dikeluarkan tahap 0
79,2-s2.0-105021641625,Q1,M,
80,2-s2.0-105048923501,Q1,M,
81,2-s2.0-105048329455,Q1,I,
82,2-s2.0-105028299705,Q1,X0,tipe dokumen dikeluarkan tahap 0
83,2-s2.0-105027248422,Q1,X,tidak relevan pada tahap judul
84,2-s2.0-105029829726,Q1,X,tidak relevan pada tahap judul
85,2-s2.0-105039304767,Q1,I,
86,2-s2.0-105050274432,Q1,X,tidak relevan pada tahap judul
87,2-s2.0-105037900331,Q1,X,tidak relevan pada tahap judul
88,2-s2.0-105023508635,Q1,X0,tipe dokumen dikeluarkan tahap 0
89,2-s2.0-105028123943,Q1,X0,tipe dokumen dikeluarkan tahap 0
90,2-s2.0-105048462007,Q1,X,tidak relevan pada tahap judul
91,2-s2.0-105040571392,Q1,I,
92,2-s2.0-105028700665,Q1,M,
93,2-s2.0-105030849137,Q1,X,tidak relevan pada tahap judul
94,2-s2.0-105046437887,Q1,X,tidak relevan pada tahap judul
95,2-s2.0-105043672878,Q1,X,tidak relevan pada tahap judul
96,2-s2.0-105042106109,Q1,X0,tipe dokumen dikeluarkan tahap 0
97,2-s2.0-105027198875,Q1,X,tidak relevan pada tahap judul
98,2-s2.0-105043012900,Q1,M,
99,2-s2.0-105028626063,Q1,X,tidak relevan pada tahap judul
100,2-s2.0-105047084250,Q1,X,tidak relevan pada tahap judul
101,2-s2.0-105039294209,Q1,X,tidak relevan pada tahap judul
102,2-s2.0-105046360147,Q1,X,tidak relevan pada tahap judul
103,2-s2.0-105015949047,Q1,X0,tipe dokumen dikeluarkan tahap 0
104,2-s2.0-105032569718,Q1,X,tidak relevan pada tahap judul
105,2-s2.0-105043325460,Q1,X,tidak relevan pada tahap judul
106,2-s2.0-105047150596,Q1,X,tidak relevan pada tahap judul
107,2-s2.0-105029119575,Q1,X,tidak relevan pada tahap judul
108,2-s2.0-105028639149,Q1,I,
109,2-s2.0-105038274139,Q1,X,tidak relevan pada tahap judul
110,2-s2.0-105026639540,Q1,X,tidak relevan pada tahap judul
111,2-s2.0-105029007005,Q1,X,tidak relevan pada tahap judul
112,2-s2.0-105024884730,Q1,X,tidak relevan pada tahap judul
113,2-s2.0-105024697959,Q1,X,tidak relevan pada tahap judul
114,2-s2.0-105023694897,Q1,M,
115,2-s2.0-105014169382,Q1,I,
116,2-s2.0-105007891480,Q1,I,
117,2-s2.0-105007856662,Q1,I,
118,2-s2.0-105017898590,Q1,I,
119,2-s2.0-105025932085,Q1,I,
120,2-s2.0-105000059257,Q1,I,
121,2-s2.0-105026405433,Q1,X,tidak relevan pada tahap judul
122,2-s2.0-105008584478,Q1,X,tidak relevan pada tahap judul
123,2-s2.0-105014818311,Q1,I,
124,2-s2.0-85212628955,Q1,X,tidak relevan pada tahap judul
125,2-s2.0-105018648232,Q1,M,
126,2-s2.0-105024198267,Q1,X,tidak relevan pada tahap judul
127,2-s2.0-105018579144,Q1,X,tidak relevan pada tahap judul
128,2-s2.0-105000078543,Q1,X,tidak relevan pada tahap judul
129,2-s2.0-105014170894,Q1,X,tidak relevan pada tahap judul
130,2-s2.0-105020043291,Q1,X,tidak relevan pada tahap judul
131,2-s2.0-105023122149,Q1,M,
132,2-s2.0-105023093815,Q1,X,tidak relevan pada tahap judul
133,2-s2.0-105030580510,Q1,X,tidak relevan pada tahap judul
134,2-s2.0-105009078485,Q1,X,tidak relevan pada tahap judul
135,2-s2.0-105006923395,Q1,M,
136,2-s2.0-105020043654,Q1,X,tidak relevan pada tahap judul
137,2-s2.0-105005067303,Q1,I,
138,2-s2.0-105017148026,Q1,X,tidak relevan pada tahap judul
139,2-s2.0-105010499398,Q1,X,tidak relevan pada tahap judul
140,2-s2.0-105020320474,Q1,X,tidak relevan pada tahap judul
141,2-s2.0-105011746563,Q1,X,tidak relevan pada tahap judul
142,2-s2.0-105017313763,Q1,I,
143,2-s2.0-105004178070,Q1,X,tidak relevan pada tahap judul
144,2-s2.0-105019933927,Q1,I,
145,2-s2.0-105005445921,Q1,X,tidak relevan pada tahap judul
146,2-s2.0-105013201810,Q1,M,
147,2-s2.0-105010934135,Q1,M,
148,2-s2.0-105002666191,Q1,I,
149,2-s2.0-105004745533,Q1,M,
150,2-s2.0-105025954339,Q1,X,tidak relevan pada tahap judul
151,2-s2.0-105005796036,Q1,X,tidak relevan pada tahap judul
152,2-s2.0-105010300309,Q1,I,
153,2-s2.0-105010344083,Q1,I,
154,2-s2.0-105010586262,Q1,X,tidak relevan pada tahap judul
155,2-s2.0-105011846554,Q1,M,
156,2-s2.0-105009250874,Q1,I,
157,2-s2.0-105009750834,Q1,X,tidak relevan pada tahap judul
158,2-s2.0-105007451220,Q1,I,
159,2-s2.0-105006730839,Q1,X,tidak relevan pada tahap judul
160,2-s2.0-105003206934,Q1,X,tidak relevan pada tahap judul
161,2-s2.0-105011959735,Q1,I,
162,2-s2.0-105018876585,Q1,X,tidak relevan pada tahap judul
163,2-s2.0-105009374552,Q1,M,
164,2-s2.0-105000464344,Q1,X,tidak relevan pada tahap judul
165,2-s2.0-105007805760,Q1,M,
166,2-s2.0-85217377327,Q1,I,dilanjutkan oleh pemeriksaan ulang putaran kedua (AI-2)
167,2-s2.0-105006425111,Q1,I,
168,2-s2.0-105006437570,Q1,I,
169,2-s2.0-85217192228,Q1,I,
170,2-s2.0-105010228562,Q1,I,
171,2-s2.0-85217036844,Q1,M,
172,2-s2.0-105046457531,Q1,X,tidak relevan pada tahap judul
173,2-s2.0-105002233789,Q1,M,
174,2-s2.0-85215236513,Q1,X,tidak relevan pada tahap judul
175,2-s2.0-105002224357,Q1,I,
176,2-s2.0-105004202401,Q1,X,tidak relevan pada tahap judul
177,2-s2.0-105002489504,Q1,X0,tipe dokumen dikeluarkan tahap 0
178,2-s2.0-85217900251,Q1,I,
179,2-s2.0-85212339605,Q1,X,tidak relevan pada tahap judul
180,2-s2.0-85219678332,Q1,I,
181,2-s2.0-85218638441,Q1,M,
182,2-s2.0-85215865517,Q1,M,
183,2-s2.0-86000622435,Q1,I,
184,2-s2.0-85214687574,Q1,X,tidak relevan pada tahap judul
185,2-s2.0-105001095751,Q1,X,tidak relevan pada tahap judul
186,2-s2.0-105001122270,Q1,X,tidak relevan pada tahap judul
187,2-s2.0-85217201105,Q1,M,
188,2-s2.0-85210983592,Q1,I,
189,2-s2.0-85212441110,Q1,I,
190,2-s2.0-85218877776,Q1,M,
191,2-s2.0-85210977283,Q1,X,tidak relevan pada tahap judul
192,2-s2.0-85210999595,Q1,X,tidak relevan pada tahap judul
193,2-s2.0-85217766657,Q1,X,tidak relevan pada tahap judul
194,2-s2.0-85213255669,Q1,X,tidak relevan pada tahap judul
195,2-s2.0-105007289415,Q1,I,
196,2-s2.0-105015567268,Q1,M,
197,2-s2.0-105020277218,Q1,I,
198,2-s2.0-105005391690,Q1,X,tidak relevan pada tahap judul
199,2-s2.0-105020208563,Q1,X,tidak relevan pada tahap judul
200,2-s2.0-105018740831,Q1,X,tidak relevan pada tahap judul
201,2-s2.0-105005935282,Q1,X0,tipe dokumen dikeluarkan tahap 0
202,2-s2.0-105016307858,Q1,I,
203,2-s2.0-105041567138,Q1,I,
204,2-s2.0-105018317235,Q1,I,
205,2-s2.0-105034171174,Q1,X,tidak relevan pada tahap judul
206,2-s2.0-85218212459,Q1,X0,tipe dokumen dikeluarkan tahap 0
207,2-s2.0-105034872302,Q1,I,
208,2-s2.0-105010693143,Q1,X,tidak relevan pada tahap judul
209,2-s2.0-85215707213,Q1,I,
210,2-s2.0-105004644813,Q1,M,
211,2-s2.0-105032735341,Q1,M,
212,2-s2.0-105033236824,Q1,M,
213,2-s2.0-105015485173,Q1,X,tidak relevan pada tahap judul
214,2-s2.0-105037881477,Q1,X,tidak relevan pada tahap judul
215,2-s2.0-105016467270,Q1,I,
216,2-s2.0-105004193148,Q1,I,dilanjutkan oleh pemeriksaan ulang putaran kedua (AI-2)
217,2-s2.0-85210279396,Q1,X,tidak relevan pada tahap judul
218,2-s2.0-105001704832,Q1,X0,tipe dokumen dikeluarkan tahap 0
219,2-s2.0-105013188208,Q1,X,tidak relevan pada tahap judul
220,2-s2.0-105017852533,Q1,M,
221,2-s2.0-105002585640,Q1,X,tidak relevan pada tahap judul
222,2-s2.0-105007597817,Q1,I,
223,2-s2.0-105029920885,Q1,I,
224,2-s2.0-105005655301,Q1,X,tidak relevan pada tahap judul
225,2-s2.0-105003910427,Q1,X0,tipe dokumen dikeluarkan tahap 0
226,2-s2.0-105003640946,Q1,M,
227,2-s2.0-105017855555,Q1,M,
228,2-s2.0-105015893120,Q1,I,
229,2-s2.0-105017816928,Q1,M,
230,2-s2.0-105037922558,Q1,M,
231,2-s2.0-105010586337,Q1,I,
232,2-s2.0-105033338842,Q1,I,
233,2-s2.0-105041745943,Q1,M,
234,2-s2.0-85216469688,Q1,X,tidak relevan pada tahap judul
235,2-s2.0-105006572808,Q1,X,tidak relevan pada tahap judul
236,2-s2.0-105022721011,Q1,M,
237,2-s2.0-105011286182,Q1,X,tidak relevan pada tahap judul
238,2-s2.0-105018736080,Q1,M,
239,2-s2.0-105001945455,Q1,X,tidak relevan pada tahap judul
240,2-s2.0-105024698864,Q1,I,
241,2-s2.0-105026960782,Q1,M,
242,2-s2.0-105041570960,Q1,X,tidak relevan pada tahap judul
243,2-s2.0-105005128060,Q1,X,tidak relevan pada tahap judul
244,2-s2.0-105026663088,Q1,X,tidak relevan pada tahap judul
245,2-s2.0-105030080757,Q1,X,tidak relevan pada tahap judul
246,2-s2.0-85210156698,Q1,I,
247,2-s2.0-105013762589,Q1,I,
248,2-s2.0-105033226236,Q1,X,tidak relevan pada tahap judul
249,2-s2.0-105005482729,Q1,X,tidak relevan pada tahap judul
250,2-s2.0-105032742552,Q1,X,tidak relevan pada tahap judul
251,2-s2.0-85219198177,Q1,X0,tipe dokumen dikeluarkan tahap 0
252,2-s2.0-105035377581,Q1,X,tidak relevan pada tahap judul
253,2-s2.0-105034391980,Q1,X,tidak relevan pada tahap judul
254,2-s2.0-105034844010,Q1,X,tidak relevan pada tahap judul
255,2-s2.0-105013846478,Q1,X,tidak relevan pada tahap judul
256,2-s2.0-105046178255,Q1,X,tidak relevan pada tahap judul
257,2-s2.0-105019981289,Q1,X,tidak relevan pada tahap judul
258,2-s2.0-105031765523,Q1,X,tidak relevan pada tahap judul
259,2-s2.0-105015528499,Q1,X,tidak relevan pada tahap judul
260,2-s2.0-105013056129,Q1,X,tidak relevan pada tahap judul
261,2-s2.0-105015552278,Q1,X,tidak relevan pada tahap judul
262,2-s2.0-105032539058,Q1,X,tidak relevan pada tahap judul
263,2-s2.0-105021305413,Q1,X,tidak relevan pada tahap judul
264,2-s2.0-105033459408,Q1,X,tidak relevan pada tahap judul
265,2-s2.0-105018073424,Q1,X,tidak relevan pada tahap judul
266,2-s2.0-105002792447,Q1,I,
267,2-s2.0-105017962151,Q1,X,tidak relevan pada tahap judul
268,2-s2.0-105008286741,Q1,X,tidak relevan pada tahap judul
269,2-s2.0-105010594986,Q1,X,tidak relevan pada tahap judul
270,2-s2.0-105008367941,Q1,X,tidak relevan pada tahap judul
271,2-s2.0-105028064381,Q1,X,tidak relevan pada tahap judul
272,2-s2.0-85213427666,Q1,X,tidak relevan pada tahap judul
273,2-s2.0-85208473290,Q1,X,tidak relevan pada tahap judul
274,2-s2.0-85206013483,Q1,X,tidak relevan pada tahap judul
275,2-s2.0-85208265623,Q1,I,
276,2-s2.0-85197352124,Q1,I,
277,2-s2.0-85211936724,Q1,X,tidak relevan pada tahap judul
278,2-s2.0-85208248760,Q1,I,
279,2-s2.0-105000423580,Q1,X,tidak relevan pada tahap judul
280,2-s2.0-85218346272,Q1,I,
281,2-s2.0-85211779157,Q1,X,tidak relevan pada tahap judul
282,2-s2.0-85206250634,Q1,X,tidak relevan pada tahap judul
283,2-s2.0-85214352916,Q1,X,tidak relevan pada tahap judul
284,2-s2.0-85208645358,Q1,I,
285,2-s2.0-85198560016,Q1,X,tidak relevan pada tahap judul
286,2-s2.0-85203516615,Q1,I,
287,2-s2.0-85205782406,Q1,I,
288,2-s2.0-85207839057,Q1,I,
289,2-s2.0-85211334595,Q1,I,dilanjutkan oleh pemeriksaan ulang putaran kedua (AI-2)
290,2-s2.0-85207661077,Q1,M,
291,2-s2.0-85206573264,Q1,X,tidak relevan pada tahap judul
292,2-s2.0-85212255884,Q1,X,tidak relevan pada tahap judul
293,2-s2.0-85212272938,Q1,X,tidak relevan pada tahap judul
294,2-s2.0-85205274476,Q1,X,tidak relevan pada tahap judul
295,2-s2.0-85198010832,Q1,I,
296,2-s2.0-85196200350,Q1,I,
297,2-s2.0-85197361193,Q1,I,
298,2-s2.0-85198274658,Q1,I,dilanjutkan oleh pemeriksaan ulang putaran kedua (AI-2)
299,2-s2.0-85207086642,Q1,M,
300,2-s2.0-85203977129,Q1,X,tidak relevan pada tahap judul
301,2-s2.0-85217732966,Q1,X,tidak relevan pada tahap judul
302,2-s2.0-85203962525,Q1,M,
303,2-s2.0-85195402576,Q1,X,tidak relevan pada tahap judul
304,2-s2.0-85189083615,Q1,X,tidak relevan pada tahap judul
305,2-s2.0-85187512139,Q1,X,tidak relevan pada tahap judul
306,2-s2.0-85192574955,Q1,X,tidak relevan pada tahap judul
307,2-s2.0-85196910908,Q1,X,tidak relevan pada tahap judul
308,2-s2.0-85197946797,Q1,M,
309,2-s2.0-85192452093,Q1,X,tidak relevan pada tahap judul
310,2-s2.0-85197283802,Q1,X,tidak relevan pada tahap judul
311,2-s2.0-85191379122,Q1,I,
312,2-s2.0-85188562002,Q1,I,
313,2-s2.0-85193976442,Q1,X,tidak relevan pada tahap judul
314,2-s2.0-85194248295,Q1,I,
315,2-s2.0-85189933408,Q1,M,
316,2-s2.0-85195697196,Q1,X,tidak relevan pada tahap judul
317,2-s2.0-85195644235,Q1,M,
318,2-s2.0-85189680138,Q1,I,
319,2-s2.0-85195634410,Q1,I,
320,2-s2.0-85187409058,Q1,X,tidak relevan pada tahap judul
321,2-s2.0-85191311518,Q1,X,tidak relevan pada tahap judul
322,2-s2.0-85190466782,Q1,M,
323,2-s2.0-85195381338,Q1,X,tidak relevan pada tahap judul
324,2-s2.0-85186335511,Q1,M,
325,2-s2.0-85193037062,Q1,I,
326,2-s2.0-85187792097,Q1,I,
327,2-s2.0-85208137634,Q1,X,tidak relevan pada tahap judul
328,2-s2.0-85190707266,Q1,X,tidak relevan pada tahap judul
329,2-s2.0-85188716998,Q1,X,tidak relevan pada tahap judul
330,2-s2.0-85183954669,Q1,I,dilanjutkan oleh pemeriksaan ulang putaran kedua (AI-2)
331,2-s2.0-85188828571,Q1,I,
332,2-s2.0-85176129649,Q1,X,tidak relevan pada tahap judul
333,2-s2.0-85189021999,Q1,M,
334,2-s2.0-85182570167,Q1,I,
335,2-s2.0-85188705119,Q1,I,
336,2-s2.0-85183459388,Q1,I,
337,2-s2.0-85184706679,Q1,X,tidak relevan pada tahap judul
338,2-s2.0-85192438099,Q1,I,
339,2-s2.0-85185944348,Q1,X0,tipe dokumen dikeluarkan tahap 0
340,2-s2.0-105007285918,Q1,I,
341,2-s2.0-85205817942,Q1,I,
342,2-s2.0-105000711089,Q1,M,
343,2-s2.0-85209140647,Q1,X,tidak relevan pada tahap judul
344,2-s2.0-85207819307,Q1,M,
345,2-s2.0-85213048250,Q1,X0,tipe dokumen dikeluarkan tahap 0
346,2-s2.0-85201002607,Q1,X0,tipe dokumen dikeluarkan tahap 0
347,2-s2.0-105003877047,Q1,M,
348,2-s2.0-85189983924,Q1,X0,tipe dokumen dikeluarkan tahap 0
349,2-s2.0-85210082786,Q1,X,tidak relevan pada tahap judul
350,2-s2.0-85197739820,Q1,X,tidak relevan pada tahap judul
351,2-s2.0-85193581737,Q1,X,tidak relevan pada tahap judul
352,2-s2.0-85189809302,Q1,X,tidak relevan pada tahap judul
353,2-s2.0-85208494163,Q1,I,
354,2-s2.0-85193811347,Q1,X,tidak relevan pada tahap judul
355,2-s2.0-85213863619,Q1,X,tidak relevan pada tahap judul
356,2-s2.0-85182606132,Q1,X,tidak relevan pada tahap judul
357,2-s2.0-85195806339,Q1,I,
358,2-s2.0-85189820011,Q1,X0,tipe dokumen dikeluarkan tahap 0
359,2-s2.0-86000751278,Q1,I,
360,2-s2.0-85208264967,Q1,I,dilanjutkan oleh pemeriksaan ulang putaran kedua (AI-2)
361,2-s2.0-85199060975,Q1,I,
362,2-s2.0-85188461432,Q1,M,
363,2-s2.0-85186972889,Q1,M,
364,2-s2.0-85194098395,Q1,X,tidak relevan pada tahap judul
365,2-s2.0-85206455660,Q1,I,
366,2-s2.0-85191195937,Q1,X,tidak relevan pada tahap judul
367,2-s2.0-85181561210,Q1,I,
368,2-s2.0-85207254103,Q1,M,
369,2-s2.0-85197909684,Q1,X0,tipe dokumen dikeluarkan tahap 0
370,2-s2.0-85202981761,Q1,M,
371,2-s2.0-85199970539,Q1,I,
372,2-s2.0-85215989687,Q1,I,
373,2-s2.0-85199185175,Q1,X,tidak relevan pada tahap judul
374,2-s2.0-85195967043,Q1,X,tidak relevan pada tahap judul
375,2-s2.0-85213367758,Q1,X,tidak relevan pada tahap judul
376,2-s2.0-85192003989,Q1,M,
377,2-s2.0-85180546236,Q1,I,
378,2-s2.0-85215317712,Q1,X,tidak relevan pada tahap judul
379,2-s2.0-85206933192,Q1,M,
380,2-s2.0-85213009957,Q1,X,tidak relevan pada tahap judul
381,2-s2.0-85192134528,Q1,I,
382,2-s2.0-85201224494,Q1,X0,tipe dokumen dikeluarkan tahap 0
383,2-s2.0-85207478150,Q1,X,tidak relevan pada tahap judul
384,2-s2.0-85216661107,Q1,X,tidak relevan pada tahap judul
385,2-s2.0-85214845891,Q1,X0,tipe dokumen dikeluarkan tahap 0
386,2-s2.0-85213401577,Q1,X,tidak relevan pada tahap judul
387,2-s2.0-105025250565,Q1,X0,tipe dokumen dikeluarkan tahap 0
388,2-s2.0-85182351155,Q1,M,
389,2-s2.0-105001660343,Q1,X,tidak relevan pada tahap judul
390,2-s2.0-85195871573,Q1,X,tidak relevan pada tahap judul
391,2-s2.0-85212257389,Q1,X,tidak relevan pada tahap judul
392,2-s2.0-85200815021,Q1,I,
393,2-s2.0-85201757922,Q1,X,tidak relevan pada tahap judul
394,2-s2.0-85200828433,Q1,X,tidak relevan pada tahap judul
395,2-s2.0-85209561055,Q1,X,tidak relevan pada tahap judul
396,2-s2.0-85202764513,Q1,X,tidak relevan pada tahap judul
397,2-s2.0-85184583416,Q1,X,tidak relevan pada tahap judul
398,2-s2.0-85184595133,Q1,X,tidak relevan pada tahap judul
399,2-s2.0-105026806015,Q1,X,tidak relevan pada tahap judul
400,2-s2.0-85180444995,Q1,I,
401,2-s2.0-85173432215,Q1,I,
402,2-s2.0-85172861225,Q1,M,
403,2-s2.0-85179821885,Q1,X,tidak relevan pada tahap judul
404,2-s2.0-85170434792,Q1,X,tidak relevan pada tahap judul
405,2-s2.0-85176396376,Q1,X0,tipe dokumen dikeluarkan tahap 0
406,2-s2.0-85171464036,Q1,I,
407,2-s2.0-85173637594,Q1,I,
408,2-s2.0-85176765619,Q1,X,tidak relevan pada tahap judul
409,2-s2.0-85168545723,Q1,M,
410,2-s2.0-85172133637,Q1,M,
411,2-s2.0-85169008011,Q1,I,
412,2-s2.0-85173461597,Q1,M,
413,2-s2.0-85175727583,Q1,X,tidak relevan pada tahap judul
414,2-s2.0-85168785604,Q1,X,tidak relevan pada tahap judul
415,2-s2.0-85165122799,Q1,X,tidak relevan pada tahap judul
416,2-s2.0-85164216369,Q1,I,
417,2-s2.0-85165087814,Q1,I,
418,2-s2.0-85152653056,Q1,M,
419,2-s2.0-85168249331,Q1,X,tidak relevan pada tahap judul
420,2-s2.0-85161631505,Q1,X,tidak relevan pada tahap judul
421,2-s2.0-85162921189,Q1,I,
422,2-s2.0-85172417026,Q1,I,
423,2-s2.0-85165959884,Q1,I,
424,2-s2.0-85164845343,Q1,I,
425,2-s2.0-85169922445,Q1,I,
426,2-s2.0-85159837931,Q1,X,tidak relevan pada tahap judul
427,2-s2.0-85148029866,Q1,X,tidak relevan pada tahap judul
428,2-s2.0-85145184675,Q1,I,
429,2-s2.0-85144105691,Q1,X,tidak relevan pada tahap judul
430,2-s2.0-105013412962,Q1,X,tidak relevan pada tahap judul
431,2-s2.0-85153776500,Q1,I,
432,2-s2.0-85149442730,Q1,I,
433,2-s2.0-85147089596,Q1,I,
434,2-s2.0-85161346644,Q1,I,
435,2-s2.0-85159236108,Q1,X0,tipe dokumen dikeluarkan tahap 0
436,2-s2.0-85146621691,Q1,X,tidak relevan pada tahap judul
437,2-s2.0-85148633081,Q1,X,tidak relevan pada tahap judul
438,2-s2.0-85146434282,Q1,I,
439,2-s2.0-85146732727,Q1,M,
440,2-s2.0-85139895037,Q1,I,
441,2-s2.0-85149071748,Q1,X,tidak relevan pada tahap judul
442,2-s2.0-85147958339,Q1,X,tidak relevan pada tahap judul
443,2-s2.0-85149146184,Q1,X,tidak relevan pada tahap judul
444,2-s2.0-85141812059,Q1,X,tidak relevan pada tahap judul
445,2-s2.0-85144825181,Q1,I,
446,2-s2.0-85146588484,Q1,X,tidak relevan pada tahap judul
447,2-s2.0-85147649889,Q1,X,tidak relevan pada tahap judul
448,2-s2.0-85144875559,Q1,X,tidak relevan pada tahap judul
449,2-s2.0-85186524200,Q1,I,
450,2-s2.0-85159606428,Q1,X,tidak relevan pada tahap judul
451,2-s2.0-85159627271,Q1,X,tidak relevan pada tahap judul
452,2-s2.0-85148105748,Q1,I,
453,2-s2.0-85182589708,Q1,X,tidak relevan pada tahap judul
454,2-s2.0-85150434937,Q1,I,
455,2-s2.0-85168310624,Q1,X,tidak relevan pada tahap judul
456,2-s2.0-85179001841,Q1,X,tidak relevan pada tahap judul
457,2-s2.0-85151072169,Q1,X0,tipe dokumen dikeluarkan tahap 0
458,2-s2.0-85195367816,Q1,X,tidak relevan pada tahap judul
459,2-s2.0-85175998238,Q1,X0,tipe dokumen dikeluarkan tahap 0
460,2-s2.0-85151568922,Q1,M,
461,2-s2.0-85183575601,Q1,I,
462,2-s2.0-85165477646,Q1,I,
463,2-s2.0-85180403249,Q1,I,
464,2-s2.0-85144398919,Q1,I,
465,2-s2.0-85142427748,Q1,X,tidak relevan pada tahap judul
466,2-s2.0-85179697593,Q1,X,tidak relevan pada tahap judul
467,2-s2.0-85178081583,Q1,I,
468,2-s2.0-85145055386,Q1,X0,tipe dokumen dikeluarkan tahap 0
469,2-s2.0-85205684934,Q1,I,
470,2-s2.0-85186144398,Q1,X,tidak relevan pada tahap judul
471,2-s2.0-85182523396,Q1,I,
472,2-s2.0-85171164690,Q1,M,
473,2-s2.0-85181397223,Q1,X,tidak relevan pada tahap judul
474,2-s2.0-85178352092,Q1,X,tidak relevan pada tahap judul
475,2-s2.0-85186510017,Q1,X,tidak relevan pada tahap judul
476,2-s2.0-85151074383,Q1,X0,tipe dokumen dikeluarkan tahap 0
477,2-s2.0-85191735239,Q1,X,tidak relevan pada tahap judul
478,2-s2.0-85176550412,Q1,X,tidak relevan pada tahap judul
479,2-s2.0-85186265997,Q1,M,
480,2-s2.0-85150014730,Q1,X,tidak relevan pada tahap judul
481,2-s2.0-85164620053,Q1,M,
482,2-s2.0-85167407639,Q1,X,tidak relevan pada tahap judul
483,2-s2.0-85146234142,Q1,X,tidak relevan pada tahap judul
484,2-s2.0-85178570483,Q1,X,tidak relevan pada tahap judul
485,2-s2.0-85148043920,Q1,X,tidak relevan pada tahap judul
486,2-s2.0-85176736205,Q1,X,tidak relevan pada tahap judul
487,2-s2.0-85153394829,Q1,X0,tipe dokumen dikeluarkan tahap 0
488,2-s2.0-85144250617,Q1,X,tidak relevan pada tahap judul
489,2-s2.0-85144435655,Q1,X,tidak relevan pada tahap judul
490,2-s2.0-85140889642,Q1,I,
491,2-s2.0-85130273255,Q1,X,tidak relevan pada tahap judul
492,2-s2.0-85144830760,Q1,I,
493,2-s2.0-85131318981,Q1,I,
494,2-s2.0-85134472385,Q1,X,tidak relevan pada tahap judul
495,2-s2.0-85140136384,Q1,I,
496,2-s2.0-85136688808,Q1,X,tidak relevan pada tahap judul
497,2-s2.0-85142694854,Q1,M,
498,2-s2.0-85152944358,Q1,X,tidak relevan pada tahap judul
499,2-s2.0-85142865619,Q1,X,tidak relevan pada tahap judul
500,2-s2.0-85142850154,Q1,X,tidak relevan pada tahap judul
501,2-s2.0-85140299685,Q1,X,tidak relevan pada tahap judul
502,2-s2.0-85141620741,Q1,X,tidak relevan pada tahap judul
503,2-s2.0-85134294719,Q1,X,tidak relevan pada tahap judul
504,2-s2.0-85138961584,Q1,X,tidak relevan pada tahap judul
505,2-s2.0-85137834577,Q1,X,tidak relevan pada tahap judul
506,2-s2.0-85106296467,Q1,I,
507,2-s2.0-85134149219,Q1,X,tidak relevan pada tahap judul
508,2-s2.0-85141781247,Q1,I,dilanjutkan oleh pemeriksaan ulang putaran kedua (AI-2)
509,2-s2.0-85134890183,Q1,I,
510,2-s2.0-105001579640,Q1,X0,tipe dokumen dikeluarkan tahap 0
511,2-s2.0-85136550594,Q1,X,tidak relevan pada tahap judul
512,2-s2.0-85136488551,Q1,X,tidak relevan pada tahap judul
513,2-s2.0-85133466253,Q1,X,tidak relevan pada tahap judul
514,2-s2.0-85133533127,Q1,X,tidak relevan pada tahap judul
515,2-s2.0-85134965743,Q1,X,tidak relevan pada tahap judul
516,2-s2.0-85135379916,Q1,X,tidak relevan pada tahap judul
517,2-s2.0-85135133560,Q1,X,tidak relevan pada tahap judul
518,2-s2.0-85134024252,Q1,X,tidak relevan pada tahap judul
519,2-s2.0-85129298616,Q1,M,
520,2-s2.0-85132365028,Q1,X,tidak relevan pada tahap judul
521,2-s2.0-85132789856,Q1,I,
522,2-s2.0-85129105475,Q1,I,
523,2-s2.0-85132061084,Q1,X,tidak relevan pada tahap judul
524,2-s2.0-85131668586,Q1,X,tidak relevan pada tahap judul
525,2-s2.0-85130800575,Q1,I,
526,2-s2.0-85131084305,Q1,X,tidak relevan pada tahap judul
527,2-s2.0-85135944181,Q1,X,tidak relevan pada tahap judul
528,2-s2.0-85129035787,Q1,X,tidak relevan pada tahap judul
529,2-s2.0-85128729562,Q1,X,tidak relevan pada tahap judul
530,2-s2.0-85128277395,Q1,X,tidak relevan pada tahap judul
531,2-s2.0-85145010346,Q1,X,tidak relevan pada tahap judul
532,2-s2.0-85148085821,Q1,X,tidak relevan pada tahap judul
533,2-s2.0-85124612228,Q1,I,
534,2-s2.0-85123686493,Q1,I,
535,2-s2.0-85130941075,Q1,I,
536,2-s2.0-85120893292,Q1,X,tidak relevan pada tahap judul
537,2-s2.0-85143252699,Q1,X,tidak relevan pada tahap judul
538,2-s2.0-85137566603,Q1,I,
539,2-s2.0-85126072408,Q1,X,tidak relevan pada tahap judul
540,2-s2.0-85140203916,Q1,I,
541,2-s2.0-85124914627,Q1,I,
542,2-s2.0-85140370883,Q1,X,tidak relevan pada tahap judul
543,2-s2.0-85131442506,Q1,I,
544,2-s2.0-85131696758,Q1,X,tidak relevan pada tahap judul
545,2-s2.0-85151076382,Q1,X0,tipe dokumen dikeluarkan tahap 0
546,2-s2.0-85140479186,Q1,X0,tipe dokumen dikeluarkan tahap 0
547,2-s2.0-85127328937,Q1,X,tidak relevan pada tahap judul
548,2-s2.0-85142733724,Q1,X0,tipe dokumen dikeluarkan tahap 0
549,2-s2.0-85140768779,Q1,I,
550,2-s2.0-85144822105,Q1,X,tidak relevan pada tahap judul
551,2-s2.0-85145978159,Q1,I,
552,2-s2.0-85147253786,Q1,X,tidak relevan pada tahap judul
553,2-s2.0-85150679318,Q1,X,tidak relevan pada tahap judul
554,2-s2.0-85143801774,Q1,X,tidak relevan pada tahap judul
555,2-s2.0-85135851648,Q1,I,
556,2-s2.0-85142763999,Q1,X,tidak relevan pada tahap judul
557,2-s2.0-85129620376,Q1,X0,tipe dokumen dikeluarkan tahap 0
558,2-s2.0-85127118178,Q1,X,tidak relevan pada tahap judul
559,2-s2.0-85159390223,Q1,X,tidak relevan pada tahap judul
560,2-s2.0-85115200906,Q1,X,tidak relevan pada tahap judul
561,2-s2.0-85136110212,Q1,X,tidak relevan pada tahap judul
562,2-s2.0-85134074225,Q1,X0,tipe dokumen dikeluarkan tahap 0
563,2-s2.0-85127046040,Q1,X,tidak relevan pada tahap judul
564,2-s2.0-85133699279,Q1,X,tidak relevan pada tahap judul
565,2-s2.0-85142676863,Q1,X0,tipe dokumen dikeluarkan tahap 0
566,2-s2.0-85118563837,Q1,I,
567,2-s2.0-85131922579,Q1,X,tidak relevan pada tahap judul
568,2-s2.0-85119683322,Q1,X,tidak relevan pada tahap judul
569,2-s2.0-85129775422,Q1,X,tidak relevan pada tahap judul
570,2-s2.0-85119475648,Q1,M,
571,2-s2.0-85116669149,Q1,X,tidak relevan pada tahap judul
572,2-s2.0-85123396379,Q1,I,
573,2-s2.0-85120090312,Q1,X,tidak relevan pada tahap judul
574,2-s2.0-85120077791,Q1,X,tidak relevan pada tahap judul
575,2-s2.0-85122722913,Q1,X,tidak relevan pada tahap judul
576,2-s2.0-85117609191,Q1,M,
577,2-s2.0-85116408183,Q1,I,
578,2-s2.0-85119849065,Q1,I,
579,2-s2.0-85105822758,Q1,X,tidak relevan pada tahap judul
580,2-s2.0-85109147695,Q1,I,
581,2-s2.0-85114675617,Q1,I,
582,2-s2.0-85131808089,Q1,X,tidak relevan pada tahap judul
583,2-s2.0-85116000908,Q1,X,tidak relevan pada tahap judul
584,2-s2.0-85114354752,Q1,X,tidak relevan pada tahap judul
585,2-s2.0-85119526165,Q1,X,tidak relevan pada tahap judul
586,2-s2.0-85105041448,Q1,X,tidak relevan pada tahap judul
587,2-s2.0-85113712296,Q1,X,tidak relevan pada tahap judul
588,2-s2.0-85108873548,Q1,X,tidak relevan pada tahap judul
589,2-s2.0-85106430278,Q1,X,tidak relevan pada tahap judul
590,2-s2.0-85106227892,Q1,X,tidak relevan pada tahap judul
591,2-s2.0-85103121600,Q1,X,tidak relevan pada tahap judul
592,2-s2.0-85110043612,Q1,I,
593,2-s2.0-85105526885,Q1,I,
594,2-s2.0-85103239070,Q1,X,tidak relevan pada tahap judul
595,2-s2.0-85119829625,Q1,M,
596,2-s2.0-85108358419,Q1,M,
597,2-s2.0-85113326040,Q1,X,tidak relevan pada tahap judul
598,2-s2.0-85108518650,Q1,X,tidak relevan pada tahap judul
599,2-s2.0-85103948648,Q1,I,
600,2-s2.0-85107989780,Q1,X,tidak relevan pada tahap judul
601,2-s2.0-85105913292,Q1,I,
602,2-s2.0-85105126804,Q1,I,
603,2-s2.0-85111930419,Q1,X,tidak relevan pada tahap judul
604,2-s2.0-85105717050,Q1,X0,tipe dokumen dikeluarkan tahap 0
605,2-s2.0-85114484653,Q1,X,tidak relevan pada tahap judul
606,2-s2.0-85105159230,Q1,M,
607,2-s2.0-85125091454,Q1,M,
608,2-s2.0-85104405575,Q1,X,tidak relevan pada tahap judul
609,2-s2.0-85081673326,Q1,X,tidak relevan pada tahap judul
610,2-s2.0-85104971963,Q1,X,tidak relevan pada tahap judul
611,2-s2.0-85132257268,Q1,X,tidak relevan pada tahap judul
612,2-s2.0-85101132432,Q1,X,tidak relevan pada tahap judul
613,2-s2.0-85091681066,Q1,X,tidak relevan pada tahap judul
614,2-s2.0-85096828486,Q1,I,
615,2-s2.0-85100587836,Q1,X,tidak relevan pada tahap judul
616,2-s2.0-85104142516,Q1,X,tidak relevan pada tahap judul
617,2-s2.0-85115850253,Q1,I,
618,2-s2.0-85126221162,Q1,X,tidak relevan pada tahap judul
619,2-s2.0-85124388925,Q1,X,tidak relevan pada tahap judul
620,2-s2.0-85115879946,Q1,X0,tipe dokumen dikeluarkan tahap 0
621,2-s2.0-85097580808,Q1,M,
622,2-s2.0-85114201293,Q1,I,
623,2-s2.0-85114282566,Q1,I,
624,2-s2.0-85102982922,Q1,X,tidak relevan pada tahap judul
625,2-s2.0-85133129271,Q1,I,
626,2-s2.0-85151863842,Q1,X,tidak relevan pada tahap judul
627,2-s2.0-85124403365,Q1,X,tidak relevan pada tahap judul
628,2-s2.0-85109566857,Q1,I,dilanjutkan oleh pemeriksaan ulang putaran kedua (AI-2)
629,2-s2.0-85112661951,Q1,X,tidak relevan pada tahap judul
630,2-s2.0-85123454953,Q1,X,tidak relevan pada tahap judul
631,2-s2.0-85116060180,Q1,X,tidak relevan pada tahap judul
632,2-s2.0-85133952933,Q1,X,tidak relevan pada tahap judul
633,2-s2.0-85111375423,Q1,X,tidak relevan pada tahap judul
634,2-s2.0-85116945252,Q1,X,tidak relevan pada tahap judul
635,2-s2.0-85108518922,Q1,X,tidak relevan pada tahap judul
636,2-s2.0-85098583052,Q1,X,tidak relevan pada tahap judul
637,2-s2.0-85097968046,Q1,X,tidak relevan pada tahap judul
638,2-s2.0-85097091794,Q1,I,
639,2-s2.0-85090426589,Q1,M,
640,2-s2.0-85113664418,Q1,I,
641,2-s2.0-85113641576,Q1,X0,tipe dokumen dikeluarkan tahap 0
642,2-s2.0-85090761578,Q1,X,tidak relevan pada tahap judul
643,2-s2.0-85090105478,Q1,X,tidak relevan pada tahap judul
644,2-s2.0-85092358699,Q1,X,tidak relevan pada tahap judul
645,2-s2.0-85091004888,Q1,X,tidak relevan pada tahap judul
646,2-s2.0-85089128057,Q1,X,tidak relevan pada tahap judul
647,2-s2.0-85088777116,Q1,M,
648,2-s2.0-85087132416,Q1,X,tidak relevan pada tahap judul
649,2-s2.0-85083645138,Q1,I,
650,2-s2.0-85083790497,Q1,I,
651,2-s2.0-85095125862,Q1,X,tidak relevan pada tahap judul
652,2-s2.0-85088363707,Q1,X,tidak relevan pada tahap judul
653,2-s2.0-85085469848,Q1,X,tidak relevan pada tahap judul
654,2-s2.0-85134770571,Q1,X,tidak relevan pada tahap judul
655,2-s2.0-85079239177,Q1,I,
656,2-s2.0-85079829054,Q1,I,
657,2-s2.0-85083631866,Q1,X,tidak relevan pada tahap judul
658,2-s2.0-85078976944,Q1,I,
659,2-s2.0-85081885755,Q1,X,tidak relevan pada tahap judul
660,2-s2.0-85091634497,Q1,X,tidak relevan pada tahap judul
661,2-s2.0-85095597291,Q1,X,tidak relevan pada tahap judul
662,2-s2.0-85064444791,Q1,M,
663,2-s2.0-85081034163,Q1,X,tidak relevan pada tahap judul
664,2-s2.0-85076831865,Q1,I,
665,2-s2.0-85078748709,Q1,X,tidak relevan pada tahap judul
666,2-s2.0-85083504971,Q1,I,
667,2-s2.0-85096609558,Q1,I,
668,2-s2.0-85101779826,Q1,X0,tipe dokumen dikeluarkan tahap 0
669,2-s2.0-85096514732,Q1,I,
670,2-s2.0-85086122156,Q1,I,
671,2-s2.0-85096518853,Q1,X,tidak relevan pada tahap judul
672,2-s2.0-85076212250,Q1,I,
673,2-s2.0-85090848724,Q1,I,
674,2-s2.0-85082474254,Q1,X,tidak relevan pada tahap judul
675,2-s2.0-85076393395,Q1,I,
676,2-s2.0-85082312493,Q1,X0,tipe dokumen dikeluarkan tahap 0
677,2-s2.0-85094176835,Q1,X,tidak relevan pada tahap judul
678,2-s2.0-85083020297,Q1,X0,tipe dokumen dikeluarkan tahap 0
679,2-s2.0-85088114343,Q1,X,tidak relevan pada tahap judul
680,2-s2.0-85106987339,Q1,X,tidak relevan pada tahap judul
681,2-s2.0-85082810210,Q1,X,tidak relevan pada tahap judul
682,2-s2.0-85090594027,Q1,X,tidak relevan pada tahap judul
683,2-s2.0-85079435727,Q1,X,tidak relevan pada tahap judul
684,2-s2.0-85077601646,Q1,X,tidak relevan pada tahap judul
685,2-s2.0-85062640867,Q1,I,
686,2-s2.0-85067892769,Q1,X,tidak relevan pada tahap judul
687,2-s2.0-85086430182,Q1,X,tidak relevan pada tahap judul
688,2-s2.0-85085861204,Q1,X,tidak relevan pada tahap judul
689,2-s2.0-85063860894,Q1,M,
690,2-s2.0-85072672840,Q1,X,tidak relevan pada tahap judul
691,2-s2.0-85081622370,Q1,I,
692,2-s2.0-85069562588,Q1,X,tidak relevan pada tahap judul
693,2-s2.0-85071512850,Q1,I,
694,2-s2.0-85069630985,Q1,I,
695,2-s2.0-85087931848,Q1,X,tidak relevan pada tahap judul
696,2-s2.0-85073740195,Q1,X,tidak relevan pada tahap judul
697,2-s2.0-85055179929,Q1,I,
698,2-s2.0-85072406157,Q1,X,tidak relevan pada tahap judul
699,2-s2.0-85063575627,Q1,I,
700,2-s2.0-85068490110,Q1,I,
701,2-s2.0-85068580708,Q1,X,tidak relevan pada tahap judul
702,2-s2.0-85083290268,Q1,I,
703,2-s2.0-85064003782,Q1,X,tidak relevan pada tahap judul
704,2-s2.0-85063078412,Q1,X,tidak relevan pada tahap judul
705,2-s2.0-85067346377,Q1,M,
706,2-s2.0-85059540789,Q1,I,dilanjutkan oleh pemeriksaan ulang putaran kedua (AI-2)
707,2-s2.0-85057455965,Q1,X,tidak relevan pada tahap judul
708,2-s2.0-85066112569,Q1,X,tidak relevan pada tahap judul
709,2-s2.0-85072516381,Q1,M,
710,2-s2.0-85076954458,Q1,X0,tipe dokumen dikeluarkan tahap 0
711,2-s2.0-85084015055,Q1,I,
712,2-s2.0-85075812578,Q1,X,tidak relevan pada tahap judul
713,2-s2.0-85070675519,Q1,X0,tipe dokumen dikeluarkan tahap 0
714,2-s2.0-85078482123,Q1,X0,tipe dokumen dikeluarkan tahap 0
715,2-s2.0-85063900218,Q1,X,tidak relevan pada tahap judul
716,2-s2.0-85063598546,Q1,I,
717,2-s2.0-85084012430,Q1,I,
718,2-s2.0-85069448976,Q1,X,tidak relevan pada tahap judul
719,2-s2.0-85061078263,Q1,X,tidak relevan pada tahap judul
720,2-s2.0-85073302479,Q1,X,tidak relevan pada tahap judul
721,2-s2.0-85071280935,Q1,X,tidak relevan pada tahap judul
722,2-s2.0-85163444215,Q1,X,tidak relevan pada tahap judul
723,2-s2.0-85062988241,Q1,I,
724,2-s2.0-85062983796,Q1,I,
725,2-s2.0-85058902246,Q1,I,
726,2-s2.0-85049107849,Q1,X,tidak relevan pada tahap judul
727,2-s2.0-85058455850,Q1,X,tidak relevan pada tahap judul
728,2-s2.0-85057164060,Q1,I,
729,2-s2.0-85046167179,Q1,X,tidak relevan pada tahap judul
730,2-s2.0-85052824305,Q1,X,tidak relevan pada tahap judul
731,2-s2.0-85052596935,Q1,X,tidak relevan pada tahap judul
732,2-s2.0-85049013871,Q1,X,tidak relevan pada tahap judul
733,2-s2.0-85051142917,Q1,I,dilanjutkan oleh pemeriksaan ulang putaran kedua (AI-2)
734,2-s2.0-85044611732,Q1,I,
735,2-s2.0-85045046132,Q1,X,tidak relevan pada tahap judul
736,2-s2.0-85048892851,Q1,X,tidak relevan pada tahap judul
737,2-s2.0-85050128639,Q1,X,tidak relevan pada tahap judul
738,2-s2.0-85051233010,Q1,X,tidak relevan pada tahap judul
739,2-s2.0-85050084944,Q1,X,tidak relevan pada tahap judul
740,2-s2.0-85048363200,Q1,X,tidak relevan pada tahap judul
741,2-s2.0-85042906349,Q1,X,tidak relevan pada tahap judul
742,2-s2.0-85040912013,Q1,X,tidak relevan pada tahap judul
743,2-s2.0-85037542995,Q1,X,tidak relevan pada tahap judul
744,2-s2.0-85038959538,Q1,X,tidak relevan pada tahap judul
745,2-s2.0-85043352456,Q1,X,tidak relevan pada tahap judul
746,2-s2.0-85054170647,Q1,M,
747,2-s2.0-85060004310,Q1,X,tidak relevan pada tahap judul
748,2-s2.0-85039947470,Q1,X,tidak relevan pada tahap judul
749,2-s2.0-85042427021,Q1,X,tidak relevan pada tahap judul
750,2-s2.0-85042920109,Q1,X,tidak relevan pada tahap judul
751,2-s2.0-85030239264,Q1,X,tidak relevan pada tahap judul
752,2-s2.0-85029703408,Q1,X,tidak relevan pada tahap judul
753,2-s2.0-85030308789,Q1,X0,tipe dokumen dikeluarkan tahap 0
754,2-s2.0-85045289236,Q1,X,tidak relevan pada tahap judul
755,2-s2.0-85029514034,Q1,X,tidak relevan pada tahap judul
756,2-s2.0-85031794462,Q1,X,tidak relevan pada tahap judul
757,2-s2.0-85017167119,Q1,M,
758,2-s2.0-85040018765,Q1,X,tidak relevan pada tahap judul
759,2-s2.0-85017008507,Q1,X,tidak relevan pada tahap judul
760,2-s2.0-85016130546,Q1,X,tidak relevan pada tahap judul
761,2-s2.0-85035310263,Q1,X,tidak relevan pada tahap judul
762,2-s2.0-85035350023,Q1,X,tidak relevan pada tahap judul
763,2-s2.0-85038215251,Q1,X,tidak relevan pada tahap judul
764,2-s2.0-85020844939,Q1,X,tidak relevan pada tahap judul
765,2-s2.0-85045190279,Q1,X,tidak relevan pada tahap judul
766,2-s2.0-84995783961,Q1,I,
767,2-s2.0-85001029945,Q1,I,
768,2-s2.0-84920767911,Q1,X,tidak relevan pada tahap judul
769,2-s2.0-84966605822,Q1,X,tidak relevan pada tahap judul
770,2-s2.0-84966378335,Q1,X,tidak relevan pada tahap judul
771,2-s2.0-84973548544,Q1,X,tidak relevan pada tahap judul
772,2-s2.0-84966559697,Q1,X0,tipe dokumen dikeluarkan tahap 0
773,2-s2.0-84937119365,Q1,X,tidak relevan pada tahap judul
774,2-s2.0-84962407572,Q1,X,tidak relevan pada tahap judul
775,2-s2.0-85018388893,Q1,X,tidak relevan pada tahap judul
776,2-s2.0-84994756531,Q1,X,tidak relevan pada tahap judul
777,2-s2.0-84947798634,Q1,I,
778,2-s2.0-84998828093,Q1,I,dilanjutkan oleh pemeriksaan ulang putaran kedua (AI-2)
779,2-s2.0-84994756764,Q1,X,tidak relevan pada tahap judul
780,2-s2.0-85009064372,Q1,X,tidak relevan pada tahap judul
781,2-s2.0-84955197448,Q1,X,tidak relevan pada tahap judul
782,2-s2.0-84951736201,Q1,X0,tipe dokumen dikeluarkan tahap 0
783,2-s2.0-84949768378,Q1,X,tidak relevan pada tahap judul
784,2-s2.0-84937905918,Q1,X,tidak relevan pada tahap judul
785,2-s2.0-84938238387,Q1,I,
786,2-s2.0-84939893518,Q1,X,tidak relevan pada tahap judul
787,2-s2.0-84931857715,Q1,X,tidak relevan pada tahap judul
788,2-s2.0-84940567503,Q1,X,tidak relevan pada tahap judul
789,2-s2.0-84928400560,Q1,X,tidak relevan pada tahap judul
790,2-s2.0-84944730140,Q1,I,
791,2-s2.0-84928679503,Q1,X0,tipe dokumen dikeluarkan tahap 0
792,2-s2.0-84947278394,Q1,I,
793,2-s2.0-84951285800,Q1,I,dilanjutkan oleh pemeriksaan ulang putaran kedua (AI-2)
794,2-s2.0-84952779173,Q1,X,tidak relevan pada tahap judul
795,2-s2.0-84925672275,Q1,X,tidak relevan pada tahap judul
796,2-s2.0-85017427571,Q1,X,tidak relevan pada tahap judul
797,2-s2.0-84954546301,Q1,X,tidak relevan pada tahap judul
798,2-s2.0-84983132766,Q1,X,tidak relevan pada tahap judul
799,2-s2.0-84928248286,Q1,X,tidak relevan pada tahap judul
800,2-s2.0-84949844375,Q1,X,tidak relevan pada tahap judul
801,2-s2.0-84943413213,Q1,M,
802,2-s2.0-85018968383,Q1,X,tidak relevan pada tahap judul
803,2-s2.0-84921504020,Q1,M,
804,2-s2.0-84924534823,Q1,X,tidak relevan pada tahap judul
805,2-s2.0-84930167501,Q1,X,tidak relevan pada tahap judul
806,2-s2.0-84907144277,Q1,M,
807,2-s2.0-84936996602,Q1,X,tidak relevan pada tahap judul
808,2-s2.0-84957434317,Q1,X,tidak relevan pada tahap judul
809,2-s2.0-84907809518,Q1,X,tidak relevan pada tahap judul
810,2-s2.0-84908701357,Q1,X,tidak relevan pada tahap judul
811,2-s2.0-84906730558,Q1,X,tidak relevan pada tahap judul
812,2-s2.0-84897792319,Q1,X0,tipe dokumen dikeluarkan tahap 0
813,2-s2.0-84897746748,Q1,X0,tipe dokumen dikeluarkan tahap 0
814,2-s2.0-84897729882,Q1,X0,tipe dokumen dikeluarkan tahap 0
815,2-s2.0-84892753533,Q1,X0,tipe dokumen dikeluarkan tahap 0
816,2-s2.0-84890069416,Q1,X,tidak relevan pada tahap judul
817,2-s2.0-84891546163,Q1,X0,tipe dokumen dikeluarkan tahap 0
818,2-s2.0-84911946512,Q1,I,
819,2-s2.0-84903445629,Q1,X0,tipe dokumen dikeluarkan tahap 0
820,2-s2.0-84898870692,Q1,X0,tipe dokumen dikeluarkan tahap 0
821,2-s2.0-84898486706,Q1,X,tidak relevan pada tahap judul
822,2-s2.0-84904338700,Q1,X,tidak relevan pada tahap judul
823,2-s2.0-85027232037,Q1,X,tidak relevan pada tahap judul
824,2-s2.0-84901476182,Q1,X,tidak relevan pada tahap judul
825,2-s2.0-85068681100,Q1,X,tidak relevan pada tahap judul
826,2-s2.0-84887091143,Q1,X,tidak relevan pada tahap judul
827,2-s2.0-84886302623,Q1,X0,tipe dokumen dikeluarkan tahap 0
828,2-s2.0-84884916436,Q1,X0,tipe dokumen dikeluarkan tahap 0
829,2-s2.0-84884777323,Q1,X0,tipe dokumen dikeluarkan tahap 0
830,2-s2.0-84883083107,Q1,X,tidak relevan pada tahap judul
831,2-s2.0-84881545030,Q1,X,tidak relevan pada tahap judul
832,2-s2.0-84880913691,Q1,X,tidak relevan pada tahap judul
833,2-s2.0-84880172780,Q1,X0,tipe dokumen dikeluarkan tahap 0
834,2-s2.0-84880109319,Q1,X,tidak relevan pada tahap judul
835,2-s2.0-84880358324,Q1,X,tidak relevan pada tahap judul
836,2-s2.0-84875920642,Q1,X,tidak relevan pada tahap judul
837,2-s2.0-84877718197,Q1,X,tidak relevan pada tahap judul
838,2-s2.0-105047031250,Q1,I,
839,2-s2.0-84875092482,Q1,X,tidak relevan pada tahap judul
840,2-s2.0-85080875869,Q1,M,
841,2-s2.0-84871784324,Q1,I,
842,2-s2.0-84887294896,Q1,X,tidak relevan pada tahap judul
843,2-s2.0-84887324559,Q1,X,tidak relevan pada tahap judul
844,2-s2.0-84892395081,Q1,X,tidak relevan pada tahap judul
845,2-s2.0-84870371389,Q1,X,tidak relevan pada tahap judul
846,2-s2.0-84880610358,Q1,X0,tipe dokumen dikeluarkan tahap 0
847,2-s2.0-84870553898,Q1,X,tidak relevan pada tahap judul
848,2-s2.0-84871322378,Q1,X,tidak relevan pada tahap judul
849,2-s2.0-84867757183,Q1,X,tidak relevan pada tahap judul
850,2-s2.0-84866658663,Q1,X,tidak relevan pada tahap judul
851,2-s2.0-84865053234,Q1,X,tidak relevan pada tahap judul
852,2-s2.0-84864696893,Q1,X,tidak relevan pada tahap judul
853,2-s2.0-84872787332,Q1,X,tidak relevan pada tahap judul
854,2-s2.0-84872766891,Q1,X,tidak relevan pada tahap judul
855,2-s2.0-84864588388,Q1,X,tidak relevan pada tahap judul
856,2-s2.0-84859723320,Q1,X,tidak relevan pada tahap judul
857,2-s2.0-84866261639,Q1,X,tidak relevan pada tahap judul
858,2-s2.0-84955291785,Q1,X0,tipe dokumen dikeluarkan tahap 0
859,2-s2.0-105047339352,Q2,X,tidak relevan pada tahap judul
860,2-s2.0-105045468216,Q2,X,tidak relevan pada tahap judul
861,2-s2.0-105046824359,Q2,X,tidak relevan pada tahap judul
862,2-s2.0-105050794250,Q2,X,tidak relevan pada tahap judul
863,2-s2.0-105039285146,Q2,X,tidak relevan pada tahap judul
864,2-s2.0-105040769951,Q2,X,tidak relevan pada tahap judul
865,2-s2.0-105044746019,Q2,I,
866,2-s2.0-105040738010,Q2,I,
867,2-s2.0-105048420866,Q2,I,
868,2-s2.0-105047036856,Q2,I,
869,2-s2.0-105040014734,Q2,I,
870,2-s2.0-105040803488,Q2,I,
871,2-s2.0-105035489008,Q2,I,
872,2-s2.0-105043452666,Q2,X,tidak relevan pada tahap judul
873,2-s2.0-105034185390,Q2,X,tidak relevan pada tahap judul
874,2-s2.0-105043444516,Q2,I,
875,2-s2.0-105042347538,Q2,I,
876,2-s2.0-105034622349,Q2,X,tidak relevan pada tahap judul
877,2-s2.0-105043195471,Q2,X,tidak relevan pada tahap judul
878,2-s2.0-105039781224,Q2,I,
879,2-s2.0-105040183864,Q2,X,tidak relevan pada tahap judul
880,2-s2.0-105036278362,Q2,I,
881,2-s2.0-105035479428,Q2,X,tidak relevan pada tahap judul
882,2-s2.0-105039269479,Q2,X,tidak relevan pada tahap judul
883,2-s2.0-105033209664,Q2,X,tidak relevan pada tahap judul
884,2-s2.0-105034325015,Q2,X,tidak relevan pada tahap judul
885,2-s2.0-105032786348,Q2,I,
886,2-s2.0-105027386296,Q2,X,tidak relevan pada tahap judul
887,2-s2.0-105036334534,Q2,X,tidak relevan pada tahap judul
888,2-s2.0-105034301920,Q2,M,
889,2-s2.0-105029009225,Q2,I,
890,2-s2.0-105031423767,Q2,X,tidak relevan pada tahap judul
891,2-s2.0-105031415394,Q2,I,
892,2-s2.0-105029920273,Q2,I,
893,2-s2.0-105029014777,Q2,M,
894,2-s2.0-105038935497,Q2,M,
895,2-s2.0-105035703883,Q2,X,tidak relevan pada tahap judul
896,2-s2.0-105033379894,Q2,X,tidak relevan pada tahap judul
897,2-s2.0-105041264188,Q2,X,tidak relevan pada tahap judul
898,2-s2.0-105037430497,Q2,X,tidak relevan pada tahap judul
899,2-s2.0-105046738486,Q2,X,tidak relevan pada tahap judul
900,2-s2.0-105036985041,Q2,I,
901,2-s2.0-105034445192,Q2,I,
902,2-s2.0-105012358925,Q2,I,
903,2-s2.0-105037463583,Q2,M,
904,2-s2.0-105040506657,Q2,R,
905,2-s2.0-105050359956,Q2,M,
906,2-s2.0-105048627668,Q2,X,tidak relevan pada tahap judul
907,2-s2.0-105048636704,Q2,I,
908,2-s2.0-105050552448,Q2,X,tidak relevan pada tahap judul
909,2-s2.0-105048850317,Q2,I,
910,2-s2.0-105028598421,Q2,I,
911,2-s2.0-105044122201,Q2,I,
912,2-s2.0-105042535941,Q2,I,
913,2-s2.0-105012247038,Q2,I,
914,2-s2.0-105028355408,Q2,X,tidak relevan pada tahap judul
915,2-s2.0-105038334378,Q2,X,tidak relevan pada tahap judul
916,2-s2.0-105028255695,Q2,I,
917,2-s2.0-105021809050,Q2,I,
918,2-s2.0-105037849721,Q2,I,
919,2-s2.0-105044427294,Q2,X,tidak relevan pada tahap judul
920,2-s2.0-105047555682,Q2,I,
921,2-s2.0-105016802277,Q2,X,tidak relevan pada tahap judul
922,2-s2.0-105028590513,Q2,I,
923,2-s2.0-105051082157,Q2,X,tidak relevan pada tahap judul
924,2-s2.0-105022414515,Q2,I,
925,2-s2.0-105027286427,Q2,X,tidak relevan pada tahap judul
926,2-s2.0-105016458362,Q2,I,
927,2-s2.0-105007526785,Q2,R,
928,2-s2.0-105017906968,Q2,I,
929,2-s2.0-105009879318,Q2,X,tidak relevan pada tahap judul
930,2-s2.0-105018919581,Q2,X,tidak relevan pada tahap judul
931,2-s2.0-105024308860,Q2,I,
932,2-s2.0-105024558031,Q2,X,tidak relevan pada tahap judul
933,2-s2.0-105009751353,Q2,X,tidak relevan pada tahap judul
934,2-s2.0-105015376529,Q2,I,
935,2-s2.0-105023876929,Q2,I,
936,2-s2.0-105026038070,Q2,X,tidak relevan pada tahap judul
937,2-s2.0-105024940408,Q2,I,
938,2-s2.0-105020967842,Q2,X,tidak relevan pada tahap judul
939,2-s2.0-105017761847,Q2,X,tidak relevan pada tahap judul
940,2-s2.0-105014500314,Q2,X,tidak relevan pada tahap judul
941,2-s2.0-105000304421,Q2,X,tidak relevan pada tahap judul
942,2-s2.0-105007146416,Q2,X,tidak relevan pada tahap judul
943,2-s2.0-105024572256,Q2,X,tidak relevan pada tahap judul
944,2-s2.0-105023124042,Q2,X,tidak relevan pada tahap judul
945,2-s2.0-105008099263,Q2,X,tidak relevan pada tahap judul
946,2-s2.0-105001684145,Q2,I,
947,2-s2.0-105005594159,Q2,I,
948,2-s2.0-105005081696,Q2,X,tidak relevan pada tahap judul
949,2-s2.0-105000738670,Q2,X,tidak relevan pada tahap judul
950,2-s2.0-105020588113,Q2,X,tidak relevan pada tahap judul
951,2-s2.0-105020769009,Q2,X,tidak relevan pada tahap judul
952,2-s2.0-105017244385,Q2,X,tidak relevan pada tahap judul
953,2-s2.0-105008771632,Q2,X,tidak relevan pada tahap judul
954,2-s2.0-105013307911,Q2,I,
955,2-s2.0-105005942800,Q2,I,
956,2-s2.0-105034767999,Q2,I,
957,2-s2.0-105000277668,Q2,I,
958,2-s2.0-105015959854,Q2,X,tidak relevan pada tahap judul
959,2-s2.0-105011538424,Q2,I,
960,2-s2.0-105011766301,Q2,I,
961,2-s2.0-85219094905,Q2,I,
962,2-s2.0-105007939736,Q2,X,tidak relevan pada tahap judul
963,2-s2.0-105043793668,Q2,X,tidak relevan pada tahap judul
964,2-s2.0-105004767834,Q2,M,
965,2-s2.0-105003110825,Q2,X,tidak relevan pada tahap judul
966,2-s2.0-105007943846,Q2,X,tidak relevan pada tahap judul
967,2-s2.0-105006640710,Q2,I,
968,2-s2.0-105006671472,Q2,I,
969,2-s2.0-105002488056,Q2,X,tidak relevan pada tahap judul
970,2-s2.0-85214030439,Q2,M,
971,2-s2.0-105006688021,Q2,X,tidak relevan pada tahap judul
972,2-s2.0-85194894347,Q2,X,tidak relevan pada tahap judul
973,2-s2.0-85213568012,Q2,I,
974,2-s2.0-85216210251,Q2,X,tidak relevan pada tahap judul
975,2-s2.0-105026908479,Q2,I,
976,2-s2.0-85214789095,Q2,I,
977,2-s2.0-85218101873,Q2,X,tidak relevan pada tahap judul
978,2-s2.0-85219202117,Q2,I,
979,2-s2.0-85209935416,Q2,X,tidak relevan pada tahap judul
980,2-s2.0-85218453493,Q2,I,
981,2-s2.0-85219210491,Q2,X,tidak relevan pada tahap judul
982,2-s2.0-85218867551,Q2,I,
983,2-s2.0-85211743112,Q2,I,
984,2-s2.0-105001185496,Q2,X,tidak relevan pada tahap judul
985,2-s2.0-86000518256,Q2,I,
986,2-s2.0-105035999390,Q2,X,tidak relevan pada tahap judul
987,2-s2.0-105022083610,Q2,X,tidak relevan pada tahap judul
988,2-s2.0-105012535643,Q2,X,tidak relevan pada tahap judul
989,2-s2.0-105040675559,Q2,I,
990,2-s2.0-105033522430,Q2,X,tidak relevan pada tahap judul
991,2-s2.0-105004809369,Q2,X,tidak relevan pada tahap judul
992,2-s2.0-105004272047,Q2,I,
993,2-s2.0-105041539683,Q2,X,tidak relevan pada tahap judul
994,2-s2.0-105024012100,Q2,X,tidak relevan pada tahap judul
995,2-s2.0-105003109620,Q2,X,tidak relevan pada tahap judul
996,2-s2.0-105012181345,Q2,X,tidak relevan pada tahap judul
997,2-s2.0-105041110092,Q2,I,
998,2-s2.0-105026888965,Q2,I,
999,2-s2.0-85216012744,Q2,X,tidak relevan pada tahap judul
1000,2-s2.0-85208479669,Q2,I,
1001,2-s2.0-105012341266,Q2,M,
1002,2-s2.0-85218156023,Q2,I,
1003,2-s2.0-85215816029,Q2,X,tidak relevan pada tahap judul
1004,2-s2.0-105024937614,Q2,X,tidak relevan pada tahap judul
1005,2-s2.0-105037876842,Q2,X,tidak relevan pada tahap judul
1006,2-s2.0-105031565168,Q2,X,tidak relevan pada tahap judul
1007,2-s2.0-105034204806,Q2,X,tidak relevan pada tahap judul
1008,2-s2.0-105035994319,Q2,X,tidak relevan pada tahap judul
1009,2-s2.0-105010681735,Q2,I,
1010,2-s2.0-105033003889,Q2,X,tidak relevan pada tahap judul
1011,2-s2.0-105011353608,Q2,I,
1012,2-s2.0-105003907021,Q2,I,
1013,2-s2.0-105012860298,Q2,I,
1014,2-s2.0-105005747358,Q2,X,tidak relevan pada tahap judul
1015,2-s2.0-105031163889,Q2,X,tidak relevan pada tahap judul
1016,2-s2.0-105012592485,Q2,X,tidak relevan pada tahap judul
1017,2-s2.0-105023406157,Q2,I,
1018,2-s2.0-105001069200,Q2,I,
1019,2-s2.0-105016670484,Q2,I,
1020,2-s2.0-105016782501,Q2,X,tidak relevan pada tahap judul
1021,2-s2.0-105019790454,Q2,X,tidak relevan pada tahap judul
1022,2-s2.0-105036120117,Q2,I,
1023,2-s2.0-105018189642,Q2,X,tidak relevan pada tahap judul
1024,2-s2.0-105024659403,Q2,I,
1025,2-s2.0-105029901677,Q2,X,tidak relevan pada tahap judul
1026,2-s2.0-105011850338,Q2,X,tidak relevan pada tahap judul
1027,2-s2.0-86000211939,Q2,X,tidak relevan pada tahap judul
1028,2-s2.0-85211080185,Q2,X,tidak relevan pada tahap judul
1029,2-s2.0-85202977318,Q2,R,
1030,2-s2.0-85213231956,Q2,I,
1031,2-s2.0-85213060775,Q2,M,
1032,2-s2.0-85208218523,Q2,I,
1033,2-s2.0-85210728244,Q2,I,
1034,2-s2.0-85207020890,Q2,I,
1035,2-s2.0-85210239400,Q2,I,
1036,2-s2.0-85203797846,Q2,I,
1037,2-s2.0-85202343060,Q2,X,tidak relevan pada tahap judul
1038,2-s2.0-85210246927,Q2,X,tidak relevan pada tahap judul
1039,2-s2.0-85201265695,Q2,M,
1040,2-s2.0-85203383207,Q2,X,tidak relevan pada tahap judul
1041,2-s2.0-85197034768,Q2,M,
1042,2-s2.0-85207797688,Q2,I,
1043,2-s2.0-85205446894,Q2,X,tidak relevan pada tahap judul
1044,2-s2.0-85197364002,Q2,I,
1045,2-s2.0-85203853807,Q2,I,
1046,2-s2.0-85203642351,Q2,X,tidak relevan pada tahap judul
1047,2-s2.0-85192153841,Q2,I,
1048,2-s2.0-85197911833,Q2,I,
1049,2-s2.0-85187236260,Q2,X,tidak relevan pada tahap judul
1050,2-s2.0-85197861424,Q2,M,
1051,2-s2.0-85196873274,Q2,I,
1052,2-s2.0-85152780339,Q2,I,
1053,2-s2.0-85195641391,Q2,X,tidak relevan pada tahap judul
1054,2-s2.0-85190560482,Q2,X,tidak relevan pada tahap judul
1055,2-s2.0-85185486841,Q2,X,tidak relevan pada tahap judul
1056,2-s2.0-85174580303,Q2,X,tidak relevan pada tahap judul
1057,2-s2.0-85189175267,Q2,I,
1058,2-s2.0-85191653566,Q2,I,
1059,2-s2.0-85180582116,Q2,X,tidak relevan pada tahap judul
1060,2-s2.0-85179049875,Q2,I,
1061,2-s2.0-85184619131,Q2,I,
1062,2-s2.0-85187248066,Q2,I,
1063,2-s2.0-85184295739,Q2,X,tidak relevan pada tahap judul
1064,2-s2.0-85184315725,Q2,I,
1065,2-s2.0-85192572472,Q2,X,tidak relevan pada tahap judul
1066,2-s2.0-105046512016,Q2,X,tidak relevan pada tahap judul
1067,2-s2.0-85216103618,Q2,X,tidak relevan pada tahap judul
1068,2-s2.0-85188475907,Q2,I,
1069,2-s2.0-85193583513,Q2,I,
1070,2-s2.0-105003516302,Q2,M,
1071,2-s2.0-85181442836,Q2,X,tidak relevan pada tahap judul
1072,2-s2.0-85206100132,Q2,X,tidak relevan pada tahap judul
1073,2-s2.0-85193223885,Q2,X,tidak relevan pada tahap judul
1074,2-s2.0-85180603596,Q2,X,tidak relevan pada tahap judul
1075,2-s2.0-105003533730,Q2,I,
1076,2-s2.0-105000688791,Q2,I,
1077,2-s2.0-85197721517,Q2,I,
1078,2-s2.0-85197890290,Q2,I,
1079,2-s2.0-85201163587,Q2,I,
1080,2-s2.0-85213039703,Q2,X,tidak relevan pada tahap judul
1081,2-s2.0-85213829141,Q2,X,tidak relevan pada tahap judul
1082,2-s2.0-85214650507,Q2,X,tidak relevan pada tahap judul
1083,2-s2.0-85201044739,Q2,X,tidak relevan pada tahap judul
1084,2-s2.0-85213325635,Q2,X,tidak relevan pada tahap judul
1085,2-s2.0-85189980325,Q2,I,
1086,2-s2.0-85176961840,Q2,I,
1087,2-s2.0-105000939465,Q2,I,
1088,2-s2.0-85213368203,Q2,X,tidak relevan pada tahap judul
1089,2-s2.0-85200983190,Q2,X,tidak relevan pada tahap judul
1090,2-s2.0-85205271842,Q2,X,tidak relevan pada tahap judul
1091,2-s2.0-85214701179,Q2,X,tidak relevan pada tahap judul
1092,2-s2.0-85192104343,Q2,I,
1093,2-s2.0-85183199987,Q2,X,tidak relevan pada tahap judul
1094,2-s2.0-85213818249,Q2,X,tidak relevan pada tahap judul
1095,2-s2.0-85197410400,Q2,I,
1096,2-s2.0-85202471639,Q2,X,tidak relevan pada tahap judul
1097,2-s2.0-85193942103,Q2,X,tidak relevan pada tahap judul
1098,2-s2.0-85173390708,Q2,I,
1099,2-s2.0-85200466822,Q2,X,tidak relevan pada tahap judul
1100,2-s2.0-85180245378,Q2,I,
1101,2-s2.0-85191322445,Q2,X,tidak relevan pada tahap judul
1102,2-s2.0-85178340436,Q2,X,tidak relevan pada tahap judul
1103,2-s2.0-85175469914,Q2,I,
1104,2-s2.0-85158136449,Q2,X,tidak relevan pada tahap judul
1105,2-s2.0-85165269691,Q2,I,
1106,2-s2.0-85184099684,Q2,I,
1107,2-s2.0-85158062253,Q2,R,
1108,2-s2.0-85170411199,Q2,I,
1109,2-s2.0-105002311314,Q2,X,tidak relevan pada tahap judul
1110,2-s2.0-85176494864,Q2,X,tidak relevan pada tahap judul
1111,2-s2.0-85167758494,Q2,I,
1112,2-s2.0-85165008313,Q2,I,
1113,2-s2.0-85151749011,Q2,X,tidak relevan pada tahap judul
1114,2-s2.0-85161487789,Q2,I,
1115,2-s2.0-85152111271,Q2,I,
1116,2-s2.0-85164102966,Q2,X,tidak relevan pada tahap judul
1117,2-s2.0-85161074153,Q2,X,tidak relevan pada tahap judul
1118,2-s2.0-85160395952,Q2,I,
1119,2-s2.0-85129779487,Q2,X,tidak relevan pada tahap judul
1120,2-s2.0-85154541711,Q2,X,tidak relevan pada tahap judul
1121,2-s2.0-85135713342,Q2,M,
1122,2-s2.0-85161971576,Q2,X,tidak relevan pada tahap judul
1123,2-s2.0-85144074653,Q2,R,
1124,2-s2.0-85142732914,Q2,X,tidak relevan pada tahap judul
1125,2-s2.0-85149756373,Q2,X,tidak relevan pada tahap judul
1126,2-s2.0-85146465328,Q2,R,
1127,2-s2.0-85147924433,Q2,X,tidak relevan pada tahap judul
1128,2-s2.0-85140476636,Q2,I,
1129,2-s2.0-85150718125,Q2,I,
1130,2-s2.0-85148094834,Q2,I,
1131,2-s2.0-85150716499,Q2,I,
1132,2-s2.0-85145867056,Q2,X,tidak relevan pada tahap judul
1133,2-s2.0-85146466088,Q2,X,tidak relevan pada tahap judul
1134,2-s2.0-85161404577,Q2,X,tidak relevan pada tahap judul
1135,2-s2.0-85172879730,Q2,I,
1136,2-s2.0-85149578645,Q2,M,
1137,2-s2.0-85169433477,Q2,I,
1138,2-s2.0-85177598340,Q2,X,tidak relevan pada tahap judul
1139,2-s2.0-85151727422,Q2,X,tidak relevan pada tahap judul
1140,2-s2.0-85146023772,Q2,X,tidak relevan pada tahap judul
1141,2-s2.0-85174685440,Q2,I,
1142,2-s2.0-85164268253,Q2,X,tidak relevan pada tahap judul
1143,2-s2.0-85180010625,Q2,I,
1144,2-s2.0-85183078431,Q2,I,
1145,2-s2.0-85177602586,Q2,I,
1146,2-s2.0-85205352238,Q2,X,tidak relevan pada tahap judul
1147,2-s2.0-85169459845,Q2,I,
1148,2-s2.0-85180543929,Q2,M,
1149,2-s2.0-85153257719,Q2,X,tidak relevan pada tahap judul
1150,2-s2.0-85145096172,Q2,X0,tipe dokumen dikeluarkan tahap 0
1151,2-s2.0-85144761213,Q2,X,tidak relevan pada tahap judul
1152,2-s2.0-85153360571,Q2,I,
1153,2-s2.0-85141142693,Q2,X,tidak relevan pada tahap judul
1154,2-s2.0-85135841029,Q2,I,
1155,2-s2.0-85144714365,Q2,X,tidak relevan pada tahap judul
1156,2-s2.0-85141248621,Q2,M,
1157,2-s2.0-85130449549,Q2,I,
1158,2-s2.0-85130324469,Q2,I,
1159,2-s2.0-85141295583,Q2,X,tidak relevan pada tahap judul
1160,2-s2.0-85140340042,Q2,I,
1161,2-s2.0-85147298212,Q2,I,
1162,2-s2.0-85147046827,Q2,X,tidak relevan pada tahap judul
1163,2-s2.0-85140144290,Q2,X,tidak relevan pada tahap judul
1164,2-s2.0-85137885225,Q2,X,tidak relevan pada tahap judul
1165,2-s2.0-85132579654,Q2,X,tidak relevan pada tahap judul
1166,2-s2.0-85137821075,Q2,X,tidak relevan pada tahap judul
1167,2-s2.0-85136574590,Q2,I,
1168,2-s2.0-85140272273,Q2,I,
1169,2-s2.0-85130851595,Q2,I,
1170,2-s2.0-85131140991,Q2,R,
1171,2-s2.0-85132772400,Q2,I,
1172,2-s2.0-85125527035,Q2,I,
1173,2-s2.0-85130772406,Q2,X,tidak relevan pada tahap judul
1174,2-s2.0-85139068448,Q2,X,tidak relevan pada tahap judul
1175,2-s2.0-85130822355,Q2,X,tidak relevan pada tahap judul
1176,2-s2.0-85123980800,Q2,X,tidak relevan pada tahap judul
1177,2-s2.0-85125415524,Q2,X,tidak relevan pada tahap judul
1178,2-s2.0-85126233034,Q2,X,tidak relevan pada tahap judul
1179,2-s2.0-85128802620,Q2,X,tidak relevan pada tahap judul
1180,2-s2.0-85125223475,Q2,R,
1181,2-s2.0-105010642030,Q2,I,
1182,2-s2.0-85132256334,Q2,X,tidak relevan pada tahap judul
1183,2-s2.0-85124204604,Q2,X,tidak relevan pada tahap judul
1184,2-s2.0-85124914692,Q2,X,tidak relevan pada tahap judul
1185,2-s2.0-85123413908,Q2,I,
1186,2-s2.0-85110232232,Q2,I,
1187,2-s2.0-85122810066,Q2,I,
1188,2-s2.0-85149794121,Q2,I,
1189,2-s2.0-85146970413,Q2,X,tidak relevan pada tahap judul
1190,2-s2.0-85161924072,Q2,X,tidak relevan pada tahap judul
1191,2-s2.0-85133885489,Q2,I,
1192,2-s2.0-85126208150,Q2,X,tidak relevan pada tahap judul
1193,2-s2.0-85139370947,Q2,X,tidak relevan pada tahap judul
1194,2-s2.0-85127566349,Q2,X,tidak relevan pada tahap judul
1195,2-s2.0-85125405005,Q2,X,tidak relevan pada tahap judul
1196,2-s2.0-85127289342,Q2,I,
1197,2-s2.0-85137578486,Q2,R,
1198,2-s2.0-85122503447,Q2,I,
1199,2-s2.0-85131922510,Q2,I,
1200,2-s2.0-85124372149,Q2,I,
1201,2-s2.0-85123746332,Q2,X,tidak relevan pada tahap judul
1202,2-s2.0-85137554991,Q2,X,tidak relevan pada tahap judul
1203,2-s2.0-85120463598,Q2,X,tidak relevan pada tahap judul
1204,2-s2.0-85140367764,Q2,X,tidak relevan pada tahap judul
1205,2-s2.0-85141392028,Q2,X,tidak relevan pada tahap judul
1206,2-s2.0-85107570427,Q2,X,tidak relevan pada tahap judul
1207,2-s2.0-85139474267,Q2,I,
1208,2-s2.0-85122687407,Q2,I,
1209,2-s2.0-85137560477,Q2,I,
1210,2-s2.0-85182603963,Q2,X,tidak relevan pada tahap judul
1211,2-s2.0-85200961497,Q2,I,
1212,2-s2.0-85128220322,Q2,I,
1213,2-s2.0-85151304776,Q2,I,
1214,2-s2.0-85121326498,Q2,X,tidak relevan pada tahap judul
1215,2-s2.0-85118355660,Q2,I,
1216,2-s2.0-85117191675,Q2,X,tidak relevan pada tahap judul
1217,2-s2.0-85122015297,Q2,X,tidak relevan pada tahap judul
1218,2-s2.0-85125615659,Q2,M,
1219,2-s2.0-85127549040,Q2,X,tidak relevan pada tahap judul
1220,2-s2.0-85115349080,Q2,X,tidak relevan pada tahap judul
1221,2-s2.0-85114609941,Q2,R,
1222,2-s2.0-85106368769,Q2,X,tidak relevan pada tahap judul
1223,2-s2.0-85111383755,Q2,R,
1224,2-s2.0-85122680013,Q2,I,
1225,2-s2.0-85109785768,Q2,R,
1226,2-s2.0-85109639607,Q2,X,tidak relevan pada tahap judul
1227,2-s2.0-85109690363,Q2,X,tidak relevan pada tahap judul
1228,2-s2.0-85112346579,Q2,X,tidak relevan pada tahap judul
1229,2-s2.0-85113336271,Q2,I,
1230,2-s2.0-85144968892,Q2,X0,tipe dokumen dikeluarkan tahap 0
1231,2-s2.0-85101200860,Q2,I,
1232,2-s2.0-85104375936,Q2,X,tidak relevan pada tahap judul
1233,2-s2.0-85119518798,Q2,I,
1234,2-s2.0-85103722821,Q2,I,
1235,2-s2.0-85114048979,Q2,X,tidak relevan pada tahap judul
1236,2-s2.0-85105415863,Q2,I,
1237,2-s2.0-85089584647,Q2,X,tidak relevan pada tahap judul
1238,2-s2.0-85100728874,Q2,X,tidak relevan pada tahap judul
1239,2-s2.0-85096640287,Q2,X,tidak relevan pada tahap judul
1240,2-s2.0-85100381229,Q2,X,tidak relevan pada tahap judul
1241,2-s2.0-85124214071,Q2,X,tidak relevan pada tahap judul
1242,2-s2.0-85108010157,Q2,X,tidak relevan pada tahap judul
1243,2-s2.0-85120447214,Q2,X,tidak relevan pada tahap judul
1244,2-s2.0-85126003986,Q2,X,tidak relevan pada tahap judul
1245,2-s2.0-85099517933,Q2,I,
1246,2-s2.0-85106474197,Q2,M,
1247,2-s2.0-85101591898,Q2,M,
1248,2-s2.0-85089227207,Q2,X,tidak relevan pada tahap judul
1249,2-s2.0-85084429944,Q2,I,
1250,2-s2.0-85094870683,Q2,I,
1251,2-s2.0-85097320004,Q2,I,
1252,2-s2.0-85097242312,Q2,I,
1253,2-s2.0-85090594409,Q2,X,tidak relevan pada tahap judul
1254,2-s2.0-85092297028,Q2,X,tidak relevan pada tahap judul
1255,2-s2.0-85096837511,Q2,I,
1256,2-s2.0-85099923542,Q2,I,
1257,2-s2.0-85092941585,Q2,X,tidak relevan pada tahap judul
1258,2-s2.0-85078472235,Q2,I,
1259,2-s2.0-85097621646,Q2,X,tidak relevan pada tahap judul
1260,2-s2.0-85160759399,Q2,X,tidak relevan pada tahap judul
1261,2-s2.0-85088642815,Q2,X,tidak relevan pada tahap judul
1262,2-s2.0-85091093898,Q2,X,tidak relevan pada tahap judul
1263,2-s2.0-85091122313,Q2,X,tidak relevan pada tahap judul
1264,2-s2.0-85088879289,Q2,I,
1265,2-s2.0-85088834564,Q2,I,
1266,2-s2.0-85081678836,Q2,X,tidak relevan pada tahap judul
1267,2-s2.0-85088657535,Q2,I,
1268,2-s2.0-85088160700,Q2,X,tidak relevan pada tahap judul
1269,2-s2.0-85090748820,Q2,M,
1270,2-s2.0-85083422258,Q2,I,
1271,2-s2.0-85071188846,Q2,X,tidak relevan pada tahap judul
1272,2-s2.0-85082855158,Q2,X,tidak relevan pada tahap judul
1273,2-s2.0-85083338226,Q2,I,
1274,2-s2.0-85086069431,Q2,X,tidak relevan pada tahap judul
1275,2-s2.0-85079268444,Q2,I,
1276,2-s2.0-85083477327,Q2,X,tidak relevan pada tahap judul
1277,2-s2.0-85081043193,Q2,X,tidak relevan pada tahap judul
1278,2-s2.0-85070328334,Q2,I,
1279,2-s2.0-85090772555,Q2,X,tidak relevan pada tahap judul
1280,2-s2.0-85076641413,Q2,X,tidak relevan pada tahap judul
1281,2-s2.0-85083079116,Q2,X,tidak relevan pada tahap judul
1282,2-s2.0-85096541534,Q2,I,
1283,2-s2.0-85097277394,Q2,I,
1284,2-s2.0-85132250320,Q2,X,tidak relevan pada tahap judul
1285,2-s2.0-85110557850,Q2,I,
1286,2-s2.0-85074654516,Q2,X,tidak relevan pada tahap judul
1287,2-s2.0-85081160924,Q2,I,
1288,2-s2.0-85060672289,Q2,X,tidak relevan pada tahap judul
1289,2-s2.0-85073625556,Q2,X,tidak relevan pada tahap judul
1290,2-s2.0-85067299335,Q2,X,tidak relevan pada tahap judul
1291,2-s2.0-85070238856,Q2,I,
1292,2-s2.0-85077959096,Q2,X,tidak relevan pada tahap judul
1293,2-s2.0-85073252104,Q2,X,tidak relevan pada tahap judul
1294,2-s2.0-85069488145,Q2,X,tidak relevan pada tahap judul
1295,2-s2.0-85064313579,Q2,R,
1296,2-s2.0-85068508457,Q2,X,tidak relevan pada tahap judul
1297,2-s2.0-85063533977,Q2,I,
1298,2-s2.0-85066616832,Q2,X,tidak relevan pada tahap judul
1299,2-s2.0-85061911481,Q2,X,tidak relevan pada tahap judul
1300,2-s2.0-85067343482,Q2,I,
1301,2-s2.0-85064071063,Q2,X,tidak relevan pada tahap judul
1302,2-s2.0-85084960059,Q2,I,
1303,2-s2.0-85067365970,Q2,I,
1304,2-s2.0-85059854616,Q2,X,tidak relevan pada tahap judul
1305,2-s2.0-85059198535,Q2,M,
1306,2-s2.0-85061396039,Q2,X,tidak relevan pada tahap judul
1307,2-s2.0-85060137738,Q2,X,tidak relevan pada tahap judul
1308,2-s2.0-85054445670,Q2,I,
1309,2-s2.0-85084011935,Q2,X,tidak relevan pada tahap judul
1310,2-s2.0-85072629755,Q2,M,
1311,2-s2.0-85072867092,Q2,X,tidak relevan pada tahap judul
1312,2-s2.0-85073743895,Q2,M,
1313,2-s2.0-85141048672,Q2,I,
1314,2-s2.0-85070200852,Q2,X,tidak relevan pada tahap judul
1315,2-s2.0-85065996524,Q2,I,
1316,2-s2.0-85072642032,Q2,X,tidak relevan pada tahap judul
1317,2-s2.0-85169096392,Q2,X,tidak relevan pada tahap judul
1318,2-s2.0-85065146245,Q2,X,tidak relevan pada tahap judul
1319,2-s2.0-85073750248,Q2,X,tidak relevan pada tahap judul
1320,2-s2.0-85045463489,Q2,I,
1321,2-s2.0-85047141656,Q2,X0,tipe dokumen dikeluarkan tahap 0
1322,2-s2.0-85052460557,Q2,X,tidak relevan pada tahap judul
1323,2-s2.0-85059360511,Q2,X,tidak relevan pada tahap judul
1324,2-s2.0-85059372085,Q2,I,
1325,2-s2.0-85057715131,Q2,I,
1326,2-s2.0-85056325305,Q2,X,tidak relevan pada tahap judul
1327,2-s2.0-85063160055,Q2,M,
1328,2-s2.0-85054069388,Q2,M,
1329,2-s2.0-85054847149,Q2,X,tidak relevan pada tahap judul
1330,2-s2.0-85044298434,Q2,I,
1331,2-s2.0-85048304910,Q2,I,
1332,2-s2.0-85041469535,Q2,I,
1333,2-s2.0-85040827217,Q2,R,
1334,2-s2.0-85049330057,Q2,X,tidak relevan pada tahap judul
1335,2-s2.0-85035801258,Q2,I,
1336,2-s2.0-85062599423,Q2,I,
1337,2-s2.0-85053149959,Q2,I,
1338,2-s2.0-85048695579,Q2,X,tidak relevan pada tahap judul
1339,2-s2.0-85060028297,Q2,X,tidak relevan pada tahap judul
1340,2-s2.0-85045899252,Q2,I,
1341,2-s2.0-85058102622,Q2,X,tidak relevan pada tahap judul
1342,2-s2.0-85071512520,Q2,X,tidak relevan pada tahap judul
1343,2-s2.0-85046452361,Q2,I,
1344,2-s2.0-85041957603,Q2,I,
1345,2-s2.0-85037330377,Q2,X,tidak relevan pada tahap judul
1346,2-s2.0-85043385502,Q2,I,
1347,2-s2.0-85036562532,Q2,X,tidak relevan pada tahap judul
1348,2-s2.0-85039906777,Q2,I,
1349,2-s2.0-85013149597,Q2,I,
1350,2-s2.0-85020281977,Q2,I,
1351,2-s2.0-85015986841,Q2,I,
1352,2-s2.0-85022184476,Q2,X,tidak relevan pada tahap judul
1353,2-s2.0-85028676918,Q2,I,
1354,2-s2.0-84973167273,Q2,I,
1355,2-s2.0-85018774080,Q2,X,tidak relevan pada tahap judul
1356,2-s2.0-85063956936,Q2,I,
1357,2-s2.0-85019266854,Q2,X,tidak relevan pada tahap judul
1358,2-s2.0-84981164471,Q2,I,
1359,2-s2.0-85010660533,Q2,X,tidak relevan pada tahap judul
1360,2-s2.0-85035356469,Q2,I,
1361,2-s2.0-85107040674,Q2,I,
1362,2-s2.0-85042714603,Q2,I,
1363,2-s2.0-85014789199,Q2,X,tidak relevan pada tahap judul
1364,2-s2.0-85007379022,Q2,I,
1365,2-s2.0-85007317039,Q2,I,
1366,2-s2.0-84960459772,Q2,I,
1367,2-s2.0-84988514128,Q2,X,tidak relevan pada tahap judul
1368,2-s2.0-84994509711,Q2,X,tidak relevan pada tahap judul
1369,2-s2.0-84979521121,Q2,I,
1370,2-s2.0-84985007048,Q2,I,
1371,2-s2.0-84984791790,Q2,X,tidak relevan pada tahap judul
1372,2-s2.0-84986285628,Q2,X,tidak relevan pada tahap judul
1373,2-s2.0-84984604631,Q2,X,tidak relevan pada tahap judul
1374,2-s2.0-84977176801,Q2,X,tidak relevan pada tahap judul
1375,2-s2.0-85048302769,Q2,X,tidak relevan pada tahap judul
1376,2-s2.0-84962191277,Q2,X,tidak relevan pada tahap judul
1377,2-s2.0-84962910711,Q2,X,tidak relevan pada tahap judul
1378,2-s2.0-85018420628,Q2,X,tidak relevan pada tahap judul
1379,2-s2.0-85006022127,Q2,X,tidak relevan pada tahap judul
1380,2-s2.0-84962501898,Q2,X,tidak relevan pada tahap judul
1381,2-s2.0-84954230261,Q2,X,tidak relevan pada tahap judul
1382,2-s2.0-84948681010,Q2,X,tidak relevan pada tahap judul
1383,2-s2.0-84941208236,Q2,I,
1384,2-s2.0-84940653027,Q2,X,tidak relevan pada tahap judul
1385,2-s2.0-84926321719,Q2,X,tidak relevan pada tahap judul
1386,2-s2.0-84930916679,Q2,X,tidak relevan pada tahap judul
1387,2-s2.0-84927603060,Q2,I,
1388,2-s2.0-84928012226,Q2,I,
1389,2-s2.0-84910114399,Q2,X,tidak relevan pada tahap judul
1390,2-s2.0-84922349966,Q2,I,
1391,2-s2.0-84958534104,Q2,I,
1392,2-s2.0-84908348456,Q2,I,
1393,2-s2.0-84947287196,Q2,I,
1394,2-s2.0-84947219127,Q2,X,tidak relevan pada tahap judul
1395,2-s2.0-84944398024,Q2,I,
1396,2-s2.0-84928029113,Q2,X,tidak relevan pada tahap judul
1397,2-s2.0-85028452718,Q2,X,tidak relevan pada tahap judul
1398,2-s2.0-84928951168,Q2,X,tidak relevan pada tahap judul
1399,2-s2.0-85052390595,Q2,X,tidak relevan pada tahap judul
1400,2-s2.0-84931269419,Q2,X,tidak relevan pada tahap judul
1401,2-s2.0-84896532907,Q2,X,tidak relevan pada tahap judul
1402,2-s2.0-84920253815,Q2,X,tidak relevan pada tahap judul
1403,2-s2.0-84897696341,Q2,I,
1404,2-s2.0-84896790097,Q2,X,tidak relevan pada tahap judul
1405,2-s2.0-84892634674,Q2,I,
1406,2-s2.0-84905719438,Q2,I,
1407,2-s2.0-84901460295,Q2,X,tidak relevan pada tahap judul
1408,2-s2.0-84911890900,Q2,X,tidak relevan pada tahap judul
1409,2-s2.0-84896034959,Q2,X,tidak relevan pada tahap judul
1410,2-s2.0-84891556337,Q2,X,tidak relevan pada tahap judul
1411,2-s2.0-84907370591,Q2,I,
1412,2-s2.0-84903210379,Q2,I,
1413,2-s2.0-84899672821,Q2,X,tidak relevan pada tahap judul
1414,2-s2.0-84887253572,Q2,X,tidak relevan pada tahap judul
1415,2-s2.0-84885761262,Q2,X,tidak relevan pada tahap judul
1416,2-s2.0-84884572740,Q2,X,tidak relevan pada tahap judul
1417,2-s2.0-84878616301,Q2,X,tidak relevan pada tahap judul
1418,2-s2.0-84876721250,Q2,I,
1419,2-s2.0-84879999241,Q2,I,
1420,2-s2.0-84877926958,Q2,X,tidak relevan pada tahap judul
1421,2-s2.0-84874099234,Q2,X,tidak relevan pada tahap judul
1422,2-s2.0-84881542120,Q2,X0,tipe dokumen dikeluarkan tahap 0
1423,2-s2.0-84900020881,Q2,I,
1424,2-s2.0-84885837380,Q2,X,tidak relevan pada tahap judul
1425,2-s2.0-84856977511,Q2,X,tidak relevan pada tahap judul
1426,2-s2.0-84868255436,Q2,X,tidak relevan pada tahap judul
1427,2-s2.0-84878033713,Q2,X,tidak relevan pada tahap judul
1428,2-s2.0-84866069183,Q2,X,tidak relevan pada tahap judul
1429,2-s2.0-84863998838,Q2,X,tidak relevan pada tahap judul
1430,2-s2.0-84871766885,Q2,I,
1431,2-s2.0-84931402402,Q2,I,
1432,2-s2.0-84867772722,Q2,X,tidak relevan pada tahap judul
1433,2-s2.0-105048095769,Q3,X,tidak relevan pada tahap judul
1434,2-s2.0-105033362038,Q3,X,tidak relevan pada tahap judul
1435,2-s2.0-105035464932,Q3,X,tidak relevan pada tahap judul
1436,2-s2.0-105047882411,Q3,X,tidak relevan pada tahap judul
1437,2-s2.0-105044849222,Q3,X,tidak relevan pada tahap judul
1438,2-s2.0-105037429936,Q3,X,tidak relevan pada tahap judul
1439,2-s2.0-105050685785,Q3,X,tidak relevan pada tahap judul
1440,2-s2.0-105051062344,Q3,X,tidak relevan pada tahap judul
1441,2-s2.0-105042551725,Q3,X,tidak relevan pada tahap judul
1442,2-s2.0-105050467690,Q3,I,
1443,2-s2.0-105050322413,Q3,I,
1444,2-s2.0-105045400385,Q3,X,tidak relevan pada tahap judul
1445,2-s2.0-105042929855,Q3,X,tidak relevan pada tahap judul
1446,2-s2.0-105037072514,Q3,X,tidak relevan pada tahap judul
1447,2-s2.0-105048777499,Q3,X,tidak relevan pada tahap judul
1448,2-s2.0-105037844483,Q3,R,
1449,2-s2.0-105045865917,Q3,I,
1450,2-s2.0-105040640082,Q3,X,tidak relevan pada tahap judul
1451,2-s2.0-105045683521,Q3,I,
1452,2-s2.0-105047474954,Q3,X,tidak relevan pada tahap judul
1453,2-s2.0-105042034976,Q3,I,
1454,2-s2.0-105043212270,Q3,R,
1455,2-s2.0-105045293902,Q3,X,tidak relevan pada tahap judul
1456,2-s2.0-105041310847,Q3,X,tidak relevan pada tahap judul
1457,2-s2.0-105034584116,Q3,X,tidak relevan pada tahap judul
1458,2-s2.0-105046652261,Q3,X,tidak relevan pada tahap judul
1459,2-s2.0-105042534570,Q3,X,tidak relevan pada tahap judul
1460,2-s2.0-105040802404,Q3,X,tidak relevan pada tahap judul
1461,2-s2.0-105040744121,Q3,X0,tipe dokumen dikeluarkan tahap 0
1462,2-s2.0-105023707203,Q3,X,tidak relevan pada tahap judul
1463,2-s2.0-105038118151,Q3,X,tidak relevan pada tahap judul
1464,2-s2.0-105042749030,Q3,X,tidak relevan pada tahap judul
1465,2-s2.0-105043374967,Q3,X,tidak relevan pada tahap judul
1466,2-s2.0-105032683131,Q3,I,
1467,2-s2.0-105025214846,Q3,X,tidak relevan pada tahap judul
1468,2-s2.0-105027761498,Q3,I,
1469,2-s2.0-105038626270,Q3,X,tidak relevan pada tahap judul
1470,2-s2.0-105032679859,Q3,X,tidak relevan pada tahap judul
1471,2-s2.0-105028941702,Q3,X,tidak relevan pada tahap judul
1472,2-s2.0-105030091563,Q3,I,
1473,2-s2.0-105031926536,Q3,X,tidak relevan pada tahap judul
1474,2-s2.0-105031442015,Q3,X,tidak relevan pada tahap judul
1475,2-s2.0-105025519928,Q3,I,
1476,2-s2.0-105044090235,Q3,X,tidak relevan pada tahap judul
1477,2-s2.0-105045951797,Q3,I,
1478,2-s2.0-105040654757,Q3,X,tidak relevan pada tahap judul
1479,2-s2.0-105040633760,Q3,X0,tipe dokumen dikeluarkan tahap 0
1480,2-s2.0-105033377016,Q3,I,
1481,2-s2.0-105041885771,Q3,I,
1482,2-s2.0-105037328272,Q3,I,
1483,2-s2.0-105034719344,Q3,I,
1484,2-s2.0-105022189559,Q3,X,tidak relevan pada tahap judul
1485,2-s2.0-105038358042,Q3,I,
1486,2-s2.0-105033383108,Q3,X,tidak relevan pada tahap judul
1487,2-s2.0-105046878723,Q3,X,tidak relevan pada tahap judul
1488,2-s2.0-105020648189,Q3,X,tidak relevan pada tahap judul
1489,2-s2.0-105031562331,Q3,I,dilanjutkan oleh pemeriksaan ulang putaran kedua (AI-2)
1490,2-s2.0-105019559676,Q3,X,tidak relevan pada tahap judul
1491,2-s2.0-105037353401,Q3,X0,tipe dokumen dikeluarkan tahap 0
1492,2-s2.0-105035119279,Q3,X,tidak relevan pada tahap judul
1493,2-s2.0-105030701534,Q3,X,tidak relevan pada tahap judul
1494,2-s2.0-105036149550,Q3,X,tidak relevan pada tahap judul
1495,2-s2.0-105032945899,Q3,X,tidak relevan pada tahap judul
1496,2-s2.0-105028699104,Q3,X,tidak relevan pada tahap judul
1497,2-s2.0-105051028153,Q3,X,tidak relevan pada tahap judul
1498,2-s2.0-105030060079,Q3,X,tidak relevan pada tahap judul
1499,2-s2.0-105039216861,Q3,I,
1500,2-s2.0-105051132330,Q3,X,tidak relevan pada tahap judul
1501,2-s2.0-105045922703,Q3,X,tidak relevan pada tahap judul
1502,2-s2.0-105035360411,Q3,X,tidak relevan pada tahap judul
1503,2-s2.0-105046999126,Q3,X,tidak relevan pada tahap judul
1504,2-s2.0-105035854145,Q3,X,tidak relevan pada tahap judul
1505,2-s2.0-105048193857,Q3,X,tidak relevan pada tahap judul
1506,2-s2.0-105033063515,Q3,X,tidak relevan pada tahap judul
1507,2-s2.0-85219082897,Q3,X,tidak relevan pada tahap judul
1508,2-s2.0-105007161243,Q3,X,tidak relevan pada tahap judul
1509,2-s2.0-105003808034,Q3,I,
1510,2-s2.0-105021114975,Q3,X,tidak relevan pada tahap judul
1511,2-s2.0-105017151738,Q3,X,tidak relevan pada tahap judul
1512,2-s2.0-105009730007,Q3,X,tidak relevan pada tahap judul
1513,2-s2.0-105025890346,Q3,I,
1514,2-s2.0-105023168785,Q3,X,tidak relevan pada tahap judul
1515,2-s2.0-105021413565,Q3,X,tidak relevan pada tahap judul
1516,2-s2.0-105021438803,Q3,X,tidak relevan pada tahap judul
1517,2-s2.0-105014945001,Q3,M,
1518,2-s2.0-105022276552,Q3,I,
1519,2-s2.0-105012281849,Q3,X,tidak relevan pada tahap judul
1520,2-s2.0-105004641443,Q3,X,tidak relevan pada tahap judul
1521,2-s2.0-105005419982,Q3,X0,tipe dokumen dikeluarkan tahap 0
1522,2-s2.0-105022257214,Q3,X,tidak relevan pada tahap judul
1523,2-s2.0-105019612220,Q3,X,tidak relevan pada tahap judul
1524,2-s2.0-105009694547,Q3,X,tidak relevan pada tahap judul
1525,2-s2.0-105020659382,Q3,X,tidak relevan pada tahap judul
1526,2-s2.0-105001691950,Q3,X,tidak relevan pada tahap judul
1527,2-s2.0-105009957383,Q3,X,tidak relevan pada tahap judul
1528,2-s2.0-105006848452,Q3,I,
1529,2-s2.0-85219216411,Q3,X,tidak relevan pada tahap judul
1530,2-s2.0-105009073349,Q3,I,
1531,2-s2.0-105010930153,Q3,X,tidak relevan pada tahap judul
1532,2-s2.0-105005284804,Q3,X,tidak relevan pada tahap judul
1533,2-s2.0-86000095639,Q3,X,tidak relevan pada tahap judul
1534,2-s2.0-105006678067,Q3,X,tidak relevan pada tahap judul
1535,2-s2.0-105003182567,Q3,I,
1536,2-s2.0-85216708254,Q3,I,
1537,2-s2.0-105001438889,Q3,M,
1538,2-s2.0-105003669174,Q3,X,tidak relevan pada tahap judul
1539,2-s2.0-105003993683,Q3,X,tidak relevan pada tahap judul
1540,2-s2.0-85217928623,Q3,X,tidak relevan pada tahap judul
1541,2-s2.0-105005235009,Q3,X,tidak relevan pada tahap judul
1542,2-s2.0-85216453308,Q3,X,tidak relevan pada tahap judul
1543,2-s2.0-105004373685,Q3,R,
1544,2-s2.0-105000996416,Q3,X,tidak relevan pada tahap judul
1545,2-s2.0-85213534647,Q3,R,
1546,2-s2.0-85211977454,Q3,X,tidak relevan pada tahap judul
1547,2-s2.0-105006711496,Q3,X,tidak relevan pada tahap judul
1548,2-s2.0-105000483065,Q3,X,tidak relevan pada tahap judul
1549,2-s2.0-85219066383,Q3,X,tidak relevan pada tahap judul
1550,2-s2.0-85218897482,Q3,M,
1551,2-s2.0-85217626872,Q3,X,tidak relevan pada tahap judul
1552,2-s2.0-85215003775,Q3,I,
1553,2-s2.0-85209815960,Q3,X,tidak relevan pada tahap judul
1554,2-s2.0-105033144726,Q3,I,
1555,2-s2.0-105035529855,Q3,I,
1556,2-s2.0-105001151424,Q3,I,
1557,2-s2.0-85218356002,Q3,I,
1558,2-s2.0-105034717933,Q3,I,
1559,2-s2.0-105037443466,Q3,M,
1560,2-s2.0-105019060176,Q3,I,
1561,2-s2.0-105031054595,Q3,I,
1562,2-s2.0-105019044547,Q3,X0,tipe dokumen dikeluarkan tahap 0
1563,2-s2.0-85197384719,Q3,R,
1564,2-s2.0-105022846176,Q3,X,tidak relevan pada tahap judul
1565,2-s2.0-105016905958,Q3,I,
1566,2-s2.0-105016844256,Q3,I,
1567,2-s2.0-105034369861,Q3,X,tidak relevan pada tahap judul
1568,2-s2.0-105012889161,Q3,X0,tipe dokumen dikeluarkan tahap 0
1569,2-s2.0-105031771560,Q3,X,tidak relevan pada tahap judul
1570,2-s2.0-105007160864,Q3,I,
1571,2-s2.0-105005634730,Q3,I,
1572,2-s2.0-105016191232,Q3,I,
1573,2-s2.0-105008649965,Q3,I,
1574,2-s2.0-105034887982,Q3,I,
1575,2-s2.0-105033360896,Q3,I,
1576,2-s2.0-105013866134,Q3,I,
1577,2-s2.0-105019383478,Q3,X,tidak relevan pada tahap judul
1578,2-s2.0-105028319512,Q3,X,tidak relevan pada tahap judul
1579,2-s2.0-105019767948,Q3,X,tidak relevan pada tahap judul
1580,2-s2.0-105002274876,Q3,I,
1581,2-s2.0-105037835898,Q3,X,tidak relevan pada tahap judul
1582,2-s2.0-105024999145,Q3,X,tidak relevan pada tahap judul
1583,2-s2.0-105034933980,Q3,M,
1584,2-s2.0-105031766028,Q3,X,tidak relevan pada tahap judul
1585,2-s2.0-85219176980,Q3,M,
1586,2-s2.0-105004178090,Q3,X,tidak relevan pada tahap judul
1587,2-s2.0-105034171637,Q3,I,
1588,2-s2.0-105006903133,Q3,X,tidak relevan pada tahap judul
1589,2-s2.0-105025417528,Q3,I,
1590,2-s2.0-105035343179,Q3,X,tidak relevan pada tahap judul
1591,2-s2.0-105025749379,Q3,X,tidak relevan pada tahap judul
1592,2-s2.0-105041767091,Q3,M,
1593,2-s2.0-105006912381,Q3,X,tidak relevan pada tahap judul
1594,2-s2.0-85217170918,Q3,X,tidak relevan pada tahap judul
1595,2-s2.0-105012517861,Q3,X,tidak relevan pada tahap judul
1596,2-s2.0-105003424023,Q3,X,tidak relevan pada tahap judul
1597,2-s2.0-105034714084,Q3,I,
1598,2-s2.0-85213861422,Q3,X,tidak relevan pada tahap judul
1599,2-s2.0-85206902448,Q3,X,tidak relevan pada tahap judul
1600,2-s2.0-85216665495,Q3,X,tidak relevan pada tahap judul
1601,2-s2.0-105034965043,Q3,X,tidak relevan pada tahap judul
1602,2-s2.0-105002078661,Q3,X,tidak relevan pada tahap judul
1603,2-s2.0-105002671514,Q3,X,tidak relevan pada tahap judul
1604,2-s2.0-105025425479,Q3,X,tidak relevan pada tahap judul
1605,2-s2.0-86000152076,Q3,X,tidak relevan pada tahap judul
1606,2-s2.0-85208023717,Q3,X,tidak relevan pada tahap judul
1607,2-s2.0-85213067421,Q3,I,
1608,2-s2.0-85205253694,Q3,I,
1609,2-s2.0-85211119444,Q3,I,
1610,2-s2.0-85204904759,Q3,X,tidak relevan pada tahap judul
1611,2-s2.0-85205446649,Q3,X,tidak relevan pada tahap judul
1612,2-s2.0-85212141870,Q3,X,tidak relevan pada tahap judul
1613,2-s2.0-105014947562,Q3,X,tidak relevan pada tahap judul
1614,2-s2.0-85195014879,Q3,X,tidak relevan pada tahap judul
1615,2-s2.0-85197314310,Q3,X,tidak relevan pada tahap judul
1616,2-s2.0-85210096348,Q3,X0,tipe dokumen dikeluarkan tahap 0
1617,2-s2.0-85216620034,Q3,X,tidak relevan pada tahap judul
1618,2-s2.0-85211597685,Q3,I,
1619,2-s2.0-85201323209,Q3,I,
1620,2-s2.0-105022622416,Q3,X,tidak relevan pada tahap judul
1621,2-s2.0-85195504623,Q3,X,tidak relevan pada tahap judul
1622,2-s2.0-85209109433,Q3,X,tidak relevan pada tahap judul
1623,2-s2.0-85195303209,Q3,X,tidak relevan pada tahap judul
1624,2-s2.0-85208426508,Q3,X,tidak relevan pada tahap judul
1625,2-s2.0-85206275050,Q3,X,tidak relevan pada tahap judul
1626,2-s2.0-85202735303,Q3,X,tidak relevan pada tahap judul
1627,2-s2.0-85188793693,Q3,X,tidak relevan pada tahap judul
1628,2-s2.0-85203664361,Q3,X,tidak relevan pada tahap judul
1629,2-s2.0-85209759755,Q3,R,
1630,2-s2.0-85204108674,Q3,X,tidak relevan pada tahap judul
1631,2-s2.0-85198152025,Q3,X,tidak relevan pada tahap judul
1632,2-s2.0-85208538656,Q3,X,tidak relevan pada tahap judul
1633,2-s2.0-85203141749,Q3,X,tidak relevan pada tahap judul
1634,2-s2.0-105037751733,Q3,X,tidak relevan pada tahap judul
1635,2-s2.0-85203968994,Q3,I,
1636,2-s2.0-85203968367,Q3,X,tidak relevan pada tahap judul
1637,2-s2.0-85204022165,Q3,X,tidak relevan pada tahap judul
1638,2-s2.0-85204003773,Q3,X,tidak relevan pada tahap judul
1639,2-s2.0-85204017513,Q3,I,
1640,2-s2.0-85204001586,Q3,X,tidak relevan pada tahap judul
1641,2-s2.0-85203989799,Q3,X,tidak relevan pada tahap judul
1642,2-s2.0-85203817060,Q3,X0,tipe dokumen dikeluarkan tahap 0
1643,2-s2.0-85202818096,Q3,X,tidak relevan pada tahap judul
1644,2-s2.0-85197573935,Q3,I,
1645,2-s2.0-85195888050,Q3,X,tidak relevan pada tahap judul
1646,2-s2.0-85199509837,Q3,X,tidak relevan pada tahap judul
1647,2-s2.0-85192693052,Q3,X,tidak relevan pada tahap judul
1648,2-s2.0-85200919002,Q3,X,tidak relevan pada tahap judul
1649,2-s2.0-85195548225,Q3,X,tidak relevan pada tahap judul
1650,2-s2.0-85196151012,Q3,X,tidak relevan pada tahap judul
1651,2-s2.0-85149592150,Q3,X,tidak relevan pada tahap judul
1652,2-s2.0-85171323793,Q3,X,tidak relevan pada tahap judul
1653,2-s2.0-85195438769,Q3,X,tidak relevan pada tahap judul
1654,2-s2.0-85193011596,Q3,X,tidak relevan pada tahap judul
1655,2-s2.0-85194708867,Q3,X0,tipe dokumen dikeluarkan tahap 0
1656,2-s2.0-85194403180,Q3,I,
1657,2-s2.0-85192801318,Q3,X,tidak relevan pada tahap judul
1658,2-s2.0-85176585208,Q3,X,tidak relevan pada tahap judul
1659,2-s2.0-85186221654,Q3,X,tidak relevan pada tahap judul
1660,2-s2.0-105003593942,Q3,X,tidak relevan pada tahap judul
1661,2-s2.0-85189244107,Q3,X,tidak relevan pada tahap judul
1662,2-s2.0-85188320191,Q3,X,tidak relevan pada tahap judul
1663,2-s2.0-85188468778,Q3,X,tidak relevan pada tahap judul
1664,2-s2.0-85188997999,Q3,X,tidak relevan pada tahap judul
1665,2-s2.0-85178429193,Q3,I,
1666,2-s2.0-85183480893,Q3,X,tidak relevan pada tahap judul
1667,2-s2.0-85188709778,Q3,X,tidak relevan pada tahap judul
1668,2-s2.0-85185804783,Q3,X,tidak relevan pada tahap judul
1669,2-s2.0-85185781898,Q3,X,tidak relevan pada tahap judul
1670,2-s2.0-85184155815,Q3,M,
1671,2-s2.0-85183190071,Q3,X,tidak relevan pada tahap judul
1672,2-s2.0-85182552252,Q3,X,tidak relevan pada tahap judul
1673,2-s2.0-85183597104,Q3,X,tidak relevan pada tahap judul
1674,2-s2.0-85179734540,Q3,X,tidak relevan pada tahap judul
1675,2-s2.0-85203125637,Q3,X,tidak relevan pada tahap judul
1676,2-s2.0-85200216507,Q3,X,tidak relevan pada tahap judul
1677,2-s2.0-85175973924,Q3,I,
1678,2-s2.0-105003533944,Q3,X,tidak relevan pada tahap judul
1679,2-s2.0-105012965559,Q3,I,
1680,2-s2.0-85207284803,Q3,X,tidak relevan pada tahap judul
1681,2-s2.0-105001030306,Q3,I,
1682,2-s2.0-85206472715,Q3,X0,tipe dokumen dikeluarkan tahap 0
1683,2-s2.0-85202621532,Q3,I,
1684,2-s2.0-85206492428,Q3,I,
1685,2-s2.0-105005025569,Q3,I,
1686,2-s2.0-85213016301,Q3,I,
1687,2-s2.0-85217201030,Q3,I,
1688,2-s2.0-85190988376,Q3,X,tidak relevan pada tahap judul
1689,2-s2.0-85216748814,Q3,R,
1690,2-s2.0-85200687896,Q3,X,tidak relevan pada tahap judul
1691,2-s2.0-85214674764,Q3,X,tidak relevan pada tahap judul
1692,2-s2.0-85206446529,Q3,X,tidak relevan pada tahap judul
1693,2-s2.0-85188356619,Q3,X,tidak relevan pada tahap judul
1694,2-s2.0-85176010700,Q3,X0,tipe dokumen dikeluarkan tahap 0
1695,2-s2.0-85195073674,Q3,R,
1696,2-s2.0-85197096289,Q3,M,
1697,2-s2.0-85208561506,Q3,X,tidak relevan pada tahap judul
1698,2-s2.0-105001502753,Q3,I,
1699,2-s2.0-85183980501,Q3,X,tidak relevan pada tahap judul
1700,2-s2.0-85190776011,Q3,I,
1701,2-s2.0-105002483449,Q3,R,
1702,2-s2.0-85214678756,Q3,I,
1703,2-s2.0-85203797883,Q3,X,tidak relevan pada tahap judul
1704,2-s2.0-85201574178,Q3,I,
1705,2-s2.0-105005944255,Q3,X,tidak relevan pada tahap judul
1706,2-s2.0-85215870102,Q3,X,tidak relevan pada tahap judul
1707,2-s2.0-85214711440,Q3,X0,tipe dokumen dikeluarkan tahap 0
1708,2-s2.0-85188324195,Q3,X,tidak relevan pada tahap judul
1709,2-s2.0-105003535821,Q3,X,tidak relevan pada tahap judul
1710,2-s2.0-85192816368,Q3,X,tidak relevan pada tahap judul
1711,2-s2.0-85214494886,Q3,X0,tipe dokumen dikeluarkan tahap 0
1712,2-s2.0-85184522633,Q3,X,tidak relevan pada tahap judul
1713,2-s2.0-85201784266,Q3,I,
1714,2-s2.0-85184801237,Q3,X,tidak relevan pada tahap judul
1715,2-s2.0-85201550922,Q3,X0,tipe dokumen dikeluarkan tahap 0
1716,2-s2.0-105002369644,Q3,I,
1717,2-s2.0-85202601313,Q3,X0,tipe dokumen dikeluarkan tahap 0
1718,2-s2.0-85192750243,Q3,X,tidak relevan pada tahap judul
1719,2-s2.0-85192785821,Q3,X,tidak relevan pada tahap judul
1720,2-s2.0-85199531530,Q3,X,tidak relevan pada tahap judul
1721,2-s2.0-85188356347,Q3,X,tidak relevan pada tahap judul
1722,2-s2.0-85190360793,Q3,X0,tipe dokumen dikeluarkan tahap 0
1723,2-s2.0-85205130599,Q3,X,tidak relevan pada tahap judul
1724,2-s2.0-85215988457,Q3,X0,tipe dokumen dikeluarkan tahap 0
1725,2-s2.0-85188304843,Q3,X,tidak relevan pada tahap judul
1726,2-s2.0-85189038941,Q3,X,tidak relevan pada tahap judul
1727,2-s2.0-105004110335,Q3,X,tidak relevan pada tahap judul
1728,2-s2.0-85208887608,Q3,X,tidak relevan pada tahap judul
1729,2-s2.0-85193831757,Q3,X,tidak relevan pada tahap judul
1730,2-s2.0-85194845351,Q3,X,tidak relevan pada tahap judul
1731,2-s2.0-85216032780,Q3,X,tidak relevan pada tahap judul
1732,2-s2.0-85216989719,Q3,X,tidak relevan pada tahap judul
1733,2-s2.0-85201803599,Q3,X,tidak relevan pada tahap judul
1734,2-s2.0-85212427863,Q3,X,tidak relevan pada tahap judul
1735,2-s2.0-85195902045,Q3,X,tidak relevan pada tahap judul
1736,2-s2.0-85213990546,Q3,X,tidak relevan pada tahap judul
1737,2-s2.0-85217244712,Q3,X,tidak relevan pada tahap judul
1738,2-s2.0-85210850297,Q3,X,tidak relevan pada tahap judul
1739,2-s2.0-85198573474,Q3,X,tidak relevan pada tahap judul
1740,2-s2.0-85208243040,Q3,X,tidak relevan pada tahap judul
1741,2-s2.0-85182758637,Q3,X,tidak relevan pada tahap judul
1742,2-s2.0-105003060864,Q3,I,
1743,2-s2.0-85177559900,Q3,I,
1744,2-s2.0-85187247508,Q3,R,
1745,2-s2.0-85147390182,Q3,I,
1746,2-s2.0-85175422551,Q3,X,tidak relevan pada tahap judul
1747,2-s2.0-85179083429,Q3,I,
1748,2-s2.0-85152399889,Q3,X,tidak relevan pada tahap judul
1749,2-s2.0-85161936073,Q3,X,tidak relevan pada tahap judul
1750,2-s2.0-85182146605,Q3,X,tidak relevan pada tahap judul
1751,2-s2.0-85167895435,Q3,X,tidak relevan pada tahap judul
1752,2-s2.0-85167837542,Q3,X,tidak relevan pada tahap judul
1753,2-s2.0-85173946656,Q3,X,tidak relevan pada tahap judul
1754,2-s2.0-85174575715,Q3,X,tidak relevan pada tahap judul
1755,2-s2.0-85135167730,Q3,X,tidak relevan pada tahap judul
1756,2-s2.0-85180331842,Q3,I,
1757,2-s2.0-85179871697,Q3,X,tidak relevan pada tahap judul
1758,2-s2.0-85169908110,Q3,X,tidak relevan pada tahap judul
1759,2-s2.0-85180090734,Q3,X,tidak relevan pada tahap judul
1760,2-s2.0-85171751601,Q3,X,tidak relevan pada tahap judul
1761,2-s2.0-85182395197,Q3,X,tidak relevan pada tahap judul
1762,2-s2.0-85169008970,Q3,X,tidak relevan pada tahap judul
1763,2-s2.0-85170424919,Q3,X,tidak relevan pada tahap judul
1764,2-s2.0-85164366660,Q3,X,tidak relevan pada tahap judul
1765,2-s2.0-85169457222,Q3,X,tidak relevan pada tahap judul
1766,2-s2.0-85176791330,Q3,I,
1767,2-s2.0-85184507441,Q3,I,dilanjutkan oleh pemeriksaan ulang putaran kedua (AI-2)
1768,2-s2.0-85125673932,Q3,X,tidak relevan pada tahap judul
1769,2-s2.0-85175051454,Q3,X,tidak relevan pada tahap judul
1770,2-s2.0-85163151308,Q3,X,tidak relevan pada tahap judul
1771,2-s2.0-85163210389,Q3,X,tidak relevan pada tahap judul
1772,2-s2.0-85173806568,Q3,X,tidak relevan pada tahap judul
1773,2-s2.0-85165981167,Q3,X,tidak relevan pada tahap judul
1774,2-s2.0-85176948932,Q3,X,tidak relevan pada tahap judul
1775,2-s2.0-85158000808,Q3,I,
1776,2-s2.0-85165002417,Q3,X,tidak relevan pada tahap judul
1777,2-s2.0-85163585833,Q3,X,tidak relevan pada tahap judul
1778,2-s2.0-85166151280,Q3,X,tidak relevan pada tahap judul
1779,2-s2.0-85161932209,Q3,X,tidak relevan pada tahap judul
1780,2-s2.0-85196630896,Q3,X,tidak relevan pada tahap judul
1781,2-s2.0-85153961759,Q3,X,tidak relevan pada tahap judul
1782,2-s2.0-85161450624,Q3,X,tidak relevan pada tahap judul
1783,2-s2.0-85160078732,Q3,I,
1784,2-s2.0-85152616387,Q3,X,tidak relevan pada tahap judul
1785,2-s2.0-85152413601,Q3,X,tidak relevan pada tahap judul
1786,2-s2.0-85150214208,Q3,X0,tipe dokumen dikeluarkan tahap 0
1787,2-s2.0-85151321794,Q3,X,tidak relevan pada tahap judul
1788,2-s2.0-105029123655,Q3,X,tidak relevan pada tahap judul
1789,2-s2.0-85161321093,Q3,X,tidak relevan pada tahap judul
1790,2-s2.0-85150941917,Q3,X,tidak relevan pada tahap judul
1791,2-s2.0-85149653185,Q3,X,tidak relevan pada tahap judul
1792,2-s2.0-85148855019,Q3,X,tidak relevan pada tahap judul
1793,2-s2.0-85138779146,Q3,X,tidak relevan pada tahap judul
1794,2-s2.0-85146682976,Q3,X,tidak relevan pada tahap judul
1795,2-s2.0-85177467805,Q3,I,
1796,2-s2.0-85146704652,Q3,R,
1797,2-s2.0-85166196801,Q3,R,
1798,2-s2.0-85161412950,Q3,I,
1799,2-s2.0-85163211911,Q3,I,
1800,2-s2.0-105025756490,Q3,I,
1801,2-s2.0-85183464075,Q3,I,
1802,2-s2.0-85182743011,Q3,X,tidak relevan pada tahap judul
1803,2-s2.0-85167333599,Q3,X,tidak relevan pada tahap judul
1804,2-s2.0-85146683543,Q3,M,
1805,2-s2.0-85147426818,Q3,I,
1806,2-s2.0-85183539823,Q3,I,
1807,2-s2.0-85163090487,Q3,M,
1808,2-s2.0-85159084260,Q3,X,tidak relevan pada tahap judul
1809,2-s2.0-85180198270,Q3,X,tidak relevan pada tahap judul
1810,2-s2.0-85167927935,Q3,X,tidak relevan pada tahap judul
1811,2-s2.0-85164725550,Q3,X,tidak relevan pada tahap judul
1812,2-s2.0-85168364429,Q3,X,tidak relevan pada tahap judul
1813,2-s2.0-85164570018,Q3,X,tidak relevan pada tahap judul
1814,2-s2.0-85169843550,Q3,X,tidak relevan pada tahap judul
1815,2-s2.0-85149707945,Q3,X,tidak relevan pada tahap judul
1816,2-s2.0-85146758665,Q3,X,tidak relevan pada tahap judul
1817,2-s2.0-85147374088,Q3,X,tidak relevan pada tahap judul
1818,2-s2.0-105012102573,Q3,X,tidak relevan pada tahap judul
1819,2-s2.0-85172894524,Q3,X,tidak relevan pada tahap judul
1820,2-s2.0-85205166856,Q3,X,tidak relevan pada tahap judul
1821,2-s2.0-85170179145,Q3,X,tidak relevan pada tahap judul
1822,2-s2.0-85175633988,Q3,I,
1823,2-s2.0-85151067007,Q3,X0,tipe dokumen dikeluarkan tahap 0
1824,2-s2.0-85144589190,Q3,X,tidak relevan pada tahap judul
1825,2-s2.0-85149149900,Q3,X,tidak relevan pada tahap judul
1826,2-s2.0-85146240809,Q3,X,tidak relevan pada tahap judul
1827,2-s2.0-85151867306,Q3,X,tidak relevan pada tahap judul
1828,2-s2.0-85140044062,Q3,X,tidak relevan pada tahap judul
1829,2-s2.0-85121127583,Q3,X,tidak relevan pada tahap judul
1830,2-s2.0-85143636348,Q3,X,tidak relevan pada tahap judul
1831,2-s2.0-85143800626,Q3,X,tidak relevan pada tahap judul
1832,2-s2.0-85137851041,Q3,X,tidak relevan pada tahap judul
1833,2-s2.0-85175649851,Q3,X,tidak relevan pada tahap judul
1834,2-s2.0-85133628105,Q3,X,tidak relevan pada tahap judul
1835,2-s2.0-85143068792,Q3,X,tidak relevan pada tahap judul
1836,2-s2.0-85141768886,Q3,I,
1837,2-s2.0-85137582157,Q3,X,tidak relevan pada tahap judul
1838,2-s2.0-85140319843,Q3,X,tidak relevan pada tahap judul
1839,2-s2.0-85139973888,Q3,X,tidak relevan pada tahap judul
1840,2-s2.0-85140386661,Q3,X,tidak relevan pada tahap judul
1841,2-s2.0-85139133543,Q3,I,
1842,2-s2.0-85135689479,Q3,X,tidak relevan pada tahap judul
1843,2-s2.0-85138399889,Q3,X,tidak relevan pada tahap judul
1844,2-s2.0-85141787434,Q3,I,
1845,2-s2.0-85137324125,Q3,X,tidak relevan pada tahap judul
1846,2-s2.0-85139768688,Q3,X,tidak relevan pada tahap judul
1847,2-s2.0-85138077940,Q3,X,tidak relevan pada tahap judul
1848,2-s2.0-85131543059,Q3,X,tidak relevan pada tahap judul
1849,2-s2.0-105008789791,Q3,X,tidak relevan pada tahap judul
1850,2-s2.0-85139133064,Q3,X,tidak relevan pada tahap judul
1851,2-s2.0-85131436430,Q3,X,tidak relevan pada tahap judul
1852,2-s2.0-85136806023,Q3,X,tidak relevan pada tahap judul
1853,2-s2.0-85135178459,Q3,X,tidak relevan pada tahap judul
1854,2-s2.0-85133665666,Q3,X,tidak relevan pada tahap judul
1855,2-s2.0-85104262061,Q3,I,
1856,2-s2.0-85087316095,Q3,X,tidak relevan pada tahap judul
1857,2-s2.0-85129548139,Q3,X,tidak relevan pada tahap judul
1858,2-s2.0-85131913902,Q3,I,
1859,2-s2.0-85127133059,Q3,X,tidak relevan pada tahap judul
1860,2-s2.0-85127073690,Q3,X,tidak relevan pada tahap judul
1861,2-s2.0-85126216173,Q3,X,tidak relevan pada tahap judul
1862,2-s2.0-85135766642,Q3,X,tidak relevan pada tahap judul
1863,2-s2.0-85191260681,Q3,X,tidak relevan pada tahap judul
1864,2-s2.0-85128422833,Q3,X,tidak relevan pada tahap judul
1865,2-s2.0-85121989040,Q3,X,tidak relevan pada tahap judul
1866,2-s2.0-85129537831,Q3,X,tidak relevan pada tahap judul
1867,2-s2.0-85136793377,Q3,I,
1868,2-s2.0-85126361849,Q3,X,tidak relevan pada tahap judul
1869,2-s2.0-85122154672,Q3,X,tidak relevan pada tahap judul
1870,2-s2.0-85124873787,Q3,X,tidak relevan pada tahap judul
1871,2-s2.0-85124386740,Q3,X,tidak relevan pada tahap judul
1872,2-s2.0-85122144753,Q3,M,
1873,2-s2.0-85130978735,Q3,X,tidak relevan pada tahap judul
1874,2-s2.0-85123556748,Q3,X,tidak relevan pada tahap judul
1875,2-s2.0-85124088771,Q3,X,tidak relevan pada tahap judul
1876,2-s2.0-85124082828,Q3,X,tidak relevan pada tahap judul
1877,2-s2.0-85123829204,Q3,X,tidak relevan pada tahap judul
1878,2-s2.0-85164629157,Q3,X,tidak relevan pada tahap judul
1879,2-s2.0-85135620789,Q3,I,
1880,2-s2.0-85134725510,Q3,I,
1881,2-s2.0-85128474742,Q3,X,tidak relevan pada tahap judul
1882,2-s2.0-85142255252,Q3,I,
1883,2-s2.0-85137906904,Q3,I,
1884,2-s2.0-85151394301,Q3,I,
1885,2-s2.0-85141816933,Q3,I,
1886,2-s2.0-85144773216,Q3,X,tidak relevan pada tahap judul
1887,2-s2.0-85132730839,Q3,X,tidak relevan pada tahap judul
1888,2-s2.0-85133550915,Q3,X,tidak relevan pada tahap judul
1889,2-s2.0-85142211040,Q3,X,tidak relevan pada tahap judul
1890,2-s2.0-85128480306,Q3,X0,tipe dokumen dikeluarkan tahap 0
1891,2-s2.0-85138710579,Q3,I,
1892,2-s2.0-85122016382,Q3,X,tidak relevan pada tahap judul
1893,2-s2.0-85141425364,Q3,I,
1894,2-s2.0-85135442259,Q3,X,tidak relevan pada tahap judul
1895,2-s2.0-105013494549,Q3,X,tidak relevan pada tahap judul
1896,2-s2.0-85134770189,Q3,X,tidak relevan pada tahap judul
1897,2-s2.0-85134733039,Q3,X,tidak relevan pada tahap judul
1898,2-s2.0-85134271192,Q3,X,tidak relevan pada tahap judul
1899,2-s2.0-85128258667,Q3,X,tidak relevan pada tahap judul
1900,2-s2.0-85135452067,Q3,X,tidak relevan pada tahap judul
1901,2-s2.0-85161135027,Q3,X,tidak relevan pada tahap judul
1902,2-s2.0-85137526438,Q3,X,tidak relevan pada tahap judul
1903,2-s2.0-85140027839,Q3,X,tidak relevan pada tahap judul
1904,2-s2.0-85117065202,Q3,X,tidak relevan pada tahap judul
1905,2-s2.0-85146505941,Q3,X,tidak relevan pada tahap judul
1906,2-s2.0-85122279705,Q3,X,tidak relevan pada tahap judul
1907,2-s2.0-85146229359,Q3,X,tidak relevan pada tahap judul
1908,2-s2.0-85136230575,Q3,X,tidak relevan pada tahap judul
1909,2-s2.0-85144076554,Q3,X,tidak relevan pada tahap judul
1910,2-s2.0-85127162032,Q3,X,tidak relevan pada tahap judul
1911,2-s2.0-85128723977,Q3,X,tidak relevan pada tahap judul
1912,2-s2.0-85132828552,Q3,X,tidak relevan pada tahap judul
1913,2-s2.0-85128263124,Q3,X,tidak relevan pada tahap judul
1914,2-s2.0-85130591630,Q3,X,tidak relevan pada tahap judul
1915,2-s2.0-85148961587,Q3,X,tidak relevan pada tahap judul
1916,2-s2.0-85142793316,Q3,X,tidak relevan pada tahap judul
1917,2-s2.0-85111386790,Q3,X,tidak relevan pada tahap judul
1918,2-s2.0-85141512105,Q3,X,tidak relevan pada tahap judul
1919,2-s2.0-85129612558,Q3,X,tidak relevan pada tahap judul
1920,2-s2.0-85122430152,Q3,X,tidak relevan pada tahap judul
1921,2-s2.0-85129179910,Q3,X,tidak relevan pada tahap judul
1922,2-s2.0-85111204354,Q3,X,tidak relevan pada tahap judul
1923,2-s2.0-85111646446,Q3,X,tidak relevan pada tahap judul
1924,2-s2.0-85125830917,Q3,X,tidak relevan pada tahap judul
1925,2-s2.0-85121480844,Q3,X,tidak relevan pada tahap judul
1926,2-s2.0-85120059585,Q3,X,tidak relevan pada tahap judul
1927,2-s2.0-85115235519,Q3,X,tidak relevan pada tahap judul
1928,2-s2.0-85122252863,Q3,X,tidak relevan pada tahap judul
1929,2-s2.0-85117199403,Q3,X,tidak relevan pada tahap judul
1930,2-s2.0-85100392899,Q3,X,tidak relevan pada tahap judul
1931,2-s2.0-85122238427,Q3,X,tidak relevan pada tahap judul
1932,2-s2.0-85126601504,Q3,X,tidak relevan pada tahap judul
1933,2-s2.0-85103041251,Q3,X,tidak relevan pada tahap judul
1934,2-s2.0-85131096885,Q3,X,tidak relevan pada tahap judul
1935,2-s2.0-85101761464,Q3,X,tidak relevan pada tahap judul
1936,2-s2.0-85121826561,Q3,X,tidak relevan pada tahap judul
1937,2-s2.0-85120851444,Q3,X,tidak relevan pada tahap judul
1938,2-s2.0-85110345873,Q3,X,tidak relevan pada tahap judul
1939,2-s2.0-85119258968,Q3,X,tidak relevan pada tahap judul
1940,2-s2.0-105008709313,Q3,I,
1941,2-s2.0-85118548195,Q3,X,tidak relevan pada tahap judul
1942,2-s2.0-85112375963,Q3,X,tidak relevan pada tahap judul
1943,2-s2.0-85118526903,Q3,X,tidak relevan pada tahap judul
1944,2-s2.0-85121364250,Q3,X,tidak relevan pada tahap judul
1945,2-s2.0-85119291049,Q3,X,tidak relevan pada tahap judul
1946,2-s2.0-85118721892,Q3,X,tidak relevan pada tahap judul
1947,2-s2.0-85112592385,Q3,X,tidak relevan pada tahap judul
1948,2-s2.0-85117321909,Q3,X,tidak relevan pada tahap judul
1949,2-s2.0-85109411684,Q3,X,tidak relevan pada tahap judul
1950,2-s2.0-85119609751,Q3,X,tidak relevan pada tahap judul
1951,2-s2.0-85120846621,Q3,X,tidak relevan pada tahap judul
1952,2-s2.0-85116408825,Q3,X,tidak relevan pada tahap judul
1953,2-s2.0-85112484819,Q3,I,
1954,2-s2.0-85114348669,Q3,R,
1955,2-s2.0-85106692137,Q3,X,tidak relevan pada tahap judul
1956,2-s2.0-85141273572,Q3,X,tidak relevan pada tahap judul
1957,2-s2.0-85107143263,Q3,X,tidak relevan pada tahap judul
1958,2-s2.0-85106215771,Q3,I,
1959,2-s2.0-85117440681,Q3,I,
1960,2-s2.0-85116155196,Q3,I,
1961,2-s2.0-85095724689,Q3,X,tidak relevan pada tahap judul
1962,2-s2.0-85103786302,Q3,X,tidak relevan pada tahap judul
1963,2-s2.0-85102614599,Q3,M,
1964,2-s2.0-85110407306,Q3,X,tidak relevan pada tahap judul
1965,2-s2.0-85112491002,Q3,I,
1966,2-s2.0-85109373684,Q3,X,tidak relevan pada tahap judul
1967,2-s2.0-85109163339,Q3,X,tidak relevan pada tahap judul
1968,2-s2.0-85112518517,Q3,X,tidak relevan pada tahap judul
1969,2-s2.0-85112580223,Q3,X,tidak relevan pada tahap judul
1970,2-s2.0-85105453736,Q3,X,tidak relevan pada tahap judul
1971,2-s2.0-85105705308,Q3,X,tidak relevan pada tahap judul
1972,2-s2.0-85110352194,Q3,X,tidak relevan pada tahap judul
1973,2-s2.0-85116519985,Q3,X,tidak relevan pada tahap judul
1974,2-s2.0-85113856247,Q3,I,
1975,2-s2.0-85107229614,Q3,M,
1976,2-s2.0-85107179189,Q3,I,
1977,2-s2.0-85107208013,Q3,X,tidak relevan pada tahap judul
1978,2-s2.0-85098989270,Q3,X,tidak relevan pada tahap judul
1979,2-s2.0-85106578753,Q3,X0,tipe dokumen dikeluarkan tahap 0
1980,2-s2.0-85105399845,Q3,X,tidak relevan pada tahap judul
1981,2-s2.0-85104884874,Q3,X,tidak relevan pada tahap judul
1982,2-s2.0-85103235139,Q3,X,tidak relevan pada tahap judul
1983,2-s2.0-85103582809,Q3,X,tidak relevan pada tahap judul
1984,2-s2.0-85103535270,Q3,X,tidak relevan pada tahap judul
1985,2-s2.0-85103370510,Q3,X,tidak relevan pada tahap judul
1986,2-s2.0-85098513638,Q3,X,tidak relevan pada tahap judul
1987,2-s2.0-85109864270,Q3,X,tidak relevan pada tahap judul
1988,2-s2.0-85112834185,Q3,X,tidak relevan pada tahap judul
1989,2-s2.0-85098503247,Q3,X,tidak relevan pada tahap judul
1990,2-s2.0-85097039329,Q3,X,tidak relevan pada tahap judul
1991,2-s2.0-85101669446,Q3,I,dilanjutkan oleh pemeriksaan ulang putaran kedua (AI-2)
1992,2-s2.0-85101710169,Q3,I,
1993,2-s2.0-85101712027,Q3,I,
1994,2-s2.0-85102687943,Q3,X,tidak relevan pada tahap judul
1995,2-s2.0-85091582670,Q3,X,tidak relevan pada tahap judul
1996,2-s2.0-85094327191,Q3,X,tidak relevan pada tahap judul
1997,2-s2.0-85112610957,Q3,X,tidak relevan pada tahap judul
1998,2-s2.0-85114205316,Q3,X,tidak relevan pada tahap judul
1999,2-s2.0-85115138153,Q3,X,tidak relevan pada tahap judul
2000,2-s2.0-85121518692,Q3,X,tidak relevan pada tahap judul
2001,2-s2.0-85122873362,Q3,I,
2002,2-s2.0-85104315334,Q3,X,tidak relevan pada tahap judul
2003,2-s2.0-85176137927,Q3,I,
2004,2-s2.0-85091267310,Q3,X,tidak relevan pada tahap judul
2005,2-s2.0-85122276427,Q3,X,tidak relevan pada tahap judul
2006,2-s2.0-85101963621,Q3,X,tidak relevan pada tahap judul
2007,2-s2.0-85105548722,Q3,X,tidak relevan pada tahap judul
2008,2-s2.0-85118544434,Q3,X,tidak relevan pada tahap judul
2009,2-s2.0-85103775363,Q3,X,tidak relevan pada tahap judul
2010,2-s2.0-85133898663,Q3,X,tidak relevan pada tahap judul
2011,2-s2.0-85108325472,Q3,X,tidak relevan pada tahap judul
2012,2-s2.0-85118990593,Q3,X,tidak relevan pada tahap judul
2013,2-s2.0-85120722602,Q3,X,tidak relevan pada tahap judul
2014,2-s2.0-85129652425,Q3,X,tidak relevan pada tahap judul
2015,2-s2.0-85124891591,Q3,X0,tipe dokumen dikeluarkan tahap 0
2016,2-s2.0-85142041388,Q3,X0,tipe dokumen dikeluarkan tahap 0
2017,2-s2.0-85096539096,Q3,X0,tipe dokumen dikeluarkan tahap 0
2018,2-s2.0-85100041734,Q3,X,tidak relevan pada tahap judul
2019,2-s2.0-85098484833,Q3,X,tidak relevan pada tahap judul
2020,2-s2.0-85098776736,Q3,X,tidak relevan pada tahap judul
2021,2-s2.0-85099754638,Q3,X,tidak relevan pada tahap judul
2022,2-s2.0-85087486517,Q3,X,tidak relevan pada tahap judul
2023,2-s2.0-85098761030,Q3,X,tidak relevan pada tahap judul
2024,2-s2.0-85097423035,Q3,X,tidak relevan pada tahap judul
2025,2-s2.0-85084251969,Q3,X,tidak relevan pada tahap judul
2026,2-s2.0-85103741701,Q3,M,
2027,2-s2.0-85090239942,Q3,X,tidak relevan pada tahap judul
2028,2-s2.0-85099298886,Q3,I,
2029,2-s2.0-85102012983,Q3,X,tidak relevan pada tahap judul
2030,2-s2.0-85091228262,Q3,X,tidak relevan pada tahap judul
2031,2-s2.0-85096396214,Q3,X0,tipe dokumen dikeluarkan tahap 0
2032,2-s2.0-85092654489,Q3,X,tidak relevan pada tahap judul
2033,2-s2.0-85089654323,Q3,X,tidak relevan pada tahap judul
2034,2-s2.0-85092648014,Q3,X,tidak relevan pada tahap judul
2035,2-s2.0-85091329774,Q3,X,tidak relevan pada tahap judul
2036,2-s2.0-85091946061,Q3,X,tidak relevan pada tahap judul
2037,2-s2.0-85095735021,Q3,X,tidak relevan pada tahap judul
2038,2-s2.0-85093890209,Q3,X,tidak relevan pada tahap judul
2039,2-s2.0-85094204212,Q3,X,tidak relevan pada tahap judul
2040,2-s2.0-85085376967,Q3,X,tidak relevan pada tahap judul
2041,2-s2.0-85090777218,Q3,X,tidak relevan pada tahap judul
2042,2-s2.0-85090823594,Q3,X,tidak relevan pada tahap judul
2043,2-s2.0-85090852163,Q3,X,tidak relevan pada tahap judul
2044,2-s2.0-85090113913,Q3,X,tidak relevan pada tahap judul
2045,2-s2.0-85090122746,Q3,I,
2046,2-s2.0-85108600249,Q3,X,tidak relevan pada tahap judul
2047,2-s2.0-85083888482,Q3,X,tidak relevan pada tahap judul
2048,2-s2.0-85090599537,Q3,X,tidak relevan pada tahap judul
2049,2-s2.0-85088912504,Q3,X,tidak relevan pada tahap judul
2050,2-s2.0-85089064111,Q3,I,
2051,2-s2.0-85087645518,Q3,X,tidak relevan pada tahap judul
2052,2-s2.0-85087543941,Q3,X,tidak relevan pada tahap judul
2053,2-s2.0-85078985414,Q3,X,tidak relevan pada tahap judul
2054,2-s2.0-85086410448,Q3,X,tidak relevan pada tahap judul
2055,2-s2.0-85096401039,Q3,I,
2056,2-s2.0-85091392659,Q3,I,
2057,2-s2.0-85085749853,Q3,X,tidak relevan pada tahap judul
2058,2-s2.0-85082959645,Q3,X,tidak relevan pada tahap judul
2059,2-s2.0-85078452058,Q3,X,tidak relevan pada tahap judul
2060,2-s2.0-85084173369,Q3,X,tidak relevan pada tahap judul
2061,2-s2.0-85128130243,Q3,X,tidak relevan pada tahap judul
2062,2-s2.0-85078681656,Q3,X,tidak relevan pada tahap judul
2063,2-s2.0-85083545550,Q3,X,tidak relevan pada tahap judul
2064,2-s2.0-85055427862,Q3,X,tidak relevan pada tahap judul
2065,2-s2.0-85077976205,Q3,X,tidak relevan pada tahap judul
2066,2-s2.0-85083035530,Q3,X,tidak relevan pada tahap judul
2067,2-s2.0-85083116712,Q3,X,tidak relevan pada tahap judul
2068,2-s2.0-85083105631,Q3,X0,tipe dokumen dikeluarkan tahap 0
2069,2-s2.0-85082576183,Q3,I,
2070,2-s2.0-85078287353,Q3,X,tidak relevan pada tahap judul
2071,2-s2.0-85080901474,Q3,X,tidak relevan pada tahap judul
2072,2-s2.0-85083259937,Q3,M,
2073,2-s2.0-85083272171,Q3,X0,tipe dokumen dikeluarkan tahap 0
2074,2-s2.0-85075356620,Q3,I,
2075,2-s2.0-85078215802,Q3,I,
2076,2-s2.0-85085513415,Q3,I,
2077,2-s2.0-85085786832,Q3,X0,tipe dokumen dikeluarkan tahap 0
2078,2-s2.0-85078221740,Q3,I,dilanjutkan oleh pemeriksaan ulang putaran kedua (AI-2)
2079,2-s2.0-85074576468,Q3,X,tidak relevan pada tahap judul
2080,2-s2.0-85078993991,Q3,X,tidak relevan pada tahap judul
2081,2-s2.0-85107184877,Q3,X,tidak relevan pada tahap judul
2082,2-s2.0-85092740411,Q3,X,tidak relevan pada tahap judul
2083,2-s2.0-85077509021,Q3,X,tidak relevan pada tahap judul
2084,2-s2.0-85098288192,Q3,X,tidak relevan pada tahap judul
2085,2-s2.0-85081599220,Q3,X,tidak relevan pada tahap judul
2086,2-s2.0-85097609875,Q3,X,tidak relevan pada tahap judul
2087,2-s2.0-85190667241,Q3,X,tidak relevan pada tahap judul
2088,2-s2.0-85113197125,Q3,X,tidak relevan pada tahap judul
2089,2-s2.0-85082169735,Q3,X,tidak relevan pada tahap judul
2090,2-s2.0-85076441152,Q3,X,tidak relevan pada tahap judul
2091,2-s2.0-85067671264,Q3,X,tidak relevan pada tahap judul
2092,2-s2.0-85088467821,Q3,X,tidak relevan pada tahap judul
2093,2-s2.0-85083361062,Q3,X,tidak relevan pada tahap judul
2094,2-s2.0-85104983489,Q3,X,tidak relevan pada tahap judul
2095,2-s2.0-85083370154,Q3,X,tidak relevan pada tahap judul
2096,2-s2.0-85083359227,Q3,X,tidak relevan pada tahap judul
2097,2-s2.0-85075117326,Q3,X,tidak relevan pada tahap judul
2098,2-s2.0-85086820234,Q3,X,tidak relevan pada tahap judul
2099,2-s2.0-85078121820,Q3,X,tidak relevan pada tahap judul
2100,2-s2.0-85075814451,Q3,X,tidak relevan pada tahap judul
2101,2-s2.0-85078043217,Q3,X,tidak relevan pada tahap judul
2102,2-s2.0-85076542240,Q3,X,tidak relevan pada tahap judul
2103,2-s2.0-85076283523,Q3,X,tidak relevan pada tahap judul
2104,2-s2.0-85076581601,Q3,X,tidak relevan pada tahap judul
2105,2-s2.0-85074636360,Q3,X,tidak relevan pada tahap judul
2106,2-s2.0-85073532622,Q3,X,tidak relevan pada tahap judul
2107,2-s2.0-85125612737,Q3,X,tidak relevan pada tahap judul
2108,2-s2.0-85073445684,Q3,X0,tipe dokumen dikeluarkan tahap 0
2109,2-s2.0-85074640152,Q3,X,tidak relevan pada tahap judul
2110,2-s2.0-85074634312,Q3,X,tidak relevan pada tahap judul
2111,2-s2.0-85062719366,Q3,X,tidak relevan pada tahap judul
2112,2-s2.0-85080950325,Q3,I,
2113,2-s2.0-85081057122,Q3,I,
2114,2-s2.0-85073257650,Q3,X,tidak relevan pada tahap judul
2115,2-s2.0-85072674216,Q3,X,tidak relevan pada tahap judul
2116,2-s2.0-85077591350,Q3,X,tidak relevan pada tahap judul
2117,2-s2.0-85074144555,Q3,X,tidak relevan pada tahap judul
2118,2-s2.0-85072604309,Q3,X,tidak relevan pada tahap judul
2119,2-s2.0-85073432724,Q3,X,tidak relevan pada tahap judul
2120,2-s2.0-85062692512,Q3,X,tidak relevan pada tahap judul
2121,2-s2.0-85114049532,Q3,X,tidak relevan pada tahap judul
2122,2-s2.0-85068617163,Q3,X,tidak relevan pada tahap judul
2123,2-s2.0-85071836536,Q3,I,
2124,2-s2.0-85066286850,Q3,X,tidak relevan pada tahap judul
2125,2-s2.0-85078428943,Q3,I,
2126,2-s2.0-85062422969,Q3,X,tidak relevan pada tahap judul
2127,2-s2.0-85071615408,Q3,X,tidak relevan pada tahap judul
2128,2-s2.0-85075952273,Q3,X,tidak relevan pada tahap judul
2129,2-s2.0-85071506697,Q3,X,tidak relevan pada tahap judul
2130,2-s2.0-85069044293,Q3,X,tidak relevan pada tahap judul
2131,2-s2.0-85068729606,Q3,X,tidak relevan pada tahap judul
2132,2-s2.0-85062175012,Q3,X,tidak relevan pada tahap judul
2133,2-s2.0-85060868807,Q3,X,tidak relevan pada tahap judul
2134,2-s2.0-85061572941,Q3,X,tidak relevan pada tahap judul
2135,2-s2.0-85066439144,Q3,X,tidak relevan pada tahap judul
2136,2-s2.0-85064858945,Q3,X,tidak relevan pada tahap judul
2137,2-s2.0-85065853354,Q3,M,
2138,2-s2.0-85060766536,Q3,X,tidak relevan pada tahap judul
2139,2-s2.0-85062789890,Q3,X,tidak relevan pada tahap judul
2140,2-s2.0-85063462856,Q3,X,tidak relevan pada tahap judul
2141,2-s2.0-85062827910,Q3,X,tidak relevan pada tahap judul
2142,2-s2.0-85062147910,Q3,X,tidak relevan pada tahap judul
2143,2-s2.0-85052910677,Q3,X,tidak relevan pada tahap judul
2144,2-s2.0-85061662133,Q3,X0,tipe dokumen dikeluarkan tahap 0
2145,2-s2.0-85061326616,Q3,X,tidak relevan pada tahap judul
2146,2-s2.0-85055729492,Q3,X,tidak relevan pada tahap judul
2147,2-s2.0-85060947078,Q3,X,tidak relevan pada tahap judul
2148,2-s2.0-85040986899,Q3,X,tidak relevan pada tahap judul
2149,2-s2.0-85068007855,Q3,X,tidak relevan pada tahap judul
2150,2-s2.0-85074892010,Q3,X,tidak relevan pada tahap judul
2151,2-s2.0-85071069129,Q3,X,tidak relevan pada tahap judul
2152,2-s2.0-85078219171,Q3,X,tidak relevan pada tahap judul
2153,2-s2.0-85056086778,Q3,X,tidak relevan pada tahap judul
2154,2-s2.0-85100557998,Q3,X0,tipe dokumen dikeluarkan tahap 0
2155,2-s2.0-85149582354,Q3,X,tidak relevan pada tahap judul
2156,2-s2.0-85073458593,Q3,X,tidak relevan pada tahap judul
2157,2-s2.0-85062274391,Q3,X,tidak relevan pada tahap judul
2158,2-s2.0-85065504495,Q3,X,tidak relevan pada tahap judul
2159,2-s2.0-85060185434,Q3,X,tidak relevan pada tahap judul
2160,2-s2.0-85079622358,Q3,X,tidak relevan pada tahap judul
2161,2-s2.0-85052339538,Q3,X,tidak relevan pada tahap judul
2162,2-s2.0-85068718650,Q3,X,tidak relevan pada tahap judul
2163,2-s2.0-85074166047,Q3,X,tidak relevan pada tahap judul
2164,2-s2.0-85071659392,Q3,X,tidak relevan pada tahap judul
2165,2-s2.0-85082880508,Q3,X,tidak relevan pada tahap judul
2166,2-s2.0-85073237642,Q3,X,tidak relevan pada tahap judul
2167,2-s2.0-85059508053,Q3,X,tidak relevan pada tahap judul
2168,2-s2.0-85059062298,Q3,X,tidak relevan pada tahap judul
2169,2-s2.0-85058351208,Q3,I,
2170,2-s2.0-85041559979,Q3,X,tidak relevan pada tahap judul
2171,2-s2.0-85053635288,Q3,X,tidak relevan pada tahap judul
2172,2-s2.0-85053252563,Q3,X,tidak relevan pada tahap judul
2173,2-s2.0-85045832885,Q3,X,tidak relevan pada tahap judul
2174,2-s2.0-85059638643,Q3,X,tidak relevan pada tahap judul
2175,2-s2.0-85058209499,Q3,I,
2176,2-s2.0-85057330686,Q3,X,tidak relevan pada tahap judul
2177,2-s2.0-85049857054,Q3,X,tidak relevan pada tahap judul
2178,2-s2.0-85058492501,Q3,X,tidak relevan pada tahap judul
2179,2-s2.0-85058452116,Q3,X0,tipe dokumen dikeluarkan tahap 0
2180,2-s2.0-85060724593,Q3,X,tidak relevan pada tahap judul
2181,2-s2.0-105038114108,Q3,X,tidak relevan pada tahap judul
2182,2-s2.0-85050340639,Q3,X,tidak relevan pada tahap judul
2183,2-s2.0-85052612651,Q3,X,tidak relevan pada tahap judul
2184,2-s2.0-85057502825,Q3,X,tidak relevan pada tahap judul
2185,2-s2.0-85017111539,Q3,X,tidak relevan pada tahap judul
2186,2-s2.0-85053803158,Q3,X,tidak relevan pada tahap judul
2187,2-s2.0-85062797274,Q3,R,
2188,2-s2.0-85054534457,Q3,X,tidak relevan pada tahap judul
2189,2-s2.0-85054523673,Q3,X0,tipe dokumen dikeluarkan tahap 0
2190,2-s2.0-85048203127,Q3,I,
2191,2-s2.0-85052140678,Q3,X,tidak relevan pada tahap judul
2192,2-s2.0-85051935982,Q3,I,
2193,2-s2.0-85048826135,Q3,X,tidak relevan pada tahap judul
2194,2-s2.0-85051045883,Q3,X,tidak relevan pada tahap judul
2195,2-s2.0-85050014187,Q3,X,tidak relevan pada tahap judul
2196,2-s2.0-85061489460,Q3,X,tidak relevan pada tahap judul
2197,2-s2.0-105038103300,Q3,X,tidak relevan pada tahap judul
2198,2-s2.0-85049367906,Q3,X,tidak relevan pada tahap judul
2199,2-s2.0-85041808055,Q3,X,tidak relevan pada tahap judul
2200,2-s2.0-85049784761,Q3,X,tidak relevan pada tahap judul
2201,2-s2.0-85045147480,Q3,X,tidak relevan pada tahap judul
2202,2-s2.0-85048442223,Q3,X,tidak relevan pada tahap judul
2203,2-s2.0-85048036352,Q3,I,
2204,2-s2.0-85047838061,Q3,X,tidak relevan pada tahap judul
2205,2-s2.0-85045660512,Q3,X,tidak relevan pada tahap judul
2206,2-s2.0-85046025161,Q3,X,tidak relevan pada tahap judul
2207,2-s2.0-85033455569,Q3,X,tidak relevan pada tahap judul
2208,2-s2.0-85045957583,Q3,X,tidak relevan pada tahap judul
2209,2-s2.0-85045148634,Q3,I,
2210,2-s2.0-85044426032,Q3,X,tidak relevan pada tahap judul
2211,2-s2.0-85043582681,Q3,X,tidak relevan pada tahap judul
2212,2-s2.0-85045933434,Q3,X,tidak relevan pada tahap judul
2213,2-s2.0-85040013209,Q3,X,tidak relevan pada tahap judul
2214,2-s2.0-85048313692,Q3,X,tidak relevan pada tahap judul
2215,2-s2.0-85044237309,Q3,X,tidak relevan pada tahap judul
2216,2-s2.0-85029179575,Q3,X,tidak relevan pada tahap judul
2217,2-s2.0-85055949155,Q3,X,tidak relevan pada tahap judul
2218,2-s2.0-85054395660,Q3,X,tidak relevan pada tahap judul
2219,2-s2.0-85054495204,Q3,I,
2220,2-s2.0-85055479552,Q3,X,tidak relevan pada tahap judul
2221,2-s2.0-85049758865,Q3,X,tidak relevan pada tahap judul
2222,2-s2.0-85062029767,Q3,X,tidak relevan pada tahap judul
2223,2-s2.0-85054710538,Q3,X,tidak relevan pada tahap judul
2224,2-s2.0-85082366633,Q3,X,tidak relevan pada tahap judul
2225,2-s2.0-85071914887,Q3,X,tidak relevan pada tahap judul
2226,2-s2.0-85071857025,Q3,X,tidak relevan pada tahap judul
2227,2-s2.0-85062043888,Q3,X,tidak relevan pada tahap judul
2228,2-s2.0-85049932334,Q3,X,tidak relevan pada tahap judul
2229,2-s2.0-85041237012,Q3,X,tidak relevan pada tahap judul
2230,2-s2.0-85069575730,Q3,X,tidak relevan pada tahap judul
2231,2-s2.0-85056281851,Q3,X,tidak relevan pada tahap judul
2232,2-s2.0-85039412791,Q3,X,tidak relevan pada tahap judul
2233,2-s2.0-85044447094,Q3,X,tidak relevan pada tahap judul
2234,2-s2.0-85037678796,Q3,X,tidak relevan pada tahap judul
2235,2-s2.0-85037810379,Q3,X,tidak relevan pada tahap judul
2236,2-s2.0-85045735606,Q3,X,tidak relevan pada tahap judul
2237,2-s2.0-85032903497,Q3,I,
2238,2-s2.0-85039757585,Q3,X,tidak relevan pada tahap judul
2239,2-s2.0-85040562701,Q3,X,tidak relevan pada tahap judul
2240,2-s2.0-85076280984,Q3,X,tidak relevan pada tahap judul
2241,2-s2.0-85038895124,Q3,X,tidak relevan pada tahap judul
2242,2-s2.0-85045318902,Q3,X,tidak relevan pada tahap judul
2243,2-s2.0-85018791593,Q3,X,tidak relevan pada tahap judul
2244,2-s2.0-85033437535,Q3,X,tidak relevan pada tahap judul
2245,2-s2.0-85018886225,Q3,X,tidak relevan pada tahap judul
2246,2-s2.0-85042177487,Q3,X,tidak relevan pada tahap judul
2247,2-s2.0-85034249828,Q3,X,tidak relevan pada tahap judul
2248,2-s2.0-85030215186,Q3,X,tidak relevan pada tahap judul
2249,2-s2.0-85029544105,Q3,X,tidak relevan pada tahap judul
2250,2-s2.0-85028771275,Q3,X,tidak relevan pada tahap judul
2251,2-s2.0-85038436789,Q3,X,tidak relevan pada tahap judul
2252,2-s2.0-85076286571,Q3,X,tidak relevan pada tahap judul
2253,2-s2.0-85028547541,Q3,X,tidak relevan pada tahap judul
2254,2-s2.0-85027965170,Q3,X,tidak relevan pada tahap judul
2255,2-s2.0-85019664521,Q3,X,tidak relevan pada tahap judul
2256,2-s2.0-85026764130,Q3,X,tidak relevan pada tahap judul
2257,2-s2.0-85006742114,Q3,X,tidak relevan pada tahap judul
2258,2-s2.0-85018656323,Q3,X,tidak relevan pada tahap judul
2259,2-s2.0-85027463688,Q3,X,tidak relevan pada tahap judul
2260,2-s2.0-85031289011,Q3,X,tidak relevan pada tahap judul
2261,2-s2.0-85023180974,Q3,X,tidak relevan pada tahap judul
2262,2-s2.0-85023174510,Q3,X,tidak relevan pada tahap judul
2263,2-s2.0-85012895412,Q3,X,tidak relevan pada tahap judul
2264,2-s2.0-85021376618,Q3,X,tidak relevan pada tahap judul
2265,2-s2.0-85019009817,Q3,X,tidak relevan pada tahap judul
2266,2-s2.0-85025451010,Q3,X,tidak relevan pada tahap judul
2267,2-s2.0-85009815210,Q3,X,tidak relevan pada tahap judul
2268,2-s2.0-85019177325,Q3,X,tidak relevan pada tahap judul
2269,2-s2.0-85023760441,Q3,X,tidak relevan pada tahap judul
2270,2-s2.0-85043752402,Q3,X0,tipe dokumen dikeluarkan tahap 0
2271,2-s2.0-85018554184,Q3,X,tidak relevan pada tahap judul
2272,2-s2.0-85016835638,Q3,X,tidak relevan pada tahap judul
2273,2-s2.0-85011372906,Q3,X,tidak relevan pada tahap judul
2274,2-s2.0-85018304663,Q3,I,
2275,2-s2.0-85018290109,Q3,I,
2276,2-s2.0-85017187566,Q3,X,tidak relevan pada tahap judul
2277,2-s2.0-85001687933,Q3,X,tidak relevan pada tahap judul
2278,2-s2.0-84994098516,Q3,X,tidak relevan pada tahap judul
2279,2-s2.0-85009200817,Q3,X,tidak relevan pada tahap judul
2280,2-s2.0-85005950207,Q3,X,tidak relevan pada tahap judul
2281,2-s2.0-85013231640,Q3,X,tidak relevan pada tahap judul
2282,2-s2.0-85010966245,Q3,I,
2283,2-s2.0-85007574614,Q3,X,tidak relevan pada tahap judul
2284,2-s2.0-85042828680,Q3,X,tidak relevan pada tahap judul
2285,2-s2.0-85030768960,Q3,X,tidak relevan pada tahap judul
2286,2-s2.0-85074324255,Q3,X,tidak relevan pada tahap judul
2287,2-s2.0-85009486514,Q3,X,tidak relevan pada tahap judul
2288,2-s2.0-85042885555,Q3,X,tidak relevan pada tahap judul
2289,2-s2.0-85047419466,Q3,X,tidak relevan pada tahap judul
2290,2-s2.0-85048541331,Q3,X0,tipe dokumen dikeluarkan tahap 0
2291,2-s2.0-84994462628,Q3,X,tidak relevan pada tahap judul
2292,2-s2.0-85053154504,Q3,X,tidak relevan pada tahap judul
2293,2-s2.0-85014935488,Q3,X,tidak relevan pada tahap judul
2294,2-s2.0-84978066563,Q3,X,tidak relevan pada tahap judul
2295,2-s2.0-85053095428,Q3,X,tidak relevan pada tahap judul
2296,2-s2.0-85051002345,Q3,X,tidak relevan pada tahap judul
2297,2-s2.0-85032708914,Q3,X,tidak relevan pada tahap judul
2298,2-s2.0-85018203517,Q3,R,
2299,2-s2.0-84997427179,Q3,X,tidak relevan pada tahap judul
2300,2-s2.0-85016995749,Q3,X,tidak relevan pada tahap judul
2301,2-s2.0-85008457022,Q3,X,tidak relevan pada tahap judul
2302,2-s2.0-84986880440,Q3,X,tidak relevan pada tahap judul
2303,2-s2.0-84991218068,Q3,X,tidak relevan pada tahap judul
2304,2-s2.0-84995395737,Q3,X,tidak relevan pada tahap judul
2305,2-s2.0-84992371547,Q3,X,tidak relevan pada tahap judul
2306,2-s2.0-84987916883,Q3,X,tidak relevan pada tahap judul
2307,2-s2.0-84989172860,Q3,X,tidak relevan pada tahap judul
2308,2-s2.0-84990829745,Q3,X,tidak relevan pada tahap judul
2309,2-s2.0-84991824539,Q3,X,tidak relevan pada tahap judul
2310,2-s2.0-84979697423,Q3,X,tidak relevan pada tahap judul
2311,2-s2.0-84984621306,Q3,I,
2312,2-s2.0-84962222377,Q3,X,tidak relevan pada tahap judul
2313,2-s2.0-84973862303,Q3,X,tidak relevan pada tahap judul
2314,2-s2.0-84961746445,Q3,X,tidak relevan pada tahap judul
2315,2-s2.0-85009424618,Q3,X0,tipe dokumen dikeluarkan tahap 0
2316,2-s2.0-84964556064,Q3,X,tidak relevan pada tahap judul
2317,2-s2.0-84966552195,Q3,X,tidak relevan pada tahap judul
2318,2-s2.0-84964573696,Q3,X,tidak relevan pada tahap judul
2319,2-s2.0-84969745125,Q3,X,tidak relevan pada tahap judul
2320,2-s2.0-84955284858,Q3,X,tidak relevan pada tahap judul
2321,2-s2.0-84961212518,Q3,X,tidak relevan pada tahap judul
2322,2-s2.0-84977083420,Q3,X,tidak relevan pada tahap judul
2323,2-s2.0-84965059944,Q3,X,tidak relevan pada tahap judul
2324,2-s2.0-84958245085,Q3,X,tidak relevan pada tahap judul
2325,2-s2.0-84961655094,Q3,X,tidak relevan pada tahap judul
2326,2-s2.0-84962448881,Q3,X,tidak relevan pada tahap judul
2327,2-s2.0-84960124046,Q3,X,tidak relevan pada tahap judul
2328,2-s2.0-84956976684,Q3,X,tidak relevan pada tahap judul
2329,2-s2.0-84957882700,Q3,X,tidak relevan pada tahap judul
2330,2-s2.0-85010190222,Q3,R,
2331,2-s2.0-85010218132,Q3,X,tidak relevan pada tahap judul
2332,2-s2.0-85022055153,Q3,X,tidak relevan pada tahap judul
2333,2-s2.0-84995426885,Q3,X,tidak relevan pada tahap judul
2334,2-s2.0-85014049695,Q3,X,tidak relevan pada tahap judul
2335,2-s2.0-84958920732,Q3,X,tidak relevan pada tahap judul
2336,2-s2.0-84979762830,Q3,X,tidak relevan pada tahap judul
2337,2-s2.0-84988667355,Q3,X,tidak relevan pada tahap judul
2338,2-s2.0-85047060596,Q3,X,tidak relevan pada tahap judul
2339,2-s2.0-84960390320,Q3,X,tidak relevan pada tahap judul
2340,2-s2.0-85010789910,Q3,X,tidak relevan pada tahap judul
2341,2-s2.0-84978386277,Q3,X,tidak relevan pada tahap judul
2342,2-s2.0-85139791292,Q3,X,tidak relevan pada tahap judul
2343,2-s2.0-84961058993,Q3,X,tidak relevan pada tahap judul
2344,2-s2.0-84952025564,Q3,X,tidak relevan pada tahap judul
2345,2-s2.0-84945323893,Q3,X,tidak relevan pada tahap judul
2346,2-s2.0-84951567853,Q3,X,tidak relevan pada tahap judul
2347,2-s2.0-84945446503,Q3,X,tidak relevan pada tahap judul
2348,2-s2.0-84942886990,Q3,I,
2349,2-s2.0-84937146316,Q3,X,tidak relevan pada tahap judul
2350,2-s2.0-84940062304,Q3,X,tidak relevan pada tahap judul
2351,2-s2.0-85006200891,Q3,X,tidak relevan pada tahap judul
2352,2-s2.0-85006200488,Q3,X,tidak relevan pada tahap judul
2353,2-s2.0-84943224427,Q3,X,tidak relevan pada tahap judul
2354,2-s2.0-84934972693,Q3,X,tidak relevan pada tahap judul
2355,2-s2.0-84931265672,Q3,X,tidak relevan pada tahap judul
2356,2-s2.0-85063844025,Q3,X,tidak relevan pada tahap judul
2357,2-s2.0-84937509403,Q3,X,tidak relevan pada tahap judul
2358,2-s2.0-84926040227,Q3,M,
2359,2-s2.0-84940007744,Q3,X,tidak relevan pada tahap judul
2360,2-s2.0-84930180493,Q3,X,tidak relevan pada tahap judul
2361,2-s2.0-84927784311,Q3,X,tidak relevan pada tahap judul
2362,2-s2.0-84955633820,Q3,X,tidak relevan pada tahap judul
2363,2-s2.0-84919926264,Q3,X,tidak relevan pada tahap judul
2364,2-s2.0-84924269199,Q3,X,tidak relevan pada tahap judul
2365,2-s2.0-84964066707,Q3,X,tidak relevan pada tahap judul
2366,2-s2.0-84948393586,Q3,X,tidak relevan pada tahap judul
2367,2-s2.0-84949124864,Q3,X,tidak relevan pada tahap judul
2368,2-s2.0-84969802006,Q3,I,dilanjutkan oleh pemeriksaan ulang putaran kedua (AI-2)
2369,2-s2.0-84969799151,Q3,I,
2370,2-s2.0-84930827869,Q3,X,tidak relevan pada tahap judul
2371,2-s2.0-84958161975,Q3,X,tidak relevan pada tahap judul
2372,2-s2.0-84978805656,Q3,X,tidak relevan pada tahap judul
2373,2-s2.0-84954136404,Q3,X,tidak relevan pada tahap judul
2374,2-s2.0-84940855859,Q3,X,tidak relevan pada tahap judul
2375,2-s2.0-84923684023,Q3,X,tidak relevan pada tahap judul
2376,2-s2.0-84940526315,Q3,X,tidak relevan pada tahap judul
2377,2-s2.0-84964039828,Q3,X,tidak relevan pada tahap judul
2378,2-s2.0-84945249155,Q3,X,tidak relevan pada tahap judul
2379,2-s2.0-84929069537,Q3,X,tidak relevan pada tahap judul
2380,2-s2.0-84945356732,Q3,X,tidak relevan pada tahap judul
2381,2-s2.0-84918836434,Q3,X,tidak relevan pada tahap judul
2382,2-s2.0-84914820379,Q3,X,tidak relevan pada tahap judul
2383,2-s2.0-85019356043,Q3,X,tidak relevan pada tahap judul
2384,2-s2.0-84927687784,Q3,X,tidak relevan pada tahap judul
2385,2-s2.0-84912018688,Q3,X,tidak relevan pada tahap judul
2386,2-s2.0-84910677113,Q3,X,tidak relevan pada tahap judul
2387,2-s2.0-84930357314,Q3,X,tidak relevan pada tahap judul
2388,2-s2.0-84984832211,Q3,I,
2389,2-s2.0-84903128485,Q3,X,tidak relevan pada tahap judul
2390,2-s2.0-84907051439,Q3,X,tidak relevan pada tahap judul
2391,2-s2.0-84923380320,Q3,M,
2392,2-s2.0-84903696839,Q3,X,tidak relevan pada tahap judul
2393,2-s2.0-84901260982,Q3,X,tidak relevan pada tahap judul
2394,2-s2.0-85101201901,Q3,X,tidak relevan pada tahap judul
2395,2-s2.0-84896483203,Q3,X,tidak relevan pada tahap judul
2396,2-s2.0-84893948841,Q3,X,tidak relevan pada tahap judul
2397,2-s2.0-84893286586,Q3,X,tidak relevan pada tahap judul
2398,2-s2.0-84892473844,Q3,X,tidak relevan pada tahap judul
2399,2-s2.0-84892493117,Q3,X,tidak relevan pada tahap judul
2400,2-s2.0-84891953521,Q3,X,tidak relevan pada tahap judul
2401,2-s2.0-84891594284,Q3,X,tidak relevan pada tahap judul
2402,2-s2.0-84891614156,Q3,X,tidak relevan pada tahap judul
2403,2-s2.0-84891600313,Q3,X,tidak relevan pada tahap judul
2404,2-s2.0-84891600246,Q3,X0,tipe dokumen dikeluarkan tahap 0
2405,2-s2.0-84906568789,Q3,I,
2406,2-s2.0-84883346876,Q3,M,
2407,2-s2.0-84927940421,Q3,X,tidak relevan pada tahap judul
2408,2-s2.0-85196072237,Q3,X0,tipe dokumen dikeluarkan tahap 0
2409,2-s2.0-84906544871,Q3,I,
2410,2-s2.0-84898052707,Q3,I,
2411,2-s2.0-84904409439,Q3,X,tidak relevan pada tahap judul
2412,2-s2.0-84904190938,Q3,X,tidak relevan pada tahap judul
2413,2-s2.0-84904250115,Q3,X,tidak relevan pada tahap judul
2414,2-s2.0-84905447403,Q3,X,tidak relevan pada tahap judul
2415,2-s2.0-84905859064,Q3,X,tidak relevan pada tahap judul
2416,2-s2.0-84897036740,Q3,X,tidak relevan pada tahap judul
2417,2-s2.0-84903174071,Q3,X,tidak relevan pada tahap judul
2418,2-s2.0-84991717523,Q3,X,tidak relevan pada tahap judul
2419,2-s2.0-84914142283,Q3,X,tidak relevan pada tahap judul
2420,2-s2.0-84901655400,Q3,X,tidak relevan pada tahap judul
2421,2-s2.0-84896485624,Q3,X,tidak relevan pada tahap judul
2422,2-s2.0-84897466411,Q3,X,tidak relevan pada tahap judul
2423,2-s2.0-85063848312,Q3,X,tidak relevan pada tahap judul
2424,2-s2.0-85054633622,Q3,X,tidak relevan pada tahap judul
2425,2-s2.0-84939559661,Q3,X,tidak relevan pada tahap judul
2426,2-s2.0-84925612268,Q3,X,tidak relevan pada tahap judul
2427,2-s2.0-84904558545,Q3,X,tidak relevan pada tahap judul
2428,2-s2.0-84878604541,Q3,X,tidak relevan pada tahap judul
2429,2-s2.0-84878579541,Q3,I,
2430,2-s2.0-84888016219,Q3,X,tidak relevan pada tahap judul
2431,2-s2.0-84887113424,Q3,I,
2432,2-s2.0-84889676866,Q3,X,tidak relevan pada tahap judul
2433,2-s2.0-84889643271,Q3,X,tidak relevan pada tahap judul
2434,2-s2.0-84876882832,Q3,I,
2435,2-s2.0-84876830997,Q3,X,tidak relevan pada tahap judul
2436,2-s2.0-85024379790,Q3,X,tidak relevan pada tahap judul
2437,2-s2.0-84888815563,Q3,X,tidak relevan pada tahap judul
2438,2-s2.0-84879548117,Q3,X,tidak relevan pada tahap judul
2439,2-s2.0-84890263369,Q3,X,tidak relevan pada tahap judul
2440,2-s2.0-84879988910,Q3,X,tidak relevan pada tahap judul
2441,2-s2.0-84880169416,Q3,X,tidak relevan pada tahap judul
2442,2-s2.0-84879304322,Q3,X,tidak relevan pada tahap judul
2443,2-s2.0-84877849375,Q3,X,tidak relevan pada tahap judul
2444,2-s2.0-84875616043,Q3,X,tidak relevan pada tahap judul
2445,2-s2.0-84873607290,Q3,X,tidak relevan pada tahap judul
2446,2-s2.0-84875179916,Q3,X,tidak relevan pada tahap judul
2447,2-s2.0-84880293827,Q3,X,tidak relevan pada tahap judul
2448,2-s2.0-84879626138,Q3,X,tidak relevan pada tahap judul
2449,2-s2.0-84873805208,Q3,X,tidak relevan pada tahap judul
2450,2-s2.0-84875302843,Q3,I,
2451,2-s2.0-84880276501,Q3,X,tidak relevan pada tahap judul
2452,2-s2.0-84881099097,Q3,X,tidak relevan pada tahap judul
2453,2-s2.0-84879704534,Q3,X,tidak relevan pada tahap judul
2454,2-s2.0-84885732560,Q3,X,tidak relevan pada tahap judul
2455,2-s2.0-84899538750,Q3,X,tidak relevan pada tahap judul
2456,2-s2.0-84880307278,Q3,X,tidak relevan pada tahap judul
2457,2-s2.0-85006262234,Q3,X,tidak relevan pada tahap judul
2458,2-s2.0-84875118278,Q3,X0,tipe dokumen dikeluarkan tahap 0
2459,2-s2.0-84875184931,Q3,I,
2460,2-s2.0-84866391550,Q3,X,tidak relevan pada tahap judul
2461,2-s2.0-84873299732,Q3,I,
2462,2-s2.0-84867672035,Q3,X,tidak relevan pada tahap judul
2463,2-s2.0-84872793634,Q3,X,tidak relevan pada tahap judul
2464,2-s2.0-84880016738,Q3,X,tidak relevan pada tahap judul
2465,2-s2.0-84866637130,Q3,X,tidak relevan pada tahap judul
2466,2-s2.0-84867951527,Q3,I,
2467,2-s2.0-84867378120,Q3,X,tidak relevan pada tahap judul
2468,2-s2.0-84868257617,Q3,I,
2469,2-s2.0-84895317944,Q3,X,tidak relevan pada tahap judul
2470,2-s2.0-84866401280,Q3,X,tidak relevan pada tahap judul
2471,2-s2.0-84864919145,Q3,X,tidak relevan pada tahap judul
2472,2-s2.0-84865131585,Q3,X,tidak relevan pada tahap judul
2473,2-s2.0-84865538128,Q3,X,tidak relevan pada tahap judul
2474,2-s2.0-84860625432,Q3,X,tidak relevan pada tahap judul
2475,2-s2.0-84863319384,Q3,X,tidak relevan pada tahap judul
2476,2-s2.0-84862002578,Q3,X,tidak relevan pada tahap judul
2477,2-s2.0-84860999883,Q3,X,tidak relevan pada tahap judul
2478,2-s2.0-84862999186,Q3,X,tidak relevan pada tahap judul
2479,2-s2.0-84858295914,Q3,X,tidak relevan pada tahap judul
2480,2-s2.0-84855993122,Q3,X,tidak relevan pada tahap judul
2481,2-s2.0-82155187157,Q3,X,tidak relevan pada tahap judul
2482,2-s2.0-84859056471,Q3,X,tidak relevan pada tahap judul
2483,2-s2.0-84862190823,Q3,M,
2484,2-s2.0-84860259968,Q3,X,tidak relevan pada tahap judul
2485,2-s2.0-84857424860,Q3,X,tidak relevan pada tahap judul
2486,2-s2.0-84867320443,Q3,I,dilanjutkan oleh pemeriksaan ulang putaran kedua (AI-2)
2487,2-s2.0-84866518981,Q3,X,tidak relevan pada tahap judul
2488,2-s2.0-84856985820,Q3,X,tidak relevan pada tahap judul
2489,2-s2.0-81855161188,Q3,X,tidak relevan pada tahap judul
2490,2-s2.0-84865709929,Q3,X,tidak relevan pada tahap judul
2491,2-s2.0-84861929437,Q3,X,tidak relevan pada tahap judul
2492,2-s2.0-84937984317,Q3,X,tidak relevan pada tahap judul
2493,2-s2.0-105050111909,Q4,I,
2494,2-s2.0-105047557300,Q4,M,
2495,2-s2.0-105050785794,Q4,M,
2496,2-s2.0-105041022929,Q4,X,tidak relevan pada tahap judul
2497,2-s2.0-105048969450,Q4,X,tidak relevan pada tahap judul
2498,2-s2.0-105048589957,Q4,M,
2499,2-s2.0-105034809768,Q4,M,
2500,2-s2.0-105046261245,Q4,X,tidak relevan pada tahap judul
2501,2-s2.0-105037055030,Q4,M,
2502,2-s2.0-105045697927,Q4,M,
2503,2-s2.0-105045242657,Q4,X,tidak relevan pada tahap judul
2504,2-s2.0-105045689701,Q4,X,tidak relevan pada tahap judul
2505,2-s2.0-105043179638,Q4,X,tidak relevan pada tahap judul
2506,2-s2.0-105040971311,Q4,M,
2507,2-s2.0-105043105759,Q4,M,
2508,2-s2.0-105039592137,Q4,M,
2509,2-s2.0-105038463396,Q4,X,tidak relevan pada tahap judul
2510,2-s2.0-105033775630,Q4,X,tidak relevan pada tahap judul
2511,2-s2.0-105036992193,Q4,X,tidak relevan pada tahap judul
2512,2-s2.0-105034331012,Q4,M,
2513,2-s2.0-105029058752,Q4,X,tidak relevan pada tahap judul
2514,2-s2.0-105022656894,Q4,R,
2515,2-s2.0-105013395759,Q4,X,tidak relevan pada tahap judul
2516,2-s2.0-105046220081,Q4,M,
2517,2-s2.0-105037904877,Q4,M,
2518,2-s2.0-105023820176,Q4,M,
2519,2-s2.0-105040827736,Q4,X,tidak relevan pada tahap judul
2520,2-s2.0-105042915778,Q4,X,tidak relevan pada tahap judul
2521,2-s2.0-105027253041,Q4,M,
2522,2-s2.0-105041554253,Q4,X,tidak relevan pada tahap judul
2523,2-s2.0-105037605504,Q4,X,tidak relevan pada tahap judul
2524,2-s2.0-105048181471,Q4,M,
2525,2-s2.0-105030059886,Q4,X,tidak relevan pada tahap judul
2526,2-s2.0-105027232877,Q4,M,
2527,2-s2.0-105048242447,Q4,X,tidak relevan pada tahap judul
2528,2-s2.0-105047268664,Q4,I,
2529,2-s2.0-105040183930,Q4,X,tidak relevan pada tahap judul
2530,2-s2.0-105029278160,Q4,X,tidak relevan pada tahap judul
2531,2-s2.0-105051282962,Q4,X0,tipe dokumen dikeluarkan tahap 0
2532,2-s2.0-105037432714,Q4,X,tidak relevan pada tahap judul
2533,2-s2.0-105037873844,Q4,M,
2534,2-s2.0-105038428078,Q4,X,tidak relevan pada tahap judul
2535,2-s2.0-105027138822,Q4,X,tidak relevan pada tahap judul
2536,2-s2.0-105042539648,Q4,X,tidak relevan pada tahap judul
2537,2-s2.0-105040643246,Q4,X0,tipe dokumen dikeluarkan tahap 0
2538,2-s2.0-105035073855,Q4,X,tidak relevan pada tahap judul
2539,2-s2.0-105049171829,Q4,X,tidak relevan pada tahap judul
2540,2-s2.0-105041196498,Q4,X,tidak relevan pada tahap judul
2541,2-s2.0-105013678457,Q4,I,
2542,2-s2.0-105012990513,Q4,M,
2543,2-s2.0-105022918089,Q4,R,
2544,2-s2.0-105031366760,Q4,X,tidak relevan pada tahap judul
2545,2-s2.0-105014367330,Q4,M,
2546,2-s2.0-105011733513,Q4,M,
2547,2-s2.0-105004659516,Q4,X,tidak relevan pada tahap judul
2548,2-s2.0-105010580000,Q4,X,tidak relevan pada tahap judul
2549,2-s2.0-105004908846,Q4,M,
2550,2-s2.0-105008588762,Q4,X,tidak relevan pada tahap judul
2551,2-s2.0-105002914770,Q4,X,tidak relevan pada tahap judul
2552,2-s2.0-105001573140,Q4,M,
2553,2-s2.0-85213210765,Q4,X,tidak relevan pada tahap judul
2554,2-s2.0-105009327218,Q4,X,tidak relevan pada tahap judul
2555,2-s2.0-105016780439,Q4,M,
2556,2-s2.0-105018009748,Q4,M,
2557,2-s2.0-105029727481,Q4,I,
2558,2-s2.0-85215967125,Q4,M,
2559,2-s2.0-105000820756,Q4,X,tidak relevan pada tahap judul
2560,2-s2.0-105000706706,Q4,M,
2561,2-s2.0-105015357214,Q4,M,
2562,2-s2.0-105008111844,Q4,X,tidak relevan pada tahap judul
2563,2-s2.0-85212439697,Q4,X,tidak relevan pada tahap judul
2564,2-s2.0-105037317969,Q4,X,tidak relevan pada tahap judul
2565,2-s2.0-85215755437,Q4,M,
2566,2-s2.0-105033335148,Q4,M,
2567,2-s2.0-105038007564,Q4,M,
2568,2-s2.0-105030056821,Q4,X,tidak relevan pada tahap judul
2569,2-s2.0-105019257342,Q4,M,
2570,2-s2.0-105016457566,Q4,I,
2571,2-s2.0-105022638504,Q4,X,tidak relevan pada tahap judul
2572,2-s2.0-105033240884,Q4,X,tidak relevan pada tahap judul
2573,2-s2.0-105035220256,Q4,M,
2574,2-s2.0-105035387556,Q4,R,
2575,2-s2.0-105019062714,Q4,X,tidak relevan pada tahap judul
2576,2-s2.0-105023835706,Q4,X,tidak relevan pada tahap judul
2577,2-s2.0-105018462763,Q4,X,tidak relevan pada tahap judul
2578,2-s2.0-105033226609,Q4,X,tidak relevan pada tahap judul
2579,2-s2.0-85213378139,Q4,I,
2580,2-s2.0-85214219083,Q4,X,tidak relevan pada tahap judul
2581,2-s2.0-85215951588,Q4,X,tidak relevan pada tahap judul
2582,2-s2.0-85204127840,Q4,X,tidak relevan pada tahap judul
2583,2-s2.0-85199867821,Q4,X,tidak relevan pada tahap judul
2584,2-s2.0-85187945265,Q4,X,tidak relevan pada tahap judul
2585,2-s2.0-85197171006,Q4,X,tidak relevan pada tahap judul
2586,2-s2.0-85181035269,Q4,X,tidak relevan pada tahap judul
2587,2-s2.0-85191582242,Q4,X,tidak relevan pada tahap judul
2588,2-s2.0-85194048772,Q4,M,
2589,2-s2.0-85191492311,Q4,M,
2590,2-s2.0-85187799388,Q4,M,
2591,2-s2.0-85191505148,Q4,M,
2592,2-s2.0-85193549313,Q4,X,tidak relevan pada tahap judul
2593,2-s2.0-85185003948,Q4,I,
2594,2-s2.0-85188832268,Q4,M,
2595,2-s2.0-85182888479,Q4,M,
2596,2-s2.0-85188805119,Q4,X,tidak relevan pada tahap judul
2597,2-s2.0-85181680090,Q4,I,
2598,2-s2.0-85200956482,Q4,X,tidak relevan pada tahap judul
2599,2-s2.0-85200669880,Q4,X,tidak relevan pada tahap judul
2600,2-s2.0-85189514499,Q4,X,tidak relevan pada tahap judul
2601,2-s2.0-85217162922,Q4,X,tidak relevan pada tahap judul
2602,2-s2.0-86000672451,Q4,X,tidak relevan pada tahap judul
2603,2-s2.0-85196185185,Q4,M,
2604,2-s2.0-85211106827,Q4,X,tidak relevan pada tahap judul
2605,2-s2.0-85214447497,Q4,X,tidak relevan pada tahap judul
2606,2-s2.0-85219500715,Q4,M,
2607,2-s2.0-85178611684,Q4,X,tidak relevan pada tahap judul
2608,2-s2.0-85187950920,Q4,M,
2609,2-s2.0-105001661753,Q4,X,tidak relevan pada tahap judul
2610,2-s2.0-85196415301,Q4,I,
2611,2-s2.0-85179936548,Q4,X,tidak relevan pada tahap judul
2612,2-s2.0-85196309550,Q4,X,tidak relevan pada tahap judul
2613,2-s2.0-85195909467,Q4,X,tidak relevan pada tahap judul
2614,2-s2.0-85190534535,Q4,X,tidak relevan pada tahap judul
2615,2-s2.0-85217417661,Q4,X,tidak relevan pada tahap judul
2616,2-s2.0-85198905821,Q4,X,tidak relevan pada tahap judul
2617,2-s2.0-105011816525,Q4,X,tidak relevan pada tahap judul
2618,2-s2.0-85176766537,Q4,X,tidak relevan pada tahap judul
2619,2-s2.0-85183473621,Q4,M,
2620,2-s2.0-85170528732,Q4,X,tidak relevan pada tahap judul
2621,2-s2.0-85169104810,Q4,X,tidak relevan pada tahap judul
2622,2-s2.0-85142864573,Q4,X,tidak relevan pada tahap judul
2623,2-s2.0-85169933157,Q4,M,
2624,2-s2.0-85153501234,Q4,X,tidak relevan pada tahap judul
2625,2-s2.0-85161273697,Q4,X,tidak relevan pada tahap judul
2626,2-s2.0-85163737519,Q4,M,
2627,2-s2.0-85197194284,Q4,X,tidak relevan pada tahap judul
2628,2-s2.0-85161400490,Q4,X0,tipe dokumen dikeluarkan tahap 0
2629,2-s2.0-85148863335,Q4,M,
2630,2-s2.0-85144814940,Q4,X,tidak relevan pada tahap judul
2631,2-s2.0-85180152304,Q4,X,tidak relevan pada tahap judul
2632,2-s2.0-85186498897,Q4,X,tidak relevan pada tahap judul
2633,2-s2.0-85159921325,Q4,M,
2634,2-s2.0-85165490493,Q4,M,
2635,2-s2.0-85163884452,Q4,X,tidak relevan pada tahap judul
2636,2-s2.0-85173602277,Q4,X,tidak relevan pada tahap judul
2637,2-s2.0-85186534188,Q4,X,tidak relevan pada tahap judul
2638,2-s2.0-85166483282,Q4,X,tidak relevan pada tahap judul
2639,2-s2.0-85173928787,Q4,X,tidak relevan pada tahap judul
2640,2-s2.0-85179628975,Q4,X,tidak relevan pada tahap judul
2641,2-s2.0-85159097781,Q4,X,tidak relevan pada tahap judul
2642,2-s2.0-85179806927,Q4,X,tidak relevan pada tahap judul
2643,2-s2.0-85179069386,Q4,X,tidak relevan pada tahap judul
2644,2-s2.0-85145881768,Q4,X,tidak relevan pada tahap judul
2645,2-s2.0-85179547297,Q4,X,tidak relevan pada tahap judul
2646,2-s2.0-85174862209,Q4,X,tidak relevan pada tahap judul
2647,2-s2.0-85174485337,Q4,X,tidak relevan pada tahap judul
2648,2-s2.0-85163060641,Q4,X,tidak relevan pada tahap judul
2649,2-s2.0-85144845294,Q4,X,tidak relevan pada tahap judul
2650,2-s2.0-85144862837,Q4,X,tidak relevan pada tahap judul
2651,2-s2.0-85140329991,Q4,X,tidak relevan pada tahap judul
2652,2-s2.0-85141859376,Q4,X,tidak relevan pada tahap judul
2653,2-s2.0-85138990389,Q4,I,
2654,2-s2.0-85134759056,Q4,X,tidak relevan pada tahap judul
2655,2-s2.0-85140475618,Q4,M,
2656,2-s2.0-85137150036,Q4,M,
2657,2-s2.0-85126781907,Q4,X,tidak relevan pada tahap judul
2658,2-s2.0-85131421183,Q4,X,tidak relevan pada tahap judul
2659,2-s2.0-85131082359,Q4,X,tidak relevan pada tahap judul
2660,2-s2.0-85133707822,Q4,X,tidak relevan pada tahap judul
2661,2-s2.0-85125385198,Q4,X,tidak relevan pada tahap judul
2662,2-s2.0-85118291702,Q4,R,
2663,2-s2.0-85151968309,Q4,X,tidak relevan pada tahap judul
2664,2-s2.0-85130574725,Q4,X,tidak relevan pada tahap judul
2665,2-s2.0-85135065596,Q4,X,tidak relevan pada tahap judul
2666,2-s2.0-85144619107,Q4,X,tidak relevan pada tahap judul
2667,2-s2.0-85147092127,Q4,X,tidak relevan pada tahap judul
2668,2-s2.0-85130402979,Q4,X0,tipe dokumen dikeluarkan tahap 0
2669,2-s2.0-85127573690,Q4,M,
2670,2-s2.0-85118984761,Q4,X,tidak relevan pada tahap judul
2671,2-s2.0-85146707652,Q4,X,tidak relevan pada tahap judul
2672,2-s2.0-85105588829,Q4,X,tidak relevan pada tahap judul
2673,2-s2.0-85149131138,Q4,X,tidak relevan pada tahap judul
2674,2-s2.0-85119878611,Q4,M,
2675,2-s2.0-85116518282,Q4,X,tidak relevan pada tahap judul
2676,2-s2.0-85108200365,Q4,X,tidak relevan pada tahap judul
2677,2-s2.0-85110404706,Q4,X,tidak relevan pada tahap judul
2678,2-s2.0-85105815833,Q4,X,tidak relevan pada tahap judul
2679,2-s2.0-85119296878,Q4,X,tidak relevan pada tahap judul
2680,2-s2.0-85103970495,Q4,X,tidak relevan pada tahap judul
2681,2-s2.0-85100343679,Q4,X,tidak relevan pada tahap judul
2682,2-s2.0-85100190707,Q4,X,tidak relevan pada tahap judul
2683,2-s2.0-85048272100,Q4,R,
2684,2-s2.0-85103105634,Q4,M,
2685,2-s2.0-85100962511,Q4,M,
2686,2-s2.0-85097098661,Q4,X,tidak relevan pada tahap judul
2687,2-s2.0-85126467237,Q4,X,tidak relevan pada tahap judul
2688,2-s2.0-85100712330,Q4,X,tidak relevan pada tahap judul
2689,2-s2.0-85143198457,Q4,X,tidak relevan pada tahap judul
2690,2-s2.0-85089244102,Q4,X0,tipe dokumen dikeluarkan tahap 0
2691,2-s2.0-85103938802,Q4,X,tidak relevan pada tahap judul
2692,2-s2.0-85087170458,Q4,M,
2693,2-s2.0-85084189340,Q4,X,tidak relevan pada tahap judul
2694,2-s2.0-85099744799,Q4,X,tidak relevan pada tahap judul
2695,2-s2.0-85093840271,Q4,X,tidak relevan pada tahap judul
2696,2-s2.0-85085957110,Q4,X,tidak relevan pada tahap judul
2697,2-s2.0-85091779384,Q4,X,tidak relevan pada tahap judul
2698,2-s2.0-85092702789,Q4,X,tidak relevan pada tahap judul
2699,2-s2.0-85086570401,Q4,X,tidak relevan pada tahap judul
2700,2-s2.0-85085512093,Q4,M,
2701,2-s2.0-85079102617,Q4,X,tidak relevan pada tahap judul
2702,2-s2.0-85102843440,Q4,M,
2703,2-s2.0-85087904821,Q4,X,tidak relevan pada tahap judul
2704,2-s2.0-85067843717,Q4,X,tidak relevan pada tahap judul
2705,2-s2.0-85091923679,Q4,X,tidak relevan pada tahap judul
2706,2-s2.0-85070735347,Q4,X,tidak relevan pada tahap judul
2707,2-s2.0-85076417127,Q4,X,tidak relevan pada tahap judul
2708,2-s2.0-85084741892,Q4,X,tidak relevan pada tahap judul
2709,2-s2.0-85081534181,Q4,X,tidak relevan pada tahap judul
2710,2-s2.0-85069712788,Q4,X,tidak relevan pada tahap judul
2711,2-s2.0-85073387379,Q4,X,tidak relevan pada tahap judul
2712,2-s2.0-85073276642,Q4,X,tidak relevan pada tahap judul
2713,2-s2.0-85067873616,Q4,X,tidak relevan pada tahap judul
2714,2-s2.0-85060673846,Q4,X,tidak relevan pada tahap judul
2715,2-s2.0-85066845607,Q4,X,tidak relevan pada tahap judul
2716,2-s2.0-85081740688,Q4,R,
2717,2-s2.0-85057328249,Q4,X,tidak relevan pada tahap judul
2718,2-s2.0-85055480272,Q4,M,
2719,2-s2.0-85055876930,Q4,X,tidak relevan pada tahap judul
2720,2-s2.0-85056599679,Q4,X,tidak relevan pada tahap judul
2721,2-s2.0-85050158048,Q4,X,tidak relevan pada tahap judul
2722,2-s2.0-85049365896,Q4,X,tidak relevan pada tahap judul
2723,2-s2.0-85041469249,Q4,X,tidak relevan pada tahap judul
2724,2-s2.0-85063154200,Q4,X,tidak relevan pada tahap judul
2725,2-s2.0-85047722328,Q4,X,tidak relevan pada tahap judul
2726,2-s2.0-85020033019,Q4,X,tidak relevan pada tahap judul
2727,2-s2.0-85035348323,Q4,X,tidak relevan pada tahap judul
2728,2-s2.0-85019214941,Q4,X,tidak relevan pada tahap judul
2729,2-s2.0-84934763785,Q4,X,tidak relevan pada tahap judul
2730,2-s2.0-84939978574,Q4,X,tidak relevan pada tahap judul
2731,2-s2.0-84988288802,Q4,X,tidak relevan pada tahap judul
2732,2-s2.0-84907945508,Q4,X,tidak relevan pada tahap judul
2733,2-s2.0-84906730220,Q4,X,tidak relevan pada tahap judul
2734,2-s2.0-84896770200,Q4,X,tidak relevan pada tahap judul
2735,2-s2.0-84897619628,Q4,X0,tipe dokumen dikeluarkan tahap 0
2736,2-s2.0-84891542932,Q4,X0,tipe dokumen dikeluarkan tahap 0
2737,2-s2.0-84894825393,Q4,X,tidak relevan pada tahap judul
2738,2-s2.0-84905167602,Q4,X0,tipe dokumen dikeluarkan tahap 0
2739,2-s2.0-84903716244,Q4,X,tidak relevan pada tahap judul
2740,2-s2.0-84893754811,Q4,M,
2741,2-s2.0-84893783784,Q4,X,tidak relevan pada tahap judul
2742,2-s2.0-84874739167,Q4,X,tidak relevan pada tahap judul
2743,2-s2.0-105045741703,Q5,X,tidak relevan pada tahap judul
2744,2-s2.0-105047845352,Q5,X,tidak relevan pada tahap judul
2745,2-s2.0-105047774493,Q5,X,tidak relevan pada tahap judul
2746,2-s2.0-105040604360,Q5,X,tidak relevan pada tahap judul
2747,2-s2.0-105048104736,Q5,X,tidak relevan pada tahap judul
2748,2-s2.0-105040576307,Q5,X0,tipe dokumen dikeluarkan tahap 0
2749,2-s2.0-105042729898,Q5,X,tidak relevan pada tahap judul
2750,2-s2.0-105045855035,Q5,R,
2751,2-s2.0-105046540456,Q5,X,tidak relevan pada tahap judul
2752,2-s2.0-105039884623,Q5,X,tidak relevan pada tahap judul
2753,2-s2.0-105049603412,Q5,X,tidak relevan pada tahap judul
2754,2-s2.0-105029315997,Q5,X,tidak relevan pada tahap judul
2755,2-s2.0-105046846124,Q5,X,tidak relevan pada tahap judul
2756,2-s2.0-105044812009,Q5,X,tidak relevan pada tahap judul
2757,2-s2.0-105048068011,Q5,X,tidak relevan pada tahap judul
2758,2-s2.0-105047146979,Q5,X,tidak relevan pada tahap judul
2759,2-s2.0-105048842874,Q5,X,tidak relevan pada tahap judul
2760,2-s2.0-105047398521,Q5,X,tidak relevan pada tahap judul
2761,2-s2.0-105045074981,Q5,X,tidak relevan pada tahap judul
2762,2-s2.0-105048946759,Q5,X,tidak relevan pada tahap judul
2763,2-s2.0-105043485886,Q5,X,tidak relevan pada tahap judul
2764,2-s2.0-105042783999,Q5,X,tidak relevan pada tahap judul
2765,2-s2.0-105050250309,Q5,I,
2766,2-s2.0-105047955304,Q5,X,tidak relevan pada tahap judul
2767,2-s2.0-105048460189,Q5,X,tidak relevan pada tahap judul
2768,2-s2.0-105041394872,Q5,X,tidak relevan pada tahap judul
2769,2-s2.0-105042929860,Q5,X,tidak relevan pada tahap judul
2770,2-s2.0-105050231505,Q5,X,tidak relevan pada tahap judul
2771,2-s2.0-105038279408,Q5,X,tidak relevan pada tahap judul
2772,2-s2.0-105040959657,Q5,X,tidak relevan pada tahap judul
2773,2-s2.0-105050222061,Q5,X,tidak relevan pada tahap judul
2774,2-s2.0-105044810568,Q5,X,tidak relevan pada tahap judul
2775,2-s2.0-105039758998,Q5,X,tidak relevan pada tahap judul
2776,2-s2.0-105050254766,Q5,X,tidak relevan pada tahap judul
2777,2-s2.0-105050217388,Q5,X,tidak relevan pada tahap judul
2778,2-s2.0-105049546903,Q5,X,tidak relevan pada tahap judul
2779,2-s2.0-105041202489,Q5,X,tidak relevan pada tahap judul
2780,2-s2.0-105040677939,Q5,X,tidak relevan pada tahap judul
2781,2-s2.0-105050319240,Q5,X,tidak relevan pada tahap judul
2782,2-s2.0-105039293945,Q5,X,tidak relevan pada tahap judul
2783,2-s2.0-105048469677,Q5,X,tidak relevan pada tahap judul
2784,2-s2.0-105047524693,Q5,X,tidak relevan pada tahap judul
2785,2-s2.0-105044078756,Q5,X,tidak relevan pada tahap judul
2786,2-s2.0-105043822257,Q5,X,tidak relevan pada tahap judul
2787,2-s2.0-105048494316,Q5,R,
2788,2-s2.0-105036251440,Q5,X,tidak relevan pada tahap judul
2789,2-s2.0-105044911808,Q5,X,tidak relevan pada tahap judul
2790,2-s2.0-105048434957,Q5,X,tidak relevan pada tahap judul
2791,2-s2.0-105038146228,Q5,X,tidak relevan pada tahap judul
2792,2-s2.0-105050654536,Q5,X,tidak relevan pada tahap judul
2793,2-s2.0-105048191738,Q5,X,tidak relevan pada tahap judul
2794,2-s2.0-105048441207,Q5,X,tidak relevan pada tahap judul
2795,2-s2.0-105039651832,Q5,X,tidak relevan pada tahap judul
2796,2-s2.0-105036678442,Q5,X,tidak relevan pada tahap judul
2797,2-s2.0-105034687072,Q5,X,tidak relevan pada tahap judul
2798,2-s2.0-105048424717,Q5,X,tidak relevan pada tahap judul
2799,2-s2.0-105048299158,Q5,X,tidak relevan pada tahap judul
2800,2-s2.0-105047339118,Q5,X,tidak relevan pada tahap judul
2801,2-s2.0-105047535141,Q5,X,tidak relevan pada tahap judul
2802,2-s2.0-105036248512,Q5,X,tidak relevan pada tahap judul
2803,2-s2.0-105034662456,Q5,X,tidak relevan pada tahap judul
2804,2-s2.0-105035664909,Q5,X,tidak relevan pada tahap judul
2805,2-s2.0-105048785330,Q5,X,tidak relevan pada tahap judul
2806,2-s2.0-105045462333,Q5,X,tidak relevan pada tahap judul
2807,2-s2.0-105039074873,Q5,X,tidak relevan pada tahap judul
2808,2-s2.0-105046887484,Q5,X,tidak relevan pada tahap judul
2809,2-s2.0-105046273342,Q5,X,tidak relevan pada tahap judul
2810,2-s2.0-105037915817,Q5,X,tidak relevan pada tahap judul
2811,2-s2.0-105037718173,Q5,X,tidak relevan pada tahap judul
2812,2-s2.0-105044618084,Q5,X,tidak relevan pada tahap judul
2813,2-s2.0-105045861505,Q5,X,tidak relevan pada tahap judul
2814,2-s2.0-105047528398,Q5,X,tidak relevan pada tahap judul
2815,2-s2.0-105045785115,Q5,I,
2816,2-s2.0-105040554880,Q5,X,tidak relevan pada tahap judul
2817,2-s2.0-105033606852,Q5,X,tidak relevan pada tahap judul
2818,2-s2.0-105027749921,Q5,X,tidak relevan pada tahap judul
2819,2-s2.0-105034616014,Q5,X,tidak relevan pada tahap judul
2820,2-s2.0-105032382201,Q5,X,tidak relevan pada tahap judul
2821,2-s2.0-105036450430,Q5,X,tidak relevan pada tahap judul
2822,2-s2.0-105046954992,Q5,X,tidak relevan pada tahap judul
2823,2-s2.0-105043007067,Q5,X,tidak relevan pada tahap judul
2824,2-s2.0-105034587753,Q5,X,tidak relevan pada tahap judul
2825,2-s2.0-105042917018,Q5,I,
2826,2-s2.0-105043147055,Q5,X,tidak relevan pada tahap judul
2827,2-s2.0-105041675554,Q5,X,tidak relevan pada tahap judul
2828,2-s2.0-105041960627,Q5,X,tidak relevan pada tahap judul
2829,2-s2.0-105034268043,Q5,M,
2830,2-s2.0-105041527050,Q5,X,tidak relevan pada tahap judul
2831,2-s2.0-105041082221,Q5,X,tidak relevan pada tahap judul
2832,2-s2.0-105035309044,Q5,X,tidak relevan pada tahap judul
2833,2-s2.0-105040348578,Q5,X,tidak relevan pada tahap judul
2834,2-s2.0-105034503066,Q5,X,tidak relevan pada tahap judul
2835,2-s2.0-105043217161,Q5,X,tidak relevan pada tahap judul
2836,2-s2.0-105040242691,Q5,X,tidak relevan pada tahap judul
2837,2-s2.0-105036983591,Q5,X,tidak relevan pada tahap judul
2838,2-s2.0-105043991293,Q5,X,tidak relevan pada tahap judul
2839,2-s2.0-105040064413,Q5,R,
2840,2-s2.0-105040414283,Q5,X,tidak relevan pada tahap judul
2841,2-s2.0-105039281300,Q5,X,tidak relevan pada tahap judul
2842,2-s2.0-105040197439,Q5,X,tidak relevan pada tahap judul
2843,2-s2.0-105033077357,Q5,X,tidak relevan pada tahap judul
2844,2-s2.0-105033439346,Q5,X,tidak relevan pada tahap judul
2845,2-s2.0-105043988599,Q5,X,tidak relevan pada tahap judul
2846,2-s2.0-105030870977,Q5,X,tidak relevan pada tahap judul
2847,2-s2.0-105035185507,Q5,M,
2848,2-s2.0-105036043141,Q5,X,tidak relevan pada tahap judul
2849,2-s2.0-105023306143,Q5,X,tidak relevan pada tahap judul
2850,2-s2.0-105031422443,Q5,X,tidak relevan pada tahap judul
2851,2-s2.0-105040120181,Q5,X,tidak relevan pada tahap judul
2852,2-s2.0-105036954760,Q5,X,tidak relevan pada tahap judul
2853,2-s2.0-105030920802,Q5,X,tidak relevan pada tahap judul
2854,2-s2.0-105031592152,Q5,X,tidak relevan pada tahap judul
2855,2-s2.0-105040053762,Q5,X0,tipe dokumen dikeluarkan tahap 0
2856,2-s2.0-105025469733,Q5,X,tidak relevan pada tahap judul
2857,2-s2.0-105029679660,Q5,X,tidak relevan pada tahap judul
2858,2-s2.0-105036647722,Q5,X,tidak relevan pada tahap judul
2859,2-s2.0-105035312283,Q5,X,tidak relevan pada tahap judul
2860,2-s2.0-105031691882,Q5,X,tidak relevan pada tahap judul
2861,2-s2.0-105037216702,Q5,X,tidak relevan pada tahap judul
2862,2-s2.0-105029667464,Q5,X,tidak relevan pada tahap judul
2863,2-s2.0-105017960306,Q5,X,tidak relevan pada tahap judul
2864,2-s2.0-105035559006,Q5,X,tidak relevan pada tahap judul
2865,2-s2.0-105036864336,Q5,X,tidak relevan pada tahap judul
2866,2-s2.0-105037222154,Q5,X,tidak relevan pada tahap judul
2867,2-s2.0-105037082851,Q5,X,tidak relevan pada tahap judul
2868,2-s2.0-105029253391,Q5,X,tidak relevan pada tahap judul
2869,2-s2.0-105038108763,Q5,X,tidak relevan pada tahap judul
2870,2-s2.0-105029946199,Q5,X,tidak relevan pada tahap judul
2871,2-s2.0-105029226034,Q5,X,tidak relevan pada tahap judul
2872,2-s2.0-105029086153,Q5,X,tidak relevan pada tahap judul
2873,2-s2.0-105029242651,Q5,X,tidak relevan pada tahap judul
2874,2-s2.0-105027978933,Q5,X,tidak relevan pada tahap judul
2875,2-s2.0-105028901216,Q5,X,tidak relevan pada tahap judul
2876,2-s2.0-105034348397,Q5,X,tidak relevan pada tahap judul
2877,2-s2.0-105019507435,Q5,X,tidak relevan pada tahap judul
2878,2-s2.0-105034190221,Q5,X,tidak relevan pada tahap judul
2879,2-s2.0-105032387237,Q5,X,tidak relevan pada tahap judul
2880,2-s2.0-105032348211,Q5,X,tidak relevan pada tahap judul
2881,2-s2.0-105024412699,Q5,X,tidak relevan pada tahap judul
2882,2-s2.0-105031638347,Q5,X,tidak relevan pada tahap judul
2883,2-s2.0-105033960584,Q5,X,tidak relevan pada tahap judul
2884,2-s2.0-105034076169,Q5,X,tidak relevan pada tahap judul
2885,2-s2.0-105034475850,Q5,X,tidak relevan pada tahap judul
2886,2-s2.0-105027469984,Q5,X,tidak relevan pada tahap judul
2887,2-s2.0-105033576957,Q5,X,tidak relevan pada tahap judul
2888,2-s2.0-105031726324,Q5,X,tidak relevan pada tahap judul
2889,2-s2.0-85209388222,Q5,X,tidak relevan pada tahap judul
2890,2-s2.0-105032807738,Q5,X,tidak relevan pada tahap judul
2891,2-s2.0-105033883894,Q5,X,tidak relevan pada tahap judul
2892,2-s2.0-105026661162,Q5,X,tidak relevan pada tahap judul
2893,2-s2.0-105025409931,Q5,M,
2894,2-s2.0-105025117446,Q5,X,tidak relevan pada tahap judul
2895,2-s2.0-105025481616,Q5,X,tidak relevan pada tahap judul
2896,2-s2.0-105031247859,Q5,X,tidak relevan pada tahap judul
2897,2-s2.0-105031261796,Q5,X,tidak relevan pada tahap judul
2898,2-s2.0-105031059991,Q5,X,tidak relevan pada tahap judul
2899,2-s2.0-105028405345,Q5,X,tidak relevan pada tahap judul
2900,2-s2.0-105025161080,Q5,X,tidak relevan pada tahap judul
2901,2-s2.0-105022151262,Q5,I,
2902,2-s2.0-105031433086,Q5,X,tidak relevan pada tahap judul
2903,2-s2.0-105029923214,Q5,X,tidak relevan pada tahap judul
2904,2-s2.0-105031261517,Q5,I,
2905,2-s2.0-105031257514,Q5,X,tidak relevan pada tahap judul
2906,2-s2.0-105038724006,Q5,X,tidak relevan pada tahap judul
2907,2-s2.0-105028261648,Q5,X,tidak relevan pada tahap judul
2908,2-s2.0-105030131332,Q5,X,tidak relevan pada tahap judul
2909,2-s2.0-105032261833,Q5,X,tidak relevan pada tahap judul
2910,2-s2.0-105034325177,Q5,X,tidak relevan pada tahap judul
2911,2-s2.0-105026664229,Q5,X,tidak relevan pada tahap judul
2912,2-s2.0-105046474984,Q5,X,tidak relevan pada tahap judul
2913,2-s2.0-105041886491,Q5,X,tidak relevan pada tahap judul
2914,2-s2.0-105050330816,Q5,X,tidak relevan pada tahap judul
2915,2-s2.0-105028668885,Q5,X,tidak relevan pada tahap judul
2916,2-s2.0-105030280589,Q5,X0,tipe dokumen dikeluarkan tahap 0
2917,2-s2.0-105038391566,Q5,X,tidak relevan pada tahap judul
2918,2-s2.0-105028526385,Q5,X,tidak relevan pada tahap judul
2919,2-s2.0-105019250225,Q5,X,tidak relevan pada tahap judul
2920,2-s2.0-105040390505,Q5,X,tidak relevan pada tahap judul
2921,2-s2.0-105037977523,Q5,X,tidak relevan pada tahap judul
2922,2-s2.0-105038400060,Q5,X,tidak relevan pada tahap judul
2923,2-s2.0-105032497218,Q5,X,tidak relevan pada tahap judul
2924,2-s2.0-105030866062,Q5,X,tidak relevan pada tahap judul
2925,2-s2.0-105027265525,Q5,X,tidak relevan pada tahap judul
2926,2-s2.0-105028082848,Q5,X,tidak relevan pada tahap judul
2927,2-s2.0-105034475837,Q5,X,tidak relevan pada tahap judul
2928,2-s2.0-105028653542,Q5,X,tidak relevan pada tahap judul
2929,2-s2.0-105029923158,Q5,X,tidak relevan pada tahap judul
2930,2-s2.0-105040405006,Q5,X,tidak relevan pada tahap judul
2931,2-s2.0-105035922393,Q5,X,tidak relevan pada tahap judul
2932,2-s2.0-105021467463,Q5,X,tidak relevan pada tahap judul
2933,2-s2.0-105027919431,Q5,X,tidak relevan pada tahap judul
2934,2-s2.0-105050631675,Q5,X,tidak relevan pada tahap judul
2935,2-s2.0-105028712940,Q5,X,tidak relevan pada tahap judul
2936,2-s2.0-105011061195,Q5,X,tidak relevan pada tahap judul
2937,2-s2.0-105040341240,Q5,X0,tipe dokumen dikeluarkan tahap 0
2938,2-s2.0-105046910435,Q5,X,tidak relevan pada tahap judul
2939,2-s2.0-105037921602,Q5,X,tidak relevan pada tahap judul
2940,2-s2.0-105025145976,Q5,X,tidak relevan pada tahap judul
2941,2-s2.0-105032771600,Q5,X,tidak relevan pada tahap judul
2942,2-s2.0-105047725166,Q5,X,tidak relevan pada tahap judul
2943,2-s2.0-105049146816,Q5,X,tidak relevan pada tahap judul
2944,2-s2.0-105033282819,Q5,X,tidak relevan pada tahap judul
2945,2-s2.0-105049716434,Q5,I,
2946,2-s2.0-105028717862,Q5,X,tidak relevan pada tahap judul
2947,2-s2.0-105019690438,Q5,X0,tipe dokumen dikeluarkan tahap 0
2948,2-s2.0-105034473016,Q5,X,tidak relevan pada tahap judul
2949,2-s2.0-105041675648,Q5,X,tidak relevan pada tahap judul
2950,2-s2.0-105041649235,Q5,X,tidak relevan pada tahap judul
2951,2-s2.0-105047422890,Q5,X,tidak relevan pada tahap judul
2952,2-s2.0-105033074702,Q5,X,tidak relevan pada tahap judul
2953,2-s2.0-105021829548,Q5,X,tidak relevan pada tahap judul
2954,2-s2.0-105038456644,Q5,X,tidak relevan pada tahap judul
2955,2-s2.0-105044313080,Q5,X,tidak relevan pada tahap judul
2956,2-s2.0-105032863711,Q5,X,tidak relevan pada tahap judul
2957,2-s2.0-105049052067,Q5,X,tidak relevan pada tahap judul
2958,2-s2.0-105042376452,Q5,X,tidak relevan pada tahap judul
2959,2-s2.0-105048651435,Q5,X,tidak relevan pada tahap judul
2960,2-s2.0-105048344455,Q5,X,tidak relevan pada tahap judul
2961,2-s2.0-105019321200,Q5,X0,tipe dokumen dikeluarkan tahap 0
2962,2-s2.0-105035765634,Q5,X,tidak relevan pada tahap judul
2963,2-s2.0-105036973411,Q5,X,tidak relevan pada tahap judul
2964,2-s2.0-105027150814,Q5,X,tidak relevan pada tahap judul
2965,2-s2.0-105045825277,Q5,X,tidak relevan pada tahap judul
2966,2-s2.0-105043761595,Q5,X0,tipe dokumen dikeluarkan tahap 0
2967,2-s2.0-105048316174,Q5,X,tidak relevan pada tahap judul
2968,2-s2.0-105040741306,Q5,X,tidak relevan pada tahap judul
2969,2-s2.0-105028700798,Q5,X,tidak relevan pada tahap judul
2970,2-s2.0-105028524575,Q5,X,tidak relevan pada tahap judul
2971,2-s2.0-105029402013,Q5,X0,tipe dokumen dikeluarkan tahap 0
2972,2-s2.0-105028329530,Q5,X,tidak relevan pada tahap judul
2973,2-s2.0-105030612649,Q5,X,tidak relevan pada tahap judul
2974,2-s2.0-105048939962,Q5,X,tidak relevan pada tahap judul
2975,2-s2.0-105017898418,Q5,X,tidak relevan pada tahap judul
2976,2-s2.0-105026856647,Q5,X,tidak relevan pada tahap judul
2977,2-s2.0-105026283027,Q5,X,tidak relevan pada tahap judul
2978,2-s2.0-105024101311,Q5,X,tidak relevan pada tahap judul
2979,2-s2.0-105012724241,Q5,X,tidak relevan pada tahap judul
2980,2-s2.0-105011183841,Q5,X,tidak relevan pada tahap judul
2981,2-s2.0-105033078268,Q5,X,tidak relevan pada tahap judul
2982,2-s2.0-105009880279,Q5,X,tidak relevan pada tahap judul
2983,2-s2.0-105014444071,Q5,X,tidak relevan pada tahap judul
2984,2-s2.0-105025482169,Q5,X,tidak relevan pada tahap judul
2985,2-s2.0-105020854850,Q5,X,tidak relevan pada tahap judul
2986,2-s2.0-105015296935,Q5,X,tidak relevan pada tahap judul
2987,2-s2.0-105017605658,Q5,X,tidak relevan pada tahap judul
2988,2-s2.0-105027521605,Q5,X,tidak relevan pada tahap judul
2989,2-s2.0-105008282298,Q5,X,tidak relevan pada tahap judul
2990,2-s2.0-105014462428,Q5,X,tidak relevan pada tahap judul
2991,2-s2.0-85218684188,Q5,X,tidak relevan pada tahap judul
2992,2-s2.0-105012906495,Q5,X,tidak relevan pada tahap judul
2993,2-s2.0-105014506969,Q5,X,tidak relevan pada tahap judul
2994,2-s2.0-105024422399,Q5,X,tidak relevan pada tahap judul
2995,2-s2.0-105014030767,Q5,X,tidak relevan pada tahap judul
2996,2-s2.0-105020575066,Q5,X,tidak relevan pada tahap judul
2997,2-s2.0-105025890727,Q5,X,tidak relevan pada tahap judul
2998,2-s2.0-105019764480,Q5,X,tidak relevan pada tahap judul
2999,2-s2.0-105021873561,Q5,X,tidak relevan pada tahap judul
3000,2-s2.0-105013859672,Q5,X,tidak relevan pada tahap judul
3001,2-s2.0-105020677531,Q5,X,tidak relevan pada tahap judul
3002,2-s2.0-105003437059,Q5,X,tidak relevan pada tahap judul
3003,2-s2.0-105017655453,Q5,X,tidak relevan pada tahap judul
3004,2-s2.0-105014002344,Q5,X,tidak relevan pada tahap judul
3005,2-s2.0-105030102568,Q5,X,tidak relevan pada tahap judul
3006,2-s2.0-105021547108,Q5,X,tidak relevan pada tahap judul
3007,2-s2.0-105038224686,Q5,X,tidak relevan pada tahap judul
3008,2-s2.0-105023059889,Q5,X,tidak relevan pada tahap judul
3009,2-s2.0-105022912503,Q5,X,tidak relevan pada tahap judul
3010,2-s2.0-105024471073,Q5,X,tidak relevan pada tahap judul
3011,2-s2.0-105021458961,Q5,X,tidak relevan pada tahap judul
3012,2-s2.0-105011971265,Q5,X,tidak relevan pada tahap judul
3013,2-s2.0-105003966885,Q5,X,tidak relevan pada tahap judul
3014,2-s2.0-105011832997,Q5,X,tidak relevan pada tahap judul
3015,2-s2.0-105021535730,Q5,X,tidak relevan pada tahap judul
3016,2-s2.0-105021485757,Q5,X,tidak relevan pada tahap judul
3017,2-s2.0-105023055158,Q5,X,tidak relevan pada tahap judul
3018,2-s2.0-105022900550,Q5,X,tidak relevan pada tahap judul
3019,2-s2.0-105022729615,Q5,X,tidak relevan pada tahap judul
3020,2-s2.0-105024938927,Q5,X,tidak relevan pada tahap judul
3021,2-s2.0-105022755251,Q5,X0,tipe dokumen dikeluarkan tahap 0
3022,2-s2.0-105026935693,Q5,X,tidak relevan pada tahap judul
3023,2-s2.0-105007294085,Q5,X,tidak relevan pada tahap judul
3024,2-s2.0-105005962096,Q5,X,tidak relevan pada tahap judul
3025,2-s2.0-105019515276,Q5,I,
3026,2-s2.0-105020289174,Q5,I,
3027,2-s2.0-105021327715,Q5,X,tidak relevan pada tahap judul
3028,2-s2.0-105005203221,Q5,X,tidak relevan pada tahap judul
3029,2-s2.0-105011346936,Q5,X,tidak relevan pada tahap judul
3030,2-s2.0-105018907328,Q5,X,tidak relevan pada tahap judul
3031,2-s2.0-105005585526,Q5,X,tidak relevan pada tahap judul
3032,2-s2.0-105020283783,Q5,X,tidak relevan pada tahap judul
3033,2-s2.0-105005488373,Q5,X,tidak relevan pada tahap judul
3034,2-s2.0-105020085853,Q5,X,tidak relevan pada tahap judul
3035,2-s2.0-105019206647,Q5,X,tidak relevan pada tahap judul
3036,2-s2.0-105030484461,Q5,X,tidak relevan pada tahap judul
3037,2-s2.0-105009376050,Q5,X,tidak relevan pada tahap judul
3038,2-s2.0-105024756379,Q5,X,tidak relevan pada tahap judul
3039,2-s2.0-105022284408,Q5,X0,tipe dokumen dikeluarkan tahap 0
3040,2-s2.0-105020040820,Q5,X,tidak relevan pada tahap judul
3041,2-s2.0-105008216404,Q5,X,tidak relevan pada tahap judul
3042,2-s2.0-105007022191,Q5,X,tidak relevan pada tahap judul
3043,2-s2.0-105003559554,Q5,M,
3044,2-s2.0-105017297858,Q5,X,tidak relevan pada tahap judul
3045,2-s2.0-105003107704,Q5,I,
3046,2-s2.0-105003302064,Q5,X,tidak relevan pada tahap judul
3047,2-s2.0-105015894574,Q5,X,tidak relevan pada tahap judul
3048,2-s2.0-105003762564,Q5,X,tidak relevan pada tahap judul
3049,2-s2.0-105015433050,Q5,X,tidak relevan pada tahap judul
3050,2-s2.0-105015686209,Q5,X,tidak relevan pada tahap judul
3051,2-s2.0-105017159294,Q5,X,tidak relevan pada tahap judul
3052,2-s2.0-105002425339,Q5,X,tidak relevan pada tahap judul
3053,2-s2.0-105025948192,Q5,M,
3054,2-s2.0-105014617027,Q5,X,tidak relevan pada tahap judul
3055,2-s2.0-105014262423,Q5,X,tidak relevan pada tahap judul
3056,2-s2.0-105014371948,Q5,X,tidak relevan pada tahap judul
3057,2-s2.0-105002017613,Q5,X,tidak relevan pada tahap judul
3058,2-s2.0-105011759241,Q5,X,tidak relevan pada tahap judul
3059,2-s2.0-105002490771,Q5,X,tidak relevan pada tahap judul
3060,2-s2.0-105025894527,Q5,X,tidak relevan pada tahap judul
3061,2-s2.0-105001500080,Q5,X,tidak relevan pada tahap judul
3062,2-s2.0-105001504938,Q5,X,tidak relevan pada tahap judul
3063,2-s2.0-105002848306,Q5,X,tidak relevan pada tahap judul
3064,2-s2.0-105025962881,Q5,X,tidak relevan pada tahap judul
3065,2-s2.0-85216188917,Q5,X,tidak relevan pada tahap judul
3066,2-s2.0-105013456427,Q5,X,tidak relevan pada tahap judul
3067,2-s2.0-105011765833,Q5,X,tidak relevan pada tahap judul
3068,2-s2.0-105014395547,Q5,X,tidak relevan pada tahap judul
3069,2-s2.0-105014316753,Q5,X,tidak relevan pada tahap judul
3070,2-s2.0-105011848064,Q5,X,tidak relevan pada tahap judul
3071,2-s2.0-105011637764,Q5,X,tidak relevan pada tahap judul
3072,2-s2.0-105010298376,Q5,X,tidak relevan pada tahap judul
3073,2-s2.0-105010641764,Q5,X,tidak relevan pada tahap judul
3074,2-s2.0-105010314581,Q5,X,tidak relevan pada tahap judul
3075,2-s2.0-105010182010,Q5,X,tidak relevan pada tahap judul
3076,2-s2.0-105011622117,Q5,X,tidak relevan pada tahap judul
3077,2-s2.0-105011151672,Q5,X,tidak relevan pada tahap judul
3078,2-s2.0-105014594958,Q5,X,tidak relevan pada tahap judul
3079,2-s2.0-105010282475,Q5,X,tidak relevan pada tahap judul
3080,2-s2.0-105011609246,Q5,X,tidak relevan pada tahap judul
3081,2-s2.0-105003807649,Q5,X,tidak relevan pada tahap judul
3082,2-s2.0-105012156992,Q5,X,tidak relevan pada tahap judul
3083,2-s2.0-105010135263,Q5,X,tidak relevan pada tahap judul
3084,2-s2.0-105011737002,Q5,X,tidak relevan pada tahap judul
3085,2-s2.0-85219342429,Q5,X,tidak relevan pada tahap judul
3086,2-s2.0-86000651396,Q5,X,tidak relevan pada tahap judul
3087,2-s2.0-85219100623,Q5,X,tidak relevan pada tahap judul
3088,2-s2.0-105008101734,Q5,X,tidak relevan pada tahap judul
3089,2-s2.0-105007640120,Q5,I,
3090,2-s2.0-105009749770,Q5,X,tidak relevan pada tahap judul
3091,2-s2.0-105009648059,Q5,X,tidak relevan pada tahap judul
3092,2-s2.0-85208265829,Q5,X,tidak relevan pada tahap judul
3093,2-s2.0-105005779652,Q5,X,tidak relevan pada tahap judul
3094,2-s2.0-105011940133,Q5,X,tidak relevan pada tahap judul
3095,2-s2.0-105009591404,Q5,X,tidak relevan pada tahap judul
3096,2-s2.0-105007759959,Q5,I,
3097,2-s2.0-105008991707,Q5,X,tidak relevan pada tahap judul
3098,2-s2.0-85218627262,Q5,X,tidak relevan pada tahap judul
3099,2-s2.0-105007879794,Q5,X,tidak relevan pada tahap judul
3100,2-s2.0-105003568983,Q5,X,tidak relevan pada tahap judul
3101,2-s2.0-105012131309,Q5,X,tidak relevan pada tahap judul
3102,2-s2.0-85218154612,Q5,X,tidak relevan pada tahap judul
3103,2-s2.0-85217081686,Q5,X,tidak relevan pada tahap judul
3104,2-s2.0-105001945102,Q5,X,tidak relevan pada tahap judul
3105,2-s2.0-85217972437,Q5,X,tidak relevan pada tahap judul
3106,2-s2.0-105005579172,Q5,X,tidak relevan pada tahap judul
3107,2-s2.0-85214571686,Q5,X,tidak relevan pada tahap judul
3108,2-s2.0-105006757878,Q5,X,tidak relevan pada tahap judul
3109,2-s2.0-105004680145,Q5,X,tidak relevan pada tahap judul
3110,2-s2.0-105008318281,Q5,X,tidak relevan pada tahap judul
3111,2-s2.0-105003637336,Q5,X,tidak relevan pada tahap judul
3112,2-s2.0-85215429057,Q5,X,tidak relevan pada tahap judul
3113,2-s2.0-85216935365,Q5,X,tidak relevan pada tahap judul
3114,2-s2.0-105003564063,Q5,X,tidak relevan pada tahap judul
3115,2-s2.0-105003670034,Q5,X,tidak relevan pada tahap judul
3116,2-s2.0-105004762780,Q5,X,tidak relevan pada tahap judul
3117,2-s2.0-105002211403,Q5,X,tidak relevan pada tahap judul
3118,2-s2.0-105002286745,Q5,X,tidak relevan pada tahap judul
3119,2-s2.0-105003535829,Q5,X,tidak relevan pada tahap judul
3120,2-s2.0-85216861120,Q5,X,tidak relevan pada tahap judul
3121,2-s2.0-85212563018,Q5,X,tidak relevan pada tahap judul
3122,2-s2.0-105001588560,Q5,M,
3123,2-s2.0-85214281889,Q5,X,tidak relevan pada tahap judul
3124,2-s2.0-85219705706,Q5,X,tidak relevan pada tahap judul
3125,2-s2.0-85214142614,Q5,X,tidak relevan pada tahap judul
3126,2-s2.0-105001515836,Q5,X,tidak relevan pada tahap judul
3127,2-s2.0-105004020358,Q5,X,tidak relevan pada tahap judul
3128,2-s2.0-105001022007,Q5,X,tidak relevan pada tahap judul
3129,2-s2.0-85217899267,Q5,X,tidak relevan pada tahap judul
3130,2-s2.0-105001156264,Q5,X,tidak relevan pada tahap judul
3131,2-s2.0-105004478744,Q5,X,tidak relevan pada tahap judul
3132,2-s2.0-85211169593,Q5,X,tidak relevan pada tahap judul
3133,2-s2.0-85210663138,Q5,X,tidak relevan pada tahap judul
3134,2-s2.0-85210115654,Q5,X,tidak relevan pada tahap judul
3135,2-s2.0-105000129325,Q5,X0,tipe dokumen dikeluarkan tahap 0
3136,2-s2.0-85215130468,Q5,X,tidak relevan pada tahap judul
3137,2-s2.0-85208656405,Q5,X,tidak relevan pada tahap judul
3138,2-s2.0-85217632574,Q5,X,tidak relevan pada tahap judul
3139,2-s2.0-85219748838,Q5,X,tidak relevan pada tahap judul
3140,2-s2.0-85219755141,Q5,X,tidak relevan pada tahap judul
3141,2-s2.0-85218866001,Q5,X,tidak relevan pada tahap judul
3142,2-s2.0-85217686068,Q5,X,tidak relevan pada tahap judul
3143,2-s2.0-105000732231,Q5,X,tidak relevan pada tahap judul
3144,2-s2.0-86000356252,Q5,X,tidak relevan pada tahap judul
3145,2-s2.0-85212878625,Q5,X,tidak relevan pada tahap judul
3146,2-s2.0-85210761301,Q5,I,
3147,2-s2.0-85207325049,Q5,X,tidak relevan pada tahap judul
3148,2-s2.0-85208433367,Q5,X,tidak relevan pada tahap judul
3149,2-s2.0-85219173221,Q5,X,tidak relevan pada tahap judul
3150,2-s2.0-86000279466,Q5,X,tidak relevan pada tahap judul
3151,2-s2.0-85200820697,Q5,I,
3152,2-s2.0-85215826551,Q5,X,tidak relevan pada tahap judul
3153,2-s2.0-105005165047,Q5,X,tidak relevan pada tahap judul
3154,2-s2.0-85208174554,Q5,X,tidak relevan pada tahap judul
3155,2-s2.0-105003695221,Q5,X,tidak relevan pada tahap judul
3156,2-s2.0-105006452566,Q5,X,tidak relevan pada tahap judul
3157,2-s2.0-105034871751,Q5,I,
3158,2-s2.0-105041575624,Q5,X,tidak relevan pada tahap judul
3159,2-s2.0-105033227349,Q5,X,tidak relevan pada tahap judul
3160,2-s2.0-105022501944,Q5,X,tidak relevan pada tahap judul
3161,2-s2.0-105034092152,Q5,X,tidak relevan pada tahap judul
3162,2-s2.0-105001195241,Q5,X,tidak relevan pada tahap judul
3163,2-s2.0-105041518882,Q5,X,tidak relevan pada tahap judul
3164,2-s2.0-105016545787,Q5,X,tidak relevan pada tahap judul
3165,2-s2.0-105037365905,Q5,X,tidak relevan pada tahap judul
3166,2-s2.0-105031885466,Q5,X,tidak relevan pada tahap judul
3167,2-s2.0-105029579627,Q5,X,tidak relevan pada tahap judul
3168,2-s2.0-105017845698,Q5,X,tidak relevan pada tahap judul
3169,2-s2.0-105016132061,Q5,X,tidak relevan pada tahap judul
3170,2-s2.0-105032682259,Q5,X,tidak relevan pada tahap judul
3171,2-s2.0-105020286261,Q5,X,tidak relevan pada tahap judul
3172,2-s2.0-105007533161,Q5,X,tidak relevan pada tahap judul
3173,2-s2.0-105013969116,Q5,X,tidak relevan pada tahap judul
3174,2-s2.0-105041019396,Q5,X,tidak relevan pada tahap judul
3175,2-s2.0-85208048410,Q5,X,tidak relevan pada tahap judul
3176,2-s2.0-105034720740,Q5,X,tidak relevan pada tahap judul
3177,2-s2.0-85215075367,Q5,X,tidak relevan pada tahap judul
3178,2-s2.0-85215799074,Q5,X,tidak relevan pada tahap judul
3179,2-s2.0-105006589200,Q5,X,tidak relevan pada tahap judul
3180,2-s2.0-105003883823,Q5,X,tidak relevan pada tahap judul
3181,2-s2.0-85218455857,Q5,X,tidak relevan pada tahap judul
3182,2-s2.0-105004902818,Q5,X,tidak relevan pada tahap judul
3183,2-s2.0-105034262146,Q5,X,tidak relevan pada tahap judul
3184,2-s2.0-85212294233,Q5,X,tidak relevan pada tahap judul
3185,2-s2.0-105002037203,Q5,R,
3186,2-s2.0-105002015726,Q5,X,tidak relevan pada tahap judul
3187,2-s2.0-105015507864,Q5,X,tidak relevan pada tahap judul
3188,2-s2.0-85217965848,Q5,X,tidak relevan pada tahap judul
3189,2-s2.0-105041551880,Q5,X,tidak relevan pada tahap judul
3190,2-s2.0-105032714487,Q5,X,tidak relevan pada tahap judul
3191,2-s2.0-105009632979,Q5,X,tidak relevan pada tahap judul
3192,2-s2.0-105019659922,Q5,X,tidak relevan pada tahap judul
3193,2-s2.0-105041494103,Q5,I,
3194,2-s2.0-105015470358,Q5,X,tidak relevan pada tahap judul
3195,2-s2.0-105019923209,Q5,X,tidak relevan pada tahap judul
3196,2-s2.0-105016841667,Q5,X,tidak relevan pada tahap judul
3197,2-s2.0-105003941243,Q5,X,tidak relevan pada tahap judul
3198,2-s2.0-105015994892,Q5,X,tidak relevan pada tahap judul
3199,2-s2.0-105011816993,Q5,X,tidak relevan pada tahap judul
3200,2-s2.0-105037332391,Q5,X,tidak relevan pada tahap judul
3201,2-s2.0-85216091164,Q5,X,tidak relevan pada tahap judul
3202,2-s2.0-105024576787,Q5,X,tidak relevan pada tahap judul
3203,2-s2.0-105033614557,Q5,I,
3204,2-s2.0-85211859975,Q5,X,tidak relevan pada tahap judul
3205,2-s2.0-105032050954,Q5,X,tidak relevan pada tahap judul
3206,2-s2.0-105018517070,Q5,I,
3207,2-s2.0-105004168940,Q5,X,tidak relevan pada tahap judul
3208,2-s2.0-85218356632,Q5,X,tidak relevan pada tahap judul
3209,2-s2.0-105013051415,Q5,X,tidak relevan pada tahap judul
3210,2-s2.0-105029908014,Q5,X,tidak relevan pada tahap judul
3211,2-s2.0-105008378094,Q5,X,tidak relevan pada tahap judul
3212,2-s2.0-105033148773,Q5,X,tidak relevan pada tahap judul
3213,2-s2.0-105036530596,Q5,X0,tipe dokumen dikeluarkan tahap 0
3214,2-s2.0-105041522504,Q5,X,tidak relevan pada tahap judul
3215,2-s2.0-105031367381,Q5,X,tidak relevan pada tahap judul
3216,2-s2.0-105012574056,Q5,X,tidak relevan pada tahap judul
3217,2-s2.0-105024542975,Q5,X,tidak relevan pada tahap judul
3218,2-s2.0-105018178579,Q5,X,tidak relevan pada tahap judul
3219,2-s2.0-105034360616,Q5,X,tidak relevan pada tahap judul
3220,2-s2.0-105023909405,Q5,M,
3221,2-s2.0-105015550180,Q5,X,tidak relevan pada tahap judul
3222,2-s2.0-85214449183,Q5,X,tidak relevan pada tahap judul
3223,2-s2.0-105033498337,Q5,X,tidak relevan pada tahap judul
3224,2-s2.0-85216305532,Q5,X,tidak relevan pada tahap judul
3225,2-s2.0-105014892004,Q5,X,tidak relevan pada tahap judul
3226,2-s2.0-105011969378,Q5,X,tidak relevan pada tahap judul
3227,2-s2.0-105007190305,Q5,X,tidak relevan pada tahap judul
3228,2-s2.0-105016610745,Q5,X,tidak relevan pada tahap judul
3229,2-s2.0-105027376562,Q5,X,tidak relevan pada tahap judul
3230,2-s2.0-105032675921,Q5,X,tidak relevan pada tahap judul
3231,2-s2.0-85214536675,Q5,X,tidak relevan pada tahap judul
3232,2-s2.0-85216114349,Q5,X,tidak relevan pada tahap judul
3233,2-s2.0-85207600793,Q5,X,tidak relevan pada tahap judul
3234,2-s2.0-85211820012,Q5,X,tidak relevan pada tahap judul
3235,2-s2.0-85213273565,Q5,X,tidak relevan pada tahap judul
3236,2-s2.0-85205551687,Q5,X,tidak relevan pada tahap judul
3237,2-s2.0-85198505254,Q5,M,
3238,2-s2.0-85209073257,Q5,X,tidak relevan pada tahap judul
3239,2-s2.0-85213215085,Q5,X,tidak relevan pada tahap judul
3240,2-s2.0-85207039949,Q5,X,tidak relevan pada tahap judul
3241,2-s2.0-85213212186,Q5,X,tidak relevan pada tahap judul
3242,2-s2.0-85215655916,Q5,X,tidak relevan pada tahap judul
3243,2-s2.0-85213209757,Q5,X,tidak relevan pada tahap judul
3244,2-s2.0-85202818349,Q5,X,tidak relevan pada tahap judul
3245,2-s2.0-85213084993,Q5,X,tidak relevan pada tahap judul
3246,2-s2.0-85195608181,Q5,X,tidak relevan pada tahap judul
3247,2-s2.0-85190503369,Q5,X,tidak relevan pada tahap judul
3248,2-s2.0-85208573146,Q5,X,tidak relevan pada tahap judul
3249,2-s2.0-85209947618,Q5,X,tidak relevan pada tahap judul
3250,2-s2.0-85209407828,Q5,X,tidak relevan pada tahap judul
3251,2-s2.0-85208531185,Q5,X,tidak relevan pada tahap judul
3252,2-s2.0-85204875552,Q5,X,tidak relevan pada tahap judul
3253,2-s2.0-85209630131,Q5,X,tidak relevan pada tahap judul
3254,2-s2.0-85204783656,Q5,X,tidak relevan pada tahap judul
3255,2-s2.0-85218341316,Q5,X,tidak relevan pada tahap judul
3256,2-s2.0-85209678541,Q5,X,tidak relevan pada tahap judul
3257,2-s2.0-85216010013,Q5,X,tidak relevan pada tahap judul
3258,2-s2.0-85212400083,Q5,X,tidak relevan pada tahap judul
3259,2-s2.0-85212404922,Q5,X0,tipe dokumen dikeluarkan tahap 0
3260,2-s2.0-85201386732,Q5,X,tidak relevan pada tahap judul
3261,2-s2.0-85216236643,Q5,X,tidak relevan pada tahap judul
3262,2-s2.0-85204794422,Q5,X,tidak relevan pada tahap judul
3263,2-s2.0-85208764090,Q5,R,
3264,2-s2.0-85213260315,Q5,X,tidak relevan pada tahap judul
3265,2-s2.0-85202343977,Q5,X,tidak relevan pada tahap judul
3266,2-s2.0-85201780783,Q5,X,tidak relevan pada tahap judul
3267,2-s2.0-85205814005,Q5,X,tidak relevan pada tahap judul
3268,2-s2.0-85210275893,Q5,X,tidak relevan pada tahap judul
3269,2-s2.0-85201109723,Q5,X,tidak relevan pada tahap judul
3270,2-s2.0-85195699521,Q5,X,tidak relevan pada tahap judul
3271,2-s2.0-85207701048,Q5,X,tidak relevan pada tahap judul
3272,2-s2.0-85212458109,Q5,X,tidak relevan pada tahap judul
3273,2-s2.0-85208037976,Q5,X,tidak relevan pada tahap judul
3274,2-s2.0-85207586306,Q5,I,
3275,2-s2.0-85208063458,Q5,X,tidak relevan pada tahap judul
3276,2-s2.0-85160593212,Q5,X,tidak relevan pada tahap judul
3277,2-s2.0-85200119776,Q5,X,tidak relevan pada tahap judul
3278,2-s2.0-85161889262,Q5,X,tidak relevan pada tahap judul
3279,2-s2.0-85209245078,Q5,X,tidak relevan pada tahap judul
3280,2-s2.0-85196719501,Q5,I,
3281,2-s2.0-85197449911,Q5,X,tidak relevan pada tahap judul
3282,2-s2.0-85205066852,Q5,X,tidak relevan pada tahap judul
3283,2-s2.0-85198608487,Q5,X,tidak relevan pada tahap judul
3284,2-s2.0-85196776090,Q5,X,tidak relevan pada tahap judul
3285,2-s2.0-85205058834,Q5,X,tidak relevan pada tahap judul
3286,2-s2.0-85200893839,Q5,X,tidak relevan pada tahap judul
3287,2-s2.0-85202294368,Q5,X,tidak relevan pada tahap judul
3288,2-s2.0-85204159081,Q5,X,tidak relevan pada tahap judul
3289,2-s2.0-85199375046,Q5,X,tidak relevan pada tahap judul
3290,2-s2.0-85198133169,Q5,M,
3291,2-s2.0-85202069888,Q5,X,tidak relevan pada tahap judul
3292,2-s2.0-85202430211,Q5,X,tidak relevan pada tahap judul
3293,2-s2.0-85194858190,Q5,X,tidak relevan pada tahap judul
3294,2-s2.0-85204910959,Q5,I,
3295,2-s2.0-85200370168,Q5,X,tidak relevan pada tahap judul
3296,2-s2.0-85202528928,Q5,X,tidak relevan pada tahap judul
3297,2-s2.0-85194379451,Q5,X,tidak relevan pada tahap judul
3298,2-s2.0-85193585925,Q5,X,tidak relevan pada tahap judul
3299,2-s2.0-85196801656,Q5,X,tidak relevan pada tahap judul
3300,2-s2.0-85199763021,Q5,X,tidak relevan pada tahap judul
3301,2-s2.0-85199913954,Q5,X,tidak relevan pada tahap judul
3302,2-s2.0-85193482525,Q5,X,tidak relevan pada tahap judul
3303,2-s2.0-105022428155,Q5,X,tidak relevan pada tahap judul
3304,2-s2.0-85199553768,Q5,X,tidak relevan pada tahap judul
3305,2-s2.0-85193966090,Q5,X,tidak relevan pada tahap judul
3306,2-s2.0-85190874120,Q5,X,tidak relevan pada tahap judul
3307,2-s2.0-85186581737,Q5,X,tidak relevan pada tahap judul
3308,2-s2.0-85192473401,Q5,X,tidak relevan pada tahap judul
3309,2-s2.0-85183923297,Q5,I,
3310,2-s2.0-85197226107,Q5,X,tidak relevan pada tahap judul
3311,2-s2.0-85190798744,Q5,X,tidak relevan pada tahap judul
3312,2-s2.0-85193812674,Q5,X,tidak relevan pada tahap judul
3313,2-s2.0-85197134123,Q5,I,
3314,2-s2.0-85197133826,Q5,X,tidak relevan pada tahap judul
3315,2-s2.0-85197121466,Q5,X,tidak relevan pada tahap judul
3316,2-s2.0-85197112531,Q5,X,tidak relevan pada tahap judul
3317,2-s2.0-85197307384,Q5,X,tidak relevan pada tahap judul
3318,2-s2.0-85191897335,Q5,X,tidak relevan pada tahap judul
3319,2-s2.0-85191303821,Q5,X,tidak relevan pada tahap judul
3320,2-s2.0-85186599406,Q5,X,tidak relevan pada tahap judul
3321,2-s2.0-85191426424,Q5,I,
3322,2-s2.0-85194107731,Q5,X,tidak relevan pada tahap judul
3323,2-s2.0-85195479636,Q5,X,tidak relevan pada tahap judul
3324,2-s2.0-85193749311,Q5,I,
3325,2-s2.0-85195638134,Q5,X,tidak relevan pada tahap judul
3326,2-s2.0-85195692800,Q5,X,tidak relevan pada tahap judul
3327,2-s2.0-85189044341,Q5,X,tidak relevan pada tahap judul
3328,2-s2.0-85195673721,Q5,I,
3329,2-s2.0-85195650962,Q5,M,
3330,2-s2.0-85195660616,Q5,X,tidak relevan pada tahap judul
3331,2-s2.0-85192741632,Q5,X,tidak relevan pada tahap judul
3332,2-s2.0-85195645370,Q5,X,tidak relevan pada tahap judul
3333,2-s2.0-85195662976,Q5,M,
3334,2-s2.0-85190721953,Q5,X,tidak relevan pada tahap judul
3335,2-s2.0-85192792111,Q5,X,tidak relevan pada tahap judul
3336,2-s2.0-85188009771,Q5,X,tidak relevan pada tahap judul
3337,2-s2.0-85193511648,Q5,X,tidak relevan pada tahap judul
3338,2-s2.0-85192472732,Q5,X,tidak relevan pada tahap judul
3339,2-s2.0-85191443762,Q5,X,tidak relevan pada tahap judul
3340,2-s2.0-85192563248,Q5,X,tidak relevan pada tahap judul
3341,2-s2.0-85190069130,Q5,X,tidak relevan pada tahap judul
3342,2-s2.0-85196437398,Q5,X,tidak relevan pada tahap judul
3343,2-s2.0-85186877655,Q5,X,tidak relevan pada tahap judul
3344,2-s2.0-105039476378,Q5,X,tidak relevan pada tahap judul
3345,2-s2.0-85186450377,Q5,X,tidak relevan pada tahap judul
3346,2-s2.0-85191660104,Q5,X,tidak relevan pada tahap judul
3347,2-s2.0-85191302914,Q5,X,tidak relevan pada tahap judul
3348,2-s2.0-85187544985,Q5,X,tidak relevan pada tahap judul
3349,2-s2.0-85191377184,Q5,M,
3350,2-s2.0-85192565844,Q5,X,tidak relevan pada tahap judul
3351,2-s2.0-85191376875,Q5,X,tidak relevan pada tahap judul
3352,2-s2.0-85180210231,Q5,X,tidak relevan pada tahap judul
3353,2-s2.0-85191362303,Q5,X,tidak relevan pada tahap judul
3354,2-s2.0-85193531209,Q5,X,tidak relevan pada tahap judul
3355,2-s2.0-85184037690,Q5,X,tidak relevan pada tahap judul
3356,2-s2.0-85188664447,Q5,X,tidak relevan pada tahap judul
3357,2-s2.0-85189024247,Q5,X,tidak relevan pada tahap judul
3358,2-s2.0-85184828016,Q5,X,tidak relevan pada tahap judul
3359,2-s2.0-85182415460,Q5,X,tidak relevan pada tahap judul
3360,2-s2.0-85189084575,Q5,X,tidak relevan pada tahap judul
3361,2-s2.0-85188709328,Q5,M,
3362,2-s2.0-85184990920,Q5,X,tidak relevan pada tahap judul
3363,2-s2.0-85181946478,Q5,I,
3364,2-s2.0-85180948638,Q5,X,tidak relevan pada tahap judul
3365,2-s2.0-85185949536,Q5,X,tidak relevan pada tahap judul
3366,2-s2.0-85180762805,Q5,X,tidak relevan pada tahap judul
3367,2-s2.0-85186336096,Q5,X,tidak relevan pada tahap judul
3368,2-s2.0-85175692720,Q5,X,tidak relevan pada tahap judul
3369,2-s2.0-85181132390,Q5,X,tidak relevan pada tahap judul
3370,2-s2.0-85195396119,Q5,M,
3371,2-s2.0-85188862575,Q5,I,
3372,2-s2.0-105007419465,Q5,X,tidak relevan pada tahap judul
3373,2-s2.0-85183253192,Q5,X,tidak relevan pada tahap judul
3374,2-s2.0-85189937092,Q5,I,
3375,2-s2.0-85211350419,Q5,X,tidak relevan pada tahap judul
3376,2-s2.0-85215806125,Q5,X,tidak relevan pada tahap judul
3377,2-s2.0-85204339855,Q5,X,tidak relevan pada tahap judul
3378,2-s2.0-85217749458,Q5,X,tidak relevan pada tahap judul
3379,2-s2.0-85195394043,Q5,X,tidak relevan pada tahap judul
3380,2-s2.0-85206155268,Q5,X,tidak relevan pada tahap judul
3381,2-s2.0-85216449848,Q5,X,tidak relevan pada tahap judul
3382,2-s2.0-85203865957,Q5,X,tidak relevan pada tahap judul
3383,2-s2.0-85200681630,Q5,X,tidak relevan pada tahap judul
3384,2-s2.0-85208573024,Q5,X,tidak relevan pada tahap judul
3385,2-s2.0-85195427493,Q5,X,tidak relevan pada tahap judul
3386,2-s2.0-85213398028,Q5,X,tidak relevan pada tahap judul
3387,2-s2.0-85185501458,Q5,X,tidak relevan pada tahap judul
3388,2-s2.0-85194096917,Q5,X,tidak relevan pada tahap judul
3389,2-s2.0-85216489233,Q5,M,
3390,2-s2.0-85193270336,Q5,X,tidak relevan pada tahap judul
3391,2-s2.0-105001669834,Q5,I,
3392,2-s2.0-85188738960,Q5,X0,tipe dokumen dikeluarkan tahap 0
3393,2-s2.0-85200566594,Q5,X,tidak relevan pada tahap judul
3394,2-s2.0-85200688152,Q5,X,tidak relevan pada tahap judul
3395,2-s2.0-85206096798,Q5,X,tidak relevan pada tahap judul
3396,2-s2.0-85198069831,Q5,X0,tipe dokumen dikeluarkan tahap 0
3397,2-s2.0-85191392710,Q5,I,
3398,2-s2.0-85206476933,Q5,X,tidak relevan pada tahap judul
3399,2-s2.0-105005593690,Q5,X,tidak relevan pada tahap judul
3400,2-s2.0-85198228387,Q5,X,tidak relevan pada tahap judul
3401,2-s2.0-85209220282,Q5,X,tidak relevan pada tahap judul
3402,2-s2.0-85183143935,Q5,X,tidak relevan pada tahap judul
3403,2-s2.0-85214708020,Q5,X,tidak relevan pada tahap judul
3404,2-s2.0-85184760324,Q5,X,tidak relevan pada tahap judul
3405,2-s2.0-85214984079,Q5,X,tidak relevan pada tahap judul
3406,2-s2.0-85217378501,Q5,X,tidak relevan pada tahap judul
3407,2-s2.0-85197279458,Q5,X,tidak relevan pada tahap judul
3408,2-s2.0-85203298201,Q5,X,tidak relevan pada tahap judul
3409,2-s2.0-85198452753,Q5,X,tidak relevan pada tahap judul
3410,2-s2.0-85198909796,Q5,X,tidak relevan pada tahap judul
3411,2-s2.0-85213977235,Q5,X,tidak relevan pada tahap judul
3412,2-s2.0-85214653372,Q5,I,
3413,2-s2.0-85182015088,Q5,X0,tipe dokumen dikeluarkan tahap 0
3414,2-s2.0-85214023908,Q5,X0,tipe dokumen dikeluarkan tahap 0
3415,2-s2.0-85210854677,Q5,X,tidak relevan pada tahap judul
3416,2-s2.0-85217645736,Q5,X,tidak relevan pada tahap judul
3417,2-s2.0-85203602945,Q5,X,tidak relevan pada tahap judul
3418,2-s2.0-85208265568,Q5,X,tidak relevan pada tahap judul
3419,2-s2.0-85197559097,Q5,X,tidak relevan pada tahap judul
3420,2-s2.0-105003534917,Q5,M,
3421,2-s2.0-85207003034,Q5,X,tidak relevan pada tahap judul
3422,2-s2.0-85180372462,Q5,X,tidak relevan pada tahap judul
3423,2-s2.0-85205153180,Q5,X0,tipe dokumen dikeluarkan tahap 0
3424,2-s2.0-85186270315,Q5,X,tidak relevan pada tahap judul
3425,2-s2.0-85212155069,Q5,X,tidak relevan pada tahap judul
3426,2-s2.0-85205766932,Q5,X,tidak relevan pada tahap judul
3427,2-s2.0-85200556294,Q5,X,tidak relevan pada tahap judul
3428,2-s2.0-85214386452,Q5,X,tidak relevan pada tahap judul
3429,2-s2.0-85189426034,Q5,X,tidak relevan pada tahap judul
3430,2-s2.0-85202452872,Q5,X,tidak relevan pada tahap judul
3431,2-s2.0-105001505578,Q5,M,
3432,2-s2.0-85200368746,Q5,X,tidak relevan pada tahap judul
3433,2-s2.0-85204807413,Q5,X,tidak relevan pada tahap judul
3434,2-s2.0-85197703419,Q5,X,tidak relevan pada tahap judul
3435,2-s2.0-85210824430,Q5,X,tidak relevan pada tahap judul
3436,2-s2.0-85180361902,Q5,X,tidak relevan pada tahap judul
3437,2-s2.0-105015953029,Q5,X,tidak relevan pada tahap judul
3438,2-s2.0-85174237882,Q5,X,tidak relevan pada tahap judul
3439,2-s2.0-85170700287,Q5,X,tidak relevan pada tahap judul
3440,2-s2.0-85186091104,Q5,X0,tipe dokumen dikeluarkan tahap 0
3441,2-s2.0-85196027430,Q5,X,tidak relevan pada tahap judul
3442,2-s2.0-105019793319,Q5,X,tidak relevan pada tahap judul
3443,2-s2.0-85171376482,Q5,X,tidak relevan pada tahap judul
3444,2-s2.0-85183310942,Q5,X,tidak relevan pada tahap judul
3445,2-s2.0-85178996204,Q5,X,tidak relevan pada tahap judul
3446,2-s2.0-85177840733,Q5,X,tidak relevan pada tahap judul
3447,2-s2.0-85175145505,Q5,X,tidak relevan pada tahap judul
3448,2-s2.0-85173226814,Q5,X,tidak relevan pada tahap judul
3449,2-s2.0-85175342374,Q5,X,tidak relevan pada tahap judul
3450,2-s2.0-85180655714,Q5,X,tidak relevan pada tahap judul
3451,2-s2.0-85180216892,Q5,I,
3452,2-s2.0-85159675196,Q5,X,tidak relevan pada tahap judul
3453,2-s2.0-85180112860,Q5,X,tidak relevan pada tahap judul
3454,2-s2.0-85175426718,Q5,X,tidak relevan pada tahap judul
3455,2-s2.0-85173191566,Q5,X,tidak relevan pada tahap judul
3456,2-s2.0-85173226061,Q5,I,
3457,2-s2.0-85183470183,Q5,X,tidak relevan pada tahap judul
3458,2-s2.0-85175742223,Q5,X,tidak relevan pada tahap judul
3459,2-s2.0-85176894073,Q5,X,tidak relevan pada tahap judul
3460,2-s2.0-85168452428,Q5,X,tidak relevan pada tahap judul
3461,2-s2.0-85174313646,Q5,I,
3462,2-s2.0-85171528545,Q5,X,tidak relevan pada tahap judul
3463,2-s2.0-85170642221,Q5,X,tidak relevan pada tahap judul
3464,2-s2.0-85170290990,Q5,X,tidak relevan pada tahap judul
3465,2-s2.0-85174031639,Q5,X,tidak relevan pada tahap judul
3466,2-s2.0-85170431825,Q5,X,tidak relevan pada tahap judul
3467,2-s2.0-85162982307,Q5,X,tidak relevan pada tahap judul
3468,2-s2.0-85166133794,Q5,X,tidak relevan pada tahap judul
3469,2-s2.0-85171781028,Q5,X,tidak relevan pada tahap judul
3470,2-s2.0-85172735894,Q5,X,tidak relevan pada tahap judul
3471,2-s2.0-85172670390,Q5,X,tidak relevan pada tahap judul
3472,2-s2.0-85159844423,Q5,X,tidak relevan pada tahap judul
3473,2-s2.0-85173610804,Q5,X,tidak relevan pada tahap judul
3474,2-s2.0-85172136435,Q5,X,tidak relevan pada tahap judul
3475,2-s2.0-85166657142,Q5,X,tidak relevan pada tahap judul
3476,2-s2.0-85166484688,Q5,I,
3477,2-s2.0-85165952901,Q5,X,tidak relevan pada tahap judul
3478,2-s2.0-85163721924,Q5,X,tidak relevan pada tahap judul
3479,2-s2.0-85170350804,Q5,X,tidak relevan pada tahap judul
3480,2-s2.0-85170579633,Q5,X,tidak relevan pada tahap judul
3481,2-s2.0-85172465720,Q5,X,tidak relevan pada tahap judul
3482,2-s2.0-85159656154,Q5,X,tidak relevan pada tahap judul
3483,2-s2.0-85168655893,Q5,X,tidak relevan pada tahap judul
3484,2-s2.0-85168661571,Q5,X,tidak relevan pada tahap judul
3485,2-s2.0-85170173294,Q5,X,tidak relevan pada tahap judul
3486,2-s2.0-85146288450,Q5,X,tidak relevan pada tahap judul
3487,2-s2.0-85162267264,Q5,X,tidak relevan pada tahap judul
3488,2-s2.0-85168708051,Q5,X,tidak relevan pada tahap judul
3489,2-s2.0-85149790920,Q5,X,tidak relevan pada tahap judul
3490,2-s2.0-85149285970,Q5,X,tidak relevan pada tahap judul
3491,2-s2.0-85168732953,Q5,X,tidak relevan pada tahap judul
3492,2-s2.0-85158059643,Q5,X,tidak relevan pada tahap judul
3493,2-s2.0-85166031176,Q5,X,tidak relevan pada tahap judul
3494,2-s2.0-85171181253,Q5,X,tidak relevan pada tahap judul
3495,2-s2.0-85159204443,Q5,X,tidak relevan pada tahap judul
3496,2-s2.0-85159771227,Q5,X,tidak relevan pada tahap judul
3497,2-s2.0-85164844657,Q5,X,tidak relevan pada tahap judul
3498,2-s2.0-85164585921,Q5,I,
3499,2-s2.0-85152950556,Q5,I,
3500,2-s2.0-85163892098,Q5,X,tidak relevan pada tahap judul
3501,2-s2.0-85163929685,Q5,X,tidak relevan pada tahap judul
3502,2-s2.0-85149934673,Q5,X,tidak relevan pada tahap judul
3503,2-s2.0-85152146059,Q5,X,tidak relevan pada tahap judul
3504,2-s2.0-85168150300,Q5,X,tidak relevan pada tahap judul
3505,2-s2.0-85163987458,Q5,X,tidak relevan pada tahap judul
3506,2-s2.0-85121695273,Q5,X,tidak relevan pada tahap judul
3507,2-s2.0-85164189547,Q5,X,tidak relevan pada tahap judul
3508,2-s2.0-85151666636,Q5,I,
3509,2-s2.0-85153102410,Q5,X,tidak relevan pada tahap judul
3510,2-s2.0-85160569859,Q5,X,tidak relevan pada tahap judul
3511,2-s2.0-85151790370,Q5,X,tidak relevan pada tahap judul
3512,2-s2.0-85162152521,Q5,X,tidak relevan pada tahap judul
3513,2-s2.0-85151469106,Q5,X,tidak relevan pada tahap judul
3514,2-s2.0-85160834750,Q5,X,tidak relevan pada tahap judul
3515,2-s2.0-85168750609,Q5,X,tidak relevan pada tahap judul
3516,2-s2.0-85149336139,Q5,X,tidak relevan pada tahap judul
3517,2-s2.0-85160412143,Q5,X,tidak relevan pada tahap judul
3518,2-s2.0-85160342790,Q5,X,tidak relevan pada tahap judul
3519,2-s2.0-85160223042,Q5,X,tidak relevan pada tahap judul
3520,2-s2.0-85153928449,Q5,X,tidak relevan pada tahap judul
3521,2-s2.0-85149179954,Q5,X,tidak relevan pada tahap judul
3522,2-s2.0-85163998363,Q5,X,tidak relevan pada tahap judul
3523,2-s2.0-85153761165,Q5,X,tidak relevan pada tahap judul
3524,2-s2.0-85154052666,Q5,X,tidak relevan pada tahap judul
3525,2-s2.0-85150759612,Q5,X,tidak relevan pada tahap judul
3526,2-s2.0-85158089421,Q5,X,tidak relevan pada tahap judul
3527,2-s2.0-85149408169,Q5,X,tidak relevan pada tahap judul
3528,2-s2.0-85148343527,Q5,X,tidak relevan pada tahap judul
3529,2-s2.0-85154057589,Q5,X,tidak relevan pada tahap judul
3530,2-s2.0-85148354496,Q5,X,tidak relevan pada tahap judul
3531,2-s2.0-85163812665,Q5,X,tidak relevan pada tahap judul
3532,2-s2.0-85151262535,Q5,X,tidak relevan pada tahap judul
3533,2-s2.0-85146052490,Q5,X,tidak relevan pada tahap judul
3534,2-s2.0-85149939777,Q5,X,tidak relevan pada tahap judul
3535,2-s2.0-85145249268,Q5,X,tidak relevan pada tahap judul
3536,2-s2.0-85146147138,Q5,X,tidak relevan pada tahap judul
3537,2-s2.0-85147231194,Q5,X,tidak relevan pada tahap judul
3538,2-s2.0-85145979782,Q5,I,
3539,2-s2.0-85163933267,Q5,X,tidak relevan pada tahap judul
3540,2-s2.0-85150694904,Q5,X,tidak relevan pada tahap judul
3541,2-s2.0-85149147952,Q5,X,tidak relevan pada tahap judul
3542,2-s2.0-85164020693,Q5,X,tidak relevan pada tahap judul
3543,2-s2.0-85149315945,Q5,X,tidak relevan pada tahap judul
3544,2-s2.0-85147802531,Q5,X,tidak relevan pada tahap judul
3545,2-s2.0-85140336225,Q5,X,tidak relevan pada tahap judul
3546,2-s2.0-85149012649,Q5,X,tidak relevan pada tahap judul
3547,2-s2.0-85146051761,Q5,X,tidak relevan pada tahap judul
3548,2-s2.0-85146937777,Q5,X0,tipe dokumen dikeluarkan tahap 0
3549,2-s2.0-85152631265,Q5,X,tidak relevan pada tahap judul
3550,2-s2.0-85194000249,Q5,X,tidak relevan pada tahap judul
3551,2-s2.0-85162036916,Q5,X,tidak relevan pada tahap judul
3552,2-s2.0-85180937071,Q5,X,tidak relevan pada tahap judul
3553,2-s2.0-85164565577,Q5,X,tidak relevan pada tahap judul
3554,2-s2.0-85175999633,Q5,X,tidak relevan pada tahap judul
3555,2-s2.0-105010383231,Q5,X,tidak relevan pada tahap judul
3556,2-s2.0-85183579009,Q5,X,tidak relevan pada tahap judul
3557,2-s2.0-85186526187,Q5,X,tidak relevan pada tahap judul
3558,2-s2.0-85183576605,Q5,X,tidak relevan pada tahap judul
3559,2-s2.0-85142719972,Q5,X,tidak relevan pada tahap judul
3560,2-s2.0-85168540829,Q5,X,tidak relevan pada tahap judul
3561,2-s2.0-85146432377,Q5,X,tidak relevan pada tahap judul
3562,2-s2.0-85208006681,Q5,X,tidak relevan pada tahap judul
3563,2-s2.0-85186533074,Q5,X,tidak relevan pada tahap judul
3564,2-s2.0-85179757623,Q5,X,tidak relevan pada tahap judul
3565,2-s2.0-85191529094,Q5,I,
3566,2-s2.0-85151455701,Q5,X,tidak relevan pada tahap judul
3567,2-s2.0-85167338963,Q5,X,tidak relevan pada tahap judul
3568,2-s2.0-85178436025,Q5,X,tidak relevan pada tahap judul
3569,2-s2.0-85151712000,Q5,X,tidak relevan pada tahap judul
3570,2-s2.0-85183576801,Q5,X,tidak relevan pada tahap judul
3571,2-s2.0-85160408059,Q5,X,tidak relevan pada tahap judul
3572,2-s2.0-85163523109,Q5,X,tidak relevan pada tahap judul
3573,2-s2.0-85148737519,Q5,X0,tipe dokumen dikeluarkan tahap 0
3574,2-s2.0-85177891104,Q5,X,tidak relevan pada tahap judul
3575,2-s2.0-85146740509,Q5,X,tidak relevan pada tahap judul
3576,2-s2.0-85175116813,Q5,X0,tipe dokumen dikeluarkan tahap 0
3577,2-s2.0-85181149640,Q5,X,tidak relevan pada tahap judul
3578,2-s2.0-85142671883,Q5,X,tidak relevan pada tahap judul
3579,2-s2.0-85201671679,Q5,X,tidak relevan pada tahap judul
3580,2-s2.0-85168773775,Q5,X,tidak relevan pada tahap judul
3581,2-s2.0-85170519756,Q5,X,tidak relevan pada tahap judul
3582,2-s2.0-85179509899,Q5,I,
3583,2-s2.0-85146820223,Q5,X,tidak relevan pada tahap judul
3584,2-s2.0-85162038826,Q5,X,tidak relevan pada tahap judul
3585,2-s2.0-85144621000,Q5,X,tidak relevan pada tahap judul
3586,2-s2.0-85152705800,Q5,X,tidak relevan pada tahap judul
3587,2-s2.0-85188447945,Q5,X,tidak relevan pada tahap judul
3588,2-s2.0-85174797581,Q5,M,
3589,2-s2.0-85185577888,Q5,I,
3590,2-s2.0-85173597439,Q5,X,tidak relevan pada tahap judul
3591,2-s2.0-85163820718,Q5,X,tidak relevan pada tahap judul
3592,2-s2.0-85181442737,Q5,X,tidak relevan pada tahap judul
3593,2-s2.0-85164297345,Q5,X,tidak relevan pada tahap judul
3594,2-s2.0-85137152352,Q5,X,tidak relevan pada tahap judul
3595,2-s2.0-85179853876,Q5,X,tidak relevan pada tahap judul
3596,2-s2.0-85145820616,Q5,X,tidak relevan pada tahap judul
3597,2-s2.0-85180626501,Q5,X,tidak relevan pada tahap judul
3598,2-s2.0-85141232459,Q5,X,tidak relevan pada tahap judul
3599,2-s2.0-85183579240,Q5,X,tidak relevan pada tahap judul
3600,2-s2.0-85151144083,Q5,X,tidak relevan pada tahap judul
3601,2-s2.0-85186504090,Q5,X,tidak relevan pada tahap judul
3602,2-s2.0-85172903288,Q5,X,tidak relevan pada tahap judul
3603,2-s2.0-85159697462,Q5,X,tidak relevan pada tahap judul
3604,2-s2.0-85174410013,Q5,I,
3605,2-s2.0-85178096956,Q5,X,tidak relevan pada tahap judul
3606,2-s2.0-85159856223,Q5,X,tidak relevan pada tahap judul
3607,2-s2.0-85193933936,Q5,X,tidak relevan pada tahap judul
3608,2-s2.0-85174415082,Q5,X,tidak relevan pada tahap judul
3609,2-s2.0-85147295367,Q5,X,tidak relevan pada tahap judul
3610,2-s2.0-85188253788,Q5,X,tidak relevan pada tahap judul
3611,2-s2.0-85182318952,Q5,X,tidak relevan pada tahap judul
3612,2-s2.0-85174424241,Q5,X,tidak relevan pada tahap judul
3613,2-s2.0-85172938189,Q5,X0,tipe dokumen dikeluarkan tahap 0
3614,2-s2.0-85182524386,Q5,X,tidak relevan pada tahap judul
3615,2-s2.0-85145268387,Q5,X,tidak relevan pada tahap judul
3616,2-s2.0-85137975536,Q5,X,tidak relevan pada tahap judul
3617,2-s2.0-85159181296,Q5,X,tidak relevan pada tahap judul
3618,2-s2.0-85146791829,Q5,X,tidak relevan pada tahap judul
3619,2-s2.0-85178453261,Q5,X,tidak relevan pada tahap judul
3620,2-s2.0-85145917551,Q5,X,tidak relevan pada tahap judul
3621,2-s2.0-85179988437,Q5,X,tidak relevan pada tahap judul
3622,2-s2.0-85175076889,Q5,X,tidak relevan pada tahap judul
3623,2-s2.0-85148669638,Q5,I,
3624,2-s2.0-85135537558,Q5,X,tidak relevan pada tahap judul
3625,2-s2.0-85143122203,Q5,X,tidak relevan pada tahap judul
3626,2-s2.0-85159091032,Q5,X,tidak relevan pada tahap judul
3627,2-s2.0-85140808033,Q5,I,
3628,2-s2.0-85144852240,Q5,X,tidak relevan pada tahap judul
3629,2-s2.0-85146278928,Q5,X,tidak relevan pada tahap judul
3630,2-s2.0-85146269375,Q5,X,tidak relevan pada tahap judul
3631,2-s2.0-85143136304,Q5,X,tidak relevan pada tahap judul
3632,2-s2.0-85144662246,Q5,X,tidak relevan pada tahap judul
3633,2-s2.0-85132355726,Q5,X,tidak relevan pada tahap judul
3634,2-s2.0-85144656314,Q5,X,tidak relevan pada tahap judul
3635,2-s2.0-85146004414,Q5,X,tidak relevan pada tahap judul
3636,2-s2.0-85144739985,Q5,X,tidak relevan pada tahap judul
3637,2-s2.0-85144549828,Q5,X,tidak relevan pada tahap judul
3638,2-s2.0-85146137120,Q5,X,tidak relevan pada tahap judul
3639,2-s2.0-85142616196,Q5,X,tidak relevan pada tahap judul
3640,2-s2.0-85149458984,Q5,X,tidak relevan pada tahap judul
3641,2-s2.0-85140045394,Q5,I,
3642,2-s2.0-85143635779,Q5,R,
3643,2-s2.0-85144258783,Q5,X,tidak relevan pada tahap judul
3644,2-s2.0-85142660375,Q5,X,tidak relevan pada tahap judul
3645,2-s2.0-85140855525,Q5,X,tidak relevan pada tahap judul
3646,2-s2.0-85140383334,Q5,X,tidak relevan pada tahap judul
3647,2-s2.0-85135108020,Q5,X,tidak relevan pada tahap judul
3648,2-s2.0-85140462916,Q5,X,tidak relevan pada tahap judul
3649,2-s2.0-85147704588,Q5,X,tidak relevan pada tahap judul
3650,2-s2.0-85159215095,Q5,X,tidak relevan pada tahap judul
3651,2-s2.0-85140655724,Q5,X,tidak relevan pada tahap judul
3652,2-s2.0-85136106504,Q5,X,tidak relevan pada tahap judul
3653,2-s2.0-85139549279,Q5,X,tidak relevan pada tahap judul
3654,2-s2.0-85151256220,Q5,X,tidak relevan pada tahap judul
3655,2-s2.0-85140099586,Q5,X,tidak relevan pada tahap judul
3656,2-s2.0-85129734437,Q5,X,tidak relevan pada tahap judul
3657,2-s2.0-85138802826,Q5,X,tidak relevan pada tahap judul
3658,2-s2.0-85135965020,Q5,X,tidak relevan pada tahap judul
3659,2-s2.0-85135125360,Q5,I,
3660,2-s2.0-85126843572,Q5,X,tidak relevan pada tahap judul
3661,2-s2.0-85137774483,Q5,I,dilanjutkan oleh keputusan Fatma atas sampel Cek 1 (5 Oktober 2026)
3662,2-s2.0-85138515304,Q5,X,tidak relevan pada tahap judul
3663,2-s2.0-85138521577,Q5,X,tidak relevan pada tahap judul
3664,2-s2.0-85141128641,Q5,X,tidak relevan pada tahap judul
3665,2-s2.0-85133914226,Q5,X,tidak relevan pada tahap judul
3666,2-s2.0-85140086826,Q5,X,tidak relevan pada tahap judul
3667,2-s2.0-85141710960,Q5,X,tidak relevan pada tahap judul
3668,2-s2.0-85137350102,Q5,X,tidak relevan pada tahap judul
3669,2-s2.0-85134332557,Q5,X,tidak relevan pada tahap judul
3670,2-s2.0-85133698263,Q5,X,tidak relevan pada tahap judul
3671,2-s2.0-85141300194,Q5,X,tidak relevan pada tahap judul
3672,2-s2.0-85136098009,Q5,X,tidak relevan pada tahap judul
3673,2-s2.0-85132697615,Q5,X,tidak relevan pada tahap judul
3674,2-s2.0-85133242560,Q5,X,tidak relevan pada tahap judul
3675,2-s2.0-85135957021,Q5,M,
3676,2-s2.0-85133873757,Q5,X,tidak relevan pada tahap judul
3677,2-s2.0-85141922847,Q5,I,
3678,2-s2.0-85131124394,Q5,X,tidak relevan pada tahap judul
3679,2-s2.0-85129720670,Q5,I,
3680,2-s2.0-85133302535,Q5,X,tidak relevan pada tahap judul
3681,2-s2.0-85134536204,Q5,X,tidak relevan pada tahap judul
3682,2-s2.0-85143803512,Q5,X,tidak relevan pada tahap judul
3683,2-s2.0-85131452801,Q5,X,tidak relevan pada tahap judul
3684,2-s2.0-85132587309,Q5,X,tidak relevan pada tahap judul
3685,2-s2.0-85133701798,Q5,X,tidak relevan pada tahap judul
3686,2-s2.0-85133446274,Q5,I,
3687,2-s2.0-85131508756,Q5,X,tidak relevan pada tahap judul
3688,2-s2.0-85141915945,Q5,X,tidak relevan pada tahap judul
3689,2-s2.0-85131083957,Q5,M,
3690,2-s2.0-85129038586,Q5,X,tidak relevan pada tahap judul
3691,2-s2.0-85132570933,Q5,X,tidak relevan pada tahap judul
3692,2-s2.0-85132117886,Q5,X,tidak relevan pada tahap judul
3693,2-s2.0-85130103464,Q5,X,tidak relevan pada tahap judul
3694,2-s2.0-85127168347,Q5,X,tidak relevan pada tahap judul
3695,2-s2.0-85141496237,Q5,X,tidak relevan pada tahap judul
3696,2-s2.0-85127773486,Q5,X,tidak relevan pada tahap judul
3697,2-s2.0-85132171557,Q5,X,tidak relevan pada tahap judul
3698,2-s2.0-85123930879,Q5,X,tidak relevan pada tahap judul
3699,2-s2.0-85125557236,Q5,X,tidak relevan pada tahap judul
3700,2-s2.0-85131946645,Q5,X,tidak relevan pada tahap judul
3701,2-s2.0-85141918999,Q5,X,tidak relevan pada tahap judul
3702,2-s2.0-85132536969,Q5,I,
3703,2-s2.0-85127192347,Q5,X,tidak relevan pada tahap judul
3704,2-s2.0-85132328633,Q5,R,
3705,2-s2.0-85132588403,Q5,X,tidak relevan pada tahap judul
3706,2-s2.0-85123216238,Q5,X,tidak relevan pada tahap judul
3707,2-s2.0-85129525091,Q5,X,tidak relevan pada tahap judul
3708,2-s2.0-85137938948,Q5,X,tidak relevan pada tahap judul
3709,2-s2.0-85120314449,Q5,X,tidak relevan pada tahap judul
3710,2-s2.0-85124536454,Q5,X,tidak relevan pada tahap judul
3711,2-s2.0-85126014781,Q5,X,tidak relevan pada tahap judul
3712,2-s2.0-85128489236,Q5,X,tidak relevan pada tahap judul
3713,2-s2.0-85126830533,Q5,X,tidak relevan pada tahap judul
3714,2-s2.0-85128190498,Q5,X,tidak relevan pada tahap judul
3715,2-s2.0-85115160312,Q5,X,tidak relevan pada tahap judul
3716,2-s2.0-85128040647,Q5,X,tidak relevan pada tahap judul
3717,2-s2.0-85127930432,Q5,X,tidak relevan pada tahap judul
3718,2-s2.0-85123893830,Q5,X,tidak relevan pada tahap judul
3719,2-s2.0-85119672432,Q5,X,tidak relevan pada tahap judul
3720,2-s2.0-85131888840,Q5,X,tidak relevan pada tahap judul
3721,2-s2.0-85123243467,Q5,I,
3722,2-s2.0-85124645511,Q5,X,tidak relevan pada tahap judul
3723,2-s2.0-85121966086,Q5,I,
3724,2-s2.0-85127645152,Q5,X,tidak relevan pada tahap judul
3725,2-s2.0-85126569629,Q5,X,tidak relevan pada tahap judul
3726,2-s2.0-85164732971,Q5,X,tidak relevan pada tahap judul
3727,2-s2.0-85120088871,Q5,X,tidak relevan pada tahap judul
3728,2-s2.0-85122632687,Q5,X,tidak relevan pada tahap judul
3729,2-s2.0-85122872349,Q5,X,tidak relevan pada tahap judul
3730,2-s2.0-85124608647,Q5,X,tidak relevan pada tahap judul
3731,2-s2.0-85123775851,Q5,X,tidak relevan pada tahap judul
3732,2-s2.0-85128299611,Q5,X,tidak relevan pada tahap judul
3733,2-s2.0-85119950794,Q5,X,tidak relevan pada tahap judul
3734,2-s2.0-85128337019,Q5,X,tidak relevan pada tahap judul
3735,2-s2.0-85123027734,Q5,X,tidak relevan pada tahap judul
3736,2-s2.0-85121341633,Q5,X,tidak relevan pada tahap judul
3737,2-s2.0-85119055178,Q5,X,tidak relevan pada tahap judul
3738,2-s2.0-85123622745,Q5,X,tidak relevan pada tahap judul
3739,2-s2.0-85121930085,Q5,X,tidak relevan pada tahap judul
3740,2-s2.0-85124573992,Q5,X,tidak relevan pada tahap judul
3741,2-s2.0-85124694412,Q5,X,tidak relevan pada tahap judul
3742,2-s2.0-85120057364,Q5,X,tidak relevan pada tahap judul
3743,2-s2.0-85108322297,Q5,X,tidak relevan pada tahap judul
3744,2-s2.0-85144592249,Q5,I,
3745,2-s2.0-85139321868,Q5,X,tidak relevan pada tahap judul
3746,2-s2.0-85146651897,Q5,X,tidak relevan pada tahap judul
3747,2-s2.0-85149285427,Q5,X,tidak relevan pada tahap judul
3748,2-s2.0-85149325274,Q5,X,tidak relevan pada tahap judul
3749,2-s2.0-85144817346,Q5,M,
3750,2-s2.0-85191562957,Q5,X,tidak relevan pada tahap judul
3751,2-s2.0-85129941172,Q5,X,tidak relevan pada tahap judul
3752,2-s2.0-85149380941,Q5,X,tidak relevan pada tahap judul
3753,2-s2.0-85146736061,Q5,X,tidak relevan pada tahap judul
3754,2-s2.0-85134482034,Q5,X,tidak relevan pada tahap judul
3755,2-s2.0-85144827462,Q5,X,tidak relevan pada tahap judul
3756,2-s2.0-85141203333,Q5,X,tidak relevan pada tahap judul
3757,2-s2.0-85141690123,Q5,X,tidak relevan pada tahap judul
3758,2-s2.0-85133724074,Q5,X,tidak relevan pada tahap judul
3759,2-s2.0-85101777786,Q5,X,tidak relevan pada tahap judul
3760,2-s2.0-85147928257,Q5,I,
3761,2-s2.0-85140400352,Q5,X,tidak relevan pada tahap judul
3762,2-s2.0-105004638231,Q5,X,tidak relevan pada tahap judul
3763,2-s2.0-85135092265,Q5,M,
3764,2-s2.0-85128217491,Q5,X,tidak relevan pada tahap judul
3765,2-s2.0-85116702617,Q5,M,
3766,2-s2.0-85144599062,Q5,X,tidak relevan pada tahap judul
3767,2-s2.0-85145424370,Q5,X,tidak relevan pada tahap judul
3768,2-s2.0-85144596588,Q5,X,tidak relevan pada tahap judul
3769,2-s2.0-85144592545,Q5,X,tidak relevan pada tahap judul
3770,2-s2.0-85137571834,Q5,X,tidak relevan pada tahap judul
3771,2-s2.0-85124508050,Q5,X,tidak relevan pada tahap judul
3772,2-s2.0-85143677111,Q5,X,tidak relevan pada tahap judul
3773,2-s2.0-85122848569,Q5,X,tidak relevan pada tahap judul
3774,2-s2.0-85149344212,Q5,X0,tipe dokumen dikeluarkan tahap 0
3775,2-s2.0-85175983994,Q5,X0,tipe dokumen dikeluarkan tahap 0
3776,2-s2.0-85116209427,Q5,X,tidak relevan pada tahap judul
3777,2-s2.0-85136278838,Q5,X,tidak relevan pada tahap judul
3778,2-s2.0-85143972135,Q5,X,tidak relevan pada tahap judul
3779,2-s2.0-105003852767,Q5,X,tidak relevan pada tahap judul
3780,2-s2.0-85133685486,Q5,X,tidak relevan pada tahap judul
3781,2-s2.0-85129260769,Q5,X,tidak relevan pada tahap judul
3782,2-s2.0-85147412872,Q5,X,tidak relevan pada tahap judul
3783,2-s2.0-85125323362,Q5,X,tidak relevan pada tahap judul
3784,2-s2.0-85122575961,Q5,X,tidak relevan pada tahap judul
3785,2-s2.0-85128635515,Q5,X,tidak relevan pada tahap judul
3786,2-s2.0-85146644036,Q5,I,
3787,2-s2.0-85142804607,Q5,X,tidak relevan pada tahap judul
3788,2-s2.0-85144815126,Q5,X,tidak relevan pada tahap judul
3789,2-s2.0-85138806366,Q5,X,tidak relevan pada tahap judul
3790,2-s2.0-85136328546,Q5,X,tidak relevan pada tahap judul
3791,2-s2.0-85151255358,Q5,X,tidak relevan pada tahap judul
3792,2-s2.0-85137605005,Q5,X,tidak relevan pada tahap judul
3793,2-s2.0-85119611855,Q5,X,tidak relevan pada tahap judul
3794,2-s2.0-85167567331,Q5,X,tidak relevan pada tahap judul
3795,2-s2.0-85128662556,Q5,X,tidak relevan pada tahap judul
3796,2-s2.0-85145439788,Q5,X,tidak relevan pada tahap judul
3797,2-s2.0-85118763409,Q5,X,tidak relevan pada tahap judul
3798,2-s2.0-85182796939,Q5,X,tidak relevan pada tahap judul
3799,2-s2.0-85118331190,Q5,X,tidak relevan pada tahap judul
3800,2-s2.0-85139316252,Q5,X,tidak relevan pada tahap judul
3801,2-s2.0-85103201715,Q5,X,tidak relevan pada tahap judul
3802,2-s2.0-85116871194,Q5,X,tidak relevan pada tahap judul
3803,2-s2.0-85132993872,Q5,X,tidak relevan pada tahap judul
3804,2-s2.0-85118691298,Q5,X,tidak relevan pada tahap judul
3805,2-s2.0-85129406263,Q5,X,tidak relevan pada tahap judul
3806,2-s2.0-85175035494,Q5,X,tidak relevan pada tahap judul
3807,2-s2.0-85134498297,Q5,X,tidak relevan pada tahap judul
3808,2-s2.0-85111055487,Q5,X,tidak relevan pada tahap judul
3809,2-s2.0-85138182547,Q5,X,tidak relevan pada tahap judul
3810,2-s2.0-85116035442,Q5,X,tidak relevan pada tahap judul
3811,2-s2.0-85118319289,Q5,X,tidak relevan pada tahap judul
3812,2-s2.0-85119907282,Q5,I,
3813,2-s2.0-85119339583,Q5,X,tidak relevan pada tahap judul
3814,2-s2.0-85120713008,Q5,X,tidak relevan pada tahap judul
3815,2-s2.0-85121295325,Q5,X,tidak relevan pada tahap judul
3816,2-s2.0-85126950024,Q5,X,tidak relevan pada tahap judul
3817,2-s2.0-85119424171,Q5,X,tidak relevan pada tahap judul
3818,2-s2.0-85119268958,Q5,X,tidak relevan pada tahap judul
3819,2-s2.0-85120683275,Q5,X,tidak relevan pada tahap judul
3820,2-s2.0-85111664839,Q5,M,
3821,2-s2.0-85121429151,Q5,X,tidak relevan pada tahap judul
3822,2-s2.0-85104519218,Q5,X,tidak relevan pada tahap judul
3823,2-s2.0-85120631088,Q5,X,tidak relevan pada tahap judul
3824,2-s2.0-85120435212,Q5,X,tidak relevan pada tahap judul
3825,2-s2.0-85123400301,Q5,X,tidak relevan pada tahap judul
3826,2-s2.0-85116031962,Q5,M,
3827,2-s2.0-85123424622,Q5,X,tidak relevan pada tahap judul
3828,2-s2.0-85123414716,Q5,X,tidak relevan pada tahap judul
3829,2-s2.0-85118340161,Q5,X,tidak relevan pada tahap judul
3830,2-s2.0-85113352408,Q5,X,tidak relevan pada tahap judul
3831,2-s2.0-85118130939,Q5,M,
3832,2-s2.0-85116500577,Q5,X,tidak relevan pada tahap judul
3833,2-s2.0-85115750615,Q5,X,tidak relevan pada tahap judul
3834,2-s2.0-85115814843,Q5,X,tidak relevan pada tahap judul
3835,2-s2.0-85115733263,Q5,X,tidak relevan pada tahap judul
3836,2-s2.0-85124947573,Q5,X,tidak relevan pada tahap judul
3837,2-s2.0-85119831540,Q5,X,tidak relevan pada tahap judul
3838,2-s2.0-85114668091,Q5,I,
3839,2-s2.0-85111490250,Q5,I,
3840,2-s2.0-85107757446,Q5,X,tidak relevan pada tahap judul
3841,2-s2.0-85108317753,Q5,X,tidak relevan pada tahap judul
3842,2-s2.0-85113322097,Q5,X,tidak relevan pada tahap judul
3843,2-s2.0-85116966303,Q5,X,tidak relevan pada tahap judul
3844,2-s2.0-85113738321,Q5,X,tidak relevan pada tahap judul
3845,2-s2.0-85108327889,Q5,X,tidak relevan pada tahap judul
3846,2-s2.0-85108432527,Q5,X,tidak relevan pada tahap judul
3847,2-s2.0-85107553860,Q5,X,tidak relevan pada tahap judul
3848,2-s2.0-85108407398,Q5,X,tidak relevan pada tahap judul
3849,2-s2.0-85108785286,Q5,X,tidak relevan pada tahap judul
3850,2-s2.0-85119373136,Q5,X,tidak relevan pada tahap judul
3851,2-s2.0-85134761239,Q5,X,tidak relevan pada tahap judul
3852,2-s2.0-85111567992,Q5,X,tidak relevan pada tahap judul
3853,2-s2.0-85100688677,Q5,X,tidak relevan pada tahap judul
3854,2-s2.0-85111376722,Q5,X,tidak relevan pada tahap judul
3855,2-s2.0-85112019899,Q5,X,tidak relevan pada tahap judul
3856,2-s2.0-85105307795,Q5,X,tidak relevan pada tahap judul
3857,2-s2.0-85144983760,Q5,X,tidak relevan pada tahap judul
3858,2-s2.0-85109733694,Q5,X,tidak relevan pada tahap judul
3859,2-s2.0-85113632854,Q5,X,tidak relevan pada tahap judul
3860,2-s2.0-85114879750,Q5,X,tidak relevan pada tahap judul
3861,2-s2.0-85114482686,Q5,X,tidak relevan pada tahap judul
3862,2-s2.0-85108139068,Q5,X,tidak relevan pada tahap judul
3863,2-s2.0-85116063447,Q5,X,tidak relevan pada tahap judul
3864,2-s2.0-85113963052,Q5,X,tidak relevan pada tahap judul
3865,2-s2.0-85099100299,Q5,X,tidak relevan pada tahap judul
3866,2-s2.0-85109786493,Q5,X,tidak relevan pada tahap judul
3867,2-s2.0-85105719764,Q5,X,tidak relevan pada tahap judul
3868,2-s2.0-85107213893,Q5,X,tidak relevan pada tahap judul
3869,2-s2.0-85104638853,Q5,X,tidak relevan pada tahap judul
3870,2-s2.0-85103420886,Q5,X,tidak relevan pada tahap judul
3871,2-s2.0-85103123907,Q5,X,tidak relevan pada tahap judul
3872,2-s2.0-85111937993,Q5,X,tidak relevan pada tahap judul
3873,2-s2.0-85111930900,Q5,X,tidak relevan pada tahap judul
3874,2-s2.0-85111942372,Q5,X,tidak relevan pada tahap judul
3875,2-s2.0-85095771323,Q5,X,tidak relevan pada tahap judul
3876,2-s2.0-85107875944,Q5,X,tidak relevan pada tahap judul
3877,2-s2.0-85094831450,Q5,X,tidak relevan pada tahap judul
3878,2-s2.0-85100372450,Q5,X,tidak relevan pada tahap judul
3879,2-s2.0-85111939244,Q5,X,tidak relevan pada tahap judul
3880,2-s2.0-85088822044,Q5,X,tidak relevan pada tahap judul
3881,2-s2.0-85105178472,Q5,X,tidak relevan pada tahap judul
3882,2-s2.0-85100252939,Q5,I,
3883,2-s2.0-85104999908,Q5,X,tidak relevan pada tahap judul
3884,2-s2.0-85105472209,Q5,X,tidak relevan pada tahap judul
3885,2-s2.0-85086860580,Q5,X,tidak relevan pada tahap judul
3886,2-s2.0-85098719648,Q5,X,tidak relevan pada tahap judul
3887,2-s2.0-85108854441,Q5,X,tidak relevan pada tahap judul
3888,2-s2.0-85091997749,Q5,X,tidak relevan pada tahap judul
3889,2-s2.0-85098221822,Q5,X,tidak relevan pada tahap judul
3890,2-s2.0-85097787851,Q5,X,tidak relevan pada tahap judul
3891,2-s2.0-85100404502,Q5,X,tidak relevan pada tahap judul
3892,2-s2.0-85096622066,Q5,X,tidak relevan pada tahap judul
3893,2-s2.0-85103090744,Q5,X,tidak relevan pada tahap judul
3894,2-s2.0-85104664545,Q5,X,tidak relevan pada tahap judul
3895,2-s2.0-85175704672,Q5,X,tidak relevan pada tahap judul
3896,2-s2.0-85098961468,Q5,X,tidak relevan pada tahap judul
3897,2-s2.0-85097453103,Q5,X,tidak relevan pada tahap judul
3898,2-s2.0-85097903074,Q5,X,tidak relevan pada tahap judul
3899,2-s2.0-85098204291,Q5,X,tidak relevan pada tahap judul
3900,2-s2.0-85097301529,Q5,X,tidak relevan pada tahap judul
3901,2-s2.0-85102353716,Q5,X,tidak relevan pada tahap judul
3902,2-s2.0-85099860260,Q5,X,tidak relevan pada tahap judul
3903,2-s2.0-85096345530,Q5,X,tidak relevan pada tahap judul
3904,2-s2.0-85104127616,Q5,X,tidak relevan pada tahap judul
3905,2-s2.0-85088817850,Q5,X,tidak relevan pada tahap judul
3906,2-s2.0-85103742503,Q5,X,tidak relevan pada tahap judul
3907,2-s2.0-85099080540,Q5,X,tidak relevan pada tahap judul
3908,2-s2.0-85125483212,Q5,X,tidak relevan pada tahap judul
3909,2-s2.0-85125749184,Q5,X,tidak relevan pada tahap judul
3910,2-s2.0-85123433369,Q5,X,tidak relevan pada tahap judul
3911,2-s2.0-85119455827,Q5,X,tidak relevan pada tahap judul
3912,2-s2.0-85113840654,Q5,I,
3913,2-s2.0-85114203663,Q5,X,tidak relevan pada tahap judul
3914,2-s2.0-85114201315,Q5,X,tidak relevan pada tahap judul
3915,2-s2.0-85111667042,Q5,X,tidak relevan pada tahap judul
3916,2-s2.0-85119326733,Q5,X,tidak relevan pada tahap judul
3917,2-s2.0-85127376991,Q5,X,tidak relevan pada tahap judul
3918,2-s2.0-85117617627,Q5,X,tidak relevan pada tahap judul
3919,2-s2.0-85114273690,Q5,X,tidak relevan pada tahap judul
3920,2-s2.0-85100245271,Q5,X,tidak relevan pada tahap judul
3921,2-s2.0-85114197323,Q5,I,
3922,2-s2.0-85098914472,Q5,X,tidak relevan pada tahap judul
3923,2-s2.0-85119086329,Q5,X,tidak relevan pada tahap judul
3924,2-s2.0-85129640452,Q5,X,tidak relevan pada tahap judul
3925,2-s2.0-85122805299,Q5,X,tidak relevan pada tahap judul
3926,2-s2.0-85107520423,Q5,X,tidak relevan pada tahap judul
3927,2-s2.0-85119350383,Q5,X0,tipe dokumen dikeluarkan tahap 0
3928,2-s2.0-85117227017,Q5,X,tidak relevan pada tahap judul
3929,2-s2.0-85196194560,Q5,X,tidak relevan pada tahap judul
3930,2-s2.0-85106572921,Q5,X,tidak relevan pada tahap judul
3931,2-s2.0-85099070680,Q5,X,tidak relevan pada tahap judul
3932,2-s2.0-85106434587,Q5,X0,tipe dokumen dikeluarkan tahap 0
3933,2-s2.0-85098223078,Q5,X,tidak relevan pada tahap judul
3934,2-s2.0-85106213753,Q5,X,tidak relevan pada tahap judul
3935,2-s2.0-85132526858,Q5,X,tidak relevan pada tahap judul
3936,2-s2.0-85102282512,Q5,X,tidak relevan pada tahap judul
3937,2-s2.0-85120487384,Q5,X,tidak relevan pada tahap judul
3938,2-s2.0-85100112119,Q5,X,tidak relevan pada tahap judul
3939,2-s2.0-85114062057,Q5,X0,tipe dokumen dikeluarkan tahap 0
3940,2-s2.0-85099267717,Q5,X,tidak relevan pada tahap judul
3941,2-s2.0-85098467190,Q5,X,tidak relevan pada tahap judul
3942,2-s2.0-85102942123,Q5,X,tidak relevan pada tahap judul
3943,2-s2.0-85094211979,Q5,X,tidak relevan pada tahap judul
3944,2-s2.0-85139005543,Q5,X,tidak relevan pada tahap judul
3945,2-s2.0-85083478246,Q5,X,tidak relevan pada tahap judul
3946,2-s2.0-85089495179,Q5,X,tidak relevan pada tahap judul
3947,2-s2.0-85097514532,Q5,X,tidak relevan pada tahap judul
3948,2-s2.0-85092529290,Q5,X,tidak relevan pada tahap judul
3949,2-s2.0-85097097005,Q5,X,tidak relevan pada tahap judul
3950,2-s2.0-85097321621,Q5,X,tidak relevan pada tahap judul
3951,2-s2.0-85083801120,Q5,X,tidak relevan pada tahap judul
3952,2-s2.0-85091553196,Q5,X,tidak relevan pada tahap judul
3953,2-s2.0-85090983497,Q5,X,tidak relevan pada tahap judul
3954,2-s2.0-85097437171,Q5,X,tidak relevan pada tahap judul
3955,2-s2.0-85097460176,Q5,X,tidak relevan pada tahap judul
3956,2-s2.0-85099657989,Q5,X,tidak relevan pada tahap judul
3957,2-s2.0-85099038076,Q5,I,
3958,2-s2.0-85092080891,Q5,X,tidak relevan pada tahap judul
3959,2-s2.0-85095132425,Q5,X,tidak relevan pada tahap judul
3960,2-s2.0-85088747774,Q5,X,tidak relevan pada tahap judul
3961,2-s2.0-85094596037,Q5,X0,tipe dokumen dikeluarkan tahap 0
3962,2-s2.0-85089395717,Q5,X,tidak relevan pada tahap judul
3963,2-s2.0-85096544411,Q5,X,tidak relevan pada tahap judul
3964,2-s2.0-85094812452,Q5,X,tidak relevan pada tahap judul
3965,2-s2.0-85096140824,Q5,X,tidak relevan pada tahap judul
3966,2-s2.0-85091777232,Q5,X,tidak relevan pada tahap judul
3967,2-s2.0-85089090781,Q5,R,
3968,2-s2.0-85092064827,Q5,X,tidak relevan pada tahap judul
3969,2-s2.0-85089537778,Q5,X,tidak relevan pada tahap judul
3970,2-s2.0-85089279313,Q5,X,tidak relevan pada tahap judul
3971,2-s2.0-85093848649,Q5,X,tidak relevan pada tahap judul
3972,2-s2.0-85092095617,Q5,X,tidak relevan pada tahap judul
3973,2-s2.0-85078783496,Q5,X,tidak relevan pada tahap judul
3974,2-s2.0-85088384827,Q5,I,
3975,2-s2.0-85088132242,Q5,X,tidak relevan pada tahap judul
3976,2-s2.0-85091582209,Q5,X,tidak relevan pada tahap judul
3977,2-s2.0-85089689028,Q5,R,
3978,2-s2.0-85091106564,Q5,X,tidak relevan pada tahap judul
3979,2-s2.0-85088658217,Q5,X,tidak relevan pada tahap judul
3980,2-s2.0-85086503494,Q5,X,tidak relevan pada tahap judul
3981,2-s2.0-85148757801,Q5,X,tidak relevan pada tahap judul
3982,2-s2.0-85088123007,Q5,X,tidak relevan pada tahap judul
3983,2-s2.0-85094102280,Q5,X,tidak relevan pada tahap judul
3984,2-s2.0-85093853889,Q5,X,tidak relevan pada tahap judul
3985,2-s2.0-85085915187,Q5,I,
3986,2-s2.0-85094127891,Q5,X,tidak relevan pada tahap judul
3987,2-s2.0-85094126300,Q5,X,tidak relevan pada tahap judul
3988,2-s2.0-85088811102,Q5,X,tidak relevan pada tahap judul
3989,2-s2.0-85089613928,Q5,X,tidak relevan pada tahap judul
3990,2-s2.0-85088894175,Q5,X,tidak relevan pada tahap judul
3991,2-s2.0-85085274433,Q5,X,tidak relevan pada tahap judul
3992,2-s2.0-85088661621,Q5,X,tidak relevan pada tahap judul
3993,2-s2.0-85088654021,Q5,X,tidak relevan pada tahap judul
3994,2-s2.0-85087823845,Q5,X,tidak relevan pada tahap judul
3995,2-s2.0-85087830845,Q5,X,tidak relevan pada tahap judul
3996,2-s2.0-85087380415,Q5,X,tidak relevan pada tahap judul
3997,2-s2.0-85086876241,Q5,X0,tipe dokumen dikeluarkan tahap 0
3998,2-s2.0-85082961348,Q5,X,tidak relevan pada tahap judul
3999,2-s2.0-85087459709,Q5,X,tidak relevan pada tahap judul
4000,2-s2.0-85086354742,Q5,X,tidak relevan pada tahap judul
4001,2-s2.0-85086008294,Q5,X,tidak relevan pada tahap judul
4002,2-s2.0-85071290240,Q5,X,tidak relevan pada tahap judul
4003,2-s2.0-85064443767,Q5,X,tidak relevan pada tahap judul
4004,2-s2.0-85087408732,Q5,X,tidak relevan pada tahap judul
4005,2-s2.0-85086582293,Q5,X,tidak relevan pada tahap judul
4006,2-s2.0-85085563305,Q5,X,tidak relevan pada tahap judul
4007,2-s2.0-85092708035,Q5,X,tidak relevan pada tahap judul
4008,2-s2.0-85086101893,Q5,X,tidak relevan pada tahap judul
4009,2-s2.0-85092694926,Q5,X,tidak relevan pada tahap judul
4010,2-s2.0-85083429254,Q5,X,tidak relevan pada tahap judul
4011,2-s2.0-85101435073,Q5,X,tidak relevan pada tahap judul
4012,2-s2.0-85085372092,Q5,X,tidak relevan pada tahap judul
4013,2-s2.0-85081961517,Q5,X,tidak relevan pada tahap judul
4014,2-s2.0-85137371731,Q5,X,tidak relevan pada tahap judul
4015,2-s2.0-85078139272,Q5,X,tidak relevan pada tahap judul
4016,2-s2.0-85083089144,Q5,X,tidak relevan pada tahap judul
4017,2-s2.0-85083437678,Q5,X,tidak relevan pada tahap judul
4018,2-s2.0-85077953179,Q5,X,tidak relevan pada tahap judul
4019,2-s2.0-85084171006,Q5,X,tidak relevan pada tahap judul
4020,2-s2.0-85083465907,Q5,X,tidak relevan pada tahap judul
4021,2-s2.0-85084700836,Q5,X,tidak relevan pada tahap judul
4022,2-s2.0-85082576818,Q5,X,tidak relevan pada tahap judul
4023,2-s2.0-85075419446,Q5,X,tidak relevan pada tahap judul
4024,2-s2.0-85082629319,Q5,X,tidak relevan pada tahap judul
4025,2-s2.0-85081631863,Q5,X,tidak relevan pada tahap judul
4026,2-s2.0-85079519134,Q5,X,tidak relevan pada tahap judul
4027,2-s2.0-85078994678,Q5,X,tidak relevan pada tahap judul
4028,2-s2.0-85085181510,Q5,X0,tipe dokumen dikeluarkan tahap 0
4029,2-s2.0-85079834238,Q5,X,tidak relevan pada tahap judul
4030,2-s2.0-85064515374,Q5,I,
4031,2-s2.0-85079716803,Q5,X,tidak relevan pada tahap judul
4032,2-s2.0-85077238192,Q5,I,
4033,2-s2.0-85077028862,Q5,X,tidak relevan pada tahap judul
4034,2-s2.0-85082553130,Q5,X,tidak relevan pada tahap judul
4035,2-s2.0-85083399094,Q5,X,tidak relevan pada tahap judul
4036,2-s2.0-85078071985,Q5,X,tidak relevan pada tahap judul
4037,2-s2.0-85084790434,Q5,X,tidak relevan pada tahap judul
4038,2-s2.0-85076858718,Q5,X,tidak relevan pada tahap judul
4039,2-s2.0-85088744368,Q5,X,tidak relevan pada tahap judul
4040,2-s2.0-85091327802,Q5,X,tidak relevan pada tahap judul
4041,2-s2.0-85077256877,Q5,I,
4042,2-s2.0-85081086681,Q5,X,tidak relevan pada tahap judul
4043,2-s2.0-85097674136,Q5,X0,tipe dokumen dikeluarkan tahap 0
4044,2-s2.0-85088529873,Q5,X0,tipe dokumen dikeluarkan tahap 0
4045,2-s2.0-85083500224,Q5,X,tidak relevan pada tahap judul
4046,2-s2.0-85062691163,Q5,X,tidak relevan pada tahap judul
4047,2-s2.0-85097572718,Q5,X,tidak relevan pada tahap judul
4048,2-s2.0-85087305652,Q5,X0,tipe dokumen dikeluarkan tahap 0
4049,2-s2.0-85088638078,Q5,X,tidak relevan pada tahap judul
4050,2-s2.0-85083965468,Q5,X,tidak relevan pada tahap judul
4051,2-s2.0-85109273340,Q5,X,tidak relevan pada tahap judul
4052,2-s2.0-85085618452,Q5,X,tidak relevan pada tahap judul
4053,2-s2.0-85096941907,Q5,X,tidak relevan pada tahap judul
4054,2-s2.0-85077616737,Q5,X,tidak relevan pada tahap judul
4055,2-s2.0-85077381150,Q5,I,
4056,2-s2.0-85081630234,Q5,M,
4057,2-s2.0-85073272801,Q5,I,
4058,2-s2.0-85060720024,Q5,X,tidak relevan pada tahap judul
4059,2-s2.0-85081009374,Q5,X,tidak relevan pada tahap judul
4060,2-s2.0-85075754236,Q5,X,tidak relevan pada tahap judul
4061,2-s2.0-85074691296,Q5,X,tidak relevan pada tahap judul
4062,2-s2.0-85070997685,Q5,X,tidak relevan pada tahap judul
4063,2-s2.0-85059443610,Q5,X,tidak relevan pada tahap judul
4064,2-s2.0-85069653152,Q5,X,tidak relevan pada tahap judul
4065,2-s2.0-85075580157,Q5,X,tidak relevan pada tahap judul
4066,2-s2.0-85075075169,Q5,X,tidak relevan pada tahap judul
4067,2-s2.0-85072212777,Q5,X,tidak relevan pada tahap judul
4068,2-s2.0-85072345472,Q5,I,
4069,2-s2.0-85067244767,Q5,X,tidak relevan pada tahap judul
4070,2-s2.0-85084752980,Q5,X,tidak relevan pada tahap judul
4071,2-s2.0-85070703015,Q5,X,tidak relevan pada tahap judul
4072,2-s2.0-85073708936,Q5,X0,tipe dokumen dikeluarkan tahap 0
4073,2-s2.0-85083211522,Q5,X,tidak relevan pada tahap judul
4074,2-s2.0-85068575870,Q5,I,
4075,2-s2.0-85072904032,Q5,X,tidak relevan pada tahap judul
4076,2-s2.0-85068754897,Q5,X,tidak relevan pada tahap judul
4077,2-s2.0-85073565953,Q5,X,tidak relevan pada tahap judul
4078,2-s2.0-85074395978,Q5,X,tidak relevan pada tahap judul
4079,2-s2.0-85073472289,Q5,X,tidak relevan pada tahap judul
4080,2-s2.0-85070471935,Q5,X,tidak relevan pada tahap judul
4081,2-s2.0-85055493682,Q5,X,tidak relevan pada tahap judul
4082,2-s2.0-85069974413,Q5,I,
4083,2-s2.0-85071101562,Q5,X,tidak relevan pada tahap judul
4084,2-s2.0-85072926886,Q5,X,tidak relevan pada tahap judul
4085,2-s2.0-85066108813,Q5,X,tidak relevan pada tahap judul
4086,2-s2.0-85064258310,Q5,X,tidak relevan pada tahap judul
4087,2-s2.0-85067664832,Q5,X,tidak relevan pada tahap judul
4088,2-s2.0-85062706972,Q5,X,tidak relevan pada tahap judul
4089,2-s2.0-85072595494,Q5,X,tidak relevan pada tahap judul
4090,2-s2.0-85083337613,Q5,X,tidak relevan pada tahap judul
4091,2-s2.0-85063010095,Q5,X,tidak relevan pada tahap judul
4092,2-s2.0-85065066187,Q5,X,tidak relevan pada tahap judul
4093,2-s2.0-85063614719,Q5,X,tidak relevan pada tahap judul
4094,2-s2.0-85144016156,Q5,X,tidak relevan pada tahap judul
4095,2-s2.0-85071497023,Q5,X,tidak relevan pada tahap judul
4096,2-s2.0-85061184634,Q5,X,tidak relevan pada tahap judul
4097,2-s2.0-85065480146,Q5,X,tidak relevan pada tahap judul
4098,2-s2.0-85057055395,Q5,X,tidak relevan pada tahap judul
4099,2-s2.0-85064644485,Q5,X,tidak relevan pada tahap judul
4100,2-s2.0-85061381027,Q5,X,tidak relevan pada tahap judul
4101,2-s2.0-85064009334,Q5,X,tidak relevan pada tahap judul
4102,2-s2.0-85056593559,Q5,X,tidak relevan pada tahap judul
4103,2-s2.0-85061667474,Q5,X,tidak relevan pada tahap judul
4104,2-s2.0-85103261167,Q5,X,tidak relevan pada tahap judul
4105,2-s2.0-85055247568,Q5,X,tidak relevan pada tahap judul
4106,2-s2.0-85062517256,Q5,X,tidak relevan pada tahap judul
4107,2-s2.0-85055872603,Q5,X,tidak relevan pada tahap judul
4108,2-s2.0-85059831182,Q5,X,tidak relevan pada tahap judul
4109,2-s2.0-85059464492,Q5,X,tidak relevan pada tahap judul
4110,2-s2.0-85060085362,Q5,X,tidak relevan pada tahap judul
4111,2-s2.0-85061386211,Q5,X,tidak relevan pada tahap judul
4112,2-s2.0-85064761204,Q5,X,tidak relevan pada tahap judul
4113,2-s2.0-85055017198,Q5,X,tidak relevan pada tahap judul
4114,2-s2.0-85050725501,Q5,X,tidak relevan pada tahap judul
4115,2-s2.0-85050735015,Q5,X,tidak relevan pada tahap judul
4116,2-s2.0-85060395875,Q5,M,
4117,2-s2.0-85062343644,Q5,X,tidak relevan pada tahap judul
4118,2-s2.0-85073730306,Q5,X,tidak relevan pada tahap judul
4119,2-s2.0-85070606005,Q5,X,tidak relevan pada tahap judul
4120,2-s2.0-85081064580,Q5,X,tidak relevan pada tahap judul
4121,2-s2.0-85061075781,Q5,X0,tipe dokumen dikeluarkan tahap 0
4122,2-s2.0-85084017620,Q5,I,
4123,2-s2.0-85070877452,Q5,M,
4124,2-s2.0-85081065786,Q5,X,tidak relevan pada tahap judul
4125,2-s2.0-85084012553,Q5,X,tidak relevan pada tahap judul
4126,2-s2.0-85070943228,Q5,X,tidak relevan pada tahap judul
4127,2-s2.0-85065214520,Q5,X,tidak relevan pada tahap judul
4128,2-s2.0-85073761690,Q5,X,tidak relevan pada tahap judul
4129,2-s2.0-85061544142,Q5,X,tidak relevan pada tahap judul
4130,2-s2.0-85073734335,Q5,X,tidak relevan pada tahap judul
4131,2-s2.0-85072911728,Q5,X,tidak relevan pada tahap judul
4132,2-s2.0-85072886762,Q5,X,tidak relevan pada tahap judul
4133,2-s2.0-85071766494,Q5,X,tidak relevan pada tahap judul
4134,2-s2.0-85072898638,Q5,X0,tipe dokumen dikeluarkan tahap 0
4135,2-s2.0-85060439641,Q5,X,tidak relevan pada tahap judul
4136,2-s2.0-85086945660,Q5,X,tidak relevan pada tahap judul
4137,2-s2.0-85063051695,Q5,X,tidak relevan pada tahap judul
4138,2-s2.0-85070075303,Q5,X,tidak relevan pada tahap judul
4139,2-s2.0-85072516068,Q5,X,tidak relevan pada tahap judul
4140,2-s2.0-85152795668,Q5,X,tidak relevan pada tahap judul
4141,2-s2.0-85053103660,Q5,X,tidak relevan pada tahap judul
4142,2-s2.0-85050971109,Q5,I,
4143,2-s2.0-85062973161,Q5,X,tidak relevan pada tahap judul
4144,2-s2.0-85057803737,Q5,X,tidak relevan pada tahap judul
4145,2-s2.0-85055745123,Q5,X,tidak relevan pada tahap judul
4146,2-s2.0-85054601313,Q5,X,tidak relevan pada tahap judul
4147,2-s2.0-85056565363,Q5,X,tidak relevan pada tahap judul
4148,2-s2.0-85048939502,Q5,X,tidak relevan pada tahap judul
4149,2-s2.0-85049365365,Q5,X,tidak relevan pada tahap judul
4150,2-s2.0-85055270203,Q5,X,tidak relevan pada tahap judul
4151,2-s2.0-85057827848,Q5,X,tidak relevan pada tahap judul
4152,2-s2.0-85060231174,Q5,X,tidak relevan pada tahap judul
4153,2-s2.0-85056428833,Q5,X,tidak relevan pada tahap judul
4154,2-s2.0-85057071646,Q5,X,tidak relevan pada tahap judul
4155,2-s2.0-85041340560,Q5,X0,tipe dokumen dikeluarkan tahap 0
4156,2-s2.0-85050607771,Q5,X,tidak relevan pada tahap judul
4157,2-s2.0-85063310094,Q5,X,tidak relevan pada tahap judul
4158,2-s2.0-85053373506,Q5,X,tidak relevan pada tahap judul
4159,2-s2.0-85054360566,Q5,X,tidak relevan pada tahap judul
4160,2-s2.0-85047611919,Q5,X,tidak relevan pada tahap judul
4161,2-s2.0-85053078725,Q5,X,tidak relevan pada tahap judul
4162,2-s2.0-85044449987,Q5,X,tidak relevan pada tahap judul
4163,2-s2.0-85045031750,Q5,X,tidak relevan pada tahap judul
4164,2-s2.0-85050456201,Q5,X,tidak relevan pada tahap judul
4165,2-s2.0-85045702966,Q5,X,tidak relevan pada tahap judul
4166,2-s2.0-85056611921,Q5,X,tidak relevan pada tahap judul
4167,2-s2.0-85056609799,Q5,X,tidak relevan pada tahap judul
4168,2-s2.0-85042945364,Q5,X,tidak relevan pada tahap judul
4169,2-s2.0-85047410752,Q5,X,tidak relevan pada tahap judul
4170,2-s2.0-85047516193,Q5,X,tidak relevan pada tahap judul
4171,2-s2.0-85048333341,Q5,X,tidak relevan pada tahap judul
4172,2-s2.0-85047264964,Q5,X,tidak relevan pada tahap judul
4173,2-s2.0-85048753798,Q5,X,tidak relevan pada tahap judul
4174,2-s2.0-85050882045,Q5,X,tidak relevan pada tahap judul
4175,2-s2.0-85064116165,Q5,X,tidak relevan pada tahap judul
4176,2-s2.0-85057360436,Q5,X,tidak relevan pada tahap judul
4177,2-s2.0-85049298991,Q5,X,tidak relevan pada tahap judul
4178,2-s2.0-85048875237,Q5,X,tidak relevan pada tahap judul
4179,2-s2.0-85048972319,Q5,X,tidak relevan pada tahap judul
4180,2-s2.0-85047359767,Q5,X,tidak relevan pada tahap judul
4181,2-s2.0-85040226937,Q5,X,tidak relevan pada tahap judul
4182,2-s2.0-85040332400,Q5,X,tidak relevan pada tahap judul
4183,2-s2.0-85046898849,Q5,X,tidak relevan pada tahap judul
4184,2-s2.0-85042869102,Q5,X,tidak relevan pada tahap judul
4185,2-s2.0-85042674326,Q5,X,tidak relevan pada tahap judul
4186,2-s2.0-85045754848,Q5,X,tidak relevan pada tahap judul
4187,2-s2.0-85049187587,Q5,X,tidak relevan pada tahap judul
4188,2-s2.0-85049165316,Q5,X,tidak relevan pada tahap judul
4189,2-s2.0-85016488113,Q5,X,tidak relevan pada tahap judul
4190,2-s2.0-85030536285,Q5,X,tidak relevan pada tahap judul
4191,2-s2.0-85031776797,Q5,X,tidak relevan pada tahap judul
4192,2-s2.0-85040568211,Q5,X,tidak relevan pada tahap judul
4193,2-s2.0-85048299815,Q5,X,tidak relevan pada tahap judul
4194,2-s2.0-85042865096,Q5,M,
4195,2-s2.0-85042770423,Q5,X,tidak relevan pada tahap judul
4196,2-s2.0-85038024045,Q5,X,tidak relevan pada tahap judul
4197,2-s2.0-85038124462,Q5,X,tidak relevan pada tahap judul
4198,2-s2.0-85029415843,Q5,X,tidak relevan pada tahap judul
4199,2-s2.0-85032653289,Q5,X,tidak relevan pada tahap judul
4200,2-s2.0-85041134684,Q5,X,tidak relevan pada tahap judul
4201,2-s2.0-85040953771,Q5,X,tidak relevan pada tahap judul
4202,2-s2.0-85021087685,Q5,X,tidak relevan pada tahap judul
4203,2-s2.0-85041102138,Q5,X,tidak relevan pada tahap judul
4204,2-s2.0-85053105227,Q5,X,tidak relevan pada tahap judul
4205,2-s2.0-85054170085,Q5,X,tidak relevan pada tahap judul
4206,2-s2.0-85053162909,Q5,X,tidak relevan pada tahap judul
4207,2-s2.0-85071848406,Q5,X,tidak relevan pada tahap judul
4208,2-s2.0-85121302201,Q5,X,tidak relevan pada tahap judul
4209,2-s2.0-85053138503,Q5,X,tidak relevan pada tahap judul
4210,2-s2.0-85054156264,Q5,X,tidak relevan pada tahap judul
4211,2-s2.0-85045200591,Q5,X,tidak relevan pada tahap judul
4212,2-s2.0-85055718162,Q5,X,tidak relevan pada tahap judul
4213,2-s2.0-85042145927,Q5,X,tidak relevan pada tahap judul
4214,2-s2.0-85057355489,Q5,X,tidak relevan pada tahap judul
4215,2-s2.0-85048242128,Q5,X,tidak relevan pada tahap judul
4216,2-s2.0-85060043524,Q5,X,tidak relevan pada tahap judul
4217,2-s2.0-85054802858,Q5,X,tidak relevan pada tahap judul
4218,2-s2.0-85060485538,Q5,X,tidak relevan pada tahap judul
4219,2-s2.0-85054936970,Q5,X,tidak relevan pada tahap judul
4220,2-s2.0-85044817251,Q5,X,tidak relevan pada tahap judul
4221,2-s2.0-85039054478,Q5,X,tidak relevan pada tahap judul
4222,2-s2.0-85057336314,Q5,X,tidak relevan pada tahap judul
4223,2-s2.0-85042211120,Q5,X0,tipe dokumen dikeluarkan tahap 0
4224,2-s2.0-85026739688,Q5,X0,tipe dokumen dikeluarkan tahap 0
4225,2-s2.0-85054195738,Q5,X,tidak relevan pada tahap judul
4226,2-s2.0-85045039015,Q5,X,tidak relevan pada tahap judul
4227,2-s2.0-85030309696,Q5,X,tidak relevan pada tahap judul
4228,2-s2.0-85053618713,Q5,X,tidak relevan pada tahap judul
4229,2-s2.0-85033709434,Q5,X,tidak relevan pada tahap judul
4230,2-s2.0-85052932639,Q5,X,tidak relevan pada tahap judul
4231,2-s2.0-85044231267,Q5,X,tidak relevan pada tahap judul
4232,2-s2.0-85046894339,Q5,I,
4233,2-s2.0-85043756322,Q5,X,tidak relevan pada tahap judul
4234,2-s2.0-85019972565,Q5,X,tidak relevan pada tahap judul
4235,2-s2.0-85021927828,Q5,X,tidak relevan pada tahap judul
4236,2-s2.0-85028886862,Q5,X,tidak relevan pada tahap judul
4237,2-s2.0-85036562731,Q5,X,tidak relevan pada tahap judul
4238,2-s2.0-85008689648,Q5,X,tidak relevan pada tahap judul
4239,2-s2.0-85028322172,Q5,X,tidak relevan pada tahap judul
4240,2-s2.0-85034826313,Q5,X0,tipe dokumen dikeluarkan tahap 0
4241,2-s2.0-85028324951,Q5,X,tidak relevan pada tahap judul
4242,2-s2.0-85028975838,Q5,X,tidak relevan pada tahap judul
4243,2-s2.0-85021348013,Q5,X,tidak relevan pada tahap judul
4244,2-s2.0-85019542524,Q5,X,tidak relevan pada tahap judul
4245,2-s2.0-85031783118,Q5,X,tidak relevan pada tahap judul
4246,2-s2.0-85028347852,Q5,X,tidak relevan pada tahap judul
4247,2-s2.0-85028343578,Q5,X,tidak relevan pada tahap judul
4248,2-s2.0-85025838908,Q5,X,tidak relevan pada tahap judul
4249,2-s2.0-85038129325,Q5,X,tidak relevan pada tahap judul
4250,2-s2.0-85019626533,Q5,X,tidak relevan pada tahap judul
4251,2-s2.0-85019698452,Q5,X,tidak relevan pada tahap judul
4252,2-s2.0-85020782738,Q5,X,tidak relevan pada tahap judul
4253,2-s2.0-85022345970,Q5,X,tidak relevan pada tahap judul
4254,2-s2.0-85060425740,Q5,X0,tipe dokumen dikeluarkan tahap 0
4255,2-s2.0-85027327657,Q5,X,tidak relevan pada tahap judul
4256,2-s2.0-85019222000,Q5,X,tidak relevan pada tahap judul
4257,2-s2.0-85018894371,Q5,X,tidak relevan pada tahap judul
4258,2-s2.0-85021428744,Q5,X,tidak relevan pada tahap judul
4259,2-s2.0-85019972334,Q5,X,tidak relevan pada tahap judul
4260,2-s2.0-85017527531,Q5,X,tidak relevan pada tahap judul
4261,2-s2.0-85012931160,Q5,X,tidak relevan pada tahap judul
4262,2-s2.0-85020201230,Q5,X,tidak relevan pada tahap judul
4263,2-s2.0-85058585353,Q5,X,tidak relevan pada tahap judul
4264,2-s2.0-85013799421,Q5,X,tidak relevan pada tahap judul
4265,2-s2.0-85016617178,Q5,X,tidak relevan pada tahap judul
4266,2-s2.0-85021860100,Q5,X,tidak relevan pada tahap judul
4267,2-s2.0-85014969519,Q5,X,tidak relevan pada tahap judul
4268,2-s2.0-85017201611,Q5,X,tidak relevan pada tahap judul
4269,2-s2.0-85017265551,Q5,X,tidak relevan pada tahap judul
4270,2-s2.0-85012195873,Q5,X,tidak relevan pada tahap judul
4271,2-s2.0-84982105705,Q5,X,tidak relevan pada tahap judul
4272,2-s2.0-85017294017,Q5,X,tidak relevan pada tahap judul
4273,2-s2.0-84990834274,Q5,X,tidak relevan pada tahap judul
4274,2-s2.0-85008627494,Q5,X,tidak relevan pada tahap judul
4275,2-s2.0-85015314685,Q5,X,tidak relevan pada tahap judul
4276,2-s2.0-85035327628,Q5,X,tidak relevan pada tahap judul
4277,2-s2.0-85029529375,Q5,X,tidak relevan pada tahap judul
4278,2-s2.0-85035319742,Q5,X,tidak relevan pada tahap judul
4279,2-s2.0-85035312682,Q5,X,tidak relevan pada tahap judul
4280,2-s2.0-85015448500,Q5,X,tidak relevan pada tahap judul
4281,2-s2.0-85042431335,Q5,X,tidak relevan pada tahap judul
4282,2-s2.0-85049774904,Q5,X,tidak relevan pada tahap judul
4283,2-s2.0-85047380608,Q5,X,tidak relevan pada tahap judul
4284,2-s2.0-85036534395,Q5,X,tidak relevan pada tahap judul
4285,2-s2.0-85041053526,Q5,X,tidak relevan pada tahap judul
4286,2-s2.0-85007313907,Q5,X,tidak relevan pada tahap judul
4287,2-s2.0-84987933666,Q5,X,tidak relevan pada tahap judul
4288,2-s2.0-85008645147,Q5,X,tidak relevan pada tahap judul
4289,2-s2.0-84975487467,Q5,X,tidak relevan pada tahap judul
4290,2-s2.0-85057051165,Q5,X,tidak relevan pada tahap judul
4291,2-s2.0-84997610629,Q5,X,tidak relevan pada tahap judul
4292,2-s2.0-85006847185,Q5,M,
4293,2-s2.0-84996644443,Q5,X,tidak relevan pada tahap judul
4294,2-s2.0-84993996127,Q5,X,tidak relevan pada tahap judul
4295,2-s2.0-84969820319,Q5,X,tidak relevan pada tahap judul
4296,2-s2.0-84987862317,Q5,X,tidak relevan pada tahap judul
4297,2-s2.0-84964330280,Q5,X,tidak relevan pada tahap judul
4298,2-s2.0-84992108827,Q5,X,tidak relevan pada tahap judul
4299,2-s2.0-84987962214,Q5,X,tidak relevan pada tahap judul
4300,2-s2.0-84976525079,Q5,X,tidak relevan pada tahap judul
4301,2-s2.0-84986569386,Q5,X,tidak relevan pada tahap judul
4302,2-s2.0-84993949330,Q5,X,tidak relevan pada tahap judul
4303,2-s2.0-84971441343,Q5,X,tidak relevan pada tahap judul
4304,2-s2.0-84939826082,Q5,X,tidak relevan pada tahap judul
4305,2-s2.0-84960875897,Q5,X,tidak relevan pada tahap judul
4306,2-s2.0-84938881369,Q5,X,tidak relevan pada tahap judul
4307,2-s2.0-84984626797,Q5,X,tidak relevan pada tahap judul
4308,2-s2.0-84971624294,Q5,X,tidak relevan pada tahap judul
4309,2-s2.0-84974727860,Q5,X,tidak relevan pada tahap judul
4310,2-s2.0-84961245769,Q5,X,tidak relevan pada tahap judul
4311,2-s2.0-84959885904,Q5,X,tidak relevan pada tahap judul
4312,2-s2.0-84977488477,Q5,X,tidak relevan pada tahap judul
4313,2-s2.0-84973912644,Q5,X,tidak relevan pada tahap judul
4314,2-s2.0-84960874097,Q5,X,tidak relevan pada tahap judul
4315,2-s2.0-84992298143,Q5,X,tidak relevan pada tahap judul
4316,2-s2.0-84962892985,Q5,X,tidak relevan pada tahap judul
4317,2-s2.0-84947794011,Q5,X,tidak relevan pada tahap judul
4318,2-s2.0-84968649091,Q5,X,tidak relevan pada tahap judul
4319,2-s2.0-84966327404,Q5,X,tidak relevan pada tahap judul
4320,2-s2.0-84975761159,Q5,X,tidak relevan pada tahap judul
4321,2-s2.0-84955307880,Q5,X,tidak relevan pada tahap judul
4322,2-s2.0-84959233715,Q5,X,tidak relevan pada tahap judul
4323,2-s2.0-85063275466,Q5,X,tidak relevan pada tahap judul
4324,2-s2.0-84957837048,Q5,X,tidak relevan pada tahap judul
4325,2-s2.0-84964336893,Q5,X,tidak relevan pada tahap judul
4326,2-s2.0-84960118291,Q5,X,tidak relevan pada tahap judul
4327,2-s2.0-84956645100,Q5,X,tidak relevan pada tahap judul
4328,2-s2.0-84956623797,Q5,X,tidak relevan pada tahap judul
4329,2-s2.0-84958034547,Q5,X,tidak relevan pada tahap judul
4330,2-s2.0-84960898890,Q5,X,tidak relevan pada tahap judul
4331,2-s2.0-84961285619,Q5,X,tidak relevan pada tahap judul
4332,2-s2.0-84994634007,Q5,X,tidak relevan pada tahap judul
4333,2-s2.0-85009107997,Q5,X,tidak relevan pada tahap judul
4334,2-s2.0-84979645632,Q5,X,tidak relevan pada tahap judul
4335,2-s2.0-84994711557,Q5,X,tidak relevan pada tahap judul
4336,2-s2.0-84983585930,Q5,I,
4337,2-s2.0-85018966750,Q5,X,tidak relevan pada tahap judul
4338,2-s2.0-84945954409,Q5,X,tidak relevan pada tahap judul
4339,2-s2.0-84994753582,Q5,X,tidak relevan pada tahap judul
4340,2-s2.0-84996565890,Q5,X,tidak relevan pada tahap judul
4341,2-s2.0-85016512929,Q5,X,tidak relevan pada tahap judul
4342,2-s2.0-84991383942,Q5,X,tidak relevan pada tahap judul
4343,2-s2.0-84949571023,Q5,X,tidak relevan pada tahap judul
4344,2-s2.0-84954357136,Q5,X,tidak relevan pada tahap judul
4345,2-s2.0-84955213128,Q5,X,tidak relevan pada tahap judul
4346,2-s2.0-84944274817,Q5,X,tidak relevan pada tahap judul
4347,2-s2.0-84929303753,Q5,X,tidak relevan pada tahap judul
4348,2-s2.0-84948662214,Q5,X,tidak relevan pada tahap judul
4349,2-s2.0-84955151696,Q5,X,tidak relevan pada tahap judul
4350,2-s2.0-84944043446,Q5,X,tidak relevan pada tahap judul
4351,2-s2.0-84938086494,Q5,X,tidak relevan pada tahap judul
4352,2-s2.0-84941744884,Q5,X,tidak relevan pada tahap judul
4353,2-s2.0-84939825662,Q5,X,tidak relevan pada tahap judul
4354,2-s2.0-84941075674,Q5,X,tidak relevan pada tahap judul
4355,2-s2.0-84937929385,Q5,X,tidak relevan pada tahap judul
4356,2-s2.0-84938411714,Q5,X,tidak relevan pada tahap judul
4357,2-s2.0-84921827627,Q5,X,tidak relevan pada tahap judul
4358,2-s2.0-84929965636,Q5,X,tidak relevan pada tahap judul
4359,2-s2.0-84933566057,Q5,X,tidak relevan pada tahap judul
4360,2-s2.0-84939195664,Q5,X,tidak relevan pada tahap judul
4361,2-s2.0-84937047320,Q5,X,tidak relevan pada tahap judul
4362,2-s2.0-84922630285,Q5,X,tidak relevan pada tahap judul
4363,2-s2.0-84929623305,Q5,X,tidak relevan pada tahap judul
4364,2-s2.0-84929130969,Q5,X,tidak relevan pada tahap judul
4365,2-s2.0-84928139597,Q5,X,tidak relevan pada tahap judul
4366,2-s2.0-84908374421,Q5,X,tidak relevan pada tahap judul
4367,2-s2.0-84927604021,Q5,X,tidak relevan pada tahap judul
4368,2-s2.0-84929485542,Q5,X,tidak relevan pada tahap judul
4369,2-s2.0-84938059879,Q5,X,tidak relevan pada tahap judul
4370,2-s2.0-84925969538,Q5,X,tidak relevan pada tahap judul
4371,2-s2.0-84926443608,Q5,X,tidak relevan pada tahap judul
4372,2-s2.0-84928409867,Q5,X,tidak relevan pada tahap judul
4373,2-s2.0-84944270333,Q5,X,tidak relevan pada tahap judul
4374,2-s2.0-84939947267,Q5,X,tidak relevan pada tahap judul
4375,2-s2.0-84925456130,Q5,X,tidak relevan pada tahap judul
4376,2-s2.0-84930675726,Q5,X,tidak relevan pada tahap judul
4377,2-s2.0-84908122783,Q5,X,tidak relevan pada tahap judul
4378,2-s2.0-84923260672,Q5,X,tidak relevan pada tahap judul
4379,2-s2.0-84922554414,Q5,X,tidak relevan pada tahap judul
4380,2-s2.0-84905401729,Q5,X,tidak relevan pada tahap judul
4381,2-s2.0-84908319203,Q5,X,tidak relevan pada tahap judul
4382,2-s2.0-84947285603,Q5,X,tidak relevan pada tahap judul
4383,2-s2.0-84951833645,Q5,X,tidak relevan pada tahap judul
4384,2-s2.0-84958581473,Q5,X,tidak relevan pada tahap judul
4385,2-s2.0-84937801234,Q5,X,tidak relevan pada tahap judul
4386,2-s2.0-84920863941,Q5,X,tidak relevan pada tahap judul
4387,2-s2.0-84958522867,Q5,X,tidak relevan pada tahap judul
4388,2-s2.0-84928952477,Q5,X,tidak relevan pada tahap judul
4389,2-s2.0-84964000578,Q5,X,tidak relevan pada tahap judul
4390,2-s2.0-84938401451,Q5,X,tidak relevan pada tahap judul
4391,2-s2.0-84954572035,Q5,X,tidak relevan pada tahap judul
4392,2-s2.0-84903768030,Q5,X,tidak relevan pada tahap judul
4393,2-s2.0-84921503423,Q5,X,tidak relevan pada tahap judul
4394,2-s2.0-84973663752,Q5,X,tidak relevan pada tahap judul
4395,2-s2.0-84921709894,Q5,X,tidak relevan pada tahap judul
4396,2-s2.0-84917690774,Q5,X,tidak relevan pada tahap judul
4397,2-s2.0-84919819711,Q5,X,tidak relevan pada tahap judul
4398,2-s2.0-84901937243,Q5,X,tidak relevan pada tahap judul
4399,2-s2.0-84927667758,Q5,X,tidak relevan pada tahap judul
4400,2-s2.0-84908592668,Q5,X,tidak relevan pada tahap judul
4401,2-s2.0-84908431285,Q5,X,tidak relevan pada tahap judul
4402,2-s2.0-84907221102,Q5,X,tidak relevan pada tahap judul
4403,2-s2.0-84906046845,Q5,X,tidak relevan pada tahap judul
4404,2-s2.0-84896514682,Q5,X,tidak relevan pada tahap judul
4405,2-s2.0-84902474622,Q5,X,tidak relevan pada tahap judul
4406,2-s2.0-84903815589,Q5,X,tidak relevan pada tahap judul
4407,2-s2.0-84902954824,Q5,X,tidak relevan pada tahap judul
4408,2-s2.0-84904174826,Q5,X,tidak relevan pada tahap judul
4409,2-s2.0-84890463105,Q5,X,tidak relevan pada tahap judul
4410,2-s2.0-84901987616,Q5,X,tidak relevan pada tahap judul
4411,2-s2.0-84897912952,Q5,X,tidak relevan pada tahap judul
4412,2-s2.0-84897618276,Q5,X,tidak relevan pada tahap judul
4413,2-s2.0-84895184958,Q5,X0,tipe dokumen dikeluarkan tahap 0
4414,2-s2.0-84890896526,Q5,X,tidak relevan pada tahap judul
4415,2-s2.0-84893946401,Q5,X,tidak relevan pada tahap judul
4416,2-s2.0-84894496006,Q5,X,tidak relevan pada tahap judul
4417,2-s2.0-84895825405,Q5,X,tidak relevan pada tahap judul
4418,2-s2.0-84892918033,Q5,X,tidak relevan pada tahap judul
4419,2-s2.0-84897027645,Q5,X,tidak relevan pada tahap judul
4420,2-s2.0-84911379671,Q5,X,tidak relevan pada tahap judul
4421,2-s2.0-84903753044,Q5,X,tidak relevan pada tahap judul
4422,2-s2.0-84903452486,Q5,X,tidak relevan pada tahap judul
4423,2-s2.0-84911372958,Q5,X,tidak relevan pada tahap judul
4424,2-s2.0-84905672510,Q5,X0,tipe dokumen dikeluarkan tahap 0
4425,2-s2.0-84901028911,Q5,X,tidak relevan pada tahap judul
4426,2-s2.0-84902253830,Q5,X,tidak relevan pada tahap judul
4427,2-s2.0-84925423355,Q5,X,tidak relevan pada tahap judul
4428,2-s2.0-84892178485,Q5,X,tidak relevan pada tahap judul
4429,2-s2.0-84928376431,Q5,X,tidak relevan pada tahap judul
4430,2-s2.0-84899644345,Q5,X,tidak relevan pada tahap judul
4431,2-s2.0-84884508615,Q5,X,tidak relevan pada tahap judul
4432,2-s2.0-84902250173,Q5,X0,tipe dokumen dikeluarkan tahap 0
4433,2-s2.0-84937196565,Q5,X,tidak relevan pada tahap judul
4434,2-s2.0-84919390742,Q5,X,tidak relevan pada tahap judul
4435,2-s2.0-84928969533,Q5,X0,tipe dokumen dikeluarkan tahap 0
4436,2-s2.0-84906262053,Q5,X,tidak relevan pada tahap judul
4437,2-s2.0-84904127165,Q5,X,tidak relevan pada tahap judul
4438,2-s2.0-84907360115,Q5,X,tidak relevan pada tahap judul
4439,2-s2.0-84904987148,Q5,X,tidak relevan pada tahap judul
4440,2-s2.0-84893149770,Q5,X,tidak relevan pada tahap judul
4441,2-s2.0-84890950812,Q5,M,
4442,2-s2.0-84893428075,Q5,X,tidak relevan pada tahap judul
4443,2-s2.0-84883250838,Q5,X,tidak relevan pada tahap judul
4444,2-s2.0-84887950408,Q5,X,tidak relevan pada tahap judul
4445,2-s2.0-84888022500,Q5,X,tidak relevan pada tahap judul
4446,2-s2.0-84886855488,Q5,X0,tipe dokumen dikeluarkan tahap 0
4447,2-s2.0-84886793004,Q5,X0,tipe dokumen dikeluarkan tahap 0
4448,2-s2.0-84885951449,Q5,X,tidak relevan pada tahap judul
4449,2-s2.0-84886396119,Q5,X,tidak relevan pada tahap judul
4450,2-s2.0-84885200479,Q5,X0,tipe dokumen dikeluarkan tahap 0
4451,2-s2.0-84885420880,Q5,X,tidak relevan pada tahap judul
4452,2-s2.0-84883049215,Q5,X,tidak relevan pada tahap judul
4453,2-s2.0-84925961788,Q5,X,tidak relevan pada tahap judul
4454,2-s2.0-84888320980,Q5,X,tidak relevan pada tahap judul
4455,2-s2.0-84887529245,Q5,X,tidak relevan pada tahap judul
4456,2-s2.0-84881664423,Q5,X,tidak relevan pada tahap judul
4457,2-s2.0-84881029941,Q5,X,tidak relevan pada tahap judul
4458,2-s2.0-84881390345,Q5,X,tidak relevan pada tahap judul
4459,2-s2.0-84876919324,Q5,X,tidak relevan pada tahap judul
4460,2-s2.0-84875253413,Q5,X,tidak relevan pada tahap judul
4461,2-s2.0-84876974677,Q5,X,tidak relevan pada tahap judul
4462,2-s2.0-84874937512,Q5,X,tidak relevan pada tahap judul
4463,2-s2.0-84873320326,Q5,X,tidak relevan pada tahap judul
4464,2-s2.0-84873681516,Q5,X,tidak relevan pada tahap judul
4465,2-s2.0-84871856715,Q5,X,tidak relevan pada tahap judul
4466,2-s2.0-84874240575,Q5,X,tidak relevan pada tahap judul
4467,2-s2.0-84874056924,Q5,X,tidak relevan pada tahap judul
4468,2-s2.0-84872446517,Q5,X,tidak relevan pada tahap judul
4469,2-s2.0-84881638900,Q5,X,tidak relevan pada tahap judul
4470,2-s2.0-84875273741,Q5,X,tidak relevan pada tahap judul
4471,2-s2.0-84903450986,Q5,X,tidak relevan pada tahap judul
4472,2-s2.0-84872826390,Q5,X,tidak relevan pada tahap judul
4473,2-s2.0-84878705680,Q5,X,tidak relevan pada tahap judul
4474,2-s2.0-84865490831,Q5,X,tidak relevan pada tahap judul
4475,2-s2.0-84881656471,Q5,X,tidak relevan pada tahap judul
4476,2-s2.0-84872302986,Q5,X,tidak relevan pada tahap judul
4477,2-s2.0-84876419972,Q5,X,tidak relevan pada tahap judul
4478,2-s2.0-84870406117,Q5,X,tidak relevan pada tahap judul
4479,2-s2.0-84883303399,Q5,X,tidak relevan pada tahap judul
4480,2-s2.0-84875640686,Q5,X,tidak relevan pada tahap judul
4481,2-s2.0-84885929621,Q5,X,tidak relevan pada tahap judul
4482,2-s2.0-84871382668,Q5,X0,tipe dokumen dikeluarkan tahap 0
4483,2-s2.0-84872311320,Q5,X,tidak relevan pada tahap judul
4484,2-s2.0-84872971265,Q5,X,tidak relevan pada tahap judul
4485,2-s2.0-84869024878,Q5,X,tidak relevan pada tahap judul
4486,2-s2.0-84872232642,Q5,X,tidak relevan pada tahap judul
4487,2-s2.0-84877853646,Q5,X,tidak relevan pada tahap judul
4488,2-s2.0-84877691172,Q5,X,tidak relevan pada tahap judul
4489,2-s2.0-84868225717,Q5,X,tidak relevan pada tahap judul
4490,2-s2.0-84869465825,Q5,X,tidak relevan pada tahap judul
4491,2-s2.0-84867894703,Q5,X,tidak relevan pada tahap judul
4492,2-s2.0-84859381482,Q5,X,tidak relevan pada tahap judul
4493,2-s2.0-84867715397,Q5,X,tidak relevan pada tahap judul
4494,2-s2.0-84868273005,Q5,X,tidak relevan pada tahap judul
4495,2-s2.0-84866172199,Q5,X,tidak relevan pada tahap judul
4496,2-s2.0-84867167590,Q5,X,tidak relevan pada tahap judul
4497,2-s2.0-84866442239,Q5,X,tidak relevan pada tahap judul
4498,2-s2.0-84865552245,Q5,X,tidak relevan pada tahap judul
4499,2-s2.0-84862786025,Q5,X,tidak relevan pada tahap judul
4500,2-s2.0-84860271886,Q5,X,tidak relevan pada tahap judul
4501,2-s2.0-84862988280,Q5,X,tidak relevan pada tahap judul
4502,2-s2.0-84864073537,Q5,X,tidak relevan pada tahap judul
4503,2-s2.0-84864771274,Q5,X,tidak relevan pada tahap judul
4504,2-s2.0-84864425279,Q5,X,tidak relevan pada tahap judul
4505,2-s2.0-84866793568,Q5,X,tidak relevan pada tahap judul
4506,2-s2.0-84861457027,Q5,X,tidak relevan pada tahap judul
4507,2-s2.0-84876440322,Q5,X,tidak relevan pada tahap judul
4508,2-s2.0-84861142860,Q5,X,tidak relevan pada tahap judul
4509,2-s2.0-84857796159,Q5,X,tidak relevan pada tahap judul
4510,2-s2.0-84355166497,Q5,X,tidak relevan pada tahap judul
4511,2-s2.0-84860324923,Q5,X,tidak relevan pada tahap judul
4512,2-s2.0-84862252898,Q5,X,tidak relevan pada tahap judul
4513,2-s2.0-84856088084,Q5,X,tidak relevan pada tahap judul
4514,2-s2.0-80255131062,Q5,X,tidak relevan pada tahap judul
4515,2-s2.0-84871728097,Q5,X,tidak relevan pada tahap judul
4516,2-s2.0-84891352968,Q5,X,tidak relevan pada tahap judul
4517,2-s2.0-84855738820,Q5,X,tidak relevan pada tahap judul
4518,2-s2.0-84900018356,Q5,X,tidak relevan pada tahap judul
4519,2-s2.0-83555177257,Q5,X,tidak relevan pada tahap judul
4520,2-s2.0-84900034354,Q5,X0,tipe dokumen dikeluarkan tahap 0
4521,2-s2.0-83955161142,Q5,X,tidak relevan pada tahap judul
4522,2-s2.0-84858010846,Q5,X,tidak relevan pada tahap judul
4523,2-s2.0-84855817449,Q5,X,tidak relevan pada tahap judul
4524,2-s2.0-84862756686,Q5,X,tidak relevan pada tahap judul
4525,2-s2.0-84876229061,Q5,X,tidak relevan pada tahap judul
4526,2-s2.0-83555166108,Q5,X,tidak relevan pada tahap judul
4527,2-s2.0-84867821440,Q5,X,tidak relevan pada tahap judul
4528,2-s2.0-105026504167,Q6,M,
4529,2-s2.0-105047161435,Q6,X,tidak relevan pada tahap judul
4530,2-s2.0-105044301729,Q6,X,tidak relevan pada tahap judul
4531,2-s2.0-105045848388,Q6,X,tidak relevan pada tahap judul
4532,2-s2.0-105048655363,Q6,T,
4533,2-s2.0-105048071510,Q6,X,tidak relevan pada tahap judul
4534,2-s2.0-105047065681,Q6,X,tidak relevan pada tahap judul
4535,2-s2.0-105047805676,Q6,X,tidak relevan pada tahap judul
4536,2-s2.0-105046900106,Q6,X,tidak relevan pada tahap judul
4537,2-s2.0-105043191482,Q6,T,
4538,2-s2.0-105045965746,Q6,T,
4539,2-s2.0-105044578412,Q6,X,tidak relevan pada tahap judul
4540,2-s2.0-105045973246,Q6,X,tidak relevan pada tahap judul
4541,2-s2.0-105036997037,Q6,R,
4542,2-s2.0-105047266375,Q6,X,tidak relevan pada tahap judul
4543,2-s2.0-105045925368,Q6,X,tidak relevan pada tahap judul
4544,2-s2.0-105034770602,Q6,M,
4545,2-s2.0-105044156317,Q6,T,
4546,2-s2.0-105036342053,Q6,X,tidak relevan pada tahap judul
4547,2-s2.0-105037070868,Q6,T,
4548,2-s2.0-105025686524,Q6,X,tidak relevan pada tahap judul
4549,2-s2.0-105034266028,Q6,T,
4550,2-s2.0-105030882190,Q6,X,tidak relevan pada tahap judul
4551,2-s2.0-105015477097,Q6,X,tidak relevan pada tahap judul
4552,2-s2.0-105034169069,Q6,R,
4553,2-s2.0-105042544023,Q6,X,tidak relevan pada tahap judul
4554,2-s2.0-105031419113,Q6,X,tidak relevan pada tahap judul
4555,2-s2.0-105028620550,Q6,X,tidak relevan pada tahap judul
4556,2-s2.0-105043068637,Q6,X,tidak relevan pada tahap judul
4557,2-s2.0-105034527405,Q6,X,tidak relevan pada tahap judul
4558,2-s2.0-105006540292,Q6,X,tidak relevan pada tahap judul
4559,2-s2.0-105047317737,Q6,X,tidak relevan pada tahap judul
4560,2-s2.0-105042348938,Q6,X,tidak relevan pada tahap judul
4561,2-s2.0-105042000045,Q6,T,
4562,2-s2.0-105043451370,Q6,X,tidak relevan pada tahap judul
4563,2-s2.0-105050478325,Q6,X,tidak relevan pada tahap judul
4564,2-s2.0-105044488271,Q6,X,tidak relevan pada tahap judul
4565,2-s2.0-105027177299,Q6,X,tidak relevan pada tahap judul
4566,2-s2.0-105029069960,Q6,X,tidak relevan pada tahap judul
4567,2-s2.0-105021866147,Q6,X,tidak relevan pada tahap judul
4568,2-s2.0-105023122790,Q6,X,tidak relevan pada tahap judul
4569,2-s2.0-105019244536,Q6,T,
4570,2-s2.0-105023975764,Q6,T,
4571,2-s2.0-105024349448,Q6,R,
4572,2-s2.0-105007461663,Q6,X,tidak relevan pada tahap judul
4573,2-s2.0-105018747917,Q6,X,tidak relevan pada tahap judul
4574,2-s2.0-105010487422,Q6,X,tidak relevan pada tahap judul
4575,2-s2.0-105004665483,Q6,T,
4576,2-s2.0-105023061095,Q6,T,
4577,2-s2.0-105017127542,Q6,T,
4578,2-s2.0-105013515058,Q6,X,tidak relevan pada tahap judul
4579,2-s2.0-105008897019,Q6,T,
4580,2-s2.0-105013281516,Q6,X,tidak relevan pada tahap judul
4581,2-s2.0-105013152366,Q6,X,tidak relevan pada tahap judul
4582,2-s2.0-105010323760,Q6,X,tidak relevan pada tahap judul
4583,2-s2.0-105007801491,Q6,R,
4584,2-s2.0-105011681566,Q6,X,tidak relevan pada tahap judul
4585,2-s2.0-85215380485,Q6,X,tidak relevan pada tahap judul
4586,2-s2.0-85216505038,Q6,X,tidak relevan pada tahap judul
4587,2-s2.0-105007330614,Q6,X,tidak relevan pada tahap judul
4588,2-s2.0-105005485002,Q6,X,tidak relevan pada tahap judul
4589,2-s2.0-85214220941,Q6,X,tidak relevan pada tahap judul
4590,2-s2.0-105000972946,Q6,X,tidak relevan pada tahap judul
4591,2-s2.0-85218868696,Q6,X,tidak relevan pada tahap judul
4592,2-s2.0-105000123938,Q6,M,
4593,2-s2.0-86000316584,Q6,X,tidak relevan pada tahap judul
4594,2-s2.0-85189879488,Q6,X,tidak relevan pada tahap judul
4595,2-s2.0-105013665740,Q6,X,tidak relevan pada tahap judul
4596,2-s2.0-105005226587,Q6,X,tidak relevan pada tahap judul
4597,2-s2.0-85215219589,Q6,X,tidak relevan pada tahap judul
4598,2-s2.0-105001539565,Q6,X,tidak relevan pada tahap judul
4599,2-s2.0-85207943989,Q6,T,
4600,2-s2.0-85213419560,Q6,M,
4601,2-s2.0-85216946096,Q6,X,tidak relevan pada tahap judul
4602,2-s2.0-85210977849,Q6,X,tidak relevan pada tahap judul
4603,2-s2.0-85207558385,Q6,X,tidak relevan pada tahap judul
4604,2-s2.0-85202836679,Q6,X,tidak relevan pada tahap judul
4605,2-s2.0-85161853579,Q6,T,
4606,2-s2.0-85205424910,Q6,M,
4607,2-s2.0-85200377484,Q6,X,tidak relevan pada tahap judul
4608,2-s2.0-85201942349,Q6,X,tidak relevan pada tahap judul
4609,2-s2.0-85202475447,Q6,X,tidak relevan pada tahap judul
4610,2-s2.0-105035526778,Q6,X,tidak relevan pada tahap judul
4611,2-s2.0-85197662190,Q6,X,tidak relevan pada tahap judul
4612,2-s2.0-85182384009,Q6,X,tidak relevan pada tahap judul
4613,2-s2.0-85199660430,Q6,X,tidak relevan pada tahap judul
4614,2-s2.0-85191732298,Q6,X,tidak relevan pada tahap judul
4615,2-s2.0-85192914500,Q6,X,tidak relevan pada tahap judul
4616,2-s2.0-85194219957,Q6,X,tidak relevan pada tahap judul
4617,2-s2.0-105035190342,Q6,X,tidak relevan pada tahap judul
4618,2-s2.0-85186640188,Q6,X,tidak relevan pada tahap judul
4619,2-s2.0-85179894726,Q6,T,
4620,2-s2.0-85179715171,Q6,X,tidak relevan pada tahap judul
4621,2-s2.0-85189760438,Q6,X,tidak relevan pada tahap judul
4622,2-s2.0-85185559064,Q6,X,tidak relevan pada tahap judul
4623,2-s2.0-85193703657,Q6,X,tidak relevan pada tahap judul
4624,2-s2.0-105029387572,Q6,X,tidak relevan pada tahap judul
4625,2-s2.0-105020287930,Q6,X,tidak relevan pada tahap judul
4626,2-s2.0-85206638854,Q6,X,tidak relevan pada tahap judul
4627,2-s2.0-85191702109,Q6,X,tidak relevan pada tahap judul
4628,2-s2.0-85180598219,Q6,X,tidak relevan pada tahap judul
4629,2-s2.0-85212833969,Q6,X,tidak relevan pada tahap judul
4630,2-s2.0-85190100502,Q6,X,tidak relevan pada tahap judul
4631,2-s2.0-85176381720,Q6,R,
4632,2-s2.0-85162016647,Q6,X,tidak relevan pada tahap judul
4633,2-s2.0-85171195276,Q6,X,tidak relevan pada tahap judul
4634,2-s2.0-85166358827,Q6,X,tidak relevan pada tahap judul
4635,2-s2.0-85175035439,Q6,X,tidak relevan pada tahap judul
4636,2-s2.0-85122559274,Q6,X,tidak relevan pada tahap judul
4637,2-s2.0-85164845235,Q6,X,tidak relevan pada tahap judul
4638,2-s2.0-85164808834,Q6,X,tidak relevan pada tahap judul
4639,2-s2.0-85163649213,Q6,X,tidak relevan pada tahap judul
4640,2-s2.0-85163830807,Q6,X,tidak relevan pada tahap judul
4641,2-s2.0-85153940555,Q6,T,
4642,2-s2.0-85154555606,Q6,X,tidak relevan pada tahap judul
4643,2-s2.0-85152281761,Q6,X,tidak relevan pada tahap judul
4644,2-s2.0-85147817316,Q6,X,tidak relevan pada tahap judul
4645,2-s2.0-85147892405,Q6,T,
4646,2-s2.0-85150927226,Q6,X,tidak relevan pada tahap judul
4647,2-s2.0-85146755423,Q6,X,tidak relevan pada tahap judul
4648,2-s2.0-85180956130,Q6,T,
4649,2-s2.0-85178348349,Q6,X,tidak relevan pada tahap judul
4650,2-s2.0-85175027824,Q6,X,tidak relevan pada tahap judul
4651,2-s2.0-105004371004,Q6,X,tidak relevan pada tahap judul
4652,2-s2.0-85149134095,Q6,X,tidak relevan pada tahap judul
4653,2-s2.0-85185673640,Q6,X,tidak relevan pada tahap judul
4654,2-s2.0-85140047749,Q6,T,
4655,2-s2.0-85139187763,Q6,X,tidak relevan pada tahap judul
4656,2-s2.0-85146622999,Q6,X,tidak relevan pada tahap judul
4657,2-s2.0-85143761877,Q6,X,tidak relevan pada tahap judul
4658,2-s2.0-85144857589,Q6,X,tidak relevan pada tahap judul
4659,2-s2.0-85142290612,Q6,X,tidak relevan pada tahap judul
4660,2-s2.0-85141857971,Q6,X,tidak relevan pada tahap judul
4661,2-s2.0-85143086005,Q6,X,tidak relevan pada tahap judul
4662,2-s2.0-85131919956,Q6,X,tidak relevan pada tahap judul
4663,2-s2.0-85187502462,Q6,X,tidak relevan pada tahap judul
4664,2-s2.0-85142671088,Q6,X,tidak relevan pada tahap judul
4665,2-s2.0-105020281293,Q6,X,tidak relevan pada tahap judul
4666,2-s2.0-85139778850,Q6,X,tidak relevan pada tahap judul
4667,2-s2.0-85139515323,Q6,X,tidak relevan pada tahap judul
4668,2-s2.0-85142436673,Q6,T,
4669,2-s2.0-85141995406,Q6,X,tidak relevan pada tahap judul
4670,2-s2.0-85144566751,Q6,X,tidak relevan pada tahap judul
4671,2-s2.0-85137607645,Q6,X,tidak relevan pada tahap judul
4672,2-s2.0-105010858075,Q6,X,tidak relevan pada tahap judul
4673,2-s2.0-85134049452,Q6,X,tidak relevan pada tahap judul
4674,2-s2.0-85132145254,Q6,X,tidak relevan pada tahap judul
4675,2-s2.0-85132157389,Q6,X,tidak relevan pada tahap judul
4676,2-s2.0-85121634793,Q6,T,
4677,2-s2.0-85124886986,Q6,X,tidak relevan pada tahap judul
4678,2-s2.0-85125352050,Q6,M,
4679,2-s2.0-85124762051,Q6,X,tidak relevan pada tahap judul
4680,2-s2.0-85123828765,Q6,X,tidak relevan pada tahap judul
4681,2-s2.0-85124225003,Q6,X,tidak relevan pada tahap judul
4682,2-s2.0-85123193642,Q6,X,tidak relevan pada tahap judul
4683,2-s2.0-85136116262,Q6,X,tidak relevan pada tahap judul
4684,2-s2.0-85110068151,Q6,X,tidak relevan pada tahap judul
4685,2-s2.0-85123102377,Q6,X,tidak relevan pada tahap judul
4686,2-s2.0-85121332248,Q6,X,tidak relevan pada tahap judul
4687,2-s2.0-85121130031,Q6,M,
4688,2-s2.0-85120415123,Q6,X,tidak relevan pada tahap judul
4689,2-s2.0-85120417314,Q6,X,tidak relevan pada tahap judul
4690,2-s2.0-85119585563,Q6,X,tidak relevan pada tahap judul
4691,2-s2.0-85118438505,Q6,X,tidak relevan pada tahap judul
4692,2-s2.0-85116234867,Q6,T,
4693,2-s2.0-85104282886,Q6,X,tidak relevan pada tahap judul
4694,2-s2.0-85109426716,Q6,X,tidak relevan pada tahap judul
4695,2-s2.0-85110959327,Q6,X,tidak relevan pada tahap judul
4696,2-s2.0-85108987358,Q6,X,tidak relevan pada tahap judul
4697,2-s2.0-85109047767,Q6,X,tidak relevan pada tahap judul
4698,2-s2.0-85108323259,Q6,X,tidak relevan pada tahap judul
4699,2-s2.0-85099231725,Q6,T,
4700,2-s2.0-85098994978,Q6,X,tidak relevan pada tahap judul
4701,2-s2.0-85097424155,Q6,X,tidak relevan pada tahap judul
4702,2-s2.0-85103967461,Q6,X,tidak relevan pada tahap judul
4703,2-s2.0-85103932295,Q6,X,tidak relevan pada tahap judul
4704,2-s2.0-85103984532,Q6,X,tidak relevan pada tahap judul
4705,2-s2.0-85101739464,Q6,X,tidak relevan pada tahap judul
4706,2-s2.0-85109789915,Q6,X,tidak relevan pada tahap judul
4707,2-s2.0-85104191187,Q6,X,tidak relevan pada tahap judul
4708,2-s2.0-85106914209,Q6,X,tidak relevan pada tahap judul
4709,2-s2.0-85099357291,Q6,X,tidak relevan pada tahap judul
4710,2-s2.0-85097489104,Q6,T,
4711,2-s2.0-85094104412,Q6,X,tidak relevan pada tahap judul
4712,2-s2.0-85092360136,Q6,X,tidak relevan pada tahap judul
4713,2-s2.0-85095408909,Q6,X,tidak relevan pada tahap judul
4714,2-s2.0-85086359807,Q6,M,
4715,2-s2.0-85088479289,Q6,X,tidak relevan pada tahap judul
4716,2-s2.0-85087001230,Q6,X,tidak relevan pada tahap judul
4717,2-s2.0-85083173571,Q6,X,tidak relevan pada tahap judul
4718,2-s2.0-85065710848,Q6,X,tidak relevan pada tahap judul
4719,2-s2.0-85098685087,Q6,X,tidak relevan pada tahap judul
4720,2-s2.0-85100266786,Q6,X,tidak relevan pada tahap judul
4721,2-s2.0-85077291334,Q6,X,tidak relevan pada tahap judul
4722,2-s2.0-85090281140,Q6,X,tidak relevan pada tahap judul
4723,2-s2.0-85092074137,Q6,T,
4724,2-s2.0-85074683816,Q6,X,tidak relevan pada tahap judul
4725,2-s2.0-85082505072,Q6,X,tidak relevan pada tahap judul
4726,2-s2.0-85071760186,Q6,X,tidak relevan pada tahap judul
4727,2-s2.0-85063032931,Q6,X,tidak relevan pada tahap judul
4728,2-s2.0-85042601417,Q6,T,
4729,2-s2.0-85061912266,Q6,X,tidak relevan pada tahap judul
4730,2-s2.0-85078316968,Q6,X,tidak relevan pada tahap judul
4731,2-s2.0-85064457055,Q6,X,tidak relevan pada tahap judul
4732,2-s2.0-85076704568,Q6,X,tidak relevan pada tahap judul
4733,2-s2.0-85080074109,Q6,X,tidak relevan pada tahap judul
4734,2-s2.0-85080084858,Q6,X,tidak relevan pada tahap judul
4735,2-s2.0-85053466111,Q6,X,tidak relevan pada tahap judul
4736,2-s2.0-85059554504,Q6,T,
4737,2-s2.0-85057133965,Q6,X,tidak relevan pada tahap judul
4738,2-s2.0-85051238642,Q6,X,tidak relevan pada tahap judul
4739,2-s2.0-85042194195,Q6,X,tidak relevan pada tahap judul
4740,2-s2.0-85049150723,Q6,X,tidak relevan pada tahap judul
4741,2-s2.0-85064155576,Q6,X,tidak relevan pada tahap judul
4742,2-s2.0-85051771684,Q6,X,tidak relevan pada tahap judul
4743,2-s2.0-85020291757,Q6,T,
4744,2-s2.0-85035108571,Q6,X,tidak relevan pada tahap judul
4745,2-s2.0-85040710315,Q6,X,tidak relevan pada tahap judul
4746,2-s2.0-85071645012,Q6,X,tidak relevan pada tahap judul
4747,2-s2.0-85048318916,Q6,X,tidak relevan pada tahap judul
4748,2-s2.0-85012265618,Q6,X,tidak relevan pada tahap judul
4749,2-s2.0-84973924385,Q6,X,tidak relevan pada tahap judul
4750,2-s2.0-84962163320,Q6,X,tidak relevan pada tahap judul
4751,2-s2.0-84955117695,Q6,X,tidak relevan pada tahap judul
4752,2-s2.0-84937885018,Q6,X,tidak relevan pada tahap judul
4753,2-s2.0-84892656939,Q6,X,tidak relevan pada tahap judul
4754,2-s2.0-85051132193,Q6,X,tidak relevan pada tahap judul
4755,2-s2.0-85049368373,Q6,X,tidak relevan pada tahap judul
4756,2-s2.0-85101151649,Q6,X,tidak relevan pada tahap judul
4757,2-s2.0-84889246169,Q6,X,tidak relevan pada tahap judul
4758,2-s2.0-84880270836,Q6,T,
4759,2-s2.0-84884224099,Q6,X,tidak relevan pada tahap judul
4760,2-s2.0-84870505556,Q6,T,
4761,2-s2.0-84866156145,Q6,X,tidak relevan pada tahap judul
4762,2-s2.0-84870945901,Q6,X,tidak relevan pada tahap judul
4763,2-s2.0-105050636889,Q7,X,tidak relevan pada tahap judul
4764,2-s2.0-105047158921,Q7,X,tidak relevan pada tahap judul
4765,2-s2.0-105040529406,Q7,X,tidak relevan pada tahap judul
4766,2-s2.0-105042650381,Q7,X,tidak relevan pada tahap judul
4767,2-s2.0-105041160103,Q7,X,tidak relevan pada tahap judul
4768,2-s2.0-105050535742,Q7,X,tidak relevan pada tahap judul
4769,2-s2.0-105046618010,Q7,X,tidak relevan pada tahap judul
4770,2-s2.0-105045484579,Q7,X,tidak relevan pada tahap judul
4771,2-s2.0-105050462342,Q7,X,tidak relevan pada tahap judul
4772,2-s2.0-105046715742,Q7,X,tidak relevan pada tahap judul
4773,2-s2.0-105045144827,Q7,X,tidak relevan pada tahap judul
4774,2-s2.0-105045476903,Q7,X,tidak relevan pada tahap judul
4775,2-s2.0-105051174731,Q7,X,tidak relevan pada tahap judul
4776,2-s2.0-105046498395,Q7,X,tidak relevan pada tahap judul
4777,2-s2.0-105041134580,Q7,X,tidak relevan pada tahap judul
4778,2-s2.0-105045188051,Q7,X,tidak relevan pada tahap judul
4779,2-s2.0-105050236420,Q7,R,
4780,2-s2.0-105047659235,Q7,X,tidak relevan pada tahap judul
4781,2-s2.0-105050797488,Q7,X,tidak relevan pada tahap judul
4782,2-s2.0-105051175831,Q7,X,tidak relevan pada tahap judul
4783,2-s2.0-105050267824,Q7,X,tidak relevan pada tahap judul
4784,2-s2.0-105045546897,Q7,X,tidak relevan pada tahap judul
4785,2-s2.0-105042669742,Q7,X,tidak relevan pada tahap judul
4786,2-s2.0-105045371439,Q7,X,tidak relevan pada tahap judul
4787,2-s2.0-105032122926,Q7,X,tidak relevan pada tahap judul
4788,2-s2.0-105051075571,Q7,X,tidak relevan pada tahap judul
4789,2-s2.0-105042479834,Q7,X,tidak relevan pada tahap judul
4790,2-s2.0-105044177683,Q7,X,tidak relevan pada tahap judul
4791,2-s2.0-105050380214,Q7,X,tidak relevan pada tahap judul
4792,2-s2.0-105049694822,Q7,X,tidak relevan pada tahap judul
4793,2-s2.0-105046648614,Q7,R,
4794,2-s2.0-105035633220,Q7,X,tidak relevan pada tahap judul
4795,2-s2.0-105048471826,Q7,X,tidak relevan pada tahap judul
4796,2-s2.0-105034649113,Q7,R,
4797,2-s2.0-105041037308,Q7,R,
4798,2-s2.0-105046911002,Q7,X,tidak relevan pada tahap judul
4799,2-s2.0-105045358331,Q7,X,tidak relevan pada tahap judul
4800,2-s2.0-105048451377,Q7,R,
4801,2-s2.0-105047250788,Q7,X,tidak relevan pada tahap judul
4802,2-s2.0-105037742676,Q7,X,tidak relevan pada tahap judul
4803,2-s2.0-105042495150,Q7,X,tidak relevan pada tahap judul
4804,2-s2.0-105048478944,Q7,R,
4805,2-s2.0-105048541287,Q7,X,tidak relevan pada tahap judul
4806,2-s2.0-105047857647,Q7,X,tidak relevan pada tahap judul
4807,2-s2.0-105047163387,Q7,X,tidak relevan pada tahap judul
4808,2-s2.0-105047338451,Q7,X,tidak relevan pada tahap judul
4809,2-s2.0-105050221931,Q7,X,tidak relevan pada tahap judul
4810,2-s2.0-105047018453,Q7,X,tidak relevan pada tahap judul
4811,2-s2.0-105046786743,Q7,X,tidak relevan pada tahap judul
4812,2-s2.0-105034586391,Q7,X,tidak relevan pada tahap judul
4813,2-s2.0-105048325445,Q7,X,tidak relevan pada tahap judul
4814,2-s2.0-105044563788,Q7,X,tidak relevan pada tahap judul
4815,2-s2.0-105045872142,Q7,X,tidak relevan pada tahap judul
4816,2-s2.0-105044551298,Q7,X,tidak relevan pada tahap judul
4817,2-s2.0-105050494973,Q7,R,
4818,2-s2.0-105041193494,Q7,X,tidak relevan pada tahap judul
4819,2-s2.0-105041104524,Q7,X,tidak relevan pada tahap judul
4820,2-s2.0-105044543051,Q7,X,tidak relevan pada tahap judul
4821,2-s2.0-105045940028,Q7,X,tidak relevan pada tahap judul
4822,2-s2.0-105045866067,Q7,R,
4823,2-s2.0-105045809159,Q7,X,tidak relevan pada tahap judul
4824,2-s2.0-105034656193,Q7,X,tidak relevan pada tahap judul
4825,2-s2.0-105040369116,Q7,X,tidak relevan pada tahap judul
4826,2-s2.0-105023169141,Q7,X,tidak relevan pada tahap judul
4827,2-s2.0-105045810474,Q7,X,tidak relevan pada tahap judul
4828,2-s2.0-105039776097,Q7,X,tidak relevan pada tahap judul
4829,2-s2.0-105043061694,Q7,X,tidak relevan pada tahap judul
4830,2-s2.0-105042766247,Q7,X,tidak relevan pada tahap judul
4831,2-s2.0-105038857778,Q7,X,tidak relevan pada tahap judul
4832,2-s2.0-105040769142,Q7,X,tidak relevan pada tahap judul
4833,2-s2.0-105032716109,Q7,X,tidak relevan pada tahap judul
4834,2-s2.0-105042916855,Q7,M,
4835,2-s2.0-105047658061,Q7,X,tidak relevan pada tahap judul
4836,2-s2.0-105043066609,Q7,X,tidak relevan pada tahap judul
4837,2-s2.0-105034173166,Q7,X,tidak relevan pada tahap judul
4838,2-s2.0-105037629020,Q7,X,tidak relevan pada tahap judul
4839,2-s2.0-105042801864,Q7,X,tidak relevan pada tahap judul
4840,2-s2.0-105041550580,Q7,X,tidak relevan pada tahap judul
4841,2-s2.0-105039441014,Q7,X,tidak relevan pada tahap judul
4842,2-s2.0-105030566107,Q7,X,tidak relevan pada tahap judul
4843,2-s2.0-105032519178,Q7,X,tidak relevan pada tahap judul
4844,2-s2.0-105037336864,Q7,X,tidak relevan pada tahap judul
4845,2-s2.0-105034667258,Q7,X,tidak relevan pada tahap judul
4846,2-s2.0-105034810387,Q7,X,tidak relevan pada tahap judul
4847,2-s2.0-105040122751,Q7,X,tidak relevan pada tahap judul
4848,2-s2.0-105034774776,Q7,X,tidak relevan pada tahap judul
4849,2-s2.0-105040245606,Q7,X,tidak relevan pada tahap judul
4850,2-s2.0-105040018678,Q7,X,tidak relevan pada tahap judul
4851,2-s2.0-105032262352,Q7,X,tidak relevan pada tahap judul
4852,2-s2.0-105040264093,Q7,X,tidak relevan pada tahap judul
4853,2-s2.0-105033810034,Q7,X,tidak relevan pada tahap judul
4854,2-s2.0-105040704340,Q7,X,tidak relevan pada tahap judul
4855,2-s2.0-105030297383,Q7,X,tidak relevan pada tahap judul
4856,2-s2.0-105030273721,Q7,R,
4857,2-s2.0-105023677899,Q7,R,
4858,2-s2.0-105022459706,Q7,X,tidak relevan pada tahap judul
4859,2-s2.0-105036827553,Q7,X,tidak relevan pada tahap judul
4860,2-s2.0-105028581813,Q7,X,tidak relevan pada tahap judul
4861,2-s2.0-105041705635,Q7,X,tidak relevan pada tahap judul
4862,2-s2.0-105027948783,Q7,X,tidak relevan pada tahap judul
4863,2-s2.0-105034384016,Q7,X,tidak relevan pada tahap judul
4864,2-s2.0-105036825586,Q7,X,tidak relevan pada tahap judul
4865,2-s2.0-105041653385,Q7,X,tidak relevan pada tahap judul
4866,2-s2.0-105025597670,Q7,R,
4867,2-s2.0-105034130024,Q7,R,
4868,2-s2.0-105023475139,Q7,X,tidak relevan pada tahap judul
4869,2-s2.0-105034288911,Q7,X,tidak relevan pada tahap judul
4870,2-s2.0-105033886160,Q7,X,tidak relevan pada tahap judul
4871,2-s2.0-105015554216,Q7,X,tidak relevan pada tahap judul
4872,2-s2.0-105034349645,Q7,X,tidak relevan pada tahap judul
4873,2-s2.0-105027414476,Q7,X,tidak relevan pada tahap judul
4874,2-s2.0-105034276944,Q7,X,tidak relevan pada tahap judul
4875,2-s2.0-105039104297,Q7,X,tidak relevan pada tahap judul
4876,2-s2.0-105034816451,Q7,R,
4877,2-s2.0-105032817794,Q7,X,tidak relevan pada tahap judul
4878,2-s2.0-105034454274,Q7,X,tidak relevan pada tahap judul
4879,2-s2.0-105024209152,Q7,X,tidak relevan pada tahap judul
4880,2-s2.0-105027217347,Q7,X,tidak relevan pada tahap judul
4881,2-s2.0-105030559124,Q7,X,tidak relevan pada tahap judul
4882,2-s2.0-105032670710,Q7,X,tidak relevan pada tahap judul
4883,2-s2.0-105026664168,Q7,X,tidak relevan pada tahap judul
4884,2-s2.0-105034590675,Q7,X,tidak relevan pada tahap judul
4885,2-s2.0-105023484887,Q7,X,tidak relevan pada tahap judul
4886,2-s2.0-105020308586,Q7,X,tidak relevan pada tahap judul
4887,2-s2.0-105029791356,Q7,R,
4888,2-s2.0-105029776306,Q7,X,tidak relevan pada tahap judul
4889,2-s2.0-105029111874,Q7,X,tidak relevan pada tahap judul
4890,2-s2.0-105030137927,Q7,X,tidak relevan pada tahap judul
4891,2-s2.0-105025148103,Q7,M,
4892,2-s2.0-105030190268,Q7,X,tidak relevan pada tahap judul
4893,2-s2.0-105027148496,Q7,X,tidak relevan pada tahap judul
4894,2-s2.0-105031286197,Q7,X,tidak relevan pada tahap judul
4895,2-s2.0-105022751621,Q7,X,tidak relevan pada tahap judul
4896,2-s2.0-105027535324,Q7,X,tidak relevan pada tahap judul
4897,2-s2.0-105024087393,Q7,X,tidak relevan pada tahap judul
4898,2-s2.0-105021274038,Q7,X,tidak relevan pada tahap judul
4899,2-s2.0-105039482849,Q7,X,tidak relevan pada tahap judul
4900,2-s2.0-105041649938,Q7,X,tidak relevan pada tahap judul
4901,2-s2.0-105028202698,Q7,X,tidak relevan pada tahap judul
4902,2-s2.0-105043928878,Q7,R,
4903,2-s2.0-105030591886,Q7,X,tidak relevan pada tahap judul
4904,2-s2.0-105030990400,Q7,X,tidak relevan pada tahap judul
4905,2-s2.0-105038158836,Q7,X,tidak relevan pada tahap judul
4906,2-s2.0-105047145598,Q7,X,tidak relevan pada tahap judul
4907,2-s2.0-105028677922,Q7,R,
4908,2-s2.0-105016598457,Q7,X,tidak relevan pada tahap judul
4909,2-s2.0-105035874744,Q7,X,tidak relevan pada tahap judul
4910,2-s2.0-105049809586,Q7,X,tidak relevan pada tahap judul
4911,2-s2.0-105044376834,Q7,X,tidak relevan pada tahap judul
4912,2-s2.0-105049053599,Q7,X,tidak relevan pada tahap judul
4913,2-s2.0-105046439153,Q7,X,tidak relevan pada tahap judul
4914,2-s2.0-105021036266,Q7,X,tidak relevan pada tahap judul
4915,2-s2.0-105024757694,Q7,X,tidak relevan pada tahap judul
4916,2-s2.0-105041167793,Q7,X,tidak relevan pada tahap judul
4917,2-s2.0-105013349734,Q7,X,tidak relevan pada tahap judul
4918,2-s2.0-105031102471,Q7,X,tidak relevan pada tahap judul
4919,2-s2.0-105048916141,Q7,X,tidak relevan pada tahap judul
4920,2-s2.0-105049583724,Q7,X,tidak relevan pada tahap judul
4921,2-s2.0-105028658547,Q7,X,tidak relevan pada tahap judul
4922,2-s2.0-105049631071,Q7,X,tidak relevan pada tahap judul
4923,2-s2.0-105015220688,Q7,X,tidak relevan pada tahap judul
4924,2-s2.0-105028417769,Q7,X,tidak relevan pada tahap judul
4925,2-s2.0-105047638524,Q7,X,tidak relevan pada tahap judul
4926,2-s2.0-105049690813,Q7,R,
4927,2-s2.0-105030102215,Q7,X,tidak relevan pada tahap judul
4928,2-s2.0-105030138146,Q7,X,tidak relevan pada tahap judul
4929,2-s2.0-105050262969,Q7,X,tidak relevan pada tahap judul
4930,2-s2.0-105041026864,Q7,X,tidak relevan pada tahap judul
4931,2-s2.0-105041080065,Q7,X,tidak relevan pada tahap judul
4932,2-s2.0-105043357783,Q7,X,tidak relevan pada tahap judul
4933,2-s2.0-105021091493,Q7,X,tidak relevan pada tahap judul
4934,2-s2.0-105028831366,Q7,X,tidak relevan pada tahap judul
4935,2-s2.0-105022732016,Q7,X,tidak relevan pada tahap judul
4936,2-s2.0-105023048795,Q7,X,tidak relevan pada tahap judul
4937,2-s2.0-105039895932,Q7,X,tidak relevan pada tahap judul
4938,2-s2.0-105009715849,Q7,X,tidak relevan pada tahap judul
4939,2-s2.0-105021618835,Q7,X,tidak relevan pada tahap judul
4940,2-s2.0-105026622720,Q7,X,tidak relevan pada tahap judul
4941,2-s2.0-105009905105,Q7,X,tidak relevan pada tahap judul
4942,2-s2.0-105027069557,Q7,X,tidak relevan pada tahap judul
4943,2-s2.0-105025907850,Q7,X,tidak relevan pada tahap judul
4944,2-s2.0-105018905193,Q7,R,
4945,2-s2.0-105019488626,Q7,X,tidak relevan pada tahap judul
4946,2-s2.0-105018748229,Q7,X,tidak relevan pada tahap judul
4947,2-s2.0-105022619693,Q7,X,tidak relevan pada tahap judul
4948,2-s2.0-105005843714,Q7,X,tidak relevan pada tahap judul
4949,2-s2.0-105008561854,Q7,X,tidak relevan pada tahap judul
4950,2-s2.0-105019931593,Q7,X,tidak relevan pada tahap judul
4951,2-s2.0-105025791454,Q7,X,tidak relevan pada tahap judul
4952,2-s2.0-105025401385,Q7,X,tidak relevan pada tahap judul
4953,2-s2.0-105012822038,Q7,X,tidak relevan pada tahap judul
4954,2-s2.0-105025378429,Q7,X,tidak relevan pada tahap judul
4955,2-s2.0-105024966458,Q7,X,tidak relevan pada tahap judul
4956,2-s2.0-105018932083,Q7,X,tidak relevan pada tahap judul
4957,2-s2.0-105013186739,Q7,X,tidak relevan pada tahap judul
4958,2-s2.0-105024892030,Q7,X,tidak relevan pada tahap judul
4959,2-s2.0-105018914013,Q7,X,tidak relevan pada tahap judul
4960,2-s2.0-105019235408,Q7,I,
4961,2-s2.0-105019370966,Q7,X,tidak relevan pada tahap judul
4962,2-s2.0-105025694489,Q7,X,tidak relevan pada tahap judul
4963,2-s2.0-105016718659,Q7,X,tidak relevan pada tahap judul
4964,2-s2.0-105023067504,Q7,X,tidak relevan pada tahap judul
4965,2-s2.0-105018807060,Q7,X,tidak relevan pada tahap judul
4966,2-s2.0-105019642116,Q7,X,tidak relevan pada tahap judul
4967,2-s2.0-105017069799,Q7,X,tidak relevan pada tahap judul
4968,2-s2.0-105012592622,Q7,X,tidak relevan pada tahap judul
4969,2-s2.0-105022717888,Q7,X,tidak relevan pada tahap judul
4970,2-s2.0-105026106470,Q7,X,tidak relevan pada tahap judul
4971,2-s2.0-105030066764,Q7,X,tidak relevan pada tahap judul
4972,2-s2.0-105027344288,Q7,X,tidak relevan pada tahap judul
4973,2-s2.0-105017418254,Q7,X,tidak relevan pada tahap judul
4974,2-s2.0-105023066108,Q7,X,tidak relevan pada tahap judul
4975,2-s2.0-105021534249,Q7,R,
4976,2-s2.0-105007327839,Q7,X,tidak relevan pada tahap judul
4977,2-s2.0-105012890561,Q7,X,tidak relevan pada tahap judul
4978,2-s2.0-105030585493,Q7,X,tidak relevan pada tahap judul
4979,2-s2.0-105022906314,Q7,X,tidak relevan pada tahap judul
4980,2-s2.0-105015439662,Q7,X,tidak relevan pada tahap judul
4981,2-s2.0-105018516365,Q7,X,tidak relevan pada tahap judul
4982,2-s2.0-105023105927,Q7,X,tidak relevan pada tahap judul
4983,2-s2.0-105021405301,Q7,X,tidak relevan pada tahap judul
4984,2-s2.0-105021404993,Q7,X,tidak relevan pada tahap judul
4985,2-s2.0-105012207186,Q7,X,tidak relevan pada tahap judul
4986,2-s2.0-105016784320,Q7,X,tidak relevan pada tahap judul
4987,2-s2.0-105017383269,Q7,X,tidak relevan pada tahap judul
4988,2-s2.0-105011978546,Q7,X,tidak relevan pada tahap judul
4989,2-s2.0-105001976607,Q7,X,tidak relevan pada tahap judul
4990,2-s2.0-105020209079,Q7,X,tidak relevan pada tahap judul
4991,2-s2.0-105014202358,Q7,X,tidak relevan pada tahap judul
4992,2-s2.0-105019949434,Q7,X,tidak relevan pada tahap judul
4993,2-s2.0-105005952515,Q7,X,tidak relevan pada tahap judul
4994,2-s2.0-105009282887,Q7,X,tidak relevan pada tahap judul
4995,2-s2.0-105020241315,Q7,X,tidak relevan pada tahap judul
4996,2-s2.0-105012824142,Q7,X,tidak relevan pada tahap judul
4997,2-s2.0-105000519130,Q7,X,tidak relevan pada tahap judul
4998,2-s2.0-105018265474,Q7,X,tidak relevan pada tahap judul
4999,2-s2.0-105020292595,Q7,X,tidak relevan pada tahap judul
5000,2-s2.0-105018817401,Q7,X,tidak relevan pada tahap judul
5001,2-s2.0-86000772296,Q7,X,tidak relevan pada tahap judul
5002,2-s2.0-105016754477,Q7,X,tidak relevan pada tahap judul
5003,2-s2.0-105013844534,Q7,R,
5004,2-s2.0-105017176977,Q7,X,tidak relevan pada tahap judul
5005,2-s2.0-105000191941,Q7,X,tidak relevan pada tahap judul
5006,2-s2.0-105017264880,Q7,X,tidak relevan pada tahap judul
5007,2-s2.0-105008976110,Q7,X,tidak relevan pada tahap judul
5008,2-s2.0-105008403028,Q7,X,tidak relevan pada tahap judul
5009,2-s2.0-105010910832,Q7,X,tidak relevan pada tahap judul
5010,2-s2.0-105013139353,Q7,X,tidak relevan pada tahap judul
5011,2-s2.0-105017171198,Q7,X,tidak relevan pada tahap judul
5012,2-s2.0-105008509875,Q7,X,tidak relevan pada tahap judul
5013,2-s2.0-105015882525,Q7,X,tidak relevan pada tahap judul
5014,2-s2.0-105013548976,Q7,X,tidak relevan pada tahap judul
5015,2-s2.0-105007420020,Q7,X,tidak relevan pada tahap judul
5016,2-s2.0-105014475674,Q7,X,tidak relevan pada tahap judul
5017,2-s2.0-105009731259,Q7,X,tidak relevan pada tahap judul
5018,2-s2.0-105006832178,Q7,X,tidak relevan pada tahap judul
5019,2-s2.0-105013138908,Q7,X,tidak relevan pada tahap judul
5020,2-s2.0-105048446363,Q7,X,tidak relevan pada tahap judul
5021,2-s2.0-105003308026,Q7,X,tidak relevan pada tahap judul
5022,2-s2.0-105001031735,Q7,X,tidak relevan pada tahap judul
5023,2-s2.0-105014364027,Q7,R,
5024,2-s2.0-105005959358,Q7,X,tidak relevan pada tahap judul
5025,2-s2.0-105005312019,Q7,X,tidak relevan pada tahap judul
5026,2-s2.0-105002232729,Q7,X,tidak relevan pada tahap judul
5027,2-s2.0-105017068632,Q7,R,
5028,2-s2.0-105011688321,Q7,X,tidak relevan pada tahap judul
5029,2-s2.0-105002181968,Q7,X,tidak relevan pada tahap judul
5030,2-s2.0-105011834386,Q7,X,tidak relevan pada tahap judul
5031,2-s2.0-105012187054,Q7,X,tidak relevan pada tahap judul
5032,2-s2.0-105000496117,Q7,X,tidak relevan pada tahap judul
5033,2-s2.0-105004878826,Q7,X,tidak relevan pada tahap judul
5034,2-s2.0-105007972307,Q7,R,
5035,2-s2.0-105007951054,Q7,X,tidak relevan pada tahap judul
5036,2-s2.0-85218941952,Q7,X,tidak relevan pada tahap judul
5037,2-s2.0-105008898818,Q7,R,
5038,2-s2.0-105000691801,Q7,X,tidak relevan pada tahap judul
5039,2-s2.0-105011544331,Q7,X,tidak relevan pada tahap judul
5040,2-s2.0-105003979223,Q7,X,tidak relevan pada tahap judul
5041,2-s2.0-105009312433,Q7,R,
5042,2-s2.0-105009166337,Q7,X,tidak relevan pada tahap judul
5043,2-s2.0-105008990779,Q7,X,tidak relevan pada tahap judul
5044,2-s2.0-105009075523,Q7,X,tidak relevan pada tahap judul
5045,2-s2.0-105004363864,Q7,X,tidak relevan pada tahap judul
5046,2-s2.0-105007642310,Q7,X,tidak relevan pada tahap judul
5047,2-s2.0-105009055145,Q7,X,tidak relevan pada tahap judul
5048,2-s2.0-105003953805,Q7,X,tidak relevan pada tahap judul
5049,2-s2.0-105005602329,Q7,X,tidak relevan pada tahap judul
5050,2-s2.0-86000289197,Q7,X,tidak relevan pada tahap judul
5051,2-s2.0-85218748261,Q7,X,tidak relevan pada tahap judul
5052,2-s2.0-105002056677,Q7,X,tidak relevan pada tahap judul
5053,2-s2.0-105006599610,Q7,X,tidak relevan pada tahap judul
5054,2-s2.0-85217922366,Q7,X,tidak relevan pada tahap judul
5055,2-s2.0-105000611151,Q7,X,tidak relevan pada tahap judul
5056,2-s2.0-85215825940,Q7,X,tidak relevan pada tahap judul
5057,2-s2.0-105003754375,Q7,R,
5058,2-s2.0-105002559503,Q7,X,tidak relevan pada tahap judul
5059,2-s2.0-105015097019,Q7,X,tidak relevan pada tahap judul
5060,2-s2.0-105003725537,Q7,X,tidak relevan pada tahap judul
5061,2-s2.0-105001077910,Q7,X,tidak relevan pada tahap judul
5062,2-s2.0-85214312563,Q7,X,tidak relevan pada tahap judul
5063,2-s2.0-105000462135,Q7,X,tidak relevan pada tahap judul
5064,2-s2.0-86000564106,Q7,M,
5065,2-s2.0-85215065118,Q7,X,tidak relevan pada tahap judul
5066,2-s2.0-105000037146,Q7,R,
5067,2-s2.0-85216472875,Q7,X,tidak relevan pada tahap judul
5068,2-s2.0-85216116732,Q7,X,tidak relevan pada tahap judul
5069,2-s2.0-105000250180,Q7,X,tidak relevan pada tahap judul
5070,2-s2.0-85211380518,Q7,X,tidak relevan pada tahap judul
5071,2-s2.0-105005233367,Q7,X,tidak relevan pada tahap judul
5072,2-s2.0-85211814145,Q7,X,tidak relevan pada tahap judul
5073,2-s2.0-85218411097,Q7,X,tidak relevan pada tahap judul
5074,2-s2.0-85185967272,Q7,X,tidak relevan pada tahap judul
5075,2-s2.0-86000589239,Q7,X,tidak relevan pada tahap judul
5076,2-s2.0-85217635495,Q7,R,
5077,2-s2.0-85217630593,Q7,X,tidak relevan pada tahap judul
5078,2-s2.0-85214035572,Q7,R,
5079,2-s2.0-85212118966,Q7,X,tidak relevan pada tahap judul
5080,2-s2.0-85218210309,Q7,X,tidak relevan pada tahap judul
5081,2-s2.0-85214199915,Q7,X,tidak relevan pada tahap judul
5082,2-s2.0-85216840577,Q7,X,tidak relevan pada tahap judul
5083,2-s2.0-85219059507,Q7,X,tidak relevan pada tahap judul
5084,2-s2.0-85219007057,Q7,X,tidak relevan pada tahap judul
5085,2-s2.0-85217088636,Q7,X,tidak relevan pada tahap judul
5086,2-s2.0-85179352632,Q7,X,tidak relevan pada tahap judul
5087,2-s2.0-85198969030,Q7,X,tidak relevan pada tahap judul
5088,2-s2.0-85204694940,Q7,X,tidak relevan pada tahap judul
5089,2-s2.0-86000212592,Q7,R,
5090,2-s2.0-85217057190,Q7,X,tidak relevan pada tahap judul
5091,2-s2.0-105005203029,Q7,X,tidak relevan pada tahap judul
5092,2-s2.0-105018773150,Q7,X,tidak relevan pada tahap judul
5093,2-s2.0-105017564939,Q7,X,tidak relevan pada tahap judul
5094,2-s2.0-105006843228,Q7,R,
5095,2-s2.0-85216015255,Q7,R,
5096,2-s2.0-105004296480,Q7,X,tidak relevan pada tahap judul
5097,2-s2.0-85215997675,Q7,X,tidak relevan pada tahap judul
5098,2-s2.0-105026686012,Q7,X,tidak relevan pada tahap judul
5099,2-s2.0-105005762836,Q7,X,tidak relevan pada tahap judul
5100,2-s2.0-85215946705,Q7,X,tidak relevan pada tahap judul
5101,2-s2.0-105009136894,Q7,X,tidak relevan pada tahap judul
5102,2-s2.0-105026871206,Q7,X,tidak relevan pada tahap judul
5103,2-s2.0-105007040065,Q7,X,tidak relevan pada tahap judul
5104,2-s2.0-105014796726,Q7,R,
5105,2-s2.0-85215945965,Q7,X,tidak relevan pada tahap judul
5106,2-s2.0-105023673139,Q7,X,tidak relevan pada tahap judul
5107,2-s2.0-85204313017,Q7,X,tidak relevan pada tahap judul
5108,2-s2.0-105014111846,Q7,X,tidak relevan pada tahap judul
5109,2-s2.0-105032139598,Q7,X,tidak relevan pada tahap judul
5110,2-s2.0-105016841245,Q7,X,tidak relevan pada tahap judul
5111,2-s2.0-105025011037,Q7,X,tidak relevan pada tahap judul
5112,2-s2.0-105005220709,Q7,X,tidak relevan pada tahap judul
5113,2-s2.0-85215788874,Q7,X,tidak relevan pada tahap judul
5114,2-s2.0-85214903536,Q7,X,tidak relevan pada tahap judul
5115,2-s2.0-85180691328,Q7,X,tidak relevan pada tahap judul
5116,2-s2.0-105009592299,Q7,X,tidak relevan pada tahap judul
5117,2-s2.0-105010591870,Q7,X,tidak relevan pada tahap judul
5118,2-s2.0-105020399718,Q7,X,tidak relevan pada tahap judul
5119,2-s2.0-85214403347,Q7,X,tidak relevan pada tahap judul
5120,2-s2.0-105010930230,Q7,X,tidak relevan pada tahap judul
5121,2-s2.0-85204078309,Q7,X,tidak relevan pada tahap judul
5122,2-s2.0-105024073933,Q7,X,tidak relevan pada tahap judul
5123,2-s2.0-105008638477,Q7,X,tidak relevan pada tahap judul
5124,2-s2.0-85214358389,Q7,X,tidak relevan pada tahap judul
5125,2-s2.0-85209129822,Q7,X,tidak relevan pada tahap judul
5126,2-s2.0-85208479202,Q7,X,tidak relevan pada tahap judul
5127,2-s2.0-85186137707,Q7,X,tidak relevan pada tahap judul
5128,2-s2.0-85213232220,Q7,R,
5129,2-s2.0-85213726116,Q7,R,
5130,2-s2.0-105027851582,Q7,X,tidak relevan pada tahap judul
5131,2-s2.0-85213286865,Q7,X,tidak relevan pada tahap judul
5132,2-s2.0-85202665727,Q7,X,tidak relevan pada tahap judul
5133,2-s2.0-85206190864,Q7,X,tidak relevan pada tahap judul
5134,2-s2.0-85213246596,Q7,X,tidak relevan pada tahap judul
5135,2-s2.0-85204926358,Q7,X,tidak relevan pada tahap judul
5136,2-s2.0-85208603103,Q7,X,tidak relevan pada tahap judul
5137,2-s2.0-85211938536,Q7,X,tidak relevan pada tahap judul
5138,2-s2.0-85210531038,Q7,X,tidak relevan pada tahap judul
5139,2-s2.0-85192462091,Q7,X,tidak relevan pada tahap judul
5140,2-s2.0-85211919638,Q7,X,tidak relevan pada tahap judul
5141,2-s2.0-85208765598,Q7,X,tidak relevan pada tahap judul
5142,2-s2.0-85188053776,Q7,X,tidak relevan pada tahap judul
5143,2-s2.0-85210915254,Q7,X,tidak relevan pada tahap judul
5144,2-s2.0-85205306351,Q7,X,tidak relevan pada tahap judul
5145,2-s2.0-85205519065,Q7,X,tidak relevan pada tahap judul
5146,2-s2.0-85205816413,Q7,X,tidak relevan pada tahap judul
5147,2-s2.0-85208470256,Q7,X,tidak relevan pada tahap judul
5148,2-s2.0-85197430980,Q7,X,tidak relevan pada tahap judul
5149,2-s2.0-85206999575,Q7,X,tidak relevan pada tahap judul
5150,2-s2.0-85204071719,Q7,X,tidak relevan pada tahap judul
5151,2-s2.0-85210531427,Q7,X,tidak relevan pada tahap judul
5152,2-s2.0-85208530607,Q7,X,tidak relevan pada tahap judul
5153,2-s2.0-85207633839,Q7,X,tidak relevan pada tahap judul
5154,2-s2.0-85206470269,Q7,X,tidak relevan pada tahap judul
5155,2-s2.0-85207537832,Q7,M,
5156,2-s2.0-105022196320,Q7,X,tidak relevan pada tahap judul
5157,2-s2.0-85207442634,Q7,X,tidak relevan pada tahap judul
5158,2-s2.0-105044104472,Q7,X,tidak relevan pada tahap judul
5159,2-s2.0-85207583053,Q7,X,tidak relevan pada tahap judul
5160,2-s2.0-85201384450,Q7,X,tidak relevan pada tahap judul
5161,2-s2.0-85209204783,Q7,R,
5162,2-s2.0-85198050958,Q7,X,tidak relevan pada tahap judul
5163,2-s2.0-85203264127,Q7,X,tidak relevan pada tahap judul
5164,2-s2.0-85195816402,Q7,X,tidak relevan pada tahap judul
5165,2-s2.0-85194573470,Q7,X,tidak relevan pada tahap judul
5166,2-s2.0-85204061875,Q7,X,tidak relevan pada tahap judul
5167,2-s2.0-85203292741,Q7,X,tidak relevan pada tahap judul
5168,2-s2.0-85197713330,Q7,X,tidak relevan pada tahap judul
5169,2-s2.0-85193621551,Q7,X,tidak relevan pada tahap judul
5170,2-s2.0-85201257587,Q7,X,tidak relevan pada tahap judul
5171,2-s2.0-85204150703,Q7,X,tidak relevan pada tahap judul
5172,2-s2.0-85196558024,Q7,X,tidak relevan pada tahap judul
5173,2-s2.0-85202913767,Q7,X,tidak relevan pada tahap judul
5174,2-s2.0-85200153086,Q7,X,tidak relevan pada tahap judul
5175,2-s2.0-85200744043,Q7,X,tidak relevan pada tahap judul
5176,2-s2.0-85198450727,Q7,X,tidak relevan pada tahap judul
5177,2-s2.0-85196734635,Q7,X,tidak relevan pada tahap judul
5178,2-s2.0-85202669790,Q7,X,tidak relevan pada tahap judul
5179,2-s2.0-85202678537,Q7,R,
5180,2-s2.0-85202791314,Q7,X,tidak relevan pada tahap judul
5181,2-s2.0-85187196574,Q7,X,tidak relevan pada tahap judul
5182,2-s2.0-85189812401,Q7,X,tidak relevan pada tahap judul
5183,2-s2.0-85199624105,Q7,X,tidak relevan pada tahap judul
5184,2-s2.0-85199589988,Q7,X,tidak relevan pada tahap judul
5185,2-s2.0-85197748574,Q7,X,tidak relevan pada tahap judul
5186,2-s2.0-85195512784,Q7,X,tidak relevan pada tahap judul
5187,2-s2.0-85190897325,Q7,X,tidak relevan pada tahap judul
5188,2-s2.0-85186228031,Q7,X,tidak relevan pada tahap judul
5189,2-s2.0-85183525738,Q7,X,tidak relevan pada tahap judul
5190,2-s2.0-85195885452,Q7,X,tidak relevan pada tahap judul
5191,2-s2.0-85161393066,Q7,X,tidak relevan pada tahap judul
5192,2-s2.0-85196904052,Q7,X,tidak relevan pada tahap judul
5193,2-s2.0-85189369371,Q7,X,tidak relevan pada tahap judul
5194,2-s2.0-85174510540,Q7,X,tidak relevan pada tahap judul
5195,2-s2.0-85189168446,Q7,X,tidak relevan pada tahap judul
5196,2-s2.0-85179936195,Q7,X,tidak relevan pada tahap judul
5197,2-s2.0-85144966509,Q7,X,tidak relevan pada tahap judul
5198,2-s2.0-85202608531,Q7,X,tidak relevan pada tahap judul
5199,2-s2.0-85190859754,Q7,X,tidak relevan pada tahap judul
5200,2-s2.0-85192922680,Q7,X,tidak relevan pada tahap judul
5201,2-s2.0-85189152128,Q7,X,tidak relevan pada tahap judul
5202,2-s2.0-85186519700,Q7,X,tidak relevan pada tahap judul
5203,2-s2.0-85190372348,Q7,X,tidak relevan pada tahap judul
5204,2-s2.0-85183981455,Q7,X,tidak relevan pada tahap judul
5205,2-s2.0-85188969656,Q7,X,tidak relevan pada tahap judul
5206,2-s2.0-85191325553,Q7,X,tidak relevan pada tahap judul
5207,2-s2.0-85204532817,Q7,X,tidak relevan pada tahap judul
5208,2-s2.0-85160848584,Q7,X,tidak relevan pada tahap judul
5209,2-s2.0-85191604500,Q7,X,tidak relevan pada tahap judul
5210,2-s2.0-85184773280,Q7,X,tidak relevan pada tahap judul
5211,2-s2.0-85190260584,Q7,X,tidak relevan pada tahap judul
5212,2-s2.0-85193252348,Q7,X,tidak relevan pada tahap judul
5213,2-s2.0-85190778767,Q7,X,tidak relevan pada tahap judul
5214,2-s2.0-85179971352,Q7,X,tidak relevan pada tahap judul
5215,2-s2.0-85185835056,Q7,X,tidak relevan pada tahap judul
5216,2-s2.0-85188676694,Q7,R,
5217,2-s2.0-85189153421,Q7,X,tidak relevan pada tahap judul
5218,2-s2.0-85184787310,Q7,X,tidak relevan pada tahap judul
5219,2-s2.0-85183626838,Q7,X,tidak relevan pada tahap judul
5220,2-s2.0-85184924892,Q7,X,tidak relevan pada tahap judul
5221,2-s2.0-85185174925,Q7,X,tidak relevan pada tahap judul
5222,2-s2.0-85184732330,Q7,X,tidak relevan pada tahap judul
5223,2-s2.0-85184006880,Q7,X,tidak relevan pada tahap judul
5224,2-s2.0-85178078559,Q7,X,tidak relevan pada tahap judul
5225,2-s2.0-85213966547,Q7,X,tidak relevan pada tahap judul
5226,2-s2.0-85187273107,Q7,M,
5227,2-s2.0-85139775157,Q7,X,tidak relevan pada tahap judul
5228,2-s2.0-85212704255,Q7,R,
5229,2-s2.0-85192242394,Q7,X,tidak relevan pada tahap judul
5230,2-s2.0-85210905294,Q7,X,tidak relevan pada tahap judul
5231,2-s2.0-85213512153,Q7,X,tidak relevan pada tahap judul
5232,2-s2.0-85191025346,Q7,X,tidak relevan pada tahap judul
5233,2-s2.0-85192178637,Q7,X,tidak relevan pada tahap judul
5234,2-s2.0-85206210422,Q7,X,tidak relevan pada tahap judul
5235,2-s2.0-85208641670,Q7,X,tidak relevan pada tahap judul
5236,2-s2.0-85188610474,Q7,X,tidak relevan pada tahap judul
5237,2-s2.0-85180868372,Q7,X,tidak relevan pada tahap judul
5238,2-s2.0-85142536503,Q7,X,tidak relevan pada tahap judul
5239,2-s2.0-85208496927,Q7,X,tidak relevan pada tahap judul
5240,2-s2.0-85183179277,Q7,R,
5241,2-s2.0-85199798364,Q7,X,tidak relevan pada tahap judul
5242,2-s2.0-85195286691,Q7,X,tidak relevan pada tahap judul
5243,2-s2.0-85183089782,Q7,X,tidak relevan pada tahap judul
5244,2-s2.0-85200413184,Q7,X,tidak relevan pada tahap judul
5245,2-s2.0-85144567282,Q7,X,tidak relevan pada tahap judul
5246,2-s2.0-85210101924,Q7,X,tidak relevan pada tahap judul
5247,2-s2.0-85208977742,Q7,X,tidak relevan pada tahap judul
5248,2-s2.0-85184245609,Q7,X,tidak relevan pada tahap judul
5249,2-s2.0-85181585360,Q7,X,tidak relevan pada tahap judul
5250,2-s2.0-85207095874,Q7,X,tidak relevan pada tahap judul
5251,2-s2.0-85196723533,Q7,X,tidak relevan pada tahap judul
5252,2-s2.0-85180224677,Q7,X,tidak relevan pada tahap judul
5253,2-s2.0-85183835101,Q7,X,tidak relevan pada tahap judul
5254,2-s2.0-85179669709,Q7,X,tidak relevan pada tahap judul
5255,2-s2.0-85165448369,Q7,X,tidak relevan pada tahap judul
5256,2-s2.0-85180479423,Q7,X,tidak relevan pada tahap judul
5257,2-s2.0-85180451614,Q7,X,tidak relevan pada tahap judul
5258,2-s2.0-85179350626,Q7,X,tidak relevan pada tahap judul
5259,2-s2.0-85161961317,Q7,X,tidak relevan pada tahap judul
5260,2-s2.0-85166912460,Q7,X,tidak relevan pada tahap judul
5261,2-s2.0-85165566883,Q7,X,tidak relevan pada tahap judul
5262,2-s2.0-85162898705,Q7,X,tidak relevan pada tahap judul
5263,2-s2.0-85176607598,Q7,X,tidak relevan pada tahap judul
5264,2-s2.0-85165544846,Q7,X,tidak relevan pada tahap judul
5265,2-s2.0-85170075623,Q7,X,tidak relevan pada tahap judul
5266,2-s2.0-85176361440,Q7,X,tidak relevan pada tahap judul
5267,2-s2.0-85176324349,Q7,X,tidak relevan pada tahap judul
5268,2-s2.0-85160331081,Q7,X,tidak relevan pada tahap judul
5269,2-s2.0-85176263244,Q7,X,tidak relevan pada tahap judul
5270,2-s2.0-85159629471,Q7,X,tidak relevan pada tahap judul
5271,2-s2.0-85150885945,Q7,X,tidak relevan pada tahap judul
5272,2-s2.0-85158060244,Q7,X,tidak relevan pada tahap judul
5273,2-s2.0-85175311674,Q7,X,tidak relevan pada tahap judul
5274,2-s2.0-85160837230,Q7,X,tidak relevan pada tahap judul
5275,2-s2.0-85166105276,Q7,X,tidak relevan pada tahap judul
5276,2-s2.0-85164917409,Q7,X,tidak relevan pada tahap judul
5277,2-s2.0-85173804238,Q7,X,tidak relevan pada tahap judul
5278,2-s2.0-85159492049,Q7,X,tidak relevan pada tahap judul
5279,2-s2.0-85172739934,Q7,X,tidak relevan pada tahap judul
5280,2-s2.0-85168006444,Q7,R,
5281,2-s2.0-85175117185,Q7,R,
5282,2-s2.0-85172784663,Q7,X,tidak relevan pada tahap judul
5283,2-s2.0-85168509877,Q7,X,tidak relevan pada tahap judul
5284,2-s2.0-85170386156,Q7,X,tidak relevan pada tahap judul
5285,2-s2.0-85172105861,Q7,R,
5286,2-s2.0-85170345300,Q7,X,tidak relevan pada tahap judul
5287,2-s2.0-85153053856,Q7,X,tidak relevan pada tahap judul
5288,2-s2.0-85172793011,Q7,X,tidak relevan pada tahap judul
5289,2-s2.0-85170338888,Q7,X,tidak relevan pada tahap judul
5290,2-s2.0-85169539234,Q7,X,tidak relevan pada tahap judul
5291,2-s2.0-85171539908,Q7,X,tidak relevan pada tahap judul
5292,2-s2.0-85170639025,Q7,X,tidak relevan pada tahap judul
5293,2-s2.0-85168455973,Q7,X,tidak relevan pada tahap judul
5294,2-s2.0-85174332999,Q7,X,tidak relevan pada tahap judul
5295,2-s2.0-85169077641,Q7,R,
5296,2-s2.0-85161653947,Q7,X,tidak relevan pada tahap judul
5297,2-s2.0-85150696773,Q7,R,
5298,2-s2.0-85168701990,Q7,X,tidak relevan pada tahap judul
5299,2-s2.0-85173918333,Q7,X,tidak relevan pada tahap judul
5300,2-s2.0-85167904736,Q7,X,tidak relevan pada tahap judul
5301,2-s2.0-85152725831,Q7,X,tidak relevan pada tahap judul
5302,2-s2.0-85167658410,Q7,X,tidak relevan pada tahap judul
5303,2-s2.0-85184454773,Q7,X,tidak relevan pada tahap judul
5304,2-s2.0-85153507613,Q7,X,tidak relevan pada tahap judul
5305,2-s2.0-85166026623,Q7,X,tidak relevan pada tahap judul
5306,2-s2.0-105008090356,Q7,X,tidak relevan pada tahap judul
5307,2-s2.0-85152944157,Q7,X,tidak relevan pada tahap judul
5308,2-s2.0-85165328246,Q7,X,tidak relevan pada tahap judul
5309,2-s2.0-85132911424,Q7,X,tidak relevan pada tahap judul
5310,2-s2.0-85163704700,Q7,X,tidak relevan pada tahap judul
5311,2-s2.0-85164011521,Q7,R,
5312,2-s2.0-85152359541,Q7,X,tidak relevan pada tahap judul
5313,2-s2.0-85159198037,Q7,X,tidak relevan pada tahap judul
5314,2-s2.0-85148050148,Q7,X,tidak relevan pada tahap judul
5315,2-s2.0-85163729206,Q7,X,tidak relevan pada tahap judul
5316,2-s2.0-85145267124,Q7,X,tidak relevan pada tahap judul
5317,2-s2.0-85150070330,Q7,X,tidak relevan pada tahap judul
5318,2-s2.0-85144603819,Q7,X,tidak relevan pada tahap judul
5319,2-s2.0-85160603151,Q7,X,tidak relevan pada tahap judul
5320,2-s2.0-85159598586,Q7,X,tidak relevan pada tahap judul
5321,2-s2.0-85153699395,Q7,R,
5322,2-s2.0-85152710655,Q7,R,
5323,2-s2.0-85163992504,Q7,X,tidak relevan pada tahap judul
5324,2-s2.0-85163987322,Q7,X,tidak relevan pada tahap judul
5325,2-s2.0-85164131208,Q7,X,tidak relevan pada tahap judul
5326,2-s2.0-85146683351,Q7,X,tidak relevan pada tahap judul
5327,2-s2.0-85169693056,Q7,X,tidak relevan pada tahap judul
5328,2-s2.0-85146270693,Q7,X,tidak relevan pada tahap judul
5329,2-s2.0-85151417800,Q7,X,tidak relevan pada tahap judul
5330,2-s2.0-85151931333,Q7,R,
5331,2-s2.0-85152443304,Q7,R,
5332,2-s2.0-85150991642,Q7,X,tidak relevan pada tahap judul
5333,2-s2.0-85142871861,Q7,X,tidak relevan pada tahap judul
5334,2-s2.0-85144921333,Q7,X,tidak relevan pada tahap judul
5335,2-s2.0-85145986369,Q7,X,tidak relevan pada tahap judul
5336,2-s2.0-85141503252,Q7,X,tidak relevan pada tahap judul
5337,2-s2.0-85146956235,Q7,X,tidak relevan pada tahap judul
5338,2-s2.0-85144569892,Q7,X,tidak relevan pada tahap judul
5339,2-s2.0-85149114475,Q7,X,tidak relevan pada tahap judul
5340,2-s2.0-85148964553,Q7,X,tidak relevan pada tahap judul
5341,2-s2.0-85146022239,Q7,X,tidak relevan pada tahap judul
5342,2-s2.0-85145572289,Q7,X,tidak relevan pada tahap judul
5343,2-s2.0-85147805648,Q7,X,tidak relevan pada tahap judul
5344,2-s2.0-85135823038,Q7,X,tidak relevan pada tahap judul
5345,2-s2.0-85147740617,Q7,R,
5346,2-s2.0-85146713301,Q7,R,
5347,2-s2.0-85158024504,Q7,X,tidak relevan pada tahap judul
5348,2-s2.0-85181008329,Q7,X,tidak relevan pada tahap judul
5349,2-s2.0-85169572647,Q7,X,tidak relevan pada tahap judul
5350,2-s2.0-85146766130,Q7,X,tidak relevan pada tahap judul
5351,2-s2.0-85189777661,Q7,X,tidak relevan pada tahap judul
5352,2-s2.0-85167360438,Q7,X,tidak relevan pada tahap judul
5353,2-s2.0-85168753422,Q7,X,tidak relevan pada tahap judul
5354,2-s2.0-85139974599,Q7,X,tidak relevan pada tahap judul
5355,2-s2.0-85165159962,Q7,X,tidak relevan pada tahap judul
5356,2-s2.0-85118231588,Q7,X,tidak relevan pada tahap judul
5357,2-s2.0-85146821677,Q7,X,tidak relevan pada tahap judul
5358,2-s2.0-85153729357,Q7,X,tidak relevan pada tahap judul
5359,2-s2.0-85129412929,Q7,X,tidak relevan pada tahap judul
5360,2-s2.0-85186742940,Q7,X,tidak relevan pada tahap judul
5361,2-s2.0-85169684273,Q7,X,tidak relevan pada tahap judul
5362,2-s2.0-85179320011,Q7,R,
5363,2-s2.0-85112629915,Q7,X,tidak relevan pada tahap judul
5364,2-s2.0-85150893717,Q7,X,tidak relevan pada tahap judul
5365,2-s2.0-85146697945,Q7,X,tidak relevan pada tahap judul
5366,2-s2.0-85139127862,Q7,X,tidak relevan pada tahap judul
5367,2-s2.0-85180117171,Q7,X,tidak relevan pada tahap judul
5368,2-s2.0-85179112560,Q7,X,tidak relevan pada tahap judul
5369,2-s2.0-85182253761,Q7,X,tidak relevan pada tahap judul
5370,2-s2.0-85145256836,Q7,X,tidak relevan pada tahap judul
5371,2-s2.0-85141837248,Q7,X,tidak relevan pada tahap judul
5372,2-s2.0-85141916743,Q7,X,tidak relevan pada tahap judul
5373,2-s2.0-85144829455,Q7,X,tidak relevan pada tahap judul
5374,2-s2.0-85140807822,Q7,X,tidak relevan pada tahap judul
5375,2-s2.0-85139593099,Q7,X,tidak relevan pada tahap judul
5376,2-s2.0-85132136739,Q7,X,tidak relevan pada tahap judul
5377,2-s2.0-85144702902,Q7,X,tidak relevan pada tahap judul
5378,2-s2.0-85125272316,Q7,X,tidak relevan pada tahap judul
5379,2-s2.0-85133739754,Q7,X,tidak relevan pada tahap judul
5380,2-s2.0-85134622325,Q7,X,tidak relevan pada tahap judul
5381,2-s2.0-85143189081,Q7,X,tidak relevan pada tahap judul
5382,2-s2.0-85137387715,Q7,X,tidak relevan pada tahap judul
5383,2-s2.0-85143618718,Q7,X,tidak relevan pada tahap judul
5384,2-s2.0-85144941970,Q7,X,tidak relevan pada tahap judul
5385,2-s2.0-85144832403,Q7,X,tidak relevan pada tahap judul
5386,2-s2.0-85143583692,Q7,X,tidak relevan pada tahap judul
5387,2-s2.0-85143591221,Q7,X,tidak relevan pada tahap judul
5388,2-s2.0-85141835230,Q7,X,tidak relevan pada tahap judul
5389,2-s2.0-85140362969,Q7,R,
5390,2-s2.0-85137698632,Q7,X,tidak relevan pada tahap judul
5391,2-s2.0-85141864759,Q7,X,tidak relevan pada tahap judul
5392,2-s2.0-85135772367,Q7,X,tidak relevan pada tahap judul
5393,2-s2.0-85133248095,Q7,X,tidak relevan pada tahap judul
5394,2-s2.0-85140906822,Q7,X,tidak relevan pada tahap judul
5395,2-s2.0-85139812306,Q7,X,tidak relevan pada tahap judul
5396,2-s2.0-85139327895,Q7,X,tidak relevan pada tahap judul
5397,2-s2.0-85119512607,Q7,X,tidak relevan pada tahap judul
5398,2-s2.0-85138626245,Q7,X,tidak relevan pada tahap judul
5399,2-s2.0-85141799318,Q7,X,tidak relevan pada tahap judul
5400,2-s2.0-85127532535,Q7,X,tidak relevan pada tahap judul
5401,2-s2.0-85134630065,Q7,X,tidak relevan pada tahap judul
5402,2-s2.0-85133031823,Q7,X,tidak relevan pada tahap judul
5403,2-s2.0-85137088517,Q7,X,tidak relevan pada tahap judul
5404,2-s2.0-85140263367,Q7,X,tidak relevan pada tahap judul
5405,2-s2.0-85136766821,Q7,X,tidak relevan pada tahap judul
5406,2-s2.0-85141685341,Q7,X,tidak relevan pada tahap judul
5407,2-s2.0-85133914673,Q7,X,tidak relevan pada tahap judul
5408,2-s2.0-85123265023,Q7,X,tidak relevan pada tahap judul
5409,2-s2.0-85132918057,Q7,X,tidak relevan pada tahap judul
5410,2-s2.0-85133430217,Q7,X,tidak relevan pada tahap judul
5411,2-s2.0-85134013488,Q7,X,tidak relevan pada tahap judul
5412,2-s2.0-85135973692,Q7,X,tidak relevan pada tahap judul
5413,2-s2.0-85127492546,Q7,X,tidak relevan pada tahap judul
5414,2-s2.0-85131589509,Q7,X,tidak relevan pada tahap judul
5415,2-s2.0-85113169202,Q7,X,tidak relevan pada tahap judul
5416,2-s2.0-85108942289,Q7,X,tidak relevan pada tahap judul
5417,2-s2.0-85132819178,Q7,X,tidak relevan pada tahap judul
5418,2-s2.0-85129475707,Q7,X,tidak relevan pada tahap judul
5419,2-s2.0-85132897579,Q7,X,tidak relevan pada tahap judul
5420,2-s2.0-85131723991,Q7,R,
5421,2-s2.0-85127658920,Q7,X,tidak relevan pada tahap judul
5422,2-s2.0-85142470366,Q7,X,tidak relevan pada tahap judul
5423,2-s2.0-85124829349,Q7,X,tidak relevan pada tahap judul
5424,2-s2.0-85129311050,Q7,R,
5425,2-s2.0-85132264193,Q7,X,tidak relevan pada tahap judul
5426,2-s2.0-85122967785,Q7,X,tidak relevan pada tahap judul
5427,2-s2.0-85128788601,Q7,X,tidak relevan pada tahap judul
5428,2-s2.0-85129505635,Q7,X,tidak relevan pada tahap judul
5429,2-s2.0-85129181169,Q7,X,tidak relevan pada tahap judul
5430,2-s2.0-85127132786,Q7,X,tidak relevan pada tahap judul
5431,2-s2.0-85117687483,Q7,X,tidak relevan pada tahap judul
5432,2-s2.0-85126956702,Q7,X,tidak relevan pada tahap judul
5433,2-s2.0-85121751402,Q7,X,tidak relevan pada tahap judul
5434,2-s2.0-85118510844,Q7,X,tidak relevan pada tahap judul
5435,2-s2.0-85122942089,Q7,X,tidak relevan pada tahap judul
5436,2-s2.0-85111832674,Q7,X,tidak relevan pada tahap judul
5437,2-s2.0-85121776845,Q7,X,tidak relevan pada tahap judul
5438,2-s2.0-85123456926,Q7,X,tidak relevan pada tahap judul
5439,2-s2.0-85123932114,Q7,X,tidak relevan pada tahap judul
5440,2-s2.0-85124282346,Q7,X,tidak relevan pada tahap judul
5441,2-s2.0-85120848362,Q7,X,tidak relevan pada tahap judul
5442,2-s2.0-85136618420,Q7,X,tidak relevan pada tahap judul
5443,2-s2.0-85105527715,Q7,X,tidak relevan pada tahap judul
5444,2-s2.0-85132389989,Q7,X,tidak relevan pada tahap judul
5445,2-s2.0-85082476571,Q7,X,tidak relevan pada tahap judul
5446,2-s2.0-85119952676,Q7,X,tidak relevan pada tahap judul
5447,2-s2.0-85105518499,Q7,X,tidak relevan pada tahap judul
5448,2-s2.0-85122389537,Q7,X,tidak relevan pada tahap judul
5449,2-s2.0-85087642466,Q7,X,tidak relevan pada tahap judul
5450,2-s2.0-85124215722,Q7,X,tidak relevan pada tahap judul
5451,2-s2.0-85100833902,Q7,X,tidak relevan pada tahap judul
5452,2-s2.0-85127324478,Q7,X,tidak relevan pada tahap judul
5453,2-s2.0-85138648921,Q7,X,tidak relevan pada tahap judul
5454,2-s2.0-85135234336,Q7,X,tidak relevan pada tahap judul
5455,2-s2.0-85131443124,Q7,X,tidak relevan pada tahap judul
5456,2-s2.0-85139869342,Q7,X,tidak relevan pada tahap judul
5457,2-s2.0-85136003573,Q7,X,tidak relevan pada tahap judul
5458,2-s2.0-85139192146,Q7,X,tidak relevan pada tahap judul
5459,2-s2.0-85125096848,Q7,X,tidak relevan pada tahap judul
5460,2-s2.0-85120062394,Q7,X,tidak relevan pada tahap judul
5461,2-s2.0-85120742903,Q7,X,tidak relevan pada tahap judul
5462,2-s2.0-85104948463,Q7,M,
5463,2-s2.0-85120551912,Q7,X,tidak relevan pada tahap judul
5464,2-s2.0-85121106188,Q7,X,tidak relevan pada tahap judul
5465,2-s2.0-85105924873,Q7,R,
5466,2-s2.0-85118249586,Q7,X,tidak relevan pada tahap judul
5467,2-s2.0-85120702830,Q7,X,tidak relevan pada tahap judul
5468,2-s2.0-85098482891,Q7,X,tidak relevan pada tahap judul
5469,2-s2.0-85115992922,Q7,X,tidak relevan pada tahap judul
5470,2-s2.0-85111880365,Q7,X,tidak relevan pada tahap judul
5471,2-s2.0-85120899203,Q7,X,tidak relevan pada tahap judul
5472,2-s2.0-85121762386,Q7,X,tidak relevan pada tahap judul
5473,2-s2.0-85120317469,Q7,X,tidak relevan pada tahap judul
5474,2-s2.0-85107346362,Q7,I,
5475,2-s2.0-85121042965,Q7,X,tidak relevan pada tahap judul
5476,2-s2.0-85118489160,Q7,X,tidak relevan pada tahap judul
5477,2-s2.0-85109176834,Q7,X,tidak relevan pada tahap judul
5478,2-s2.0-85118926175,Q7,X,tidak relevan pada tahap judul
5479,2-s2.0-85117248388,Q7,X,tidak relevan pada tahap judul
5480,2-s2.0-85105738240,Q7,X,tidak relevan pada tahap judul
5481,2-s2.0-85110391086,Q7,X,tidak relevan pada tahap judul
5482,2-s2.0-85109958551,Q7,X,tidak relevan pada tahap judul
5483,2-s2.0-85115830669,Q7,X,tidak relevan pada tahap judul
5484,2-s2.0-85119296292,Q7,X,tidak relevan pada tahap judul
5485,2-s2.0-85115776590,Q7,X,tidak relevan pada tahap judul
5486,2-s2.0-85114738263,Q7,R,
5487,2-s2.0-85114593511,Q7,X,tidak relevan pada tahap judul
5488,2-s2.0-85100047641,Q7,X,tidak relevan pada tahap judul
5489,2-s2.0-85112857628,Q7,X,tidak relevan pada tahap judul
5490,2-s2.0-85101819996,Q7,X,tidak relevan pada tahap judul
5491,2-s2.0-85115144451,Q7,X,tidak relevan pada tahap judul
5492,2-s2.0-85114038831,Q7,X,tidak relevan pada tahap judul
5493,2-s2.0-85112837960,Q7,X,tidak relevan pada tahap judul
5494,2-s2.0-85114145159,Q7,X,tidak relevan pada tahap judul
5495,2-s2.0-85119083670,Q7,X,tidak relevan pada tahap judul
5496,2-s2.0-85113584970,Q7,X,tidak relevan pada tahap judul
5497,2-s2.0-85119451818,Q7,X,tidak relevan pada tahap judul
5498,2-s2.0-85111936487,Q7,X,tidak relevan pada tahap judul
5499,2-s2.0-85109554611,Q7,X,tidak relevan pada tahap judul
5500,2-s2.0-85105814254,Q7,X,tidak relevan pada tahap judul
5501,2-s2.0-85106911495,Q7,X,tidak relevan pada tahap judul
5502,2-s2.0-85109344560,Q7,X,tidak relevan pada tahap judul
5503,2-s2.0-85105690936,Q7,X,tidak relevan pada tahap judul
5504,2-s2.0-85109010602,Q7,X,tidak relevan pada tahap judul
5505,2-s2.0-85111062809,Q7,X,tidak relevan pada tahap judul
5506,2-s2.0-85106283623,Q7,X,tidak relevan pada tahap judul
5507,2-s2.0-85104454622,Q7,X,tidak relevan pada tahap judul
5508,2-s2.0-85107847894,Q7,X,tidak relevan pada tahap judul
5509,2-s2.0-85107232322,Q7,X,tidak relevan pada tahap judul
5510,2-s2.0-85101320186,Q7,X,tidak relevan pada tahap judul
5511,2-s2.0-85106955138,Q7,X,tidak relevan pada tahap judul
5512,2-s2.0-85103695637,Q7,X,tidak relevan pada tahap judul
5513,2-s2.0-85104721564,Q7,X,tidak relevan pada tahap judul
5514,2-s2.0-85105391810,Q7,X,tidak relevan pada tahap judul
5515,2-s2.0-85107356565,Q7,X,tidak relevan pada tahap judul
5516,2-s2.0-85105858992,Q7,X,tidak relevan pada tahap judul
5517,2-s2.0-85107402057,Q7,X,tidak relevan pada tahap judul
5518,2-s2.0-85105942244,Q7,X,tidak relevan pada tahap judul
5519,2-s2.0-85100396723,Q7,X,tidak relevan pada tahap judul
5520,2-s2.0-85108616920,Q7,R,
5521,2-s2.0-85101263415,Q7,X,tidak relevan pada tahap judul
5522,2-s2.0-85107550727,Q7,X,tidak relevan pada tahap judul
5523,2-s2.0-85094665103,Q7,X,tidak relevan pada tahap judul
5524,2-s2.0-85101111215,Q7,X,tidak relevan pada tahap judul
5525,2-s2.0-85101342596,Q7,X,tidak relevan pada tahap judul
5526,2-s2.0-85099866393,Q7,X,tidak relevan pada tahap judul
5527,2-s2.0-85100092483,Q7,X,tidak relevan pada tahap judul
5528,2-s2.0-85100135827,Q7,X,tidak relevan pada tahap judul
5529,2-s2.0-85100207024,Q7,X,tidak relevan pada tahap judul
5530,2-s2.0-85088148610,Q7,X,tidak relevan pada tahap judul
5531,2-s2.0-85122066795,Q7,X,tidak relevan pada tahap judul
5532,2-s2.0-85120890874,Q7,X,tidak relevan pada tahap judul
5533,2-s2.0-85123101286,Q7,X,tidak relevan pada tahap judul
5534,2-s2.0-85104788117,Q7,X,tidak relevan pada tahap judul
5535,2-s2.0-85097180426,Q7,X,tidak relevan pada tahap judul
5536,2-s2.0-85111771300,Q7,X,tidak relevan pada tahap judul
5537,2-s2.0-85106901198,Q7,X,tidak relevan pada tahap judul
5538,2-s2.0-85125575332,Q7,X,tidak relevan pada tahap judul
5539,2-s2.0-85105323262,Q7,X,tidak relevan pada tahap judul
5540,2-s2.0-85096862831,Q7,X,tidak relevan pada tahap judul
5541,2-s2.0-85089815467,Q7,X,tidak relevan pada tahap judul
5542,2-s2.0-85150503928,Q7,X,tidak relevan pada tahap judul
5543,2-s2.0-85086828211,Q7,X,tidak relevan pada tahap judul
5544,2-s2.0-85097458195,Q7,X,tidak relevan pada tahap judul
5545,2-s2.0-85090325375,Q7,R,
5546,2-s2.0-85092065494,Q7,X,tidak relevan pada tahap judul
5547,2-s2.0-85094939883,Q7,X,tidak relevan pada tahap judul
5548,2-s2.0-85084986314,Q7,X,tidak relevan pada tahap judul
5549,2-s2.0-85092069037,Q7,X,tidak relevan pada tahap judul
5550,2-s2.0-85099120309,Q7,X,tidak relevan pada tahap judul
5551,2-s2.0-85086580261,Q7,X,tidak relevan pada tahap judul
5552,2-s2.0-85074023420,Q7,X,tidak relevan pada tahap judul
5553,2-s2.0-85095610408,Q7,X,tidak relevan pada tahap judul
5554,2-s2.0-85092257818,Q7,X,tidak relevan pada tahap judul
5555,2-s2.0-85088824210,Q7,X,tidak relevan pada tahap judul
5556,2-s2.0-85092250151,Q7,X,tidak relevan pada tahap judul
5557,2-s2.0-85090287794,Q7,X,tidak relevan pada tahap judul
5558,2-s2.0-85089408247,Q7,X,tidak relevan pada tahap judul
5559,2-s2.0-85087485546,Q7,X,tidak relevan pada tahap judul
5560,2-s2.0-85084209140,Q7,X,tidak relevan pada tahap judul
5561,2-s2.0-85070927799,Q7,X,tidak relevan pada tahap judul
5562,2-s2.0-85088850844,Q7,X,tidak relevan pada tahap judul
5563,2-s2.0-85081118351,Q7,X,tidak relevan pada tahap judul
5564,2-s2.0-85088779460,Q7,R,
5565,2-s2.0-85083877271,Q7,X,tidak relevan pada tahap judul
5566,2-s2.0-85084693917,Q7,X,tidak relevan pada tahap judul
5567,2-s2.0-85082755396,Q7,X,tidak relevan pada tahap judul
5568,2-s2.0-85092035890,Q7,X,tidak relevan pada tahap judul
5569,2-s2.0-85085583985,Q7,R,
5570,2-s2.0-85075693309,Q7,X,tidak relevan pada tahap judul
5571,2-s2.0-85086995675,Q7,X,tidak relevan pada tahap judul
5572,2-s2.0-85085702806,Q7,R,
5573,2-s2.0-85081066470,Q7,X,tidak relevan pada tahap judul
5574,2-s2.0-85085101781,Q7,X,tidak relevan pada tahap judul
5575,2-s2.0-85061806849,Q7,X,tidak relevan pada tahap judul
5576,2-s2.0-85077687288,Q7,X,tidak relevan pada tahap judul
5577,2-s2.0-85073980072,Q7,X,tidak relevan pada tahap judul
5578,2-s2.0-85074438353,Q7,X,tidak relevan pada tahap judul
5579,2-s2.0-85075578201,Q7,X,tidak relevan pada tahap judul
5580,2-s2.0-85085981219,Q7,X,tidak relevan pada tahap judul
5581,2-s2.0-85087793274,Q7,X,tidak relevan pada tahap judul
5582,2-s2.0-85096243770,Q7,X,tidak relevan pada tahap judul
5583,2-s2.0-85102606581,Q7,X,tidak relevan pada tahap judul
5584,2-s2.0-85087783493,Q7,X,tidak relevan pada tahap judul
5585,2-s2.0-85071883342,Q7,X,tidak relevan pada tahap judul
5586,2-s2.0-85088529418,Q7,X,tidak relevan pada tahap judul
5587,2-s2.0-85072227297,Q7,X,tidak relevan pada tahap judul
5588,2-s2.0-85073813484,Q7,X,tidak relevan pada tahap judul
5589,2-s2.0-85070254236,Q7,X,tidak relevan pada tahap judul
5590,2-s2.0-85074320522,Q7,X,tidak relevan pada tahap judul
5591,2-s2.0-85096502366,Q7,X,tidak relevan pada tahap judul
5592,2-s2.0-85068871118,Q7,X,tidak relevan pada tahap judul
5593,2-s2.0-85068110023,Q7,X,tidak relevan pada tahap judul
5594,2-s2.0-85069841899,Q7,X,tidak relevan pada tahap judul
5595,2-s2.0-85059443212,Q7,X,tidak relevan pada tahap judul
5596,2-s2.0-85068008764,Q7,X,tidak relevan pada tahap judul
5597,2-s2.0-85070831965,Q7,X,tidak relevan pada tahap judul
5598,2-s2.0-85069643051,Q7,X,tidak relevan pada tahap judul
5599,2-s2.0-85067602951,Q7,X,tidak relevan pada tahap judul
5600,2-s2.0-85067973659,Q7,X,tidak relevan pada tahap judul
5601,2-s2.0-85064233356,Q7,X,tidak relevan pada tahap judul
5602,2-s2.0-85067866861,Q7,X,tidak relevan pada tahap judul
5603,2-s2.0-85060085260,Q7,X,tidak relevan pada tahap judul
5604,2-s2.0-85066960276,Q7,X,tidak relevan pada tahap judul
5605,2-s2.0-85064152887,Q7,X,tidak relevan pada tahap judul
5606,2-s2.0-85067333507,Q7,X,tidak relevan pada tahap judul
5607,2-s2.0-85058710028,Q7,X,tidak relevan pada tahap judul
5608,2-s2.0-85064219274,Q7,X,tidak relevan pada tahap judul
5609,2-s2.0-85073432934,Q7,X,tidak relevan pada tahap judul
5610,2-s2.0-85057581633,Q7,X,tidak relevan pada tahap judul
5611,2-s2.0-85061259916,Q7,X,tidak relevan pada tahap judul
5612,2-s2.0-85061289408,Q7,X,tidak relevan pada tahap judul
5613,2-s2.0-85063919377,Q7,X,tidak relevan pada tahap judul
5614,2-s2.0-85061858131,Q7,X,tidak relevan pada tahap judul
5615,2-s2.0-85062805798,Q7,X,tidak relevan pada tahap judul
5616,2-s2.0-85057407748,Q7,X,tidak relevan pada tahap judul
5617,2-s2.0-85046895396,Q7,X,tidak relevan pada tahap judul
5618,2-s2.0-85074210536,Q7,X,tidak relevan pada tahap judul
5619,2-s2.0-85056596382,Q7,X,tidak relevan pada tahap judul
5620,2-s2.0-85063210870,Q7,X,tidak relevan pada tahap judul
5621,2-s2.0-85065494091,Q7,X,tidak relevan pada tahap judul
5622,2-s2.0-85058518810,Q7,X,tidak relevan pada tahap judul
5623,2-s2.0-85051853679,Q7,X,tidak relevan pada tahap judul
5624,2-s2.0-85084939824,Q7,X,tidak relevan pada tahap judul
5625,2-s2.0-85061254106,Q7,X,tidak relevan pada tahap judul
5626,2-s2.0-85054103188,Q7,X,tidak relevan pada tahap judul
5627,2-s2.0-85055075516,Q7,X,tidak relevan pada tahap judul
5628,2-s2.0-85050968013,Q7,X,tidak relevan pada tahap judul
5629,2-s2.0-85072264980,Q7,X,tidak relevan pada tahap judul
5630,2-s2.0-85044259360,Q7,X,tidak relevan pada tahap judul
5631,2-s2.0-85029694763,Q7,X,tidak relevan pada tahap judul
5632,2-s2.0-85055636039,Q7,X,tidak relevan pada tahap judul
5633,2-s2.0-85048726055,Q7,X,tidak relevan pada tahap judul
5634,2-s2.0-85041564491,Q7,X,tidak relevan pada tahap judul
5635,2-s2.0-85048258348,Q7,X,tidak relevan pada tahap judul
5636,2-s2.0-85042551965,Q7,X,tidak relevan pada tahap judul
5637,2-s2.0-85045909967,Q7,X,tidak relevan pada tahap judul
5638,2-s2.0-85032198570,Q7,X,tidak relevan pada tahap judul
5639,2-s2.0-85018350894,Q7,X,tidak relevan pada tahap judul
5640,2-s2.0-85030693962,Q7,X,tidak relevan pada tahap judul
5641,2-s2.0-85043455229,Q7,X,tidak relevan pada tahap judul
5642,2-s2.0-85041198400,Q7,X,tidak relevan pada tahap judul
5643,2-s2.0-85062270617,Q7,X,tidak relevan pada tahap judul
5644,2-s2.0-85039980503,Q7,X,tidak relevan pada tahap judul
5645,2-s2.0-85041327147,Q7,X,tidak relevan pada tahap judul
5646,2-s2.0-85040696132,Q7,X,tidak relevan pada tahap judul
5647,2-s2.0-85035329278,Q7,X,tidak relevan pada tahap judul
5648,2-s2.0-85038845234,Q7,X,tidak relevan pada tahap judul
5649,2-s2.0-85045377217,Q7,X,tidak relevan pada tahap judul
5650,2-s2.0-85031799403,Q7,R,
5651,2-s2.0-85028448631,Q7,X,tidak relevan pada tahap judul
5652,2-s2.0-85030452944,Q7,X,tidak relevan pada tahap judul
5653,2-s2.0-85032575302,Q7,X,tidak relevan pada tahap judul
5654,2-s2.0-85026384352,Q7,X,tidak relevan pada tahap judul
5655,2-s2.0-85008217154,Q7,X,tidak relevan pada tahap judul
5656,2-s2.0-85019387306,Q7,X,tidak relevan pada tahap judul
5657,2-s2.0-85018521591,Q7,X,tidak relevan pada tahap judul
5658,2-s2.0-85019723059,Q7,X,tidak relevan pada tahap judul
5659,2-s2.0-85029812732,Q7,X,tidak relevan pada tahap judul
5660,2-s2.0-85029405178,Q7,X,tidak relevan pada tahap judul
5661,2-s2.0-85028524155,Q7,X,tidak relevan pada tahap judul
5662,2-s2.0-85021061876,Q7,X,tidak relevan pada tahap judul
5663,2-s2.0-85018477243,Q7,X,tidak relevan pada tahap judul
5664,2-s2.0-85021722748,Q7,X,tidak relevan pada tahap judul
5665,2-s2.0-85028669563,Q7,X,tidak relevan pada tahap judul
5666,2-s2.0-85028940064,Q7,X,tidak relevan pada tahap judul
5667,2-s2.0-85016968155,Q7,X,tidak relevan pada tahap judul
5668,2-s2.0-85073062723,Q7,X,tidak relevan pada tahap judul
5669,2-s2.0-84991079029,Q7,X,tidak relevan pada tahap judul
5670,2-s2.0-84984837710,Q7,X,tidak relevan pada tahap judul
5671,2-s2.0-85015323226,Q7,X,tidak relevan pada tahap judul
5672,2-s2.0-84988499113,Q7,X,tidak relevan pada tahap judul
5673,2-s2.0-85037028568,Q7,X,tidak relevan pada tahap judul
5674,2-s2.0-85017549155,Q7,X,tidak relevan pada tahap judul
5675,2-s2.0-84983080808,Q7,X,tidak relevan pada tahap judul
5676,2-s2.0-85018205069,Q7,X,tidak relevan pada tahap judul
5677,2-s2.0-84979743734,Q7,X,tidak relevan pada tahap judul
5678,2-s2.0-84994055713,Q7,X,tidak relevan pada tahap judul
5679,2-s2.0-84996588194,Q7,X,tidak relevan pada tahap judul
5680,2-s2.0-84991251937,Q7,X,tidak relevan pada tahap judul
5681,2-s2.0-84978107447,Q7,R,
5682,2-s2.0-84982727280,Q7,X,tidak relevan pada tahap judul
5683,2-s2.0-84983542778,Q7,X,tidak relevan pada tahap judul
5684,2-s2.0-85043550742,Q7,X,tidak relevan pada tahap judul
5685,2-s2.0-84976644142,Q7,R,
5686,2-s2.0-84991068291,Q7,X,tidak relevan pada tahap judul
5687,2-s2.0-84944706276,Q7,X,tidak relevan pada tahap judul
5688,2-s2.0-85011640266,Q7,X,tidak relevan pada tahap judul
5689,2-s2.0-84973610967,Q7,X,tidak relevan pada tahap judul
5690,2-s2.0-84989952842,Q7,X,tidak relevan pada tahap judul
5691,2-s2.0-84973617049,Q7,X,tidak relevan pada tahap judul
5692,2-s2.0-84961830151,Q7,X,tidak relevan pada tahap judul
5693,2-s2.0-84968735720,Q7,X,tidak relevan pada tahap judul
5694,2-s2.0-84964237850,Q7,X,tidak relevan pada tahap judul
5695,2-s2.0-84950279853,Q7,X,tidak relevan pada tahap judul
5696,2-s2.0-84975804470,Q7,X,tidak relevan pada tahap judul
5697,2-s2.0-84928957808,Q7,X,tidak relevan pada tahap judul
5698,2-s2.0-84975769813,Q7,X,tidak relevan pada tahap judul
5699,2-s2.0-84955285437,Q7,X,tidak relevan pada tahap judul
5700,2-s2.0-84930978592,Q7,X,tidak relevan pada tahap judul
5701,2-s2.0-85018637040,Q7,X,tidak relevan pada tahap judul
5702,2-s2.0-84952876604,Q7,X,tidak relevan pada tahap judul
5703,2-s2.0-84943605883,Q7,R,
5704,2-s2.0-84934980536,Q7,R,
5705,2-s2.0-85000154931,Q7,X,tidak relevan pada tahap judul
5706,2-s2.0-84922728956,Q7,X,tidak relevan pada tahap judul
5707,2-s2.0-84920514437,Q7,X,tidak relevan pada tahap judul
5708,2-s2.0-84920527853,Q7,X,tidak relevan pada tahap judul
5709,2-s2.0-84929413319,Q7,X,tidak relevan pada tahap judul
5710,2-s2.0-84872011499,Q7,X,tidak relevan pada tahap judul
5711,2-s2.0-84911931332,Q7,X,tidak relevan pada tahap judul
5712,2-s2.0-84944314951,Q7,X,tidak relevan pada tahap judul
5713,2-s2.0-84921404049,Q7,X,tidak relevan pada tahap judul
5714,2-s2.0-84884520480,Q7,X,tidak relevan pada tahap judul
5715,2-s2.0-84892506301,Q7,X,tidak relevan pada tahap judul
5716,2-s2.0-84947424193,Q7,X,tidak relevan pada tahap judul
5717,2-s2.0-84896995390,Q7,X,tidak relevan pada tahap judul
5718,2-s2.0-84899916086,Q7,X,tidak relevan pada tahap judul
5719,2-s2.0-84884501206,Q7,X,tidak relevan pada tahap judul
5720,2-s2.0-84889638920,Q7,X,tidak relevan pada tahap judul
5721,2-s2.0-84881078690,Q7,X,tidak relevan pada tahap judul
5722,2-s2.0-84880339208,Q7,X,tidak relevan pada tahap judul
5723,2-s2.0-84878568274,Q7,X,tidak relevan pada tahap judul
5724,2-s2.0-84878984467,Q7,X,tidak relevan pada tahap judul
5725,2-s2.0-84880450676,Q7,X,tidak relevan pada tahap judul
5726,2-s2.0-84876992403,Q7,X,tidak relevan pada tahap judul
5727,2-s2.0-84874568711,Q7,X,tidak relevan pada tahap judul
5728,2-s2.0-84874418627,Q7,X,tidak relevan pada tahap judul
5729,2-s2.0-84862986106,Q7,X,tidak relevan pada tahap judul
5730,2-s2.0-84888227773,Q7,X,tidak relevan pada tahap judul
5731,2-s2.0-84869087142,Q7,X,tidak relevan pada tahap judul
5732,2-s2.0-84864647441,Q7,X,tidak relevan pada tahap judul
5733,2-s2.0-84866748081,Q7,X,tidak relevan pada tahap judul
5734,2-s2.0-84871191384,Q7,X,tidak relevan pada tahap judul
5735,2-s2.0-84861513901,Q7,X,tidak relevan pada tahap judul
5736,2-s2.0-84856110008,Q7,X,tidak relevan pada tahap judul
5737,2-s2.0-84857451440,Q7,X,tidak relevan pada tahap judul
5738,2-s2.0-84874104617,Q7,X,tidak relevan pada tahap judul
5739,2-s2.0-84876513476,Q7,X,tidak relevan pada tahap judul
5740,2-s2.0-84867840191,Q8a,X,tidak relevan pada tahap judul
5741,2-s2.0-85142725518,Q8a,T,
5742,2-s2.0-85114152007,Q8a,T,
5743,2-s2.0-85092405889,Q8a,T,
5744,2-s2.0-84986253482,Q8a,X,tidak relevan pada tahap judul
5745,2-s2.0-85199960057,Q8a,T,
5746,2-s2.0-85097644178,Q8a,X,tidak relevan pada tahap judul
5747,2-s2.0-85141777259,Q8a,T,
5748,2-s2.0-84913582870,Q8a,X,tidak relevan pada tahap judul
5749,2-s2.0-85142762063,Q8a,T,
5750,2-s2.0-85039901177,Q8a,T,
5751,2-s2.0-85075864423,Q8a,T,
5752,2-s2.0-84973864179,Q8a,X,tidak relevan pada tahap judul
5753,2-s2.0-85074986247,Q8a,T,
5754,2-s2.0-85121630986,Q8a,X,tidak relevan pada tahap judul
5755,2-s2.0-85102396491,Q8a,T,
5756,2-s2.0-85088916998,Q8a,T,
5757,2-s2.0-84996868121,Q8a,X,tidak relevan pada tahap judul
5758,2-s2.0-84911445394,Q8a,X,tidak relevan pada tahap judul
5759,2-s2.0-85030461126,Q8a,X,tidak relevan pada tahap judul
5760,2-s2.0-84973868187,Q8a,X,tidak relevan pada tahap judul
5761,2-s2.0-85141264316,Q8a,T,
5762,2-s2.0-85041900240,Q8a,X,tidak relevan pada tahap judul
5763,2-s2.0-85103240313,Q8a,T,
5764,2-s2.0-84866674830,Q8a,X,tidak relevan pada tahap judul
5765,2-s2.0-85044441235,Q8b,X,tidak relevan pada tahap judul
5766,2-s2.0-84997047741,Q8b,T,
5767,2-s2.0-84968638584,Q8b,X,tidak relevan pada tahap judul
5768,2-s2.0-85035747546,Q8b,X,tidak relevan pada tahap judul
5769,2-s2.0-85167668105,Q8b,X,tidak relevan pada tahap judul
5770,2-s2.0-85171766699,Q8b,T,
5771,2-s2.0-85142768148,Q8b,X,tidak relevan pada tahap judul
5772,2-s2.0-85051406345,Q8b,T,
5773,2-s2.0-85097422513,Q8b,X,tidak relevan pada tahap judul
5774,2-s2.0-84962449675,Q8b,X,tidak relevan pada tahap judul
5775,2-s2.0-85077130474,Q8b,T,
5776,2-s2.0-85034068786,Q8b,X,tidak relevan pada tahap judul
5777,2-s2.0-85131740228,Q8b,X,tidak relevan pada tahap judul
5778,2-s2.0-85041927705,Q8b,X,tidak relevan pada tahap judul
5779,2-s2.0-85054517678,Q8b,X,tidak relevan pada tahap judul
5780,2-s2.0-85121672941,Q8b,X,tidak relevan pada tahap judul
5781,2-s2.0-84990840534,Q8b,X,tidak relevan pada tahap judul
5782,2-s2.0-85179238749,Q8b,X,tidak relevan pada tahap judul
5783,2-s2.0-84899122880,Q8b,T,
5784,2-s2.0-85150846674,Q8b,X,tidak relevan pada tahap judul
5785,2-s2.0-85054287002,Q8b,X,tidak relevan pada tahap judul
5786,2-s2.0-85126117793,Q8b,X,tidak relevan pada tahap judul
5787,2-s2.0-85061475976,Q8b,T,
5788,2-s2.0-85125473375,Q8b,X,tidak relevan pada tahap judul
5789,2-s2.0-85021759951,Q8b,X,tidak relevan pada tahap judul
5790,2-s2.0-84988339174,Q8c,T,
5791,2-s2.0-84986328012,Q8c,T,
5792,2-s2.0-85020739341,Q8c,T,
5793,2-s2.0-85107189435,Q8c,T,
5794,2-s2.0-84872356320,Q8c,X,tidak relevan pada tahap judul
5795,2-s2.0-84906489259,Q8c,X,tidak relevan pada tahap judul
5796,2-s2.0-84977545823,Q8c,X,tidak relevan pada tahap judul
5797,2-s2.0-84990059438,Q8c,T,
5798,2-s2.0-85062503971,Q8c,X,tidak relevan pada tahap judul
5799,2-s2.0-84886051944,Q8c,T,
5800,2-s2.0-85089241525,Q8c,X,tidak relevan pada tahap judul
5801,2-s2.0-85141811894,Q8c,X,tidak relevan pada tahap judul
5802,2-s2.0-84893777261,Q8c,X,tidak relevan pada tahap judul
5803,2-s2.0-84929191681,Q8c,X,tidak relevan pada tahap judul
5804,2-s2.0-84887334901,Q8c,T,
5805,2-s2.0-85030778340,Q8c,X,tidak relevan pada tahap judul
5806,2-s2.0-85205010433,Q8c,X,tidak relevan pada tahap judul
5807,2-s2.0-85020851226,Q8c,X,tidak relevan pada tahap judul
5808,2-s2.0-85121844084,Q8c,T,
5809,2-s2.0-84983790030,Q8c,X,tidak relevan pada tahap judul
5810,2-s2.0-85075080973,Q8c,X,tidak relevan pada tahap judul
5811,2-s2.0-84933513367,Q8c,X,tidak relevan pada tahap judul
5812,2-s2.0-84864435705,Q8c,X,tidak relevan pada tahap judul
5813,2-s2.0-85009488874,Q8c,X,tidak relevan pada tahap judul
5814,2-s2.0-85044500099,Q8c,X,tidak relevan pada tahap judul
5815,2-s2.0-84986278309,Q8d,T,
5816,2-s2.0-84959214343,Q8d,X,tidak relevan pada tahap judul
5817,2-s2.0-85042131716,Q8d,X,tidak relevan pada tahap judul
5818,2-s2.0-85072757696,Q8d,X,tidak relevan pada tahap judul
5819,2-s2.0-84898455547,Q8d,X,tidak relevan pada tahap judul
5820,2-s2.0-85070307830,Q8d,X,tidak relevan pada tahap judul
5821,2-s2.0-84994613610,Q8d,X,tidak relevan pada tahap judul
5822,2-s2.0-85039904409,Q8d,X,tidak relevan pada tahap judul
5823,2-s2.0-85025474344,Q8d,T,
5824,2-s2.0-84990064144,Q8d,T,
5825,2-s2.0-85041902179,Q8d,T,
5826,2-s2.0-85105852899,Q8d,X,tidak relevan pada tahap judul
5827,2-s2.0-85078258328,Q8d,X,tidak relevan pada tahap judul
5828,2-s2.0-85056204063,Q8d,X,tidak relevan pada tahap judul
5829,2-s2.0-85108438043,Q8d,X,tidak relevan pada tahap judul
5830,2-s2.0-85092243066,Q8d,X,tidak relevan pada tahap judul
5831,2-s2.0-85101779993,Q8d,X,tidak relevan pada tahap judul
5832,2-s2.0-85081057422,Q8d,X,tidak relevan pada tahap judul
5833,2-s2.0-85062876214,Q8d,X,tidak relevan pada tahap judul
5834,2-s2.0-85057568187,Q8d,X,tidak relevan pada tahap judul
5835,2-s2.0-85136170656,Q8d,X,tidak relevan pada tahap judul
5836,2-s2.0-85051136542,Q8d,X,tidak relevan pada tahap judul
5837,2-s2.0-85129643241,Q8d,X,tidak relevan pada tahap judul
5838,2-s2.0-85113667944,Q8d,X,tidak relevan pada tahap judul
5839,2-s2.0-85096092602,Q8d,X,tidak relevan pada tahap judul
5840,2-s2.0-84973855896,Q8e,T,
5841,2-s2.0-84911383794,Q8e,X,tidak relevan pada tahap judul
5842,2-s2.0-85054484936,Q8e,X,tidak relevan pada tahap judul
5843,2-s2.0-84955305813,Q8e,X,tidak relevan pada tahap judul
5844,2-s2.0-85100450779,Q8e,T,
5845,2-s2.0-85032302943,Q8e,X,tidak relevan pada tahap judul
5846,2-s2.0-85030225245,Q8e,T,
5847,2-s2.0-85083336680,Q8e,T,
5848,2-s2.0-85055085518,Q8e,X,tidak relevan pada tahap judul
5849,2-s2.0-85058239482,Q8e,X,tidak relevan pada tahap judul
5850,2-s2.0-84986292165,Q8e,X,tidak relevan pada tahap judul
5851,2-s2.0-84959241040,Q8e,X,tidak relevan pada tahap judul
5852,2-s2.0-85114955158,Q8e,T,
5853,2-s2.0-85044292767,Q8e,X,tidak relevan pada tahap judul
5854,2-s2.0-84887375390,Q8e,X,tidak relevan pada tahap judul
5855,2-s2.0-85081935131,Q8e,X,tidak relevan pada tahap judul
5856,2-s2.0-85062851120,Q8e,X,tidak relevan pada tahap judul
5857,2-s2.0-85041915873,Q8e,X,tidak relevan pada tahap judul
5858,2-s2.0-84919930491,Q8e,X,tidak relevan pada tahap judul
5859,2-s2.0-84986264911,Q8e,X,tidak relevan pada tahap judul
5860,2-s2.0-85073553493,Q8e,X,tidak relevan pada tahap judul
5861,2-s2.0-85041919765,Q8e,X,tidak relevan pada tahap judul
5862,2-s2.0-84990019736,Q8e,X,tidak relevan pada tahap judul
5863,2-s2.0-85040036929,Q8e,X,tidak relevan pada tahap judul
5864,2-s2.0-85097232813,Q9,T,
5865,2-s2.0-85185871898,Q9,T,
5866,2-s2.0-85166312196,Q9,T,
5867,2-s2.0-85216283501,Q9,T,
5868,2-s2.0-85045318361,Q9,T,
5869,2-s2.0-85006782971,Q9,T,
5870,2-s2.0-85097226104,Q9,T,
5871,2-s2.0-85182709282,Q9,X,tidak relevan pada tahap judul
5872,2-s2.0-85127815805,Q9,T,
5873,2-s2.0-85213269180,Q9,T,
5874,2-s2.0-85148436370,Q9,T,
5875,2-s2.0-105000530916,Q9,T,
5876,2-s2.0-85167989978,Q9,X,tidak relevan pada tahap judul
5877,2-s2.0-85191149171,Q9,X,tidak relevan pada tahap judul
5878,2-s2.0-85179584792,Q9,X,tidak relevan pada tahap judul
5879,2-s2.0-85175525676,Q9,X,tidak relevan pada tahap judul
5880,2-s2.0-105000471427,Q9,X,tidak relevan pada tahap judul
5881,2-s2.0-85180117287,Q9,X,tidak relevan pada tahap judul
5882,2-s2.0-85186460652,Q9,X,tidak relevan pada tahap judul
5883,2-s2.0-85141782723,Q9,X,tidak relevan pada tahap judul
5884,2-s2.0-105010188917,Q9,T,
5885,2-s2.0-85218204368,Q9,X,tidak relevan pada tahap judul
5886,2-s2.0-85186110976,Q9,X,tidak relevan pada tahap judul
5887,2-s2.0-85209564088,Q9,X,tidak relevan pada tahap judul
5888,2-s2.0-85217794632,Q9,X,tidak relevan pada tahap judul
