idx,key,eid,doi,year,first_author,title,source,doc_type,cited_by,kode,dasar_keputusan,tanaman,modalitas,platform,akuisisi,mekanisme_otomatis,mekanisme,akuisisi_manual,per_kelas,hasil_ringkas,atribut_kelas,metrik,ada_abstrak
52,bharti2026geo,2-s2.0-105035504430,10.3390/agriculture16070764,2026,Bharti D.,Geo-Referenced Factor-Graph SLAM for Orchard-Scale 3D Apple Reconstruction and Yield Estimation,Agriculture Switzerland,Article,0,C1,abstrak,apple,RGB,,video;multi-view;3D scan/reconstruction,M3+M4,M3+M4,V,N,apel; CoTracker3 + GNSS-VIO + graf faktor; peta massa terreferensi,size;mass,mAP/AP,ya
91,blondet2026counting,2-s2.0-105040571392,10.1007/978-3-032-20322-9_36,2026,Blondet D.A.,Counting Avocados in Orchard Videos Using a YOLO and BoT-SORT-Based Architecture,Communications in Computer and Information Science,Conference Paper,0,C1,judul,avocado,RGB,,video,M3,M3,V,N,"alpukat, BoT-SORT (judul)",,,tidak
57,chen2026research,2-s2.0-105033907736,10.3390/horticulturae12030393,2026,Chen B.,Research on Lightweight Apple Detection and 3D Accurate Yield Estimation for Complex Orchard Environments,Horticulturae,Article,0,C1,abstrak,apple,RGB-D,,3D scan/reconstruction,M4,M0,1,N,apel; volume dari awan titik kamera depth per citra; bukan asosiasi lintas pandang,size;mass,MAPE/rel. error;mAP/AP,ya
2,farhoud2026instance,2-s2.0-105048939745,10.1016/j.atech.2026.102529,2026,Farhoud S.A.,Instance segmentation and multi-object tracking for fruit quality grading and dynamic yield estimation in Egyptian citrus orchards,Smart Agricultural Technology,Article,0,C1,abstrak,citrus,RGB,,video,M3,M3,V,Y,"jeruk, 15 video; BoT-SORT + kompensasi gerak kamera + garis hitung; mAP grading 0,932",defect/disease,MAPE/rel. error;count accuracy;mAP/AP,ya
1,felippomes2026video,2-s2.0-105049057930,10.1016/j.compag.2026.112330,2026,Felip-Pomés M.,Video-based fruit detection and tracking: effects of scanning conditions on fruit load estimation,Computers and Electronics in Agriculture,Article,0,C1,abstrak,apple,RGB-D,,video;multi-view,M3,M3+M4,V,N,"420 pohon apel, dua kamera RGB-D, tiga jarak; MAPE 6,91%, R2 0,733 (ZED 2, 225 cm); pemindaian dua sisi memperbaiki estimasi per segmen",,MAPE/rel. error;mAP/AP,ya
64,feng2026greenhouse,2-s2.0-105031703283,10.6041/j.issn.1000-1298.2026.05.011,2026,Feng Q.,Greenhouse Tomato Fruit Inspection and Counting Method Based on Improved YOLO v8n ByteTrack,Nongye Jixie Xuebao Transactions of the Chinese Society for Agricultural Machinery,Article,1,C1,judul,tomato,RGB,,,M3,M3,V,N,"tomat rumah kaca, ByteTrack (judul)",,,tidak
37,fusaro2026horticultural,2-s2.0-105035433692,10.1016/j.compag.2026.111723,2026,Fusaro D.,Horticultural temporal fruit monitoring via 3D instance segmentation and re-identification using colored point clouds,Computers and Electronics in Agriculture,Article,1,C1,abstrak,apple;strawberry,RGB,ground vehicle/robot,3D scan/reconstruction,M2+M3+M4+M5,M5,T,N,pindaian laser berwarna antarsesi; jaringan pencocokan berbasis atensi; stroberi dan apel,size,,ya
81,gao2026vision,2-s2.0-105048329455,10.1109/aiea70743.2026.11633088,2026,Gao Z.,Vision-Based 3D Fruit Localization for Robotic Harvesting Using Recursive State Estimation,2026 7th International Conference on Artificial Intelligence and Electromechanical Automation Aiea 2026,Conference Paper,0,C1,abstrak,,RGB,ground vehicle/robot,video,M3+M4,M3+M4,V,N,lokalisasi 3D rekursif (RLS) lintas bingkai; robot bergerak,,,ya
2901,hu2026calibration,2-s2.0-105022151262,10.1016/j.compag.2025.111221,2026,Hu S.,Calibration-enhanced multi-view RGB-D vision for robust recognition and 3D localization of strawberries under occlusions,Computers and Electronics in Agriculture,Article,3,C1,judul,strawberry,RGB-D,,multi-view,M4,M4,D,N,stroberi; RGB-D multipandang dengan kalibrasi untuk pengenalan dan lokalisasi 3D di bawah oklusi (judul),,,tidak
10,huang2026mfft,2-s2.0-105044408090,10.1016/j.compag.2026.112149,2026,Huang W.,MFFT: an improved method for stable ID tracking and counting of multi-class mango segmentation with multi-feature fusion in complex occlusion scenarios,Computers and Electronics in Agriculture,Article,0,C1,judul,mango,RGB,,,M3,M3,V,Y,mangga multikelas; pelacakan ID stabil dengan fusi fitur (judul),,,tidak
24,indriani2026sawitmvc,2-s2.0-105042631793,10.1016/j.dib.2026.112990,2026,Indriani F.,SawitMVC: A multi-view oil palm fruit bunch dataset for detection and counting,Data in Brief,Article,0,C1,abstrak,oil palm,RGB,handheld/smartphone,multi-view,,DATA,D,Y,"SawitMVC: 3.992 citra, 953 pohon sawit, 4 atau 8 sisi; 9.823 tandan unik dengan tautan lintas pandang; kelas B1–B4",maturity,,ya
53,lee2026lidarcamera,2-s2.0-105036674008,10.20965/jrm.2026.p0449,2026,Lee J.,LiDAR–Camera Fusion for 3D Fruit Counting and Density Mapping in Horizontal Trellis Orchards,Journal of Robotics and Mechatronics,Article,0,C1,abstrak,pear,LiDAR,,3D scan/reconstruction,M3+M4,M3+M4,V,N,"pir; fusi LiDAR-kamera + SLAM; akurasi hitung 96,2%; MAE densitas 0,64 buah/m2",,MAE;count accuracy;F1,ya
51,lin2026tomato,2-s2.0-105035597346,10.3390/app16073227,2026,Lin H.Y.,Tomato Maturity Classification and Fruit Counting Based on RGB and Multispectral Images †,Applied Sciences Switzerland,Article,2,C1,abstrak,tomato,multispectral,,video,M3,M3,V,Y,"tomat rumah kaca, RGB + multispektral; akurasi kematangan 81%",maturity,,ya
36,nguyen2026modular,2-s2.0-105042826714,10.1145/3748522.3779768,2026,Nguyen K.,A Modular UAV-Based Framework for Apple Detection and Yield Extrapolation from 3D Point Clouds,Proceedings of the ACM Symposium on Applied Computing,Conference Paper,0,C1,abstrak,apple,RGB,UAV;ground vehicle/robot;conveyor/lab,3D scan/reconstruction,M4,M4+M1,S,N,"awan titik UAV apel; regresi R2 ~0,99 terhadap hitungan per seksi; DBSCAN untuk lokasi",size;mass,R2;MAPE/rel. error,ya
23,pardobeainy2026maturity,2-s2.0-105045529345,10.1016/j.atech.2026.102416,2026,Pardo-Beainy C.,Maturity and size estimation with yield mapping for hydroponic strawberries using machine vision,Smart Agricultural Technology,Article,0,C1,abstrak,strawberry,RGB-D,,3D scan/reconstruction,M3+M4,M3+M4,V,Y,"stroberi; BoT-SORT + GNSS RTK; sembilan kategori ukuran-kematangan; MAE panjang 2,51 mm",maturity;size;variety/type,MAE,ya
73,park2026incremental,2-s2.0-105030650333,10.1109/lra.2026.3662648,2026,Park D.,Incremental 3D Crop Model Association for Real-Time Counting in Dense Orchards,IEEE Robotics and Automation Letters,Article,0,C1,judul,,RGB,,,,M4,V,N,"asosiasi model tanaman 3D inkremental dengan GIoU 3D; kebun padat (judul, TLDR)",,,tidak
50,piazolo2026enhanced,2-s2.0-105029910100,10.1016/j.compag.2026.111529,2026,Piazolo J.,Enhanced grape tracking (using deep neural networks) with an extended matching algorithm for SORT and DeepSORT,Computers and Electronics in Agriculture,Article,0,C1,abstrak,grape,RGB,UAV;ground vehicle/robot,,M2+M3,M3,V,N,"anggur dari UAV; SORT+ menaikkan akurasi hitung 33% menjadi 96%, ID switch turun 62% tanpa data latih re-ID",,count accuracy;MOTA;IDF1;ID switch,ya
85,santos2026multi,2-s2.0-105039304767,10.22456/2175-2745.150960,2026,Santos T.T.,Multi-Fruit Tracking and 3-D Structure Recovery via CoTracker,Revista De Informatica Teorica E Aplicada,Article,0,C1,abstrak,,RGB,ground vehicle/robot,,M3,M3+M4,V,N,"CoTracker untuk pelacakan buah, lokasi 3D, dan pose kamera sekaligus",,,ya
45,si2026citrus,2-s2.0-105042340754,10.13925/j.cnki.gsxb.20250487,2026,Si N.,Citrus yield estimation based on multi- object tracking in video streams using an improved YOLOv8n model,Journal of Fruit Science,Article,0,C1,abstrak,citrus,RGB,handheld/smartphone,video,M2+M3,M2+M3,V,N,"jeruk pohon tunggal, video rotasi 360 derajat, DeepSORT",mass,MAE;RMSE;count accuracy;MOTA;mAP/AP,ya
47,tu2026passion,2-s2.0-105038696736,10.6041/j.issn.1000-1298.2026.10.021,2026,Tu S.,Passion Fruit Counting Method Based on Lightweight YOLO lln CLL and BoT SORT,Nongye Jixie Xuebao Transactions of the Chinese Society for Agricultural Machinery,Article,0,C1,judul,passion fruit,RGB,,,M3,M3,V,N,"markisa, BoT-SORT (judul)",mass,,tidak
74,wang2026semantic,2-s2.0-105041298825,10.1109/tase.2026.3700861,2026,Wang Y.,Semantic NeRF-Oriented 3-D Object Counting for Industrial Fruit Harvesting,IEEE Transactions on Automation Science and Engineering,Article,0,C1,abstrak,,RGB,UAV;ground vehicle/robot,multi-view;3D scan/reconstruction,M4,M4,D,N,"NeRF semantik + klaster adaptif; akurasi hitung +9,0 poin persentase terhadap garis dasar 3D",,count accuracy,ya
79,wang2026uav,2-s2.0-105021641625,10.1016/j.isprsjprs.2025.11.013,2026,Wang K.,UAV-based monocular 3D panoptic mapping for fruit shape completion in orchard,ISPRS Journal of Photogrammetry and Remote Sensing,Article,3,C1,abstrak,apple,RGB,UAV;conveyor/lab,3D scan/reconstruction,M3+M4,M3+M4,V,N,apel dari UAV monokular; Grounded-SAM2 MOTS + SfM + DeepSDF; galat bentuk tingkat milimeter,,,ya
55,weng2026citrus,2-s2.0-105043990304,10.11975/j.issn.1002-6819.202508166,2026,Weng H.,Citrus tracking and counting using UAV remote sensing video imagery with improved YOLO11,Nongye Gongcheng Xuebao Transactions of the Chinese Society of Agricultural Engineering,Article,1,C1,judul,citrus,RGB,UAV,video,M3,M3,V,N,jeruk dari video UAV (judul),,,tidak
35,woo2026geometry,2-s2.0-105042605960,10.1145/3803291.3803356,2026,Woo Y.S.,Geometry-Driven Triangulation and Differentiable Semantic Gaussian Refinement for 3D Grape Bunch Model Reconstruction in the Field,Icict 2026 Proceedings of 2026 the 9th International Conference on Information and Computer Technologies,Conference Paper,0,C1,abstrak,grape,RGB,handheld/smartphone,video;multi-view;3D scan/reconstruction,M2+M3+M4,M4,V,N,"anggur; jejak multipandang dengan kendala epipolar tanpa deskriptor penampilan; F1 78,7–88,5% pada 30 tandan",mass,F1,ya
22,xing2026lightweight,2-s2.0-105040713112,10.1016/j.atech.2026.102260,2026,Xing X.,A lightweight multi-view detection and counting method for real-time cherry tomato yield estimation using greenhouse inspection robots,Smart Agricultural Technology,Article,0,C1,abstrak,tomato;cherry,RGB,ground vehicle/robot,multi-view,M3,M3,V,N,"tomat ceri, robot; kompensasi multipandang menurunkan galat hitung 95,6%; akurasi hitung 95,2%",size;mass,MAPE/rel. error,ya
58,yang2026real,2-s2.0-105034222396,10.1016/j.atech.2026.101784,2026,Yang R.,A real-time semantic 3D vineyard mapping and fruit localization system for yield estimation in dynamic vineyards,Smart Agricultural Technology,Article,1,C1,abstrak,grape,RGB,,3D scan/reconstruction,M4,M4,V,N,anggur; ORB-SLAM3 semantik + DBSCAN; lingkungan dinamis,mass,MAPE/rel. error;mAP/AP,ya
39,yoshida2026cross,2-s2.0-105047149482,10.20965/jrm.2026.p0953,2026,Yoshida T.,Cross-Day Grape Cluster Tracking Using Branch-Based 3D Alignment in Vineyards,Journal of Robotics and Mechatronics,Article,0,C1,abstrak,grape,RGB,ground vehicle/robot,3D scan/reconstruction,M3+M4,M4,T,N,anggur lintas hari; penyelarasan 3D berbasis cabang (SfM + SIFT); asosiasi kedekatan spasial,size;defect/disease,,ya
4,zhao2026adapting,2-s2.0-105049054780,10.1016/j.compag.2026.112325,2026,Zhao K.,Adapting SAM3 for 3D fruit counting with cross-view contrastive learning and Hough voting,Computers and Electronics in Agriculture,Article,0,C1,abstrak,apple;mango;sweet pepper;plum/apricot,RGB,ground vehicle/robot,multi-view;3D scan/reconstruction,M4,M4,D,N,"pemungutan suara Hough dalam ruang Gaussian 3D; apel, paprika, sintetis; keuntungan terbesar pada oklusi padat",mass,F1,ya
0,zhao2026two,2-s2.0-105046041810,10.1016/j.atech.2026.102443,2026,Zhao J.,A two-stage fine-tuning strategy for 3D object segmentation from multi-view images,Smart Agricultural Technology,Article,0,C1,abstrak,,RGB,,multi-view;3D scan/reconstruction,M4,M4,D,N,"NeRF disetel dengan topeng 2D; buah sintetis dan kedelai; segmentasi 3D, bukan pencacahan utama",,,ya
108,zhu2026research,2-s2.0-105028639149,10.3390/agriculture16020253,2026,Zhu J.,Research on Greenhouse Eggplant Fruit Detection and Tracking-Based Counting Using an Improved YOLOv5s-DeepSORT,Agriculture Switzerland,Article,3,C1,abstrak,,RGB,ground vehicle/robot,,M2+M3,M2+M3,V,N,terung; DeepSORT + zona hitung untuk menekan hitung ganda,mass,ID switch,ya
202,akella2025deep,2-s2.0-105016307858,10.1109/sennet64220.2025.11136053,2025,Akella A.,Deep Learning-Based Coconut Ripeness Classification and Yield Estimation using YOLO and Kalman Filtering,2025 International Conference on Sensors and Related Networks Sennet 2025 Special Focus on Digital Healthcare 64220,Conference Paper,2,C1,abstrak,coconut,RGB,,,M3,M3,V,Y,kelapa tiga tahap kematangan; Kalman-Hungarian,maturity,mAP/AP,ya
178,arizasentis2025comparative,2-s2.0-85217900251,10.1016/j.jafr.2025.101736,2025,Ariza-Sentís M.,Comparative analysis of single-view and multiple-view data collection strategies for detecting partially-occluded grape bunches: Field trials,Journal of Agriculture and Food Research,Article,1,C1,abstrak,grape,RGB,UAV,multi-view,M3,M3,D,N,anggur tanpa perompesan daun; multipandang vs satu pandang; rasio jejak terlacak/GT 74% vs 23%; buram gerak pada multipandang,,RMSE,ya
183,cao2025research,2-s2.0-86000622435,10.3390/agriculture15050483,2025,Cao D.,Research on Apple Detection and Tracking Count in Complex Scenes Based on the Improved YOLOv7-Tiny-PDE,Agriculture Switzerland,Article,9,C1,abstrak,apple,RGB,UAV,video,M2+M3,M2+M3,V,N,apel dari drone; DeepSORT,mass,count accuracy;MOTA;mAP/AP;F1,ya
118,dong2025fruit,2-s2.0-105017898590,10.1016/j.atech.2025.101435,2025,Dong Z.,Fruit detection and yield estimation in Camellia oleifera based on improved YOLOv8 and ByteTrack algorithm,Smart Agricultural Technology,Article,7,C1,abstrak,camellia,RGB,,,M1+M3,M3+M1,V,N,camellia; ByteTrack + regresi buah permukaan ke buah total,mass,mAP/AP,ya
222,garg2025autonomous,2-s2.0-105007597817,10.1109/icuas65942.2025.11007888,2025,Garg K.,Autonomous UAV Navigation and Mapping for Accurate Fruit Detection and Counting in Controlled Environments: Simulation and Real-World Validation,2025 International Conference on Unmanned Aircraft Systems Icuas 2025,Conference Paper,2,C1,abstrak,,LiDAR,UAV;ground vehicle/robot,,,M4,V,N,"UAV di lingkungan terkendali; pemetaan LiDAR untuk mencegah hitung ulang; akurasi 98% simulasi, 90% nyata",,count accuracy,ya
116,hassan2025orange,2-s2.0-105007891480,10.1016/j.atech.2025.101088,2025,Hassan A.,Orange yield estimation using object tracking and 3D reconstruction,Smart Agricultural Technology,Article,0,C1,abstrak,citrus,RGB,handheld/smartphone,video;3D scan/reconstruction,M3+M4,M3+M4,V,Y,"jeruk kamera genggam; ByteTrack + proyeksi 3D + klaster; akurasi kematangan 97,8% (2 kelas)",maturity,,ya
209,hobart2025fruit,2-s2.0-85215707213,10.3390/drones9010060,2025,Hobart M.,Fruit Detection and Yield Mass Estimation from a UAV Based RGB Dense Cloud for an Apple Orchard,Drones,Article,16,C1,abstrak,apple,RGB,UAV,3D scan/reconstruction,M4,M4,S,N,"apel; awan titik fotogrametri UAV; R2 0,40–0,53 terhadap massa per blok",maturity;size;mass;variety/type,,ya
197,hong2025fruitgaussian,2-s2.0-105020277218,10.23919/ccc64809.2025.11179457,2025,Hong X.,Fruitgaussian: 3D Gaussian Splatting for Automated Fruit Counting in Natural Orchard,Chinese Control Conference Ccc,Conference Paper,0,C1,abstrak,persimmon/guava,monocular depth,,3D scan/reconstruction,M4,M4,D,N,"kesemek; 3D Gaussian Splatting; akurasi hitung 96%, 16% di atas metode NeRF",,count accuracy,ya
180,isobe2025mandarin,2-s2.0-85219678332,10.1016/j.atech.2025.100874,2025,Isobe D.,Mandarin count estimation with 360-degree tree video and transformer-based deep learning,Smart Agricultural Technology,Article,0,C1,abstrak,citrus,RGB,,video,,M5,V,N,"jeruk mandarin, video 360 derajat; transformer memadukan fitur lintas sudut untuk regresi jumlah",maturity;size,,ya
230,issad2025real,2-s2.0-105037922558,10.1109/icrami64946.2025.11472714,2025,Issad H.A.,Real-Time Fruit Detection and Counting,Icrami 2025 2025 International Conference on Recent Advances in Mathematics and Informatics,Conference Paper,0,C1,abstrak,,RGB,,,M3,M3,V,N,"20 kelas buah umum; ByteTrack; akurasi 75,33% terhadap hitung manual",variety/type,mAP/AP,ya
196,jiang2025neural,2-s2.0-105015567268,10.13031/aim.202500502,2025,Jiang L.,Neural Radiance Fields for Plot-level Cotton Crop Three-dimensional Reconstruction and Yield Estimation,2025 Asabe Annual International Meeting,Conference Paper,2,C1,abstrak,cotton,RGB,ground vehicle/robot;handheld/smartphone,video;3D scan/reconstruction,M4,M4,D,N,"kapas, NeRF tingkat plot; FruitNeRF termodifikasi; dua cara akuisisi",mass,MAPE/rel. error;mAP/AP,ya
232,kemper2025performance,2-s2.0-105033338842,10.1109/c366505.2025.11340275,2025,Kemper R.J.H.,Performance Evaluation of Detection and Tracking Algorithms for Automated Grape Cluster Counting,C3 2025 IEEE Colombian Caribbean Conference,Conference Paper,0,C1,abstrak,grape,RGB,,video,M3,M3,V,N,"anggur; YOLOv12 + BoT-SORT terbaik, akurasi hitung relatif 84,31%",,count accuracy,ya
978,kutyrev2025uav,2-s2.0-85219202117,10.1051/e3sconf/202561403021,2025,Kutyrev A.,UAV-based sustainable orchard management: deep learning for apple detection and yield estimation,E3s Web of Conferences,Conference Paper,3,C1,abstrak,apple,multispectral,UAV;ground vehicle/robot,,,M1,D,N,apel dari ortofoto UAV; koefisien koreksi eksperimental untuk buah tersembunyi (direncanakan),,mAP/AP,ya
231,lei2025spatio,2-s2.0-105010586337,10.1109/lra.2025.3588037,2025,Lei J.,Spatio-Temporal Metric-Semantic Mapping for Persistent Orchard Monitoring: Method and Dataset,IEEE Robotics and Automation Letters,Article,3,C1,abstrak,apple,LiDAR,,,M3,M4+M2,T,N,"pemetaan 4D multisesi apel; LiDAR-RGB; asosiasi posisi, visual, topologi; akurasi hitung 96,9% (1.790 apel, 60 pohon); presisi asosiasi +23,7%",size,count accuracy,ya
241,louis2025automated,2-s2.0-105026960782,10.1109/icsima66552.2025.11233648,2025,Louis F.,Automated Muskmelon Counting in Real Farm Environment using YOLOv11n,Proceeding of the IEEE International Conference on Smart Instrumentation Measurement and Applications Icsima,Conference Paper,0,C1,abstrak,melon,RGB,ground vehicle/robot;conveyor/lab,,M3,M3,V,N,"melon rumah kaca, AGV; garis hitung; galat hitung 2,74% dengan anotasi baris depan",maturity;defect/disease,MAPE/rel. error;count accuracy,ya
266,lu2025iot,2-s2.0-105002792447,10.1109/jiot.2025.3561130,2025,Lu J.,IoT-Based Precision Litchi Tracking and Counting Method Using Gated Metrics,IEEE Internet of Things Journal,Article,1,C1,abstrak,litchi/longan,RGB,,,M2+M3,M2+M3,V,N,leci; metrik asosiasi DIoU bergerbang + strategi hitung AreaC,,MAPE/rel. error,ya
170,lyu2025counting,2-s2.0-105010228562,10.11975/j.issn.1002-6819.202412026,2025,Lyu J.,Counting bagging grape using improved YOLOv9s and adaptive Kalman filter,Nongye Gongcheng Xuebao Transactions of the Chinese Society of Agricultural Engineering,Article,3,C1,judul,grape,RGB,,,M3,M3,V,N,anggur berkantong; Kalman adaptif (judul),,,tidak
161,lyu2025real,2-s2.0-105011959735,10.11975/j.issn.1002-6819.202412150,2025,Lyu J.,Real-time detecting and counting dual-association bagged grape clusters using EMO-YOLOv5s,Nongye Gongcheng Xuebao Transactions of the Chinese Society of Agricultural Engineering,Article,3,C1,judul,grape,RGB,,,,M3,V,N,anggur berkantong; asosiasi ganda (judul),,,tidak
236,majdalawieh2025optimizing,2-s2.0-105022721011,10.1109/hpcc67675.2025.00132,2025,Majdalawieh M.,"Optimizing Fruit Harvesting Through a High-Performance Deep Learning Framework for Detection, Tracking, and Automated Counting.",Proceedings 2025 27th IEEE International Conference on High Performance Computing and Communications 11th IEEE International Conference on Data Science and Systems 23rd IEEE International Conference on Smart City 11th IEEE International Conference on Dependability in Sensor Cloud and Big Data Systems and Applications and 21st IEEE International Conference on Embedded Software and Systems Hpcc Dss Smartcity Dependsys Icess 2025,Conference Paper,0,C1,abstrak,,RGB,,video,M2+M3,M2+M3,V,N,buah umum; DeepSORT + garis ROI,,mAP/AP,ya
246,matos2025apple,2-s2.0-85210156698,10.1007/978-3-031-73497-7_15,2025,Matos G.P.,An Apple Counting System Robust to Multiple Intermittent Occlusions,Lecture Notes in Computer Science Including Subseries Lecture Notes in Artificial Intelligence and Lecture Notes in Bioinformatics,Conference Paper,0,C1,judul,apple,RGB,,,,M3,V,N,apel dengan oklusi berselang (judul),,,tidak
119,mendez2025capsicum,2-s2.0-105025932085,10.3390/agriculture15242574,2025,Mendez E.,Capsicum Counting Algorithm Using Infrared Imaging and YOLO11,Agriculture Switzerland,Article,3,C1,abstrak,sweet pepper,RGB,ground vehicle/robot,video,M3,M3,V,N,"paprika inframerah; BoT-SORT; MOTA 0,85; 67 dari 70 buah terhitung",,MOTA;F1,ya
223,meyer2025fruitnerf,2-s2.0-105029920885,10.1109/iros60139.2025.11247341,2025,Meyer L.,FruitNeRF++: A Generalized Multi-Fruit Counting Method Utilizing Contrastive Learning and Neural Radiance Fields,IEEE International Conference on Intelligent Robots and Systems,Conference Paper,2,C1,abstrak,apple;citrus;mango;peach/nectarine;pear;plum/apricot,RGB,,3D scan/reconstruction,M4,M4,D,N,FruitNeRF++; medan instans dengan embedding kontras; enam buah sintetis + apel nyata,size;variety/type,,ya
189,mollineda2025estimation,2-s2.0-85212441110,10.1007/s00521-024-10772-4,2025,Mollineda R.A.,Estimation of orange tree production by regression from video segments under uncontrolled conditions,Neural Computing and Applications,Article,0,C1,abstrak,citrus,RGB,ground vehicle/robot,video,,M1,V,N,jeruk; regresi jumlah dari segmen video; banyak bingkai lebih baik secara statistik dari satu bingkai; set data publik,size,,ya
142,ogundele2025real,2-s2.0-105017313763,10.3390/agriculture15181906,2025,Ogundele O.M.,Real-Time Strawberry Ripeness Classification and Counting: An Optimized YOLOv8s Framework with Class-Aware Multi-Object Tracking,Agriculture Switzerland,Article,11,C1,abstrak,strawberry,RGB,,video,M3,M3,V,Y,"stroberi; ByteTrack sadar kelas; R2 0,914, MAPE 9,52%; R2 0,950 untuk kelas matang",maturity;mass,R2;MAPE/rel. error;count accuracy;mAP/AP,ya
158,pichhika2025enhanced,2-s2.0-105007451220,10.1007/s10341-025-01385-9,2025,Pichhika H.C.,Enhanced YOLO-Based Mango Detection and Centroid Tracking for Precise Yield Estimation,Applied Fruit Science,Article,7,C1,judul,mango,RGB,,,M3,M3,V,N,"mangga; pelacakan sentroid (judul, TLDR)",,,tidak
195,poncemachete2025optimizing,2-s2.0-105007289415,10.1109/iccae64891.2025.10980575,2025,Ponce-Machete R.A.,Optimizing Fruit Yield Prediction: Evaluating Multiobject Tracking Algorithms for Calamansi Fruit Detection Using Yolov8m,2025 17th International Conference on Computer and Automation Engineering Iccae 2025,Conference Paper,1,C1,abstrak,,RGB,UAV,video,M2+M3,M3+M2,V,N,"calamansi dari drone; ByteTrack terbaik (MOTA 59,67%, HOTA 65,42%, IDF1 73,72%) dibanding SORT dan DeepSORT",,MOTA;IDF1;HOTA;F1,ya
120,qi2025assessment,2-s2.0-105000059257,10.1016/j.inpa.2025.02.005,2025,Qi Z.,Assessment of the tomato cluster yield estimation algorithms via tracking-by-detection approaches,Information Processing in Agriculture,Article,8,C1,abstrak,tomato,RGB,,video,M2+M3,M3+M2,V,N,"tomat tandan; banding SORT, DeepSORT, ByteTrack, BoT-SORT dan laju bingkai; set data MOT publik 165.172 instans",,count accuracy;MOTA;mAP/AP,ya
228,sasse2025object,2-s2.0-105015893120,10.23919/fusion65864.2025.11124157,2025,Sasse A.M.,An Object-Tracking Technique for Counting Grape Clusters in Brazilian Northeast's Pergola Vineyards,Proceedings of the 2025 28th International Conference on Information Fusion Fusion 2025,Conference Paper,0,C1,abstrak,grape,RGB,handheld/smartphone,video,M3,M3,V,N,"anggur pergola, video ponsel; ByteTrack; hitungan 27% di atas nilai sebenarnya",mass,mAP/AP;F1,ya
188,tu2025estimation,2-s2.0-85210983592,10.1016/j.compag.2024.109727,2025,Tu S.,Estimation of passion fruit yield based on YOLOv8n + OC-SORT + CRCM algorithm,Computers and Electronics in Agriculture,Article,22,C1,judul,passion fruit,RGB,,,M3,M3,V,N,markisa; OC-SORT + metode hitung CRCM (judul),,,tidak
207,vaishnavi2025fruit,2-s2.0-105034872302,10.1109/iceca66444.2025.11383116,2025,Vaishnavi M.,Fruit Detection and Yield Estimation using Path Aggregation Feature Pyramid Network and Deep SORT Algorithm: A Case Study on Orange Fruit,Proceedings of the 9th International Conference on Electronics Communication and Aerospace Technology Iceca 2025,Conference Paper,1,C1,abstrak,citrus,RGB,,video,M2+M3,M2+M3,V,Y,"jeruk matang/mentah; DeepSORT; presisi hitung 92,3%",maturity,MAPE/rel. error;count accuracy,ya
152,wang2025tomato,2-s2.0-105010300309,10.3390/agriculture15131353,2025,Wang A.,Tomato Yield Estimation Using an Improved Lightweight YOLO11n Network and an Optimized Region Tracking-Counting Method,Agriculture Switzerland,Article,18,C1,abstrak,tomato,RGB,,,M3,M3,V,Y,tomat per tahap kematangan; wilayah hitung dioptimasi PSO,maturity;mass,MAPE/rel. error;count accuracy,ya
203,wei2025multi,2-s2.0-105041567138,10.1109/metroagrifor66923.2025.11512512,2025,Wei J.,Multi-Object Tracking for Apple Counting in Orchards Using Stereo Vision,Conference Proceedings 2025 IEEE International Workshop on Metrology for Agriculture and Forestry Metroagrifor 2025,Conference Paper,0,C1,abstrak,apple,stereo,,video;multi-view,M3+M4,M3+M4,V,N,"apel, stereo + GPS + odometri visual; OC-SORT terbaik (HOTA 0,59); RMSE 6,24%, R2 0,96",,RMSE;R2;MAPE/rel. error;MOTA;IDF1;HOTA,ya
240,wu2025maturity,2-s2.0-105024698864,10.3389/fpls.2025.1682024,2025,Wu N.,Maturity detection and counting of blueberries in real orchards using a 1novel STF-YOLO model integrated with ByteTrack algorithm,Frontiers in Plant Science,Article,10,C1,abstrak,strawberry;peach/nectarine;blueberry,RGB,,video,M3,M3,V,Y,"blueberry tiga kelas kematangan; ByteTrack; akurasi hitung rata-rata 72,49%",maturity;size;mass,count accuracy;mAP/AP,ya
227,xieli2025pinesort,2-s2.0-105017855555,10.1109/cvprw67362.2025.00012,2025,Xie-Li D.,PineSORT: A Simple Online Real-Time Tracking Framework for Drone Videos in Agriculture,IEEE Computer Society Conference on Computer Vision and Pattern Recognition Workshops,Conference Paper,4,C1,abstrak,pineapple,RGB,UAV,video,M3,M3,V,N,nanas dari drone laju bingkai rendah; kompensasi gerak kamera ORB; metrik ISP-IDF1 baru,,IDF1;HOTA;F1,ya
204,xing2025cb,2-s2.0-105018317235,10.1109/cyber67662.2025.11168194,2025,Xing Y.,CB-YOLO-DeepSORT: Real-Time Yield Estimation for Tomatoes in Greenhouses,15th IEEE International Conference on Cyber Technology in Automation Control and Intelligent Systems Cyber 2025,Conference Paper,1,C1,abstrak,tomato,RGB-D,ground vehicle/robot,,M2+M3,M2+M3,V,Y,"tomat rumah kaca, robot kamera depth; DeepSORT per tahap kematangan; MOTA 82,35%",maturity,MOTA;mAP/AP,ya
175,yan2025research,2-s2.0-105002224357,10.3390/agriculture15070765,2025,Yan Z.,Research on an Apple Recognition and Yield Estimation Model Based on the Fusion of Improved YOLOv11 and DeepSORT,Agriculture Switzerland,Article,18,C1,abstrak,apple,RGB,,,M2+M3,M2+M3,V,N,"apel; DeepSORT + garis wilayah; akurasi estimasi hasil 84,45%",,mAP/AP,ya
247,yang2025hierarchical,2-s2.0-105013762589,10.1109/jiot.2025.3600531,2025,Yang W.,Hierarchical 3D Scene Graph based Semantic-Metric SLAM for Plant Inspection and Fruit Counting in Intelligent Hydroponics System,IEEE Internet of Things Journal,Article,1,C1,abstrak,,RGB,UAV;ground vehicle/robot;conveyor/lab,video;3D scan/reconstruction,M4,M4,V,N,hidroponik vertikal; SLAM semantik-metrik berbasis graf adegan 3D; model ketidakpastian sensor,,,ya
1019,yang2025safe,2-s2.0-105016670484,10.1109/icra55743.2025.11127839,2025,Yang T.,Towards Safe and Efficient Through-the-Canopy Autonomous Fruit Counting with UAVs,Proceedings IEEE International Conference on Robotics and Automation,Conference Paper,0,C1,abstrak,,RGB,UAV;ground vehicle/robot,,,M0,V,N,UAV menembus kanopi; perencanaan jalur untuk mengurangi oklusi; hitung dari citra tingkat kanopi,,,ya
153,zhai2025dynamic,2-s2.0-105010344083,10.3390/s25134138,2025,Zhai Y.,A Dynamic Kalman Filtering Method for Multi-Object Fruit Tracking and Counting in Complex Orchards,Sensors,Article,11,C1,abstrak,,RGB,,video,M2+M3,M2+M3,V,N,Kalman dinamis + IoU + fitur re-ID,mass,RMSE;MOTA;HOTA,ya
123,zhang2025robust,2-s2.0-105014818311,10.1016/j.atech.2025.101402,2025,Zhang N.,Robust real-time blueberry counting in greenhouses using small-object detection and mamba-driven multi-step trajectory completion,Smart Agricultural Technology,Article,2,C1,abstrak,blueberry,RGB,,video,M3,M3,V,N,blueberry; ByteTrack + penyelesaian lintasan untuk menekan hitung ganda akibat deteksi hilang,maturity;size;mass,mAP/AP,ya
137,zhang2025row,2-s2.0-105005067303,10.1016/j.compag.2025.110476,2025,Zhang J.,Row-based kiwifruit counting pipeline for smartphone-captured videos using fruit tracking and detection region adaptation guided by support-post,Computers and Electronics in Agriculture,Article,13,C1,judul,kiwifruit,RGB,handheld/smartphone,video,M3,M3,V,N,kiwi dari video ponsel; wilayah deteksi dipandu tiang penyangga (judul),,,tidak
167,zheng2025robust,2-s2.0-105006425111,10.3390/agronomy15051135,2025,Zheng W.,A Robust Tomato Counting Framework for Greenhouse Inspection Robots Using YOLOv8 and Inter-Frame Prediction,Agronomy,Article,5,C1,abstrak,tomato,RGB,ground vehicle/robot,video,M2+M3+M4,M3+M4,V,Y,"tomat rumah kaca, robot; penyaringan depth + prediksi antarbingkai + odometri; MOTA 0,954, lebih baik dari YOLOv8+DeepSORT",maturity;mass,MOTA,ya
168,zhou2025yield,2-s2.0-105006437570,10.3390/agronomy15051119,2025,Zhou L.,Yield Estimation in Banana Orchards Based on DeepSORT and RGB-Depth Images,Agronomy,Article,4,C1,abstrak,banana,RGB-D,,,M2+M3,M2+M3,V,N,"pisang, RGB-D; DeepSORT dengan tiga kendala; keberhasilan hitung tandan 96,82%",mass,,ya
363,ahmad2024enabling,2-s2.0-85186972889,10.1109/icce59016.2024.10444191,2024,Ahmad J.,Enabling Consumer UAVs for Precision Agriculture Applications: A Case Study of Yield Estimation,Digest of Technical Papers IEEE International Conference on Consumer Electronics,Conference Paper,6,C1,abstrak,apple;peach/nectarine,RGB,UAV;ground vehicle/robot;handheld/smartphone,video,,M0,V,N,apel dan persik dari UAV konsumen; deteksi setiap bingkai ke-n tanpa asosiasi eksplisit,,,ya
361,ahmedtaristizabal2024field,2-s2.0-85199060975,10.1109/access.2024.3431244,2024,Ahmedt-Aristizabal D.,An In-Field Dynamic Vision-Based Analysis for Vineyard Yield Estimation,IEEE Access,Article,13,C1,abstrak,grape,RGB,,video,M3,M3+M1,V,N,anggur; SiamFC untuk tandan unik per panel; bobot dari distribusi kalibrasi empiris,maturity;mass,,ya
278,an2024stratracker,2-s2.0-85208248760,10.1016/j.compag.2024.109564,2024,An Q.,StraTracker: A dynamic counting method for growing strawberries based on multi-target tracking,Computers and Electronics in Agriculture,Article,21,C1,judul,strawberry,RGB,,,M3,M3,V,N,stroberi tumbuh; pelacakan multi-target (judul),,,tidak
311,arizasentis2024grapemots,2-s2.0-85191379122,10.1016/j.dib.2024.110432,2024,Ariza-Sentís M.,GrapeMOTS: UAV vineyard dataset with MOTS grape bunch annotations recorded from multiple perspectives for enhanced object detection and tracking,Data in Brief,Data Paper,8,C1,abstrak,grape,RGB,UAV,video,M3,DATA,V,N,GrapeMOTS: video UAV multi-perspektif dengan anotasi MOTS tandan anggur,,,ya
322,ashokan2024fruit,2-s2.0-85190466782,10.1063/5.0196960,2024,Ashokan A.,Fruit yield estimation and forecasting for precision agriculture,Aip Conference Proceedings,Conference Paper,0,C1,abstrak,,RGB,,video,M2+M3,M2+M3,V,N,buah umum; DeepSORT + peramalan ARIMA,,,ya
371,du2024green,2-s2.0-85199970539,10.3389/fpls.2024.1417682,2024,Du P.,Green pepper fruits counting based on improved DeepSort and optimized Yolov5s,Frontiers in Plant Science,Article,14,C1,abstrak,sweet pepper,RGB,,video,M2+M3,M2+M3,V,N,"cabai hijau; DeepSORT dioptimasi; ID switch turun 29,41%",,MAE;RMSE;count accuracy;MOTA;ID switch;mAP/AP,ya
338,feng2024approach,2-s2.0-85192438099,10.3390/app14031136,2024,Feng Y.,Approach of Dynamic Tracking and Counting for Obscured Citrus in Smart Orchard Based on Machine Vision,Applied Sciences Switzerland,Article,16,C1,abstrak,citrus,RGB,,video,M3,M3,V,N,"jeruk terhalang; Kalman + Hungarian diperbaiki + garis hitung; akurasi hitung 81,02%",mass,count accuracy,ya
344,garderes2024apple,2-s2.0-85207819307,10.1109/clei64178.2024.10700174,2024,Garderes R.,Apple Detection and Counting Using Neural Networks,Proceedings 2024 50th Latin American Computing Conference Clei 2024,Conference Paper,0,C1,abstrak,apple,RGB,,video,M1+M3,M3+M1,V,N,"apel; OCSort HOTA 60,24%; regresi linear untuk menekan galat prediksi; simulator ROS",,HOTA;mAP/AP,ya
286,hernandez2024multi,2-s2.0-85203516615,10.1016/j.compag.2024.109379,2024,Hernandez B.,Multi-Object Tracking in Agricultural Applications using a Vision Transformer for Spatial Association,Computers and Electronics in Agriculture,Article,8,C1,judul,,RGB,,,M3,M3,V,N,pelacakan dengan vision transformer untuk asosiasi spasial (judul),,,tidak
340,ishizuka2024eggplant,2-s2.0-105007285918,10.1109/isc260477.2024.11004199,2024,Ishizuka T.,Eggplant Detection and Counting Across the Entire Greenhouse Using Deep Learning and Motion Parallax,10th IEEE International Smart Cities Conference Smart Cities Revolution for Mankind Isc2 2024 Proceedings,Conference Paper,0,C1,abstrak,,RGB,,video,M3,M3+M4,V,N,terung rumah kaca; paralaks gerak untuk mencegah hitung ganda per bedengan,,,ya
376,kang2024real,2-s2.0-85192003989,10.34133/plantphenomics.0174,2024,Kang R.,Toward Real Scenery: A Lightweight Tomato Growth Inspection Algorithm for Leaf Disease Detection and Fruit Counting,Plant Phenomics,Article,43,C1,abstrak,tomato,RGB,ground vehicle/robot;handheld/smartphone,video,M3,M3,V,N,"tomat; ByteTrack terbaik dibanding Motpy dan FairMOT; R2 0,93, RMSE 9,17",mass;defect/disease,RMSE;R2;mAP/AP,ya
3294,magalhaes2024monovisual3dfilter,2-s2.0-85204910959,10.1017/s0263574724000936,2024,Magalhães S.A.C.,MonoVisual3DFilter: 3D tomatoes' localisation with monocular cameras using histogram filters,Robotica,Article,2,C1,abstrak,tomato,RGB-D,conveyor/lab,,,M4,V,N,tomat; filter histogram Bayes untuk posisi 3D dari kamera monokular; MAE <20 mm di laboratorium,,MAE,ya
365,matos2024tracking,2-s2.0-85206455660,10.1109/cvprw63382.2024.00550,2024,Matos G.P.,Tracking and Counting Apples in Orchards under Intermittent Occlusions and Low Frame Rates,IEEE Computer Society Conference on Computer Vision and Pattern Recognition Workshops,Conference Paper,7,C1,abstrak,apple,RGB,ground vehicle/robot,video;3D scan/reconstruction,M3+M4,M4+M3,V,N,apel; SfM + pencocokan graf bipartit; tahan oklusi berselang dan laju bingkai rendah,,,ya
341,meyer2024fruitnerf,2-s2.0-85205817942,10.1109/iros58592.2024.10802065,2024,Meyer L.,FruitNeRF: A Unified Neural Radiance Field based Fruit Counting Framework,IEEE International Conference on Intelligent Robots and Systems,Conference Paper,25,C1,abstrak,apple;citrus;mango;peach/nectarine;pear;plum/apricot,RGB,,3D scan/reconstruction,M3+M4,M4,D,N,FruitNeRF; medan semantik dari citra berpose + klaster; apel nyata dan enam buah sintetis,size;variety/type,,ya
367,muzaddid2024ntrack,2-s2.0-85181561210,10.1109/tase.2023.3342791,2024,Muzaddid M.A.A.,NTrack: A Multiple-Object Tracker and Dataset for Infield Cotton Boll Counting,IEEE Transactions on Automation Science and Engineering,Article,13,C1,abstrak,cotton,RGB,UAV;ground vehicle/robot,video,M3,M3,V,N,kapas; NTrack dengan aliran optik padat + filter partikel; set data video publik,variety/type,,ya
288,nenavath2024tree,2-s2.0-85207839057,10.32985/ijeces.15.9.5,2024,Nenavath D.N.,On-Tree Mango Fruit Count Using Live Video-Split Image Dataset to Predict Better Yield at Pre-Harvesting Stage,International Journal of Electrical and Computer Engineering Systems,Article,4,C1,abstrak,mango,RGB,,video,,M0,D,N,"mangga; delapan sisi pohon; pemilihan bingkai representatif; akurasi hitung 97,7% pohon tunggal",,count accuracy,ya
357,pai2024maturity,2-s2.0-85195806339,10.1109/icit58233.2024.10540838,2024,Pai C.A.,Maturity and Yield Estimation of Tomatoes Using RGB and Multispectral Images,Proceedings of the IEEE International Conference on Industrial Technology,Conference Paper,1,C1,abstrak,tomato,multispectral,,video,M3,M3,V,Y,tomat tiga tingkat kematangan; RGB + multispektral; hitung per kelas per kelompok,maturity,,ya
336,qi2024improved,2-s2.0-85183459388,10.1016/j.measurement.2024.114117,2024,Qi Z.,An improved framework based on tracking-by-detection for simultaneous estimation of yield and maturity level in cherry tomatoes,Measurement Journal of the International Measurement Confederation,Article,26,C1,judul,tomato;cherry,RGB,,,M3,M3,V,Y,tomat ceri; hasil dan tingkat kematangan serentak berbasis pelacakan (judul),maturity,,tidak
319,safre2024advanced,2-s2.0-85195634410,10.17660/actahortic.2024.1395.38,2024,Safre A.,Advanced methods for yield mapping in tart cherries: tank change tracking and YOLO-DeepSort fruit counting,Acta Horticulturae,Article,2,C1,judul,cherry,RGB,,,M2+M3,M2+M3,V,N,ceri asam; YOLO-DeepSORT + pelacakan pergantian tangki (judul),,,tidak
295,santos2024multiple,2-s2.0-85198010832,10.1016/j.compag.2024.109199,2024,Santos T.T.,Multiple orange detection and tracking with 3-D fruit relocalization and neural-net based yield regression in commercial sweet orange orchards,Computers and Electronics in Agriculture,Article,17,C1,judul,citrus,RGB,,,M3,M3+M4,V,N,jeruk manis; pelacakan + relokalisasi 3D + regresi hasil jaringan saraf (judul),,,tidak
392,saraceni2024agrisort,2-s2.0-85200815021,10.1109/icra57147.2024.10610231,2024,Saraceni L.,AgriSORT: A Simple Online Real-time Tracking-by-Detection framework for robotics in precision agriculture,Proceedings IEEE International Conference on Robotics and Automation,Conference Paper,25,C1,abstrak,grape,RGB,ground vehicle/robot,video,M3,M3,V,N,"AgriSORT hanya gerak, tanpa penampilan; tolok ukur MOT anggur meja publik",,,ya
1060,scalisi2024detecting,2-s2.0-85179049875,10.1016/j.scienta.2023.112737,2024,Scalisi A.,"Detecting, mapping and digitising canopy geometry, fruit number and peel colour in pear trees with different architecture",Scientia Horticulturae,Article,13,C1,judul,pear,RGB,,,,M4,V,Y,pir; platform komersial memetakan jumlah buah dan warna kulit per pohon (judul),,,tidak
335,sekharamantry2024seamless,2-s2.0-85188705119,10.3390/computers13030083,2024,Sekharamantry P.K.,"A Seamless Deep Learning Approach for Apple Detection, Depth Estimation, and Tracking Using YOLO Models Enhanced by Multi-Head Attention Mechanism",Computers,Article,33,C1,abstrak,apple,RGB,UAV,video,M3,M3,V,N,"apel dari video drone; ByteTrack + estimasi depth; MAPE 0,027",,MAPE/rel. error;F1,ya
312,tu2024passion,2-s2.0-85188562002,10.1007/s11119-024-10132-1,2024,Tu S.,A passion fruit counting method based on the lightweight YOLOv5s and improved DeepSORT,Precision Agriculture,Article,24,C1,judul,passion fruit,RGB,,,M2,M2+M3,V,N,markisa; DeepSORT termodifikasi (judul),mass,,tidak
296,villacres2024assessing,2-s2.0-85196200350,10.1016/j.compag.2024.109164,2024,Villacrés J.,Assessing a multi-camera system to enhance fruit visibility for robotic harvesting in a V-trellised apple orchard,Computers and Electronics in Agriculture,Article,17,C1,judul,apple,RGB,ground vehicle/robot,multi-view,,M0,D,N,apel V-trellis; sistem multikamera untuk visibilitas buah bagi robot panen (judul),,,tidak
331,viveros2024maturity,2-s2.0-85188828571,10.3390/agriculture14030331,2024,Viveros Escamilla L.D.,Maturity Recognition and Fruit Counting for Sweet Peppers in Greenhouses Using Deep Learning Neural Networks,Agriculture Switzerland,Article,30,C1,abstrak,citrus;sweet pepper,RGB,,,M2+M3,M2+M3,V,Y,"paprika empat warna kematangan; DeepSORT; akurasi hitung 85,7% di lingkungan simulasi",maturity,,ya
325,wang2024camellia,2-s2.0-85193037062,10.6041/j.issn.1000-1298.2024.04.019,2024,Wang J.,Camellia oleifera Fruit Static and Dynamic Detection Counting Based on Improved COF-YOLO v8n,Nongye Jixie Xuebao Transactions of the Chinese Society for Agricultural Machinery,Article,21,C1,judul,camellia,RGB,,,,M3,V,N,camellia; hitung statis dan dinamis (judul),,,tidak
297,wang2024slam,2-s2.0-85197361193,10.1016/j.compag.2024.109177,2024,Wang H.,"SLAM-PYE: Tightly coupled GNSS-binocular-inertial fusion for pitaya positioning, counting, and yield estimation",Computers and Electronics in Agriculture,Article,4,C1,judul,pitaya,stereo,,3D scan/reconstruction,M4,M4,V,N,"pitaya; GNSS-stereo-inersia SLAM untuk posisi, hitung, hasil (judul)",,,tidak
381,xia2024kiwifruit,2-s2.0-85192134528,10.1007/978-3-031-47724-9_41,2024,Xia Y.,Kiwifruit Counting Using Kiwidetector and Kiwitracker,Lecture Notes in Networks and Systems,Conference Paper,3,C1,judul,kiwifruit,RGB,,,M3,M3,V,N,kiwi; Kiwitracker (judul),,,tidak
284,yang2024automatic,2-s2.0-85208645358,10.3390/s24217012,2024,Yang X.,Automatic Apple Detection and Counting with AD-YOLO and MR-SORT,Sensors,Article,18,C1,abstrak,apple,RGB,,video,M3,M2+M3,V,N,apel; MR-SORT (BoT-SORT + SURF/VLAD rematching),,R2;MAPE/rel. error;ID switch;mAP/AP,ya
314,yuan2024simultaneous,2-s2.0-85194248295,10.3390/agriculture14050784,2024,Yuan Q.,Simultaneous Localization and Mapping System for Agricultural Yield Estimation Based on Improved VINS-RGBD: A Case Study of a Strawberry Field,Agriculture Switzerland,Article,13,C1,abstrak,strawberry,RGB-D,,3D scan/reconstruction,M4,M4,V,N,"stroberi; VINS-RGBD semantik + pencocokan L_SuperPoint + Voxblox; galat relatif hasil 10,87%",,MAPE/rel. error;mAP/AP,ya
359,zhang2024stablesort,2-s2.0-86000751278,10.1109/cac63892.2024.10865478,2024,Zhang W.,StableSort-CMC: a tracking algorithm for robot dog based orchard fruit counting,Proceedings 2024 China Automation Congress Cac 2024,Conference Paper,0,C1,abstrak,peach/nectarine,RGB,ground vehicle/robot,,M3,M3,V,N,"nektarin, robot anjing; kompensasi gerak kamera menaikkan MOTA 2,9% (MOTA 63,4%)",,count accuracy;MOTA,ya
334,zheng2024robust,2-s2.0-85182570167,10.1016/j.agsy.2024.103867,2024,Zheng Z.,A robust and efficient citrus counting approach for large-scale unstructured orchards,Agricultural Systems,Article,27,C1,judul,citrus,RGB,,,,M3,V,N,jeruk kebun tak terstruktur skala besar (judul),,,tidak
276,zhou2024advancing,2-s2.0-85197352124,10.1016/j.eswa.2024.124587,2024,Zhou X.,Advancing tracking-by-detection with MultiMap: Towards occlusion-resilient online multiclass strawberry counting,Expert Systems with Applications,Article,20,C1,abstrak,strawberry,RGB,,video,M3,M3,V,Y,"stroberi matang/mentah; MultiMap untuk ketahanan oklusi; galat hitung relatif 6,7%; per kelas 8,7% dan 9,9%",maturity,MAPE/rel. error,ya
372,zhou2024utilizing,2-s2.0-85215989687,10.1109/isitsc64373.2024.00013,2024,Zhou C.,Utilizing NeRF-Based Rays for Spatial Perception in Fruit Counting Deduplication,Proceedings 2024 International Symposium on Internet of Things and Smart Cities Isitsc 2024,Conference Paper,2,C1,abstrak,citrus,RGB,,video;3D scan/reconstruction,M4,M4,D,N,"jeruk; sinar NeRF + DBSCAN untuk deduplikasi; MAE 1,5 buah per pohon",,MAE,ya
1036,zhu2024citrus,2-s2.0-85203797846,10.1016/j.eja.2024.127349,2024,Zhu Y.,Citrus yield estimation for individual trees integrating pruning intensity and image views,European Journal of Agronomy,Article,10,C1,abstrak,citrus,RGB,,,,M1,D,N,"jeruk per pohon; 2, 4, atau 6 pandang + intensitas pemangkasan; XGBoost; jumlah pandang optimal bergantung pada pemangkasan",,,ya
431,abeyrathna2023recognition,2-s2.0-85153776500,10.3390/s23083810,2023,Abeyrathna R.M.R.D.,Recognition and Counting of Apples in a Dynamic State Using a 3D Camera and Deep Learning Algorithms for Robotic Harvesting Systems,Sensors,Article,53,C1,abstrak,apple,RGB-D,ground vehicle/robot,video,M2+M3+M4,M2+M3+M4,V,N,apel pada pohon buatan; DeepSORT pada tiga kecepatan dan tiga sudut; koordinat 3D dari RGB-D,,RMSE;count accuracy;mAP/AP,ya
445,arizasentis2023dataset,2-s2.0-85144825181,10.1016/j.dib.2022.108848,2023,Ariza-Sentís M.,Dataset on UAV RGB videos acquired over a vineyard including bunch labels for object detection and tracking,Data in Brief,Data Paper,19,C1,abstrak,grape,multispectral,UAV;ground vehicle/robot,video,M3,DATA,V,N,"40 video UAV kebun anggur 1,06 ha dengan label topeng tandan",size,,ya
417,arizasentis2023object,2-s2.0-85165087814,10.1016/j.compag.2023.108051,2023,Ariza-Sentís M.,Object detection and tracking on UAV RGB videos for early extraction of grape phenotypic traits,Computers and Electronics in Agriculture,Article,50,C1,abstrak,grape,RGB,UAV;ground vehicle/robot,video,M3,M3,V,N,anggur putih dari UAV; PointTrack MOTS; set data publik,size,,ya
3604,arlotta2023ekf,2-s2.0-85174410013,10.1109/ecmr59166.2023.10256338,2023,Arlotta A.,An EKF-Based Multi-Object Tracking Framework for a Mobile Robot in a Precision Agriculture Scenario,Proceedings of the 11th European Conference on Mobile Robots Ecmr 2023,Conference Paper,5,C1,abstrak,grape,RGB-D,ground vehicle/robot;conveyor/lab,,M3,M3+M4,V,N,"anggur meja; pelacakan multiobjek EKF dengan gerak robot, RGB-D; simulator dan laboratorium",,,ya
438,ciarfuglia2023weakly,2-s2.0-85146434282,10.1016/j.compag.2023.107624,2023,Ciarfuglia T.A.,"Weakly and semi-supervised detection, segmentation and tracking of table grapes with limited and noisy data",Computers and Electronics in Agriculture,Article,47,C1,abstrak,grape,RGB,ground vehicle/robot,3D scan/reconstruction,M3+M4,M3+M4,V,N,anggur meja; label pelacakan dari SfM; pelatihan lemah dan semi-terawasi,,,ya
449,genemola2023video,2-s2.0-85186524200,10.1109/metroagrifor58484.2023.10424135,2023,Gené-Mola J.,Video-Based Fruit Detection and Tracking for Apple Counting and Mapping,2023 IEEE International Workshop on Metrology for Agriculture and Forestry Metroagrifor 2023 Proceedings,Conference Paper,8,C1,abstrak,apple,RGB,,video;multi-view,M2+M3,M3+M2,V,N,"apel; ByteTrack (HOTA 0,689) vs SORT dan DeepSORT; DeepSORT 128 ms per citra; MAPE 7,47% seminggu sebelum panen",,MAPE/rel. error;MOTA;IDF1;HOTA;mAP/AP,ya
400,gremes2023system,2-s2.0-85180444995,10.3390/agriengineering5040111,2023,Gremes M.F.,System of Counting Green Oranges Directly from Trees Using Artificial Intelligence,Agriengineering,Article,9,C1,abstrak,citrus,RGB,ground vehicle/robot,video,M3,M3,V,N,jeruk hijau; YOLOv4 + pelacak; 204 buah terhitung mendekati jumlah terlihat,,MAPE/rel. error;mAP/AP;F1,ya
462,guo2023real,2-s2.0-85165477646,10.6041/j.issn.1000-1298.2023.06.018,2023,Guo M.,Real-time Production Prediction of Kiwifruit in Orchard Based on Video Tracking Algorithm,Nongye Jixie Xuebao Transactions of the Chinese Society for Agricultural Machinery,Article,12,C1,judul,kiwifruit,RGB,,video,M3,M3,V,N,kiwi; prediksi produksi berbasis pelacakan video (judul),,,tidak
424,hu2023fruit,2-s2.0-85164845343,10.3390/s23135903,2023,Hu J.,Fruit Detection and Counting in Apple Orchards Based on Improved Yolov7 and Multi-Object Tracking Methods,Sensors,Article,44,C1,abstrak,apple,RGB,,video,M3,M3,V,N,apel; SORT dan Cascade-SORT menurunkan MAE hitung antarbingkai,,MAE;mAP/AP;F1,ya
407,lawal2023simplified,2-s2.0-85173637594,10.1371/journal.pone.0292600,2023,Lawal O.M.,"A simplified network topology for fruit detection, counting and mobile-phone deployment",Plos One,Article,8,C1,abstrak,strawberry;cherry;jujube,RGB,,,M3,M3,V,N,"stroberi, jujube, ceri; jaringan ringkas untuk deteksi, pelacakan, hitung",,mAP/AP,ya
463,li2023blueberry,2-s2.0-85180403249,10.13031/aim.202300883,2023,Li Z.,Blueberry Yield Estimation Through Multi-View Imagery with YOLOv8 Object Detection,2023 Asabe Annual International Meeting,Conference Paper,12,C1,abstrak,blueberry,RGB,ground vehicle/robot,multi-view,,M1,D,N,"blueberry; tiga pandang (atas, kiri, kanan) dari platform multikamera; regresi untuk tumpang tindih antarpandang",,R2;MAPE/rel. error,ya
423,lin2023citrus,2-s2.0-85165959884,10.3390/agronomy13071674,2023,Lin Y.,Citrus Identification and Counting Algorithm Based on Improved YOLOv5s and DeepSort,Agronomy,Article,14,C1,abstrak,citrus,RGB,,video,M2+M3,M2+M3,V,N,"jeruk; DeepSORT; akurasi pelacakan 90,83%; sulit membedakan kematangan",maturity,count accuracy,ya
422,lyu2023method,2-s2.0-85172417026,10.11975/j.issn.1002-6819.202304116,2023,Lyu J.,Method for estimation of bagged grape yield using a self-correcting NMS-ByteTrack,Nongye Gongcheng Xuebao Transactions of the Chinese Society of Agricultural Engineering,Article,5,C1,judul,grape,RGB,,,M3,M3,V,N,anggur berkantong; NMS-ByteTrack koreksi diri (judul),,,tidak
469,parico2023real,2-s2.0-85205684934,10.1007/978-981-19-8113-5_11,2023,Parico A.I.B.,Real-Time Pear Fruit Detection and Counting Using YOLOv4 Models and Deep SORT,Iot and AI in Agriculture Self Sufficiency in Food Production to Achieve Society 5 0 and Sdgs Globally,Book Chapter,1,C1,judul,pear,RGB,,,M2+M3,M2+M3,V,N,pir; YOLOv4 + DeepSORT (judul; versi prosiding dari 592),,,tidak
471,qureshi2023seeing,2-s2.0-85182523396,10.1109/iros55552.2023.10341502,2023,Qureshi A.,Seeing the Fruit for the Leaves: Robotically Mapping Apple Fruitlets in a Commercial Orchard,IEEE International Conference on Intelligent Robots and Systems,Conference Paper,6,C1,abstrak,apple,RGB,ground vehicle/robot,multi-view,,M4,D,N,"buah kecil apel, robot mengangkangi kanopi; pindaian dua sisi 81,17% vs satu sisi 73,7%; galat ukuran 5,9% RMSE",size,RMSE;count accuracy;mAP/AP,ya
421,rapadorincon2023development,2-s2.0-85162921189,10.1016/j.biosystemseng.2023.06.003,2023,Rapado-Rincón D.,Development and evaluation of automated localisation and reconstruction of all fruits on tomato plants in a greenhouse based on multi-view perception and 3D multi-object tracking,Biosystems Engineering,Article,43,C1,abstrak,tomato,RGB,ground vehicle/robot,multi-view;3D scan/reconstruction,M3+M4,M4+M3,V,N,"tomat; persepsi multipandang + pelacakan multiobjek 3D; galat hitung maksimum 5,08%; akurasi pelacakan 71,47%",,,ya
433,shen2023real,2-s2.0-85147089596,10.1016/j.compag.2023.107662,2023,Shen L.,Real-time tracking and counting of grape clusters in the field based on channel pruning with YOLOv5s,Computers and Electronics in Agriculture,Article,98,C1,judul,grape,RGB,,,M3,M3,V,N,anggur; YOLOv5s dipangkas + pelacakan (judul),,,tidak
440,vijayakumar2023tree,2-s2.0-85139895037,10.1016/j.atech.2022.100077,2023,Vijayakumar V.,Tree-level citrus yield prediction utilizing ground and aerial machine vision and machine learning,Smart Agricultural Technology,Article,48,C1,abstrak,citrus,multispectral,UAV,multi-view,M1,M1,D,N,"jeruk per pohon; citra UAV + hitung darat satu sisi atau dua sisi; MAPE 23,45% (satu sisi) vs 25,72% (dua sisi)",mass,MAPE/rel. error,ya
464,villacres2023apple,2-s2.0-85144398919,10.1016/j.compag.2022.107513,2023,Villacrés J.,Apple orchard production estimation using deep learning strategies: A comparison of tracking-by-detection algorithms,Computers and Electronics in Agriculture,Article,74,C1,judul,apple,RGB,,,M3,M3,V,N,apel; perbandingan algoritme pelacakan-dengan-deteksi (judul),,,tidak
406,wu2023twice,2-s2.0-85171464036,10.1016/j.biosystemseng.2023.09.005,2023,Wu Z.,Twice matched fruit counting system: An automatic fruit counting pipeline in modern apple orchard using mutual and secondary matches,Biosystems Engineering,Article,20,C1,abstrak,apple,RGB,,video,M3,M3,V,N,"apel; pencocokan timbal balik dan sekunder; ID switch 3,9%, MOTA 89,9%",,RMSE;R2;ID switch;mAP/AP,ya
3565,xie2023fruit,2-s2.0-85191529094,10.1109/crc60659.2023.10488608,2023,Xie F.,Fruit Distribution Acquisition with Multi-Vision for Multi-Arm Harvesting Robots,2023 8th International Conference on Control Robotics and Cybernetics CRC 2023,Conference Paper,8,C1,abstrak,,stereo,ground vehicle/robot,multi-view;3D scan/reconstruction,M4,M4,D,N,robot panen multilengan; kalibrasi ekstrinsik multikamera + pencocokan awan titik permukaan buah untuk menghapus deteksi berulang,,,ya
3588,zaenker2023graph,2-s2.0-85174797581,10.1109/iros55552.2023.10342532,2023,Zaenker T.,Graph-Based View Motion Planning for Fruit Detection,IEEE International Conference on Intelligent Robots and Systems,Conference Paper,12,C1,abstrak,sweet pepper,RGB-D,ground vehicle/robot,,,M4,D,N,paprika; perencanaan gerak pandang berbasis graf untuk cakupan buah,,,ya
428,zheng2023efficient,2-s2.0-85145184675,10.1002/rob.22147,2023,Zheng Z.,An efficient online citrus counting system for large-scale unstructured orchards based on the unmanned aerial vehicle,Journal of Field Robotics,Article,26,C1,abstrak,citrus,RGB,UAV;ground vehicle/robot,video,M2+M3,M2+M3,V,N,"jeruk dari banyak UAV; DeepSORT + penghitung terdistribusi tak seragam; F1 89,07%, MAPE 12,75%",variety/type,MAPE/rel. error;F1,ya
411,zheng2023object,2-s2.0-85169008011,10.1016/j.jag.2023.103457,2023,Zheng C.,Object-Detection from Multi-View remote sensing Images: A case study of fruit and flower detection and counting on a central Florida strawberry farm,International Journal of Applied Earth Observation and Geoinformation,Article,27,C1,abstrak,strawberry,stereo,,multi-view;3D scan/reconstruction,M4,M5+M4,D,N,stroberi dari citra UAV mentah multipandang; FaceNet + posisi lalu klaster untuk objek unik; lebih baik dari ortomosaik,maturity,,ya
461,zhou2023dynamic,2-s2.0-85183575601,10.13031/aim.202301450,2023,Zhou X.,A Dynamic Object Counting Method for Strawberry Fruits using Vision Transformer Networks and Kalman Filter Tracking,2023 Asabe Annual International Meeting,Conference Paper,2,C1,abstrak,strawberry,RGB,,video,M3,M3,V,N,"stroberi video ponsel; StrongSORT + DynCount; akurasi hitung 92,05%",,count accuracy,ya
555,dai2022tracking,2-s2.0-85135851648,10.1007/978-3-031-13844-7_6,2022,Dai G.,Tracking and Counting Method for Tomato Fruits Scouting Robot in Greenhouse,Lecture Notes in Computer Science Including Subseries Lecture Notes in Artificial Intelligence and Lecture Notes in Bioinformatics,Conference Paper,5,C1,judul,tomato,RGB,ground vehicle/robot,,M3,M3,V,N,"tomat, robot pengintai rumah kaca (judul)",,,tidak
522,gao2022novel,2-s2.0-85129105475,10.1016/j.compag.2022.107000,2022,Gao F.,A novel apple fruit detection and counting methodology based on deep learning and trunk tracking in modern orchard,Computers and Electronics in Agriculture,Article,152,C1,judul,apple,RGB,,,M3,M3,V,N,apel; pelacakan batang pohon sebagai acuan gerak (judul),,,tidak
521,ge2022tracking,2-s2.0-85132789856,10.3390/machines10060489,2022,Ge Y.,Tracking and Counting of Tomato at Different Growth Period Using an Improving YOLO-Deepsort Network for Inspection Robot,Machines,Article,90,C1,abstrak,tomato,RGB,ground vehicle/robot,video,M2+M3,M2+M3,V,Y,tomat per fase tumbuh; DeepSORT + garis hitung virtual,size,mAP/AP,ya
509,he2022cascade,2-s2.0-85134890183,10.1016/j.compag.2022.107223,2022,He L.,Cascade-SORT: A robust fruit counting approach using multiple features cascade matching,Computers and Electronics in Agriculture,Article,37,C1,judul,,RGB,,,M3,M3,V,N,Cascade-SORT; pencocokan kaskade banyak fitur (judul),,,tidak
540,marangoz2022fruit,2-s2.0-85140203916,10.1109/case49997.2022.9926466,2022,Marangoz S.,Fruit Mapping with Shape Completion for Autonomous Crop Monitoring,IEEE International Conference on Automation Science and Engineering,Conference Paper,24,C1,abstrak,sweet pepper,RGB-D,ground vehicle/robot,3D scan/reconstruction,M4,M4,V,N,paprika; peta TSDF dari RGB-D + klaster + superelipsoid; volume buah dalam simulasi,size,mAP/AP,ya
495,tureckova2022slicing,2-s2.0-85140136384,10.1016/j.measurement.2022.111977,2022,Turečková A.,Slicing aided large scale tomato fruit detection and counting in 360-degree video data from a greenhouse,Measurement Journal of the International Measurement Confederation,Article,7,C1,judul,tomato,RGB,,video,,M3,V,N,"tomat, video 360 derajat rumah kaca; deteksi berbantuan irisan (judul)",,,tidak
3641,vulpi2022rgb,2-s2.0-85140045394,10.1016/j.compag.2022.107419,2022,Vulpi F.,An RGB-D multi-view perspective for autonomous agricultural robots,Computers and Electronics in Agriculture,Article,46,C1,judul,,RGB-D,ground vehicle/robot,multi-view,,M4,D,N,robot pertanian; perspektif multipandang RGB-D (judul),,,tidak
549,wang2022research,2-s2.0-85140768779,10.1109/wrcsara57040.2022.9903925,2022,Wang S.,Research on UAV Online Visual Tracking Algorithm based on YOLOv5 and FlowNet2 for Apple Yield Inspection,Proceedings of the 4th Wrc Symposium on Advanced Robotics and Automation 2022 Wrc Sara 2022,Conference Paper,3,C1,abstrak,apple,RGB,UAV,video,M3,M3,V,N,"apel dari UAV; aliran optik FlowNet2 + Hungarian; akurasi hasil 90,39%",,,ya
533,xia2022culling,2-s2.0-85124612228,10.3390/agronomy12020440,2022,Xia X.,Culling Double Counting in Sequence Images for Fruit Yield Estimation,Agronomy,Article,15,C1,abstrak,apple;citrus,RGB,,video,,M2,V,N,"apel dan jeruk; pencocokan tambalan + Kuhn-Munkres untuk buah berulang; F1 0,816 dan 0,864",,RMSE;mAP/AP;F1,ya
535,zhang2022deep,2-s2.0-85130941075,10.1093/hr/uhac003,2022,Zhang W.,Deep-learning-based in-field citrus fruit detection and tracking,Horticulture Research,Article,126,C1,abstrak,citrus,RGB,,video,M2+M3,M3+M2,V,N,"jeruk; OrangeSort wilayah hitung + gerak; mAP OrangeYolo 0,957; MAE hitung 0,081 vs SORT 0,45 dan DeepSORT 1,212",,MAE;mAP/AP,ya
543,zhang2022yield,2-s2.0-85131442506,10.15586/qas.v14i2.1008,2022,Zhang X.,Yield and maturity estimation of apples in orchards using a 3-step deep learning-based method,Quality Assurance and Safety of Crops and Foods,Article,4,C1,abstrak,apple,RGB,,multi-view,,M1,D,Y,apel; hitung buah terlihat dari dua sisi + klasifikasi kematangan + algoritme beban buah,maturity,count accuracy,ya
525,zhu2022identification,2-s2.0-85130800575,10.6041/j.issn.1000-1298.2022.05.021,2022,Zhu Q.,Identification and Counting Method of Potted Kumquat Fruits Based on Point Cloud Registration,Nongye Jixie Xuebao Transactions of the Chinese Society for Agricultural Machinery,Article,13,C1,judul,citrus,RGB,,3D scan/reconstruction,M4,M4,D,N,kumquat pot; registrasi awan titik (judul),,,tidak
581,anderson2021estimation,2-s2.0-85114675617,10.3390/agronomy11091711,2021,Anderson N.T.,Estimation of fruit load in australian mango orchards using machine vision,Agronomy,Article,35,C1,abstrak,mango,RGB,,multi-view,,M1,D,N,"mangga; multipandang per pohon terhadap hitungan rumah kemas; galat rata-rata 11% (MV-Raw) vs 17% (MV-CAL); kebun teralis over-estimasi 25,2%",defect/disease,MAPE/rel. error,ya
572,gao2021apple,2-s2.0-85123396379,10.11975/j.issn.1002-6819.2021.21.025,2021,Gao F.,Apple detection and counting using real-time video based on deep learning and object tracking,Nongye Gongcheng Xuebao Transactions of the Chinese Society of Agricultural Engineering,Article,38,C1,judul,apple,RGB,,video,M3,M3,V,N,apel; video waktu nyata + pelacakan (judul),,,tidak
623,gao2021appleb,2-s2.0-85114282566,10.13031/aim.202100193,2021,Gao F.,Apple fruit detection and counting based on deep learning and trunk tracking,American Society of Agricultural and Biological Engineers Annual International Meeting Asabe 2021,Conference Paper,2,C1,abstrak,apple,RGB,,video,M3,M3,V,N,apel; pelacakan batang pohon; dinding buah vertikal,size,mAP/AP,ya
601,itakura2021automatic,2-s2.0-85105913292,10.1364/osac.424583,2021,Itakura K.,Automatic pear and apple detection by videos using deep learning and a Kalman filter,OSA Continuum,Article,22,C1,abstrak,apple;pear,RGB,,video,M3,M3,V,N,"pir dan apel, video berjalan; Kalman; 226 dari 234 pir terhitung",size,mAP/AP,ya
617,kirk2021robust,2-s2.0-85115850253,10.1007/978-3-030-87156-7_17,2021,Kirk R.,Robust Counting of Soft Fruit Through Occlusions with Re-identification,Lecture Notes in Computer Science Including Subseries Lecture Notes in Artificial Intelligence and Lecture Notes in Bioinformatics,Conference Paper,12,C1,judul,,RGB,,,M2,M2,V,N,stroberi; re-identifikasi untuk menembus oklusi (judul),,,tidak
577,osman2021yield,2-s2.0-85116408183,10.3390/s21196657,2021,Osman Y.,Yield estimation and visualization solution for precision agriculture,Sensors,Article,31,C1,abstrak,apple;citrus;pumpkin/squash,RGB,ground vehicle/robot,video,M2+M3+M4,M2+M3,V,N,"apel, jeruk, labu; DeepSORT dengan ekstraktor ResNet; akurasi 91–95% apel; GPS untuk peta",mass,mAP/AP,ya
595,osman2021yieldb,2-s2.0-85119829625,10.1109/wf-iot51360.2021.9595143,2021,Osman Y.,Yield Estimation using Deep Learning for Precision Agriculture,7th IEEE World Forum on Internet of Things Wf Iot 2021,Conference Paper,5,C1,abstrak,apple,RGB,,video,M2+M3,M2+M3,V,N,apel; DeepSORT dengan fitur ResNet,,mAP/AP,ya
592,parico2021real,2-s2.0-85110043612,10.3390/s21144803,2021,Parico A.I.B.,Real time pear fruit detection and counting using yolov4 models and deep sort,Sensors,Article,206,C1,abstrak,pear,RGB,,,M2+M3,M2+M3,V,N,"pir; DeepSORT; metode ID unik F1count 87,85% lebih andal dari garis ROI",,mAP/AP,ya
1215,scalisi2021reliability,2-s2.0-85118355660,10.1016/j.compag.2021.106519,2021,Scalisi A.,"Reliability of a commercial platform for estimating flower cluster and fruit number, yield, tree geometry and light interception in apple trees under different rootstocks and row orientations",Computers and Electronics in Agriculture,Article,32,C1,judul,apple,RGB,,,,M4,V,N,apel; keandalan platform komersial untuk jumlah bunga dan buah per pohon (judul),,,tidak
602,torressanchez2021grape,2-s2.0-85105126804,10.3390/s21093083,2021,Torres‐sánchez J.,Grape cluster detection using uav photogrammetric point clouds as a low‐cost tool for yield forecasting in vineyards,Sensors,Article,48,C1,abstrak,grape;nut crops,RGB,UAV;ground vehicle/robot,3D scan/reconstruction,M4,M4,S,N,"anggur dari awan titik fotogrametri UAV; R2 >0,75 terhadap bobot panen",mass,R2,ya
3912,zaenker2021viewpoint,2-s2.0-85113840654,10.1109/iros51168.2021.9636701,2021,Zaenker T.,Viewpoint Planning for Fruit Size and Position Estimation,IEEE International Conference on Intelligent Robots and Systems,Conference Paper,51,C1,abstrak,sweet pepper,RGB-D,ground vehicle/robot,,,M4,D,N,paprika; perencanaan sudut pandang berbasis octree ROI; posisi dan ukuran buah,size,,ya
614,zhang2021method,2-s2.0-85096828486,10.1016/j.scienta.2020.109791,2021,Zhang C.,A method for organs classification and fruit counting on pomegranate trees based on multi-features fusion and support vector machine by 3D point cloud,Scientia Horticulturae,Article,39,C1,abstrak,pomegranate,RGB-D,ground vehicle/robot,3D scan/reconstruction,M4,M4,1,N,"delima; awan titik RGB-D per pohon + SVM + klaster hierarkis; recall 87,74%, presisi 78,15%",mass,,ya
580,zineelabidine2021assigning,2-s2.0-85109147695,10.1016/j.biosystemseng.2021.06.015,2021,Zine-El-Abidine M.,Assigning apples to individual trees in dense orchards using 3D colour point clouds,Biosystems Engineering,Article,28,C1,abstrak,apple,RGB,,3D scan/reconstruction,M4,M4,S,N,apel; penyelarasan awan titik musim panen dengan awan titik musim dingin untuk menetapkan buah ke pohon; akurasi >95%,,,ya
1265,apoloapolo2020cloud,2-s2.0-85088834564,10.3389/fpls.2020.01086,2020,Apolo-Apolo O.E.,A Cloud-Based Environment for Generating Yield Estimation Maps From Apple Orchards Using UAV Imagery and a Deep Learning Technique,Frontiers in Plant Science,Article,109,C1,abstrak,apple,RGB,UAV;ground vehicle/robot,,M1,M1,D,N,"apel dari ortomosaik UAV; regresi linear dari buah terlihat ke total per pohon; R2 0,80",size,MAE;RMSE;R2,ya
675,dong2020semantic,2-s2.0-85076393395,10.1002/rob.21876,2020,Dong W.,Semantic mapping for orchard environments by merging two-sides reconstructions of tree rows,Journal of Field Robotics,Article,73,C1,abstrak,,RGB,,multi-view;3D scan/reconstruction,M4,M4,D,N,apel; penggabungan rekonstruksi dua sisi baris dengan fitur global dan semantik; jumlah buah dari model 3D,size,,ya
672,genemola2020fruit,2-s2.0-85076212250,10.1016/j.compag.2019.105121,2020,Gené-Mola J.,"Fruit detection, yield prediction and canopy geometric characterization using LiDAR with forced air flow",Computers and Electronics in Agriculture,Article,104,C1,abstrak,apple,LiDAR,,multi-view,,M4,S,N,"apel; LiDAR multipandang dan aliran udara paksa masing-masing menambah 6,5% dan 6,7% buah terlokalisasi; RMSE hasil <6%",,RMSE,ya
4032,genemola2020fruitb,2-s2.0-85077238192,10.1016/j.compag.2019.105165,2020,Gené-Mola J.,Fruit detection and 3D location using instance segmentation neural networks and structure-from-motion photogrammetry,Computers and Electronics in Agriculture,Article,195,C1,abstrak,apple,RGB,,3D scan/reconstruction,M4,M4,D,N,"apel 11 pohon, 1.455 buah; Mask R-CNN + SfM + SVM; F1 0,816 (2D) menjadi 0,881 (3D); SfM lambat",,F1,ya
649,genemola2020fuji,2-s2.0-85083645138,10.1016/j.dib.2020.105591,2020,Gené-Mola J.,Fuji-SfM dataset: A collection of annotated images and point clouds for Fuji apple detection and location using structure-from-motion photogrammetry,Data in Brief,Data Paper,39,C1,abstrak,apple,RGB,,3D scan/reconstruction,M4,DATA,D,N,"Fuji-SfM: 582 citra berurutan, model 3D 11 pohon, 1.455 apel dengan lokasi 3D",,,ya
655,genemola2020lfuji,2-s2.0-85079239177,10.1016/j.dib.2020.105248,2020,Gené-Mola J.,LFuji-air dataset: Annotated 3D LiDAR point clouds of Fuji apple trees for fruit detection scanned under different forced air flow conditions,Data in Brief,Data Paper,23,C1,abstrak,apple,LiDAR,,multi-view;3D scan/reconstruction,M4,DATA,S,N,"LFuji-air: awan titik LiDAR 11 pohon apel, 8 pindaian per pohon, multipandang dan aliran udara",,,ya
658,santos2020grape,2-s2.0-85078976944,10.1016/j.compag.2020.105247,2020,Santos T.T.,"Grape detection, segmentation, and tracking using deep neural networks and three-dimensional association",Computers and Electronics in Agriculture,Article,332,C1,abstrak,grape,RGB,,video,M3,M3+M4,V,N,"anggur; segmentasi instans F1 0,91; pelacakan dengan asosiasi 3D; set data publik 300 citra",size,F1,ya
640,serafino2020detection,2-s2.0-85113664418,10.1109/clei52000.2020.00064,2020,Serafino S.E.,Detection and Counting of Lemons using Artificial Vision and Tracking Techniques for Real Time Harvest Estimation,Proceedings 2020 46th Latin American Computing Conference Clei 2020,Conference Paper,3,C1,abstrak,citrus,RGB,ground vehicle/robot,video,M3,M3,V,N,lemon pada mesin panen; Kuhn-Munkres; kesesuaian >95% dengan hitung visual,,,ya
664,sun2020three,2-s2.0-85076831865,10.1016/j.isprsjprs.2019.12.011,2020,Sun S.,Three-dimensional photogrammetric mapping of cotton bolls in situ based on point cloud segmentation and clustering,ISPRS Journal of Photogrammetry and Remote Sensing,Article,130,C1,abstrak,cotton,RGB,,multi-view;3D scan/reconstruction,M4,M4,D,N,kapas; SfM dari citra multipandang + klaster densitas; akurasi hitung buah kapas hingga 90%,size,R2,ya
711,huang2019high,2-s2.0-85084015055,10.13031/aim.201900487,2019,Huang Y.H.,"High-throughput image analysis framework for fruit detection, localization and measurement from video streams",2019 Asabe Annual International Meeting,Conference Paper,2,C1,abstrak,,RGB,ground vehicle/robot,video,M2+M3,M2+M3,V,N,rumah kaca banyak jenis buah; pencocokan fitur + aliran optik + transformasi proyektif,maturity;size,,ya
717,jarvinen2019tree,2-s2.0-85084012430,10.13031/aim.201900918,2019,Jarvinen T.,Tree trunk position estimation for accurate fruit counts in apple yield mapping,2019 Asabe Annual International Meeting,Conference Paper,2,C1,abstrak,apple,RGB,,video,M3,M3,V,N,"apel; estimasi posisi batang untuk partisi per pohon; RMSE posisi batang 15,6 piksel",,RMSE,ya
699,liu2019monocular,2-s2.0-85063575627,10.1109/lra.2019.2901987,2019,Liu X.,Monocular Camera Based Fruit Counting and Mapping with Semantic Data Association,IEEE Robotics and Automation Letters,Article,84,C1,abstrak,mango,LiDAR,,3D scan/reconstruction,M3+M4,M3+M4,V,N,"mangga; Kalman + aliran optik, lalu SfM semantik buah-sebagai-fitur untuk mengenali hitung ganda; setara sistem LiDAR+GPS/INS",mass,mAP/AP,ya
702,nellithimaru2019rols,2-s2.0-85083290268,10.1109/cvprw.2019.00321,2019,Nellithimaru A.K.,ROLS : Robust object-level SLAM for grape counting,IEEE Computer Society Conference on Computer Vision and Pattern Recognition Workshops,Conference Paper,58,C1,abstrak,apple;citrus;grape,stereo,,3D scan/reconstruction,M4,M4,V,N,"anggur; SLAM tingkat objek dari stereo; F1 0,977 terhadap hitung citra",,F1,ya
694,roy2019vision,2-s2.0-85069630985,10.1016/j.compag.2019.104897,2019,Roy P.,Vision-based preharvest yield mapping for apple orchards,Computers and Electronics in Agriculture,Article,46,C1,abstrak,apple,RGB,,multi-view,,M4+M1,V,N,"apel 252 pohon; klaster spasial + gerak kamera untuk menggabungkan hitung lintas pandang dan dua sisi; akurasi 91,98–94,81%",,,ya
700,wang2019mango,2-s2.0-85068490110,10.3390/s19122742,2019,Wang Z.,Mango fruit load estimation using a video based MangoYOLO—Kalman filter—hungarian algorithm method,Sensors Switzerland,Article,113,C1,abstrak,mango,RGB,,video;multi-view,M3,M3,V,N,"mangga; MangoYOLO + Kalman + Hungarian multi-ke-satu; 9,9% hitung ganda dan 7,3% terlewat pada video 192 buah",,RMSE;MAPE/rel. error,ya
723,liu2018robust,2-s2.0-85062988241,10.1109/iros.2018.8594239,2018,Liu X.,"Robust Fruit Counting: Combining Deep Learning, Tracking, and Structure from Motion",IEEE International Conference on Intelligent Robots and Systems,Conference Paper,115,C1,abstrak,,RGB,,video;3D scan/reconstruction,M3+M4,M3+M4,V,N,"mangga dan jeruk; FCN + KLT/Kalman/Hungarian, lalu SfM untuk menolak jejak ganda dan pencilan; siang dan malam",size;variety/type,count accuracy,ya
1344,roy2017active,2-s2.0-85041957603,10.1109/iros.2017.8206500,2017,Roy P.,Active view planning for counting apples in orchards,IEEE International Conference on Intelligent Robots and Systems,Conference Paper,11,C1,abstrak,apple,RGB,ground vehicle/robot,,,M4,D,N,apel; perencanaan pandang aktif untuk menghitung apel dalam klaster; model dunia kombinatorial,,,ya
1361,roy2017vision,2-s2.0-85107040674,10.1007/978-3-319-50115-4_42,2017,Roy P.,Vision-Based Apple Counting and Yield Estimation,Springer Proceedings in Advanced Robotics,Book Chapter,10,C1,judul,apple,RGB,,,,M4,D,N,"apel; hitung dan hasil berbasis visi (Roy dan Isler; judul, TLDR)",,,tidak
777,gongal2016apple,2-s2.0-84947798634,10.1016/j.compag.2015.10.022,2016,Gongal A.,Apple crop-load estimation with over-the-row machine vision system,Computers and Electronics in Agriculture,Article,166,C1,abstrak,apple,RGB,,multi-view,,M4,D,N,"apel, terowongan over-the-row dua sisi; lokasi 3D untuk menghapus apel ganda; galat identifikasi duplikat 21,1%; akurasi 82% (dua sisi) vs 58% (satu sisi)",,,ya
767,roy2016surveying,2-s2.0-85001029945,10.1109/coase.2016.7743500,2016,Roy P.,Surveying apple orchards with a monocular vision system,IEEE International Conference on Automation Science and Engineering,Conference Paper,28,C1,abstrak,apple,RGB,,3D scan/reconstruction,M4,M4,D,N,apel dengan kamera tunggal; SfM inkremental sepotong demi sepotong untuk registrasi dan hitung,size,,ya
766,stein2016image,2-s2.0-84995783961,10.3390/s16111915,2016,Stein M.,"Image based mango fruit detection, localisation and yield estimation using multiple view geometry",Sensors Switzerland,Article,291,C1,abstrak,mango,LiDAR,,multi-view,M3+M4,M4,V,N,"mangga 522 pohon, 71.609 buah; korespondensi berpasangan dari data navigasi + triangulasi; LiDAR memisahkan pohon; galat 1,36% per pohon tanpa kalibrasi; satu dan dua pandang memerlukan kalibrasi",,MAPE/rel. error;mAP/AP,ya
792,linker2015estimation,2-s2.0-84947278394,10.3920/978-90-8686-814-8_66,2015,Linker R.,Estimation of apple orchard yield using night time imaging,Precision Agriculture 2015 Papers Presented at the 10th European Conference on Precision Agriculture Ecpa 2015,Conference Paper,1,C1,abstrak,apple,RGB,,multi-view,,M1,D,N,"apel, citra malam dua sisi tiga ketinggian; jumlah enam citra dikalibrasi terhadap 14 pohon; total hasil dalam 10%",,,ya
818,gongal2014identification,2-s2.0-84911946512,,2014,Gongal A.,Identification of repetitive apples for improved crop-load estimation with dual-side imaging,American Society of Agricultural and Biological Engineers Annual International Meeting 2014 Asabe 2014,Conference Paper,1,C1,judul,apple,RGB,,multi-view,,M4,D,N,apel; identifikasi apel berulang pada citra dua sisi (judul; pendahulu 777),,,tidak
1406,nuske2014automated,2-s2.0-84905719438,10.1002/rob.21541,2014,Nuske S.,Automated visual yield estimation in vineyards,Journal of Field Robotics,Conference Paper,211,C1,abstrak,grape,RGB,ground vehicle/robot,,,M1,V,N,anggur empat musim; citra terregistrasi dari kendaraan; kalibrasi ukuran citra ke hasil; hingga 75% variansi spasial,,,ya
1403,nuske2014modeling,2-s2.0-84897696341,10.1007/978-3-642-40686-7_23,2014,Nuske S.,Modeling and calibrating visual yield estimates in vineyards,Springer Tracts in Advanced Robotics,Conference Paper,25,C1,abstrak,grape,RGB,ground vehicle/robot,,,M1,V,N,anggur; pemodelan dan kalibrasi hitung visual ke hasil; galat 3–4% dengan data kalibrasi,,,ya
1405,song2014automatic,2-s2.0-84892634674,10.1016/j.biosystemseng.2013.12.008,2014,Song Y.,Automatic fruit recognition and counting from multiple images,Biosystems Engineering,Article,165,C1,abstrak,sweet pepper,RGB,,,,M1,D,N,"paprika rumah kaca, >28.000 citra; agregasi statistik pengamatan berulang tak lengkap; korelasi 74,2% tanpa penyesuaian",,,ya
1419,qian2013yield,2-s2.0-84879999241,10.3969/j.issn.1002-6819.2013.11.017,2013,Qian J.,Yield estimation model of single tree of Fuji apples based on bilateral image identification,Nongye Gongcheng Xuebao Transactions of the Chinese Society of Agricultural Engineering,Article,15,C1,judul,apple,RGB,,multi-view,,M1,D,N,apel Fuji; model hasil pohon tunggal dari identifikasi citra dua sisi (judul),,,tidak
838,wang2013automated,2-s2.0-105047031250,10.1007/978-3-319-00065-7_50,2013,Wang Q.,Automated Crop Yield Estimation for Apple Orchards,Springer Tracts in Advanced Robotics,Conference Paper,180,C1,abstrak,apple,stereo,ground vehicle/robot,multi-view,,M4,V,N,"apel; stereo malam dari kendaraan otonom; registrasi citra berurutan; galat −3,2% dan 1,2% per blok",,,ya
891,aldakn2026uav,2-s2.0-105031415394,10.3390/agriengineering8020053,2026,Aldakn H.,UAV-Based Computer Vision Approach for Melon Fruit Detection and Yield Estimation,Agriengineering,Article,2,C2,abstrak,melon,RGB,UAV;ground vehicle/robot,,,,,,,size;mass,R2;MAPE/rel. error,ya
903,bakas2026efficient,2-s2.0-105037463583,10.1007/978-3-032-18857-1_30,2026,Bakas K.,Efficient AI-Powered Orange Health Assessment And Yield Estimation,Lecture Notes in Networks and Systems,Conference Paper,0,C2,judul,citrus,RGB,,,,,,,,,,tidak
880,bijwe2026fruitnet,2-s2.0-105036278362,10.11591/eei.v15i2.11112,2026,Bijwe K.B.,FruitNet: a deep hybrid model for fruit detection and yield estimation,Bulletin of Electrical Engineering and Informatics,Article,0,C2,abstrak,apple,RGB,,,,,,,,,,ya
922,du2026precise,2-s2.0-105028590513,10.3389/fpls.2025.1739688,2026,Du W.,A precise berry counting method for in-cluster grapes to guide berry thinning,Frontiers in Plant Science,Article,1,C2,abstrak,grape,RGB,conveyor/lab,,,,,,,,MAE;RMSE;R2;mAP/AP,ya
911,goes2026detection,2-s2.0-105044122201,10.1109/icirca69024.2026.11570262,2026,Goes S.,Detection of Banana and Counting using One-Stage and Transformer-based Object Detection Models,7th International Conference on Inventive Research in Computing Applications Icirca 2026 Proceedings,Conference Paper,0,C2,judul,banana,RGB,,,,,,,,,,tidak
66,guo2026high,2-s2.0-105031662464,10.6041/j.issn.1000-1298.2026.05.032,2026,Guo C.,High-density Apple Counting Method Based on Lightweight Improved YOLO v8,Nongye Jixie Xuebao Transactions of the Chinese Society for Agricultural Machinery,Article,0,C2,judul,apple,RGB,,,,,,,,mass,,tidak
874,he2026walnut,2-s2.0-105043444516,10.1088/1361-6501/ae7e1b,2026,He L.,Walnut-YOLO: a lightweight and occlusion-robust object detection model for UAV-based walnut image-level counting,Measurement Science and Technology,Article,0,C2,abstrak,nut crops,RGB,UAV;ground vehicle/robot,,,,,,,mass,RMSE;R2;mAP/AP,ya
909,le2026ghost,2-s2.0-105048850317,10.1109/icbdse70225.2026.11635372,2026,Le M.N.,Ghost-YOLOv11: A Lightweight and Efficient Deep Learning Model for Real-Time Mango Counting,Proceedings 2026 IEEE 3rd International Conference on Big Data Science and Engineering Icbdse 2026,Conference Paper,0,C2,abstrak,mango,RGB,,,,,,,,mass,MAE,ya
910,li2026yolo,2-s2.0-105028598421,10.3390/agriculture16020277,2026,Li A.,YOLO-MSRF: A Multimodal Segmentation and Refinement Framework for Tomato Fruit Detection and Segmentation with Count and Size Estimation Under Complex Illumination,Agriculture Switzerland,Article,8,C2,abstrak,tomato,NIR,,,,,,,,maturity;size;mass,,ya
32,liu2026agrosense,2-s2.0-105036886598,10.1016/j.compag.2026.111797,2026,Liu S.,Agrosense v2: An AI-enabled system for precision orchard sensing and tree-level monitoring,Computers and Electronics in Agriculture,Article,4,C2,judul,,RGB,,,,,,,,,,tidak
871,ma2026gdyey,2-s2.0-105035489008,10.1016/j.compag.2026.111755,2026,Ma J.,GDYEY: Grape detection and yield estimation framework based on YOLO architecture,Computers and Electronics in Agriculture,Article,0,C2,judul,grape,RGB,,,,,,,,,,tidak
920,mejiashernandez2026automated,2-s2.0-105047555682,10.1007/978-3-032-29558-3_3,2026,Mejías–Hernández D.,Automated Pineapple Fruit Detection and Counting System Using Machine Learning,Lecture Notes in Networks and Systems,Conference Paper,0,C2,judul,pineapple,RGB,,,,,,,,,,tidak
901,moreira2026yolo,2-s2.0-105034445192,10.1016/j.inpa.2026.03.002,2026,Moreira G.,A YOLO-based approach to grape berry detection and counting with ampelographic feature analysis for grapevine yield estimation,Information Processing in Agriculture,Article,0,C2,abstrak,grape,RGB,,,,,,,,size,RMSE;MAPE/rel. error;count accuracy;mAP/AP;F1,ya
902,pichhika2026tree,2-s2.0-105012358925,10.1007/978-3-031-93697-5_3,2026,Pichhika H.C.,On Tree Mango Fruit Yield Estimation Using Graph Cuts and Depth First Search,Communications in Computer and Information Science,Conference Paper,0,C2,judul,mango,RGB,,,,,,,,,,tidak
907,pobleteecheverria2026deep,2-s2.0-105048636704,10.1109/icir70631.2026.11628290,2026,Poblete-Echeverria C.,Deep Learning-Based Unripe Grape Bunch Detection and Counting: A Case Study of Vitis vinifera cv. Cabernet Sauvignon in South Africa,Proceedings 2026 IEEE 5th International Conference on Intelligent Reality Icir 2026,Conference Paper,0,C2,judul,grape,RGB,,,,,,,,maturity,,tidak
63,qu2026per,2-s2.0-105036523320,10.1002/agj2.70400,2026,Qu H.,Per-tree citrus count regression from single-view images via lightweight deep learning,Agronomy Journal,Article,0,C2,abstrak,citrus,RGB,,,,,,,,mass,,ya
912,sandi2026implementation,2-s2.0-105042535941,10.1109/iraset68627.2026.11538886,2026,Sandí J.Z.A.,Implementation and Optimization of a Machine Learning Model for Pineapple Fruit Counting in Aerial Imagery,2026 6th International Conference on Innovative Research in Applied Science Engineering and Technology Iraset 2026,Conference Paper,0,C2,abstrak,pineapple,RGB,UAV,,,,,,,,MAPE/rel. error;mAP/AP,ya
900,santhi2026streamlined,2-s2.0-105036985041,10.1109/iatmsi68868.2026.11465914,2026,Santhi P.,A Streamlined Deep Learning Framework for Vineyard Yield Estimation,Proceedings of the 4th IEEE International Conference on Interdisciplinary Approaches in Technology and Management for Social Innovation Iatmsi 2026,Conference Paper,0,C2,abstrak,grape,RGB,,,,,,,,,mAP/AP,ya
889,sapkota2026comprehensive,2-s2.0-105029009225,10.1016/j.agrcom.2026.100125,2026,Sapkota R.,"Comprehensive performance evaluation of YOLOv12, YOLO11, YOLOv10, YOLOv9 and YOLOv8 on detecting and counting fruitlet in complex orchard environments",Agriculture Communications,Article,34,C2,abstrak,apple,RGB-D,,,,,,,,maturity,MAE;RMSE;mAP/AP,ya
916,shrawne2026improving,2-s2.0-105028255695,10.1007/978-3-032-13419-6_7,2026,Shrawne S.,Improving Fruit Detection and Counting Using RetinaNet Model,Lecture Notes in Networks and Systems,Conference Paper,1,C2,judul,,RGB,,,,,,,,,,tidak
917,szolc2026vision,2-s2.0-105021809050,10.1007/978-3-032-08359-3_23,2026,Szolc H.,Vision-Based Automatic Fruit Counting with UAV,Lecture Notes in Networks and Systems,Conference Paper,1,C2,judul,,RGB,UAV,,,,,,,,,tidak
869,weng2026accurate,2-s2.0-105040014734,10.1016/j.compag.2026.111909,2026,Weng S.,Accurate counting of small and dense Chinese cherry in natural orchard via fruit-oriented perception and sharpening network,Computers and Electronics in Agriculture,Article,0,C2,judul,cherry,RGB,,,,,,,,,,tidak
868,xie2026unified,2-s2.0-105047036856,10.3390/app16157500,2026,Xie X.,Unified Multi-Level Grape Counting Framework with Low Annotation Cost for Natural Orchard Scenes,Applied Sciences Switzerland,Article,0,C2,abstrak,grape,RGB,,,,,,,,,MAE;RMSE;F1,ya
867,yu2026yieldnet,2-s2.0-105048420866,10.3390/agriengineering8080311,2026,Yu C.,YieldNet: A Lightweight YOLOv8n Enhancement for Immature Green Tomato Detection in UAV Images: Real-Time Edge Demonstration Toward Pre-Harvest Yield Estimation,Agriengineering,Article,0,C2,abstrak,citrus;tomato,RGB,UAV,,,,,,,maturity;size;mass,mAP/AP;F1,ya
888,zhang2026ces,2-s2.0-105034301920,10.1016/j.atech.2026.101847,2026,Zhang Y.,CES-YOLO: An efficient fallen fragrant pear detection and counting algorithm in complex post-disaster orchard environment,Smart Agricultural Technology,Article,2,C2,abstrak,pear,RGB,UAV,,,,,,,size,count accuracy;mAP/AP,ya
878,zhang2026citrus,2-s2.0-105039781224,10.1016/j.scienta.2026.114895,2026,Zhang D.,Citrus instance segmentation and yield prediction based on parallel multiscale channel enhanced,Scientia Horticulturae,Article,0,C2,abstrak,citrus,RGB,,,,,,,,mass,,ya
875,zhang2026yolo11,2-s2.0-105042347538,10.3389/fpls.2026.1841916,2026,Zhang L.,YOLO11-SBS: leveraging ACE and ORCM to gauge robust and accurate apple counting in complex orchards,Frontiers in Plant Science,Article,0,C2,abstrak,apple,RGB,,,,,,,,mass,,ya
892,zheng2026yolov11,2-s2.0-105029920273,10.3390/agronomy16030370,2026,Zheng S.,YOLOv11-IMP: Anchor-Free Multiscale Detection Model for Accurate Grape Yield Estimation in Precision Viticulture,Agronomy,Article,4,C2,abstrak,grape,RGB,,,,,,,,,MAE,ya
2493,zhuang2026fg,2-s2.0-105050111909,10.1016/j.plaphe.2026.100268,2026,Zhuang Y.,FG-LCNet: A two-stage foreground-guided network for whole-tree litchi counting,Plant Phenomics,Article,0,C2,abstrak,litchi/longan,RGB,,,,,,,,maturity,MAE;RMSE,ya
1001,aggarwal2025agriculture,2-s2.0-105012341266,10.1201/9781003396253-5,2025,Aggarwal D.,Agriculture Crop Monitoring for Yield Estimation with Zero-Shot Fruit Detection: A Deep Learning Approach,Remote Sensing of Land Cover and Land Use Changes in South and Southeast Asia Volume 1 Mapping and Monitoring,Book Chapter,2,C2,abstrak,tomato,RGB,,,,,,,,,,ya
983,ahmed2025estimating,2-s2.0-85211743112,10.1016/j.compag.2024.109697,2025,Ahmed D.,Estimating optimal crop-load for individual branches in apple tree canopies using YOLOv8,Computers and Electronics in Agriculture,Article,19,C2,judul,apple,RGB,,,,,,,,,,tidak
973,al2025comparative,2-s2.0-85213568012,10.1016/j.atech.2024.100763,2025,Al Riza D.F.,Comparative study of citrus fruits (Citrus reticulata Blanco cv. Batu 55) detection and counting with single and double labels based on convolutional neural network using YOLOv7,Smart Agricultural Technology,Article,11,C2,abstrak,citrus,RGB,ground vehicle/robot,,,,,,,maturity,mAP/AP;F1,ya
935,bakas2025uav,2-s2.0-105023876929,10.1016/j.atech.2025.101618,2025,Bakas K.,"UAV-based citrus tree segmentation, counting and yield estimation using lightweight deep learning approaches",Smart Agricultural Technology,Article,10,C2,abstrak,citrus,RGB,UAV,,,,,,,mass,R2,ya
967,ballenaruiz2025automated,2-s2.0-105006640710,10.3390/agriengineering7050152,2025,Ballena-Ruiz J.,Automated Detection and Counting of Gossypium barbadense Fruits in Peruvian Crops Using Convolutional Neural Networks,Agriengineering,Article,4,C2,abstrak,cotton,RGB,handheld/smartphone,,,,,,,size;variety/type,MOTA;F1,ya
212,chandra2025fruit,2-s2.0-105033236824,10.1109/iciip68302.2025.11346118,2025,Chandra G.R.,Fruit Detection and Counting Using Deep Learning,Proceedings of the IEEE International Conference Image Information Processing,Conference Paper,0,C2,judul,,RGB,,,,,,,,,,tidak
926,chen2025lightweight,2-s2.0-105016458362,10.1016/j.engappai.2025.112268,2025,Chen J.,A lightweight citrus detection and counting method based on deep learning model,Engineering Applications of Artificial Intelligence,Article,6,C2,judul,citrus,RGB,,,,,,,,mass,,tidak
1018,chen2025researchb,2-s2.0-105001069200,10.1109/access.2025.3546313,2025,Chen B.,Research on Detection and Counting Method of Green Walnut Based on YOLOv8n-RBP,IEEE Access,Article,3,C2,abstrak,nut crops,RGB,conveyor/lab,,,,,,,size,mAP/AP,ya
1000,daiaeddine2025uav,2-s2.0-85208479669,10.21603/2308-4057-2025-2-650,2025,Daiaeddine M.J.,"UAV imagery, advanced deep learning, and YOLOv7 object detection model in enhancing citrus yield estimation",Foods and Raw Materials,Article,3,C2,abstrak,citrus,RGB,UAV;ground vehicle/robot,,,,,,,,R2;F1,ya
998,dong2025small,2-s2.0-105026888965,10.7606/j.issn.1000-7601.2025.05.25,2025,Dong Y.,A small target detection and yield prediction method with YOLO-LT under UVA aerial photography in apple orchards,Agricultural Research in the Arid Areas,Article,1,C2,judul,apple,RGB,,,,,,,,,,tidak
947,fan2025yolo,2-s2.0-105005594159,10.1016/j.measurement.2025.117852,2025,Fan Z.,YOLO-PDGT: A lightweight and efficient algorithm for unripe pomegranate detection and counting,Measurement Journal of the International Measurement Confederation,Article,43,C2,judul,pomegranate,RGB,,,,,,,,maturity;mass,,tidak
229,farooq2025advanced,2-s2.0-105017816928,10.3390/engproc2025108010,2025,Farooq M.,Advanced Machine Learning Method for Watermelon Identification and Yield Estimation †,Engineering Proceedings,Article,1,C2,abstrak,melon,RGB,ground vehicle/robot,,,,,,,size;mass,,ya
156,glukhikh2025deep,2-s2.0-105009250874,10.3390/asi8030071,2025,Glukhikh I.,Deep Learning Method with Domain-Task Adaptation and Client-Specific Fine-Tuning YOLO11 Model for Counting Greenhouse Tomatoes,Applied System Innovation,Article,3,C2,abstrak,tomato,RGB,,video,,,,,,size,mAP/AP,ya
976,jin2025enhanced,2-s2.0-85214789095,10.1016/j.atech.2025.100784,2025,Jin T.,"Enhanced deep learning model for apple detection, localization, and counting in complex orchards for robotic arm-based harvesting",Smart Agricultural Technology,Article,14,C2,abstrak,apple,RGB,ground vehicle/robot,,,,,,,maturity,count accuracy;mAP/AP;F1,ya
924,khedkar2025orangefruitnet,2-s2.0-105022414515,10.22266/ijies2025.1231.67,2025,Khedkar M.,OrangeFruitNet: A Dataset and On-device Real Time YOLO-based Framework for Orange Fruit Detection and Yield Estimation in Orchard Environments,International Journal of Intelligent Engineering and Systems,Article,0,C2,abstrak,citrus;other berries,RGB,UAV,,,,,,,,R2;mAP/AP;F1,ya
1012,kiran2025automated,2-s2.0-105003907021,10.1109/autocom64127.2025.10956721,2025,Kiran J.S.,Automated Fruit Counting with YOLOv5 Model for Harvest Management in Orchards,2025 International Conference on Automation and Computation Autocom 2025,Conference Paper,33,C2,abstrak,,RGB,UAV;ground vehicle/robot,,,,,,,,mAP/AP;F1,ya
171,li2025field,2-s2.0-85217036844,10.1016/j.compag.2025.110057,2025,Li Z.,In-field blueberry fruit phenotyping with a MARS-PhenoBot and customized BerryNet,Computers and Electronics in Agriculture,Article,38,C2,judul,blueberry,RGB,,,,,,,,,,tidak
992,li2025high,2-s2.0-105004272047,10.48130/frures-0025-0006,2025,Li X.,"High-throughput phenotyping tools for blueberry count, weight, and size estimation based on modified YOLOv5s",Fruit Research,Article,1,C2,abstrak,blueberry,RGB,handheld/smartphone,,,,,,,size;mass,MAE;R2;mAP/AP,ya
144,li2025real,2-s2.0-105019933927,10.11975/j.issn.1002-6819.202503246,2025,Li C.,Real-time detecting and counting of citrus fruits in hilly and mountainous areas using UAV imagery,Nongye Gongcheng Xuebao Transactions of the Chinese Society of Agricultural Engineering,Article,2,C2,judul,citrus,RGB,UAV,,,,,,,,,tidak
928,li2025syl,2-s2.0-105017906968,10.1007/s11694-025-03664-1,2025,Li X.,SYL-YOLOv8n: A lightweight and robust detector for peach recognition and yield estimation in complex orchards,Journal of Food Measurement and Characterization,Article,1,C2,judul,peach/nectarine,RGB,,,,,,,,mass,,tidak
2546,liu2025test,2-s2.0-105011733513,10.1007/s12559-025-10488-0,2025,Liu Z.,Test-Time Adaptation of a Multi-Class Object Localization and Size Estimation Framework for Smart Agriculture Applications,Cognitive Computation,Article,1,C2,abstrak,,RGB,,,,,,,,size;mass,,ya
946,maheswari2025mangoyieldnet,2-s2.0-105001684145,10.1007/s11042-025-20791-5,2025,Maheswari P.,MangoYieldNet: Fruit yield estimation for mango orchards using DeepLabv3 + with ResNet18 architecture,Multimedia Tools and Applications,Article,2,C2,judul,mango,RGB,,,,,,,,,,tidak
985,orlandi2025automated,2-s2.0-86000518256,10.20870/oeno-one.2025.59.1.8133,2025,Orlandi G.,Automated yield prediction in vineyard using RGB images acquired by a UAV prototype platform,Oeno One,Article,9,C2,abstrak,grape,RGB,UAV;ground vehicle/robot,,,,,,,size;mass,R2,ya
982,oscomamani2025detection,2-s2.0-85218867551,10.3390/ai6020025,2025,Osco-Mamani E.,"The Detection and Counting of Olive Tree Fruits Using Deep Learning Models in Tacna, Perú",AI Switzerland,Article,7,C2,abstrak,olive,RGB,,,,,,,,defect/disease;variety/type,RMSE;R2;mAP/AP,ya
980,quinones2025gcnet,2-s2.0-85218453493,10.3390/jimaging11020034,2025,Quiñones R.,GCNet: A Deep Learning Framework for Enhanced Grape Cluster Segmentation and Yield Estimation Incorporating Occluded Grape Detection with a Correction Factor for Indoor Experimentation,Journal of Imaging,Article,10,C2,abstrak,grape,RGB,ground vehicle/robot,,,,,,,mass,MAE;R2,ya
1022,samya2025real,2-s2.0-105036120117,10.1109/acoit66109.2025.11436762,2025,Samya B.,Real-Time Mango Counting Using Ghost-YOLOv11: A Lightweight Object Detection Approach,2nd Asian Conference on Intelligent Technologies Acoit 2025,Conference Paper,0,C2,abstrak,mango,RGB,UAV;ground vehicle/robot;conveyor/lab,,,,,,,size;mass;variety/type,MAE;count accuracy,ya
115,singh2025development,2-s2.0-105014169382,10.1016/j.atech.2025.101361,2025,Singh P.,Development of a smartphone application for rapid blueberry detection and yield estimation,Smart Agricultural Technology,Article,8,C2,abstrak,blueberry,RGB,handheld/smartphone,,,,,,,maturity;mass,mAP/AP,ya
187,velez2025framework,2-s2.0-85217201105,10.1016/j.heliyon.2025.e42525,2025,Vélez S.,Framework for smartphone-based grape detection and vineyard management using UAV-trained AI,Heliyon,Article,4,C2,abstrak,grape,RGB,UAV;ground vehicle/robot;handheld/smartphone,video,,,,,,maturity;defect/disease,R2;mAP/AP;F1,ya
135,ven2025mangosense,2-s2.0-105006923395,10.1016/j.compag.2025.110524,2025,Ven J.,MangoSense: A time-series vision sensing dataset for mango tree segmentation and detection toward yield prediction,Computers and Electronics in Agriculture,Article,6,C2,judul,mango,RGB,,,,,,,,,,tidak
937,wu2025counting,2-s2.0-105024940408,10.6041/j.issn.1000-1298.2025.12.052,2025,Wu D.,Counting and Spatial Distribution of Camellia oleifera Fruits Based on YOLO-LGC,Nongye Jixie Xuebao Transactions of the Chinese Society for Agricultural Machinery,Article,2,C2,judul,camellia,RGB,,,,,,,,,,tidak
934,xu2025improving,2-s2.0-105015376529,10.1016/j.compag.2025.110958,2025,Xu D.,Improving passion fruit yield estimation with multi-scale feature fusion and density-attention mechanisms in smart agriculture,Computers and Electronics in Agriculture,Article,7,C2,abstrak,passion fruit,RGB,,,,,,,,,F1,ya
956,xu2025transfer,2-s2.0-105034767999,10.12133/j.smartag.sa202504005,2025,Xu W.,A Transfer Learning-Based Multimodal Model for Grape Detection and Counting,Smart Agriculture,Article,1,C2,abstrak,grape,RGB,,,,,,,,,MAE;RMSE;mAP/AP,ya
957,yang2025mask,2-s2.0-105000277668,10.1016/j.compag.2025.110286,2025,Yang C.,Mask-GK: An efficient method based on mask Gaussian kernel for segmentation and counting of grape berries in field,Computers and Electronics in Agriculture,Article,9,C2,judul,grape,RGB,,,,,,,,,,tidak
959,yoo2025multi,2-s2.0-105011538424,10.3390/agriengineering7070220,2025,Yoo T.W.,Multi-Species Fruit-Load Estimation Using Deep Learning Models,Agriengineering,Article,1,C2,abstrak,peach/nectarine,RGB,,,,,,,,,F1,ya
1002,yu2025smartphone,2-s2.0-85218156023,10.1117/12.3055502,2025,Yu C.,Smartphone-based fruit counting for early capsicum yield estimation,Proceedings of SPIE the International Society for Optical Engineering,Conference Paper,0,C2,abstrak,sweet pepper,RGB,handheld/smartphone;conveyor/lab,,,,,,,mass,mAP/AP,ya
931,zeng2025yolo,2-s2.0-105024308860,10.1016/j.atech.2025.101590,2025,Zeng T.,YOLO-FCAP: An improved lightweight object detection model based on YOLOv8n for citrus yield prediction in complex environments,Smart Agricultural Technology,Article,10,C2,abstrak,citrus,RGB,,video,,,,,,size;mass,MAE;RMSE;R2;mAP/AP,ya
954,zhai2025deriving,2-s2.0-105013307911,10.3390/s25154718,2025,Zhai M.,Deriving Early Citrus Fruit Yield Estimation by Combining Multiple Growing Period Data and Improved YOLOv8 Modeling,Sensors,Article,4,C2,abstrak,citrus,RGB,conveyor/lab,,,,,,,maturity;size;mass,R2;MAPE/rel. error;mAP/AP,ya
1011,zhao2025ta,2-s2.0-105011353608,10.3389/fpls.2025.1618214,2025,Zhao Y.,Ta-YOLO: overcoming target blocked challenges in greenhouse tomato detection and counting,Frontiers in Plant Science,Article,5,C2,abstrak,tomato,RGB,,,,,,,,maturity;mass,mAP/AP,ya
1024,zhou2025mde,2-s2.0-105024659403,10.3389/fpls.2025.1711545,2025,Zhou C.,MDE-DETR: multi-domain enhanced feature fusion algorithm for bayberry detection and counting in complex orchards,Frontiers in Plant Science,Article,3,C2,abstrak,tomato,RGB,UAV,,,,,,,size;mass,mAP/AP,ya
1076,achraf2024segmentation,2-s2.0-105000688791,10.1109/aiccsa63423.2024.10912610,2024,Achraf M.,Segmentation of Fruits and Leaves in Olive Branch Image Using AI Based Approach: Toward Yield Estimation,Proceedings of IEEE ACS International Conference on Computer Systems and Applications Aiccsa,Conference Paper,0,C2,abstrak,olive,RGB,handheld/smartphone,,,,,,,,,ya
1041,ahmad2024yield,2-s2.0-85197034768,10.1016/j.engappai.2024.108871,2024,Ahmad J.,Yield estimation and health assessment of temperate fruits: A modular framework,Engineering Applications of Artificial Intelligence,Article,15,C2,judul,,RGB,,,,,,,,,,tidak
1052,arakawa2024detection,2-s2.0-85152780339,10.1002/agj2.21330,2024,Arakawa T.,Detection of on-tree chestnut fruits using deep learning and RGB unmanned aerial vehicle imagery for estimation of yield and fruit load,Agronomy Journal,Article,21,C2,abstrak,,RGB,UAV;ground vehicle/robot,,,,,,,mass,RMSE,ya
1069,aral2024tree,2-s2.0-85193583513,10.1007/978-3-031-56728-5_12,2024,Aral M.,Tree Fruit Load Calculation with Image Processing Techniques,Lecture Notes in Networks and Systems,Conference Paper,0,C2,judul,,RGB,,,,,,,,,,tidak
1034,bhattarai2024agregnet,2-s2.0-85207020890,10.1016/j.compag.2024.109534,2024,Bhattarai U.,"AgRegNet: A deep regression network for flower and fruit density estimation, localization, and counting in orchards",Computers and Electronics in Agriculture,Article,23,C2,abstrak,apple,RGB,ground vehicle/robot,,,,,,,,MAE;mAP/AP,ya
3333,biegert2024non,2-s2.0-85195662976,10.17660/actahortic.2024.1395.12,2024,Biegert K.,Non-destructive sensors and modelling to detect apple fruit and tree properties,Acta Horticulturae,Article,1,C2,judul,apple,RGB,,,,,,,,,,tidak
377,bolouri2024cottonsense,2-s2.0-85180546236,10.1016/j.compag.2023.108531,2024,Bolouri F.,CottonSense: A high-throughput field phenotyping system for cotton fruit segmentation and enumeration on edge devices,Computers and Electronics in Agriculture,Article,27,C2,abstrak,cotton,RGB-D,,,,,,,,,mAP/AP,ya
290,carneiro2024chestnut,2-s2.0-85207661077,10.3390/drones8100541,2024,Carneiro G.A.,Chestnut Burr Segmentation for Yield Estimation Using UAV-Based Imagery and Deep Learning,Drones,Article,6,C2,abstrak,,RGB,UAV;ground vehicle/robot,3D scan/reconstruction,,,,,,,count accuracy;F1,ya
1079,chanda2024deep,2-s2.0-85201163587,10.1109/ecti-con60892.2024.10594843,2024,Chanda A.,Deep learning-based Mango Fruit Detection and Counting,2024 21st International Conference on Electrical Engineering Electronics Computer Telecommunications and Information Technology Ecti Con 2024,Conference Paper,2,C2,abstrak,mango,RGB,,,,,,,,maturity,MAE;mAP/AP;F1,ya
1075,denarda2024shd,2-s2.0-105003533730,10.1109/metroagrifor63043.2024.10948806,2024,Denarda A.R.,SHD-O2D: A Novel Image Dataset for Super-High-Density Olive Orchard Yield Estimation,2024 IEEE International Workshop on Metrology for Agriculture and Forestry Metroagrifor 2024 Proceedings,Conference Paper,0,C2,abstrak,olive,RGB,,,,,,,,defect/disease;variety/type,,ya
3329,dhonju2024harvest,2-s2.0-85195650962,10.17660/actahortic.2024.1395.41,2024,Dhonju H.K.,Harvest bin placement based on machine vision data in mango orchards,Acta Horticulturae,Article,0,C2,judul,mango,RGB,,,,,,,,,,tidak
1050,duncan2024development,2-s2.0-85197861424,10.3390/agriengineering6020105,2024,Duncan B.,Development of a Cross-Platform Mobile Application for Fruit Yield Estimation,Agriengineering,Article,7,C2,abstrak,apple,RGB,ground vehicle/robot;handheld/smartphone;conveyor/lab,,,,,,,,MAPE/rel. error,ya
1077,falih2024optimising,2-s2.0-85197721517,10.21162/pakjas/24.46,2024,Falih B.S.,Optimising Yield Estimation for Grapes: Utilising the Sliding Window Technique for Visual Counting of Bunches and Berries,Pakistan Journal of Agricultural Sciences,Article,5,C2,judul,grape,RGB,,,,,,,,,,tidak
1062,jing2024optimizing,2-s2.0-85187248066,10.3390/agriculture14020303,2024,Jing J.,Optimizing the YOLOv7-Tiny Model with Multiple Strategies for Citrus Fruit Yield Estimation in Complex Scenarios,Agriculture Switzerland,Article,19,C2,abstrak,citrus,RGB,,video,,,,,,size;mass,F1,ya
1030,kodors2024autonomous,2-s2.0-85213231956,10.3390/drones8120734,2024,Kodors S.,Autonomous Yield Estimation System for Small Commercial Orchards Using UAV and AI,Drones,Article,13,C2,abstrak,apple;pear;cherry,RGB,UAV,,,,,,,,mAP/AP,ya
1035,lanza2024stride,2-s2.0-85210239400,10.3390/s24227305,2024,Lanza B.,"A Stride Toward Wine Yield Estimation from Images: Metrological Validation of Grape Berry Number, Radius, and Volume Estimation",Sensors,Article,7,C2,abstrak,grape,RGB-D,conveyor/lab,,,,,,,size,,ya
1078,li2024apple,2-s2.0-85197890290,10.1109/icaace61206.2024.10549754,2024,Li Z.,Apple Detection and Yield Estimation Based on YOLOv5,2024 7th International Conference on Advanced Algorithms and Control Engineering Icaace 2024,Conference Paper,0,C2,abstrak,apple,RGB,,,,,,,,,,ya
275,lv2024ldc,2-s2.0-85208265623,10.1007/s10044-024-01329-1,2024,Lv Y.,LDC-PP-YOLOE: a lightweight model for detecting and counting citrus fruit,Pattern Analysis and Applications,Article,8,C2,judul,citrus,RGB,,,,,,,,mass,,tidak
1098,mai2024cmcnet,2-s2.0-85173390708,10.1109/tase.2023.3318008,2024,Mai X.,CMCNet: Colorization-Aware Mix-Uncertainty-Adaptive Consistency Network for Semi-Supervised Fruit Counting,IEEE Transactions on Automation Science and Engineering,Article,5,C2,abstrak,,RGB,,,,,,,,,mAP/AP,ya
333,melnychenko2024intelligent,2-s2.0-85189021999,10.3390/s24061913,2024,Melnychenko O.,Intelligent Integrated System for Fruit Detection Using Multi-UAV Imaging and Deep Learning †,Sensors,Article,55,C2,abstrak,,RGB,UAV;ground vehicle/robot,video,,,,,,,MAPE/rel. error;mAP/AP,ya
1033,mengsuwan2024chatgpt,2-s2.0-85210728244,10.1016/j.atech.2024.100688,2024,Mengsuwan K.,ChatGPT and general-purpose AI count fruits in pictures surprisingly well without programming or training,Smart Agricultural Technology,Article,7,C2,abstrak,cherry;coffee,RGB,,,,,,,,,,ya
1058,palacio2024geographic,2-s2.0-85191653566,10.34133/plantphenomics.0165,2024,Palacio J.C.R.,Geographic-Scale Coffee Cherry Counting with Smartphones and Deep Learning,Plant Phenomics,Article,16,C2,abstrak,cherry;coffee,RGB,UAV;handheld/smartphone,,,,,,,,R2,ya
1064,priyanka2024deep,2-s2.0-85184315725,10.1063/5.0182358,2024,Priyanka V.,Deep learning based object detection and counting in tomato field,Aip Conference Proceedings,Conference Paper,2,C2,abstrak,tomato,RGB,,,,,,,,maturity,count accuracy,ya
388,quach2024tomato,2-s2.0-85182351155,10.1109/access.2024.3351805,2024,Quach L.D.,"Tomato Health Monitoring System: Tomato Classification, Detection, and Counting System Based on YOLOv8 Model With Explainable MobileNet Models Using Grad-CAM++",IEEE Access,Article,74,C2,abstrak,tomato,RGB,,video,,,,,,,,ya
379,raikar2024tomato,2-s2.0-85206933192,10.1109/otcon60325.2024.10687682,2024,Raikar M.M.,Tomato detection and counting using deep learning models,2024 Opju International Technology Conference on Smart Computing for Innovation and Advancement in Industry 4 0 Otcon 2024,Conference Paper,3,C2,abstrak,apple;tomato,RGB,,video,,,,,,maturity,mAP/AP,ya
1068,shao2024plant,2-s2.0-85188475907,10.1117/12.3000698,2024,Shao J.,Plant fruit counting using context aware feature and point to point pairing,Proceedings of SPIE the International Society for Optical Engineering,Conference Paper,0,C2,abstrak,,RGB,,,,,,,,,,ya
1047,subeesh2024uav,2-s2.0-85192153841,10.1016/j.measurement.2024.114786,2024,Subeesh A.,UAV imagery coupled deep learning approach for the development of an adaptive in-house web-based application for yield estimation in citrus orchard,Measurement Journal of the International Measurement Confederation,Article,25,C2,judul,citrus,RGB,UAV,,,,,,,,,tidak
1086,sugiyama2024improving,2-s2.0-85176961840,10.1007/978-981-99-7593-8_15,2024,Sugiyama T.,Improving the Efficiency of Image Recognition for Yuzu Fruit Counting Using Object Recognition Models,Communications in Computer and Information Science,Conference Paper,0,C2,judul,,RGB,,,,,,,,,,tidak
1061,vasanth2024fast,2-s2.0-85184619131,10.11591/ijeecs.v33.i2.pp1084-1091,2024,Vasanth N.M.,Fast region based convolutional neural network ResNet-50 model for on tree Mango fruit yield estimation,Indonesian Journal of Electrical Engineering and Computer Science,Article,4,C2,abstrak,mango,RGB,,,,,,,,,,ya
1095,vasconcelos2024uav,2-s2.0-85197410400,10.1109/icuas60882.2024.10556844,2024,Vasconcelos J.V.R.,UAV-Based Optimization for Fruit Counting in Greenhouses,2024 International Conference on Unmanned Aircraft Systems Icuas 2024,Conference Paper,2,C2,abstrak,,RGB,UAV;ground vehicle/robot,,,,,,,,,ya
1042,xiao2024camellia,2-s2.0-85207797688,10.6041/j.issn.1000-1298.2024.10.030,2024,Xiao S.,Camellia oleifera Fruits Occlusion Detection and Counting in Complex Environments Based on Improved YOLO DCL,Nongye Jixie Xuebao Transactions of the Chinese Society for Agricultural Machinery,Article,12,C2,judul,camellia,RGB,,,,,,,,,,tidak
315,yang2024predicting,2-s2.0-85189933408,10.1016/j.compag.2024.108911,2024,Yang Q.,Predicting the growth trajectory and yield of greenhouse strawberries based on knowledge-guided computer vision,Computers and Electronics in Agriculture,Article,12,C2,judul,strawberry,RGB,,,,,,,,,,tidak
1044,yang2024probability,2-s2.0-85197364002,10.1016/j.compag.2024.109175,2024,Yang C.,Probability map-based grape detection and counting,Computers and Electronics in Agriculture,Article,13,C2,judul,grape,RGB,,,,,,,,,mAP/AP,tidak
2593,yu2024lightweight,2-s2.0-85185003948,10.1016/j.compag.2024.108701,2024,Yu C.,A lightweight SOD-YOLOv5n model-based winter jujube detection and counting method deployed on Android,Computers and Electronics in Agriculture,Article,37,C2,judul,jujube,RGB,handheld/smartphone,,,,,,,mass,,tidak
1039,zheng2024precise,2-s2.0-85201265695,10.1016/j.compag.2024.109338,2024,Zheng S.,A precise grape yield prediction method based on a modified DCNN model,Computers and Electronics in Agriculture,Article,17,C2,judul,grape,RGB,,,,,,,,,,tidak
1103,aquino2023olive,2-s2.0-85175469914,10.1016/j.compag.2023.108361,2023,Aquino A.,Olive-fruit yield estimation by modelling perceptual visual features,Computers and Electronics in Agriculture,Article,7,C2,judul,olive,RGB,,,,,,,,,,tidak
1114,chen2023instance,2-s2.0-85161487789,10.3390/app13116751,2023,Chen Y.,Instance Segmentation and Number Counting of Grape Berry Images Based on Deep Learning,Applied Sciences Switzerland,Article,30,C2,abstrak,grape,RGB,,,,,,,,mass,mAP/AP,ya
1100,del2023apple,2-s2.0-85180245378,10.48162/rev.39.104,2023,Del Brio D.,Apple (Malus domestica) and pear (Pyrus communis) yield prediction after tree image analysis,Revista De La Facultad De Ciencias Agrarias,Article,6,C2,abstrak,apple;pear,RGB,,,,,,,,size,,ya
1141,du2023instance,2-s2.0-85174685440,10.34133/plantphenomics.0085,2023,Du W.,Instance Segmentation and Berry Counting of Table Grape before Thinning Based on AS-SwinT,Plant Phenomics,Article,35,C2,abstrak,grape,RGB,,video,,,,,,size,RMSE;R2,ya
452,gao2023detection,2-s2.0-85148105748,10.3233/jifs-213072,2023,Gao M.,Detection and counting of overlapped apples based on convolutional neural networks,Journal of Intelligent and Fuzzy Systems,Article,6,C2,abstrak,apple,RGB,ground vehicle/robot,video,,,,,,mass,mAP/AP,ya
418,jiang2023miop,2-s2.0-85152653056,10.1016/j.atech.2023.100226,2023,Jiang Q.,MIoP-NMS: Perfecting crops target detection and counting in dense occlusion from high-resolution UAV imagery,Smart Agricultural Technology,Article,17,C2,abstrak,banana,RGB,UAV,video,,,,,,,MAPE/rel. error;mAP/AP,ya
1147,justam2023detection,2-s2.0-85169459845,10.1109/iaict59002.2023.10205752,2023,Justam ,Detection and Counting of the Number of Cocoa Fruits on Trees Using UAV,Proceedings of the 2023 IEEE International Conference on Industry 4 0 Artificial Intelligence and Communications Technology Iaict 2023,Conference Paper,4,C2,abstrak,,RGB,UAV;ground vehicle/robot,,,,,,,,,ya
481,lawal2023improved,2-s2.0-85164620053,10.3389/fpls.2023.1153505,2023,Lawal O.M.,An improved YOLOv5s model using feature concatenation with attention mechanism for real-time fruit detection and counting,Frontiers in Plant Science,Article,28,C2,abstrak,,RGB,ground vehicle/robot,video,,,,,,size;mass,mAP/AP,ya
454,li2023longan,2-s2.0-85150434937,10.3389/fpls.2023.1132909,2023,Li D.,A longan yield estimation approach based on UAV images and deep learning,Frontiers in Plant Science,Article,13,C2,abstrak,litchi/longan,RGB,UAV,video,,,,,,maturity,MAPE/rel. error,ya
1143,li2023semi,2-s2.0-85180010625,10.34133/plantphenomics.0115,2023,Li Y.,Semi-supervised Counting of Grape Berries in the Field Based on Density Mutual Exclusion,Plant Phenomics,Article,10,C2,abstrak,grape,RGB,,,,,,,,,MAE;RMSE;R2;MAPE/rel. error,ya
1105,li2023strawberry,2-s2.0-85165269691,10.1016/j.ecoinf.2023.102210,2023,Li J.,Strawberry R-CNN: Recognition and counting model of strawberry based on improved faster R-CNN,Ecological Informatics,Article,74,C2,judul,strawberry,RGB,,,,,,,,,,tidak
1118,ma2023detection,2-s2.0-85160395952,10.3390/agronomy13051419,2023,Ma L.,Detection and Counting of Small Target Apples under Complicated Environments by Using Improved YOLOv7-tiny,Agronomy,Article,100,C2,abstrak,apple,RGB,,,,,,,,size;mass,MAE;RMSE;mAP/AP,ya
1137,mirbod2023synthetic,2-s2.0-85169433477,10.13031/aim.202300548,2023,Mirbod O.,Synthetic Data-Driven AI Using Mixture of Rendered and Real Imaging Data for Strawberry Yield Estimation,2023 Asabe Annual International Meeting,Conference Paper,1,C2,abstrak,strawberry,RGB,ground vehicle/robot,,,,,,,,F1,ya
1126,neethi2023intelligent,2-s2.0-85146465328,10.1007/s42979-022-01602-2,2023,Neethi M.V.,Intelligent Mango Canopies Yield Estimation Using Machine Vision,SN Computer Science,Review,13,C2,judul,mango,RGB,,,,,,,,,,tidak
1121,palacios2023early,2-s2.0-85135713342,10.1007/s11119-022-09950-y,2023,Palacios F.,Early yield prediction in different grapevine varieties using computer vision and machine learning,Precision Agriculture,Article,59,C2,abstrak,grape,RGB,ground vehicle/robot,,,,,,,size,RMSE;R2;F1,ya
1145,quan2023vit,2-s2.0-85177602586,10.1109/mapr59823.2023.10289072,2023,Quan K.A.C.,ViT-FFrCnt: A Few-shot Fruit Counting Approach with Multiscale Vision Transformer,2023 International Conference on Multimedia Analysis and Pattern Recognition Mapr 2023 Proceedings,Conference Paper,2,C2,abstrak,apple;citrus;mango;strawberry;sweet pepper;avocado,RGB,,,,,,,,,MAE;RMSE,ya
1130,saddik2023sustainable,2-s2.0-85148094834,10.3390/su15032707,2023,Saddik A.,Sustainable Yield Prediction in Agricultural Areas Based on Fruit Counting Approach,Sustainability Switzerland,Article,14,C2,abstrak,apple;other berries,RGB,,,,,,,,variety/type,count accuracy,ya
1129,sarron2023fruit,2-s2.0-85150718125,10.17660/actahortic.2023.1360.42,2023,Sarron J.,Fruit yield estimation using image analysis is also about correcting the number of detections,Acta Horticulturae,Conference Paper,3,C2,abstrak,,RGB,ground vehicle/robot,,,,,,,,,ya
1131,scalisi2023green,2-s2.0-85150716499,10.17660/actahortic.2023.1360.25,2023,Scalisi A.,"Using Green Atlas Cartographer to investigate orchard-specific relationships between tree geometry, fruit number, fruit clustering, fruit size and fruit colour in commercial apples and pears",Acta Horticulturae,Conference Paper,6,C2,abstrak,apple;pear,RGB,ground vehicle/robot,,,,,,,size,,ya
1144,shankarpure2023smart,2-s2.0-85183078431,10.14569/ijacsa.2023.0141229,2023,Shankarpure M.R.,Smart Fruit Identification and Counting using Machine Vision Approach,International Journal of Advanced Computer Science and Applications,Article,6,C2,abstrak,citrus,RGB,,,,,,,,maturity,,ya
412,usha2023enhancing,2-s2.0-85173461597,10.4018/978-1-6684-9975-7.ch005,2023,Usha S.G.A.,Enhancing tomato fruit detection and counting through ai-enabled agricultural innovations,Machine Learning and Deep Learning for Smart Agriculture and Applications,Book Chapter,1,C2,abstrak,tomato,RGB,,video,,,,,,,,ya
1115,wu2023detection,2-s2.0-85152111271,10.1016/j.compag.2023.107827,2023,Wu F.,Detection and counting of banana bunches by integrating deep learning and classic image-processing algorithms,Computers and Electronics in Agriculture,Article,97,C2,judul,banana,RGB,,,,,,,,,,tidak
416,wu2023ndmfcs,2-s2.0-85164216369,10.1016/j.compag.2023.108036,2023,Wu Z.,NDMFCS: An automatic fruit counting system in modern apple orchard using abatement of abnormal fruit detection,Computers and Electronics in Agriculture,Article,38,C2,judul,apple,RGB,,,,,,,,,,tidak
425,xia2023lightweight,2-s2.0-85169922445,10.12133/j.smartag.sa202305004,2023,Xia X.,A Lightweight Fruit Load Estimation Model for Edge Computing Equipment,Smart Agriculture,Article,3,C2,abstrak,citrus,RGB,handheld/smartphone,video,,,,,,size;mass,RMSE;R2;mAP/AP;F1,ya
1112,yldrm2023deep,2-s2.0-85165008313,10.3390/s23136171,2023,Yıldırım Ş.,Deep Learning Based Apples Counting for Yield Forecast Using Proposed Flying Robotic System,Sensors,Article,12,C2,abstrak,apple,RGB,ground vehicle/robot,,,,,,,size,,ya
1191,alsaffar2022automatic,2-s2.0-85133885489,10.21162/pakjas/22.644,2022,Al-Saffar B.,Automatic counting of grapes from vineyard images,Pakistan Journal of Agricultural Sciences,Article,8,C2,judul,grape,RGB,,,,,,,,,,tidak
493,bazame2022mapping,2-s2.0-85131318981,10.1007/s11119-022-09924-0,2022,Bazame H.C.,Mapping coffee yield with computer vision,Precision Agriculture,Article,7,C2,judul,coffee,RGB,,,,,,,,,,tidak
3723,bellocchio2022novel,2-s2.0-85121966086,10.1016/j.engappai.2021.104615,2022,Bellocchio E.,A novel vision-based weakly supervised framework for autonomous yield estimation in agricultural applications,Engineering Applications of Artificial Intelligence,Article,27,C2,judul,,RGB,,,,,,,,,,tidak
1172,bhattarai2022weakly,2-s2.0-85125527035,10.1016/j.compind.2022.103635,2022,Bhattarai U.,A weakly-supervised approach for flower/fruit counting in apple orchards,Computers in Industry,Article,67,C2,judul,apple,RGB,,,,,,,,,,tidak
1168,chauhan2022computer,2-s2.0-85140272273,10.56042/jsir.v81i08.57971,2022,Chauhan A.,Computer Vision and Machine Learning Based Grape Fruit Cluster Detection and Yield Estimation Robot,Journal of Scientific and Industrial Research,Article,6,C2,abstrak,grape,RGB,ground vehicle/robot,,,,,,,,F1,ya
1209,immaneni2022real,2-s2.0-85137560477,10.13031/aim.202200240,2022,Immaneni A.,Real-time counting of strawberry using cost-effective embedded GPU and YOLOv4-tiny,2022 Asabe Annual International Meeting,Conference Paper,5,C2,abstrak,strawberry,RGB,UAV;ground vehicle/robot,,,,,,,mass;defect/disease,mAP/AP,ya
1160,islam2022ground,2-s2.0-85140340042,10.21273/horttech05098-22,2022,Islam M.S.,"A Ground-based Platform for Reliable Estimates of Fruit Number, Size, and Color in Stone Fruit Orchards",Horttechnology,Article,34,C2,abstrak,peach/nectarine;plum/apricot,RGB,ground vehicle/robot,,,,,,,maturity;size,RMSE,ya
1161,li2022location,2-s2.0-85147298212,10.3390/agronomy12112863,2022,Li B.,Location of Fruits by Counting: A Point-to-Point Approach,Agronomy,Article,1,C2,abstrak,apple,RGB,,,,,,,,mass,,ya
1208,lyu2022green,2-s2.0-85122687407,10.3390/s22020576,2022,Lyu S.,Green Citrus Detection and Counting in Orchards Based on YOLOv5-CS and AI Edge System,Sensors,Article,92,C2,abstrak,citrus,RGB,,video,,,,,,mass,mAP/AP,ya
1154,maheswari2022intelligent,2-s2.0-85135841029,10.1038/s41598-022-17840-6,2022,Maheswari P.,Intelligent yield estimation for tomato crop using SegNet with VGG19 architecture,Scientific Reports,Article,21,C2,abstrak,tomato,RGB,,,,,,,,defect/disease,F1,ya
1199,maheswari2022yield,2-s2.0-85131922510,10.1109/icoei53556.2022.9777201,2022,Maheswari P.,Yield Estimation of Guava Fruit using U-Net Architecture,2022 6th International Conference on Trends in Electronics and Informatics Icoei 2022 Proceedings,Conference Paper,1,C2,abstrak,persimmon/guava,RGB,,,,,,,,,,ya
1212,pavithra2022random,2-s2.0-85128220322,10.1109/icais53314.2022.9742725,2022,Pavithra R.,A Random Forest Based Smart Fruit Counting,Proceedings of the 2nd International Conference on Artificial Intelligence and Smart Energy Icais 2022,Conference Paper,2,C2,abstrak,,RGB,,,,,,,,maturity,,ya
1188,ripa2022orchard,2-s2.0-85149794121,10.1109/m2vip55626.2022.10041098,2022,Ripa L.,Orchard Yield Estimation using Multi-angle Image Processing,2022 28th International Conference on Mechatronics and Machine Vision in Practice M2vip 2022,Conference Paper,0,C2,abstrak,kiwifruit,RGB,UAV;ground vehicle/robot,,,,,,,,,ya
1152,song2022apple,2-s2.0-85153360571,10.1145/3579895.3579915,2022,Song M.,Apple Counting Network before Fruit Thinning Period Based on Dilated Convolution,ACM International Conference Proceeding Series,Conference Paper,0,C2,abstrak,apple,RGB,handheld/smartphone,,,,,,,,MAE,ya
1213,tang2022field,2-s2.0-85151304776,10.1109/cac57257.2022.10055368,2022,Tang Y.,Field Grape Berry Counting Algorithm Based on Spatial Attention Mechanism,Proceedings 2022 Chinese Automation Congress Cac 2022,Conference Paper,1,C2,abstrak,grape,RGB,,,,,,,,,MAE;MAPE/rel. error;mAP/AP,ya
1198,thendral2022enhanced,2-s2.0-85122503447,10.1007/978-981-16-6448-9_27,2022,Thendral R.,An Enhanced Computer Vision Algorithm for Apple Fruit Yield Estimation in an Orchard,Lecture Notes in Electrical Engineering,Conference Paper,1,C2,judul,apple,RGB,,,,,,,,,,tidak
1171,victorino2022comparing,2-s2.0-85132772400,10.3390/agronomy12061464,2022,Victorino G.,Comparing a New Non-Invasive Vineyard Yield Estimation Approach Based on Image Analysis with Manual Sample-Based Methods,Agronomy,Article,13,C2,abstrak,grape,RGB,,,,,,,,variety/type,R2,ya
1200,victorino2022overcoming,2-s2.0-85124372149,10.20870/oeno-one.2022.56.1.4863,2022,Victorino G.,Overcoming the challenge of bunch occlusion by leaves for vineyard yield estimation using image analysis,Oeno One,Article,7,C2,abstrak,grape,RGB,,,,,,,,mass;variety/type,R2,ya
1186,wan2022automated,2-s2.0-85110232232,10.1016/j.aej.2021.06.053,2022,Wan Nurazwin Syazwani R.,"Automated image identification, detection and fruit counting of top-view pineapple crown using machine learning",Alexandria Engineering Journal,Article,95,C2,abstrak,pineapple,RGB,UAV;ground vehicle/robot,,,,,,,,,ya
1167,wang2022fast,2-s2.0-85136574590,10.3389/fpls.2022.965425,2022,Wang L.,Fast and precise detection of litchi fruits for yield estimation based on the improved YOLOv5 model,Frontiers in Plant Science,Article,71,C2,abstrak,litchi/longan,RGB,ground vehicle/robot;handheld/smartphone,video,,,,,,maturity;size;mass,R2;mAP/AP,ya
1207,xia2022research,2-s2.0-85139474267,10.1109/icivc55077.2022.9886298,2022,Xia G.,Research on Fruit Counting of Xanthoceras Sorbifolium Bunge Based on Deep Learning,2022 7th International Conference on Image Vision and Computing Icivc 2022,Conference Paper,2,C2,abstrak,,RGB,UAV;handheld/smartphone;conveyor/lab,,,,,,,variety/type,count accuracy,ya
519,zabawa2022image,2-s2.0-85129298616,10.1016/j.biosystemseng.2022.04.009,2022,Zabawa L.,Image-based analysis of yield parameters in viticulture,Biosystems Engineering,Article,13,C2,abstrak,grape,RGB,ground vehicle/robot;conveyor/lab,multi-view,,,,,,,,ya
1169,zhang2022complete,2-s2.0-85130851595,10.1016/j.compag.2022.107062,2022,Zhang Y.,Complete and accurate holly fruits counting using YOLOX object detection,Computers and Electronics in Agriculture,Article,129,C2,judul,,RGB,,,,,,,,,,tidak
1158,zhang2022yieldb,2-s2.0-85130324469,10.1016/j.atech.2021.100027,2022,Zhang X.,Yield estimation of citrus fruit using rapid image processing in natural background,Smart Agricultural Technology,Article,29,C2,abstrak,citrus,RGB,UAV;conveyor/lab,,,,,,,maturity,R2,ya
1231,behera2021fruits,2-s2.0-85101200860,10.1007/s11042-021-10704-7,2021,Behera S.K.,Fruits yield estimation using Faster R-CNN with MIoU,Multimedia Tools and Applications,Article,73,C2,judul,,RGB,,,,,,,,,,tidak
1245,buayai2021end,2-s2.0-85099517933,10.1109/access.2020.3048374,2021,Buayai P.,End-to-End Automatic Berry Counting for Table Grape Thinning,IEEE Access,Article,43,C2,abstrak,grape,RGB,,,,,,,,size,,ya
1233,cheng2021method,2-s2.0-85119518798,10.13733/j.jcam.issn.2095-5553.2021.04.25,2021,Cheng W.,Method of greenhouse tomato fruit identification and yield estimation based on improved YOLOv3,Journal of Chinese Agricultural Mechanization,Article,16,C2,judul,tomato,RGB,,,,,,,,,,tidak
1236,koirala2021attempting,2-s2.0-85105415863,10.3390/agronomy11020347,2021,Koirala A.,Attempting to estimate the unseen—correction for occluded fruit in tree fruit load estimation by machine vision with deep learning,Agronomy,Article,44,C2,abstrak,,RGB,ground vehicle/robot,,,,,,,,R2,ya
1224,li2021yield,2-s2.0-85122680013,10.12133/j.smartag.2021.3.2.202105-sa005,2021,Li Z.,Yield Estimation Method of Apple Tree Based on Improved Lightweight YOLOv5,Smart Agriculture,Article,25,C2,abstrak,apple;other berries,RGB,UAV;ground vehicle/robot,,,,,,,mass,MAPE/rel. error;mAP/AP,ya
576,luo2021grape,2-s2.0-85117609191,10.3390/machines9100233,2021,Luo L.,Grape berry detection and size measurement based on edge image processing and geometric morphology,Machines,Article,50,C2,abstrak,grape,RGB,ground vehicle/robot,3D scan/reconstruction,,,,,,size,,ya
599,massah2021design,2-s2.0-85103948648,10.1016/j.compag.2021.106132,2021,Massah J.,"Design, development, and performance evaluation of a robot for yield estimation of kiwifruit",Computers and Electronics in Agriculture,Article,56,C2,abstrak,kiwifruit,RGB,ground vehicle/robot,,,,,,,,R2,ya
566,mirhaji2021fruit,2-s2.0-85118563837,10.1016/j.compag.2021.106533,2021,Mirhaji H.,Fruit detection and load estimation of an orange orchard using the YOLO models through simple approaches in different imaging and illumination conditions,Computers and Electronics in Agriculture,Article,221,C2,judul,citrus,RGB,,,,,,,,,,tidak
1234,neethi2021yield,2-s2.0-85103722821,10.1063/5.0046526,2021,Neethi M.V.,Yield estimation in mango orchards using machine vision,Aip Conference Proceedings,Conference Paper,6,C2,abstrak,mango,RGB,,,,,,,,,,ya
1229,prabhu2021identification,2-s2.0-85113336271,10.1109/incet51464.2021.9456198,2021,Prabhu A.,Identification and yield estimation of mature fruits using modified watershed algorithm,2021 2nd International Conference for Emerging Technology Incet 2021,Conference Paper,3,C2,abstrak,apple;tomato,RGB,,,,,,,,maturity,,ya
570,seo2021development,2-s2.0-85119475648,10.3390/agronomy11112211,2021,Seo D.,Development of monitoring robot system for tomato fruits in hydroponic greenhouses,Agronomy,Article,70,C2,abstrak,tomato,RGB,ground vehicle/robot,,,,,,,maturity,,ya
596,smirnov2021neural,2-s2.0-85108358419,10.1051/e3sconf/202127001021,2021,Smirnov I.,Neural network for identifying apple fruits on the crown of a tree,E3s Web of Conferences,Conference Paper,16,C2,abstrak,apple,RGB,,video,,,,,,size;defect/disease,,ya
578,yi2021detecting,2-s2.0-85119849065,10.11975/j.issn.1002-6819.2021.18.019,2021,Yi S.,Detecting and counting of spring-see citrus using YOLOv4 network model and recursive fusion of features,Nongye Gongcheng Xuebao Transactions of the Chinese Society of Agricultural Engineering,Article,23,C2,judul,citrus,RGB,,,,,,,,,,tidak
1252,afonso2020tomato,2-s2.0-85097242312,10.3389/fpls.2020.571299,2020,Afonso M.,Tomato Fruit Detection and Counting in Greenhouses Using Deep Learning,Frontiers in Plant Science,Article,245,C2,abstrak,tomato,RGB-D,conveyor/lab,,,,,,,,,ya
1285,akai2020distortion,2-s2.0-85110557850,10.1109/icpr48806.2021.9412659,2020,Akai R.,Distortion-adaptive grape bunch counting for omnidirectional images,Proceedings International Conference on Pattern Recognition,Conference Paper,3,C2,abstrak,grape,stereo,,,,,,,,,MAE;mAP/AP,ya
1275,bellocchio2020combining,2-s2.0-85079268444,10.1109/lra.2020.2966398,2020,Bellocchio E.,Combining Domain Adaptation and Spatial Consistency for Unseen Fruits Counting: A Quasi-Unsupervised Approach,IEEE Robotics and Automation Letters,Article,31,C2,abstrak,,RGB,ground vehicle/robot,,,,,,,,,ya
1267,coviello2020gbcnet,2-s2.0-85088657535,10.3390/app10144870,2020,Coviello L.,GBCNet: In-field grape berries counting for yield estimation by dilated CNNs,Applied Sciences Switzerland,Article,50,C2,abstrak,grape,RGB,handheld/smartphone,,,,,,,variety/type,MAE,ya
1283,deng2020tsgye,2-s2.0-85097277394,10.1007/978-3-030-63820-7_66,2020,Deng G.,TSGYE: Two-Stage Grape Yield Estimation,Communications in Computer and Information Science,Conference Paper,10,C2,judul,grape,RGB,,,,,,,,,,tidak
1256,hacking2020vineyard,2-s2.0-85099923542,10.20870/oeno-one.2020.54.4.3361,2020,Hacking C.,Vineyard yield estimation using 2-D proximal sensing: A multitemporal approach,Oeno One,Article,12,C2,abstrak,grape,RGB,,,,,,,,maturity;mass,R2;F1,ya
1278,hani2020comparative,2-s2.0-85070328334,10.1002/rob.21902,2020,Häni N.,A comparative study of fruit detection and counting methods for yield mapping in apple orchards,Journal of Field Robotics,Article,164,C2,abstrak,apple,RGB,,,,,,,,,,ya
1273,liu2020vision,2-s2.0-85083338226,10.1016/j.compag.2020.105360,2020,Liu S.,A vision-based robust grape berry counting algorithm for fast calibration-free bunch weight estimation in the field,Computers and Electronics in Agriculture,Article,55,C2,abstrak,grape,RGB,handheld/smartphone,,,,,,,maturity;mass,,ya
1264,mekhalfi2020vision,2-s2.0-85088879289,10.3390/s20154214,2020,Mekhalfi M.L.,Vision system for automatic on-tree kiwifruit counting and yield estimation,Sensors Switzerland,Article,38,C2,abstrak,kiwifruit,RGB,ground vehicle/robot,,,,,,,,,ya
1282,pawara2020deep,2-s2.0-85096541534,10.1007/978-3-030-61401-0_20,2020,Pawara P.,Deep Learning with Data Augmentation for Fruit Counting,Lecture Notes in Computer Science Including Subseries Lecture Notes in Artificial Intelligence and Lecture Notes in Bioinformatics,Conference Paper,5,C2,judul,,RGB,,,,,,,,,,tidak
647,samiei2020joint,2-s2.0-85088777116,10.3390/s20154173,2020,Samiei S.,Toward joint acquisition-annotation of images with egocentric devices for a lower-cost machine learning application to apple detection,Sensors Switzerland,Article,8,C2,abstrak,apple,RGB,,,,,,,,,,ya
1269,sarron2020machine,2-s2.0-85090748820,10.17660/actahortic.2020.1279.30,2020,Sarron J.,Is machine learning efficient for mango yield estimation when used under heterogeneous field conditions?,Acta Horticulturae,Article,4,C2,abstrak,mango,RGB,,,,,,,,maturity;size;variety/type,RMSE;R2;F1,ya
650,vasconez2020comparison,2-s2.0-85083790497,10.1016/j.compag.2020.105348,2020,Vasconez J.P.,Comparison of convolutional neural networks in fruit detection and counting: A comprehensive evaluation,Computers and Electronics in Agriculture,Article,190,C2,abstrak,apple;citrus;avocado,RGB,,video,,,,,,,,ya
1255,victorino2020yield,2-s2.0-85096837511,10.20870/oeno-one.2020.54.4.3616,2020,Victorino G.,Yield components detection and image-based indicators for non-invasive grapevine yield prediction at different phenological phases,Oeno One,Article,33,C2,abstrak,grape,RGB,ground vehicle/robot;conveyor/lab,,,,,,,size;variety/type,,ya
1270,zabawa2020counting,2-s2.0-85083422258,10.1016/j.isprsjprs.2020.04.002,2020,Zabawa L.,Counting of grapevine berries in images via semantic segmentation using convolutional neural networks,ISPRS Journal of Photogrammetry and Remote Sensing,Article,125,C2,abstrak,grape,RGB,ground vehicle/robot,,,,,,,,,ya
697,anderson2019estimation,2-s2.0-85055179929,10.1007/s11119-018-9614-1,2019,Anderson N.T.,Estimation of fruit load in mango orchards: tree sampling considerations and use of machine vision and satellite imagery,Precision Agriculture,Article,39,C2,abstrak,mango,RGB,,multi-view,,,,,,size,RMSE;R2;MAPE/rel. error,ya
1303,behera2019yield,2-s2.0-85067365970,,2019,Behera S.K.,Yield estimation of pomegranate using image processing techniques,International Journal of Innovative Technology and Exploring Engineering,Article,8,C2,judul,pomegranate,RGB,,,,,,,,,,tidak
1297,bellocchio2019weakly,2-s2.0-85063533977,10.1109/lra.2019.2903260,2019,Bellocchio E.,Weakly Supervised Fruit Counting for Yield Estimation Using Spatial Consistency,IEEE Robotics and Automation Letters,Article,50,C2,abstrak,apple;olive;nut crops,RGB,,,,,,,,,,ya
1300,di2019low,2-s2.0-85067343482,10.3389/fpls.2019.00559,2019,Di Gennaro S.F.,A low-cost and unsupervised image recognition methodology for yield estimation in a vineyard,Frontiers in Plant Science,Article,79,C2,abstrak,grape,RGB,UAV,,,,,,,maturity;size;mass,,ya
1312,di2019precision,2-s2.0-85073743895,10.3920/978-90-8686-888-9_46,2019,Di Gennaro S.F.,A precision viticulture UAV-based approach for early yield prediction in vineyard,Precision Agriculture 2019 Papers Presented at the 12th European Conference on Precision Agriculture Ecpa 2019,Conference Paper,13,C2,abstrak,grape,RGB,UAV;ground vehicle/robot,,,,,,,size,,ya
1305,gutierrez2019ground,2-s2.0-85059198535,10.1016/j.compag.2018.12.041,2019,Gutiérrez S.,Ground based hyperspectral imaging for extensive mango yield estimation,Computers and Electronics in Agriculture,Article,67,C2,abstrak,mango,hyperspectral,ground vehicle/robot,,,,,,,maturity;defect/disease;variety/type,,ya
716,kanwal2019overlapped,2-s2.0-85063598546,10.14569/ijacsa.2019.0100271,2019,Kanwal Z.,Overlapped apple fruit yield estimation using pixel classification and hough transform,International Journal of Advanced Computer Science and Applications,Article,8,C2,abstrak,apple,RGB,ground vehicle/robot,,,,,,,,,ya
1308,kestur2019mangonet,2-s2.0-85054445670,10.1016/j.engappai.2018.09.011,2019,Kestur R.,MangoNet: A deep semantic segmentation architecture for a method to detect and count mangoes in an open orchard,Engineering Applications of Artificial Intelligence,Article,160,C2,abstrak,mango,RGB,,,,,,,,maturity;size,F1,ya
685,koirala2019deep,2-s2.0-85062640867,10.1007/s11119-019-09642-0,2019,Koirala A.,Deep learning for real-time fruit detection and orchard fruit load estimation: benchmarking of ‘MangoYOLO’,Precision Agriculture,Article,467,C2,abstrak,mango,RGB,ground vehicle/robot,multi-view,,,,,,variety/type,mAP/AP;F1,ya
1287,mai2019density,2-s2.0-85081160924,10.1109/iros40897.2019.8967551,2019,Mai X.,A Density Map Estimation Model with DropBlock Regularization for Clustered-Fruit Counting,IEEE International Conference on Intelligent Robots and Systems,Conference Paper,3,C2,abstrak,,RGB,UAV;ground vehicle/robot,,,,,,,,mAP/AP,ya
1302,sathesh2019automated,2-s2.0-85084960059,10.1109/icacce46606.2019.9079955,2019,Sathesh Kumar K.,Automated Yield Estimation of Fruits Using Multilayer Convolution Neural Networks,Proceedings of the 2019 International Conference on Advances in Computing and Communication Engineering Icacce 2019,Conference Paper,0,C2,abstrak,,RGB,,,,,,,,,,ya
4123,wang2019machine,2-s2.0-85070877452,10.17660/actahortic.2019.1244.17,2019,Wang Z.,Using machine vision in mango orchard management,Acta Horticulturae,Conference Paper,1,C2,abstrak,mango,RGB-D,,,,,,,,size,,ya
1313,zhang2019fast,2-s2.0-85141048672,10.16768/j.issn.1004-874x.2019.07.022,2019,Zhang X.,Fast Detection and Yield Estimation of Ripe Citrus Fruit Based on Machine Vision,Guangdong Agricultural Sciences,Article,8,C2,judul,citrus,RGB,,,,,,,,maturity,,tidak
1335,aquino2018automated,2-s2.0-85035801258,10.1016/j.compag.2017.11.026,2018,Aquino A.,Automated early yield prediction in vineyards from on-the-go image acquisition,Computers and Electronics in Agriculture,Article,105,C2,abstrak,grape,RGB,ground vehicle/robot,,,,,,,variety/type,,ya
1325,behera2018tree,2-s2.0-85057715131,10.1109/iccsp.2018.8524363,2018,Behera S.,On-Tree Detection and Counting of Apple Using Color Thresholding and CHT,Proceedings of the 2018 IEEE International Conference on Communication and Signal Processing Iccsp 2018,Conference Paper,13,C2,abstrak,apple,RGB,,,,,,,,,,ya
1337,fu2018kiwifruit,2-s2.0-85053149959,10.1016/j.ifacol.2018.08.137,2018,Fu L.,Kiwifruit yield estimation using image processing by an Android mobile phone,IFAC Papersonline,Conference Paper,23,C2,abstrak,kiwifruit,RGB,handheld/smartphone,,,,,,,,,ya
1328,gayathri2018image,2-s2.0-85054069388,10.1109/ctceec.2017.8455137,2018,Gayathri Devi T.,Image Processing System for Automatic Segmentation and Yield Prediction of Fruits using Open CV,International Conference on Current Trends in Computer Electrical Electronics and Communication Ctceec 2017,Conference Paper,21,C2,abstrak,apple;citrus;mango;cherry;pomegranate,RGB,,,,,,,,,,ya
724,hani2018apple,2-s2.0-85062983796,10.1109/iros.2018.8594304,2018,Häni N.,Apple Counting using Convolutional Neural Networks,IEEE International Conference on Intelligent Robots and Systems,Conference Paper,54,C2,abstrak,apple,RGB,,video,,,,,,,,ya
1324,hutagalung2018detection,2-s2.0-85059372085,10.1109/icici-bme.2017.8537729,2018,Hutagalung A.,Detection and Counting of Mango Fruits in Occluded Condition Using Image Analysis,Proceedings of 2017 5th International Conference on Instrumentation Communications Information Technology and Biomedical Engineering Icici Bme 2017,Conference Paper,6,C2,abstrak,mango,RGB,,,,,,,,mass,,ya
1332,linker2018machine,2-s2.0-85041469535,10.1016/j.biosystemseng.2018.01.003,2018,Linker R.,Machine learning based analysis of night-time images for yield prediction in apple orchard,Biosystems Engineering,Article,36,C2,abstrak,apple,RGB,,,,,,,,size,,ya
728,liu2018tomato,2-s2.0-85057164060,10.20965/jaciii.2018.p1120,2018,Liu J.,Tomato yield estimation based on object detection,Journal of Advanced Computational Intelligence and Intelligent Informatics,Article,7,C2,abstrak,tomato,RGB,,video,,,,,,,,ya
1336,millan2018go,2-s2.0-85062599423,10.1155/2018/9634752,2018,Millan B.,On-the-go grapevine yield estimation using image analysis and boolean model,Journal of Sensors,Article,30,C2,abstrak,grape,RGB,,,,,,,,mass,RMSE;R2,ya
1330,qian2018smartphone,2-s2.0-85044298434,10.1590/1678-992x-2016-0152,2018,Qian J.,A smartphone-based apple yield estimation application using imaging features and the ANN method in mature period,Scientia Agricola,Article,17,C2,abstrak,apple,RGB,handheld/smartphone,,,,,,,maturity,RMSE;R2;mAP/AP,ya
725,sarron2018mango,2-s2.0-85058902246,10.3390/rs10121900,2018,Sarron J.,Mango yield mapping at the orchard scale based on tree structure and land cover assessed by UAV,Remote Sensing,Article,99,C2,abstrak,mango,RGB,UAV;ground vehicle/robot,3D scan/reconstruction,,,,,,size;variety/type,RMSE;R2;mAP/AP,ya
1320,wang2018detection,2-s2.0-85045463489,10.1007/s11119-018-9574-5,2018,Wang C.,Detection and counting of immature green citrus fruit based on the Local Binary Patterns (LBP) feature using illumination-normalized images,Precision Agriculture,Article,73,C2,abstrak,citrus,RGB,,,,,,,,maturity,mAP/AP,ya
1349,bargoti2017image,2-s2.0-85013149597,10.1002/rob.21699,2017,Bargoti S.,Image Segmentation for Fruit Detection and Yield Estimation in Apple Orchards,Journal of Field Robotics,Article,466,C2,abstrak,apple,RGB,ground vehicle/robot,,,,,,,,R2;F1,ya
1353,chen2017counting,2-s2.0-85028676918,10.1109/lra.2017.2651944,2017,Chen S.W.,Counting Apples and Oranges with Deep Learning: A Data-Driven Approach,IEEE Robotics and Automation Letters,Article,405,C2,abstrak,apple;citrus,RGB,,,,,,,,size,mAP/AP,ya
1356,cheng2017early,2-s2.0-85063956936,10.3390/jimaging3010006,2017,Cheng H.,Early yield prediction using image analysis of apple fruit and tree canopy features with neural networks,Journal of Imaging,Article,114,C2,abstrak,apple,RGB,,,,,,,,maturity;mass;variety/type,RMSE;R2;MAPE/rel. error,ya
1350,dorj2017yield,2-s2.0-85020281977,10.1016/j.compag.2017.05.019,2017,Dorj U.O.,An yield estimation in citrus orchards via fruit detection and counting using image processing,Computers and Electronics in Agriculture,Article,234,C2,abstrak,citrus,RGB,,,,,,,,,R2,ya
1358,linker2017procedure,2-s2.0-84981164471,10.1007/s11119-016-9467-4,2017,Linker R.,A procedure for estimating the number of green mature apples in night-time orchard images using light distribution and its application to yield estimation,Precision Agriculture,Article,35,C2,abstrak,apple,RGB,,,,,,,,maturity,,ya
1362,pinho2017comparative,2-s2.0-85042714603,10.1155/2017/7321950,2017,Pinho T.M.,Comparative Analysis between LDR and HDR Images for Automatic Fruit Recognition and Counting,Journal of Sensors,Article,6,C2,abstrak,,RGB,,,,,,,,,count accuracy,ya
1354,qureshi2017machine,2-s2.0-84973167273,10.1007/s11119-016-9458-5,2017,Qureshi W.S.,Machine vision for counting fruit on mango tree canopies,Precision Agriculture,Article,136,C2,abstrak,mango,RGB,,,,,,,,,F1,ya
1346,tran2017automatic,2-s2.0-85043385502,10.1109/nafosted.2017.8108052,2017,Tran C.C.,Automatic dragon fruit counting using adaptive thresholds for image segmentation and shape analysis,2017 4th Nafosted Conference on Information and Computer Science Nics 2017 Proceedings,Conference Paper,7,C2,abstrak,pitaya,RGB,,,,,,,,,,ya
1370,cheng2016detection,2-s2.0-84985007048,10.17660/actahortic.2016.1137.9,2016,Cheng H.,Detection of apple fruit in an orchard for early yield prediction as a function of crop load,Acta Horticulturae,Conference Paper,4,C2,judul,apple,RGB,,,,,,,,,,tidak
1364,hung2016autonomous,2-s2.0-85007379022,10.17660/actahortic.2016.1130.82,2016,Hung C.,Autonomous intelligent system for fruit yield estimation,Acta Horticulturae,Conference Paper,2,C2,judul,,RGB,ground vehicle/robot,,,,,,,,,ya
1366,li2016immature,2-s2.0-84960459772,10.1007/s11119-016-9443-z,2016,Li H.,Immature green citrus fruit detection and counting based on fast normalized cross correlation (FNCC) using natural outdoor colour images,Precision Agriculture,Article,66,C2,abstrak,citrus,RGB,,,,,,,,maturity;size,,ya
1369,maldonado2016automatic,2-s2.0-84979521121,10.1016/j.compag.2016.07.023,2016,Maldonado W.,Automatic green fruit counting in orange trees using digital images,Computers and Electronics in Agriculture,Article,102,C2,abstrak,citrus,RGB,,,,,,,,,,ya
1365,payne2016automating,2-s2.0-85007317039,10.17660/actahortic.2016.1130.87,2016,Payne A.B.,Automating mango crop yield estimation,Acta Horticulturae,Conference Paper,4,C2,judul,mango,RGB,ground vehicle/robot,,,,,,,,,ya
1390,cheng2015ann,2-s2.0-84922349966,10.6041/j.issn.1000-1298.2015.01.003,2015,Cheng H.,ANN model for apple yield estimation based on feature of tree image,Nongye Jixie Xuebao Transactions of the Chinese Society for Agricultural Machinery,Article,3,C2,judul,apple,RGB,,,,,,,,,,tidak
1388,cheng2015early,2-s2.0-84928012226,10.6041/j.issn.1000-1298.2015.03.002,2015,Cheng H.,Early yield estimation of 'Gala' apple trees using image processing combined with support vector machine,Nongye Jixie Xuebao Transactions of the Chinese Society for Agricultural Machinery,Article,13,C2,judul,apple,RGB,,,,,,,,,,tidak
1387,font2015vineyard,2-s2.0-84927603060,10.3390/s150408284,2015,Font D.,Vineyard yield estimation based on the analysis of high resolution images obtained with artificial illumination at night,Sensors Switzerland,Article,80,C2,abstrak,grape,RGB,,,,,,,,size;variety/type,,ya
1391,hung2015feature,2-s2.0-84958534104,10.1007/978-3-319-07488-7_33,2015,Hung C.,A feature learning based approach for automated fruit yield estimation,Springer Tracts in Advanced Robotics,Conference Paper,61,C2,judul,,RGB,,,,,,,,,,tidak
1383,liu2015automatic,2-s2.0-84941208236,10.1109/mva.2015.7153175,2015,Liu S.,Automatic grape bunch detection in vineyards for precise yield estimation,Proceedings of the 14th Iapr International Conference on Machine Vision Applications Mva 2015,Conference Paper,12,C2,abstrak,grape,RGB,,,,,,,,,,ya
1395,syal2015apple,2-s2.0-84944398024,10.1109/iccic.2014.7238364,2015,Syal A.,Apple fruit detection and counting using computer vision techniques,2014 IEEE International Conference on Computational Intelligence and Computing Research IEEE Iccic 2014,Conference Paper,14,C2,abstrak,apple,RGB,,,,,,,,,,ya
1411,font2014counting,2-s2.0-84907370591,10.1016/j.compag.2014.07.006,2014,Font D.,Counting red grapes in vineyards by detecting specular spherical reflection peaks in RGB images obtained at night with artificial illumination,Computers and Electronics in Agriculture,Article,63,C2,abstrak,grape,RGB,,,,,,,,,,ya
1412,yeon2014automatic,2-s2.0-84903210379,10.2495/icie130401,2014,Yeon H.,Automatic detection and count of apples using N-adic overlapped object separation technology,Wit Transactions on Information and Communication Technologies,Conference Paper,1,C2,abstrak,apple,RGB,,,,,,,,,,ya
1418,gong2013citrus,2-s2.0-84876721250,10.1016/j.biosystemseng.2013.03.009,2013,Gong A.,Citrus yield estimation based on images processed by an Android mobile phone,Biosystems Engineering,Article,66,C2,abstrak,citrus,RGB,handheld/smartphone,,,,,,,,,ya
841,payne2013estimation,2-s2.0-84871784324,10.1016/j.compag.2012.11.009,2013,Payne A.B.,Estimation of mango crop yield using image analysis - Segmentation method,Computers and Electronics in Agriculture,Article,239,C2,abstrak,mango,RGB,,multi-view,,,,,,,RMSE;R2,ya
1423,yamamoto2013detection,2-s2.0-84900020881,,2013,Yamamoto K.,Detection and counting of intact tomato fruits on tree using image analysis and machine learning methods,Conference Proceeding 5th International Conference Tae 2013 Trends in Agricultural Engineering 2013,Conference Paper,1,C2,judul,tomato,RGB,,,,,,,,,,tidak
1430,wang2012design,2-s2.0-84871766885,,2012,Wang Q.,Design of crop yield estimation system for apple orchards using computer vision,American Society of Agricultural and Biological Engineers Annual International Meeting 2012 Asabe 2012,Conference Paper,5,C2,judul,apple,RGB,,,,,,,,,,tidak
1431,ye2012fruit,2-s2.0-84931402402,10.1007/978-94-007-4171-3_30,2012,Ye X.,Fruit yield estimation through multispectral imaging,Advances in Citrus Nutrition,Book Chapter,5,C2,judul,,multispectral,,,,,,,,,,tidak
1453,alkhowarizmi2026visual,2-s2.0-105042034976,10.37385/kvqm6450,2026,Al-Khowarizmi ,VISUAL DETECTION OF OIL PALM MATURITY LEVERAGING SIMPLE EVOLVING CONNECTIONIST SYSTEM,Journal of Applied Engineering and Technological Science,Article,0,C3,abstrak,oil palm,RGB,,,,,,,,maturity,,ya
1483,arief2026machine,2-s2.0-105034719344,10.1088/1742-6596/3186/1/012026,2026,Arief D.S.,Machine vision for detection of defective oil palm fresh fruit bunches using YOLO Algorithm,Journal of Physics Conference Series,Conference Paper,0,C3,abstrak,oil palm,RGB,conveyor/lab,,,,,,,defect/disease,mAP/AP,ya
1443,azaman2026four,2-s2.0-105050322413,10.3390/electronics15173777,2026,Azaman M.I.H.,Four-Channel CIEL*a*b*-Infrared Image Representation for CNN-Based Oil Palm Fresh Fruit Bunch Ripeness Classification,Electronics Switzerland,Article,0,C3,abstrak,oil palm,NIR,conveyor/lab,,,,,,,maturity;mass,mAP/AP;F1,ya
1482,dahlan2026detecting,2-s2.0-105037328272,10.1109/icosci66700.2026.11447538,2026,Dahlan A.B.,Detecting Ripeness of Oil Palm Fruit Using YOLO,2026 International Conference on Cognitive Systems and Computer Interaction Icosci 2026 Proceedings,Conference Paper,0,C3,abstrak,oil palm,RGB,,,,,,,,maturity,mAP/AP,ya
865,hamdani2026automated,2-s2.0-105044746019,10.1016/j.atech.2026.102376,2026,Hamdani H.,Automated oil palm fruit counting using deep learning for reliable yield estimation in natural background,Smart Agricultural Technology,Article,0,C3,abstrak,oil palm,RGB,,,,,,,,maturity;mass,MAE;MAPE/rel. error;mAP/AP;F1,ya
1481,jumrat2026detection,2-s2.0-105041885771,10.12720/jait.17.6.1028-1040,2026,Jumrat S.,Detection the Ripeness of Oil Palm Fresh Fruit Bunch Using Pretrained and Improved Models of YOLOv8,Journal of Advances in Information Technology,Article,0,C3,abstrak,oil palm,RGB,,,,,,,,maturity;size,,ya
1466,luo2026synergizing,2-s2.0-105032683131,10.3390/math14050769,2026,Luo Y.,Synergizing Residual and Dense Architectures for Fine-Grained Oil Palm Grading: A Deep Feature Concatenation Approach,Mathematics,Article,0,C3,abstrak,oil palm,RGB,,,,,,,,size;defect/disease,,ya
1449,madadum2026lightweight,2-s2.0-105045865917,10.3390/agriengineering8070296,2026,Madadum H.,Lightweight Deep Learning with Intra-Class Half-Mixing and Geometric Augmentation for Imbalanced Oil Palm Fresh Fruit Bunch Ripeness Classification,Agriengineering,Article,0,C3,abstrak,oil palm,RGB,,,,,,,,maturity;mass,F1,ya
1472,ng2026physics,2-s2.0-105030091563,10.3390/electronics15030671,2026,Ng K.H.,Physics-Informed Neural Network-Assisted Imaging for Oil Palm Fruit Ripeness Classification,Electronics Switzerland,Article,1,C3,abstrak,oil palm,RGB,,,,,,,,maturity,,ya
1442,ramadhani2026similar,2-s2.0-105050467690,10.31436/iiumej.v27i3.4693,2026,Ramadhani Q.P.,"Similar Accuracy, Different Explanations in YOLO-Based Palm Fruit Ripeness Detection",Iium Engineering Journal,Article,0,C3,abstrak,oil palm,RGB,,,,,,,,maturity,mAP/AP,ya
1480,resta2026multimodal,2-s2.0-105033377016,10.1109/access.2026.3675310,2026,Resta F.S.A.,Multimodal Radar-Vision for Oil Palm Fresh Fruit Bunch Ripeness Classification,IEEE Access,Article,0,C3,abstrak,oil palm,radar,conveyor/lab,,,,,,,maturity;mass,mAP/AP;F1,ya
1485,suriani2026feasibility,2-s2.0-105038358042,10.14569/ijacsa.2026.0170272,2026,Suriani N.S.,A Feasibility Study on Synthetic RGB-NIR Image Generation for Oil Palm Fresh Fruit Bunch Grading,International Journal of Advanced Computer Science and Applications,Article,0,C3,abstrak,oil palm,NIR,,,,,,,,maturity,F1,ya
1468,usman2026integration,2-s2.0-105027761498,10.22266/ijies2026.0228.02,2026,Usman U.,Integration of Hybrid GA-PSO-SA with Self-adaptive Dynamic Attention for Multi-objective CNN-based Oil Palm Fruit Ripeness Classification,International Journal of Intelligent Engineering and Systems,Article,0,C3,abstrak,oil palm,RGB,,,,,,,,maturity;size,F1,ya
1499,warni2026stereo,2-s2.0-105039216861,10.18280/isi.310225,2026,Warni E.,Stereo Vision-Based Detection and 3D Localization of Loose Oil Palm Fruits Using YOLOv8 and Hungarian Matching,Ingenierie Des Systemes D Information,Article,0,C3,judul,oil palm,stereo,,,,,,,,,,tidak
1477,wijaya2026identification,2-s2.0-105045951797,,2026,Wijaya W.O.,Identification of Fruit Ripeness Level in Oil Palm Plants Using Convolutional Neural Network Algorithm and Deep Learning Approach,Palm Oil Undercover in North Sumatra Indonesia,Book Chapter,0,C3,judul,oil palm,RGB,,,,,,,,maturity,,tidak
1451,wu2026oil,2-s2.0-105045683521,10.3390/app16147292,2026,Wu J.,Oil Palm Fruit Maturity Classification Algorithm Based on LAB Dual-Branch Feature Fusion,Applied Sciences Switzerland,Article,0,C3,abstrak,oil palm,RGB,conveyor/lab,,,,,,,maturity,F1,ya
1475,yunita2026optimization,2-s2.0-105025519928,10.22266/ijies2026.0131.10,2026,Yunita F.,Optimization of the EfficientNet-Swin Transformer Hybrid Model with Dynamic Attention and Multi-task Learning for Accurate Palm Fruit Classification,International Journal of Intelligent Engineering and Systems,Article,1,C3,abstrak,oil palm,RGB,,,,,,,,maturity;defect/disease,F1,ya
1576,chotikawanid2025optimizing,2-s2.0-105013866134,10.1155/acis/6263757,2025,Chotikawanid P.,Optimizing an Object Detection Algorithm for Detecting Oil Palm Fruit Bunches and Their Ripeness,Applied Computational Intelligence and Soft Computing,Article,3,C3,abstrak,oil palm,RGB,,,,,,,,maturity,mAP/AP,ya
1560,chowdhury2025comparative,2-s2.0-105019060176,10.1109/roma66616.2025.11155279,2025,Chowdhury A.K.,Comparative Study of Different YOLO Variants for Ripeness Detection of Palm Oil Fresh Fruit Bunches,2025 IEEE 6th International Conference in Robotics and Manufacturing Automation Roma 2025,Conference Paper,3,C3,abstrak,oil palm,RGB,,video,,,,,,maturity,F1,ya
1554,cindra2025utilization,2-s2.0-105033144726,10.1109/icdxa69105.2025.11329640,2025,Cindra J.A.,Utilization of Machine Learning in Identifying Oil Palm Fruit Ripeness to Enhance the Efficiency of Oil Palm Plantations,2025 4th International Conference on Digital Transformation and Applications Icdxa 2025,Conference Paper,0,C3,abstrak,oil palm,RGB,,,,,,,,maturity,,ya
1574,desandros2025interpretable,2-s2.0-105034887982,10.1109/icimcis68501.2025.11327346,2025,Desandros A.,Interpretable Model for Oil Palm Fruit Ripeness Level Classification,Proceedings 7th International Conference on Informatics Multimedia Cyber and Information System Icimcis 2025,Conference Paper,0,C3,abstrak,oil palm,RGB,,,,,,,,maturity,F1,ya
1583,fadillah2025enhanced,2-s2.0-105034933980,10.1109/icimcis68501.2025.11327377,2025,Fadillah A.,Enhanced Palm Oil Image Quality Using RGF-ESRGAN Architecture,Proceedings 7th International Conference on Informatics Multimedia Cyber and Information System Icimcis 2025,Conference Paper,0,C3,judul,oil palm,RGB,,,,,,,,,,tidak
1509,goh2025outdoor,2-s2.0-105003808034,10.1038/s41597-025-04953-6,2025,Goh J.Y.,Outdoor RGB and Point Cloud Depth Dataset for Palm Oil Fresh Fruit Bunch Ripeness Classification and Localization,Scientific Data,Article,10,C3,abstrak,oil palm,RGB-D,,3D scan/reconstruction,,,,,,maturity,,ya
1566,hakim2025loose,2-s2.0-105016844256,10.1109/rcar65431.2025.11139587,2025,Hakim Nasir M.N.,Loose Oil Palm Fruitlet Detection Using YOLOv8 Nano Model By Layer Freezing Training for Better Accuracy with Small Dataset,Rcar 2025 IEEE International Conference on Real Time Computing and Robotics,Conference Paper,0,C3,abstrak,oil palm,RGB,ground vehicle/robot,,,,,,,,mAP/AP,ya
1575,harjanto2025lightweight,2-s2.0-105033360896,10.1109/icoiact67584.2025.11344923,2025,Harjanto N.F.,Lightweight YOLOv8n Segmentation and ShuffleNetV2 Transfer Learning Integration for Oil Palm Fruit Ripeness Classification,International Conference on Information and Communications Technology Icoiact,Conference Paper,2,C3,abstrak,oil palm,RGB,,,,,,,,maturity;mass,,ya
1528,hutapea2025comparison,2-s2.0-105006848452,10.24507/icicelb.16.07.797,2025,Hutapea R.R.,COMPARISON OF PALM OIL FRUIT RIPENESS DETECTION AND CLASSIFICATION METHODS USING DEEP LEARNING,Icic Express Letters Part B Applications,Article,1,C3,judul,oil palm,RGB,,,,,,,,maturity,,tidak
1513,indrabayu2025cascading,2-s2.0-105025890346,10.62527/joiv.9.6.3137,2025,Indrabayu ,A Cascading of YOLOv8 and Random Forest Regression in Oil Palm Fresh Fruit Bunch Mass Estimation System using Unmanned Aerial Vehicle Imagery,International Journal on Informatics Visualization,Article,0,C3,abstrak,oil palm,RGB,UAV;ground vehicle/robot,,,,,,,mass,MAE;RMSE,ya
1558,izzatina2025knowledge,2-s2.0-105034717933,10.1109/icts67612.2025.11369518,2025,Izzatina A.R.,Knowledge Distillation for Efficient Ordinal Classification of Oil Palm Ripeness Level,2025 15th International Conference on Information and Communication Technology and System AI for the Now and Next Delivering Solutions and Driving Vision Icts 2025,Conference Paper,0,C3,abstrak,oil palm,RGB,,,,,,,,maturity;size;mass,,ya
1559,jailani2025concatenated,2-s2.0-105037443466,10.1109/icoias69065.2025.00011,2025,Jailani B.M.,Concatenated Image Technique Approach to Optimize AI Detection Inference Time and Resource Utilization,Proceedings 2025 7th International Conference on Intelligent Autonomous Systems Icoias 2025,Conference Paper,0,C3,abstrak,oil palm,RGB,ground vehicle/robot,multi-view,,,,,,,F1,ya
1572,kiet2025study,2-s2.0-105016191232,10.1109/is3c65361.2025.11131089,2025,Kiet V.M.,A Study of Oil Palm Fruit Ripeness Using YOLOv8 for Smart Agriculture Applications,Is3c 2025 International Symposium on Computer Consumer and Control,Conference Paper,0,C3,judul,oil palm,RGB,,,,,,,,maturity,,tidak
1536,kurniawan2025advancing,2-s2.0-85216708254,10.11591/eei.v14i2.8651,2025,Kurniawan R.,Advancing palm oil fruit ripeness classification using transfer learning in deep neural networks,Bulletin of Electrical Engineering and Informatics,Article,4,C3,abstrak,oil palm,RGB,,,,,,,,maturity,,ya
1552,kurniawan2025classification,2-s2.0-85215003775,10.22441/sinergi.2025.1.019,2025,Kurniawan R.,Classification of palm oil fruit ripeness based on AlexNet deep Convolutional Neural Network,Sinergi Indonesia,Article,5,C3,abstrak,oil palm,RGB,,,,,,,,maturity;defect/disease,,ya
1573,laddawong2025federated,2-s2.0-105008649965,10.1155/acis/9241523,2025,Laddawong P.,Federated Learning for Grading Oil Palm Fruit Ripeness in the Oil Palm Industry,Applied Computational Intelligence and Soft Computing,Article,3,C3,abstrak,oil palm,RGB,conveyor/lab,,,,,,,maturity,,ya
1556,laddawong2025privacy,2-s2.0-105001151424,10.12720/jait.16.3.434-446,2025,Laddawong P.,Privacy-Preserving Federated Learning in Oil Palm Industry for Fresh Fruit Bunch Ripeness Grading,Journal of Advances in Information Technology,Article,1,C3,abstrak,oil palm,RGB,conveyor/lab,,,,,,,maturity,,ya
1530,luo2025computationally,2-s2.0-105009073349,10.3390/technologies13060234,2025,Luo Y.,Computationally Efficient Transfer Learning Pipeline for Oil Palm Fresh Fruit Bunch Defect Detection,Technologies,Article,6,C3,abstrak,oil palm,RGB,ground vehicle/robot,,,,,,,defect/disease,,ya
1518,mirfan2025automated,2-s2.0-105022276552,10.29207/resti.v9i5.6683,2025,Mirfan ,Automated Ripeness Detection of Oil Palm Fruit Using a Hybrid GLCM-HSV-KNN Model,Jurnal Resti,Article,1,C3,abstrak,oil palm,RGB,,,,,,,,maturity,,ya
1561,noordin2025real,2-s2.0-105031054595,10.55981/j.mev.2025.1220,2025,Noordin N.H.,Real-time FFB ripeness detection using IoT-enabled YOLOv8n on Raspberry Pi 4 edge devices for precision agriculture,Journal of Mechatronics Electrical Power and Vehicular Technology,Article,1,C3,abstrak,oil palm;other berries,RGB,,,,,,,,maturity,mAP/AP,ya
1555,nor2025evaluating,2-s2.0-105035529855,10.1109/icsys65149.2025.11379914,2025,Nor R.M.,Evaluating YOLOv8-Pose Model Variants for Accurate Pose Estimation in Oil Palm Ripe Fresh Fruit Bunches (FFB) Detection,2025 IEEE International Circuit and System Symposium Icsys 2025,Conference Paper,0,C3,abstrak,oil palm,RGB,conveyor/lab,,,,,,,maturity;mass,mAP/AP,ya
1585,nuwara2025improving,2-s2.0-85219176980,10.1007/978-3-031-80507-3_15,2025,Nuwara Y.,Improving Object Detection Performance on Low-Quality Images Using Histogram Matching and Model Stacking,Lecture Notes in Computer Science Including Subseries Lecture Notes in Artificial Intelligence and Lecture Notes in Bioinformatics,Conference Paper,0,C3,judul,,RGB,,,,,,,,,,tidak
1535,rosbi2025segmentation,2-s2.0-105003182567,10.1063/5.0208643,2025,Rosbi M.,Segmentation of Outdoor Oil Palm Fruit Images for Ripeness Detection using YOLO Algorithm and Features Thresholding,Aip Conference Proceedings,Conference Paper,0,C3,judul,oil palm,RGB,,,,,,,,maturity,,tidak
1537,said2025optimization,2-s2.0-105001438889,10.37934/ard.127.1.6783,2025,Said W.Z.W.,Optimization of Artificial Neural Networks using Genetic Algorithm for Palm Fruit Ripeness Classification,Journal of Advanced Research Design,Article,1,C3,abstrak,oil palm,RGB,,,,,,,,maturity;size,,ya
1597,santoso2025se,2-s2.0-105034714084,10.1109/icts67612.2025.11369614,2025,Santoso L.,SE-SMOTE: Latent-Space Oversampling for Long-Tailed Oil Palm Fruit Classification,2025 15th International Conference on Information and Communication Technology and System AI for the Now and Next Delivering Solutions and Driving Vision Icts 2025,Conference Paper,0,C3,abstrak,oil palm,RGB,,,,,,,,maturity,F1,ya
1571,setiawan2025detection,2-s2.0-105005634730,10.62527/joiv.9.2.2687,2025,Setiawan D.,Detection of Oil Palm Fruit Ripeness through Image Feature Optimization using Convolutional Neural Network Algorithm,International Journal on Informatics Visualization,Article,2,C3,abstrak,oil palm,RGB,handheld/smartphone,,,,,,,maturity;defect/disease,,ya
1570,srithai2025ripeness,2-s2.0-105007160864,10.1109/ieecon64081.2025.10987902,2025,Srithai N.,Ripeness Classification of Fresh Oil Palm Using Deep Learning,Proceedings Ieecon 2025 2025 13th International Electrical Engineering Congress Carbon Neutrality Challenges and Solutions Based on Sustainable Power of Nature,Conference Paper,1,C3,abstrak,oil palm,RGB,,,,,,,,maturity;size,mAP/AP,ya
117,suharjito2025oil,2-s2.0-105007856662,10.1038/s41597-025-05227-x,2025,Suharjito ,Oil Palm Fruits Dataset in Plantations for Harvest Estimation Using Digital Census and Smartphone,Scientific Data,Article,7,C3,abstrak,oil palm,RGB,handheld/smartphone,video,,,,,,maturity,,ya
1589,sukma2025integration,2-s2.0-105025417528,10.1109/aims66189.2025.11229503,2025,Sukma E.,Integration of Single Shot Multibox Detector and Single Scale Retinex in Detecting Oil Palm Fruit Bunches in Low Light Conditions,2025 IEEE International Conference on Artificial Intelligence and Mechatronics Systems Aims 2025,Conference Paper,2,C3,abstrak,oil palm,RGB,,,,,,,,,F1,ya
1557,tang2025markerless,2-s2.0-85218356002,10.1117/12.3057866,2025,Tang T.Y.,Markerless Feature-Registration-Based Image Processing Framework for Oil Palm Fresh Fruit Bunch Robotic Harvester,Proceedings of SPIE the International Society for Optical Engineering,Conference Paper,0,C3,abstrak,oil palm,RGB,ground vehicle/robot,,,,,,,maturity,F1,ya
1587,warni2025comparative,2-s2.0-105034171637,10.1109/wincom65874.2025.11313397,2025,Warni E.,Comparative Analysis of Series YOLO Models for Loose Fruits Palm Oil Detection: A Comprehensive Performance Evaluation,International Conference on Wireless Networks and Mobile Communications Wincom,Conference Paper,0,C3,abstrak,oil palm,RGB,conveyor/lab,,,,,,,mass,mAP/AP,ya
1580,warni2025harnessing,2-s2.0-105002274876,10.1109/icadeis65852.2025.10933352,2025,Warni E.,Harnessing YOLO for Loose Fruits Detection: Boosting Productivity in Palm Oil Plantations,Icadeis 2025 2025 International Conference on Advancement in Data Science E Learning and Information System Integrating Data Science and Information System Proceeding,Conference Paper,4,C3,abstrak,oil palm,RGB,,,,,,,,size;mass,mAP/AP,ya
1565,zaman2025hybrid,2-s2.0-105016905958,10.1109/isitia66279.2025.11137494,2025,Zaman B.,A Hybrid Approach for Handling Occlusion in UAV Images of Fresh Oil Palm Fruit Bunches Based on Computer Vision,Proceedings International Seminar on Intelligent Technology and Its Applications Isitia,Conference Paper,2,C3,abstrak,oil palm,RGB,UAV,,,,,,,,mAP/AP,ya
1685,bakar2024color,2-s2.0-105005025569,10.1109/icece63871.2024.10976938,2024,Bakar J.A.,Color-Based Ripeness Classification of Oil Palm Fresh Fruit Bunches Using Convolution Neural Networks and Data Augmentation,2024 IEEE 7th International Conference on Electronics and Communication Engineering Icece 2024,Conference Paper,0,C3,abstrak,oil palm,RGB,ground vehicle/robot,,,,,,,maturity,,ya
1700,bonet2024deep,2-s2.0-85190776011,10.5220/0012434600003636,2024,Bonet I.,Deep Learning Model to Predict the Ripeness of Oil Palm Fruit,International Conference on Agents and Artificial Intelligence,Conference Paper,6,C3,abstrak,oil palm,RGB,,,,,,,,maturity,,ya
1704,chowdhury2024oil,2-s2.0-85201574178,10.1007/978-981-97-0169-8_14,2024,Chowdhury A.K.,Oil Palm Fresh Fruit Branch Ripeness Detection Using YOLOV6 Algorithm,Lecture Notes in Mechanical Engineering,Conference Paper,7,C3,judul,oil palm,RGB,,,,,,,,maturity,,tidak
1677,goh2024synthetic,2-s2.0-85175973924,10.1007/978-981-99-7240-1_22,2024,Goh J.Y.,Synthetic Data Generation for Fresh Fruit Bunch Ripeness Classification,Communications in Computer and Information Science,Conference Paper,6,C3,judul,oil palm,RGB,,,,,,,,maturity,,tidak
1684,goh2024vision,2-s2.0-85206492428,10.1109/icsipa62061.2024.10686009,2024,Goh J.Y.,Vision Language Models for Oil Palm Fresh Fruit Bunch Ripeness Classification,2024 IEEE 8th International Conference on Signal and Image Processing Applications Icsipa 2024,Conference Paper,4,C3,abstrak,oil palm,RGB,,,,,,,,maturity,,ya
1683,harmiansyah2024detection,2-s2.0-85202621532,10.1088/1755-1315/1379/1/012003,2024,Harmiansyah ,Detection of new oil palm fruit bunches based on deep learning,Iop Conference Series Earth and Environmental Science,Conference Paper,3,C3,abstrak,oil palm,RGB,,,,,,,,maturity,,ya
1681,hidayat2024establishing,2-s2.0-105001030306,10.1109/icoris63540.2024.10903724,2024,Hidayat M.R.,Establishing a Standard Operating Procedure (SOP) for Palm Oil Plantation FFB Image Capture: Utilizing YOLOv8 for Counting and Ripeness Classification,2024 6th International Conference on Cybernetics and Intelligent System Icoris 2024,Conference Paper,0,C3,abstrak,oil palm,RGB,,,,,,,,maturity,,ya
1087,hutapea2024palm,2-s2.0-105000939465,10.1109/icoris63540.2024.10903790,2024,Hutapea R.R.,Palm Fruit Ripeness Detection and Counting Using YOLOv8 Algorithm in PTPN IV Medan North Sumatera Indonesia,2024 6th International Conference on Cybernetics and Intelligent System Icoris 2024,Conference Paper,0,C3,abstrak,oil palm,RGB,,,,,,,,maturity;size;defect/disease,,ya
1698,jailani2024fresh,2-s2.0-105001502753,10.1109/ispacs62486.2024.10867934,2024,Jailani B.M.,Fresh Fruit Bunch Detection Performance: A Comparative Evaluation of Training Strategies,Proceedings of the International Symposium on Intelligent Signal Processing and Communication Systems Ispacs,Conference Paper,0,C3,abstrak,oil palm,RGB,,,,,,,,,,ya
1713,japar2024oil,2-s2.0-85201784266,10.1109/access.2024.3446890,2024,Japar A.F.,Oil Palm Loose Fruit Detection Using YOLOv4 for an Autonomous Mobile Robot Collector,IEEE Access,Article,14,C3,abstrak,oil palm,RGB,ground vehicle/robot,video,,,,,,,F1,ya
1686,josdaan2024revolutionizing,2-s2.0-85213016301,10.1016/j.procs.2024.10.296,2024,Josdaan J.,Revolutionizing palm oil ripeness classification: Utilizing YOLOv8 for ultra-precise ripeness detection,Procedia Computer Science,Conference Paper,8,C3,abstrak,oil palm,RGB,,,,,,,,maturity;defect/disease,,ya
1619,junos2024improved,2-s2.0-85201323209,10.1007/s00521-024-10300-4,2024,Junos M.H.,Improved hybrid feature extractor in lightweight convolutional neural network for postharvesting technology: automated oil palm fruit grading,Neural Computing and Applications,Article,8,C3,judul,oil palm,RGB,ground vehicle/robot,,,,,,,mass,,tidak
1716,kakisina2024detection,2-s2.0-105002369644,10.1049/icp.2025.0302,2024,Kakisina S.E.,DETECTION AND SEQUENCE OF COLLECTING LOOSE OIL PALM FRUIT USING DEEP LEARNING TECHNIQUE,Iet Conference Proceedings,Conference Paper,0,C3,abstrak,oil palm,RGB,ground vehicle/robot,,,,,,,mass,mAP/AP,ya
1679,kusumawardani2024integrated,2-s2.0-105012965559,10.1504/ijqet.2024.147902,2024,Kusumawardani R.,Integrated deep and classical machine learning for ripeness classification of oil-palm fresh fruit bunches,International Journal of Quality Engineering and Technology,Article,0,C3,abstrak,oil palm,RGB,conveyor/lab,,,,,,,maturity,,ya
1696,naftali2024palm,2-s2.0-85197096289,10.1109/access.2024.3419835,2024,Naftali M.G.,Palm Oil Counter: State-of-the-Art Deep Learning Models for Detection and Counting in Plantations,IEEE Access,Article,19,C3,abstrak,oil palm,RGB,,,,,,,,maturity;size,MAE;RMSE;mAP/AP,ya
1687,naghipour2024yolo,2-s2.0-85217201030,10.1109/icecce63537.2024.10823630,2024,Naghipour M.,YOLO-Based Oil Palm FFB Ripeness Detection,5th International Conference on Electrical Communication and Computer Engineering Icecce 2024,Conference Paper,1,C3,abstrak,oil palm,RGB,,,,,,,,maturity,mAP/AP,ya
1639,narendran2024loose,2-s2.0-85204017513,10.1063/5.0229191,2024,Narendran R.,Loose fruit detection for autonomous loose fruit collector,Aip Conference Proceedings,Conference Paper,3,C3,judul,oil palm,RGB,,,,,,,,,,tidak
302,narendran2024palm,2-s2.0-85203962525,10.1063/5.0229292,2024,Narendran R.,Palm fruit harvesting using IoT-based fruit counting system,Aip Conference Proceedings,Conference Paper,5,C3,judul,oil palm,RGB,,,,,,,,,,tidak
1644,omar2024outdoor,2-s2.0-85197573935,10.1016/j.dib.2024.110667,2024,Omar Z.,Outdoor oil palm fruit ripeness dataset,Data in Brief,Data Paper,9,C3,abstrak,oil palm,RGB,,,,,,,,maturity;defect/disease,,ya
1702,purba2024comparison,2-s2.0-85214678756,10.1109/icitcom62788.2024.10762053,2024,Purba S.J.,"Comparison of the Latest Version of Deep Learning YOLO Model in Automatically Detecting the Ripeness Level of Oil Palm Fruit in PTPN IV, North Sumatra, Indonesia",Proceedings 2024 International Conference on Information Technology and Computing Icitcom 2024,Conference Paper,3,C3,abstrak,oil palm,RGB,,,,,,,,maturity;size;defect/disease,,ya
1656,puttinaovarat2024oil,2-s2.0-85194403180,10.3390/ijgi13050158,2024,Puttinaovarat S.,Oil Palm Bunch Ripeness Classification and Plantation Verification Platform: Leveraging Deep Learning and Geospatial Analysis and Visualization,ISPRS International Journal of Geo Information,Article,11,C3,abstrak,oil palm,RGB,handheld/smartphone,,,,,,,maturity,,ya
1635,ramasenderan2024development,2-s2.0-85203968994,10.1063/5.0229279,2024,Ramasenderan N.,Development of a YOLOv5-based system for real-time detection and classification of ripe and unripe oil palm fruits,Aip Conference Proceedings,Conference Paper,3,C3,judul,oil palm,RGB,,,,,,,,maturity,,tidak
1609,rosbi2024machine,2-s2.0-85211119444,10.1016/j.atech.2024.100691,2024,Rosbi M.,Machine learning for automated oil palm fruit grading: The role of fuzzy C-means segmentation and textural features,Smart Agricultural Technology,Article,12,C3,abstrak,oil palm,RGB,,,,,,,,maturity;defect/disease,,ya
1608,shiddiq2024multispectral,2-s2.0-85205253694,10.11591/eei.v13i6.8120,2024,Shiddiq M.,Multispectral imaging and deep learning for oil palm fruit bunch ripeness detection,Bulletin of Electrical Engineering and Informatics,Article,7,C3,abstrak,oil palm,multispectral,handheld/smartphone;conveyor/lab,video,,,,,,maturity,,ya
1670,shiddiq2024neural,2-s2.0-85184155815,10.12928/telkomnika.v22i1.24845,2024,Shiddiq M.,Neural network with k-fold cross validation for oil palm fruit ripeness prediction,Telkomnika Telecommunication Computing Electronics and Control,Article,22,C3,abstrak,oil palm,hyperspectral,conveyor/lab,,,,,,,maturity,,ya
1607,soetrisno2024oil,2-s2.0-85213067421,10.21894/jopr.2023.0059,2024,Soetrisno Y.A.A.,OIL PALM LEVEL OF RIPENESS CLASSIFICATION USING EFFICIENTDET-LITE CNN ARCHITECTURE,Journal of Oil Palm Research,Article,7,C3,abstrak,oil palm,RGB,,,,,,,,maturity,,ya
1665,wang2024novel,2-s2.0-85178429193,10.37934/araset.34.1.350360,2024,Wang H.H.,Novel Feature Extraction for Oil Palm Bunches Classification,Journal of Advanced Research in Applied Sciences and Engineering Technology,Article,4,C3,abstrak,oil palm,RGB,,,,,,,,maturity,,ya
1618,zulkhoiri2024investigation,2-s2.0-85211597685,10.1051/e3sconf/202459502010,2024,Zulkhoiri M.A.,Investigation of oil palm fruit bunch ripeness classification using machine learning classifiers,E3s Web of Conferences,Conference Paper,3,C3,abstrak,oil palm,RGB,,,,,,,,maturity;size,,ya
1822,aji2023oil,2-s2.0-85175633988,10.18196/jrc.v4i5.19499,2023,Aji W.S.,Oil Palm USB (Unstripped Bunch) Detector Trained on Synthetic Images Generated by PGGAN,Journal of Robotics and Control Jrc,Article,1,C3,abstrak,oil palm,RGB,conveyor/lab,,,,,,,maturity,,ya
1766,borman2023classification,2-s2.0-85176791330,10.1063/5.0126513,2023,Borman R.I.,Classification of maturity levels of palm fresh fruit bunches using the linear discriminant analysis algorithm,Aip Conference Proceedings,Conference Paper,4,C3,judul,oil palm,RGB,,,,,,,,maturity,,tidak
467,daud2023detection,2-s2.0-85178081583,,2023,Daud M.M.,Detection of Oil Palm Tree and Loose Fruitlets for Fresh Fruit Bunch's Ready-to-Harvest Prediction via Deep Learning Approach,Iaeng International Journal of Computer Science,Article,14,C3,judul,oil palm,RGB,,,,,,,,,,tidak
1801,gunawan2023palm,2-s2.0-85183464075,10.1109/icsima59853.2023.10373435,2023,Gunawan T.S.,Palm Fruit Ripeness Detection and Classification Using Various YOLOv8 Models,Icsima 2023 9th IEEE International Conference on Smart Instrumentation Measurement and Applications,Conference Paper,20,C3,abstrak,oil palm,RGB,conveyor/lab,,,,,,,maturity,mAP/AP,ya
1747,herman2023deep,2-s2.0-85179083429,10.24507/icicel.17.12.1303,2023,Herman ,DEEP LEARNING WITH AUXILIARY LEARNING ATTENTION MECHANISM FOR OIL PALM FRUIT IMAGE RIPENESS CLASSIFICATION,Icic Express Letters,Article,6,C3,judul,oil palm,RGB,,,,,,,,maturity,,tidak
1805,junior2023video,2-s2.0-85147426818,10.1016/j.heliyon.2023.e13036,2023,Junior F.A.,Video based oil palm ripeness detection model using deep learning,Heliyon,Article,20,C3,abstrak,oil palm,RGB,,video,,,,,,maturity,mAP/AP,ya
1804,mamat2023enhancing,2-s2.0-85146683543,10.3390/su15020901,2023,Mamat N.,Enhancing Image Annotation Technique of Fruit Classification Using a Deep Learning Approach,Sustainability Switzerland,Article,136,C3,abstrak,oil palm,RGB,,,,,,,,maturity;size;variety/type,mAP/AP,ya
1775,pipitsunthonsan2023palm,2-s2.0-85158000808,10.1016/j.compag.2023.107864,2023,Pipitsunthonsan P.,Palm bunch grading technique using a multi-input and multi-label convolutional neural network,Computers and Electronics in Agriculture,Article,18,C3,judul,,RGB,,,,,,,,,,tidak
1795,priyadi2023comparison,2-s2.0-85177467805,10.1109/iciss59129.2023.10291928,2023,Priyadi M.R.A.,Comparison of YOLOv8 and EfficientDet4 Algorithms in Detecting the Ripeness of Oil Palm Fruit Bunch,10th International Conference on ICT for Smart Society Iciss 2023 Proceeding,Conference Paper,6,C3,abstrak,oil palm,RGB,,video,,,,,,maturity,mAP/AP,ya
1742,pusadan2023image,2-s2.0-105003060864,10.29207/resti.v7i6.5558,2023,Pusadan M.Y.,The Image Extraction Using the HSV Method to Determine the Maturity Level of Palm Oil Fruit with the k-nearest Neighbor Algorithm,Jurnal Resti,Article,4,C3,abstrak,oil palm,RGB,,,,,,,,maturity,mAP/AP,ya
1800,saechen2023oil,2-s2.0-105025756490,10.14456/kmuttrd.2023.6,2023,Saechen P.,Oil Palm Fresh Fruit Bunch Ripeness Classification by Deep Learning,Science and Engineering Connect,Article,0,C3,judul,oil palm,RGB,,,,,,,,maturity,,tidak
1806,saifullah2023palm,2-s2.0-85183539823,10.1016/j.procs.2023.10.294,2023,Saifullah S.,Palm Oil Maturity Classification Using K-Nearest Neighbors Based on RGB and L*a*b Color Extraction,Procedia Computer Science,Conference Paper,21,C3,abstrak,oil palm,RGB,handheld/smartphone,,,,,,,maturity;size,,ya
1743,salim2023hyperparameter,2-s2.0-85177559900,10.1016/j.atech.2023.100364,2023,Salim E.,Hyperparameter optimization of YOLOv4 tiny for palm oil fresh fruit bunches maturity detection using genetics algorithms,Smart Agricultural Technology,Article,26,C3,abstrak,oil palm,RGB,,,,,,,,maturity,mAP/AP,ya
1783,sari2023ripeness,2-s2.0-85160078732,10.1063/5.0120735,2023,Sari W.E.,Ripeness level detection of oil palm fresh fruit bunches using K-means clustering algorithm,Aip Conference Proceedings,Conference Paper,0,C3,judul,oil palm,RGB,,,,,,,,maturity,,tidak
434,shiddiq2023counting,2-s2.0-85161346644,10.21894/jopr.2022.0029,2023,Shiddiq M.,COUNTING OF OIL PALM FRESH FRUIT BUNCHES USING COMPUTER VISION,Journal of Oil Palm Research,Article,3,C3,abstrak,oil palm,RGB,conveyor/lab,video,,,,,,,count accuracy,ya
1745,suharjito2023annotated,2-s2.0-85147390182,10.1038/s41597-023-01958-x,2023,Suharjito ,Annotated Datasets of Oil Palm Fruit Bunch Piles for Ripeness Grading Using Deep Learning,Scientific Data,Data Paper,36,C3,abstrak,oil palm,RGB,conveyor/lab,video,,,,,,maturity;size,,ya
1799,suharjito2023real,2-s2.0-85163211911,10.1109/access.2023.3285537,2023,Suharjito ,Real-Time Oil Palm Fruit Grading System Using Smartphone and Modified YOLOv4,IEEE Access,Article,35,C3,abstrak,oil palm,RGB,handheld/smartphone,video,,,,,,maturity,mAP/AP,ya
1798,valentine2023classification,2-s2.0-85161412950,10.1007/978-981-19-8406-8_46,2023,Valentine S.C.,Classification of Oil Palm Fresh Fruit Bunches (FFB) Based on Its Maturity Colour Using Convolutional Neural Network (CNN) Approach,Lecture Notes in Electrical Engineering,Conference Paper,1,C3,judul,oil palm,RGB,,,,,,,,maturity,,tidak
1756,wijaya2023superiority,2-s2.0-85180331842,,2023,Wijaya V.F.,THE SUPERIORITY OF YOLOV4 MODEL FOR ENHANCING PALM OIL FRUIT DETECTION,Journal of Theoretical and Applied Information Technology,Article,1,C3,judul,oil palm,RGB,,,,,,,,,,tidak
1867,aji2022oil,2-s2.0-85136793377,10.11591/ijai.v11.i1.pp189-200,2022,Aji W.S.,Oil palm unstripped bunch detector using modified faster regional convolutional neural network,Iaes International Journal of Artificial Intelligence,Article,4,C3,abstrak,oil palm,RGB,conveyor/lab,,,,,,,,mAP/AP,ya
1844,alfatni2022real,2-s2.0-85141787434,10.3390/agriculture12091461,2022,Alfatni M.S.M.,Towards a Real-Time Oil Palm Fruit Maturity System Using Supervised Classifiers Based on Feature Analysis,Agriculture Switzerland,Article,38,C3,abstrak,oil palm,RGB,,,,,,,,maturity,,ya
1880,arulnathan2022background,2-s2.0-85134725510,10.1109/i2cacis54679.2022.9815275,2022,Arulnathan D.N.,Background Subtraction for Accurate Palm Oil Fruitlet Ripeness Detection,2022 IEEE International Conference on Automatic Control and Intelligent Systems I2cacis 2022 Proceedings,Conference Paper,8,C3,abstrak,oil palm;mango;strawberry,RGB,,,,,,,,maturity;size,,ya
1884,chen2022detection,2-s2.0-85151394301,10.1109/cmaee58250.2022.00023,2022,Chen Z.,Detection of Oil Palm Fresh Fruit Bunches (FFBS) with Computer Vision Models,Proceedings 2022 International Conference on Mechanical Automation and Electrical Engineering Cmaee 2022,Conference Paper,3,C3,abstrak,oil palm,RGB,,,,,,,,defect/disease,mAP/AP;F1,ya
551,daud2022loose,2-s2.0-85145978159,10.1109/iotais56727.2022.9975972,2022,Daud M.M.,Loose Fruitlet and Fresh Fruit Bunch Detection for Palm Oil Harvest Management,Proceedings of the 2022 IEEE International Conference on Internet of Things and Intelligence Systems Iotais 2022,Conference Paper,1,C3,abstrak,oil palm,RGB,,,,,,,,,,ya
1855,junos2022automatic,2-s2.0-85104262061,10.1007/s00371-021-02116-3,2022,Junos M.H.,Automatic detection of oil palm fruits from UAV images using an improved YOLO model,Visual Computer,Article,93,C3,judul,oil palm,RGB,UAV,,,,,,,,,tidak
1885,kadir2022analysis,2-s2.0-85141816933,10.1109/icsima55652.2022.9929099,2022,Kadir K.,Analysis Of Ground FFB Detection Via Real Sense Camera,8th IEEE International Conference on Smart Instrumentation Measurement and Applications Icsima 2022,Conference Paper,1,C3,abstrak,oil palm,RGB-D,ground vehicle/robot,,,,,,,mass,,ya
1879,khamis2022comparison,2-s2.0-85135620789,10.23919/ascc56756.2022.9828345,2022,Khamis N.,Comparison of Palm Oil Fresh Fruit Bunches (FFB) Ripeness Classification Technique using Deep Learning Method,Ascc 2022 2022 13th Asian Control Conference Proceedings,Conference Paper,19,C3,abstrak,oil palm,RGB,,,,,,,,maturity,,ya
1883,lai2022real,2-s2.0-85137906904,10.1109/access.2022.3204762,2022,Lai J.W.,Real-Time Detection of Ripe Oil Palm Fresh Fruit Bunch Based on YOLOv4,IEEE Access,Article,56,C3,abstrak,oil palm,RGB-D,ground vehicle/robot,video,,,,,,maturity,mAP/AP,ya
1882,mansour2022object,2-s2.0-85142255252,10.14716/ijtech.v13i6.5932,2022,Mansour M.Y.M.A.,Object Detection Algorithms for Ripeness Classification of Oil Palm Fresh Fruit Bunch,International Journal of Technology,Article,31,C3,abstrak,oil palm,RGB,,,,,,,,maturity,mAP/AP,ya
1891,robi2022image,2-s2.0-85138710579,10.1109/icssa54161.2022.9870945,2022,Robi S.N.A.B.M.,Image Detection and Classification of Oil Palm Fruit Bunches,4th International Conference on Smart Sensors and Application Digitalization for Societal Well Being Icssa 2022,Conference Paper,19,C3,abstrak,oil palm,RGB,ground vehicle/robot,,,,,,,maturity,,ya
1841,shiddiq2022volume,2-s2.0-85139133543,10.1063/5.0108551,2022,Shiddiq M.,Volume measurement of oil palm fresh fruit bunches using computer vision,Aip Conference Proceedings,Conference Paper,1,C3,abstrak,oil palm,RGB,conveyor/lab,,,,,,,size;mass;variety/type,R2,ya
1858,shiddiq2022wavelength,2-s2.0-85131913902,10.1364/ao.450384,2022,Shiddiq M.,Wavelength selection of multispectral imaging for oil palm fresh fruit ripeness classification,Applied Optics,Article,10,C3,abstrak,oil palm,multispectral;hyperspectral,conveyor/lab,,,,,,,maturity,,ya
1893,suharjito2022effect,2-s2.0-85141425364,10.1109/iciss55894.2022.9915269,2022,Suharjito ,Effect of Pre-processing Dataset on Classification Performance of Deep Learning Model for Detection of Oil Palm Fruit Ripe,9th International Conference on ICT for Smart Society Recover Together Recover Stronger and Smarter Smartization Governance and Collaboration Iciss 2022 Proceeding,Conference Paper,3,C3,abstrak,oil palm,RGB,,,,,,,,maturity,,ya
1836,zolfagharnassab2022classification,2-s2.0-85141768886,10.3390/agriculture12111779,2022,Zolfagharnassab S.,Classification of Oil Palm Fresh Fruit Bunches Based on Their Maturity Using Thermal Imaging Technique,Agriculture Switzerland,Article,18,C3,abstrak,oil palm,thermal,,,,,,,,maturity,,ya
625,aji2021automatic,2-s2.0-85133129271,10.1109/ic2se52832.2021.9792068,2021,Aji W.S.,Automatic Oil Palm Unstripped Bunch (USB) Counting System based on Faster RCNN and Object Tracking,Proceedings 2nd International Conference on Computer Science and Engineering the Effects of the Digital World After Pandemic Edwap Ic2se 2021,Conference Paper,1,C3,abstrak,oil palm,RGB,conveyor/lab,,,,,,,,,ya
1959,bin2021development,2-s2.0-85117440681,10.1109/tensymp52854.2021.9550981,2021,Bin Mat Seri A.D.I.,Development of Virescens Fresh Fruit Bunch Ripeness Prediction using LiDAR for Smart Agriculture,Tensymp 2021 2021 IEEE Region 10 Symposium,Conference Paper,4,C3,abstrak,oil palm,LiDAR,,3D scan/reconstruction,,,,,,maturity,,ya
1992,cherie2021non,2-s2.0-85101710169,10.1088/1755-1315/644/1/012024,2021,Cherie D.,Non-Destructive Evaluation of Oil Palm Fresh Fruit Bunch Quality Using Thermal Vision,Iop Conference Series Earth and Environmental Science,Conference Paper,2,C3,abstrak,oil palm,thermal,conveyor/lab,,,,,,,maturity,R2,ya
1993,fauziah2021thermal,2-s2.0-85101712027,10.1088/1755-1315/644/1/012044,2021,Fauziah W.K.,Thermal vision of oil palm fruits under difference ripeness quality,Iop Conference Series Earth and Environmental Science,Conference Paper,6,C3,abstrak,oil palm,thermal,,,,,,,,maturity,R2,ya
1960,herman2021deep,2-s2.0-85116155196,10.1109/icimtech53080.2021.9534988,2021,Herman H.,Deep learning for oil palm fruit ripeness classification with densenet,Proceedings of 2021 International Conference on Information Management and Technology Icimtech 2021,Conference Paper,48,C3,abstrak,oil palm,RGB,,,,,,,,maturity,F1,ya
1974,husin2021distribution,2-s2.0-85113856247,10.1109/icics52457.2021.9464575,2021,Husin H.S.,Distribution map of oil palm fresh fruit bunch using LiDAR*,2021 12th International Conference on Information and Communication Systems Icics 2021,Conference Paper,7,C3,abstrak,oil palm,LiDAR;NIR,,,,,,,,maturity,mAP/AP,ya
1963,junos2021optimized,2-s2.0-85102614599,10.1049/ipr2.12181,2021,Junos M.H.,An optimized YOLO-based object detection model for crop harvesting system,Iet Image Processing,Article,87,C3,abstrak,oil palm,RGB,,,,,,,,maturity;size;mass,mAP/AP;F1,ya
1976,makky2021pre,2-s2.0-85107179189,10.1088/1755-1315/757/1/012003,2021,Makky M.,Pre-harvest oil palm FFB nondestructive evaluation technique using thermal-imaging device,Iop Conference Series Earth and Environmental Science,Conference Paper,9,C3,abstrak,oil palm,thermal,,,,,,,,maturity,R2,ya
1975,makky2021thermal,2-s2.0-85107229614,10.1088/1755-1315/757/1/012004,2021,Makky M.,Thermal and optical properties of oil palm FFB for optimum harvest window prediction,Iop Conference Series Earth and Environmental Science,Conference Paper,2,C3,abstrak,oil palm,thermal;multispectral,,,,,,,,maturity;mass,R2,ya
1958,septiarini2021machine,2-s2.0-85106215771,10.1016/j.scienta.2021.110245,2021,Septiarini A.,Machine vision for the maturity classification of oil palm fresh fruit bunches based on color and texture features,Scientia Horticulturae,Article,132,C3,abstrak,oil palm,RGB,,,,,,,,maturity,,ya
1940,siong2021combinatorial,2-s2.0-105008709313,10.17576/jkukm-2021-33(4)-34,2021,Siong C.Z.,A Combinatorial RGB and Depth Images CNN-based Model for Oil Palm Fruit Bunch Detection and Heatmap Localisation for a Visual SLAM System,Jurnal Kejuruteraan,Article,3,C3,abstrak,oil palm,RGB-D,ground vehicle/robot,3D scan/reconstruction,,,,,,,mAP/AP,ya
1953,suharjito2021oil,2-s2.0-85112484819,10.1016/j.compag.2021.106359,2021,Suharjito ,Oil palm fresh fruit bunch ripeness classification on mobile devices using deep learning approaches,Computers and Electronics in Agriculture,Article,113,C3,judul,oil palm,RGB,handheld/smartphone,,,,,,,maturity,,tidak
2003,teh2021coloured,2-s2.0-85176137927,,2021,Teh W.Y.,Coloured Edge Maps for Oil Palm Ripeness Classification,32nd British Machine Vision Conference Bmvc 2021,Conference Paper,4,C3,judul,oil palm,RGB,,,,,,,,maturity,,tidak
2001,xiang2021oil,2-s2.0-85122873362,10.1109/iceei52609.2021.9611111,2021,Xiang A.J.,An Oil Palm Loose Fruits Image Detection System using Faster R -CNN and Jetson TX2,Proceedings of the International Conference on Electrical Engineering and Informatics,Conference Paper,6,C3,abstrak,oil palm,RGB,,,,,,,,size,,ya
2045,alfatni2020colour,2-s2.0-85090122746,10.1088/1755-1315/540/1/012092,2020,Alfatni M.S.M.,Colour Feature Extraction Techniques for Real Time System of Oil Palm Fresh Fruit Bunch Maturity Grading,Iop Conference Series Earth and Environmental Science,Conference Paper,21,C3,abstrak,oil palm,RGB,conveyor/lab,,,,,,,maturity,,ya
2072,cherie2020optical,2-s2.0-85083259937,10.1088/1742-6596/1469/1/012105,2020,Cherie D.,Optical properties of oil palm Fresh Fruits Bunch (FFB) for optimum harvest-window prediction,Journal of Physics Conference Series,Conference Paper,9,C3,abstrak,oil palm,RGB,conveyor/lab,,,,,,,maturity,,ya
2069,harsawardana2020ai,2-s2.0-85082576183,10.1088/1755-1315/426/1/012147,2020,Harsawardana ,AI-Based Ripeness Grading for Oil Palm Fresh Fruit Bunch in Smart Crane Grabber,Iop Conference Series Earth and Environmental Science,Conference Paper,44,C3,abstrak,oil palm,RGB,,,,,,,,maturity,,ya
2075,mohd2020combination,2-s2.0-85078215802,10.1016/j.compag.2020.105235,2020,Mohd Ali M.,Combination of laser-light backscattering imaging and computer vision for rapid determination of oil palm fresh fruit bunches maturity,Computers and Electronics in Agriculture,Article,57,C3,abstrak,oil palm,RGB,,,,,,,,maturity,R2,ya
2056,prasetyo2020automatic,2-s2.0-85091392659,10.6703/ijase.202005_17(2).121,2020,Prasetyo N.A.,Automatic detection and calculation of palm oil fresh fruit bunches using faster R-CNN,International Journal of Applied Science and Engineering,Article,17,C3,judul,oil palm,RGB,,,,,,,,,,tidak
2026,saetang2020estimation,2-s2.0-85103741701,10.1109/isai-nlp51646.2020.9376834,2020,Sae-Tang S.,Estimation of Oil Content in Oil Palm Fresh Fruit Bunch by Its Surface Color,Proceedings 2020 15th International Joint Symposium on Artificial Intelligence and Natural Language Processing Isai Nlp 2020,Conference Paper,5,C3,abstrak,oil palm;citrus,RGB,handheld/smartphone,,,,,,,maturity,RMSE,ya
2074,septiarini2020automatic,2-s2.0-85075356620,10.1016/j.scienta.2019.108939,2020,Septiarini A.,Automatic image segmentation of oil palm fruits by applying the contour-based approach,Scientia Horticulturae,Article,59,C3,abstrak,oil palm,RGB,ground vehicle/robot,,,,,,,maturity,MAPE/rel. error,ya
2028,septiarini2020maturity,2-s2.0-85099298886,10.1109/icic50835.2020.9288603,2020,Septiarini A.,Maturity grading of oil palm fresh fruit bunches based on a machine learning approach,2020 5th International Conference on Informatics and Computing Icic 2020,Conference Paper,30,C3,abstrak,oil palm,RGB,,,,,,,,maturity,,ya
2076,setiawan2020palm,2-s2.0-85085513415,10.1109/iciot48696.2020.9089431,2020,Setiawan A.W.,Palm Oil Fresh Fruit Bunch Grading System Using Multispectral Image Analysis in HSV,2020 IEEE International Conference on Informatics Iot and Enabling Technologies Iciot 2020,Conference Paper,10,C3,abstrak,oil palm,multispectral,conveyor/lab,,,,,,,maturity,,ya
2050,syaifuddin2020detection,2-s2.0-85089064111,10.1088/1742-6596/1581/1/012003,2020,Syaifuddin A.,Detection of palm fruit maturity level in the grading process through image recognition and fuzzy inference system to improve quality and productivity of crude palm oil (CPO),Journal of Physics Conference Series,Conference Paper,10,C3,abstrak,oil palm,RGB,,,,,,,,maturity,,ya
2055,wong2020computer,2-s2.0-85096401039,10.1063/5.0002188,2020,Wong Z.Y.,Computer vision algorithm development for classification of palm fruit ripeness,Aip Conference Proceedings,Conference Paper,21,C3,abstrak,oil palm,RGB,,,,,,,,maturity,,ya
2123,astuti2019oil,2-s2.0-85071836536,10.1088/1742-6596/1277/1/012028,2019,Astuti I.,Oil palm fruit ripeness detection using K-Nearest neighbour,Journal of Physics Conference Series,Conference Paper,12,C3,abstrak,oil palm,RGB,,,,,,,,maturity,,ya
2112,septiarini2019image,2-s2.0-85080950325,10.1109/icsitech46713.2019.8987575,2019,Septiarini A.,Image-based processing for ripeness classification of oil palm fruit,Proceeding 2019 5th International Conference on Science in Information Technology Embracing Industry 4 0 Towards Innovation in Cyber Physical System Icsitech 2019,Conference Paper,65,C3,abstrak,oil palm,RGB,,,,,,,,maturity,,ya
2125,setiawan2019estimation,2-s2.0-85078428943,10.1109/isitia.2019.8937225,2019,Setiawan A.W.,Estimation of Nigrescens Palm Oil Ripeness using Contrast and Skewness from 680 nm Image,Proceedings 2019 International Seminar on Intelligent Technology and Its Application Isitia 2019,Conference Paper,1,C3,abstrak,oil palm,RGB,,,,,,,,maturity,,ya
2113,sukemi2019identification,2-s2.0-85081057122,10.1109/icic47613.2019.8985681,2019,Sukemi ,Identification using the K -Means Clustering and Gray Level Co-occurance Matrix (GLCM) At Maturity Fruit Oil Head,Proceedings of 2019 4th International Conference on Informatics and Computing Icic 2019,Conference Paper,3,C3,abstrak,oil palm,RGB,,,,,,,,maturity,,ya
2192,alfatni2018real,2-s2.0-85051935982,10.1088/1755-1315/169/1/012067,2018,Alfatni M.S.M.,"Real-time oil palm FFB ripeness grading system based on ANN, KNN and SVM classifiers",Iop Conference Series Earth and Environmental Science,Conference Paper,18,C3,abstrak,oil palm,RGB,,,,,,,,maturity,,ya
2169,fahmi2018oil,2-s2.0-85058351208,10.1088/1757-899x/434/1/012066,2018,Fahmi F.,Oil palm fresh fruit bunch ripeness classification using back propagation and learning vector quantization,Iop Conference Series Materials Science and Engineering,Conference Paper,8,C3,abstrak,oil palm,RGB,UAV,,,,,,,maturity,,ya
2219,ibrahim2018palm,2-s2.0-85054495204,,2018,Ibrahim Z.,Palm oil fresh fruit bunch ripeness grading recognition using convolutional neural network,Journal of Telecommunication Electronic and Computer Engineering,Article,71,C3,judul,oil palm,RGB,,,,,,,,maturity,,tidak
2175,jupriyanto2018uav,2-s2.0-85058209499,10.1088/1742-6596/1130/1/012001,2018,Jupriyanto ,UAV application for oil palm harvest prediction,Journal of Physics Conference Series,Conference Paper,6,C3,abstrak,oil palm,RGB,UAV,video,,,,,,,,ya
2190,sabri2018evaluation,2-s2.0-85048203127,10.11591/ijeecs.v11.i2.pp549-557,2018,Sabri N.,Evaluation of color models for palm oil fresh fruit bunch ripeness classification,Indonesian Journal of Electrical Engineering and Computer Science,Article,24,C3,abstrak,oil palm,RGB,conveyor/lab,,,,,,,maturity,,ya
2209,salambue2018investigation,2-s2.0-85045148634,10.1088/1742-6596/978/1/012071,2018,Salambue R.,Investigation of the ripeness of oil palm fresh fruit bunches using bio-speckle imaging,Journal of Physics Conference Series,Conference Paper,4,C3,abstrak,oil palm,RGB,,,,,,,,maturity,,ya
2203,siddesha2018segmentation,2-s2.0-85048036352,10.1109/smarttechcon.2017.8358639,2018,Siddesha S.,Segmentation of oil palm crop bunch from tree images,Proceedings of the 2017 International Conference on Smart Technology for Smart Nation Smarttechcon 2017,Conference Paper,3,C3,abstrak,oil palm,RGB,,,,,,,,,,ya
2275,gro2017maturity,2-s2.0-85018290109,10.17660/actahortic.2017.1152.10,2017,Groß T.,Of maturity stages of oil palm fresh fruit bunches using multispectral imaging method,Acta Horticulturae,Conference Paper,1,C3,judul,oil palm,multispectral,,,,,,,,maturity,,tidak
2237,pamornnak2017automatic,2-s2.0-85032903497,10.1016/j.compag.2017.10.020,2017,Pamornnak B.,An automatic and rapid system for grading palm bunch using a Kinect camera,Computers and Electronics in Agriculture,Article,18,C3,abstrak,oil palm,RGB-D;NIR,conveyor/lab,,,,,,,size,,ya
2282,shiddiq2017ripeness,2-s2.0-85010966245,10.1063/1.4973101,2017,Shiddiq M.,Ripeness detection simulation of oil palm fruit bunches using laser-based imaging system,Aip Conference Proceedings,Conference Paper,18,C3,abstrak,oil palm,RGB,,,,,,,,maturity;variety/type,F1,ya
2274,zolfagharnassab2017emissivity,2-s2.0-85018304663,10.17660/actahortic.2017.1152.26,2017,Zolfagharnassab S.,Emissivity determination of oil palm fresh fruit ripeness using a thermal imaging technique,Acta Horticulturae,Conference Paper,10,C3,judul,oil palm,thermal,,,,,,,,maturity,,tidak
2311,shabdin2016study,2-s2.0-84984621306,10.1088/1755-1315/37/1/012039,2016,Shabdin M.K.,"A study on the oil palm fresh fruit bunch (FFB) ripeness detection by using Hue, Saturation and Intensity (HSI) approach",Iop Conference Series Earth and Environmental Science,Conference Paper,51,C3,abstrak,oil palm,RGB,,,,,,,,maturity,,ya
2369,cherie2015advance,2-s2.0-84969799151,10.18517/ijaseit.5.4.542,2015,Cherie D.,Advance models for camera-vision based oil content prediction of intact oil palm fruits (Elaeis Guineensis Jacq) on trees with nondestructive evaluation,International Journal on Advanced Science Engineering and Information Technology,Article,9,C3,abstrak,oil palm,RGB,,,,,,,,,RMSE,ya
2358,pamornnak2015oil,2-s2.0-84926040227,10.1016/j.biosystemseng.2015.03.010,2015,Pamornnak B.,Oil content determination scheme of postharvest oil palm for mobile devices,Biosystems Engineering,Article,11,C3,abstrak,oil palm,RGB,handheld/smartphone,,,,,,,,,ya
2348,taparugssanagorn2015non,2-s2.0-84942886990,10.1016/j.compag.2015.09.018,2015,Taparugssanagorn A.,A non-destructive oil palm ripeness recognition system using relative entropy,Computers and Electronics in Agriculture,Article,19,C3,abstrak,oil palm,RGB,,,,,,,,maturity,,ya
2388,alfatni2014oil,2-s2.0-84984832211,10.17660/actahortic.2014.1054.42,2014,Alfatni M.S.M.,Oil palm fruit maturity classification based on texture feature extraction of fruit thorns and supervised machine learning classifiers using image processing technique,Acta Horticulturae,Conference Paper,5,C3,judul,oil palm,RGB,,,,,,,,maturity,,ya
2405,alfatni2014oilb,2-s2.0-84906568789,10.1088/1755-1315/20/1/012018,2014,Alfatni M.S.M.,Oil palm fresh fruit bunch ripeness classification based on rule-based expert system of ROI image processing technique results,Iop Conference Series Earth and Environmental Science,Conference Paper,22,C3,abstrak,oil palm,RGB,conveyor/lab,,,,,,,maturity,,ya
2409,bensaeed2014oil,2-s2.0-84906544871,10.1088/1755-1315/20/1/012017,2014,Bensaeed O.,Oil palm fruit grading using a hyperspectral device and machine learning algorithm,Iop Conference Series Earth and Environmental Science,Conference Paper,45,C3,abstrak,oil palm,hyperspectral,,,,,,,,maturity,,ya
2410,kassim2014oil,2-s2.0-84898052707,10.19026/rjaset.7.517,2014,Kassim M.S.M.,Oil palm fruit classifications by using near infrared images,Research Journal of Applied Sciences Engineering and Technology,Article,5,C3,abstrak,oil palm,multispectral;NIR,,,,,,,,maturity,mAP/AP,ya
2391,makky2014automatic,2-s2.0-84923380320,10.2478/intag-2014-0022,2014,Makky M.,Automatic non-destructive quality inspection system for oil palm fruits,International Agrophysics,Article,43,C3,abstrak,oil palm,RGB,,,,,,,,maturity;defect/disease;variety/type,,ya
2434,alfatni2013oil,2-s2.0-84876882832,10.1166/asl.2013.5035,2013,Alfatni M.S.M.,"Oil palm fruit ripeness grading system based on Basic Gray Level Aura Matrix feature extraction and support vector machine, K nearest neighbourhood and artificial Neural Network supervised machine learning",Advanced Science Letters,Article,2,C3,judul,oil palm,RGB,,,,,,,,maturity,,tidak
2429,alfatni2013recognition,2-s2.0-84878579541,10.1166/asl.2013.5201,2013,Alfatni M.S.M.,Recognition system of oil palm fruit bunch types based on texture feature and image processing techniques,Advanced Science Letters,Article,2,C3,judul,oil palm,RGB,,,,,,,,variety/type,,tidak
2431,amosh2013adaptive,2-s2.0-84887113424,10.1007/978-3-319-02958-0_18,2013,Amosh L.,Adaptive region growing for automated oil palm fruit quality recognition,Lecture Notes in Computer Science Including Subseries Lecture Notes in Artificial Intelligence and Lecture Notes in Bioinformatics,Conference Paper,2,C3,judul,oil palm,RGB,,,,,,,,,,tidak
2450,makky2013development,2-s2.0-84875302843,10.1016/j.compag.2013.02.008,2013,Makky M.,Development of an automatic grading machine for oil palm fresh fruits bunches (FFBs) based on machine vision,Computers and Electronics in Agriculture,Article,87,C3,abstrak,oil palm,RGB,conveyor/lab,,,,,,,mass;variety/type,R2,ya
2468,fadilah2012intelligent,2-s2.0-84868257617,10.3390/s121014179,2012,Fadilah N.,Intelligent color vision system for ripeness classification of oil palm fresh fruit bunch,Sensors Switzerland,Article,91,C3,abstrak,oil palm,RGB,,,,,,,,maturity,,ya
2466,fadilah2012oil,2-s2.0-84867951527,10.1109/icias.2012.6306151,2012,Fadilah N.,Oil palm fresh fruit bunch ripeness classification using artificial neural network,Icias 2012 2012 4th International Conference on Intelligent and Advanced Systems A Conference of World Engineering Science and Technology Congress Estcon Conference Proceedings,Conference Paper,23,C3,abstrak,oil palm,RGB,,,,,,,,maturity,,ya
2459,haron2012white,2-s2.0-84875184931,,2012,Haron N.M.A.N.,White LED illumination for improving outdoor image analysis for palm oil fruit ripeness detection,2012 International Conference on Advanced Computer Science and Information Systems Icacsis 2012 Proceedings,Conference Paper,1,C3,judul,oil palm,RGB,,,,,,,,maturity,,tidak
2483,kassim2012oil,2-s2.0-84862190823,,2012,Kassim M.S.M.,Oil palm fresh fruit bunches (FFB) growth determination system to support harvesting operation,Journal of Food Agriculture and Environment,Article,15,C3,judul,oil palm,RGB,,,,,,,,,,tidak
2461,mohamad2012exploiting,2-s2.0-84873299732,,2012,Mohamad F.,Exploiting suitable color model for ripeness identification,Proceedings of the 2012 International Conference on Image Processing Computer Vision and Pattern Recognition Ipcv 2012,Conference Paper,1,C3,judul,,RGB,,,,,,,,maturity,,tidak
918,chen2026yolo11n,2-s2.0-105037849721,10.35633/inmateh-78-03,2026,Chen B.,YOLO11n-DRE: A METHOD FOR MATURITY DETECTION AND ACCURATE COUNTING OF SINGLE TRUSS TOMATO FRUITS IN COMPLEX UNSTRUCTURED ENVIRONMENTS,Inmateh Agricultural Engineering,Article,0,C4,abstrak,tomato,RGB,,,,,,,,maturity;size;mass,mAP/AP,ya
913,khiem2026approach,2-s2.0-105012247038,10.1007/978-3-031-98167-8_7,2026,Khiem N.M.,An Approach for Enhancing Ripe Tomato Classification and Counting by Using Deep Learning and SAHI Image Processing,Communications in Computer and Information Science,Conference Paper,1,C4,judul,tomato,RGB,,,,,,,,maturity,,tidak
2517,liu2026research,2-s2.0-105037904877,10.35633/inmateh-78-62,2026,Liu S.,RESEARCH ON A TOMATO RIPENESS DETECTION METHOD BASED ON CMLE-YOLO,Inmateh Agricultural Engineering,Article,0,C4,abstrak,tomato,RGB,,,,,,,,maturity;mass;defect/disease,mAP/AP,ya
2528,shrinivasacharya2026unified,2-s2.0-105047268664,,2026,Shrinivasacharya P.,Unified Color Space Segmentation and Yolov5 Approach for Nutmeg Ripeness Detection and Quantity Estimation,17th International Conference on Advances in Computing Control and Telecommunication Technologies Act 2026,Conference Paper,0,C4,judul,,RGB,,,,,,,,maturity,,tidak
2507,soto2026monocular,2-s2.0-105043105759,10.3390/app16126225,2026,Soto M.,Monocular Estimation of Grape Berry Size (Caliber) Distributions Using Geometry-Aware Representations and Structured Prediction,Applied Sciences Switzerland,Article,0,C4,abstrak,grape,RGB,,,,,,,,size,count accuracy,ya
870,tang2026fgfuse,2-s2.0-105040803488,10.1016/j.atech.2026.102194,2026,Tang Q.,FGfuse-Net: A frequency guided dual-branch fusion model for multi-stage maturity tomato detection and counting,Smart Agricultural Technology,Article,1,C4,abstrak,tomato,RGB,ground vehicle/robot,,,,,,,maturity,mAP/AP,ya
885,yang2026yolo,2-s2.0-105032786348,10.1002/agj2.70343,2026,Yang R.,"YOLO-blueberry detection and classification: A multi-module optimized network for blueberry detection, maturity classification, and yield estimation",Agronomy Journal,Article,0,C4,abstrak,blueberry,RGB,,,,,,,,maturity;size,mAP/AP,ya
2533,yanyachi2026avocado,2-s2.0-105037873844,10.1109/access.2026.3687453,2026,Yanyachi P.R.,Avocado Detection System on a UAV with YOLOv8 Image Processing,IEEE Access,Article,0,C4,abstrak,avocado,RGB,UAV;ground vehicle/robot,video,,,,,,maturity,mAP/AP,ya
970,albaaji2025intelligent,2-s2.0-85214030439,10.1016/j.eswa.2024.126366,2025,Albaaji G.F.,An intelligent multi-modal neural framework for accurate fruit grading localization and yield estimation,Expert Systems with Applications,Article,14,C4,judul,,RGB,,,,,,,,,,tidak
2570,carandang2025yield,2-s2.0-105016457566,10.1109/compsystech65493.2025.11137042,2025,Carandang M.J.C.,Yield Quantification of Morus Serrata Fruit Stages Using YOLOv8-Based Identification,Computer Systems and Technologies 26th International Conference Compsystech 2025 Proceedings,Conference Paper,0,C4,abstrak,,RGB,,,,,,,,maturity,MAE,ya
1017,chiu2025remote,2-s2.0-105023406157,10.18494/sam5915,2025,Chiu M.C.,"Remote Assessment of Size, Ripeness, and Count of Fruits in Orchard Greenhouse",Sensors and Materials,Article,0,C4,abstrak,citrus,RGB,,,,,,,,maturity;size,,ya
1013,deng2025development,2-s2.0-105012860298,10.13031/aea.16247,2025,Deng B.,DEVELOPMENT AND PRELIMINARY EVALUATION OF A YOLO-BASED FRUIT COUNTING AND MATURITY EVALUATION MOBILE APPLICATION FOR BLUEBERRIES,Applied Engineering in Agriculture,Article,5,C4,abstrak,blueberry,RGB,handheld/smartphone,,,,,,,maturity,,ya
2569,geng2025apple,2-s2.0-105019257342,10.7717/peerj-cs.3116,2025,Geng H.,Apple estimation and recognition in complex scenes using YOLO v8,Peerj Computer Science,Article,2,C4,abstrak,apple,RGB,ground vehicle/robot,,,,,,,maturity;size;mass,mAP/AP;F1,ya
2541,langpoklakpam2025automated,2-s2.0-105013678457,10.1007/s11694-025-03565-3,2025,Langpoklakpam B.,"Automated pineapple detection, ripeness classification, and weight prediction using YOLOv8 and drone imagery",Journal of Food Measurement and Characterization,Article,3,C4,judul,pineapple,RGB,UAV,,,,,,,maturity;mass,,tidak
975,naseem2025advance,2-s2.0-105026908479,,2025,Naseem M.,Advance Assessment and Counting of Ripe Cherry Tomato’s Via Yolo Model,Journal of Computing and Biomedical Informatics,Article,0,C4,judul,tomato;cherry,RGB,,,,,,,,maturity,,tidak
961,pisharody2025precise,2-s2.0-85219094905,10.1016/j.compag.2025.110172,2025,Pisharody S.N.,Precise Tomato Ripeness Estimation and Yield Prediction using Transformer Based Segmentation-SegLoRA,Computers and Electronics in Agriculture,Article,11,C4,judul,tomato,RGB,,,,,,,,maturity,,tidak
2557,prabhu2025tree,2-s2.0-105029727481,10.1109/wconf64849.2025.11233402,2025,Prabhu A.,On Tree Grading of Sapota and Yield Prediction with Computer Vision,2025 3rd World Conference on Communication and Computing Wconf 2025,Conference Paper,0,C4,abstrak,,RGB,,,,,,,,maturity,mAP/AP;F1,ya
2555,prabhu2025yolo,2-s2.0-105016780439,10.1109/incet64471.2025.11140383,2025,Prabhu A.,YOLO Papaya: Towards Identification of Maturity Stages of Papaya on Trees in Natural Environment,2025 6th International Conference for Emerging Technology Incet 2025,Conference Paper,0,C4,abstrak,papaya,RGB,,,,,,,,maturity,mAP/AP;F1,ya
989,rajapaksha2025coconut,2-s2.0-105040675559,10.1109/iciprob69625.2026.11497814,2025,Rajapaksha R.M.P.U.,Coconut Bunch Intelligence System: Image -Based Maturity Classification and Nut Count Prediction,4th International Conference on Image Processing and Robotics Iciprob 2026,Conference Paper,0,C4,abstrak,coconut,RGB,,,,,,,,maturity,mAP/AP;F1,ya
955,rong2025end,2-s2.0-105005942800,10.1016/j.biosystemseng.2025.104191,2025,Rong J.,An end-to-end maturity prediction and hierarchical counting method for cherry tomatoes,Biosystems Engineering,Article,9,C4,judul,tomato;cherry,RGB,,,,,,,,maturity,,tidak
997,sankar2025deep,2-s2.0-105041110092,10.1109/icscss64956.2025.11500660,2025,Sankar Sai Prasad P.S.,Deep learning based Mango Yield Prediction and Classification Enhancement using YOLOv11L and DenseNet121 Architecture,2025 3rd International Conference on Sustainable Computing and Smart Systems Icscss 2025,Conference Paper,0,C4,judul,mango,RGB,,,,,,,,,,tidak
960,shimomoto2025predicting,2-s2.0-105011766301,10.3390/horticulturae11070718,2025,Shimomoto K.,Predicting Sweet Pepper Yield Based on Fruit Counts at Multiple Ripeness Stages Monitored by an AI-Based System Mounted on a Pipe-Rail Trolley †,Horticulturae,Article,1,C4,abstrak,tomato;sweet pepper,RGB,ground vehicle/robot,,,,,,,maturity,,ya
1009,tronco2025estimation,2-s2.0-105010681735,10.1109/tla.2025.11072497,2025,Tronco M.L.,"Estimation of fruit number in coffee trees by maturity level, based on color space weighting, using a new segmentation algorithm",IEEE Latin America Transactions,Article,0,C4,abstrak,cherry;coffee;olive,RGB,,,,,,,,maturity;mass;defect/disease,,ya
2610,balaji2024aria,2-s2.0-85196415301,10.1016/j.procs.2024.04.254,2024,Balaji Prabhu B.V.,ARIA: Augmented Reality and Artificial Intelligence enabled mobile application for Yield and grade prediction of tomato crops,Procedia Computer Science,Conference Paper,8,C4,abstrak,tomato,RGB,,,,,,,,maturity,,ya
1032,deng2024detection,2-s2.0-85208218523,10.1016/j.atech.2024.100620,2024,Deng B.,"Detection, counting, and maturity assessment of blueberries in canopy images using YOLOv8 and YOLOv9",Smart Agricultural Technology,Article,27,C4,abstrak,blueberry,RGB,,,,,,,,maturity,mAP/AP,ya
2595,eron2024computer,2-s2.0-85182888479,10.1016/j.scienta.2024.112847,2024,Eron F.,Computer Vision-Aided Intelligent Monitoring of Coffee: Towards Sustainable Coffee Production,Scientia Horticulturae,Article,28,C4,judul,coffee,RGB,,,,,,,,,,tidak
318,meng2024real,2-s2.0-85189680138,10.1016/j.compag.2024.108900,2024,Meng Z.,Real-time statistical algorithm for cherry tomatoes with different ripeness based on depth information mapping,Computers and Electronics in Agriculture,Article,37,C4,judul,tomato;cherry,RGB-D,,,,,,,,maturity,,tidak
326,paul2024smart,2-s2.0-85187792097,10.1016/j.compag.2024.108832,2024,Paul A.,"Smart solutions for capsicum Harvesting: Unleashing the power of YOLO for Detection, Segmentation, growth stage Classification, Counting, and real-time mobile identification",Computers and Electronics in Agriculture,Article,133,C4,judul,sweet pepper,RGB,,,,,,,,maturity,,tidak
2597,sanya2024coffee,2-s2.0-85181680090,10.1016/j.dib.2023.109952,2024,Sanya R.,"Coffee and cashew nut dataset: A dataset for detection, classification, and yield estimation for machine learning applications",Data in Brief,Data Paper,10,C4,abstrak,coffee,RGB,UAV;ground vehicle/robot,,,,,,,maturity;defect/disease;variety/type,,ya
1051,tamrakar2024lightweight,2-s2.0-85196873274,10.3390/agriengineering6020055,2024,Tamrakar N.,Lightweight Improved YOLOv5s-CGhostnet for Detection of Strawberry Maturity Levels and Counting,Agriengineering,Article,21,C4,abstrak,strawberry,RGB,ground vehicle/robot,,,,,,,maturity;size;mass,mAP/AP,ya
1092,vo2024automating,2-s2.0-85192104343,10.14569/ijacsa.2024.01504113,2024,Vo H.T.,Automating Tomato Ripeness Classification and Counting with YOLOv9,International Journal of Advanced Computer Science and Applications,Article,42,C4,abstrak,tomato,RGB,ground vehicle/robot,,,,,,,maturity,mAP/AP,ya
1085,yan2024integrated,2-s2.0-85189980325,10.1109/icpeca60615.2024.10471151,2024,Yan Z.,"An Integrated Target Recognition Method Based on Improved Faster-RCNN for Apple Detection, Counting, Localization, and Quality Estimation",2024 IEEE 4th International Conference on Power Electronics and Computer Applications Icpeca 2024,Conference Paper,4,C4,abstrak,apple,RGB,ground vehicle/robot,,,,,,,maturity;size,,ya
1048,zhai2024detection,2-s2.0-85197911833,10.1007/s11694-024-02640-5,2024,Zhai X.,Detection of maturity and counting of blueberry fruits based on attention mechanism and bi-directional feature pyramid network,Journal of Food Measurement and Characterization,Article,26,C4,judul,blueberry,RGB,,,,,,,,maturity,,tidak
280,zhang2024counting,2-s2.0-85218346272,10.11975/j.issn.1002-6819.202407205,2024,Zhang R.,Counting tomatoes with different maturities using ultra-depth masking and improved YOLOv8,Nongye Gongcheng Xuebao Transactions of the Chinese Society of Agricultural Engineering,Article,11,C4,judul,tomato,RGB,,,,,,,,maturity,,tidak
2579,zhang2024open,2-s2.0-85213378139,10.3390/horticulturae10121332,2024,Zhang J.,Open-Source High-Throughput Phenotyping for Blueberry Yield and Maturity Prediction Across Environments: Neural Network Model and Labeled Dataset for Breeders,Horticulturae,Article,11,C4,abstrak,blueberry,RGB,,,,,,,,maturity,F1,ya
1111,li2023tomato,2-s2.0-85167758494,10.3390/s23156701,2023,Li P.,Tomato Maturity Detection and Counting Model Based on MHSA-YOLOv8,Sensors,Article,128,C4,abstrak,tomato,RGB,,,,,,,,maturity;size,mAP/AP;F1,ya
1128,maceachern2023detection,2-s2.0-85140476636,10.1016/j.atech.2022.100099,2023,MacEachern C.B.,Detection of fruit maturity stage and yield estimation in wild blueberry using deep learning convolutional neural networks,Smart Agricultural Technology,Article,132,C4,abstrak,blueberry,RGB,,,,,,,,maturity,MAE;mAP/AP;F1,ya
2626,restrepoarias2023ripsetcocoacnch12,2-s2.0-85163737519,10.3390/data8060112,2023,Restrepo-Arias J.F.,"RipSetCocoaCNCH12: Labeled Dataset for Ripeness Stage Detection, Semantic and Instance Segmentation of Cocoa Pods",Data,Article,5,C4,abstrak,,RGB,handheld/smartphone,,,,,,,maturity;variety/type,,ya
2653,liu2022benchmark,2-s2.0-85138990389,10.1016/j.engappai.2022.105449,2022,Liu Z.,A benchmark for multi-class object counting and size estimation using deep convolutional neural networks,Engineering Applications of Artificial Intelligence,Article,22,C4,judul,,RGB,,,,,,,,size,,tidak
1187,lu2022canopy,2-s2.0-85122810066,10.1016/j.compag.2022.106696,2022,Lu S.,Canopy-attention-YOLOv4-based immature/mature apple fruit detection on dense-foliage tree architectures for early crop load estimation,Computers and Electronics in Agriculture,Article,129,C4,judul,apple,RGB,,,,,,,,maturity,,tidak
1157,wang2022online,2-s2.0-85130449549,10.1038/s41598-022-12732-1,2022,Wang X.,Online recognition and yield estimation of tomato in plant factory based on YOLOv3,Scientific Reports,Article,38,C4,abstrak,tomato,RGB,,,,,,,,,mAP/AP,ya
3721,zhang2022measurement,2-s2.0-85123243467,10.7671/j.issn.1001-411x.202105021,2022,Zhang X.,Measurement of tomato fruits quantity at different ripening stages based on color point cloud images,Journal of South China Agricultural University,Article,0,C4,judul,tomato,RGB,,3D scan/reconstruction,,,,,,maturity,,tidak
2669,rahim2021highly,2-s2.0-85127573690,10.1145/3508259.3508262,2021,Rahim U.F.,"Highly Accurate Tomato Maturity Recognition: Combining Deep Instance Segmentation, Data Synthesis and Color Analysis",ACM International Conference Proceeding Series,Conference Paper,16,C4,abstrak,tomato,RGB,ground vehicle/robot,,,,,,,maturity,mAP/AP,ya
593,tenorio2021automatic,2-s2.0-85105526885,10.1007/s00138-021-01202-9,2021,Tenorio G.L.,Automatic visual estimation of tomato cluster maturity in plant rows,Machine Vision and Applications,Article,18,C4,judul,tomato,RGB,,,,,,,,maturity,,tidak
666,chen2020detection,2-s2.0-85083504971,,2020,Chen I.T.,"Detection, counting and maturity assessment of cherry tomatoes using multi-spectral images and machine learning techniques",Visigrapp 2020 Proceedings of the 15th International Joint Conference on Computer Vision Imaging and Computer Graphics Theory and Applications,Conference Paper,23,C4,judul,tomato;cherry,multispectral,,,,,,,,maturity,,tidak
2692,ni2020deep,2-s2.0-85087170458,10.1038/s41438-020-0323-3,2020,Ni X.,Deep learning image segmentation and extraction of blueberry fruit traits associated with harvestability and yield,Horticulture Research,Article,137,C4,abstrak,blueberry,RGB,,,,,,,,maturity;variety/type,RMSE;R2;mAP/AP,ya
734,ramos2018measurement,2-s2.0-85044611732,10.1016/j.compind.2018.03.024,2018,Ramos P.,Measurement of the ripening rate on coffee branches by using 3D images in outdoor environments,Computers in Industry,Article,24,C4,abstrak,coffee,RGB,,3D scan/reconstruction,,,,,,maturity;size,,ya
1348,lal2017identification,2-s2.0-85039906777,10.1109/ssps.2017.8071621,2017,Lal S.,Identification and counting of mature apple fruit based on BP feed forward neural network,Proceedings of 2017 3rd IEEE International Conference on Sensing Signal Processing and Security Icsss 2017,Conference Paper,31,C4,abstrak,apple,RGB,,,,,,,,maturity,,ya
1351,ramos2017automatic,2-s2.0-85015986841,10.1016/j.compag.2017.03.010,2017,Ramos P.J.,Automatic fruit count on coffee branches using computer vision,Computers and Electronics in Agriculture,Article,147,C4,abstrak,coffee,RGB,handheld/smartphone,,,,,,,maturity;mass,R2,ya
2765,chen2026ciafnet,2-s2.0-105050250309,10.3390/agriculture16171884,2026,Chen Y.,CIAFNet: An RGB-D Cross-Modal Interaction and Adaptive Fusion Network for Camellia oleifera Fruit Detection,Agriculture Switzerland,Article,0,C5,abstrak,camellia,RGB-D;monocular depth,,,,,,,,,mAP/AP,ya
19,dihkan2026automatic,2-s2.0-105044376631,10.1111/tgis.70347,2026,Dihkan M.,Automatic Kiwifruit Segmentation From Terrestrial LiDAR Point Clouds for Precision Agriculture,Transactions in GIS,Article,0,C5,abstrak,kiwifruit,LiDAR,,3D scan/reconstruction,,,,,,,F1,ya
2893,fu2026mt,2-s2.0-105025409931,10.1016/j.compag.2025.111335,2026,Fu H.,MT-WavYOLO: bridging multi-task learning and 3D frustum fusion for non-destructive robotic harvesting of occluded orchard fruits,Computers and Electronics in Agriculture,Article,5,C5,judul,,RGB,ground vehicle/robot,,,,,,,,,tidak
2815,gao2026oafbc,2-s2.0-105045785115,10.3390/agronomy16141318,2026,Gao L.,OAFBC-Net: A Lightweight RGB-Depth Fusion Network for Occlusion-Aware Apple Detection in Complex Orchard Canopies,Agronomy,Article,0,C5,abstrak,apple,RGB-D,ground vehicle/robot,,,,,,,mass,mAP/AP,ya
2847,hossain2026depth,2-s2.0-105035185507,10.24507/icicelb.17.05.517,2026,Hossain T.,DEPTH-AWARE DETECTION AND SEGMENTATION OF FRUITS USING FASTER R-CNN AND YOLOV5 FOR ORCHARD ROBOTICS,Icic Express Letters Part B Applications,Article,0,C5,judul,,RGB,ground vehicle/robot,,,,,,,,,tidak
2904,hossain2026dual,2-s2.0-105031261517,10.3390/robotics15020047,2026,Hossain T.,Dual-Detector Vision and Depth-Aware Back-Projection for Accurate Apple Detection and 3D Localisation for Robotic Harvesting,Robotics,Article,1,C5,abstrak,apple,RGB,ground vehicle/robot,,,,,,,mass,mAP/AP;F1,ya
2825,ling2026boosting,2-s2.0-105042917018,10.3390/plants15121852,2026,Ling F.,Boosting RGB-D Pear Detection via Depth-Constraint Enhanced Gaussian Prior,Plants,Article,0,C5,abstrak,apple;pear,RGB-D,,,,,,,,,F1,ya
60,liu2026estimating,2-s2.0-105043764885,10.11975/j.issn.1002-6819.202508046,2026,Liu X.,Estimating strawberry size using improved YOLOv8s-seg and semi-truncated cone models,Nongye Gongcheng Xuebao Transactions of the Chinese Society of Agricultural Engineering,Article,1,C5,judul,strawberry,RGB,,,,,,,,size,,tidak
76,liu2026fruit,2-s2.0-105043726482,10.1109/ispp69262.2026.11542978,2026,Liu G.,A Fruit Size Estimation Method Based on Hyperspectral LiDAR,2026 International Conference on Image Signal Processing and Pattern Recognition Ispp 2026,Conference Paper,0,C5,judul,,LiDAR;hyperspectral,,,,,,,,size,,tidak
2945,liu2026geosphere,2-s2.0-105049716434,10.1016/j.aiia.2026.08.010,2026,Liu S.,GeoSphere-DETR: RGB-D citrus fruit detection in cluttered orchards via geometry-gated fusion and geometry-aware confidence recalibration,Artificial Intelligence in Agriculture,Article,1,C5,abstrak,citrus,RGB-D,ground vehicle/robot,,,,,,,,mAP/AP,ya
3053,cao2025tree,2-s2.0-105025948192,10.1016/j.ifacol.2025.11.795,2025,Cao W.,On-the-tree mango detection based on image fusion,IFAC Papersonline,Conference Paper,7,C5,abstrak,mango,RGB-D;thermal,ground vehicle/robot,,,,,,,,mAP/AP,ya
149,checola2025apple,2-s2.0-105004745533,10.1016/j.atech.2025.100964,2025,Checola G.,Apple phenotyping using deep learning and 3D depth analysis: An experimental study on fruitlet sizing during early development,Smart Agricultural Technology,Article,2,C5,abstrak,apple,RGB-D,,video,,,,,,size,RMSE;MAPE/rel. error;mAP/AP,ya
3026,devanna2025automated,2-s2.0-105020289174,10.3390/robotics14100131,2025,Devanna R.P.,Automated On-Tree Detection and Size Estimation of Pomegranates by a Farmer Robot,Robotics,Article,2,C5,abstrak,pomegranate,RGB-D,ground vehicle/robot,,,,,,,size,,ya
3146,devanna2025boosting,2-s2.0-85210761301,10.1016/j.compag.2024.109611,2025,Devanna R.P.,Boosting grape bunch detection in RGB-D images using zero-shot annotation with Segment Anything and GroundingDINO,Computers and Electronics in Agriculture,Article,22,C5,abstrak,grape,RGB-D,,,,,,,,,mAP/AP,ya
169,devanna2025yield,2-s2.0-85217192228,10.1016/j.compag.2025.110025,2025,Devanna R.P.,Yield estimation in precision viticulture by combining deep segmentation and depth-based clustering,Computers and Electronics in Agriculture,Article,14,C5,abstrak,grape,RGB-D,ground vehicle/robot,video,,,,,,size;mass,,ya
3096,kim2025advanced,2-s2.0-105007759959,10.3390/agriculture15111148,2025,Kim E.,Advanced 3D Depth Imaging Techniques for Morphometric Analysis of Detected On-Tree Apples Based on AI Technology,Agriculture Switzerland,Article,1,C5,abstrak,apple,RGB-D,,,,,,,,size;mass,MAPE/rel. error,ya
3206,li2025cga,2-s2.0-105018517070,10.3389/fpls.2025.1664718,2025,Li Z.,CGA-ASNet: an RGB-D amodal segmentation network for restoring occluded tomato regions,Frontiers in Plant Science,Article,2,C5,abstrak,tomato,RGB-D,,,,,,,,,,ya
3025,liu2025apple,2-s2.0-105019515276,10.1371/journal.pone.0334911,2025,Liu X.,The apple detection method based on multimodal features,Plos One,Article,4,C5,abstrak,apple,RGB-D;stereo,,3D scan/reconstruction,,,,,,mass,mAP/AP;F1,ya
190,okabe2025classification,2-s2.0-85218877776,10.3390/agriengineering7020048,2025,Okabe Y.,Classification of Tomato Harvest Timing Using an AI Camera and Analysis Based on Experimental Results,Agriengineering,Article,4,C5,abstrak,tomato,RGB,,3D scan/reconstruction,,,,,,maturity;size,MAPE/rel. error,ya
3193,piani2025evaluating,2-s2.0-105041494103,10.1109/metroagrifor66923.2025.11512584,2025,Piani M.,Evaluating Orchard Fruit Quality from Monocular and Stereo RGB-D Imagery: A Comparative Study,Conference Proceedings 2025 IEEE International Workshop on Metrology for Agriculture and Forestry Metroagrifor 2025,Conference Paper,0,C5,abstrak,apple,RGB-D;stereo;monocular depth,,,,,,,,size,,ya
181,qu2025citrus,2-s2.0-85218638441,10.1016/j.biosystemseng.2025.02.012,2025,Qu H.,Citrus fruit diameter estimation in the field using monocular camera,Biosystems Engineering,Article,9,C5,judul,citrus,RGB,,,,,,,,size,,tidak
3151,rong2025rtmfusion,2-s2.0-85200820697,10.1016/j.measurement.2024.115484,2025,Rong J.,RTMFusion: An enhanced dual-stream architecture algorithm fusing RGB and depth features for instance segmentation of tomato organs,Measurement Journal of the International Measurement Confederation,Article,16,C5,judul,tomato,RGB,,,,,,,,,,tidak
3157,tan2025apple,2-s2.0-105034871751,10.1109/icimcis68501.2025.11327435,2025,Tan D.G.,Apple Diameter Measurement from RGB Images Using ORCNN and Calibrated Monocular Depth,Proceedings 7th International Conference on Informatics Multimedia Cyber and Information System Icimcis 2025,Conference Paper,0,C5,abstrak,apple,RGB-D;monocular depth,conveyor/lab,,,,,,,size,MAE,ya
131,timprae2025tomato,2-s2.0-105023122149,10.3390/su172210120,2025,Timprae W.,Tomato Growth Monitoring and Phenological Analysis Using Deep Learning-Based Instance Segmentation and 3D Point Cloud Reconstruction,Sustainability Switzerland,Article,4,C5,abstrak,tomato;cherry,RGB,,video;3D scan/reconstruction,,,,,,maturity;size;variety/type,,ya
114,upadhyaya2025smartphone,2-s2.0-105023694897,10.1016/j.atech.2025.101592,2025,Upadhyaya P.,Smartphone-based 3D imaging for canopy and berry cluster volume estimation in wine grapes,Smart Agricultural Technology,Article,2,C5,abstrak,grape,RGB,handheld/smartphone,3D scan/reconstruction,,,,,,size,RMSE,ya
220,von2025applegrowthvision,2-s2.0-105017852533,10.1109/cvprw67362.2025.00541,2025,Von Hirschhausen L.S.,"AppleGrowthVision: A Large-Scale Stereo Dataset for Phenological Analysis, Fruit Detection, and 3D Reconstruction in Apple Orchards",IEEE Computer Society Conference on Computer Vision and Pattern Recognition Workshops,Conference Paper,3,C5,abstrak,apple,stereo,,3D scan/reconstruction,,,,,,maturity,F1,ya
3089,wang2025tpdnet,2-s2.0-105007640120,10.1016/j.plaphe.2025.100048,2025,Wang Y.,TPDNet: Triple phenotype deepen networks for monocular 3D object detection of melons and fruits in fields,Plant Phenomics,Article,4,C5,abstrak,melon,RGB-D,,3D scan/reconstruction,,,,,,mass,,ya
3122,xu2025three,2-s2.0-105001588560,10.6041/j.issn.1000-1298.2025.03.008,2025,Xu S.,Three-dimensional Reconstruction and Phenotype Detection of Citrus Fruits Based on Single-view RGBD Images,Nongye Jixie Xuebao Transactions of the Chinese Society for Agricultural Machinery,Article,5,C5,judul,citrus,RGB-D,,,,,,,,,,tidak
3203,yang2025rgb,2-s2.0-105033614557,10.1109/isaics66888.2025.11350135,2025,Yang M.,An RGB-D Multi-modal Apple Recognition and Instance Segmentation Method for Orchard Harvesting,Proceedings of 2025 2nd International Symposium on AI and Cybersecurity Isaics 2025,Conference Paper,0,C5,abstrak,apple,RGB-D,,,,,,,,,mAP/AP,ya
3045,yi2025rtfve,2-s2.0-105003107704,10.1016/j.compag.2025.110401,2025,Yi W.,RTFVE-YOLOv9: Real-time fruit volume estimation model integrating YOLOv9 and binocular stereo vision,Computers and Electronics in Agriculture,Article,16,C5,judul,,stereo,,,,,,,,size,,tidak
3043,zhu2025foundation,2-s2.0-105003559554,10.1016/j.compag.2025.110407,2025,Zhu K.,Foundation model-based apple ripeness and size estimation for selective harvesting,Computers and Electronics in Agriculture,Article,13,C5,abstrak,apple,RGB-D,,,,,,,,maturity;size,,ya
287,ambrus2024field,2-s2.0-85205782406,10.1016/j.heliyon.2024.e37997,2024,Ambrus B.,Field-grown tomato yield estimation using point cloud segmentation with 3D shaping and RGB pictures from a field robot and digital single lens reflex cameras,Heliyon,Article,13,C5,abstrak,tomato,RGB,ground vehicle/robot,3D scan/reconstruction,,,,,,maturity;mass,MAPE/rel. error;F1,ya
1057,barbole2024comparative,2-s2.0-85189175267,10.4081/jae.2023.1545,2024,Barbole D.,Comparative analysis of 2D and 3D vineyard yield prediction system using artificial intelligence,Journal of Agricultural Engineering,Article,2,C5,abstrak,grape,RGB-D,,,,,,,,mass;variety/type,,ya
3274,cai2024cherry,2-s2.0-85207586306,10.3390/agronomy14102320,2024,Cai Y.,Cherry Tomato Detection for Harvesting Using Multimodal Perception and an Improved YOLOv7-Tiny Neural Network,Agronomy,Article,18,C5,abstrak,tomato;cherry,RGB-D,ground vehicle/robot,3D scan/reconstruction,,,,,,,,ya
3321,chen2024mlp,2-s2.0-85191426424,10.1016/j.compag.2024.108951,2024,Chen W.,MLP-based multimodal tomato detection in complex scenarios: Insights from task-specific analysis of feature fusion architectures,Computers and Electronics in Agriculture,Article,41,C5,judul,tomato,RGB,,,,,,,,,,tidak
353,da2024detection,2-s2.0-85208494163,10.1109/igarss53475.2024.10642606,2024,da Silva M.F.,DETECTION AND SEGMENTATION OF ORANGE FRUIT IN 3D POINT CLOUDS GENERATED BY A TERRESTRIAL LIDAR SYSTEM,International Geoscience and Remote Sensing Symposium IGARSS,Conference Paper,1,C5,abstrak,citrus,LiDAR,,3D scan/reconstruction,,,,,,size,,ya
3391,dohi2024tilt,2-s2.0-105001669834,10.1109/cw64301.2024.00041,2024,Dohi A.,Tilt-Invariant Lemon Size Estimation Using RGB-D Camera Images,Proceedings 2024 International Conference on Cyberworlds Cw 2024,Conference Paper,0,C5,abstrak,citrus,RGB-D,,,,,,,,size,MAE,ya
3412,fukuda2024measuring,2-s2.0-85214653372,10.1109/scisisis61014.2024.10760234,2024,Fukuda T.,Measuring Fruit Diameter for Fruit Tree Management Purposes Using an RGB-D Camera,2024 Joint 13th International Conference on Soft Computing and Intelligent Systems and 25th International Symposium on Advanced Intelligent Systems Scis and Isis 2024,Conference Paper,0,C5,abstrak,,RGB-D,,,,,,,,size,,ya
3363,genemola2024amodalapplesize,2-s2.0-85181946478,10.1016/j.dib.2023.110000,2024,Gené-Mola J.,"AmodalAppleSize_RGB-D dataset: RGB-D images of apple trees annotated with modal and amodal segmentation masks for fruit detection, visibility and size estimation",Data in Brief,Data Paper,13,C5,abstrak,apple,RGB-D,,,,,,,,maturity;size,,ya
3431,hao2024vision,2-s2.0-105001505578,10.1109/robio64047.2024.10907381,2024,Hao Y.,A Vision-Based Two-Stage Fruit Outer Diameter Detection Method,IEEE International Conference on Robotics and Biomimetics Robio,Conference Paper,0,C5,abstrak,tomato,RGB-D,,,,,,,,size,R2,ya
3397,hong2024plant,2-s2.0-85191392710,10.13031/ja.15746,2024,Hong S.J.,ON-PLANT SIZE AND WEIGHT ESTIMATION OF TOMATO FRUITS USING DEEP NEURAL NETWORKS AND RGB-D IMAGING,Journal of the Asabe,Article,8,C5,abstrak,tomato,RGB-D,,,,,,,,size;mass,RMSE;MAPE/rel. error,ya
3280,kaukab2024improving,2-s2.0-85196719501,10.1016/j.ecoinf.2024.102691,2024,Kaukab S.,Improving real-time apple fruit detection: Multi-modal data and depth fusion with non-targeted background removal,Ecological Informatics,Article,24,C5,abstrak,apple,RGB-D,,3D scan/reconstruction,,,,,,,mAP/AP,ya
3313,liu2024ff3d,2-s2.0-85197134123,10.3390/s24123858,2024,Liu T.,FF3D: A Rapid and Accurate 3D Fruit Detector for Robotic Harvesting,Sensors,Article,18,C5,abstrak,apple,RGB,ground vehicle/robot,3D scan/reconstruction,,,,,,,mAP/AP,ya
3309,liu2024performance,2-s2.0-85183923297,10.1002/rob.22297,2024,Liu X.,Performance evaluation of newly released cameras for fruit detection and localization in complex kiwifruit orchard environments,Journal of Field Robotics,Article,22,C5,abstrak,kiwifruit,RGB-D;stereo,,,,,,,,,mAP/AP,ya
299,lou2024online,2-s2.0-85207086642,10.11975/j.issn.1002-6819.202404120,2024,Lou H.,Online target detection and fast localisation of citrus fruits in irregularly disturbed state,Nongye Gongcheng Xuebao Transactions of the Chinese Society of Agricultural Engineering,Article,2,C5,judul,citrus,RGB,,,,,,,,,,tidak
317,manfrini2024computer,2-s2.0-85195644235,10.17660/actahortic.2024.1395.52,2024,Manfrini L.,A computer vision approach for estimating fruit growth rate in orchards,Acta Horticulturae,Article,3,C5,abstrak,,RGB-D,,,,,,,,size,,ya
1045,neupane2024developing,2-s2.0-85203853807,10.3390/s24175593,2024,Neupane C.,"Developing Machine Vision in Tree-Fruit Applications—Fruit Count, Fruit Size and Branch Avoidance in Automated Harvesting",Sensors,Article,25,C5,abstrak,mango,RGB,,,,,,,,size,mAP/AP,ya
3328,neupane2024machine,2-s2.0-85195673721,10.17660/actahortic.2024.1395.42,2024,Neupane C.,Machine vision with deep learning for in-orchard mango fruit sizing and size distribution,Acta Horticulturae,Article,2,C5,judul,mango,RGB,,,,,,,,size,,tidak
362,sapkota2024immature,2-s2.0-85188461432,10.1109/access.2024.3378261,2024,Sapkota R.,Immature Green Apple Detection and Sizing in Commercial Orchards Using YOLOv8 and Shape Fitting Techniques,IEEE Access,Article,58,C5,abstrak,apple,RGB-D,,3D scan/reconstruction,,,,,,maturity;size,MAE;RMSE;MAPE/rel. error;mAP/AP,ya
3290,shao2024feasibility,2-s2.0-85198133169,10.1007/s11694-024-02729-x,2024,Shao H.,Feasibility study on fruit parameter estimation based on hyperspectral LiDAR point cloud,Journal of Food Measurement and Characterization,Article,8,C5,judul,,LiDAR;hyperspectral,,3D scan/reconstruction,,,,,,,,tidak
3420,simini2024populating,2-s2.0-105003534917,10.1109/metroagrifor63043.2024.10948798,2024,Simini A.,Populating Digital Orchards: Evaluation of a 3D Positioning Algorithm for Semi-Automated Data Collection and Spawning,2024 IEEE International Workshop on Metrology for Agriculture and Forestry Metroagrifor 2024 Proceedings,Conference Paper,1,C5,abstrak,,RGB-D,ground vehicle/robot,,,,,,,,mAP/AP,ya
3374,tapiazapata2024geometric,2-s2.0-85189937092,10.1080/10942912.2024.2330494,2024,Tapia-Zapata N.,A geometric modelling approach to estimate apple fruit size by means of LiDAR 3D point clouds,International Journal of Food Properties,Article,15,C5,abstrak,apple,LiDAR,conveyor/lab,3D scan/reconstruction,,,,,,size,RMSE;R2,ya
3324,wang2024multi,2-s2.0-85193749311,10.6041/j.issn.1000-1298.2024.05.020,2024,Wang Y.,Multi Perspective Point Cloud Reconstruction Method for Sweet Pepper Fruit under Occlusion Conditions,Nongye Jixie Xuebao Transactions of the Chinese Society for Agricultural Machinery,Article,3,C5,judul,sweet pepper,RGB,,3D scan/reconstruction,,,,,,,,tidak
3370,yan2024detection,2-s2.0-85195396119,10.1109/icassp48485.2024.10448205,2024,Yan S.,DETECTION IN COMPLEX SCENES USING RGB AND DEPTH MULTIMODAL FEATURE FUSION,ICASSP IEEE International Conference on Acoustics Speech and Signal Processing Proceedings,Conference Paper,1,C5,abstrak,pear,RGB-D,,,,,,,,,,ya
342,ye2024tomato,2-s2.0-105000711089,10.1109/aeeca62331.2024.00093,2024,Ye R.,Tomato Fruit 3D Reconstruction Based on Improved YOLOv8 and MiDaS Depth Estimation,Proceedings 2024 International Conference on Advances in Electrical Engineering and Computer Applications Aeeca 2024,Conference Paper,2,C5,abstrak,tomato,RGB,ground vehicle/robot,multi-view;3D scan/reconstruction,,,,,,,mAP/AP,ya
3361,zhang2024apple,2-s2.0-85188709328,10.3390/agriculture14030485,2024,Zhang G.,An Apple Detection and Localization Method for Automated Harvesting under Adverse Light Conditions,Agriculture Switzerland,Article,19,C5,abstrak,apple,stereo,,,,,,,,,,ya
3371,zhang2024semantic,2-s2.0-85188862575,10.11975/j.issn.1002-6819.202309169,2024,Zhang Y.,Semantic segmentation model for greenhouse tomato images using RGB and depth bimodal,Nongye Gongcheng Xuebao Transactions of the Chinese Society of Agricultural Engineering,Article,14,C5,judul,tomato,RGB,,,,,,,,,,tidak
3508,barbole2023grapesnet,2-s2.0-85151666636,10.1016/j.dib.2023.109100,2023,Barbole D.K.,GrapesNet: Indian RGB & RGB-D vineyard image datasets for deep learning applications,Data in Brief,Data Paper,14,C5,abstrak,grape,RGB-D,,,,,,,,mass,,ya
1135,devanna2023automated,2-s2.0-85172879730,10.1117/12.2673962,2023,Devanna R.P.,Automated detection and counting of grape bunches using a farmer robot,Proceedings of SPIE the International Society for Optical Engineering,Conference Paper,0,C5,abstrak,grape,RGB,ground vehicle/robot,,,,,,,,,ya
409,dong2023three,2-s2.0-85168545723,10.1016/j.compag.2023.108156,2023,Dong X.,Three-dimensional quantification of apple phenotypic traits based on deep learning instance segmentation,Computers and Electronics in Agriculture,Article,25,C5,judul,apple,RGB,,,,,,,,,,tidak
3476,ferrerferrer2023simultaneous,2-s2.0-85166484688,10.1016/j.biosystemseng.2023.07.010,2023,Ferrer-Ferrer M.,Simultaneous fruit detection and size estimation using multitask deep neural networks,Biosystems Engineering,Article,64,C5,abstrak,apple,RGB-D,,,,,,,,maturity;size,MAE;F1,ya
3499,genemola2023looking,2-s2.0-85152950556,10.1016/j.compag.2023.107854,2023,Gené-Mola J.,Looking behind occlusions: A study on amodal segmentation for robust on-tree apple fruit size estimation,Computers and Electronics in Agriculture,Article,73,C5,abstrak,apple,RGB,,,,,,,,size,,ya
3498,hao2023yolo,2-s2.0-85164585921,10.11996/jg.j.2095-302x.2023030456,2023,Hao P.F.,YOLO-RD-Apple orchard heterogenous image obscured fruit detection model,Journal of Graphics,Article,11,C5,judul,apple,RGB,,,,,,,,,,tidak
3451,liu2023rgb,2-s2.0-85180216892,10.3390/agronomy13123080,2023,Liu L.,RGB-D Heterogeneous Image Feature Fusion for YOLOfuse Apple Detection Model,Agronomy,Article,3,C5,abstrak,apple,RGB-D,ground vehicle/robot,video,,,,,,size,mAP/AP,ya
401,miranda2023akfruityield,2-s2.0-85173432215,10.1016/j.softx.2023.101548,2023,Miranda J.C.,AKFruitYield: Modular benchmarking and video analysis software for Azure Kinect cameras for fruit size and fruit yield estimation in apple orchards,Softwarex,Article,2,C5,abstrak,apple,RGB-D,,video,,,,,,size,,ya
3456,miranda2023assessing,2-s2.0-85173226061,10.1016/j.compag.2023.108302,2023,Miranda J.C.,Assessing automatic data processing algorithms for RGB-D cameras to predict fruit size and weight in apples,Computers and Electronics in Agriculture,Article,36,C5,abstrak,apple,RGB-D,,,,,,,,size;mass;variety/type,RMSE;R2;MAPE/rel. error,ya
3538,mirbod2023tree,2-s2.0-85145979782,10.1016/j.biosystemseng.2022.12.008,2023,Mirbod O.,On-tree apple fruit size estimation using stereo vision with deep learning-based occlusion handling,Biosystems Engineering,Article,76,C5,abstrak,apple,RGB-D;stereo,,,,,,,,size,MAE,ya
1108,parr2023grape,2-s2.0-85170411199,10.1016/j.compag.2023.108174,2023,Parr B.,Grape yield estimation with a smartphone's colour and depth cameras using machine learning and computer vision techniques,Computers and Electronics in Agriculture,Article,24,C5,abstrak,grape,RGB-D,handheld/smartphone,,,,,,,size,R2;mAP/AP,ya
432,rong2023tomato,2-s2.0-85149442730,10.1016/j.compag.2023.107741,2023,Rong J.,Tomato cluster detection and counting using improved YOLOv5 based on RGB-D fusion,Computers and Electronics in Agriculture,Article,112,C5,judul,tomato,RGB-D,,,,,,,,,,tidak
439,tsoulias2023situ,2-s2.0-85146732727,10.1016/j.compag.2022.107611,2023,Tsoulias N.,In-situ fruit analysis by means of LiDAR 3D point cloud of normalized difference vegetation index (NDVI),Computers and Electronics in Agriculture,Article,35,C5,abstrak,apple,LiDAR,ground vehicle/robot;conveyor/lab,3D scan/reconstruction,,,,,,maturity;size;mass,RMSE;R2,ya
3582,wang2023real,2-s2.0-85179509899,10.1109/dsa59317.2023.00028,2023,Wang L.,Real-time Fruit Detection Method Based on RGB-D Image Fusion,Proceedings 2023 10th International Conference on Dependable Systems and their Applications Dsa 2023,Conference Paper,1,C5,abstrak,apple,RGB-D,,,,,,,,size,,ya
3589,xie2023enhancing,2-s2.0-85185577888,10.1109/yac59482.2023.10401448,2023,Xie F.,Enhancing Outdoor Fruit Localization Accuracy: A Stereo Network Approach with Parallax Attention,Proceedings 2023 38th Youth Academic Annual Conference of Chinese Association of Automation Yac 2023,Conference Paper,0,C5,abstrak,,RGB-D;stereo,,,,,,,,,mAP/AP,ya
3461,yang2023detection,2-s2.0-85174313646,10.3233/ida-220449,2023,Yang Y.,Detection of multi-size peach in orchard using RGB-D camera combined with an improved DEtection Transformer model,Intelligent Data Analysis,Article,5,C5,abstrak,peach/nectarine,RGB-D,ground vehicle/robot,,,,,,,size,mAP/AP,ya
506,ge2022three,2-s2.0-85106296467,10.1016/j.inpa.2021.04.011,2022,Ge L.,Three dimensional apple tree organs classification and yield estimation algorithm based on multi-features fusion and support vector machine,Information Processing in Agriculture,Review,33,C5,abstrak,apple,RGB,,,,,,,,maturity;mass,F1,ya
541,gunen2022fruit,2-s2.0-85124914627,10.31202/ecjse.962269,2022,Günen M.A.,Fruit Detection from Apple Orchard Using Point Cloud Data,El Cezeri Journal of Science and Engineering,Article,1,C5,abstrak,apple,RGB,,3D scan/reconstruction,,,,,,,,ya
3675,hou2022detection,2-s2.0-85135957021,10.3389/fpls.2022.972445,2022,Hou C.,Detection and localization of citrus fruit based on improved You Only Look Once v5s and binocular vision in the orchard,Frontiers in Plant Science,Article,53,C5,abstrak,citrus,RGB-D;stereo,ground vehicle/robot,video,,,,,,maturity;size,,ya
3627,kang2022accurate,2-s2.0-85140808033,10.1016/j.compag.2022.107450,2022,Kang H.,Accurate fruit localisation using high resolution LiDAR-camera fusion and instance segmentation,Computers and Electronics in Agriculture,Article,73,C5,abstrak,apple,RGB-D;LiDAR,ground vehicle/robot,3D scan/reconstruction,,,,,,,,ya
3760,li2022multi,2-s2.0-85147928257,10.1109/yac57282.2022.10023577,2022,Li T.,Multi-vision-based Localization and Pose Estimation of Occluded Apple Fruits for Harvesting Robots,Proceedings 2022 37th Youth Academic Annual Conference of Chinese Association of Automation Yac 2022,Conference Paper,11,C5,abstrak,apple,stereo,ground vehicle/robot,,,,,,,,,ya
3677,liu2022real,2-s2.0-85141922847,10.11975/j.issn.1002-6819.2022.14.018,2022,Liu D.,"Real-time identification, localization, and grading method for navel oranges based on RGB-D camera",Nongye Gongcheng Xuebao Transactions of the Chinese Society of Agricultural Engineering,Article,15,C5,judul,citrus,RGB-D,,,,,,,,,,tidak
3623,luo2022multi,2-s2.0-85148669638,10.12133/j.smartag.sa202210004,2022,Luo Q.,Multi-Class on-Tree Peach Detection Using Improved YOLOv5s and Multi-Modal Images,Smart Agriculture,Article,17,C5,abstrak,apple;kiwifruit;peach/nectarine,RGB-D,,,,,,,,mass,mAP/AP,ya
3744,mengoli2022line,2-s2.0-85144592249,10.1109/metroagrifor55389.2022.9964960,2022,Mengoli D.,On-line real-time fruit size estimation using a depth-camera sensor,2022 IEEE Workshop on Metrology for Agriculture and Forestry Metroagrifor 2022 Proceedings,Conference Paper,17,C5,abstrak,,RGB-D,,,,,,,,size;mass,RMSE;mAP/AP,ya
490,miranda2022akfruitdata,2-s2.0-85140889642,10.1016/j.softx.2022.101231,2022,Miranda J.C.,AKFruitData: A dual software application for Azure Kinect cameras to acquire and extract informative data in yield tests performed in fruit orchard environments,Softwarex,Article,11,C5,abstrak,apple,RGB-D,,video;3D scan/reconstruction,,,,,,size,,ya
492,neupane2022orchard,2-s2.0-85144830760,10.3390/horticulturae8121223,2022,Neupane C.,In-Orchard Sizing of Mango Fruit: 1. Comparison of Machine Vision Based Methods for On-The-Go Estimation,Horticulturae,Article,31,C5,abstrak,mango,RGB-D,,video,,,,,,size;mass,RMSE,ya
3786,sato2022determining,2-s2.0-85146644036,10.1109/scisisis55246.2022.10002107,2022,Sato H.,Determining Fruit Set Density and Spatial Arrangement of Fruit Trees for Fruit Picking Operations,2022 Joint 12th International Conference on Soft Computing and Intelligent Systems and 23rd International Symposium on Advanced Intelligent Systems Scis and Isis 2022,Conference Paper,0,C5,abstrak,apple,RGB-D,,,,,,,,,,ya
3686,sun2022fast,2-s2.0-85133446274,10.3389/fpls.2022.864458,2022,Sun M.,Fast Location and Recognition of Green Apple Based on RGB-D Image,Frontiers in Plant Science,Article,22,C5,abstrak,apple,RGB-D,,,,,,,,,,ya
3679,sun2022noise,2-s2.0-85129720670,10.1016/j.compag.2022.107034,2022,Sun Q.,Noise-tolerant RGB-D feature fusion network for outdoor fruit detection,Computers and Electronics in Agriculture,Article,49,C5,judul,,RGB-D,,,,,,,,,,tidak
3702,sun2022real,2-s2.0-85132536969,10.13360/j.issn.2096-1359.202107028,2022,Sun B.,Real-time detection and localization method of longan based on RGB-D,Journal of Forestry Engineering,Article,3,C5,judul,litchi/longan,RGB-D,,,,,,,,,,tidak
534,tang2022identification,2-s2.0-85123686493,10.3390/rs14030642,2022,Tang J.,Identification of the Yield of Camellia oleifera Based on Color Space by the Optimized Mean Shift Clustering Algorithm Using Terrestrial Laser Scanning,Remote Sensing,Article,8,C5,abstrak,camellia,LiDAR,,3D scan/reconstruction,,,,,,,,ya
3749,van2022determining,2-s2.0-85144817346,10.1016/j.ifacol.2022.11.125,2022,Van Daalen T.,Determining fresh tomato weight using depth images from an AR headset,IFAC Papersonline,Conference Paper,3,C5,abstrak,tomato,RGB-D,,,,,,,,maturity;mass,,ya
3763,xu2022citrus,2-s2.0-85135092265,10.1007/978-981-19-2448-4_15,2022,Xu C.,Citrus Positioning Method Based on Camera and Lidar Data Fusion,Smart Innovation Systems and Technologies,Conference Paper,1,C5,judul,citrus,LiDAR,,,,,,,,,,tidak
3659,yu2022mature,2-s2.0-85135125360,10.1016/j.compag.2022.107233,2022,Yu T.,Mature pomegranate fruit detection and location combining improved F-PointNet with 3D point cloud clustering in orchard,Computers and Electronics in Agriculture,Article,85,C5,judul,pomegranate,RGB,,3D scan/reconstruction,,,,,,maturity,,tidak
3839,genemola2021field,2-s2.0-85111490250,10.1016/j.compag.2021.106343,2021,Gené-Mola J.,In-field apple size estimation using photogrammetry-derived 3D point clouds: Comparison of 4 different methods considering fruit occlusions,Computers and Electronics in Agriculture,Article,98,C5,abstrak,apple,stereo,,multi-view;3D scan/reconstruction,,,,,,maturity;size,MAE;R2,ya
3812,genemola2021pfuji,2-s2.0-85119907282,10.1016/j.dib.2021.107629,2021,Gené-Mola J.,PFuji-Size dataset: A collection of images and photogrammetry-derived 3D point clouds with ground truth annotations for Fuji apple detection and size estimation in field conditions,Data in Brief,Data Paper,21,C5,abstrak,apple,stereo,conveyor/lab,multi-view;3D scan/reconstruction,,,,,,maturity;size,,ya
3820,hsieh2021fruit,2-s2.0-85111664839,10.1007/s11694-021-01074-7,2021,Hsieh K.W.,Fruit maturity and location identification of beef tomato using R-CNN and binocular imaging technology,Journal of Food Measurement and Characterization,Article,54,C5,abstrak,tomato,stereo,,,,,,,,maturity;size,,ya
3831,le20213d,2-s2.0-85118130939,10.1016/j.compag.2021.106374,2021,Le Louëdec J.,3D shape sensing and deep learning-based segmentation of strawberries,Computers and Electronics in Agriculture,Article,47,C5,abstrak,strawberry,RGB-D;stereo,ground vehicle/robot,,,,,,,size,,ya
3921,mirbod2021field,2-s2.0-85114197323,10.13031/aim.202100831,2021,Mirbod O.,In-field apple size and location tracking using machine vision to assist fruit thinning and harvest decision-making,American Society of Agricultural and Biological Engineers Annual International Meeting Asabe 2021,Conference Paper,1,C5,abstrak,apple,stereo,,,,,,,,size;variety/type,,ya
3838,neupane2021evaluation,2-s2.0-85114668091,10.3390/agronomy11091780,2021,Neupane C.,Evaluation of depth cameras for use in fruit localization and sizing: Finding a successor to kinect v2,Agronomy,Article,84,C5,abstrak,,RGB-D;stereo,,,,,,,,size,RMSE,ya
621,ni2021three,2-s2.0-85097580808,10.1016/j.isprsjprs.2020.11.010,2021,Ni X.,Three-dimensional photogrammetry with deep learning instance segmentation to extract berry fruit harvestability traits,ISPRS Journal of Photogrammetry and Remote Sensing,Article,69,C5,abstrak,blueberry,RGB,,3D scan/reconstruction,,,,,,maturity;size;variety/type,RMSE,ya
3882,yu2021litchi,2-s2.0-85100252939,10.1016/j.biosystemseng.2021.01.015,2021,Yu L.,A litchi fruit recognition method in a natural environment using RGB-D images,Biosystems Engineering,Article,114,C5,abstrak,litchi/longan,RGB-D,,,,,,,,maturity,,ya
622,zhou2021kiwifruit,2-s2.0-85114201293,10.13031/aim.202100289,2021,Zhou Z.,Kiwifruit yield estimation using deep learning and binocular stereo vision on Android smartphones,American Society of Agricultural and Biological Engineers Annual International Meeting Asabe 2021,Conference Paper,1,C5,abstrak,kiwifruit,stereo,handheld/smartphone,video,,,,,,size;mass,MAPE/rel. error;mAP/AP,ya
3974,fu2020faster,2-s2.0-85088384827,10.1016/j.biosystemseng.2020.07.007,2020,Fu L.,Faster R–CNN–based apple detection in dense-foliage fruiting-wall trees using RGB and depth features for robotic harvesting,Biosystems Engineering,Article,232,C5,abstrak,apple,RGB-D,ground vehicle/robot,,,,,,,,mAP/AP,ya
639,gan2020active,2-s2.0-85090426589,10.1016/j.biosystemseng.2020.08.015,2020,Gan H.,Active thermal imaging for immature citrus fruit detection,Biosystems Engineering,Article,66,C5,abstrak,citrus,thermal,,video,,,,,,maturity,mAP/AP,ya
656,kurtser2020field,2-s2.0-85079829054,10.1109/lra.2020.2970654,2020,Kurtser P.,In-field grape cluster size assessment for vine yield estimation using a mobile robot and a consumer level RGB-D Camera,IEEE Robotics and Automation Letters,Article,57,C5,abstrak,grape,RGB-D,ground vehicle/robot,video,,,,,,size,,ya
4030,lin2020color,2-s2.0-85064515374,10.1007/s11119-019-09654-w,2020,Lin G.,"Color-, depth-, and shape-based 3D fruit detection",Precision Agriculture,Article,175,C5,abstrak,sweet pepper;persimmon/guava,RGB-D,ground vehicle/robot,3D scan/reconstruction,,,,,,,,ya
4041,liu2020improved,2-s2.0-85077256877,10.1109/access.2019.2962513,2020,Liu Z.,Improved Kiwifruit Detection Using Pre-Trained VGG16 with RGB and NIR Information Fusion,IEEE Access,Article,196,C5,abstrak,kiwifruit,RGB-D;NIR,,,,,,,,,mAP/AP,ya
667,mirbod2020image,2-s2.0-85096609558,10.13031/aim.202001115,2020,Mirbod O.,Towards image-based measurement of accurate apple size and yield using stereo vision cameras,Asabe 2020 Annual International Meeting,Conference Paper,1,C5,abstrak,apple,stereo,,,,,,,,size;mass,R2,ya
669,ni2020blueberry,2-s2.0-85096514732,10.13031/aim.202001338,2020,Ni X.,Blueberry harvestability trait extraction from 2D images and 3D point clouds based on deep learning and photogrammetric reconstruction,Asabe 2020 Annual International Meeting,Conference Paper,2,C5,abstrak,grape;blueberry,RGB,,3D scan/reconstruction,,,,,,maturity;size;variety/type,mAP/AP,ya
673,schneider2020predicting,2-s2.0-85090848724,10.1553/giscience2020_01_s73,2020,Schneider T.,Towards predicting vine yield: Conceptualization of 3d grape models and derivation of reliable physical and morphological parameters,Gi Forum,Article,8,C5,abstrak,grape,RGB,conveyor/lab,multi-view;3D scan/reconstruction,,,,,,maturity;size,,ya
1251,takahashi2020development,2-s2.0-85097320004,10.17660/actahortic.2020.1296.134,2020,Takahashi M.,Development of LAI and fruit load estimation method using a three-dimensional shape measurement sensor,Acta Horticulturae,Conference Paper,2,C5,abstrak,,RGB,,,,,,,,,,ya
3985,tsoulias2020apple,2-s2.0-85085915187,10.3390/rs12152481,2020,Tsoulias N.,Apple shape detection based on geometric and radiometric features using a LiDAR laser scanner,Remote Sensing,Article,80,C5,abstrak,apple,LiDAR,,3D scan/reconstruction,,,,,,size,RMSE;R2;F1,ya
3957,tsoulias2020situ,2-s2.0-85099038076,10.1109/metroagrifor50201.2020.9277629,2020,Tsoulias N.,In-situ detection of apple fruit using a 2D LiDAR laser scanner,2020 IEEE International Workshop on Metrology for Agriculture and Forestry Metroagrifor 2020 Proceedings,Conference Paper,4,C5,abstrak,apple,LiDAR,ground vehicle/robot,3D scan/reconstruction,,,,,,size,R2,ya
1258,tu2020passion,2-s2.0-85078472235,10.1007/s11119-020-09709-3,2020,Tu S.,Passion fruit detection and counting based on multiple scale faster R-CNN using RGB-D images,Precision Agriculture,Article,165,C5,abstrak,passion fruit,RGB-D,ground vehicle/robot,,,,,,,,F1,ya
670,zhao2020automatic,2-s2.0-85086122156,10.25165/j.ijabe.20201303.5460,2020,Zhao X.,Automatic sweet pepper detection based on point cloud images using subtractive clustering,International Journal of Agricultural and Biological Engineering,Article,12,C5,abstrak,sweet pepper,RGB,ground vehicle/robot,3D scan/reconstruction,,,,,,,,ya
4068,genemola2019fruit,2-s2.0-85072345472,10.1016/j.biosystemseng.2019.08.017,2019,Gené-Mola J.,Fruit detection in an apple orchard using a mobile terrestrial laser scanner,Biosystems Engineering,Article,123,C5,abstrak,apple,LiDAR,,3D scan/reconstruction,,,,,,,F1,ya
4082,genemola2019kfuji,2-s2.0-85069974413,10.1016/j.dib.2019.104289,2019,Gené-Mola J.,"KFuji RGB-DS database: Fuji apple multi-modal images for fruit detection with color, depth and range-corrected IR data",Data in Brief,Data Paper,34,C5,abstrak,apple,RGB-D,,,,,,,,,,ya
693,hacking2019investigating,2-s2.0-85071512850,10.3390/s19173652,2019,Hacking C.,Investigating 2-D and 3-D proximal remote sensing techniques for vineyard yield estimation,Sensors Switzerland,Article,41,C5,abstrak,grape,RGB-D,conveyor/lab,3D scan/reconstruction,,,,,,size;mass,R2,ya
4074,lin2019field,2-s2.0-85068575870,10.1016/j.biosystemseng.2019.06.019,2019,Lin G.,In-field citrus detection and localisation based on RGB-D image analysis,Biosystems Engineering,Article,119,C5,abstrak,citrus,RGB-D,ground vehicle/robot,,,,,,,maturity;size,F1,ya
4122,liu2019improved,2-s2.0-85084017620,10.13031/aim.201901260,2019,Liu Z.,Improved kiwifruit detection using VGG16 with RGB and NIR information fusion,2019 Asabe Annual International Meeting,Conference Paper,4,C5,abstrak,kiwifruit,RGB-D;NIR,,,,,,,,,mAP/AP,ya
4056,malik2019tomato,2-s2.0-85081630234,,2019,Malik M.H.,Tomato segmentation and localization method based on RGB-D camera,International Agricultural Engineering Journal,Article,14,C5,judul,tomato,RGB-D,,,,,,,,,,tidak
4055,mendez2019field,2-s2.0-85077381150,10.3390/agronomy9120885,2019,Méndez V.,In-field estimation of orange number and size by 3D laser scanning,Agronomy,Article,41,C5,abstrak,citrus,LiDAR,,,,,,,,size;mass;variety/type,R2,ya
4057,wu2019automatic,2-s2.0-85073272801,10.1016/j.biosystemseng.2019.10.002,2019,Wu G.,Automatic recognition of juicy peaches on trees based on 3D contour features and colour data,Biosystems Engineering,Article,38,C5,abstrak,peach/nectarine,RGB-D,ground vehicle/robot,3D scan/reconstruction,,,,,,maturity,,ya
4142,nyarko2018nearest,2-s2.0-85050971109,10.1016/j.eswa.2018.07.048,2018,Nyarko E.K.,A nearest neighbor approach for fruit recognition in RGB-D images based on detection of convex surfaces,Expert Systems with Applications,Article,56,C5,abstrak,,RGB-D,ground vehicle/robot,3D scan/reconstruction,,,,,,,,ya
1360,choi2017performance,2-s2.0-85035356469,10.13031/aim.201700076,2017,Choi D.,"A performance comparison of RGB, NIR, and depth images in immature citrus detection using deep learning algorithms for yield prediction",2017 Asabe Annual International Meeting,Conference Paper,22,C5,abstrak,citrus,RGB-D;NIR,,,,,,,,maturity,,ya
4232,wang2017tree,2-s2.0-85046894339,10.3390/s17122738,2017,Wang Z.,On-tree mango fruit size estimation using RGB-D images,Sensors Switzerland,Article,181,C5,abstrak,mango,RGB-D;stereo,,,,,,,,size,RMSE,ya
4292,kadmiry2016perception,2-s2.0-85006847185,10.1109/ivcnz.2015.7761534,2016,Kadmiry B.,Perception scheme for fruits detection in trees for autonomous agricultural robot applications,International Conference Image and Vision Computing New Zealand,Conference Paper,1,C5,abstrak,,RGB-D,ground vehicle/robot,,,,,,,,,ya
4336,nguyen2016detection,2-s2.0-84983585930,10.1016/j.biosystemseng.2016.01.007,2016,Nguyen T.T.,Detection of red and bicoloured apples on tree with an RGB-D camera,Biosystems Engineering,Article,160,C5,abstrak,apple,RGB-D,ground vehicle/robot,,,,,,,,,ya
1392,herrerohuerta2015vineyard,2-s2.0-84908348456,10.1016/j.compag.2014.10.003,2015,Herrero-Huerta M.,Vineyard yield estimation by automatic 3D bunch modelling in field conditions,Computers and Electronics in Agriculture,Article,85,C5,abstrak,grape,RGB,conveyor/lab,3D scan/reconstruction,,,,,,size;mass,,ya
790,nakaguro2015volumetric,2-s2.0-84944730140,10.1007/978-3-319-23231-7_45,2015,Nakaguro Y.,Volumetric 3D Reconstruction and parametric shape modeling from RGB-D Sequences,Lecture Notes in Computer Science,Conference Paper,2,C5,judul,,RGB-D,,3D scan/reconstruction,,,,,,size,,tidak
803,li2014diameter,2-s2.0-84921504020,10.3969/j.issn.1002-6819.2014.23.026,2014,Li W.,Diameter measurement method for immature apple based on watershed and convex hull theory,Nongye Gongcheng Xuebao Transactions of the Chinese Society of Agricultural Engineering,Article,8,C5,judul,apple,RGB,,,,,,,,maturity;size,,tidak
4796,abdelhamid2026intelligent,2-s2.0-105034649113,10.1016/j.atech.2026.102000,2026,Abdelhamid M.A.,Intelligent transformation of mango maturity Estimation: AI-based non-destructive methods,Smart Agricultural Technology,Review,3,R,abstrak,mango,hyperspectral;NIR,,,,,,,,maturity;mass,,ya
4857,ahmed2026insights,2-s2.0-105023677899,10.1016/j.grets.2025.100302,2026,Ahmed Z.F.R.,Insights into recent developments and obstacles in automated fruit ripeness classification,Green Technologies and Sustainability,Review,5,R,abstrak,,RGB,,,,,,,,maturity,,ya
4887,barbedo2026transferability,2-s2.0-105029791356,10.3390/agronomy16030364,2026,Barbedo J.G.A.,Transferability and Robustness in Proximal and UAV Crop Imaging,Agronomy,Review,7,R,abstrak,,thermal;multispectral;hyperspectral,UAV;ground vehicle/robot,,,,,,,mass;defect/disease;variety/type,,ya
4552,chang2026ai,2-s2.0-105034169069,10.1016/j.atech.2026.101869,2026,Chang J.,AI-driven 3D point cloud analysis in plant phenotyping: A Systematic Review,Smart Agricultural Technology,Review,4,R,abstrak,,RGB-D;stereo,conveyor/lab,multi-view;3D scan/reconstruction,,,,,,,,ya
4867,farhan2026artificial,2-s2.0-105034130024,10.30772/qjes.2026.165663.1755,2026,Farhan M.,Artificial intelligence for oil palm tree management using deep structured learning: A systematic review,Al Qadisiyah Journal for Engineering Sciences,Review,0,R,abstrak,oil palm,RGB,,,,,,,,maturity,MAPE/rel. error;mAP/AP,ya
4902,gunawan2026drone,2-s2.0-105043928878,10.1109/mim.2026.11224873,2026,Gunawan T.S.,Drone and deep learning-based instrumentation for palm fruit detection and yield measurement: A Southeast Asian roadmap,IEEE Instrumentation and Measurement Magazine,Review,1,R,abstrak,oil palm,multispectral;hyperspectral,UAV;ground vehicle/robot,,,,,,,,,ya
4779,han2026advances,2-s2.0-105050236420,10.3390/agriculture16171924,2026,Han D.,Advances in Recognition Methods for Fruit and Vegetable Harvesting,Agriculture Switzerland,Review,0,R,abstrak,,RGB,ground vehicle/robot,,,,,,,defect/disease,,ya
4856,han2026what,2-s2.0-105030273721,10.1016/j.compag.2026.111551,2026,Han K.,What's next in agri-vision: A review of Vision Transformers and Vision Mamba in crop management,Computers and Electronics in Agriculture,Review,6,R,judul,,RGB,,,,,,,,,,tidak
2750,liu2026lidar,2-s2.0-105045855035,10.1016/j.compag.2026.112049,2026,Liu W.,"LiDAR in precision agriculture for orchards and perennial tree crops: bibliometric analysis, sensor technologies, and algorithmic workflows",Computers and Electronics in Agriculture,Review,2,R,judul,,LiDAR,,,,,,,,,,tidak
4926,liu2026recent,2-s2.0-105049690813,10.35633/inmateh-79-28,2026,Liu Q.,RECENT ADVANCES SURVEY IN COMPUTER VISION AND ARTIFICIAL INTELLIGENCE FOR FRUIT DETECTION,Inmateh Agricultural Engineering,Review,0,R,abstrak,,RGB,,video,,,,,,,,ya
4797,liu2026systematic,2-s2.0-105041037308,10.1016/j.atech.2026.102155,2026,Liu Q.,A systematic review on deep learning techniques for maturity classification of tomato fruit on plants,Smart Agricultural Technology,Review,0,R,abstrak,tomato,RGB,conveyor/lab,,,,,,,maturity;mass,,ya
2514,ma2026frontiers,2-s2.0-105022656894,10.1016/j.compag.2025.111256,2026,Ma J.,Frontiers and advances of deep learning-based fruit and vegetable image analysis,Computers and Electronics in Agriculture,Review,7,R,judul,,RGB,,,,,,,,,,tidak
4907,maulana2026systematic,2-s2.0-105028677922,10.3390/computers15010069,2026,Maulana D.,Systematic Review of Quantization-Optimized Lightweight Transformer Architectures for Real-Time Fruit Ripeness Detection on Edge Devices,Computers,Review,8,R,abstrak,other berries,RGB,,,,,,,,maturity;size;mass,,ya
1454,nordin2026systematic,2-s2.0-105043212270,10.17576/apjitm-2026-1501-15,2026,Nordin M.E.,A Systematic Literature Review of Palm Oil Maturity Detection via Deep Learning Approaches,Asia Pacific Journal of Information Technology and Multimedia,Article,0,R,judul,oil palm,RGB,,,,,,,,maturity,,tidak
4800,parralesbravo2026bridging,2-s2.0-105048451377,10.3390/computers15080518,2026,Parrales-Bravo F.,Bridging Two Worlds: Sensor Technologies and AI for Fruit Detection in Latin America and Beyond—A Scoping Review,Computers,Review,0,R,abstrak,,RGB,ground vehicle/robot,,,,,,,,,ya
4876,pugazhendi2026advances,2-s2.0-105034816451,10.1016/j.atech.2026.101896,2026,Pugazhendi P.,Advances in agricultural fruit detection using you only look once (YOLO) algorithm: A review,Smart Agricultural Technology,Review,4,R,abstrak,,RGB,conveyor/lab,,,,,,,size,,ya
904,rong2026research,2-s2.0-105040506657,10.3389/fpls.2026.1759956,2026,Rong Z.,Research progress on precision orchard yield estimation based on multi-source information perception sensors,Frontiers in Plant Science,Review,1,R,abstrak,,RGB,,,,,,,,,,ya
4793,subramanian2026advances,2-s2.0-105046648614,10.1007/s10341-026-01983-1,2026,Subramanian G.,Advances and Prospects of Artificial Intelligence in Fruit Production Systems: A Comprehensive Review,Applied Fruit Science,Review,0,R,judul,,RGB,,,,,,,,,,tidak
1448,syahputra2026deep,2-s2.0-105037844483,10.48048/tis.2026.13227,2026,Syahputra W.N.H.,Deep Learning for Ripeness Grading of Oil Palm Fresh Fruit Bunches: A Comprehensive Review of Convolutional Neural Network Approaches,Trends in Sciences,Review,0,R,abstrak,oil palm,RGB,conveyor/lab,multi-view,,,,,,maturity,,ya
4817,tan2026review,2-s2.0-105050494973,10.13733/j.jcam.issn.2095-5553.2026.07.0028,2026,Tan R.,Review on tomato target recognition technology based on deep learning,Journal of Chinese Agricultural Mechanization,Review,0,R,judul,tomato,RGB,,,,,,,,,,tidak
4541,wang2026image,2-s2.0-105036997037,10.1016/j.compag.2026.111828,2026,Wang H.,"Image-Based, 3D reconstruction for smart farming Applications: A review",Computers and Electronics in Agriculture,Review,3,R,judul,,RGB,,3D scan/reconstruction,,,,,,,,tidak
4891,wang2026robust,2-s2.0-105025148103,10.1016/j.foodres.2025.118058,2026,Wang D.,Toward robust in-field fruit quality evaluation: A critical review of emerging nondestructive technologies and devices,Food Research International,Review,3,R,abstrak,,RGB,ground vehicle/robot,,,,,,,,,ya
4822,wei2026volume,2-s2.0-105045866067,10.3390/horticulturae12070776,2026,Wei Q.,Volume Estimation of Agricultural Products Using 2D Images: From Laboratory to Orchard,Horticulturae,Review,0,R,abstrak,,RGB-D,conveyor/lab,,,,,,,size,,ya
2787,ye2026advances,2-s2.0-105048494316,10.3390/app16167957,2026,Ye R.,Advances in Binocular Stereo Vision-Driven 3D Perception and Intelligent Analysis Methods for Agriculture,Applied Sciences Switzerland,Review,0,R,abstrak,,stereo,ground vehicle/robot,multi-view;3D scan/reconstruction,,,,,,mass,,ya
4804,ye2026advancesb,2-s2.0-105048478944,10.3390/app16168046,2026,Ye R.,"Advances in Perception, Autonomous Operation, and Collaborative Systems for Smart Orchard Robots",Applied Sciences Switzerland,Review,0,R,abstrak,,RGB,UAV;ground vehicle/robot,,,,,,,,,ya
2839,zhang2026review,2-s2.0-105040064413,10.3390/agronomy16100973,2026,Zhang Q.,A Review of Crop Attribute Detection for Agricultural Harvesting Machinery,Agronomy,Review,1,R,abstrak,,LiDAR;NIR,,3D scan/reconstruction,,,,,,maturity,,ya
5034,chen2025survey,2-s2.0-105007972307,10.3778/j.issn.1002-8331.2410-0016,2025,Chen X.,Survey of Advances in Semi-Supervised Learning Methods for Crop Image Processing Applications,Computer Engineering and Applications,Review,1,R,judul,,RGB,,,,,,,,,,tidak
5078,dutta2025application,2-s2.0-85214035572,10.1007/s10341-024-01223-4,2025,Dutta S.K.,Application and Prospects of Artificial Intelligence (AI)-Based Technologies in Fruit Production Systems,Applied Fruit Science,Review,23,R,judul,,RGB,,,,,,,,,,tidak
1563,goh2025fresh,2-s2.0-85197384719,10.1007/s11947-024-03483-0,2025,Goh J.Y.,Fresh Fruit Bunch Ripeness Classification Methods: A Review,Food and Bioprocess Technology,Review,32,R,abstrak,oil palm,thermal,,,,,,,,maturity,,ya
5094,gong2025fruit,2-s2.0-105006843228,10.1109/access.2025.3573364,2025,Gong X.,Fruit Detection Methods Based on Deep Learning in Agricultural Planting: A Systematic Literature Review,IEEE Access,Review,12,R,abstrak,,RGB,,,,,,,,mass,,ya
5104,huang2025review,2-s2.0-105014796726,10.3389/fpls.2025.1646871,2025,Huang Y.,A review of visual perception technology for intelligent fruit harvesting robots,Frontiers in Plant Science,Review,34,R,abstrak,,RGB,ground vehicle/robot,3D scan/reconstruction,,,,,,,,ya
4944,li2025process,2-s2.0-105018905193,10.1016/j.compag.2025.111068,2025,Li Z.,"Process, challenges and solutions of fruit 3D reconstruction: A review",Computers and Electronics in Agriculture,Review,6,R,judul,,RGB,,3D scan/reconstruction,,,,,,,,tidak
2543,li2025review,2-s2.0-105022918089,10.3390/agriengineering7110365,2025,Li Z.,A Review of Crop Attribute Monitoring Technologies for General Agricultural Scenarios,Agriengineering,Review,9,R,abstrak,,LiDAR;thermal;NIR,UAV;ground vehicle/robot,,,,,,,maturity;mass;defect/disease,,ya
4583,li2025reviewb,2-s2.0-105007801491,10.3390/s25113401,2025,Li S.,A Review of Optical-Based Three-Dimensional Reconstruction and Multi-Source Fusion for Plant Phenotyping,Sensors,Review,21,R,abstrak,,RGB-D;stereo;LiDAR,,3D scan/reconstruction,,,,,,defect/disease,,ya
5057,lv2025comprehensive,2-s2.0-105003754375,10.3390/s25082433,2025,Lv M.,A Comprehensive Review of Deep Learning in Computer Vision for Monitoring Apple Tree Growth and Fruit Production,Sensors,Review,21,R,abstrak,apple,RGB,,,,,,,,defect/disease,,ya
1545,mohamad2025impact,2-s2.0-85213534647,10.1016/j.atech.2024.100685,2025,Mohamad Zaki M.A.,Impact of industry 4.0 technologies on the oil palm industry: A literature review,Smart Agricultural Technology,Review,23,R,abstrak,oil palm,RGB,,,,,,,,defect/disease,,ya
5003,moldvai2025innovative,2-s2.0-105013844534,10.1007/s42452-025-07613-x,2025,Moldvai L.,Innovative computer vision methods for tomato (Solanum Lycopersicon) detection and cultivation: a review,Discover Applied Sciences,Review,2,R,abstrak,tomato,RGB,ground vehicle/robot,,,,,,,defect/disease,,ya
4975,oh2025crawling,2-s2.0-105021534249,10.3390/agriculture15212239,2025,Oh I.S.,A Crawling Review of Fruit Tree Image Segmentation,Agriculture Switzerland,Review,4,R,abstrak,,RGB,,,,,,,,variety/type,,ya
4571,pu2025bridging,2-s2.0-105024349448,10.1016/j.atech.2025.101639,2025,Pu X.,Bridging lab and field: A review and roadmap for unmanned aerial vehicle-based field crop counting with deep learning,Smart Agricultural Technology,Review,2,R,abstrak,,RGB,UAV;ground vehicle/robot;conveyor/lab,,,,,,,,,ya
5027,rani2025non,2-s2.0-105017068632,10.18805/ijare.a-6311,2025,Rani N.,Non-destructive Mathematical Modeling Techniques for Fruit Volume Estimation: A Systematic Review and Meta-analysis,Indian Journal of Agricultural Research,Review,0,R,abstrak,,RGB,,,,,,,,size;mass,R2,ya
5064,rojas2025artificial,2-s2.0-86000564106,10.3390/s25051524,2025,Rojas Santelices I.,Artificial Vision Systems for Fruit Inspection and Classification: Systematic Literature Review,Sensors,Review,35,R,abstrak,,multispectral,,,,,,,,,,ya
1543,rosbi2025picture,2-s2.0-105004373685,10.21894/jopr.2024.0015,2025,Rosbi M.,A PICTURE OF RIPENESS: INVESTIGATING IMAGE-BASED TECHNIQUES FOR OIL PALM FRUIT GRADING,Journal of Oil Palm Research,Review,0,R,abstrak,oil palm,RGB,,,,,,,,maturity,,ya
5095,shi2025advances,2-s2.0-85216015255,10.3390/agronomy15010145,2025,Shi X.,Advances in Object Detection and Localization Techniques for Fruit Harvesting Robots,Agronomy,Review,22,R,abstrak,,RGB,ground vehicle/robot,,,,,,,mass,,ya
2574,sutriani2025yolo,2-s2.0-105035387556,10.1109/icisit66233.2025.11402971,2025,Sutriani L.,YOLO in Palm Oil Detection: A Bibliometric and SLR Analysis,2025 2nd International Conference on Information System and Information Technology Icisit 2025,Conference Paper,0,R,abstrak,oil palm;coconut,RGB,UAV;ground vehicle/robot,,,,,,,maturity,,ya
5037,tan2025review,2-s2.0-105008898818,10.3390/s25123677,2025,Tan Y.,A Review of Research on Fruit and Vegetable Picking Robots Based on Deep Learning,Sensors,Review,20,R,abstrak,,RGB,ground vehicle/robot,,,,,,,,,ya
5041,unigarro2025artificial,2-s2.0-105009312433,10.3390/informatics12020046,2025,Unigarro C.,"Artificial Neural Networks for Image Processing in Precision Agriculture: A Systematic Literature Review on Mango, Apple, Lemon, and Coffee Crops",Informatics,Review,9,R,abstrak,apple;citrus;mango;coffee,RGB,,,,,,,,maturity;size;defect/disease,,ya
5023,wang2025research,2-s2.0-105014364027,10.3390/agronomy15081926,2025,Wang W.,Research Progress and Development Trend of Visual Detection Methods for Selective Fruit Harvesting Robots,Agronomy,Review,32,R,abstrak,,RGB,ground vehicle/robot,,,,,,,,,ya
5076,xiao2025key,2-s2.0-85217635495,10.1007/s11633-024-1517-1,2025,Xiao X.,Key Technologies for Machine Vision for Picking Robots: Review and Benchmarking,Machine Intelligence Research,Review,14,R,abstrak,,RGB,ground vehicle/robot,,,,,,,maturity,,ya
3185,yang2025research,2-s2.0-105002037203,10.11975/j.issn.1002-6819.202410177,2025,Yang X.,Research progress on binocular stereo vision technology and its applications in smart agriculture,Nongye Gongcheng Xuebao Transactions of the Chinese Society of Agricultural Engineering,Review,11,R,judul,,stereo,,,,,,,,,,tidak
5066,yuchao2025review,2-s2.0-105000037146,10.13733/j.jcam.issn.2095-5553.2025.03.038,2025,Yuchao X.,Review on lightweight deep learning networks for object detection in crops,Journal of Chinese Agricultural Mechanization,Review,4,R,judul,,RGB,,,,,,,,mass,,tidak
5089,zhou2025review,2-s2.0-86000212592,10.1080/23335777.2025.2467639,2025,Zhou X.,A review of fruit ripeness recognition methods based on deep learning,Cyber Physical Systems,Review,17,R,abstrak,,RGB,,,,,,,,maturity,,ya
1070,anand2024fruit,2-s2.0-105003516302,10.1007/978-981-97-5878-4_7,2024,Anand R.,Fruit Counting and Analysis Using Artificial Intelligence Approaches,Artificial Intelligence Techniques in Smart Agriculture,Book Chapter,13,R,judul,,RGB,,,,,,,,,,tidak
3263,azizi2024image,2-s2.0-85208764090,10.1016/j.cosrev.2024.100690,2024,Azizi A.,Image processing and artificial intelligence for apple detection and localization: A comprehensive review,Computer Science Review,Review,32,R,judul,apple,RGB,,,,,,,,,,tidak
5155,chen2024key,2-s2.0-85207537832,10.3390/agronomy14102233,2024,Chen Z.,Key Technologies for Autonomous Fruit- and Vegetable-Picking Robots: A Review,Agronomy,Review,40,R,abstrak,,RGB,ground vehicle/robot,,,,,,,,,ya
5161,chen2024orchard,2-s2.0-85209204783,10.12133/j.smartag.sa202405022,2024,Chen M.,Orchard-Wide Visual Perception and Autonomous Operation of Fruit Picking Robots: A Review,Smart Agriculture,Review,18,R,abstrak,,RGB-D;stereo,ground vehicle/robot,multi-view,,,,,,size,,ya
5216,dhonju2024management,2-s2.0-85188676694,10.3390/horticulturae10030301,2024,Dhonju H.K.,Management Information Systems for Tree Fruit–2: Design of a Mango Harvest Forecast Engine,Horticulturae,Review,8,R,abstrak,mango,RGB,,,,,,,,size,mAP/AP,ya
5240,dhonju2024managementb,2-s2.0-85183179277,10.3390/horticulturae10010108,2024,Dhonju H.K.,Management Information Systems for Tree Fruit—1: A Review,Horticulturae,Review,9,R,abstrak,apple;mango;grape;olive,RGB,handheld/smartphone,,,,,,,size;defect/disease;variety/type,,ya
5129,furuya2024combination,2-s2.0-85213726116,10.3390/rs16244805,2024,Furuya D.E.G.,"Combination of Remote Sensing and Artificial Intelligence in Fruit Growing: Progress, Challenges, and Potential Applications",Remote Sensing,Review,11,R,abstrak,apple;grape,RGB,,,,,,,,defect/disease,mAP/AP,ya
1629,hao2024autonomous,2-s2.0-85209759755,10.21894/jopr.2024.0008,2024,Hao T.K.,AUTONOMOUS HARVESTING ROBOT FOR OIL PALM PLANTATION: A REVIEW,Journal of Oil Palm Research,Review,3,R,abstrak,oil palm,RGB,ground vehicle/robot,,,,,,,maturity,,ya
1701,hidayat2024oil,2-s2.0-105002483449,10.1109/icitsi65188.2024.10929459,2024,Hidayat T.,"Oil Palm Fruit Ripeness Detection Technique: Analysis, Challenges, and Opportunities",2024 International Conference on Information Technology Systems and Innovation Icitsi 2024 Proceedings,Conference Paper,1,R,abstrak,oil palm,multispectral;NIR,UAV,,,,,,,maturity,,ya
1689,kamal2024machine,2-s2.0-85216748814,10.22630/mgv.2024.33.2.3,2024,Kamal A.,Machine Vision for Automated Maturity Grading of Oil Palm Fruits: A Systematic Review,Machine Graphics and Vision,Article,1,R,abstrak,oil palm,RGB,,,,,,,,maturity,,ya
5228,liu2024research,2-s2.0-85212704255,10.3389/fpls.2024.1423338,2024,Liu S.,Research progress and prospect of key technologies of fruit target recognition for robotic fruit picking,Frontiers in Plant Science,Review,18,R,abstrak,,RGB,ground vehicle/robot,,,,,,,,,ya
5128,ma2024state,2-s2.0-85213232220,10.3390/agronomy14122783,2024,Ma J.,State-of-the-Art Techniques for Fruit Maturity Detection,Agronomy,Review,42,R,abstrak,apple;mango;strawberry;cherry,RGB,,,,,,,,maturity,mAP/AP,ya
1695,naghipour2024review,2-s2.0-85195073674,10.14716/ijtech.v15i3.6404,2024,Naghipour M.,"A Review of AI Techniques in Fruit Detection and Classification: Analyzing Data, Features and AI Models Used in Agricultural Industry",International Journal of Technology,Article,8,R,abstrak,oil palm,RGB,,,,,,,,,,ya
5226,rani2024systematic,2-s2.0-85187273107,10.14719/pst.2844,2024,Rani N.,A systematic review and comparative meta-analysis of nondestructive fruit maturity detection techniques,Plant Science Today,Review,3,R,abstrak,,RGB,,,,,,,,maturity;size,,ya
1029,trentin2024tree,2-s2.0-85202977318,10.1016/j.atech.2024.100556,2024,Trentin C.,Tree crop yield estimation and prediction using remote sensing and machine learning: A systematic review,Smart Agricultural Technology,Review,70,R,abstrak,,RGB,,,,,,,,,,ya
5179,wang2024review,2-s2.0-85202678537,10.3390/agriculture14081346,2024,Wang C.,"A Review of Perception Technologies for Berry Fruit-Picking Robots: Advantages, Disadvantages, Challenges, and Prospects",Agriculture Switzerland,Review,37,R,abstrak,,RGB,ground vehicle/robot,,,,,,,defect/disease,,ya
1744,ahmed2023review,2-s2.0-85187247508,10.21894/jopr.2022.0063,2023,Ahmed Mansour M.Y.M.,A REVIEW OF NON-DESTRUCTIVE RIPENESS CLASSIFICATION TECHNIQUES FOR OIL PALM FRESH FRUIT BUNCHES,Journal of Oil Palm Research,Review,7,R,abstrak,oil palm,hyperspectral,handheld/smartphone;conveyor/lab,,,,,,,maturity,,ya
5346,baglat2023non,2-s2.0-85146713301,10.3390/s23020738,2023,Baglat P.,Non-Destructive Banana Ripeness Detection Using Shallow and Deep Learning: A Systematic Review,Sensors,Review,44,R,abstrak,banana,RGB,,,,,,,,maturity,R2,ya
1797,ghazalli2023short,2-s2.0-85166196801,10.37934/aram.106.1.3747,2023,Ghazalli S.A.,Short Review on Palm Oil Fresh Fruit Bunches Ripeness and Classification Technique,Journal of Advanced Research in Applied Mechanics,Article,5,R,abstrak,oil palm,RGB,,,,,,,,maturity,,ya
5285,hou2023overview,2-s2.0-85172105861,10.3390/agriculture13091814,2023,Hou G.,An Overview of the Application of Machine Vision in Recognition and Localization of Fruit and Vegetable Harvesting Robots,Agriculture Switzerland,Review,55,R,abstrak,,stereo;multispectral,ground vehicle/robot,3D scan/reconstruction,,,,,,,,ya
5322,hua2023review,2-s2.0-85152710655,10.3390/app13074160,2023,Hua X.,A Review of Target Recognition Technology for Fruit Picking Robots: From Digital Image Processing to Deep Learning,Applied Sciences Switzerland,Review,74,R,abstrak,,RGB,ground vehicle/robot,,,,,,,,,ya
4631,huang2023survey,2-s2.0-85176381720,10.1016/j.compag.2023.108425,2023,Huang Y.,A survey of deep learning-based object detection methods in crop counting,Computers and Electronics in Agriculture,Review,83,R,judul,,RGB,,,,,,,,,,tidak
1123,kamaruzaman2023systematic,2-s2.0-85144074653,10.11591/eei.v12i2.4455,2023,Kamaruzaman A.S.F.,Systematic literature review: application of deep learning processing technique for fig fruit detection and counting,Bulletin of Electrical Engineering and Informatics,Review,14,R,abstrak,,RGB,,,,,,,,,mAP/AP;F1,ya
1107,kipli2023deep,2-s2.0-85158062253,10.1016/j.atech.2023.100241,2023,Kipli K.,Deep learning applications for oil palm tree detection and counting,Smart Agricultural Technology,Review,39,R,abstrak,oil palm,RGB,,,,,,,,,,ya
1796,lai2023oil,2-s2.0-85146704652,10.3390/agriculture13010156,2023,Lai J.W.,Oil Palm Fresh Fruit Bunch Ripeness Detection Methods: A Systematic Review,Agriculture Switzerland,Review,47,R,abstrak,oil palm,RGB,ground vehicle/robot,,,,,,,maturity,,ya
5345,liu2023comprehensive,2-s2.0-85147740617,10.3389/fpls.2022.1084847,2023,Liu X.,A comprehensive review on acquisition of phenotypic information of Prunoideae fruits: Image technology,Frontiers in Plant Science,Review,18,R,abstrak,,multispectral;hyperspectral,,,,,,,,maturity;defect/disease,,ya
5281,magro2023computational,2-s2.0-85175117185,10.1007/s42979-023-02103-6,2023,Magro R.B.,Computational Models in Precision Fruit Growing: Reviewing the Impact of Temporal Variability on Perennial Crop Yield Assessment,SN Computer Science,Review,8,R,abstrak,,RGB,,,,,,,,,,ya
402,miranda2023fruit,2-s2.0-85172861225,10.1016/j.postharvbio.2023.112587,2023,Miranda J.C.,Fruit sizing using AI: A review of methods and challenges,Postharvest Biology and Technology,Article,100,R,abstrak,apple;citrus;mango;grape,RGB,,3D scan/reconstruction,,,,,,maturity;size,MAE;F1,ya
5321,neupane2023fruit,2-s2.0-85153699395,10.3390/s23083868,2023,Neupane C.,Fruit Sizing in Orchard: A Review from Caliper to Machine Vision with Deep Learning,Sensors,Review,56,R,abstrak,,RGB,,,,,,,,size;mass,,ya
5295,peng2023application,2-s2.0-85169077641,10.3390/app13169334,2023,Peng K.,Application of Machine Vision Technology in Citrus Production,Applied Sciences Switzerland,Review,12,R,abstrak,citrus,RGB,ground vehicle/robot,,,,,,,maturity;defect/disease,,ya
5362,popescu2023orchard,2-s2.0-85179320011,10.3389/fpls.2023.1237695,2023,Popescu D.,Orchard monitoring based on unmanned aerial vehicles and image processing by artificial neural networks: a systematic review,Frontiers in Plant Science,Review,28,R,abstrak,,RGB,UAV;ground vehicle/robot,,,,,,,size;defect/disease,,ya
5330,rizzo2023fruit,2-s2.0-85151931333,10.1016/j.aiia.2023.02.004,2023,Rizzo M.,Fruit ripeness classification: A survey,Artificial Intelligence in Agriculture,Review,205,R,abstrak,,RGB,conveyor/lab,,,,,,,maturity;variety/type,,ya
5297,tang2023optimization,2-s2.0-85150696773,10.1007/s11119-023-10009-9,2023,Tang Y.,Optimization strategies of fruit detection to overcome the challenge of unstructured background in field orchard environment: a review,Precision Agriculture,Review,190,R,abstrak,,RGB,,,,,,,,,,ya
5280,thakur2023extensive,2-s2.0-85168006444,10.1016/j.compag.2023.108146,2023,Thakur A.,An extensive review on agricultural robots with a focus on their perception systems,Computers and Electronics in Agriculture,Review,66,R,judul,,RGB,ground vehicle/robot,,,,,,,,,tidak
5311,xiao2023fruit,2-s2.0-85164011521,10.3390/agronomy13061625,2023,Xiao F.,Fruit Detection and Recognition Based on Deep Learning for Automatic Harvesting: An Overview and Review,Agronomy,Review,213,R,abstrak,,RGB,,,,,,,,mass,,ya
5331,xiao2023object,2-s2.0-85152443304,10.3390/agronomy13030639,2023,Xiao F.,Object Detection and Recognition Techniques Based on Digital Image Processing and Traditional Machine Learning for Fruit and Vegetable Harvesting Robots: An Overview and Review,Agronomy,Review,96,R,abstrak,,RGB,ground vehicle/robot,,,,,,,,,ya
1197,aslam2022survey,2-s2.0-85137578486,10.1007/978-3-031-05752-6_19,2022,Aslam F.,A Survey of Deep Learning Methods for Fruit and Vegetable Detection and Yield Estimation,Studies in Big Data,Book Chapter,12,R,judul,,RGB,,,,,,,,,,tidak
1180,he2022fruit,2-s2.0-85125223475,10.1016/j.compag.2022.106812,2022,He L.,Fruit yield prediction and estimation in orchards: A state-of-the-art comprehensive review for both direct and indirect methods,Computers and Electronics in Agriculture,Review,171,R,judul,,RGB,,,,,,,,,,tidak
5420,li2022advance,2-s2.0-85131723991,10.3390/agronomy12061336,2022,Li Y.,Advance of Target Visual Information Acquisition Technology for Fresh Fruit Robotic Harvesting: A Review,Agronomy,Review,70,R,abstrak,,stereo,ground vehicle/robot,,,,,,,,,ya
5424,magalhaes2022active,2-s2.0-85129311050,10.1007/s10846-022-01595-3,2022,Magalhães S.A.,Active Perception Fruit Harvesting Robots — A Systematic Review,Journal of Intelligent and Robotic Systems Theory and Applications,Review,50,R,judul,,RGB,ground vehicle/robot,,,,,,,,,tidak
5389,mohimont2022computer,2-s2.0-85140362969,10.3390/agronomy12102463,2022,Mohimont L.,Computer Vision and Deep Learning for Precision Viticulture,Agronomy,Review,62,R,abstrak,grape,RGB,,,,,,,,,,ya
3642,wang2022review,2-s2.0-85143635779,10.13733/j.jcam.issn.2095-5553.2022.11.022,2022,Wang X.,A review on the application of LiDAR sensors and technologies in agricultural scenarios,Journal of Chinese Agricultural Mechanization,Article,4,R,judul,,LiDAR,,,,,,,,,,tidak
1223,anderson2021technologies,2-s2.0-85111383755,10.3390/agronomy11071409,2021,Anderson N.T.,"Technologies for forecasting tree fruit load and harvest timing—from ground, sky and time",Agronomy,Review,73,R,abstrak,,RGB,,,,,,,,maturity;size,,ya
1221,barriguinha2021vineyard,2-s2.0-85114609941,10.3390/agronomy11091789,2021,Barriguinha A.,"Vineyard yield estimation, prediction, and forecasting: A systematic literature review",Agronomy,Review,68,R,abstrak,grape,RGB,,,,,,,,,,ya
5520,darwin2021recognition,2-s2.0-85108616920,10.3390/agronomy11040646,2021,Darwin B.,Recognition of bloom/yield in crop images using deep learning models for smart agriculture: A review,Agronomy,Review,187,R,abstrak,apple;citrus;grape;tomato;cucumber,RGB,ground vehicle/robot,,,,,,,,,ya
1954,khan2021oil,2-s2.0-85114348669,10.3390/agriculture11090832,2021,Khan N.,"Oil palm and machine learning: Reviewing one decade of ideas, innovations, applications, and gaps",Agriculture Switzerland,Review,62,R,abstrak,oil palm,RGB,,,,,,,,defect/disease,,ya
1225,maheswari2021intelligent,2-s2.0-85109785768,10.3389/fpls.2021.684328,2021,Maheswari P.,Intelligent Fruit Yield Estimation for Orchards Using Deep Learning Based Semantic Segmentation Techniques—A Review,Frontiers in Plant Science,Review,128,R,abstrak,,RGB,,,,,,,,,,ya
5462,saleem2021automation,2-s2.0-85104948463,10.1007/s11119-021-09806-x,2021,Saleem M.H.,Automation in Agriculture by Machine and Deep Learning Techniques: A Review of Recent Developments,Precision Agriculture,Review,425,R,abstrak,,RGB,ground vehicle/robot,,,,,,,defect/disease,,ya
5486,vrochidou2021machine,2-s2.0-85114738263,10.3390/horticulturae7090282,2021,Vrochidou E.,Machine vision for ripeness estimation in viticulture automation,Horticulturae,Review,48,R,abstrak,grape,RGB,ground vehicle/robot,,,,,,,maturity,,ya
5465,zhang2021orchard,2-s2.0-85105924873,10.1007/s11119-021-09813-y,2021,Zhang C.,Orchard management with small unmanned aerial vehicles: a survey of sensing and analysis approaches,Precision Agriculture,Review,140,R,abstrak,,RGB,UAV;ground vehicle/robot,,,,,,,maturity,,ya
3967,fu2020application,2-s2.0-85089090781,10.1016/j.compag.2020.105687,2020,Fu L.,Application of consumer RGB-D cameras for fruit detection and localization in field: A critical review,Computers and Electronics in Agriculture,Review,334,R,abstrak,,RGB-D,,,,,,,,,,ya
3977,huang2020phenotypic,2-s2.0-85089689028,10.1186/s13007-020-00649-7,2020,Huang Y.,Phenotypic techniques and applications in fruit trees: A review,Plant Methods,Review,75,R,abstrak,,LiDAR;thermal;multispectral;hyperspectral;NIR,,,,,,,,defect/disease,,ya
5545,lu2020survey,2-s2.0-85090325375,10.1016/j.compag.2020.105760,2020,Lu Y.,A survey of public datasets for computer vision tasks in precision agriculture,Computers and Electronics in Agriculture,Review,366,R,abstrak,,RGB,ground vehicle/robot,,,,,,,,,ya
5572,naranjotorres2020review,2-s2.0-85085702806,10.3390/app10103443,2020,Naranjo-Torres J.,A review of convolutional neural network applied to fruit image processing,Applied Sciences Switzerland,Review,401,R,abstrak,,RGB,,,,,,,,,,ya
662,putra2020information,2-s2.0-85064444791,10.1016/j.inpa.2019.04.005,2020,Putra B.T.W.,Using information from images for plantation monitoring: A review of solutions for smallholders,Information Processing in Agriculture,Review,27,R,abstrak,coffee,RGB,,,,,,,,defect/disease,,ya
5569,tang2020recognition,2-s2.0-85085583985,10.3389/fpls.2020.00510,2020,Tang Y.,Recognition and Localization Methods for Vision-Based Fruit Picking Robots: A Review,Frontiers in Plant Science,Review,605,R,abstrak,,RGB,ground vehicle/robot,3D scan/reconstruction,,,,,,,,ya
5564,tripathi2020role,2-s2.0-85088779460,10.1016/j.inpa.2019.07.003,2020,Tripathi M.K.,A role of computer vision in fruits and vegetables among various horticulture products of agriculture fields: A survey,Information Processing in Agriculture,Review,156,R,abstrak,,RGB,,,,,,,,defect/disease,,ya
1295,koirala2019deepb,2-s2.0-85064313579,10.1016/j.compag.2019.04.017,2019,Koirala A.,Deep learning – Method overview and review of use for fruit detection and yield estimation,Computers and Electronics in Agriculture,Review,574,R,abstrak,,RGB,,,,,,,,,F1,ya
2716,mavridou2019machine,2-s2.0-85081740688,10.3390/jimaging5120089,2019,Mavridou E.,Machine vision systems in precision agriculture for crop farming,Journal of Imaging,Review,273,R,abstrak,,RGB,ground vehicle/robot,,,,,,,defect/disease,,ya
1333,li2018advances,2-s2.0-85040827217,10.3390/plants7010003,2018,Li B.,Advances in non-destructive early assessment of fruit ripeness towards defining optimal time of harvest and yield prediction—a review,Plants,Review,200,R,abstrak,,RGB,,,,,,,,maturity;variety/type,,ya
2187,patkar2018challenging,2-s2.0-85062797274,10.11591/ijai.v7.i3.pp111-118,2018,Patkar G.S.,Challenging İssues in automated oil palm fruit grading,Iaes International Journal of Artificial Intelligence,Article,5,R,abstrak,oil palm,RGB,,,,,,,,,,ya
5650,narvaez2017survey,2-s2.0-85031799403,10.1109/tmech.2017.2760866,2017,Narvaez F.Y.,A survey of ranging and imaging techniques for precision agriculture phenotyping,IEEE ASME Transactions on Mechatronics,Review,131,R,abstrak,,RGB,,,,,,,,size,,ya
5681,cubero2016automated,2-s2.0-84978107447,10.1007/s11947-016-1767-1,2016,Cubero S.,Automated Systems Based on Machine Vision for Inspecting Citrus Fruits from the Field to Postharvest—a Review,Food and Bioprocess Technology,Review,130,R,abstrak,citrus,multispectral;hyperspectral,ground vehicle/robot,,,,,,,defect/disease,,ya
2330,makky2016trend,2-s2.0-85010190222,,2016,Makky M.,Trend in non-destructive quality inspections for oil palm fresh fruits bunch in Indonesia,International Food Research Journal,Article,15,R,judul,oil palm,RGB,,,,,,,,,,tidak
2298,patkar2016palm,2-s2.0-85018203517,,2016,Patkar G.S.,Palm oil fruit -automated gradingusing image processingand fuzzylogictechnniques: Animpression and survey,International Journal of Pharmacy and Technology,Article,2,R,judul,oil palm,RGB,,,,,,,,,,tidak
5685,zhao2016review,2-s2.0-84976644142,10.1016/j.compag.2016.06.022,2016,Zhao Y.,A review of key techniques of vision-based control for harvesting robot,Computers and Electronics in Agriculture,Review,405,R,abstrak,,RGB,ground vehicle/robot,,,,,,,,,ya
5704,gongal2015sensors,2-s2.0-84934980536,10.1016/j.compag.2015.05.021,2015,Gongal A.,Sensors and systems for fruit detection and localization: A review,Computers and Electronics in Agriculture,Review,563,R,abstrak,apple;citrus;pear,RGB,ground vehicle/robot,,,,,,,,,ya
840,whalley2013applications,2-s2.0-85080875869,,2013,Whalley J.,Applications of image processing in viticulture: A review,Proceedings 20th International Congress on Modelling and Simulation Modsim 2013,Conference Paper,18,R,judul,,RGB,,,,,,,,,,tidak
4537,adzemovic2026deep,2-s2.0-105043191482,10.1007/s00371-026-04607-7,2026,Adžemović M.,Deep learning-based multi-object tracking: a comprehensive survey from foundations to state-of-the-art,Visual Computer,Review,1,T,abstrak,,RGB,,video,,,,,,,,ya
4532,akshatha2026detection,2-s2.0-105048655363,10.1007/s00371-026-04700-x,2026,Akshatha K.R.,From detection to identity preservation: A pipeline–scenario–protocol–readiness review of datasets for visual multi-person tracking and re-identification,Visual Computer,Review,0,T,abstrak,,RGB,,video;multi-view,,,,,,,,ya
4528,das2026surveillance,2-s2.0-105026504167,10.1007/s42044-025-00387-w,2026,Das P.,Surveillance to self-driving: a comprehensive review of object detection and tracking paradigms,Iran Journal of Computer Science,Review,2,T,judul,,RGB,,,,,,,,,,tidak
4547,fierrosilva2026recent,2-s2.0-105037070868,10.3390/a19040249,2026,Fierro-Silva C.J.,Recent Advances in Multi-Camera Computer Vision for Industry 4.0 and Smart Cities: A Systematic Review,Algorithms,Review,2,T,abstrak,,RGB,ground vehicle/robot;fixed camera,video;multi-view,,,,,,,,ya
4549,javadi2026video,2-s2.0-105034266028,10.3390/jimaging12030128,2026,Javadi Moghadam A.,Video-Based 3D Reconstruction: A Review of Photogrammetry and Visual SLAM Approaches,Journal of Imaging,Review,2,T,abstrak,,stereo,ground vehicle/robot,video;multi-view;3D scan/reconstruction,,,,,,size,,ya
4561,munsif2026multi,2-s2.0-105042000045,10.1109/jiot.2026.3702682,2026,Munsif M.,Multi Camera Connected Vision System with Multi View Analytics: A Comprehensive Survey,IEEE Internet of Things Journal,Review,1,T,abstrak,,RGB,ground vehicle/robot,multi-view,,,,,,variety/type,,ya
4866,tian2026development,2-s2.0-105025597670,10.1016/j.neucom.2025.132436,2026,Tian Y.,Development and evolution of YOLO in object detection: A survey,Neurocomputing,Review,21,T,judul,,RGB,,,,,,,,,,tidak
4538,wang2026industrial,2-s2.0-105045965746,10.3390/s26144494,2026,Wang W.,Industrial Object Counting from Traditional Machine Vision to Open-World Foundation Models: A Systematic Review,Sensors,Review,0,T,abstrak,,RGB,,,,,,,,mass,MAE;RMSE,ya
4545,zheng2026feed,2-s2.0-105044156317,10.1016/j.vrih.2026.03.005,2026,ZHENG Z.,Feed-forward 3D reconstruction with point-cloud representations: From DUSt3R to VGGT and beyond,Virtual Reality and Intelligent Hardware,Review,0,T,abstrak,,stereo,,multi-view;3D scan/reconstruction,,,,,,,mAP/AP,ya
4579,altaf2025multiple,2-s2.0-105008897019,10.1016/j.icte.2025.06.005,2025,Altaf M.A.,Multiple object detection and tracking in autonomous vehicles: A survey on enhanced affinity computation and its multimodal applications,ICT Express,Review,15,T,abstrak,,LiDAR,ground vehicle/robot,,,,,,,,,ya
4570,kanso2025semantic,2-s2.0-105023975764,10.1016/j.iswa.2025.200591,2025,Kanso H.,Semantic SLAM: A comprehensive survey of methods and applications,Intelligent Systems with Applications,Review,5,T,abstrak,,RGB,,3D scan/reconstruction,,,,,,,,ya
4592,li2025reviewc,2-s2.0-105000123938,10.1049/cvi2.70010,2025,Li S.,A Review of Multi-Object Tracking in Recent Times,Iet Computer Vision,Review,41,T,abstrak,,RGB,,video,,,,,,,,ya
4577,liu2025survey,2-s2.0-105017127542,10.3390/s25185748,2025,Liu S.,A Survey of 3D Reconstruction: The Evolution from Multi-View Geometry to NeRF and 3DGS,Sensors,Review,17,T,abstrak,,stereo,,multi-view;3D scan/reconstruction,,,,,,,,ya
233,pragatheesh2025deep,2-s2.0-105041745943,10.1109/icrm66809.2025.11349040,2025,Pragatheesh L.G.,A Deep Learning application for Accurate Oil Palm Counting by Eliminating Re-counting Errors in UAV Imagery,2025 International Conference on Robotics and Mechatronics Icrm 2025,Conference Paper,0,T,abstrak,oil palm,RGB,UAV;ground vehicle/robot,video,,,,,,mass,MAPE/rel. error;mAP/AP,ya
5884,ravi2025sam,2-s2.0-105010188917,,2025,Ravi N.,SAM 2: SEGMENT ANYTHING IN IMAGES AND VIDEOS,13th International Conference on Learning Representations Iclr 2025,Conference Paper,284,T,judul,,RGB,,video,,,,,,,,tidak
4569,song20253d,2-s2.0-105019244536,10.1007/s00371-025-04184-1,2025,Song B.,3D Reconstruction based on multi-view stereo in the deep learning era: a survey and comparison of methods,Visual Computer,Review,3,T,judul,,stereo,,multi-view;3D scan/reconstruction,,,,,,,,tidak
4575,xu2025deep,2-s2.0-105004665483,10.1016/j.patcog.2025.111763,2025,Xu C.,Deep learning techniques for Video Instance Segmentation: A survey,Pattern Recognition,Review,12,T,abstrak,,RGB,,video,,,,,,,,ya
4576,zhao2025advancements,2-s2.0-105023061095,10.3390/electronics14224398,2025,Zhao L.,Advancements and Challenges in Deep Learning-Based Person Re-Identification: A Review,Electronics Switzerland,Review,4,T,abstrak,,RGB,,,,,,,,,,ya
4606,cao2024survey,2-s2.0-85205424910,10.13973/j.cnki.robot.240088,2024,Cao Z.,Survey of 3D Reconstruction Techniques Based on 3D Gaussian Splatting,Jiqiren Robot,Review,15,T,judul,,RGB,,3D scan/reconstruction,,,,,,,,tidak
4605,deng2024deep,2-s2.0-85161853579,10.1049/cit2.12241,2024,Deng L.,Deep learning in crowd counting: A survey,Caai Transactions on Intelligence Technology,Review,37,T,abstrak,,RGB,,,,,,,,,,ya
4619,ning2024occluded,2-s2.0-85179894726,10.1016/j.eswa.2023.122419,2024,Ning E.,Occluded person re-identification with deep learning: A survey and perspectives,Expert Systems with Applications,Review,137,T,abstrak,,RGB,,,,,,,,,,ya
4599,wang2024survey,2-s2.0-85207943989,10.1049/cvi2.12316,2024,Wang Z.,A survey on person and vehicle re-identification,Iet Computer Vision,Review,9,T,abstrak,,RGB,ground vehicle/robot,video,,,,,,,,ya
5873,yang2024depth,2-s2.0-85213269180,10.1109/cvpr52733.2024.00987,2024,Yang L.,Depth Anything: Unleashing the Power of Large-Scale Unlabeled Data,Proceedings of the IEEE Computer Society Conference on Computer Vision and Pattern Recognition,Conference Paper,1429,T,abstrak,,RGB-D;monocular depth,,,,,,,,,,ya
5875,yang2024depthb,2-s2.0-105000530916,,2024,Yang L.,Depth Anything V2,Advances in Neural Information Processing Systems,Conference Paper,758,T,judul,,monocular depth,,,,,,,,,,tidak
5867,zhao2024detrs,2-s2.0-85216283501,10.1109/cvpr52733.2024.01605,2024,Zhao Y.,DETRs Beat YOLOs on Real-time Object Detection,Proceedings of the IEEE Computer Society Conference on Computer Vision and Pattern Recognition,Conference Paper,5501,T,abstrak,,RGB,,video,,,,,,,mAP/AP,ya
5745,cao2023observation,2-s2.0-85199960057,10.1109/cvpr52729.2023.00934,2023,Cao J.,Observation-Centric SORT: Rethinking SORT for Robust Multi-Object Tracking,Proceedings of the IEEE Computer Society Conference on Computer Vision and Pattern Recognition,Conference Paper,1013,T,abstrak,,RGB,,,,,,,,,,ya
5874,du2023strongsort,2-s2.0-85148436370,10.1109/tmm.2023.3240881,2023,Du Y.,StrongSORT: Make DeepSORT Great Again,IEEE Transactions on Multimedia,Article,1052,T,abstrak,,RGB,,,,,,,,mass,,ya
4641,fei2023multi,2-s2.0-85153940555,10.3390/s23083852,2023,Fei L.,Multi-Object Multi-Camera Tracking Based on Deep Learning for Intelligent Transportation: A Review,Sensors,Review,42,T,abstrak,,RGB,,video;multi-view,,,,,,,,ya
5866,kerbl20233d,2-s2.0-85166312196,10.1145/3592433,2023,Kerbl B.,3D Gaussian Splatting for Real-Time Radiance Field Rendering,ACM Transactions on Graphics,Article,6406,T,abstrak,,RGB,,video;3D scan/reconstruction,,,,,,size,,ya
5865,kirillov2023segment,2-s2.0-85185871898,10.1109/iccv51070.2023.00371,2023,Kirillov A.,Segment Anything,Proceedings of the IEEE International Conference on Computer Vision,Conference Paper,9531,T,abstrak,,RGB,,,,,,,,,,ya
4648,peng2023visual,2-s2.0-85180956130,10.32604/cmc.2023.041898,2023,Peng J.,Visual SLAM Based on Object Detection Network: A Review,Computers Materials and Continua,Review,12,T,abstrak,,RGB,ground vehicle/robot,3D scan/reconstruction,,,,,,,mAP/AP,ya
4645,uddin2023person,2-s2.0-85147892405,10.3390/s23031504,2023,Uddin M.K.,Person Re-Identification with RGB–D and RGB–IR Sensors: A Comprehensive Survey,Sensors,Review,23,T,abstrak,,RGB,,,,,,,,variety/type,,ya
4668,chen2022recent,2-s2.0-85142436673,10.13203/j.whugis20220130,2022,Chen W.,Recent Research of Incremental Structure from Motion for Unmanned Aerial Vehicle Images,Wuhan Daxue Xuebao Xinxi Kexue Ban Geomatics and Information Science of Wuhan University,Review,14,T,judul,,RGB,UAV;ground vehicle/robot,3D scan/reconstruction,,,,,,,,tidak
4654,dai2022survey,2-s2.0-85140047749,10.1016/j.displa.2022.102317,2022,Dai Y.,A survey of detection-based video multi-object tracking,Displays,Review,61,T,judul,,RGB,,video,,,,,,,,tidak
5747,meinhardt2022trackformer,2-s2.0-85141777259,10.1109/cvpr52688.2022.00864,2022,Meinhardt T.,TrackFormer: Multi-Object Tracking with Transformers,Proceedings of the IEEE Computer Society Conference on Computer Vision and Pattern Recognition,Conference Paper,927,T,abstrak,,RGB,,video,,,,,,,,ya
4676,rakai2022data,2-s2.0-85121634793,10.1016/j.eswa.2021.116300,2022,Rakai L.,Data association in multiple object tracking: A survey of recent techniques,Expert Systems with Applications,Review,116,T,judul,,RGB,,,,,,,,,,tidak
5761,sun2022dancetrack,2-s2.0-85141264316,10.1109/cvpr52688.2022.02032,2022,Sun P.,DanceTrack: Multi-Object Tracking in Uniform Appearance and Diverse Motion,Proceedings of the IEEE Computer Society Conference on Computer Vision and Pattern Recognition,Conference Paper,382,T,abstrak,,RGB,,video,,,,,,,,ya
5844,ye2022deep,2-s2.0-85100450779,10.1109/tpami.2021.3054775,2022,Ye M.,Deep Learning for Person Re-Identification: A Survey and Outlook,IEEE Transactions on Pattern Analysis and Machine Intelligence,Article,2081,T,abstrak,,RGB,,video,,,,,,,,ya
5749,zeng2022motr,2-s2.0-85142762063,10.1007/978-3-031-19812-0_38,2022,Zeng F.,MOTR: End-to-End Multiple-Object Tracking with Transformer,Lecture Notes in Computer Science,Conference Paper,706,T,abstrak,,RGB,,video,,,,,,,HOTA,ya
5741,zhang2022bytetrack,2-s2.0-85142725518,10.1007/978-3-031-20047-2_1,2022,Zhang Y.,ByteTrack: Multi-object Tracking by Associating Every Detection Box,Lecture Notes in Computer Science Including Subseries Lecture Notes in Artificial Intelligence and Lecture Notes in Bioinformatics,Conference Paper,2106,T,abstrak,,RGB,,video,,,,,,,MOTA;IDF1;HOTA,ya
5763,bescos2021dynaslam,2-s2.0-85103240313,10.1109/lra.2021.3068640,2021,Bescos B.,DynaSLAM II: Tightly-Coupled Multi-Object Tracking and SLAM,IEEE Robotics and Automation Letters,Article,357,T,abstrak,,RGB-D;stereo,ground vehicle/robot,3D scan/reconstruction,,,,,,,,ya
5793,campos2021orb,2-s2.0-85107189435,10.1109/tro.2021.3075644,2021,Campos C.,"ORB-SLAM3: An Accurate Open-Source Library for Visual, Visual-Inertial, and Multimap SLAM",IEEE Transactions on Robotics,Article,4627,T,abstrak,,RGB-D;stereo,UAV;handheld/smartphone,video;3D scan/reconstruction,,,,,,,mAP/AP,ya
5852,he2021transreid,2-s2.0-85114955158,10.1109/iccv48922.2021.01474,2021,He S.,TransReID: Transformer-based Object Re-Identification,Proceedings of the IEEE International Conference on Computer Vision,Conference Paper,1255,T,abstrak,,RGB,ground vehicle/robot,,,,,,,,,ya
5743,luiten2021hota,2-s2.0-85092405889,10.1007/s11263-020-01375-2,2021,Luiten J.,HOTA: A Higher Order Metric for Evaluating Multi-object Tracking,International Journal of Computer Vision,Article,1223,T,abstrak,,RGB,,,,,,,,,HOTA,ya
4699,luo2021multiple,2-s2.0-85099231725,10.1016/j.artint.2020.103448,2021,Luo W.,Multiple object tracking: A literature review,Artificial Intelligence,Review,883,T,abstrak,,RGB,,,,,,,,,,ya
4692,park2021multiple,2-s2.0-85116234867,10.3390/electronics10192406,2021,Park Y.,Multiple object tracking in deep learning approaches: A survey,Electronics Switzerland,Review,63,T,abstrak,,RGB,,video,,,,,,,,ya
5872,ranftl2021vision,2-s2.0-85127815805,10.1109/iccv48922.2021.01196,2021,Ranftl R.,Vision Transformers for Dense Prediction,Proceedings of the IEEE International Conference on Computer Vision,Conference Paper,2251,T,abstrak,,monocular depth,,,,,,,,,,ya
5808,teed2021droid,2-s2.0-85121844084,,2021,Teed Z.,"DROID-SLAM: Deep Visual SLAM for Monocular, Stereo, and RGB-D Cameras",Advances in Neural Information Processing Systems,Conference Paper,788,T,judul,,RGB-D;stereo,,3D scan/reconstruction,,,,,,,,tidak
5770,wang2021detr3d,2-s2.0-85171766699,,2021,Wang Y.,DETR3D: 3D Object Detection from Multi-view Images via 3D-to-2D Queries,Proceedings of Machine Learning Research,Conference Paper,714,T,judul,,RGB,,multi-view,,,,,,,,tidak
4687,yu2021survey,2-s2.0-85121130031,10.7544/issn1000-1239.2021.20200699,2021,Yu Y.,Survey on Deep Learning Based Crowd Counting,Jisuanji Yanjiu Yu Fazhan Computer Research and Development,Review,15,T,judul,,RGB,,,,,,,,,,tidak
5742,zhang2021fairmot,2-s2.0-85114152007,10.1007/s11263-021-01513-4,2021,Zhang Y.,FairMOT: On the Fairness of Detection and Re-identification in Multiple Object Tracking,International Journal of Computer Vision,Article,1789,T,abstrak,,RGB,,,,,,,,,,ya
5756,braso2020learning,2-s2.0-85088916998,10.1109/cvpr42600.2020.00628,2020,Braso G.,Learning a Neural Solver for Multiple Object Tracking,Proceedings of the IEEE Computer Society Conference on Computer Vision and Pattern Recognition,Conference Paper,467,T,abstrak,,RGB,,,,,,,,,MOTA;IDF1,ya
5864,carion2020end,2-s2.0-85097232813,10.1007/978-3-030-58452-8_13,2020,Carion N.,End-to-End Object Detection with Transformers,Lecture Notes in Computer Science Including Subseries Lecture Notes in Artificial Intelligence and Lecture Notes in Bioinformatics,Conference Paper,17592,T,abstrak,,RGB,,,,,,,,,,ya
5751,ciaparrone2020deep,2-s2.0-85075864423,10.1016/j.neucom.2019.11.023,2020,Ciaparrone G.,Deep learning in video multi-object tracking: A survey,Neurocomputing,Article,656,T,abstrak,,RGB,,video,,,,,,,,ya
4723,li2020data,2-s2.0-85092074137,10.1155/2020/7549816,2020,Li H.,Data Association Methods via Video Signal Processing in Imperfect Tracking Scenarios: A Review and Evaluation,Mathematical Problems in Engineering,Review,3,T,abstrak,,RGB,,video,,,,,,,,ya
5870,mildenhall2020nerf,2-s2.0-85097226104,10.1007/978-3-030-58452-8_24,2020,Mildenhall B.,NeRF: Representing Scenes as Neural Radiance Fields for View Synthesis,Lecture Notes in Computer Science Including Subseries Lecture Notes in Artificial Intelligence and Lecture Notes in Bioinformatics,Conference Paper,2902,T,judul,,RGB,,3D scan/reconstruction,,,,,,,,tidak
4710,ravoor2020deep,2-s2.0-85097489104,10.1016/j.cosrev.2020.100289,2020,Ravoor P.C.,Deep Learning Methods for Multi-Species Animal Re-identification and Tracking a Survey,Computer Science Review,Review,66,T,abstrak,,RGB,,multi-view,,,,,,variety/type,,ya
5755,weng20203d,2-s2.0-85102396491,10.1109/iros45743.2020.9341164,2020,Weng X.,3D multi-object tracking: A baseline and new evaluation metrics,IEEE International Conference on Intelligent Robots and Systems,Conference Paper,500,T,abstrak,,LiDAR,ground vehicle/robot,3D scan/reconstruction,,,,,,,,ya
4714,zhao2020monocular,2-s2.0-85086359807,10.1007/s11431-020-1582-8,2020,Zhao C.Q.,Monocular depth estimation based on deep learning: An overview,Science China Technological Sciences,Review,302,T,abstrak,,RGB-D;stereo;monocular depth,,multi-view;3D scan/reconstruction,,,,,,,,ya
5847,luo2019bag,2-s2.0-85083336680,10.1109/cvprw.2019.00190,2019,Luo H.,Bag of tricks and a strong baseline for deep person re-identification,IEEE Computer Society Conference on Computer Vision and Pattern Recognition Workshops,Conference Paper,1558,T,abstrak,,RGB,,,,,,,,,mAP/AP,ya
4728,saputra2019visual,2-s2.0-85042601417,10.1145/3177853,2019,Saputra M.R.U.,Visual SLAM and structure from motion in dynamic environments: A survey,ACM Computing Surveys,Review,430,T,abstrak,,RGB,ground vehicle/robot,3D scan/reconstruction,,,,,,,,ya
5775,tang2019cityflow,2-s2.0-85077130474,10.1109/cvpr.2019.00900,2019,Tang Z.,Cityflow: A city-scale benchmark for multi-target multi-camera vehicle tracking and re-identification,Proceedings of the IEEE Computer Society Conference on Computer Vision and Pattern Recognition,Conference Paper,419,T,abstrak,,RGB,ground vehicle/robot,video;multi-view,,,,,,,,ya
5753,voigtlaender2019mots,2-s2.0-85074986247,10.1109/cvpr.2019.00813,2019,Voigtlaender P.,Mots: Multi-object tracking and segmentation,Proceedings of the IEEE Computer Society Conference on Computer Vision and Pattern Recognition,Conference Paper,591,T,abstrak,,RGB,,video,,,,,,,,ya
4736,cao2018survey,2-s2.0-85059554504,10.11897/sp.j.1016.2018.02536,2018,Cao M.W.,A Survey on Feature Tracking Methods for SFM,Jisuanji Xuebao Chinese Journal of Computers,Review,2,T,judul,,RGB,,3D scan/reconstruction,,,,,,,,tidak
5787,chavdarova2018wildtrack,2-s2.0-85061475976,10.1109/cvpr.2018.00528,2018,Chavdarova T.,WILDTRACK: A Multi-camera HD Dataset for Dense Unscripted Pedestrian Detection,Proceedings of the IEEE Computer Society Conference on Computer Vision and Pattern Recognition,Conference Paper,243,T,abstrak,,RGB-D,,video;multi-view,,,,,,,,ya
5772,ristani2018features,2-s2.0-85051406345,10.1109/cvpr.2018.00632,2018,Ristani E.,Features for Multi-target Multi-camera Tracking and Re-identification,Proceedings of the IEEE Computer Society Conference on Computer Vision and Pattern Recognition,Conference Paper,549,T,abstrak,,RGB,,video;multi-view,,,,,,mass,,ya
5823,sindagi2018survey,2-s2.0-85025474344,10.1016/j.patrec.2017.07.007,2018,Sindagi V.A.,A survey of recent advances in CNN-based single image crowd counting and density estimation,Pattern Recognition Letters,Article,543,T,abstrak,,RGB,ground vehicle/robot,video,,,,,,,mAP/AP,ya
5750,bochinski2017high,2-s2.0-85039901177,10.1109/avss.2017.8078516,2017,Bochinski E.,High-Speed tracking-by-detection without using image information,2017 14th IEEE International Conference on Advanced Video and Signal Based Surveillance Avss 2017,Conference Paper,673,T,abstrak,,RGB,ground vehicle/robot,video,,,,,,,,ya
4743,hou2017human,2-s2.0-85020291757,10.1186/s13634-017-0482-z,2017,Hou L.,Human tracking over camera networks: a review,Eurasip Journal on Advances in Signal Processing,Review,35,T,abstrak,,RGB,,video,,,,,,,,ya
5825,hsieh2017drone,2-s2.0-85041902179,10.1109/iccv.2017.446,2017,Hsieh M.R.,Drone-Based Object Counting by Spatially Regularized Regional Proposal Network,Proceedings of the IEEE International Conference on Computer Vision,Conference Paper,489,T,abstrak,,RGB,UAV;ground vehicle/robot;fixed camera,video,,,,,,,,ya
5792,murartal2017orb,2-s2.0-85020739341,10.1109/tro.2017.2705103,2017,Mur-Artal R.,"ORB-SLAM2: An Open-Source SLAM System for Monocular, Stereo, and RGB-D Cameras",IEEE Transactions on Robotics,Article,6895,T,abstrak,,RGB-D;stereo,UAV;handheld/smartphone,3D scan/reconstruction,,,,,,mass;variety/type,mAP/AP,ya
5868,wojke2017simple,2-s2.0-85045318361,10.1109/icip.2017.8296962,2017,Wojke N.,Simple online and realtime tracking with a deep association metric,Proceedings International Conference on Image Processing Icip,Conference Paper,5302,T,abstrak,,RGB,,video,,,,,,,ID switch,ya
5846,zhong2017re,2-s2.0-85030225245,10.1109/cvpr.2017.389,2017,Zhong Z.,Re-ranking person re-identification with k-reciprocal encoding,Proceedings 30th IEEE Conference on Computer Vision and Pattern Recognition Cvpr 2017,Conference Paper,1566,T,abstrak,,RGB,,,,,,,,,,ya
5869,bewley2016simple,2-s2.0-85006782971,10.1109/icip.2016.7533003,2016,Bewley A.,Simple online and realtime tracking,Proceedings International Conference on Image Processing Icip,Conference Paper,4538,T,abstrak,,RGB,,,,,,,,,,ya
5824,onororubio2016perspective,2-s2.0-84990064144,10.1007/978-3-319-46478-7_38,2016,Oñoro-Rubio D.,Towards perspective-free object counting with deep learning,Lecture Notes in Computer Science Including Subseries Lecture Notes in Artificial Intelligence and Lecture Notes in Bioinformatics,Conference Paper,526,T,judul,,RGB,,,,,,,,,,tidak
5766,ristani2016performance,2-s2.0-84997047741,10.1007/978-3-319-48881-3_2,2016,Ristani E.,"Performance measures and a data set for multi-target, multi-camera tracking",Lecture Notes in Computer Science Including Subseries Lecture Notes in Artificial Intelligence and Lecture Notes in Bioinformatics,Conference Paper,2549,T,abstrak,,RGB,conveyor/lab,video;multi-view,,,,,,,,ya
5797,schonberger2016pixelwise,2-s2.0-84990059438,10.1007/978-3-319-46487-9_31,2016,Schönberger J.L.,Pixelwise view selection for unstructured multi-view stereo,Lecture Notes in Computer Science Including Subseries Lecture Notes in Artificial Intelligence and Lecture Notes in Bioinformatics,Conference Paper,1558,T,judul,,stereo,,multi-view,,,,,,,,tidak
5791,schonberger2016structure,2-s2.0-84986328012,10.1109/cvpr.2016.445,2016,Schonberger J.L.,Structure-from-Motion Revisited,Proceedings of the IEEE Computer Society Conference on Computer Vision and Pattern Recognition,Conference Paper,7279,T,abstrak,,RGB,,3D scan/reconstruction,,,,,,,,ya
5815,zhang2016single,2-s2.0-84986278309,10.1109/cvpr.2016.70,2016,Zhang Y.,Single-image crowd counting via multi-column convolutional neural network,Proceedings of the IEEE Computer Society Conference on Computer Vision and Pattern Recognition,Conference Paper,2424,T,abstrak,,RGB,,,,,,,,size,mAP/AP,ya
5790,murartal2015orb,2-s2.0-84988339174,10.1109/tro.2015.2463671,2015,Mur-Artal R.,ORB-SLAM: A Versatile and Accurate Monocular SLAM System,IEEE Transactions on Robotics,Article,7404,T,abstrak,,RGB,,video;3D scan/reconstruction,,,,,,,mAP/AP,ya
5840,zheng2015scalable,2-s2.0-84973855896,10.1109/iccv.2015.133,2015,Zheng L.,Scalable person re-identification: A benchmark,Proceedings of the IEEE International Conference on Computer Vision,Conference Paper,5052,T,abstrak,,RGB,ground vehicle/robot,,,,,,,,,ya
5783,timofte2014multi,2-s2.0-84899122880,10.1007/s00138-011-0391-3,2014,Timofte R.,"Multi-view traffic sign detection, recognition, and 3D localisation",Machine Vision and Applications,Article,274,T,judul,,RGB,,multi-view,,,,,,,,tidak
5804,salasmoreno2013slam,2-s2.0-84887334901,10.1109/cvpr.2013.178,2013,Salas-Moreno R.F.,SLAM++: Simultaneous localisation and mapping at the level of objects,Proceedings of the IEEE Computer Society Conference on Computer Vision and Pattern Recognition,Conference Paper,881,T,abstrak,,RGB-D,handheld/smartphone,video;3D scan/reconstruction,,,,,,,,ya
4758,wei2013applications,2-s2.0-84880270836,10.1631/jzus.cide1302,2013,Wei Y.M.,Applications of structure from motion: A survey,Journal of Zhejiang University Science C,Review,41,T,abstrak,,RGB,,video;3D scan/reconstruction,,,,,,,,ya
5799,wu2013linear,2-s2.0-84886051944,10.1109/3dv.2013.25,2013,Wu C.,Towards linear-time incremental structure from motion,Proceedings 2013 International Conference on 3D Vision 3dv 2013,Conference Paper,1243,T,abstrak,,RGB,,video;3D scan/reconstruction,,,,,,,,ya
4760,barbedo2012review,2-s2.0-84870505556,10.1109/tla.2012.6362356,2012,Barbedo J.G.A.,A review on methods for automatic counting of objects in digital images,IEEE Latin America Transactions,Review,35,T,abstrak,,RGB,,,,,,,,variety/type,,ya
