review_id,candidate_record_ids,decision,resolved_components,candidate_count,merged_component_count,author_pair_scores,resolution_basis,reviewer_notes
MR-0001,R-080bb4a63eac355d;R-50a5c903341d2b57,merge_all_author_match,R-080bb4a63eac355d+R-50a5c903341d2b57,2,1,R-080bb4a63eac355d:R-50a5c903341d2b57=1.000,same normalized title/year and pairwise author overlap >= 0.75,"Generated from local title, year, author, venue, DOI, and provenance fields."
MR-0002,R-7e3038ed0bdf12be;R-fddaf7dab0fb8951,merge_all_author_match,R-7e3038ed0bdf12be+R-fddaf7dab0fb8951,2,1,R-7e3038ed0bdf12be:R-fddaf7dab0fb8951=1.000,same normalized title/year and pairwise author overlap >= 0.75,"Generated from local title, year, author, venue, DOI, and provenance fields."
MR-0003,R-67e9ae2c88a12710;R-9e6462e3dd119cdb,merge_all_author_match,R-67e9ae2c88a12710+R-9e6462e3dd119cdb,2,1,R-67e9ae2c88a12710:R-9e6462e3dd119cdb=1.000,same normalized title/year and pairwise author overlap >= 0.75,"Generated from local title, year, author, venue, DOI, and provenance fields."
MR-0004,R-3d3a3a5a7ad83c03;R-949add3d701455b7,merge_all_author_match,R-3d3a3a5a7ad83c03+R-949add3d701455b7,2,1,R-3d3a3a5a7ad83c03:R-949add3d701455b7=1.000,same normalized title/year and pairwise author overlap >= 0.75,"Generated from local title, year, author, venue, DOI, and provenance fields."
MR-0005,R-7aab3d8b5aaee2e3;R-a54c5aa889d30d40;R-cbc1c5b93ebafb3d,merge_all_author_match,R-7aab3d8b5aaee2e3+R-a54c5aa889d30d40+R-cbc1c5b93ebafb3d,3,1,R-7aab3d8b5aaee2e3:R-a54c5aa889d30d40=1.000;R-7aab3d8b5aaee2e3:R-cbc1c5b93ebafb3d=1.000;R-a54c5aa889d30d40:R-cbc1c5b93ebafb3d=1.000,same normalized title/year and pairwise author overlap >= 0.75,"Generated from local title, year, author, venue, DOI, and provenance fields."
MR-0006,R-168812138a261ebc;R-b1212121057b9c48,merge_all_author_match,R-168812138a261ebc+R-b1212121057b9c48,2,1,R-168812138a261ebc:R-b1212121057b9c48=1.000,same normalized title/year and pairwise author overlap >= 0.75,"Generated from local title, year, author, venue, DOI, and provenance fields."
MR-0007,R-01429ec57d3333cd;R-c3adaf39402dcf0e,merge_all_author_match,R-01429ec57d3333cd+R-c3adaf39402dcf0e,2,1,R-01429ec57d3333cd:R-c3adaf39402dcf0e=1.000,same normalized title/year and pairwise author overlap >= 0.75,"Generated from local title, year, author, venue, DOI, and provenance fields."
MR-0008,R-6bda375958a95b46;R-6d86c4d325040375,merge_all_author_match,R-6bda375958a95b46+R-6d86c4d325040375,2,1,R-6bda375958a95b46:R-6d86c4d325040375=1.000,same normalized title/year and pairwise author overlap >= 0.75,"Generated from local title, year, author, venue, DOI, and provenance fields."
MR-0009,R-0ca090381bd107d3;R-244023083d7a216d,merge_all_author_match,R-0ca090381bd107d3+R-244023083d7a216d,2,1,R-0ca090381bd107d3:R-244023083d7a216d=1.000,same normalized title/year and pairwise author overlap >= 0.75,"Generated from local title, year, author, venue, DOI, and provenance fields."
MR-0010,R-b9b5d50d60e041af;R-f10e03905761d07a,merge_all_author_match,R-b9b5d50d60e041af+R-f10e03905761d07a,2,1,R-b9b5d50d60e041af:R-f10e03905761d07a=1.000,same normalized title/year and pairwise author overlap >= 0.75,"Generated from local title, year, author, venue, DOI, and provenance fields."
MR-0011,R-3db9fd50f31343c2;R-5c52511a1f17f6d4,merge_all_author_match,R-3db9fd50f31343c2+R-5c52511a1f17f6d4,2,1,R-3db9fd50f31343c2:R-5c52511a1f17f6d4=1.000,same normalized title/year and pairwise author overlap >= 0.75,"Generated from local title, year, author, venue, DOI, and provenance fields."
MR-0012,R-421b7e714a491c74;R-66a8986f04266e1f,merge_all_author_match,R-421b7e714a491c74+R-66a8986f04266e1f,2,1,R-421b7e714a491c74:R-66a8986f04266e1f=1.000,same normalized title/year and pairwise author overlap >= 0.75,"Generated from local title, year, author, venue, DOI, and provenance fields."
MR-0013,R-6adef5a81f181b67;R-d62092e7de11c05a,merge_all_author_match,R-6adef5a81f181b67+R-d62092e7de11c05a,2,1,R-6adef5a81f181b67:R-d62092e7de11c05a=1.000,same normalized title/year and pairwise author overlap >= 0.75,"Generated from local title, year, author, venue, DOI, and provenance fields."
MR-0014,R-62433a4434f4b2a6;R-f3ae5c994c75ed2a,merge_all_author_match,R-62433a4434f4b2a6+R-f3ae5c994c75ed2a,2,1,R-62433a4434f4b2a6:R-f3ae5c994c75ed2a=1.000,same normalized title/year and pairwise author overlap >= 0.75,"Generated from local title, year, author, venue, DOI, and provenance fields."
MR-0015,R-b69673ef343cdb3a;R-e7bd894e367979dc,merge_all_author_match,R-b69673ef343cdb3a+R-e7bd894e367979dc,2,1,R-b69673ef343cdb3a:R-e7bd894e367979dc=1.000,same normalized title/year and pairwise author overlap >= 0.75,"Generated from local title, year, author, venue, DOI, and provenance fields."
MR-0016,R-15cbaba9f85000ca;R-a797e68d3e0e0c4f,merge_all_author_match,R-15cbaba9f85000ca+R-a797e68d3e0e0c4f,2,1,R-15cbaba9f85000ca:R-a797e68d3e0e0c4f=1.000,same normalized title/year and pairwise author overlap >= 0.75,"Generated from local title, year, author, venue, DOI, and provenance fields."
MR-0017,R-7dbd338f01ca7e0a;R-ea0639d6aa70c39e,merge_all_author_match,R-7dbd338f01ca7e0a+R-ea0639d6aa70c39e,2,1,R-7dbd338f01ca7e0a:R-ea0639d6aa70c39e=1.000,same normalized title/year and pairwise author overlap >= 0.75,"Generated from local title, year, author, venue, DOI, and provenance fields."
MR-0018,R-183c710a39eb65eb;R-4fe4431833ce0374,merge_all_author_match,R-183c710a39eb65eb+R-4fe4431833ce0374,2,1,R-183c710a39eb65eb:R-4fe4431833ce0374=1.000,same normalized title/year and pairwise author overlap >= 0.75,"Generated from local title, year, author, venue, DOI, and provenance fields."
MR-0019,R-362bf26a1c3f3ca7;R-ae04631fc6208860;R-e4fc86701cd0a891,merge_all_author_match,R-362bf26a1c3f3ca7+R-ae04631fc6208860+R-e4fc86701cd0a891,3,1,R-362bf26a1c3f3ca7:R-ae04631fc6208860=1.000;R-362bf26a1c3f3ca7:R-e4fc86701cd0a891=1.000;R-ae04631fc6208860:R-e4fc86701cd0a891=1.000,same normalized title/year and pairwise author overlap >= 0.75,"Generated from local title, year, author, venue, DOI, and provenance fields."
MR-0020,R-38318327f906577b;R-3f23cb60bb352c9d,merge_all_author_match,R-38318327f906577b+R-3f23cb60bb352c9d,2,1,R-38318327f906577b:R-3f23cb60bb352c9d=1.000,same normalized title/year and pairwise author overlap >= 0.75,"Generated from local title, year, author, venue, DOI, and provenance fields."
MR-0021,R-597eecfa1e163861;R-719ac6b2ff8f9101,merge_all_author_match,R-597eecfa1e163861+R-719ac6b2ff8f9101,2,1,R-597eecfa1e163861:R-719ac6b2ff8f9101=1.000,same normalized title/year and pairwise author overlap >= 0.75,"Generated from local title, year, author, venue, DOI, and provenance fields."
MR-0022,R-872d77bbea305c61;R-debb31f0f3310118,merge_all_author_match,R-872d77bbea305c61+R-debb31f0f3310118,2,1,R-872d77bbea305c61:R-debb31f0f3310118=1.000,same normalized title/year and pairwise author overlap >= 0.75,"Generated from local title, year, author, venue, DOI, and provenance fields."
MR-0023,R-b22b349486735133;R-f5751c738038db3e,merge_all_curated,R-b22b349486735133+R-f5751c738038db3e,2,1,R-b22b349486735133:R-f5751c738038db3e=0.500,same article; DOI spelling variant and matching title/authors,"Generated from local title, year, author, venue, DOI, and provenance fields."
MR-0024,R-2d81b22699a449b5;R-6cd0b48255c9519a,merge_all_author_match,R-2d81b22699a449b5+R-6cd0b48255c9519a,2,1,R-2d81b22699a449b5:R-6cd0b48255c9519a=1.000,same normalized title/year and pairwise author overlap >= 0.75,"Generated from local title, year, author, venue, DOI, and provenance fields."
MR-0025,R-dadafd9938cd4bfb;R-e0db7140fdd1f33e,merge_all_author_match,R-dadafd9938cd4bfb+R-e0db7140fdd1f33e,2,1,R-dadafd9938cd4bfb:R-e0db7140fdd1f33e=1.000,same normalized title/year and pairwise author overlap >= 0.75,"Generated from local title, year, author, venue, DOI, and provenance fields."
MR-0026,R-51d9164fcb60e2bb;R-59623776043c2720;R-c3e6fc8b6ee58413,merge_all_author_match,R-51d9164fcb60e2bb+R-59623776043c2720+R-c3e6fc8b6ee58413,3,1,R-51d9164fcb60e2bb:R-59623776043c2720=1.250;R-51d9164fcb60e2bb:R-c3e6fc8b6ee58413=1.250;R-59623776043c2720:R-c3e6fc8b6ee58413=1.000,same normalized title/year and pairwise author overlap >= 0.75,"Generated from local title, year, author, venue, DOI, and provenance fields."
MR-0027,R-0e0881cd9e0344bc;R-27324d11396478d3,merge_all_author_match,R-0e0881cd9e0344bc+R-27324d11396478d3,2,1,R-0e0881cd9e0344bc:R-27324d11396478d3=1.000,same normalized title/year and pairwise author overlap >= 0.75,"Generated from local title, year, author, venue, DOI, and provenance fields."
MR-0028,R-4f90547c32a73094;R-ddf2bf33aa914eca,merge_all_author_match,R-4f90547c32a73094+R-ddf2bf33aa914eca,2,1,R-4f90547c32a73094:R-ddf2bf33aa914eca=1.000,same normalized title/year and pairwise author overlap >= 0.75,"Generated from local title, year, author, venue, DOI, and provenance fields."
MR-0029,R-15b51c2159869cb7;R-fc86ba3302bd4650,merge_all_author_match,R-15b51c2159869cb7+R-fc86ba3302bd4650,2,1,R-15b51c2159869cb7:R-fc86ba3302bd4650=1.000,same normalized title/year and pairwise author overlap >= 0.75,"Generated from local title, year, author, venue, DOI, and provenance fields."
MR-0030,R-6e00a9dffb69b6f7;R-a2a8a8d3da09271a,merge_all_author_match,R-6e00a9dffb69b6f7+R-a2a8a8d3da09271a,2,1,R-6e00a9dffb69b6f7:R-a2a8a8d3da09271a=1.000,same normalized title/year and pairwise author overlap >= 0.75,"Generated from local title, year, author, venue, DOI, and provenance fields."
MR-0031,R-01c2ceab00f1923f;R-402f7848afe057e1,merge_all_author_match,R-01c2ceab00f1923f+R-402f7848afe057e1,2,1,R-01c2ceab00f1923f:R-402f7848afe057e1=1.000,same normalized title/year and pairwise author overlap >= 0.75,"Generated from local title, year, author, venue, DOI, and provenance fields."
MR-0032,R-13ecd85bbd074728;R-837d447bdbed74aa;R-b8faa028579c7b30;R-d590e93b1e0dfa97,merge_all_author_match,R-13ecd85bbd074728+R-837d447bdbed74aa+R-b8faa028579c7b30+R-d590e93b1e0dfa97,4,1,R-13ecd85bbd074728:R-837d447bdbed74aa=1.000;R-13ecd85bbd074728:R-b8faa028579c7b30=1.000;R-13ecd85bbd074728:R-d590e93b1e0dfa97=1.000;R-837d447bdbed74aa:R-b8faa028579c7b30=1.000;R-837d447bdbed74aa:R-d590e93b1e0dfa97=1.000;R-b8faa028579c7b30:R-d590e93b1e0dfa97=1.000,same normalized title/year and pairwise author overlap >= 0.75,"Generated from local title, year, author, venue, DOI, and provenance fields."
MR-0033,R-22634344ad6bd026;R-afd5a84133ff425d,merge_all_author_match,R-22634344ad6bd026+R-afd5a84133ff425d,2,1,R-22634344ad6bd026:R-afd5a84133ff425d=1.000,same normalized title/year and pairwise author overlap >= 0.75,"Generated from local title, year, author, venue, DOI, and provenance fields."
MR-0034,R-04ad869e32a4f88b;R-c2a4af1dc71ae1fd,merge_all_author_match,R-04ad869e32a4f88b+R-c2a4af1dc71ae1fd,2,1,R-04ad869e32a4f88b:R-c2a4af1dc71ae1fd=1.000,same normalized title/year and pairwise author overlap >= 0.75,"Generated from local title, year, author, venue, DOI, and provenance fields."
MR-0035,R-1fa7d558bcd9ee2e;R-2762ad78f12145ce,merge_all_author_match,R-1fa7d558bcd9ee2e+R-2762ad78f12145ce,2,1,R-1fa7d558bcd9ee2e:R-2762ad78f12145ce=1.250,same normalized title/year and pairwise author overlap >= 0.75,"Generated from local title, year, author, venue, DOI, and provenance fields."
MR-0036,R-8f144d463a3c686b;R-9b2b49acc6d1be17,merge_all_author_match,R-8f144d463a3c686b+R-9b2b49acc6d1be17,2,1,R-8f144d463a3c686b:R-9b2b49acc6d1be17=1.000,same normalized title/year and pairwise author overlap >= 0.75,"Generated from local title, year, author, venue, DOI, and provenance fields."
MR-0037,R-175b7509adee96c4;R-9fed002d6550d159,merge_all_curated,R-175b7509adee96c4+R-9fed002d6550d159,2,1,R-175b7509adee96c4:R-9fed002d6550d159=0.667,same article; DOI PDF URL variant and matching title/authors,"Generated from local title, year, author, venue, DOI, and provenance fields."
MR-0038,R-8b834c235407be67;R-d5eee86ac5ae5feb,merge_all_author_match,R-8b834c235407be67+R-d5eee86ac5ae5feb,2,1,R-8b834c235407be67:R-d5eee86ac5ae5feb=1.000,same normalized title/year and pairwise author overlap >= 0.75,"Generated from local title, year, author, venue, DOI, and provenance fields."
MR-0039,R-1d5df332bda857c0;R-443bd51b03860a85,merge_all_author_match,R-1d5df332bda857c0+R-443bd51b03860a85,2,1,R-1d5df332bda857c0:R-443bd51b03860a85=1.000,same normalized title/year and pairwise author overlap >= 0.75,"Generated from local title, year, author, venue, DOI, and provenance fields."
MR-0040,R-2f0c9787c7aa5007;R-b8f3bae63ab194d6,merge_all_author_match,R-2f0c9787c7aa5007+R-b8f3bae63ab194d6,2,1,R-2f0c9787c7aa5007:R-b8f3bae63ab194d6=1.000,same normalized title/year and pairwise author overlap >= 0.75,"Generated from local title, year, author, venue, DOI, and provenance fields."
MR-0041,R-674ecf198b755e7e;R-c459ac2cf6692540;R-f2a88ac672d5cd52,merge_all_author_match,R-674ecf198b755e7e+R-c459ac2cf6692540+R-f2a88ac672d5cd52,3,1,R-674ecf198b755e7e:R-c459ac2cf6692540=1.000;R-674ecf198b755e7e:R-f2a88ac672d5cd52=1.000;R-c459ac2cf6692540:R-f2a88ac672d5cd52=1.000,same normalized title/year and pairwise author overlap >= 0.75,"Generated from local title, year, author, venue, DOI, and provenance fields."
MR-0042,R-3b8d1d498b8e265b;R-7300cc4baf9f2e8e,merge_all_author_match,R-3b8d1d498b8e265b+R-7300cc4baf9f2e8e,2,1,R-3b8d1d498b8e265b:R-7300cc4baf9f2e8e=1.000,same normalized title/year and pairwise author overlap >= 0.75,"Generated from local title, year, author, venue, DOI, and provenance fields."
MR-0043,R-44ac5ad97e172043;R-4dfbf75bb279ef4f,merge_all_author_match,R-44ac5ad97e172043+R-4dfbf75bb279ef4f,2,1,R-44ac5ad97e172043:R-4dfbf75bb279ef4f=1.000,same normalized title/year and pairwise author overlap >= 0.75,"Generated from local title, year, author, venue, DOI, and provenance fields."
MR-0044,R-249f152121f8a209;R-9b9af20f27cccbc7,merge_all_author_match,R-249f152121f8a209+R-9b9af20f27cccbc7,2,1,R-249f152121f8a209:R-9b9af20f27cccbc7=1.000,same normalized title/year and pairwise author overlap >= 0.75,"Generated from local title, year, author, venue, DOI, and provenance fields."
MR-0045,R-19ddf898163c1621;R-316e54f53a1bea29;R-775ff975d3d94efb,merge_all_author_match,R-19ddf898163c1621+R-316e54f53a1bea29+R-775ff975d3d94efb,3,1,R-19ddf898163c1621:R-316e54f53a1bea29=1.000;R-19ddf898163c1621:R-775ff975d3d94efb=1.000;R-316e54f53a1bea29:R-775ff975d3d94efb=1.000,same normalized title/year and pairwise author overlap >= 0.75,"Generated from local title, year, author, venue, DOI, and provenance fields."
MR-0046,R-07f97cdb4ca246e5;R-471142971217cc51,merge_all_author_match,R-07f97cdb4ca246e5+R-471142971217cc51,2,1,R-07f97cdb4ca246e5:R-471142971217cc51=1.000,same normalized title/year and pairwise author overlap >= 0.75,"Generated from local title, year, author, venue, DOI, and provenance fields."
MR-0047,R-1fa54622e2c1e1a3;R-f46b566407d7b9c2,merge_all_author_match,R-1fa54622e2c1e1a3+R-f46b566407d7b9c2,2,1,R-1fa54622e2c1e1a3:R-f46b566407d7b9c2=1.000,same normalized title/year and pairwise author overlap >= 0.75,"Generated from local title, year, author, venue, DOI, and provenance fields."
MR-0048,R-5a1e95a526896bff;R-a91168cd71393ba5,merge_all_author_match,R-5a1e95a526896bff+R-a91168cd71393ba5,2,1,R-5a1e95a526896bff:R-a91168cd71393ba5=1.000,same normalized title/year and pairwise author overlap >= 0.75,"Generated from local title, year, author, venue, DOI, and provenance fields."
MR-0049,R-abe48b47ce240b6d;R-b388f69d71fc9b46,merge_all_author_match,R-abe48b47ce240b6d+R-b388f69d71fc9b46,2,1,R-abe48b47ce240b6d:R-b388f69d71fc9b46=1.000,same normalized title/year and pairwise author overlap >= 0.75,"Generated from local title, year, author, venue, DOI, and provenance fields."
MR-0050,R-8013f4916f47b2da;R-85043e4e90aa22b9,merge_all_author_match,R-8013f4916f47b2da+R-85043e4e90aa22b9,2,1,R-8013f4916f47b2da:R-85043e4e90aa22b9=1.000,same normalized title/year and pairwise author overlap >= 0.75,"Generated from local title, year, author, venue, DOI, and provenance fields."
MR-0051,R-2a22b3233d3cc6e3;R-732ff98d914ac554,merge_all_author_match,R-2a22b3233d3cc6e3+R-732ff98d914ac554,2,1,R-2a22b3233d3cc6e3:R-732ff98d914ac554=1.000,same normalized title/year and pairwise author overlap >= 0.75,"Generated from local title, year, author, venue, DOI, and provenance fields."
MR-0052,R-9ac106aa6078145c;R-cfacf321a5b5c97d,merge_all_author_match,R-9ac106aa6078145c+R-cfacf321a5b5c97d,2,1,R-9ac106aa6078145c:R-cfacf321a5b5c97d=1.000,same normalized title/year and pairwise author overlap >= 0.75,"Generated from local title, year, author, venue, DOI, and provenance fields."
MR-0053,R-53e2cae4d3f36559;R-a2c61a6807d41406,merge_all_author_match,R-53e2cae4d3f36559+R-a2c61a6807d41406,2,1,R-53e2cae4d3f36559:R-a2c61a6807d41406=1.000,same normalized title/year and pairwise author overlap >= 0.75,"Generated from local title, year, author, venue, DOI, and provenance fields."
MR-0054,R-602bca3ec05cf0b6;R-92c393d4bf675396,merge_all_author_match,R-602bca3ec05cf0b6+R-92c393d4bf675396,2,1,R-602bca3ec05cf0b6:R-92c393d4bf675396=1.000,same normalized title/year and pairwise author overlap >= 0.75,"Generated from local title, year, author, venue, DOI, and provenance fields."
MR-0055,R-1d68e62422b88d9e;R-397c33bcda75b839,merge_all_author_match,R-1d68e62422b88d9e+R-397c33bcda75b839,2,1,R-1d68e62422b88d9e:R-397c33bcda75b839=1.000,same normalized title/year and pairwise author overlap >= 0.75,"Generated from local title, year, author, venue, DOI, and provenance fields."
MR-0056,R-25a0d7efbdeba2a6;R-a86c5c1e69ea5a09;R-be7fc742f4481dbf,merge_all_author_match,R-25a0d7efbdeba2a6+R-a86c5c1e69ea5a09+R-be7fc742f4481dbf,3,1,R-25a0d7efbdeba2a6:R-a86c5c1e69ea5a09=1.000;R-25a0d7efbdeba2a6:R-be7fc742f4481dbf=1.000;R-a86c5c1e69ea5a09:R-be7fc742f4481dbf=1.000,same normalized title/year and pairwise author overlap >= 0.75,"Generated from local title, year, author, venue, DOI, and provenance fields."
MR-0057,R-9b5a04ff3902deee;R-db0fc1dfb2003ae7,merge_all_author_match,R-9b5a04ff3902deee+R-db0fc1dfb2003ae7,2,1,R-9b5a04ff3902deee:R-db0fc1dfb2003ae7=1.000,same normalized title/year and pairwise author overlap >= 0.75,"Generated from local title, year, author, venue, DOI, and provenance fields."
MR-0058,R-100fd5446bc871af;R-dff7f0631942d60b,merge_all_author_match,R-100fd5446bc871af+R-dff7f0631942d60b,2,1,R-100fd5446bc871af:R-dff7f0631942d60b=1.000,same normalized title/year and pairwise author overlap >= 0.75,"Generated from local title, year, author, venue, DOI, and provenance fields."
MR-0059,R-1df55979ea28c717;R-82d419abaeb0ee2d,merge_all_author_match,R-1df55979ea28c717+R-82d419abaeb0ee2d,2,1,R-1df55979ea28c717:R-82d419abaeb0ee2d=1.000,same normalized title/year and pairwise author overlap >= 0.75,"Generated from local title, year, author, venue, DOI, and provenance fields."
MR-0060,R-3dda2741106d0885;R-b78c1d91bd352f0c,merge_all_author_match,R-3dda2741106d0885+R-b78c1d91bd352f0c,2,1,R-3dda2741106d0885:R-b78c1d91bd352f0c=1.000,same normalized title/year and pairwise author overlap >= 0.75,"Generated from local title, year, author, venue, DOI, and provenance fields."
MR-0061,R-0e1dc55e347f8167;R-1adba379268c1175,merge_all_author_match,R-0e1dc55e347f8167+R-1adba379268c1175,2,1,R-0e1dc55e347f8167:R-1adba379268c1175=1.000,same normalized title/year and pairwise author overlap >= 0.75,"Generated from local title, year, author, venue, DOI, and provenance fields."
MR-0062,R-63a66e7333868cbb;R-a382beeb6f9f2b94,merge_all_author_match,R-63a66e7333868cbb+R-a382beeb6f9f2b94,2,1,R-63a66e7333868cbb:R-a382beeb6f9f2b94=1.000,same normalized title/year and pairwise author overlap >= 0.75,"Generated from local title, year, author, venue, DOI, and provenance fields."
MR-0063,R-125ceaa94a93c0d5;R-b66fcf628bb0e178,merge_all_author_match,R-125ceaa94a93c0d5+R-b66fcf628bb0e178,2,1,R-125ceaa94a93c0d5:R-b66fcf628bb0e178=1.000,same normalized title/year and pairwise author overlap >= 0.75,"Generated from local title, year, author, venue, DOI, and provenance fields."
MR-0064,R-080fa8f4da48da1d;R-3bdc075498664f66,merge_all_author_match,R-080fa8f4da48da1d+R-3bdc075498664f66,2,1,R-080fa8f4da48da1d:R-3bdc075498664f66=1.000,same normalized title/year and pairwise author overlap >= 0.75,"Generated from local title, year, author, venue, DOI, and provenance fields."
MR-0065,R-787c0882c0e298f9;R-82538e3bd0ce3598,merge_all_author_match,R-787c0882c0e298f9+R-82538e3bd0ce3598,2,1,R-787c0882c0e298f9:R-82538e3bd0ce3598=1.000,same normalized title/year and pairwise author overlap >= 0.75,"Generated from local title, year, author, venue, DOI, and provenance fields."
MR-0066,R-4d1885795e312d06;R-e7cdde46f37b5448;R-ed142291b526512c,merge_all_author_match,R-4d1885795e312d06+R-e7cdde46f37b5448+R-ed142291b526512c,3,1,R-4d1885795e312d06:R-e7cdde46f37b5448=1.000;R-4d1885795e312d06:R-ed142291b526512c=1.000;R-e7cdde46f37b5448:R-ed142291b526512c=1.000,same normalized title/year and pairwise author overlap >= 0.75,"Generated from local title, year, author, venue, DOI, and provenance fields."
MR-0067,R-0428f77791c9775f;R-bbe1aef9f8427465,merge_all_author_match,R-0428f77791c9775f+R-bbe1aef9f8427465,2,1,R-0428f77791c9775f:R-bbe1aef9f8427465=1.000,same normalized title/year and pairwise author overlap >= 0.75,"Generated from local title, year, author, venue, DOI, and provenance fields."
MR-0068,R-74c392f42722685f;R-88b50094db10c4a9;R-cba6c76d32b65d49;R-e6d64a2e680c5f74,merge_all_author_match,R-74c392f42722685f+R-88b50094db10c4a9+R-cba6c76d32b65d49+R-e6d64a2e680c5f74,4,1,R-74c392f42722685f:R-88b50094db10c4a9=1.000;R-74c392f42722685f:R-cba6c76d32b65d49=1.000;R-74c392f42722685f:R-e6d64a2e680c5f74=1.000;R-88b50094db10c4a9:R-cba6c76d32b65d49=1.000;R-88b50094db10c4a9:R-e6d64a2e680c5f74=1.000;R-cba6c76d32b65d49:R-e6d64a2e680c5f74=1.000,same normalized title/year and pairwise author overlap >= 0.75,"Generated from local title, year, author, venue, DOI, and provenance fields."
MR-0069,R-7aef44358ca35a3b;R-d65b15b827197b71,merge_all_author_match,R-7aef44358ca35a3b+R-d65b15b827197b71,2,1,R-7aef44358ca35a3b:R-d65b15b827197b71=1.000,same normalized title/year and pairwise author overlap >= 0.75,"Generated from local title, year, author, venue, DOI, and provenance fields."
MR-0070,R-c3e4442a93c98e9e;R-d87791efe00b09e2,merge_all_author_match,R-c3e4442a93c98e9e+R-d87791efe00b09e2,2,1,R-c3e4442a93c98e9e:R-d87791efe00b09e2=1.000,same normalized title/year and pairwise author overlap >= 0.75,"Generated from local title, year, author, venue, DOI, and provenance fields."
MR-0071,R-56382de8962e6086;R-8e228627ca3f02f1,merge_all_author_match,R-56382de8962e6086+R-8e228627ca3f02f1,2,1,R-56382de8962e6086:R-8e228627ca3f02f1=0.750,same normalized title/year and pairwise author overlap >= 0.75,"Generated from local title, year, author, venue, DOI, and provenance fields."
MR-0072,R-9f8ceb82a0bdd1d6;R-ea12ba1b19cfaf41,merge_all_author_match,R-9f8ceb82a0bdd1d6+R-ea12ba1b19cfaf41,2,1,R-9f8ceb82a0bdd1d6:R-ea12ba1b19cfaf41=1.000,same normalized title/year and pairwise author overlap >= 0.75,"Generated from local title, year, author, venue, DOI, and provenance fields."
MR-0073,R-62f7b01b1dcc289a;R-d26062d2eab4b201,merge_all_author_match,R-62f7b01b1dcc289a+R-d26062d2eab4b201,2,1,R-62f7b01b1dcc289a:R-d26062d2eab4b201=1.000,same normalized title/year and pairwise author overlap >= 0.75,"Generated from local title, year, author, venue, DOI, and provenance fields."
MR-0074,R-0134a55a89728efc;R-bc14ac3078f2aa0b,merge_all_author_match,R-0134a55a89728efc+R-bc14ac3078f2aa0b,2,1,R-0134a55a89728efc:R-bc14ac3078f2aa0b=1.250,same normalized title/year and pairwise author overlap >= 0.75,"Generated from local title, year, author, venue, DOI, and provenance fields."
MR-0075,R-3a08c77b5d14eabc;R-aac0cb83762d0c45,merge_all_author_match,R-3a08c77b5d14eabc+R-aac0cb83762d0c45,2,1,R-3a08c77b5d14eabc:R-aac0cb83762d0c45=1.000,same normalized title/year and pairwise author overlap >= 0.75,"Generated from local title, year, author, venue, DOI, and provenance fields."
MR-0076,R-4c5efdcc5edde6e2;R-c3907ffae7904c8b,merge_all_author_match,R-4c5efdcc5edde6e2+R-c3907ffae7904c8b,2,1,R-4c5efdcc5edde6e2:R-c3907ffae7904c8b=1.000,same normalized title/year and pairwise author overlap >= 0.75,"Generated from local title, year, author, venue, DOI, and provenance fields."
MR-0077,R-122d71cfdf7e81be;R-8cc48962237065fb,merge_all_author_match,R-122d71cfdf7e81be+R-8cc48962237065fb,2,1,R-122d71cfdf7e81be:R-8cc48962237065fb=1.000,same normalized title/year and pairwise author overlap >= 0.75,"Generated from local title, year, author, venue, DOI, and provenance fields."
MR-0078,R-17d3ff501a644d1c;R-d2a0bc6dbb0f259f,merge_all_author_match,R-17d3ff501a644d1c+R-d2a0bc6dbb0f259f,2,1,R-17d3ff501a644d1c:R-d2a0bc6dbb0f259f=1.000,same normalized title/year and pairwise author overlap >= 0.75,"Generated from local title, year, author, venue, DOI, and provenance fields."
MR-0079,R-65d819cb505e0214;R-f41360327a944cce,merge_all_author_match,R-65d819cb505e0214+R-f41360327a944cce,2,1,R-65d819cb505e0214:R-f41360327a944cce=1.000,same normalized title/year and pairwise author overlap >= 0.75,"Generated from local title, year, author, venue, DOI, and provenance fields."
MR-0080,R-a07733d1290f4063;R-df4b24bddb928c4e,merge_all_author_match,R-a07733d1290f4063+R-df4b24bddb928c4e,2,1,R-a07733d1290f4063:R-df4b24bddb928c4e=1.000,same normalized title/year and pairwise author overlap >= 0.75,"Generated from local title, year, author, venue, DOI, and provenance fields."
MR-0081,R-bd75c786db146c98;R-e20e332292163114,merge_all_author_match,R-bd75c786db146c98+R-e20e332292163114,2,1,R-bd75c786db146c98:R-e20e332292163114=1.000,same normalized title/year and pairwise author overlap >= 0.75,"Generated from local title, year, author, venue, DOI, and provenance fields."
MR-0082,R-0b023fd95df2a3c3;R-fdfffb01e21e0a16,merge_all_author_match,R-0b023fd95df2a3c3+R-fdfffb01e21e0a16,2,1,R-0b023fd95df2a3c3:R-fdfffb01e21e0a16=0.750,same normalized title/year and pairwise author overlap >= 0.75,"Generated from local title, year, author, venue, DOI, and provenance fields."
MR-0083,R-4a41022fd22dbb78;R-b534cb90a49934c6,merge_all_author_match,R-4a41022fd22dbb78+R-b534cb90a49934c6,2,1,R-4a41022fd22dbb78:R-b534cb90a49934c6=1.000,same normalized title/year and pairwise author overlap >= 0.75,"Generated from local title, year, author, venue, DOI, and provenance fields."
MR-0084,R-15c486abdad15510;R-e631d6b6add70a82,merge_all_author_match,R-15c486abdad15510+R-e631d6b6add70a82,2,1,R-15c486abdad15510:R-e631d6b6add70a82=1.000,same normalized title/year and pairwise author overlap >= 0.75,"Generated from local title, year, author, venue, DOI, and provenance fields."
MR-0085,R-751eb59528138feb;R-e29f9f96d58fb6c5,merge_all_author_match,R-751eb59528138feb+R-e29f9f96d58fb6c5,2,1,R-751eb59528138feb:R-e29f9f96d58fb6c5=1.000,same normalized title/year and pairwise author overlap >= 0.75,"Generated from local title, year, author, venue, DOI, and provenance fields."
MR-0086,R-5a2ae1f4acfdfe4a;R-d5139bbc32a15595,merge_all_author_match,R-5a2ae1f4acfdfe4a+R-d5139bbc32a15595,2,1,R-5a2ae1f4acfdfe4a:R-d5139bbc32a15595=1.000,same normalized title/year and pairwise author overlap >= 0.75,"Generated from local title, year, author, venue, DOI, and provenance fields."
MR-0087,R-41bf79297bee2ebe;R-b57e2fba31df10ce,merge_all_author_match,R-41bf79297bee2ebe+R-b57e2fba31df10ce,2,1,R-41bf79297bee2ebe:R-b57e2fba31df10ce=1.000,same normalized title/year and pairwise author overlap >= 0.75,"Generated from local title, year, author, venue, DOI, and provenance fields."
MR-0088,R-4efbebef5ad0a60c;R-8357efee78b797f4,merge_all_author_match,R-4efbebef5ad0a60c+R-8357efee78b797f4,2,1,R-4efbebef5ad0a60c:R-8357efee78b797f4=1.000,same normalized title/year and pairwise author overlap >= 0.75,"Generated from local title, year, author, venue, DOI, and provenance fields."
MR-0089,R-4f9644ef0ac37d02;R-d1fbeba4488bf28f,merge_all_author_match,R-4f9644ef0ac37d02+R-d1fbeba4488bf28f,2,1,R-4f9644ef0ac37d02:R-d1fbeba4488bf28f=1.000,same normalized title/year and pairwise author overlap >= 0.75,"Generated from local title, year, author, venue, DOI, and provenance fields."
MR-0090,R-310a036335669507;R-54515b4835a12f7e,merge_all_author_match,R-310a036335669507+R-54515b4835a12f7e,2,1,R-310a036335669507:R-54515b4835a12f7e=1.000,same normalized title/year and pairwise author overlap >= 0.75,"Generated from local title, year, author, venue, DOI, and provenance fields."
MR-0091,R-d4ac7b7bda5c77bc;R-ddc18a6bbde7f7ff,merge_all_author_match,R-d4ac7b7bda5c77bc+R-ddc18a6bbde7f7ff,2,1,R-d4ac7b7bda5c77bc:R-ddc18a6bbde7f7ff=1.000,same normalized title/year and pairwise author overlap >= 0.75,"Generated from local title, year, author, venue, DOI, and provenance fields."
MR-0092,R-466d1a5ba2dd03c9;R-bb516567534be47a,merge_all_author_match,R-466d1a5ba2dd03c9+R-bb516567534be47a,2,1,R-466d1a5ba2dd03c9:R-bb516567534be47a=1.000,same normalized title/year and pairwise author overlap >= 0.75,"Generated from local title, year, author, venue, DOI, and provenance fields."
MR-0093,R-74a8b0c741cbcdf4;R-c7c31728e9191af1,merge_all_author_match,R-74a8b0c741cbcdf4+R-c7c31728e9191af1,2,1,R-74a8b0c741cbcdf4:R-c7c31728e9191af1=1.000,same normalized title/year and pairwise author overlap >= 0.75,"Generated from local title, year, author, venue, DOI, and provenance fields."
MR-0094,R-5401b451731500e6;R-b7c024c4c47f79cc,merge_all_author_match,R-5401b451731500e6+R-b7c024c4c47f79cc,2,1,R-5401b451731500e6:R-b7c024c4c47f79cc=1.000,same normalized title/year and pairwise author overlap >= 0.75,"Generated from local title, year, author, venue, DOI, and provenance fields."
MR-0095,R-8e276d86262ff0ab;R-fd3345b4475f6dc3,merge_all_author_match,R-8e276d86262ff0ab+R-fd3345b4475f6dc3,2,1,R-8e276d86262ff0ab:R-fd3345b4475f6dc3=1.000,same normalized title/year and pairwise author overlap >= 0.75,"Generated from local title, year, author, venue, DOI, and provenance fields."
MR-0096,R-79f0d22a1395725c;R-ada70cf3c4e434c9,merge_all_author_match,R-79f0d22a1395725c+R-ada70cf3c4e434c9,2,1,R-79f0d22a1395725c:R-ada70cf3c4e434c9=1.000,same normalized title/year and pairwise author overlap >= 0.75,"Generated from local title, year, author, venue, DOI, and provenance fields."
MR-0097,R-e6f5a58e92dc4d36;R-f8d5b1a09466c9f2,merge_all_author_match,R-e6f5a58e92dc4d36+R-f8d5b1a09466c9f2,2,1,R-e6f5a58e92dc4d36:R-f8d5b1a09466c9f2=1.000,same normalized title/year and pairwise author overlap >= 0.75,"Generated from local title, year, author, venue, DOI, and provenance fields."
MR-0098,R-62e9a256015ad767;R-f1109e3ddcd84b43,merge_all_author_match,R-62e9a256015ad767+R-f1109e3ddcd84b43,2,1,R-62e9a256015ad767:R-f1109e3ddcd84b43=1.000,same normalized title/year and pairwise author overlap >= 0.75,"Generated from local title, year, author, venue, DOI, and provenance fields."
MR-0099,R-4cd9efde058f618a;R-b90e062b082e6d54,merge_all_author_match,R-4cd9efde058f618a+R-b90e062b082e6d54,2,1,R-4cd9efde058f618a:R-b90e062b082e6d54=1.000,same normalized title/year and pairwise author overlap >= 0.75,"Generated from local title, year, author, venue, DOI, and provenance fields."
MR-0100,R-7e1e20c062620833;R-bb961a91765e6b9e,merge_all_author_match,R-7e1e20c062620833+R-bb961a91765e6b9e,2,1,R-7e1e20c062620833:R-bb961a91765e6b9e=1.000,same normalized title/year and pairwise author overlap >= 0.75,"Generated from local title, year, author, venue, DOI, and provenance fields."
MR-0101,R-6b04db1e6621df3f;R-c8ad3ba91375f30f,merge_all_author_match,R-6b04db1e6621df3f+R-c8ad3ba91375f30f,2,1,R-6b04db1e6621df3f:R-c8ad3ba91375f30f=1.000,same normalized title/year and pairwise author overlap >= 0.75,"Generated from local title, year, author, venue, DOI, and provenance fields."
MR-0102,R-4a208a6579a66da1;R-54a938de881947fb,merge_all_author_match,R-4a208a6579a66da1+R-54a938de881947fb,2,1,R-4a208a6579a66da1:R-54a938de881947fb=1.000,same normalized title/year and pairwise author overlap >= 0.75,"Generated from local title, year, author, venue, DOI, and provenance fields."
MR-0103,R-68090d1676ed6a71;R-f2fd5212c8b4395a,merge_all_author_match,R-68090d1676ed6a71+R-f2fd5212c8b4395a,2,1,R-68090d1676ed6a71:R-f2fd5212c8b4395a=1.000,same normalized title/year and pairwise author overlap >= 0.75,"Generated from local title, year, author, venue, DOI, and provenance fields."
MR-0104,R-7aeb2feb210096e2;R-afbf92aba60e8259,merge_all_author_match,R-7aeb2feb210096e2+R-afbf92aba60e8259,2,1,R-7aeb2feb210096e2:R-afbf92aba60e8259=1.000,same normalized title/year and pairwise author overlap >= 0.75,"Generated from local title, year, author, venue, DOI, and provenance fields."
MR-0105,R-45eca2c17a3eae17;R-fe8f6e556ec381f4,merge_all_author_match,R-45eca2c17a3eae17+R-fe8f6e556ec381f4,2,1,R-45eca2c17a3eae17:R-fe8f6e556ec381f4=1.000,same normalized title/year and pairwise author overlap >= 0.75,"Generated from local title, year, author, venue, DOI, and provenance fields."
MR-0106,R-426c86659646cfdc;R-614dffde5dc8d779,merge_all_author_match,R-426c86659646cfdc+R-614dffde5dc8d779,2,1,R-426c86659646cfdc:R-614dffde5dc8d779=1.000,same normalized title/year and pairwise author overlap >= 0.75,"Generated from local title, year, author, venue, DOI, and provenance fields."
MR-0107,R-3e48f89836804909;R-8182410d55fe320b,merge_all_author_match,R-3e48f89836804909+R-8182410d55fe320b,2,1,R-3e48f89836804909:R-8182410d55fe320b=1.000,same normalized title/year and pairwise author overlap >= 0.75,"Generated from local title, year, author, venue, DOI, and provenance fields."
MR-0108,R-55fc9fb2b037cbbe;R-934a268384d26392;R-b55171d158040958,merge_all_author_match,R-55fc9fb2b037cbbe+R-934a268384d26392+R-b55171d158040958,3,1,R-55fc9fb2b037cbbe:R-934a268384d26392=1.000;R-55fc9fb2b037cbbe:R-b55171d158040958=1.000;R-934a268384d26392:R-b55171d158040958=1.000,same normalized title/year and pairwise author overlap >= 0.75,"Generated from local title, year, author, venue, DOI, and provenance fields."
MR-0109,R-c9d930395f225d45;R-d16435cb8f333522,merge_all_author_match,R-c9d930395f225d45+R-d16435cb8f333522,2,1,R-c9d930395f225d45:R-d16435cb8f333522=1.000,same normalized title/year and pairwise author overlap >= 0.75,"Generated from local title, year, author, venue, DOI, and provenance fields."
MR-0110,R-06050e8f71314127;R-3e08492f5d57d595,merge_all_author_match,R-06050e8f71314127+R-3e08492f5d57d595,2,1,R-06050e8f71314127:R-3e08492f5d57d595=1.000,same normalized title/year and pairwise author overlap >= 0.75,"Generated from local title, year, author, venue, DOI, and provenance fields."
MR-0111,R-a48fc1d7501a8762;R-f6f4bcb7a1d477e1,merge_all_author_match,R-a48fc1d7501a8762+R-f6f4bcb7a1d477e1,2,1,R-a48fc1d7501a8762:R-f6f4bcb7a1d477e1=1.000,same normalized title/year and pairwise author overlap >= 0.75,"Generated from local title, year, author, venue, DOI, and provenance fields."
MR-0112,R-1aa6c592564d6e51;R-cb479d48e88fcec9,merge_all_author_match,R-1aa6c592564d6e51+R-cb479d48e88fcec9,2,1,R-1aa6c592564d6e51:R-cb479d48e88fcec9=1.000,same normalized title/year and pairwise author overlap >= 0.75,"Generated from local title, year, author, venue, DOI, and provenance fields."
MR-0113,R-89c3499abbd7221a;R-c468be27cbc79216,merge_all_author_match,R-89c3499abbd7221a+R-c468be27cbc79216,2,1,R-89c3499abbd7221a:R-c468be27cbc79216=1.000,same normalized title/year and pairwise author overlap >= 0.75,"Generated from local title, year, author, venue, DOI, and provenance fields."
MR-0114,R-410f3da721d4d55a;R-4c0d2c8e018b7495,merge_all_author_match,R-410f3da721d4d55a+R-4c0d2c8e018b7495,2,1,R-410f3da721d4d55a:R-4c0d2c8e018b7495=1.000,same normalized title/year and pairwise author overlap >= 0.75,"Generated from local title, year, author, venue, DOI, and provenance fields."
MR-0115,R-2f60cb2b60a6ab08;R-8bc7f5901058b448,merge_all_author_match,R-2f60cb2b60a6ab08+R-8bc7f5901058b448,2,1,R-2f60cb2b60a6ab08:R-8bc7f5901058b448=1.000,same normalized title/year and pairwise author overlap >= 0.75,"Generated from local title, year, author, venue, DOI, and provenance fields."
MR-0116,R-0e9e05855da1de7f;R-e4e41787fb72824e,merge_all_author_match,R-0e9e05855da1de7f+R-e4e41787fb72824e,2,1,R-0e9e05855da1de7f:R-e4e41787fb72824e=1.000,same normalized title/year and pairwise author overlap >= 0.75,"Generated from local title, year, author, venue, DOI, and provenance fields."
MR-0117,R-279b8e7327547c61;R-4b414b0044c847a8,merge_all_author_match,R-279b8e7327547c61+R-4b414b0044c847a8,2,1,R-279b8e7327547c61:R-4b414b0044c847a8=1.000,same normalized title/year and pairwise author overlap >= 0.75,"Generated from local title, year, author, venue, DOI, and provenance fields."
MR-0118,R-642cb8f564ace62c;R-920e3dff1d1cea19,merge_all_author_match,R-642cb8f564ace62c+R-920e3dff1d1cea19,2,1,R-642cb8f564ace62c:R-920e3dff1d1cea19=1.000,same normalized title/year and pairwise author overlap >= 0.75,"Generated from local title, year, author, venue, DOI, and provenance fields."
MR-0119,R-4f7aaac5c466ce87;R-b43a774ad3f06eb9,merge_all_author_match,R-4f7aaac5c466ce87+R-b43a774ad3f06eb9,2,1,R-4f7aaac5c466ce87:R-b43a774ad3f06eb9=1.000,same normalized title/year and pairwise author overlap >= 0.75,"Generated from local title, year, author, venue, DOI, and provenance fields."
MR-0120,R-1628024516daf5fe;R-eda0221f1a62752c,merge_all_author_match,R-1628024516daf5fe+R-eda0221f1a62752c,2,1,R-1628024516daf5fe:R-eda0221f1a62752c=1.000,same normalized title/year and pairwise author overlap >= 0.75,"Generated from local title, year, author, venue, DOI, and provenance fields."
MR-0121,R-732728e24f5d2d15;R-ef589cb5b273e0b0,merge_all_author_match,R-732728e24f5d2d15+R-ef589cb5b273e0b0,2,1,R-732728e24f5d2d15:R-ef589cb5b273e0b0=1.000,same normalized title/year and pairwise author overlap >= 0.75,"Generated from local title, year, author, venue, DOI, and provenance fields."
MR-0122,R-150a1e450148899a;R-431265910dc9cdd2,merge_all_author_match,R-150a1e450148899a+R-431265910dc9cdd2,2,1,R-150a1e450148899a:R-431265910dc9cdd2=1.000,same normalized title/year and pairwise author overlap >= 0.75,"Generated from local title, year, author, venue, DOI, and provenance fields."
MR-0123,R-97c6b5b0e95d8015;R-98b1de3ea81b67bb,merge_all_author_match,R-97c6b5b0e95d8015+R-98b1de3ea81b67bb,2,1,R-97c6b5b0e95d8015:R-98b1de3ea81b67bb=1.000,same normalized title/year and pairwise author overlap >= 0.75,"Generated from local title, year, author, venue, DOI, and provenance fields."
MR-0124,R-046d7ca03bf0ec27;R-23d87a22a9992ad5,merge_all_author_match,R-046d7ca03bf0ec27+R-23d87a22a9992ad5,2,1,R-046d7ca03bf0ec27:R-23d87a22a9992ad5=1.000,same normalized title/year and pairwise author overlap >= 0.75,"Generated from local title, year, author, venue, DOI, and provenance fields."
MR-0125,R-3fc4608e6a8f80f1;R-d3054503dc6e8b9c,merge_all_author_match,R-3fc4608e6a8f80f1+R-d3054503dc6e8b9c,2,1,R-3fc4608e6a8f80f1:R-d3054503dc6e8b9c=1.000,same normalized title/year and pairwise author overlap >= 0.75,"Generated from local title, year, author, venue, DOI, and provenance fields."
MR-0126,R-976456de6beb07c7;R-bc6667cb8f04fbae,merge_all_author_match,R-976456de6beb07c7+R-bc6667cb8f04fbae,2,1,R-976456de6beb07c7:R-bc6667cb8f04fbae=1.000,same normalized title/year and pairwise author overlap >= 0.75,"Generated from local title, year, author, venue, DOI, and provenance fields."
MR-0127,R-1931fe03c3675704;R-b496e17d4b66ccad,merge_all_author_match,R-1931fe03c3675704+R-b496e17d4b66ccad,2,1,R-1931fe03c3675704:R-b496e17d4b66ccad=1.000,same normalized title/year and pairwise author overlap >= 0.75,"Generated from local title, year, author, venue, DOI, and provenance fields."
MR-0128,R-5d9a3b34c9a0daaa;R-a442cad5eaf6a1be,merge_all_author_match,R-5d9a3b34c9a0daaa+R-a442cad5eaf6a1be,2,1,R-5d9a3b34c9a0daaa:R-a442cad5eaf6a1be=1.000,same normalized title/year and pairwise author overlap >= 0.75,"Generated from local title, year, author, venue, DOI, and provenance fields."
MR-0129,R-884b97ab40e79973;R-9c81c6f0fff8e35b,merge_all_author_match,R-884b97ab40e79973+R-9c81c6f0fff8e35b,2,1,R-884b97ab40e79973:R-9c81c6f0fff8e35b=1.000,same normalized title/year and pairwise author overlap >= 0.75,"Generated from local title, year, author, venue, DOI, and provenance fields."
MR-0130,R-6791f6c787851a9b;R-b3a6a9c2d5bd6e14,merge_all_author_match,R-6791f6c787851a9b+R-b3a6a9c2d5bd6e14,2,1,R-6791f6c787851a9b:R-b3a6a9c2d5bd6e14=1.000,same normalized title/year and pairwise author overlap >= 0.75,"Generated from local title, year, author, venue, DOI, and provenance fields."
MR-0131,R-44b867ce4e4e2233;R-a05aed2dab4df515,merge_all_author_match,R-44b867ce4e4e2233+R-a05aed2dab4df515,2,1,R-44b867ce4e4e2233:R-a05aed2dab4df515=1.000,same normalized title/year and pairwise author overlap >= 0.75,"Generated from local title, year, author, venue, DOI, and provenance fields."
MR-0132,R-8365d23b488ae161;R-8e21e2a9bb1be711,merge_all_author_match,R-8365d23b488ae161+R-8e21e2a9bb1be711,2,1,R-8365d23b488ae161:R-8e21e2a9bb1be711=1.000,same normalized title/year and pairwise author overlap >= 0.75,"Generated from local title, year, author, venue, DOI, and provenance fields."
MR-0133,R-1ae5636d98e4b187;R-897714bab38094fc,merge_all_author_match,R-1ae5636d98e4b187+R-897714bab38094fc,2,1,R-1ae5636d98e4b187:R-897714bab38094fc=1.000,same normalized title/year and pairwise author overlap >= 0.75,"Generated from local title, year, author, venue, DOI, and provenance fields."
MR-0134,R-19d07cbb09adce0e;R-33feb58e3ba11ce0,merge_all_author_match,R-19d07cbb09adce0e+R-33feb58e3ba11ce0,2,1,R-19d07cbb09adce0e:R-33feb58e3ba11ce0=1.000,same normalized title/year and pairwise author overlap >= 0.75,"Generated from local title, year, author, venue, DOI, and provenance fields."
MR-0135,R-1631181087438538;R-c9a54d8dded070b9,merge_all_author_match,R-1631181087438538+R-c9a54d8dded070b9,2,1,R-1631181087438538:R-c9a54d8dded070b9=1.000,same normalized title/year and pairwise author overlap >= 0.75,"Generated from local title, year, author, venue, DOI, and provenance fields."
MR-0136,R-23ebd465d639432b;R-ad58feffcf0cce34,merge_all_author_match,R-23ebd465d639432b+R-ad58feffcf0cce34,2,1,R-23ebd465d639432b:R-ad58feffcf0cce34=1.000,same normalized title/year and pairwise author overlap >= 0.75,"Generated from local title, year, author, venue, DOI, and provenance fields."
MR-0137,R-2d2c5e95d5d91fa5;R-36c8ed8695cd845b,merge_all_author_match,R-2d2c5e95d5d91fa5+R-36c8ed8695cd845b,2,1,R-2d2c5e95d5d91fa5:R-36c8ed8695cd845b=1.000,same normalized title/year and pairwise author overlap >= 0.75,"Generated from local title, year, author, venue, DOI, and provenance fields."
MR-0138,R-a483209d73ca4c34;R-cd600f674d2c7dce;R-f67e82d1e1e778da,merge_all_author_match,R-a483209d73ca4c34+R-cd600f674d2c7dce+R-f67e82d1e1e778da,3,1,R-a483209d73ca4c34:R-cd600f674d2c7dce=1.000;R-a483209d73ca4c34:R-f67e82d1e1e778da=1.000;R-cd600f674d2c7dce:R-f67e82d1e1e778da=1.000,same normalized title/year and pairwise author overlap >= 0.75,"Generated from local title, year, author, venue, DOI, and provenance fields."
MR-0139,R-011e56a6ff7b77b0;R-cf45c0b03b9fea84,merge_all_author_match,R-011e56a6ff7b77b0+R-cf45c0b03b9fea84,2,1,R-011e56a6ff7b77b0:R-cf45c0b03b9fea84=1.000,same normalized title/year and pairwise author overlap >= 0.75,"Generated from local title, year, author, venue, DOI, and provenance fields."
MR-0140,R-45ea50359d85ed89;R-8eff73f8e1f2f38a,merge_all_author_match,R-45ea50359d85ed89+R-8eff73f8e1f2f38a,2,1,R-45ea50359d85ed89:R-8eff73f8e1f2f38a=1.000,same normalized title/year and pairwise author overlap >= 0.75,"Generated from local title, year, author, venue, DOI, and provenance fields."
MR-0141,R-1f69c043416ca705;R-6a8cc5eb5ded2f39,merge_all_author_match,R-1f69c043416ca705+R-6a8cc5eb5ded2f39,2,1,R-1f69c043416ca705:R-6a8cc5eb5ded2f39=1.000,same normalized title/year and pairwise author overlap >= 0.75,"Generated from local title, year, author, venue, DOI, and provenance fields."
MR-0142,R-3a256c93e3f526e2;R-68a74c4c5027a909,merge_all_author_match,R-3a256c93e3f526e2+R-68a74c4c5027a909,2,1,R-3a256c93e3f526e2:R-68a74c4c5027a909=1.000,same normalized title/year and pairwise author overlap >= 0.75,"Generated from local title, year, author, venue, DOI, and provenance fields."
MR-0143,R-306df0cdf713b8b8;R-cafddffa7f0d5ef5,merge_all_author_match,R-306df0cdf713b8b8+R-cafddffa7f0d5ef5,2,1,R-306df0cdf713b8b8:R-cafddffa7f0d5ef5=1.000,same normalized title/year and pairwise author overlap >= 0.75,"Generated from local title, year, author, venue, DOI, and provenance fields."
MR-0144,R-846d91dff47592ed;R-987136d73d53ae08,merge_all_author_match,R-846d91dff47592ed+R-987136d73d53ae08,2,1,R-846d91dff47592ed:R-987136d73d53ae08=1.000,same normalized title/year and pairwise author overlap >= 0.75,"Generated from local title, year, author, venue, DOI, and provenance fields."
MR-0145,R-521bc04d2892b439;R-94756fc4b067eee4,merge_all_author_match,R-521bc04d2892b439+R-94756fc4b067eee4,2,1,R-521bc04d2892b439:R-94756fc4b067eee4=1.000,same normalized title/year and pairwise author overlap >= 0.75,"Generated from local title, year, author, venue, DOI, and provenance fields."
MR-0146,R-8134de1cc41a980e;R-d02952f47fe6d12b,merge_all_author_match,R-8134de1cc41a980e+R-d02952f47fe6d12b,2,1,R-8134de1cc41a980e:R-d02952f47fe6d12b=1.000,same normalized title/year and pairwise author overlap >= 0.75,"Generated from local title, year, author, venue, DOI, and provenance fields."
MR-0147,R-6c89659893651ed1;R-d1f4d22a4b86a107,merge_all_author_match,R-6c89659893651ed1+R-d1f4d22a4b86a107,2,1,R-6c89659893651ed1:R-d1f4d22a4b86a107=1.000,same normalized title/year and pairwise author overlap >= 0.75,"Generated from local title, year, author, venue, DOI, and provenance fields."
MR-0148,R-4e9395d7b8e948b8;R-ea97a108ba34d637,merge_all_author_match,R-4e9395d7b8e948b8+R-ea97a108ba34d637,2,1,R-4e9395d7b8e948b8:R-ea97a108ba34d637=1.000,same normalized title/year and pairwise author overlap >= 0.75,"Generated from local title, year, author, venue, DOI, and provenance fields."
MR-0149,R-26883a3d62aef3b0;R-598fdec213250e38;R-cff5b506b252c619,merge_all_author_match,R-26883a3d62aef3b0+R-598fdec213250e38+R-cff5b506b252c619,3,1,R-26883a3d62aef3b0:R-598fdec213250e38=1.000;R-26883a3d62aef3b0:R-cff5b506b252c619=1.000;R-598fdec213250e38:R-cff5b506b252c619=1.000,same normalized title/year and pairwise author overlap >= 0.75,"Generated from local title, year, author, venue, DOI, and provenance fields."
MR-0150,R-6273faec4263d600;R-e615d2f65efa790d,merge_all_author_match,R-6273faec4263d600+R-e615d2f65efa790d,2,1,R-6273faec4263d600:R-e615d2f65efa790d=1.000,same normalized title/year and pairwise author overlap >= 0.75,"Generated from local title, year, author, venue, DOI, and provenance fields."
MR-0151,R-143a6c75b879adec;R-50e0036c4c170da3,merge_all_author_match,R-143a6c75b879adec+R-50e0036c4c170da3,2,1,R-143a6c75b879adec:R-50e0036c4c170da3=1.000,same normalized title/year and pairwise author overlap >= 0.75,"Generated from local title, year, author, venue, DOI, and provenance fields."
MR-0152,R-838e0be9d02b244b;R-a7cbc20c20015021,merge_all_author_match,R-838e0be9d02b244b+R-a7cbc20c20015021,2,1,R-838e0be9d02b244b:R-a7cbc20c20015021=1.000,same normalized title/year and pairwise author overlap >= 0.75,"Generated from local title, year, author, venue, DOI, and provenance fields."
MR-0153,R-0ebd0d67f0e204fa;R-f2e6a6e65c1ba975,merge_all_author_match,R-0ebd0d67f0e204fa+R-f2e6a6e65c1ba975,2,1,R-0ebd0d67f0e204fa:R-f2e6a6e65c1ba975=1.000,same normalized title/year and pairwise author overlap >= 0.75,"Generated from local title, year, author, venue, DOI, and provenance fields."
MR-0154,R-b1ab4581860bf4d1;R-dd8d5aab89d03e9c,merge_all_author_match,R-b1ab4581860bf4d1+R-dd8d5aab89d03e9c,2,1,R-b1ab4581860bf4d1:R-dd8d5aab89d03e9c=1.000,same normalized title/year and pairwise author overlap >= 0.75,"Generated from local title, year, author, venue, DOI, and provenance fields."
MR-0155,R-46f8abeb946c4656;R-94a99a683ea4dde8,merge_all_author_match,R-46f8abeb946c4656+R-94a99a683ea4dde8,2,1,R-46f8abeb946c4656:R-94a99a683ea4dde8=1.000,same normalized title/year and pairwise author overlap >= 0.75,"Generated from local title, year, author, venue, DOI, and provenance fields."
MR-0156,R-219d206a65c414a9;R-482e6034f0035f80;R-f137ecc536002151,merge_all_author_match,R-219d206a65c414a9+R-482e6034f0035f80+R-f137ecc536002151,3,1,R-219d206a65c414a9:R-482e6034f0035f80=1.000;R-219d206a65c414a9:R-f137ecc536002151=1.000;R-482e6034f0035f80:R-f137ecc536002151=1.000,same normalized title/year and pairwise author overlap >= 0.75,"Generated from local title, year, author, venue, DOI, and provenance fields."
MR-0157,R-2d18c1f53fa494c5;R-4eb97ffe2dd40876,merge_all_author_match,R-2d18c1f53fa494c5+R-4eb97ffe2dd40876,2,1,R-2d18c1f53fa494c5:R-4eb97ffe2dd40876=1.000,same normalized title/year and pairwise author overlap >= 0.75,"Generated from local title, year, author, venue, DOI, and provenance fields."
MR-0158,R-270d12ffa10f3718;R-f6809f44e87bce34,merge_all_author_match,R-270d12ffa10f3718+R-f6809f44e87bce34,2,1,R-270d12ffa10f3718:R-f6809f44e87bce34=1.000,same normalized title/year and pairwise author overlap >= 0.75,"Generated from local title, year, author, venue, DOI, and provenance fields."
MR-0159,R-0822cdd83fe0c475;R-0c3f32c6a091a2a5,merge_all_author_match,R-0822cdd83fe0c475+R-0c3f32c6a091a2a5,2,1,R-0822cdd83fe0c475:R-0c3f32c6a091a2a5=1.000,same normalized title/year and pairwise author overlap >= 0.75,"Generated from local title, year, author, venue, DOI, and provenance fields."
MR-0160,R-490c21479212d2ba;R-507a6e93d3cd97f7,merge_all_author_match,R-490c21479212d2ba+R-507a6e93d3cd97f7,2,1,R-490c21479212d2ba:R-507a6e93d3cd97f7=1.000,same normalized title/year and pairwise author overlap >= 0.75,"Generated from local title, year, author, venue, DOI, and provenance fields."
MR-0161,R-713674ec04166129;R-749d8c31097b2391,merge_all_author_match,R-713674ec04166129+R-749d8c31097b2391,2,1,R-713674ec04166129:R-749d8c31097b2391=1.000,same normalized title/year and pairwise author overlap >= 0.75,"Generated from local title, year, author, venue, DOI, and provenance fields."
MR-0162,R-3da4c4f3a0509a72;R-7c5953d9ddb9aab9,merge_all_author_match,R-3da4c4f3a0509a72+R-7c5953d9ddb9aab9,2,1,R-3da4c4f3a0509a72:R-7c5953d9ddb9aab9=1.000,same normalized title/year and pairwise author overlap >= 0.75,"Generated from local title, year, author, venue, DOI, and provenance fields."
MR-0163,R-77831a6fe67e358d;R-ba0a47954092246f,merge_all_author_match,R-77831a6fe67e358d+R-ba0a47954092246f,2,1,R-77831a6fe67e358d:R-ba0a47954092246f=1.000,same normalized title/year and pairwise author overlap >= 0.75,"Generated from local title, year, author, venue, DOI, and provenance fields."
MR-0164,R-3447b20f67269daf;R-454419341dc75027,merge_all_author_match,R-3447b20f67269daf+R-454419341dc75027,2,1,R-3447b20f67269daf:R-454419341dc75027=1.000,same normalized title/year and pairwise author overlap >= 0.75,"Generated from local title, year, author, venue, DOI, and provenance fields."
MR-0165,R-ad489ccac7dd7144;R-bb9756f19c758d8a,merge_all_author_match,R-ad489ccac7dd7144+R-bb9756f19c758d8a,2,1,R-ad489ccac7dd7144:R-bb9756f19c758d8a=1.000,same normalized title/year and pairwise author overlap >= 0.75,"Generated from local title, year, author, venue, DOI, and provenance fields."
MR-0166,R-4a8734265dce0bd4;R-fd9501e334bcd383,merge_all_author_match,R-4a8734265dce0bd4+R-fd9501e334bcd383,2,1,R-4a8734265dce0bd4:R-fd9501e334bcd383=1.000,same normalized title/year and pairwise author overlap >= 0.75,"Generated from local title, year, author, venue, DOI, and provenance fields."
MR-0167,R-800f0078db085fa8;R-b45d07dde7e4b0a8,merge_all_author_match,R-800f0078db085fa8+R-b45d07dde7e4b0a8,2,1,R-800f0078db085fa8:R-b45d07dde7e4b0a8=1.000,same normalized title/year and pairwise author overlap >= 0.75,"Generated from local title, year, author, venue, DOI, and provenance fields."
MR-0168,R-37bb530f2adcc79d;R-c73fc4ef91a4778f,merge_all_author_match,R-37bb530f2adcc79d+R-c73fc4ef91a4778f,2,1,R-37bb530f2adcc79d:R-c73fc4ef91a4778f=1.333,same normalized title/year and pairwise author overlap >= 0.75,"Generated from local title, year, author, venue, DOI, and provenance fields."
MR-0169,R-ab23db14062ea40c;R-dee4f4b95666cd5b,merge_all_author_match,R-ab23db14062ea40c+R-dee4f4b95666cd5b,2,1,R-ab23db14062ea40c:R-dee4f4b95666cd5b=0.750,same normalized title/year and pairwise author overlap >= 0.75,"Generated from local title, year, author, venue, DOI, and provenance fields."
MR-0170,R-6593179dfabe36dd;R-e9f12fec9ffcf8ac,merge_all_author_match,R-6593179dfabe36dd+R-e9f12fec9ffcf8ac,2,1,R-6593179dfabe36dd:R-e9f12fec9ffcf8ac=1.000,same normalized title/year and pairwise author overlap >= 0.75,"Generated from local title, year, author, venue, DOI, and provenance fields."
MR-0171,R-1516583abf2fc753;R-393ebb9b56294728;R-3f2b2cbfaa6392b2,merge_all_author_match,R-1516583abf2fc753+R-393ebb9b56294728+R-3f2b2cbfaa6392b2,3,1,R-1516583abf2fc753:R-393ebb9b56294728=1.000;R-1516583abf2fc753:R-3f2b2cbfaa6392b2=1.000;R-393ebb9b56294728:R-3f2b2cbfaa6392b2=1.250,same normalized title/year and pairwise author overlap >= 0.75,"Generated from local title, year, author, venue, DOI, and provenance fields."
MR-0172,R-6a47bad4893a7518;R-83a451a5e07e7c80,merge_all_author_match,R-6a47bad4893a7518+R-83a451a5e07e7c80,2,1,R-6a47bad4893a7518:R-83a451a5e07e7c80=1.000,same normalized title/year and pairwise author overlap >= 0.75,"Generated from local title, year, author, venue, DOI, and provenance fields."
MR-0173,R-7902deecab488392;R-c303b7590587b409,merge_all_author_match,R-7902deecab488392+R-c303b7590587b409,2,1,R-7902deecab488392:R-c303b7590587b409=1.000,same normalized title/year and pairwise author overlap >= 0.75,"Generated from local title, year, author, venue, DOI, and provenance fields."
MR-0174,R-3dc9f14499adbf3a;R-4e7e19b6f3aff269,merge_all_author_match,R-3dc9f14499adbf3a+R-4e7e19b6f3aff269,2,1,R-3dc9f14499adbf3a:R-4e7e19b6f3aff269=1.000,same normalized title/year and pairwise author overlap >= 0.75,"Generated from local title, year, author, venue, DOI, and provenance fields."
MR-0175,R-13449f28f5b9f752;R-5290bb5ed7529b78;R-e347cf56bcf717c4,merge_all_author_match,R-13449f28f5b9f752+R-5290bb5ed7529b78+R-e347cf56bcf717c4,3,1,R-13449f28f5b9f752:R-5290bb5ed7529b78=1.000;R-13449f28f5b9f752:R-e347cf56bcf717c4=1.000;R-5290bb5ed7529b78:R-e347cf56bcf717c4=1.000,same normalized title/year and pairwise author overlap >= 0.75,"Generated from local title, year, author, venue, DOI, and provenance fields."
MR-0176,R-26d502d4832ae826;R-55cc2c41c9d8727f,merge_all_author_match,R-26d502d4832ae826+R-55cc2c41c9d8727f,2,1,R-26d502d4832ae826:R-55cc2c41c9d8727f=1.000,same normalized title/year and pairwise author overlap >= 0.75,"Generated from local title, year, author, venue, DOI, and provenance fields."
MR-0177,R-3d718039baac7c41;R-bd63f2149477b437;R-d1c33c8aef9aeaed,merge_all_author_match,R-3d718039baac7c41+R-bd63f2149477b437+R-d1c33c8aef9aeaed,3,1,R-3d718039baac7c41:R-bd63f2149477b437=1.000;R-3d718039baac7c41:R-d1c33c8aef9aeaed=1.000;R-bd63f2149477b437:R-d1c33c8aef9aeaed=1.000,same normalized title/year and pairwise author overlap >= 0.75,"Generated from local title, year, author, venue, DOI, and provenance fields."
MR-0178,R-503d1ae30530df5b;R-c61384ea5d7adfe9,merge_all_author_match,R-503d1ae30530df5b+R-c61384ea5d7adfe9,2,1,R-503d1ae30530df5b:R-c61384ea5d7adfe9=1.000,same normalized title/year and pairwise author overlap >= 0.75,"Generated from local title, year, author, venue, DOI, and provenance fields."
MR-0179,R-3361f2fad0ec2984;R-87b357c84c2045e5,merge_all_author_match,R-3361f2fad0ec2984+R-87b357c84c2045e5,2,1,R-3361f2fad0ec2984:R-87b357c84c2045e5=1.000,same normalized title/year and pairwise author overlap >= 0.75,"Generated from local title, year, author, venue, DOI, and provenance fields."
MR-0180,R-b3c92e2f62e3c714;R-dce8d696ccf51061,merge_all_author_match,R-b3c92e2f62e3c714+R-dce8d696ccf51061,2,1,R-b3c92e2f62e3c714:R-dce8d696ccf51061=1.000,same normalized title/year and pairwise author overlap >= 0.75,"Generated from local title, year, author, venue, DOI, and provenance fields."
MR-0181,R-3a2165dd092c6602;R-70ac569e0051da71;R-d25bdfeebad7e89a,merge_all_author_match,R-3a2165dd092c6602+R-70ac569e0051da71+R-d25bdfeebad7e89a,3,1,R-3a2165dd092c6602:R-70ac569e0051da71=1.000;R-3a2165dd092c6602:R-d25bdfeebad7e89a=1.000;R-70ac569e0051da71:R-d25bdfeebad7e89a=1.000,same normalized title/year and pairwise author overlap >= 0.75,"Generated from local title, year, author, venue, DOI, and provenance fields."
MR-0182,R-23e6b43622cb5a26;R-617b06a2883a1d2a,merge_all_author_match,R-23e6b43622cb5a26+R-617b06a2883a1d2a,2,1,R-23e6b43622cb5a26:R-617b06a2883a1d2a=1.000,same normalized title/year and pairwise author overlap >= 0.75,"Generated from local title, year, author, venue, DOI, and provenance fields."
MR-0183,R-017bdee391cb14ef;R-3cf4901f6286b92e;R-417477475df96c06,merge_all_author_match,R-017bdee391cb14ef+R-3cf4901f6286b92e+R-417477475df96c06,3,1,R-017bdee391cb14ef:R-3cf4901f6286b92e=1.000;R-017bdee391cb14ef:R-417477475df96c06=1.000;R-3cf4901f6286b92e:R-417477475df96c06=1.000,same normalized title/year and pairwise author overlap >= 0.75,"Generated from local title, year, author, venue, DOI, and provenance fields."
MR-0184,R-26b79a95c5bc2f5b;R-b36a17405ec20dd7,merge_all_author_match,R-26b79a95c5bc2f5b+R-b36a17405ec20dd7,2,1,R-26b79a95c5bc2f5b:R-b36a17405ec20dd7=1.000,same normalized title/year and pairwise author overlap >= 0.75,"Generated from local title, year, author, venue, DOI, and provenance fields."
MR-0185,R-0c8206f7ed6d6a38;R-7f3cd6f00ccc2751,merge_all_author_match,R-0c8206f7ed6d6a38+R-7f3cd6f00ccc2751,2,1,R-0c8206f7ed6d6a38:R-7f3cd6f00ccc2751=1.000,same normalized title/year and pairwise author overlap >= 0.75,"Generated from local title, year, author, venue, DOI, and provenance fields."
MR-0186,R-48f9594cbdec88ab;R-ef34003c9d191895,merge_all_author_match,R-48f9594cbdec88ab+R-ef34003c9d191895,2,1,R-48f9594cbdec88ab:R-ef34003c9d191895=1.000,same normalized title/year and pairwise author overlap >= 0.75,"Generated from local title, year, author, venue, DOI, and provenance fields."
MR-0187,R-13bf514ca179c8bc;R-d890fb67fb4100da,merge_all_author_match,R-13bf514ca179c8bc+R-d890fb67fb4100da,2,1,R-13bf514ca179c8bc:R-d890fb67fb4100da=1.000,same normalized title/year and pairwise author overlap >= 0.75,"Generated from local title, year, author, venue, DOI, and provenance fields."
MR-0188,R-6f00a441f921fca8;R-764203d82d80ddfc,merge_all_author_match,R-6f00a441f921fca8+R-764203d82d80ddfc,2,1,R-6f00a441f921fca8:R-764203d82d80ddfc=1.000,same normalized title/year and pairwise author overlap >= 0.75,"Generated from local title, year, author, venue, DOI, and provenance fields."
MR-0189,R-141b3760d056f2bb;R-35ab501dff2a98ab,merge_all_author_match,R-141b3760d056f2bb+R-35ab501dff2a98ab,2,1,R-141b3760d056f2bb:R-35ab501dff2a98ab=1.000,same normalized title/year and pairwise author overlap >= 0.75,"Generated from local title, year, author, venue, DOI, and provenance fields."
MR-0190,R-2425baf9825ac693;R-ab7cccdaadc671f0,merge_all_author_match,R-2425baf9825ac693+R-ab7cccdaadc671f0,2,1,R-2425baf9825ac693:R-ab7cccdaadc671f0=1.000,same normalized title/year and pairwise author overlap >= 0.75,"Generated from local title, year, author, venue, DOI, and provenance fields."
MR-0191,R-6057978a1420966b;R-882cef96ef28d746,merge_all_author_match,R-6057978a1420966b+R-882cef96ef28d746,2,1,R-6057978a1420966b:R-882cef96ef28d746=1.000,same normalized title/year and pairwise author overlap >= 0.75,"Generated from local title, year, author, venue, DOI, and provenance fields."
MR-0192,R-17739b664b14f9e2;R-4ca837f184fe4aeb,merge_all_author_match,R-17739b664b14f9e2+R-4ca837f184fe4aeb,2,1,R-17739b664b14f9e2:R-4ca837f184fe4aeb=1.000,same normalized title/year and pairwise author overlap >= 0.75,"Generated from local title, year, author, venue, DOI, and provenance fields."
MR-0193,R-bad5d4362e9b1f50;R-c590695eb782484b,merge_all_author_match,R-bad5d4362e9b1f50+R-c590695eb782484b,2,1,R-bad5d4362e9b1f50:R-c590695eb782484b=1.000,same normalized title/year and pairwise author overlap >= 0.75,"Generated from local title, year, author, venue, DOI, and provenance fields."
MR-0194,R-68f20727176d5d2e;R-d2d6d9788b3a833c,merge_all_author_match,R-68f20727176d5d2e+R-d2d6d9788b3a833c,2,1,R-68f20727176d5d2e:R-d2d6d9788b3a833c=1.000,same normalized title/year and pairwise author overlap >= 0.75,"Generated from local title, year, author, venue, DOI, and provenance fields."
MR-0195,R-614e92418c781fdf;R-eba0be11eee6d5e2,merge_all_author_match,R-614e92418c781fdf+R-eba0be11eee6d5e2,2,1,R-614e92418c781fdf:R-eba0be11eee6d5e2=1.000,same normalized title/year and pairwise author overlap >= 0.75,"Generated from local title, year, author, venue, DOI, and provenance fields."
MR-0196,R-5420a87a66a99564;R-67a9034acfc8c806,merge_all_author_match,R-5420a87a66a99564+R-67a9034acfc8c806,2,1,R-5420a87a66a99564:R-67a9034acfc8c806=1.000,same normalized title/year and pairwise author overlap >= 0.75,"Generated from local title, year, author, venue, DOI, and provenance fields."
MR-0197,R-576f21fa7a8d159a;R-7408c2636615529b;R-7784bdc7b52300e9,merge_all_author_match,R-576f21fa7a8d159a+R-7408c2636615529b+R-7784bdc7b52300e9,3,1,R-576f21fa7a8d159a:R-7408c2636615529b=1.000;R-576f21fa7a8d159a:R-7784bdc7b52300e9=1.000;R-7408c2636615529b:R-7784bdc7b52300e9=1.000,same normalized title/year and pairwise author overlap >= 0.75,"Generated from local title, year, author, venue, DOI, and provenance fields."
MR-0198,R-c28ed9fcf2ac857a;R-eed01dbc8a3f1a1f,merge_all_author_match,R-c28ed9fcf2ac857a+R-eed01dbc8a3f1a1f,2,1,R-c28ed9fcf2ac857a:R-eed01dbc8a3f1a1f=1.000,same normalized title/year and pairwise author overlap >= 0.75,"Generated from local title, year, author, venue, DOI, and provenance fields."
MR-0199,R-47382317ac38fc00;R-d83ac9c06cec5e76,merge_all_author_match,R-47382317ac38fc00+R-d83ac9c06cec5e76,2,1,R-47382317ac38fc00:R-d83ac9c06cec5e76=1.000,same normalized title/year and pairwise author overlap >= 0.75,"Generated from local title, year, author, venue, DOI, and provenance fields."
MR-0200,R-19f77320dec71153;R-c8540def5571e1e0,merge_all_author_match,R-19f77320dec71153+R-c8540def5571e1e0,2,1,R-19f77320dec71153:R-c8540def5571e1e0=1.000,same normalized title/year and pairwise author overlap >= 0.75,"Generated from local title, year, author, venue, DOI, and provenance fields."
MR-0201,R-c41451cbf0f9a701;R-e535a2279fcfce90,merge_all_author_match,R-c41451cbf0f9a701+R-e535a2279fcfce90,2,1,R-c41451cbf0f9a701:R-e535a2279fcfce90=1.000,same normalized title/year and pairwise author overlap >= 0.75,"Generated from local title, year, author, venue, DOI, and provenance fields."
MR-0202,R-3ea85f4757667c52;R-b9f86df24302c467,merge_all_author_match,R-3ea85f4757667c52+R-b9f86df24302c467,2,1,R-3ea85f4757667c52:R-b9f86df24302c467=1.000,same normalized title/year and pairwise author overlap >= 0.75,"Generated from local title, year, author, venue, DOI, and provenance fields."
MR-0203,R-b3277ef2b71fbe18;R-b94385404601b366,merge_all_author_match,R-b3277ef2b71fbe18+R-b94385404601b366,2,1,R-b3277ef2b71fbe18:R-b94385404601b366=1.000,same normalized title/year and pairwise author overlap >= 0.75,"Generated from local title, year, author, venue, DOI, and provenance fields."
MR-0204,R-05169ffb04d1a267;R-d9ab5c3a9f103614,merge_all_author_match,R-05169ffb04d1a267+R-d9ab5c3a9f103614,2,1,R-05169ffb04d1a267:R-d9ab5c3a9f103614=1.000,same normalized title/year and pairwise author overlap >= 0.75,"Generated from local title, year, author, venue, DOI, and provenance fields."
MR-0205,R-098fe1eeb8b67f35;R-5974ecaa9a6a36be,merge_all_author_match,R-098fe1eeb8b67f35+R-5974ecaa9a6a36be,2,1,R-098fe1eeb8b67f35:R-5974ecaa9a6a36be=1.000,same normalized title/year and pairwise author overlap >= 0.75,"Generated from local title, year, author, venue, DOI, and provenance fields."
MR-0206,R-8ebb2aeb1b757422;R-feeb7b1576702ab0,merge_all_author_match,R-8ebb2aeb1b757422+R-feeb7b1576702ab0,2,1,R-8ebb2aeb1b757422:R-feeb7b1576702ab0=1.000,same normalized title/year and pairwise author overlap >= 0.75,"Generated from local title, year, author, venue, DOI, and provenance fields."
MR-0207,R-3ba2ce994b63cb8f;R-77179695633cf619,merge_all_author_match,R-3ba2ce994b63cb8f+R-77179695633cf619,2,1,R-3ba2ce994b63cb8f:R-77179695633cf619=1.000,same normalized title/year and pairwise author overlap >= 0.75,"Generated from local title, year, author, venue, DOI, and provenance fields."
MR-0208,R-c05ab2b6c52639da;R-e83032a4367fcc9a,merge_all_author_match,R-c05ab2b6c52639da+R-e83032a4367fcc9a,2,1,R-c05ab2b6c52639da:R-e83032a4367fcc9a=1.000,same normalized title/year and pairwise author overlap >= 0.75,"Generated from local title, year, author, venue, DOI, and provenance fields."
MR-0209,R-20d39add76267ad3;R-52e68897577990b3,merge_all_author_match,R-20d39add76267ad3+R-52e68897577990b3,2,1,R-20d39add76267ad3:R-52e68897577990b3=1.000,same normalized title/year and pairwise author overlap >= 0.75,"Generated from local title, year, author, venue, DOI, and provenance fields."
MR-0210,R-7824506554523686;R-80571e0a52ba74d9;R-8540dbf66f279195,merge_all_author_match,R-7824506554523686+R-80571e0a52ba74d9+R-8540dbf66f279195,3,1,R-7824506554523686:R-80571e0a52ba74d9=1.000;R-7824506554523686:R-8540dbf66f279195=1.000;R-80571e0a52ba74d9:R-8540dbf66f279195=1.000,same normalized title/year and pairwise author overlap >= 0.75,"Generated from local title, year, author, venue, DOI, and provenance fields."
MR-0211,R-8e202e65bb3f1907;R-c4f7c858cba64d0e,merge_all_author_match,R-8e202e65bb3f1907+R-c4f7c858cba64d0e,2,1,R-8e202e65bb3f1907:R-c4f7c858cba64d0e=1.000,same normalized title/year and pairwise author overlap >= 0.75,"Generated from local title, year, author, venue, DOI, and provenance fields."
MR-0212,R-08916f6e16330de3;R-e94e68e513014f72,merge_all_author_match,R-08916f6e16330de3+R-e94e68e513014f72,2,1,R-08916f6e16330de3:R-e94e68e513014f72=0.750,same normalized title/year and pairwise author overlap >= 0.75,"Generated from local title, year, author, venue, DOI, and provenance fields."
MR-0213,R-6c3889d73cdb0d51;R-be31431c4d34d607,merge_all_author_match,R-6c3889d73cdb0d51+R-be31431c4d34d607,2,1,R-6c3889d73cdb0d51:R-be31431c4d34d607=1.000,same normalized title/year and pairwise author overlap >= 0.75,"Generated from local title, year, author, venue, DOI, and provenance fields."
MR-0214,R-5ed6b46b417a49c8;R-883829a8548d5c52,merge_all_author_match,R-5ed6b46b417a49c8+R-883829a8548d5c52,2,1,R-5ed6b46b417a49c8:R-883829a8548d5c52=1.000,same normalized title/year and pairwise author overlap >= 0.75,"Generated from local title, year, author, venue, DOI, and provenance fields."
MR-0215,R-20fc20312217a99d;R-5cadb14f13992b66;R-b3913bbe27fb3e83;R-f4e24a75cdd2d0d8,merge_all_author_match,R-20fc20312217a99d+R-5cadb14f13992b66+R-b3913bbe27fb3e83+R-f4e24a75cdd2d0d8,4,1,R-20fc20312217a99d:R-5cadb14f13992b66=1.000;R-20fc20312217a99d:R-b3913bbe27fb3e83=1.000;R-20fc20312217a99d:R-f4e24a75cdd2d0d8=1.000;R-5cadb14f13992b66:R-b3913bbe27fb3e83=1.000;R-5cadb14f13992b66:R-f4e24a75cdd2d0d8=1.000;R-b3913bbe27fb3e83:R-f4e24a75cdd2d0d8=1.000,same normalized title/year and pairwise author overlap >= 0.75,"Generated from local title, year, author, venue, DOI, and provenance fields."
MR-0216,R-4c2c9d0e87287f91;R-9ba9a60ff41142be,merge_all_author_match,R-4c2c9d0e87287f91+R-9ba9a60ff41142be,2,1,R-4c2c9d0e87287f91:R-9ba9a60ff41142be=1.000,same normalized title/year and pairwise author overlap >= 0.75,"Generated from local title, year, author, venue, DOI, and provenance fields."
MR-0217,R-4332c3a16f389918;R-e798f5828722c5ab,merge_all_author_match,R-4332c3a16f389918+R-e798f5828722c5ab,2,1,R-4332c3a16f389918:R-e798f5828722c5ab=1.000,same normalized title/year and pairwise author overlap >= 0.75,"Generated from local title, year, author, venue, DOI, and provenance fields."
MR-0218,R-288ba0b9830203b1;R-4b93ebb80c05c543,merge_all_author_match,R-288ba0b9830203b1+R-4b93ebb80c05c543,2,1,R-288ba0b9830203b1:R-4b93ebb80c05c543=0.750,same normalized title/year and pairwise author overlap >= 0.75,"Generated from local title, year, author, venue, DOI, and provenance fields."
MR-0219,R-6558247de5c17da8;R-754fa29d19d24eb1;R-fc797a98de945e12,merge_all_author_match,R-6558247de5c17da8+R-754fa29d19d24eb1+R-fc797a98de945e12,3,1,R-6558247de5c17da8:R-754fa29d19d24eb1=1.000;R-6558247de5c17da8:R-fc797a98de945e12=1.000;R-754fa29d19d24eb1:R-fc797a98de945e12=1.000,same normalized title/year and pairwise author overlap >= 0.75,"Generated from local title, year, author, venue, DOI, and provenance fields."
MR-0220,R-ab6fa6a7ab0f1eab;R-b4645b7f7e20d54e,merge_all_author_match,R-ab6fa6a7ab0f1eab+R-b4645b7f7e20d54e,2,1,R-ab6fa6a7ab0f1eab:R-b4645b7f7e20d54e=1.000,same normalized title/year and pairwise author overlap >= 0.75,"Generated from local title, year, author, venue, DOI, and provenance fields."
MR-0221,R-250f07603a72c388;R-ceb25a15dc23ad21,merge_all_author_match,R-250f07603a72c388+R-ceb25a15dc23ad21,2,1,R-250f07603a72c388:R-ceb25a15dc23ad21=1.000,same normalized title/year and pairwise author overlap >= 0.75,"Generated from local title, year, author, venue, DOI, and provenance fields."
MR-0222,R-4722ff25f6e5cce9;R-7a0ac68b2fc5239f,merge_all_author_match,R-4722ff25f6e5cce9+R-7a0ac68b2fc5239f,2,1,R-4722ff25f6e5cce9:R-7a0ac68b2fc5239f=1.000,same normalized title/year and pairwise author overlap >= 0.75,"Generated from local title, year, author, venue, DOI, and provenance fields."
MR-0223,R-83bcf67f005caf29;R-f2443a6d64b57718,merge_all_author_match,R-83bcf67f005caf29+R-f2443a6d64b57718,2,1,R-83bcf67f005caf29:R-f2443a6d64b57718=1.000,same normalized title/year and pairwise author overlap >= 0.75,"Generated from local title, year, author, venue, DOI, and provenance fields."
MR-0224,R-9a84b234796156ab;R-babf8cf5fe28cba5,merge_all_author_match,R-9a84b234796156ab+R-babf8cf5fe28cba5,2,1,R-9a84b234796156ab:R-babf8cf5fe28cba5=1.000,same normalized title/year and pairwise author overlap >= 0.75,"Generated from local title, year, author, venue, DOI, and provenance fields."
MR-0225,R-02b916ebbcd4fb5e;R-305e11f412fcebe9,merge_all_author_match,R-02b916ebbcd4fb5e+R-305e11f412fcebe9,2,1,R-02b916ebbcd4fb5e:R-305e11f412fcebe9=1.000,same normalized title/year and pairwise author overlap >= 0.75,"Generated from local title, year, author, venue, DOI, and provenance fields."
MR-0226,R-bacef307625a6b2b;R-ea351bcabb806409,merge_all_author_match,R-bacef307625a6b2b+R-ea351bcabb806409,2,1,R-bacef307625a6b2b:R-ea351bcabb806409=1.000,same normalized title/year and pairwise author overlap >= 0.75,"Generated from local title, year, author, venue, DOI, and provenance fields."
MR-0227,R-06df5550f264bfaf;R-4872e2233d54dbbe,merge_all_author_match,R-06df5550f264bfaf+R-4872e2233d54dbbe,2,1,R-06df5550f264bfaf:R-4872e2233d54dbbe=1.000,same normalized title/year and pairwise author overlap >= 0.75,"Generated from local title, year, author, venue, DOI, and provenance fields."
MR-0228,R-1ec354d317a4c901;R-50856a71f7154ba1,merge_all_author_match,R-1ec354d317a4c901+R-50856a71f7154ba1,2,1,R-1ec354d317a4c901:R-50856a71f7154ba1=1.000,same normalized title/year and pairwise author overlap >= 0.75,"Generated from local title, year, author, venue, DOI, and provenance fields."
MR-0229,R-cd4066d7223925fa;R-cf379a8a881ad5a8,merge_all_author_match,R-cd4066d7223925fa+R-cf379a8a881ad5a8,2,1,R-cd4066d7223925fa:R-cf379a8a881ad5a8=1.000,same normalized title/year and pairwise author overlap >= 0.75,"Generated from local title, year, author, venue, DOI, and provenance fields."
MR-0230,R-4047b9657180d10c;R-ce25cd5ca64ec7f7,merge_all_author_match,R-4047b9657180d10c+R-ce25cd5ca64ec7f7,2,1,R-4047b9657180d10c:R-ce25cd5ca64ec7f7=1.000,same normalized title/year and pairwise author overlap >= 0.75,"Generated from local title, year, author, venue, DOI, and provenance fields."
MR-0231,R-164697d41c0c40e0;R-a7d2708f53a9b13d,merge_all_author_match,R-164697d41c0c40e0+R-a7d2708f53a9b13d,2,1,R-164697d41c0c40e0:R-a7d2708f53a9b13d=1.000,same normalized title/year and pairwise author overlap >= 0.75,"Generated from local title, year, author, venue, DOI, and provenance fields."
MR-0232,R-186ecf9b42c3e5fc;R-9029717b9b85a2ff,merge_all_author_match,R-186ecf9b42c3e5fc+R-9029717b9b85a2ff,2,1,R-186ecf9b42c3e5fc:R-9029717b9b85a2ff=1.000,same normalized title/year and pairwise author overlap >= 0.75,"Generated from local title, year, author, venue, DOI, and provenance fields."
MR-0233,R-0042e22f52103e6d;R-3759f31a701332a0,merge_all_author_match,R-0042e22f52103e6d+R-3759f31a701332a0,2,1,R-0042e22f52103e6d:R-3759f31a701332a0=1.000,same normalized title/year and pairwise author overlap >= 0.75,"Generated from local title, year, author, venue, DOI, and provenance fields."
MR-0234,R-6055e61009fdc78b;R-f673689eb38b4471,merge_all_author_match,R-6055e61009fdc78b+R-f673689eb38b4471,2,1,R-6055e61009fdc78b:R-f673689eb38b4471=1.000,same normalized title/year and pairwise author overlap >= 0.75,"Generated from local title, year, author, venue, DOI, and provenance fields."
MR-0235,R-df585160ade99d7d;R-e05f152e2b71e11e,merge_all_author_match,R-df585160ade99d7d+R-e05f152e2b71e11e,2,1,R-df585160ade99d7d:R-e05f152e2b71e11e=1.000,same normalized title/year and pairwise author overlap >= 0.75,"Generated from local title, year, author, venue, DOI, and provenance fields."
MR-0236,R-09b15003e9432a0f;R-b79f3f7071d7e8d6,merge_all_author_match,R-09b15003e9432a0f+R-b79f3f7071d7e8d6,2,1,R-09b15003e9432a0f:R-b79f3f7071d7e8d6=1.000,same normalized title/year and pairwise author overlap >= 0.75,"Generated from local title, year, author, venue, DOI, and provenance fields."
MR-0237,R-8ce1723c9f2b0cea;R-f074da0fc75e5f3c,keep_separate_conservative,R-8ce1723c9f2b0cea | R-f074da0fc75e5f3c,2,0,R-8ce1723c9f2b0cea:R-f074da0fc75e5f3c=0.000,author or publication metadata differs below the merge threshold,"Generated from local title, year, author, venue, DOI, and provenance fields."
MR-0238,R-34f8f782342949a7;R-74dffdcdbc466f86;R-fc41e36f0fd215cc,merge_all_author_match,R-34f8f782342949a7+R-74dffdcdbc466f86+R-fc41e36f0fd215cc,3,1,R-34f8f782342949a7:R-74dffdcdbc466f86=1.000;R-34f8f782342949a7:R-fc41e36f0fd215cc=1.000;R-74dffdcdbc466f86:R-fc41e36f0fd215cc=1.000,same normalized title/year and pairwise author overlap >= 0.75,"Generated from local title, year, author, venue, DOI, and provenance fields."
MR-0239,R-222d7f1fbc4531f6;R-728751672dbd6ec2,merge_all_author_match,R-222d7f1fbc4531f6+R-728751672dbd6ec2,2,1,R-222d7f1fbc4531f6:R-728751672dbd6ec2=1.000,same normalized title/year and pairwise author overlap >= 0.75,"Generated from local title, year, author, venue, DOI, and provenance fields."
MR-0240,R-2b8dc0932567e17c;R-3677c5cbd1e1a6ab;R-801051a52a2bd583;R-e034b8cceacef78d,merge_all_author_match,R-2b8dc0932567e17c+R-3677c5cbd1e1a6ab+R-801051a52a2bd583+R-e034b8cceacef78d,4,1,R-2b8dc0932567e17c:R-3677c5cbd1e1a6ab=1.000;R-2b8dc0932567e17c:R-801051a52a2bd583=1.000;R-2b8dc0932567e17c:R-e034b8cceacef78d=0.750;R-3677c5cbd1e1a6ab:R-801051a52a2bd583=1.000;R-3677c5cbd1e1a6ab:R-e034b8cceacef78d=0.750;R-801051a52a2bd583:R-e034b8cceacef78d=0.750,same normalized title/year and pairwise author overlap >= 0.75,"Generated from local title, year, author, venue, DOI, and provenance fields."
MR-0241,R-a5c139a7b56f01f6;R-d442733c0d09f7fc,merge_all_author_match,R-a5c139a7b56f01f6+R-d442733c0d09f7fc,2,1,R-a5c139a7b56f01f6:R-d442733c0d09f7fc=1.000,same normalized title/year and pairwise author overlap >= 0.75,"Generated from local title, year, author, venue, DOI, and provenance fields."
MR-0242,R-9454f509f6a2f3b4;R-ffca06a4fe765532,merge_all_author_match,R-9454f509f6a2f3b4+R-ffca06a4fe765532,2,1,R-9454f509f6a2f3b4:R-ffca06a4fe765532=1.000,same normalized title/year and pairwise author overlap >= 0.75,"Generated from local title, year, author, venue, DOI, and provenance fields."
MR-0243,R-756debb860b96c15;R-dc7accc6892e48a3,merge_all_author_match,R-756debb860b96c15+R-dc7accc6892e48a3,2,1,R-756debb860b96c15:R-dc7accc6892e48a3=1.000,same normalized title/year and pairwise author overlap >= 0.75,"Generated from local title, year, author, venue, DOI, and provenance fields."
MR-0244,R-a1cc4c70b1b8e4e9;R-b0c9a28824ea568d,merge_all_author_match,R-a1cc4c70b1b8e4e9+R-b0c9a28824ea568d,2,1,R-a1cc4c70b1b8e4e9:R-b0c9a28824ea568d=1.000,same normalized title/year and pairwise author overlap >= 0.75,"Generated from local title, year, author, venue, DOI, and provenance fields."
MR-0245,R-5b814dca5e113d3c;R-71c3c41f6c651631,merge_all_author_match,R-5b814dca5e113d3c+R-71c3c41f6c651631,2,1,R-5b814dca5e113d3c:R-71c3c41f6c651631=1.000,same normalized title/year and pairwise author overlap >= 0.75,"Generated from local title, year, author, venue, DOI, and provenance fields."
MR-0246,R-3cb893f7e9275ae0;R-c2226ac985c92672,merge_all_author_match,R-3cb893f7e9275ae0+R-c2226ac985c92672,2,1,R-3cb893f7e9275ae0:R-c2226ac985c92672=1.000,same normalized title/year and pairwise author overlap >= 0.75,"Generated from local title, year, author, venue, DOI, and provenance fields."
MR-0247,R-0cd9e1bee88d1d2c;R-dccd7b75fe8a052c,merge_all_author_match,R-0cd9e1bee88d1d2c+R-dccd7b75fe8a052c,2,1,R-0cd9e1bee88d1d2c:R-dccd7b75fe8a052c=1.000,same normalized title/year and pairwise author overlap >= 0.75,"Generated from local title, year, author, venue, DOI, and provenance fields."
MR-0248,R-2b06daf048baebef;R-b8a2051c0ebbb3ab,merge_all_author_match,R-2b06daf048baebef+R-b8a2051c0ebbb3ab,2,1,R-2b06daf048baebef:R-b8a2051c0ebbb3ab=1.000,same normalized title/year and pairwise author overlap >= 0.75,"Generated from local title, year, author, venue, DOI, and provenance fields."
MR-0249,R-228b2247ac8fef21;R-c939d4d9f5c9d198,merge_all_author_match,R-228b2247ac8fef21+R-c939d4d9f5c9d198,2,1,R-228b2247ac8fef21:R-c939d4d9f5c9d198=1.000,same normalized title/year and pairwise author overlap >= 0.75,"Generated from local title, year, author, venue, DOI, and provenance fields."
MR-0250,R-52df23ada18f1e11;R-d6e070f2b5fb0bb3,merge_all_author_match,R-52df23ada18f1e11+R-d6e070f2b5fb0bb3,2,1,R-52df23ada18f1e11:R-d6e070f2b5fb0bb3=1.000,same normalized title/year and pairwise author overlap >= 0.75,"Generated from local title, year, author, venue, DOI, and provenance fields."
MR-0251,R-4a518109884912a8;R-8974f4945620823c,merge_all_author_match,R-4a518109884912a8+R-8974f4945620823c,2,1,R-4a518109884912a8:R-8974f4945620823c=1.000,same normalized title/year and pairwise author overlap >= 0.75,"Generated from local title, year, author, venue, DOI, and provenance fields."
MR-0252,R-150580f16921c406;R-f5b5a74e6eeef758,merge_all_author_match,R-150580f16921c406+R-f5b5a74e6eeef758,2,1,R-150580f16921c406:R-f5b5a74e6eeef758=1.000,same normalized title/year and pairwise author overlap >= 0.75,"Generated from local title, year, author, venue, DOI, and provenance fields."
MR-0253,R-1920ff8200eb7ea4;R-93ed0817b9ad1160,merge_all_author_match,R-1920ff8200eb7ea4+R-93ed0817b9ad1160,2,1,R-1920ff8200eb7ea4:R-93ed0817b9ad1160=1.250,same normalized title/year and pairwise author overlap >= 0.75,"Generated from local title, year, author, venue, DOI, and provenance fields."
MR-0254,R-10de156a036bc756;R-12559c937a96dd2d,merge_all_author_match,R-10de156a036bc756+R-12559c937a96dd2d,2,1,R-10de156a036bc756:R-12559c937a96dd2d=1.000,same normalized title/year and pairwise author overlap >= 0.75,"Generated from local title, year, author, venue, DOI, and provenance fields."
MR-0255,R-0619951c3b4268cf;R-6fe609604197ea51,merge_all_author_match,R-0619951c3b4268cf+R-6fe609604197ea51,2,1,R-0619951c3b4268cf:R-6fe609604197ea51=1.000,same normalized title/year and pairwise author overlap >= 0.75,"Generated from local title, year, author, venue, DOI, and provenance fields."
MR-0256,R-2215051fa0382946;R-45913f60bb1a2bf7,merge_all_author_match,R-2215051fa0382946+R-45913f60bb1a2bf7,2,1,R-2215051fa0382946:R-45913f60bb1a2bf7=1.000,same normalized title/year and pairwise author overlap >= 0.75,"Generated from local title, year, author, venue, DOI, and provenance fields."
MR-0257,R-3e364f878ffbd8a2;R-6f4f3574f409b902;R-b0b92bb73f5743b5,merge_all_author_match,R-3e364f878ffbd8a2+R-6f4f3574f409b902+R-b0b92bb73f5743b5,3,1,R-3e364f878ffbd8a2:R-6f4f3574f409b902=1.000;R-3e364f878ffbd8a2:R-b0b92bb73f5743b5=1.000;R-6f4f3574f409b902:R-b0b92bb73f5743b5=1.000,same normalized title/year and pairwise author overlap >= 0.75,"Generated from local title, year, author, venue, DOI, and provenance fields."
MR-0258,R-0ee686e3468f5bea;R-4324b5a94a2731fb,merge_all_author_match,R-0ee686e3468f5bea+R-4324b5a94a2731fb,2,1,R-0ee686e3468f5bea:R-4324b5a94a2731fb=0.750,same normalized title/year and pairwise author overlap >= 0.75,"Generated from local title, year, author, venue, DOI, and provenance fields."
MR-0259,R-c7758ada4996c002;R-cab73e58b162de50,merge_all_author_match,R-c7758ada4996c002+R-cab73e58b162de50,2,1,R-c7758ada4996c002:R-cab73e58b162de50=1.000,same normalized title/year and pairwise author overlap >= 0.75,"Generated from local title, year, author, venue, DOI, and provenance fields."
MR-0260,R-06e02252a768266b;R-3bf168585e25dd7a,merge_all_author_match,R-06e02252a768266b+R-3bf168585e25dd7a,2,1,R-06e02252a768266b:R-3bf168585e25dd7a=1.000,same normalized title/year and pairwise author overlap >= 0.75,"Generated from local title, year, author, venue, DOI, and provenance fields."
MR-0261,R-61e09b65d47a4159;R-e4b3534a5d011688,merge_all_author_match,R-61e09b65d47a4159+R-e4b3534a5d011688,2,1,R-61e09b65d47a4159:R-e4b3534a5d011688=1.000,same normalized title/year and pairwise author overlap >= 0.75,"Generated from local title, year, author, venue, DOI, and provenance fields."
MR-0262,R-cc93d4eeb2498924;R-de66a4aadfdcac12,merge_all_author_match,R-cc93d4eeb2498924+R-de66a4aadfdcac12,2,1,R-cc93d4eeb2498924:R-de66a4aadfdcac12=1.000,same normalized title/year and pairwise author overlap >= 0.75,"Generated from local title, year, author, venue, DOI, and provenance fields."
MR-0263,R-6f871fc13600c0c8;R-f8aeafd0663e1d10,merge_all_author_match,R-6f871fc13600c0c8+R-f8aeafd0663e1d10,2,1,R-6f871fc13600c0c8:R-f8aeafd0663e1d10=1.000,same normalized title/year and pairwise author overlap >= 0.75,"Generated from local title, year, author, venue, DOI, and provenance fields."
MR-0264,R-564a622e260d41cf;R-ca1f91a0527e5339,merge_all_author_match,R-564a622e260d41cf+R-ca1f91a0527e5339,2,1,R-564a622e260d41cf:R-ca1f91a0527e5339=1.000,same normalized title/year and pairwise author overlap >= 0.75,"Generated from local title, year, author, venue, DOI, and provenance fields."
MR-0265,R-079794ccd28001ef;R-aa33cf1bb0b60f5b,merge_all_author_match,R-079794ccd28001ef+R-aa33cf1bb0b60f5b,2,1,R-079794ccd28001ef:R-aa33cf1bb0b60f5b=1.000,same normalized title/year and pairwise author overlap >= 0.75,"Generated from local title, year, author, venue, DOI, and provenance fields."
MR-0266,R-3a72aa99d97f571c;R-7fc61f2d85545e03,merge_all_author_match,R-3a72aa99d97f571c+R-7fc61f2d85545e03,2,1,R-3a72aa99d97f571c:R-7fc61f2d85545e03=1.000,same normalized title/year and pairwise author overlap >= 0.75,"Generated from local title, year, author, venue, DOI, and provenance fields."
MR-0267,R-33df794aae7c9b52;R-cb2887fc36f65748,merge_all_author_match,R-33df794aae7c9b52+R-cb2887fc36f65748,2,1,R-33df794aae7c9b52:R-cb2887fc36f65748=1.000,same normalized title/year and pairwise author overlap >= 0.75,"Generated from local title, year, author, venue, DOI, and provenance fields."
MR-0268,R-11a14e17084758d1;R-15105116dd1f769d,merge_all_author_match,R-11a14e17084758d1+R-15105116dd1f769d,2,1,R-11a14e17084758d1:R-15105116dd1f769d=1.000,same normalized title/year and pairwise author overlap >= 0.75,"Generated from local title, year, author, venue, DOI, and provenance fields."
MR-0269,R-412493c52aa86b19;R-a812d16e92a0bfcb,merge_all_author_match,R-412493c52aa86b19+R-a812d16e92a0bfcb,2,1,R-412493c52aa86b19:R-a812d16e92a0bfcb=1.000,same normalized title/year and pairwise author overlap >= 0.75,"Generated from local title, year, author, venue, DOI, and provenance fields."
MR-0270,R-69ef507d6837e8c5;R-8064b54151e7c00a,merge_all_author_match,R-69ef507d6837e8c5+R-8064b54151e7c00a,2,1,R-69ef507d6837e8c5:R-8064b54151e7c00a=1.000,same normalized title/year and pairwise author overlap >= 0.75,"Generated from local title, year, author, venue, DOI, and provenance fields."
MR-0271,R-507a516e031d6a01;R-fe6a20a5c1f4faf1,merge_all_author_match,R-507a516e031d6a01+R-fe6a20a5c1f4faf1,2,1,R-507a516e031d6a01:R-fe6a20a5c1f4faf1=1.000,same normalized title/year and pairwise author overlap >= 0.75,"Generated from local title, year, author, venue, DOI, and provenance fields."
MR-0272,R-02503548cc4c4e49;R-fc70a54838476977,merge_all_author_match,R-02503548cc4c4e49+R-fc70a54838476977,2,1,R-02503548cc4c4e49:R-fc70a54838476977=1.000,same normalized title/year and pairwise author overlap >= 0.75,"Generated from local title, year, author, venue, DOI, and provenance fields."
MR-0273,R-10ce540a10b47cc8;R-6e6aebcb50cd9c08,merge_all_author_match,R-10ce540a10b47cc8+R-6e6aebcb50cd9c08,2,1,R-10ce540a10b47cc8:R-6e6aebcb50cd9c08=1.000,same normalized title/year and pairwise author overlap >= 0.75,"Generated from local title, year, author, venue, DOI, and provenance fields."
MR-0274,R-1dacc799dc7793d6;R-7baca719a02e6957,merge_all_author_match,R-1dacc799dc7793d6+R-7baca719a02e6957,2,1,R-1dacc799dc7793d6:R-7baca719a02e6957=1.000,same normalized title/year and pairwise author overlap >= 0.75,"Generated from local title, year, author, venue, DOI, and provenance fields."
MR-0275,R-63e129f652feb629;R-b86a90e055c04bb8,merge_all_author_match,R-63e129f652feb629+R-b86a90e055c04bb8,2,1,R-63e129f652feb629:R-b86a90e055c04bb8=1.000,same normalized title/year and pairwise author overlap >= 0.75,"Generated from local title, year, author, venue, DOI, and provenance fields."
MR-0276,R-abd5c9f640fcee0a;R-ff6a3476abae3706,merge_all_author_match,R-abd5c9f640fcee0a+R-ff6a3476abae3706,2,1,R-abd5c9f640fcee0a:R-ff6a3476abae3706=1.000,same normalized title/year and pairwise author overlap >= 0.75,"Generated from local title, year, author, venue, DOI, and provenance fields."
MR-0277,R-78fbe8f2827609af;R-f48cc95696bfcb34,merge_all_author_match,R-78fbe8f2827609af+R-f48cc95696bfcb34,2,1,R-78fbe8f2827609af:R-f48cc95696bfcb34=1.000,same normalized title/year and pairwise author overlap >= 0.75,"Generated from local title, year, author, venue, DOI, and provenance fields."
MR-0278,R-204afc6c86ce8ab8;R-e9ce559eb6b606d3,merge_all_author_match,R-204afc6c86ce8ab8+R-e9ce559eb6b606d3,2,1,R-204afc6c86ce8ab8:R-e9ce559eb6b606d3=1.000,same normalized title/year and pairwise author overlap >= 0.75,"Generated from local title, year, author, venue, DOI, and provenance fields."
MR-0279,R-06c09968cfbd3f80;R-4845371c036a6eb2;R-52bd499607793c8b,merge_all_author_match,R-06c09968cfbd3f80+R-4845371c036a6eb2+R-52bd499607793c8b,3,1,R-06c09968cfbd3f80:R-4845371c036a6eb2=1.000;R-06c09968cfbd3f80:R-52bd499607793c8b=1.000;R-4845371c036a6eb2:R-52bd499607793c8b=1.000,same normalized title/year and pairwise author overlap >= 0.75,"Generated from local title, year, author, venue, DOI, and provenance fields."
MR-0280,R-307e9f7dc31d45a9;R-abdac300a25ab44a,merge_all_author_match,R-307e9f7dc31d45a9+R-abdac300a25ab44a,2,1,R-307e9f7dc31d45a9:R-abdac300a25ab44a=1.000,same normalized title/year and pairwise author overlap >= 0.75,"Generated from local title, year, author, venue, DOI, and provenance fields."
MR-0281,R-5505e3fb049b3b2d;R-cf42c7ee8094d3ac,merge_all_author_match,R-5505e3fb049b3b2d+R-cf42c7ee8094d3ac,2,1,R-5505e3fb049b3b2d:R-cf42c7ee8094d3ac=1.000,same normalized title/year and pairwise author overlap >= 0.75,"Generated from local title, year, author, venue, DOI, and provenance fields."
MR-0282,R-0b741ef7135c61ff;R-48b30c6c57e11842,merge_all_author_match,R-0b741ef7135c61ff+R-48b30c6c57e11842,2,1,R-0b741ef7135c61ff:R-48b30c6c57e11842=1.000,same normalized title/year and pairwise author overlap >= 0.75,"Generated from local title, year, author, venue, DOI, and provenance fields."
MR-0283,R-83fa5d5f9bd29491;R-fbcaeba943516107,merge_all_author_match,R-83fa5d5f9bd29491+R-fbcaeba943516107,2,1,R-83fa5d5f9bd29491:R-fbcaeba943516107=1.000,same normalized title/year and pairwise author overlap >= 0.75,"Generated from local title, year, author, venue, DOI, and provenance fields."
MR-0284,R-64d88fc694c204b8;R-e27ce9312920a518,merge_all_author_match,R-64d88fc694c204b8+R-e27ce9312920a518,2,1,R-64d88fc694c204b8:R-e27ce9312920a518=1.000,same normalized title/year and pairwise author overlap >= 0.75,"Generated from local title, year, author, venue, DOI, and provenance fields."
MR-0285,R-23a090f29474a87a;R-a2b135312d44892a,merge_all_author_match,R-23a090f29474a87a+R-a2b135312d44892a,2,1,R-23a090f29474a87a:R-a2b135312d44892a=1.000,same normalized title/year and pairwise author overlap >= 0.75,"Generated from local title, year, author, venue, DOI, and provenance fields."
MR-0286,R-1953b4095bcae0ef;R-4ae6e4dc469d6797,merge_all_author_match,R-1953b4095bcae0ef+R-4ae6e4dc469d6797,2,1,R-1953b4095bcae0ef:R-4ae6e4dc469d6797=1.000,same normalized title/year and pairwise author overlap >= 0.75,"Generated from local title, year, author, venue, DOI, and provenance fields."
MR-0287,R-9b6e265eea34f32c;R-cf9e2cc74fae5b1b,merge_all_author_match,R-9b6e265eea34f32c+R-cf9e2cc74fae5b1b,2,1,R-9b6e265eea34f32c:R-cf9e2cc74fae5b1b=1.000,same normalized title/year and pairwise author overlap >= 0.75,"Generated from local title, year, author, venue, DOI, and provenance fields."
MR-0288,R-04915d711d8cd33e;R-ae48eb56a49a6278;R-dc0040d73cd07a3d,merge_all_author_match,R-04915d711d8cd33e+R-ae48eb56a49a6278+R-dc0040d73cd07a3d,3,1,R-04915d711d8cd33e:R-ae48eb56a49a6278=1.000;R-04915d711d8cd33e:R-dc0040d73cd07a3d=1.000;R-ae48eb56a49a6278:R-dc0040d73cd07a3d=1.000,same normalized title/year and pairwise author overlap >= 0.75,"Generated from local title, year, author, venue, DOI, and provenance fields."
MR-0289,R-129d5e839fd7afe9;R-2cd0c1516ab52bd0,merge_all_author_match,R-129d5e839fd7afe9+R-2cd0c1516ab52bd0,2,1,R-129d5e839fd7afe9:R-2cd0c1516ab52bd0=1.000,same normalized title/year and pairwise author overlap >= 0.75,"Generated from local title, year, author, venue, DOI, and provenance fields."
MR-0290,R-81e673908724de31;R-a91a3cf6bcffde80,merge_all_author_match,R-81e673908724de31+R-a91a3cf6bcffde80,2,1,R-81e673908724de31:R-a91a3cf6bcffde80=1.000,same normalized title/year and pairwise author overlap >= 0.75,"Generated from local title, year, author, venue, DOI, and provenance fields."
MR-0291,R-1212f7aafa06e4da;R-9a8def41721150bb;R-a66bf5e0c311c217;R-ca646666a6780c53;R-e9d43800de300ce0,merge_all_author_match,R-1212f7aafa06e4da+R-9a8def41721150bb+R-a66bf5e0c311c217+R-ca646666a6780c53+R-e9d43800de300ce0,5,1,R-1212f7aafa06e4da:R-9a8def41721150bb=1.000;R-1212f7aafa06e4da:R-a66bf5e0c311c217=1.000;R-1212f7aafa06e4da:R-ca646666a6780c53=1.000;R-1212f7aafa06e4da:R-e9d43800de300ce0=1.000;R-9a8def41721150bb:R-a66bf5e0c311c217=1.000;R-9a8def41721150bb:R-ca646666a6780c53=1.000;R-9a8def41721150bb:R-e9d43800de300ce0=1.000;R-a66bf5e0c311c217:R-ca646666a6780c53=1.000;R-a66bf5e0c311c217:R-e9d43800de300ce0=1.000;R-ca646666a6780c53:R-e9d43800de300ce0=1.000,same normalized title/year and pairwise author overlap >= 0.75,"Generated from local title, year, author, venue, DOI, and provenance fields."
MR-0292,R-0de23123b751605c;R-d9c1c0bcbc03e706,merge_all_author_match,R-0de23123b751605c+R-d9c1c0bcbc03e706,2,1,R-0de23123b751605c:R-d9c1c0bcbc03e706=1.000,same normalized title/year and pairwise author overlap >= 0.75,"Generated from local title, year, author, venue, DOI, and provenance fields."
MR-0293,R-6714464c60621ffe;R-ee2da886f53e6a7b,merge_all_author_match,R-6714464c60621ffe+R-ee2da886f53e6a7b,2,1,R-6714464c60621ffe:R-ee2da886f53e6a7b=1.000,same normalized title/year and pairwise author overlap >= 0.75,"Generated from local title, year, author, venue, DOI, and provenance fields."
MR-0294,R-5affbc4eeae8cc27;R-846ed4d92ac08667,merge_all_author_match,R-5affbc4eeae8cc27+R-846ed4d92ac08667,2,1,R-5affbc4eeae8cc27:R-846ed4d92ac08667=1.000,same normalized title/year and pairwise author overlap >= 0.75,"Generated from local title, year, author, venue, DOI, and provenance fields."
MR-0295,R-15bdd49229514e66;R-21a051bbe6c40336,merge_all_author_match,R-15bdd49229514e66+R-21a051bbe6c40336,2,1,R-15bdd49229514e66:R-21a051bbe6c40336=1.000,same normalized title/year and pairwise author overlap >= 0.75,"Generated from local title, year, author, venue, DOI, and provenance fields."
MR-0296,R-cc3620d9a85e241f;R-ffda46fad2041490,merge_all_author_match,R-cc3620d9a85e241f+R-ffda46fad2041490,2,1,R-cc3620d9a85e241f:R-ffda46fad2041490=1.000,same normalized title/year and pairwise author overlap >= 0.75,"Generated from local title, year, author, venue, DOI, and provenance fields."
MR-0297,R-514fe465c7050544;R-64dfdfbfb14bac5f;R-e7218790943a0c22,merge_all_author_match,R-514fe465c7050544+R-64dfdfbfb14bac5f+R-e7218790943a0c22,3,1,R-514fe465c7050544:R-64dfdfbfb14bac5f=1.000;R-514fe465c7050544:R-e7218790943a0c22=1.000;R-64dfdfbfb14bac5f:R-e7218790943a0c22=1.000,same normalized title/year and pairwise author overlap >= 0.75,"Generated from local title, year, author, venue, DOI, and provenance fields."
MR-0298,R-81c966c8f94970c4;R-b4a89378c63cedd9,merge_all_author_match,R-81c966c8f94970c4+R-b4a89378c63cedd9,2,1,R-81c966c8f94970c4:R-b4a89378c63cedd9=1.000,same normalized title/year and pairwise author overlap >= 0.75,"Generated from local title, year, author, venue, DOI, and provenance fields."
MR-0299,R-056d190d266df511;R-1ca7892ae7b5f882;R-35cc24e689713087,merge_all_author_match,R-056d190d266df511+R-1ca7892ae7b5f882+R-35cc24e689713087,3,1,R-056d190d266df511:R-1ca7892ae7b5f882=1.000;R-056d190d266df511:R-35cc24e689713087=1.000;R-1ca7892ae7b5f882:R-35cc24e689713087=1.000,same normalized title/year and pairwise author overlap >= 0.75,"Generated from local title, year, author, venue, DOI, and provenance fields."
MR-0300,R-3377cbdd6d66fa7e;R-da0c1c10ee303495,merge_all_author_match,R-3377cbdd6d66fa7e+R-da0c1c10ee303495,2,1,R-3377cbdd6d66fa7e:R-da0c1c10ee303495=1.000,same normalized title/year and pairwise author overlap >= 0.75,"Generated from local title, year, author, venue, DOI, and provenance fields."
MR-0301,R-07d35d3e54bb6641;R-0ec07eee84a6063e,merge_all_author_match,R-07d35d3e54bb6641+R-0ec07eee84a6063e,2,1,R-07d35d3e54bb6641:R-0ec07eee84a6063e=1.000,same normalized title/year and pairwise author overlap >= 0.75,"Generated from local title, year, author, venue, DOI, and provenance fields."
MR-0302,R-601da20fa50a25dc;R-8244576543d1fa04,merge_all_author_match,R-601da20fa50a25dc+R-8244576543d1fa04,2,1,R-601da20fa50a25dc:R-8244576543d1fa04=1.000,same normalized title/year and pairwise author overlap >= 0.75,"Generated from local title, year, author, venue, DOI, and provenance fields."
MR-0303,R-535fbd0ed4f62091;R-a63a5e48bc4ad24d,merge_all_author_match,R-535fbd0ed4f62091+R-a63a5e48bc4ad24d,2,1,R-535fbd0ed4f62091:R-a63a5e48bc4ad24d=1.000,same normalized title/year and pairwise author overlap >= 0.75,"Generated from local title, year, author, venue, DOI, and provenance fields."
MR-0304,R-7f07c1c2743809ec;R-f07014d33b27f521,merge_all_author_match,R-7f07c1c2743809ec+R-f07014d33b27f521,2,1,R-7f07c1c2743809ec:R-f07014d33b27f521=1.000,same normalized title/year and pairwise author overlap >= 0.75,"Generated from local title, year, author, venue, DOI, and provenance fields."
MR-0305,R-9934fa511e9a3eb7;R-ca7b6898a28496e7,merge_all_author_match,R-9934fa511e9a3eb7+R-ca7b6898a28496e7,2,1,R-9934fa511e9a3eb7:R-ca7b6898a28496e7=1.000,same normalized title/year and pairwise author overlap >= 0.75,"Generated from local title, year, author, venue, DOI, and provenance fields."
MR-0306,R-863711b2860e528d;R-93d353aca5e057c3,merge_all_author_match,R-863711b2860e528d+R-93d353aca5e057c3,2,1,R-863711b2860e528d:R-93d353aca5e057c3=1.000,same normalized title/year and pairwise author overlap >= 0.75,"Generated from local title, year, author, venue, DOI, and provenance fields."
MR-0307,R-021c690eaa28cd80;R-7735e0d8e16772d3,merge_all_author_match,R-021c690eaa28cd80+R-7735e0d8e16772d3,2,1,R-021c690eaa28cd80:R-7735e0d8e16772d3=1.000,same normalized title/year and pairwise author overlap >= 0.75,"Generated from local title, year, author, venue, DOI, and provenance fields."
MR-0308,R-815c7ddc2fb2f3b7;R-b2a21704a9d17ae8,merge_all_author_match,R-815c7ddc2fb2f3b7+R-b2a21704a9d17ae8,2,1,R-815c7ddc2fb2f3b7:R-b2a21704a9d17ae8=1.000,same normalized title/year and pairwise author overlap >= 0.75,"Generated from local title, year, author, venue, DOI, and provenance fields."
MR-0309,R-317172a72616f588;R-5a41d5151bbbaa26;R-a9675e3291c61ccf,merge_all_author_match,R-317172a72616f588+R-5a41d5151bbbaa26+R-a9675e3291c61ccf,3,1,R-317172a72616f588:R-5a41d5151bbbaa26=1.000;R-317172a72616f588:R-a9675e3291c61ccf=1.000;R-5a41d5151bbbaa26:R-a9675e3291c61ccf=1.000,same normalized title/year and pairwise author overlap >= 0.75,"Generated from local title, year, author, venue, DOI, and provenance fields."
MR-0310,R-77c3759d0390e5ac;R-f70ef0a797b0fa63,merge_all_author_match,R-77c3759d0390e5ac+R-f70ef0a797b0fa63,2,1,R-77c3759d0390e5ac:R-f70ef0a797b0fa63=1.000,same normalized title/year and pairwise author overlap >= 0.75,"Generated from local title, year, author, venue, DOI, and provenance fields."
MR-0311,R-d2f457f5456c7799;R-e30957341d790076,merge_all_author_match,R-d2f457f5456c7799+R-e30957341d790076,2,1,R-d2f457f5456c7799:R-e30957341d790076=1.000,same normalized title/year and pairwise author overlap >= 0.75,"Generated from local title, year, author, venue, DOI, and provenance fields."
MR-0312,R-46e45c933ccac073;R-a09e40f2bb89f151,keep_separate_conservative,R-46e45c933ccac073 | R-a09e40f2bb89f151,2,0,R-46e45c933ccac073:R-a09e40f2bb89f151=NA,insufficient author metadata; retained separately,"Generated from local title, year, author, venue, DOI, and provenance fields."
MR-0313,R-20925358334b5e29;R-6793c4f914d3f942,merge_all_author_match,R-20925358334b5e29+R-6793c4f914d3f942,2,1,R-20925358334b5e29:R-6793c4f914d3f942=1.000,same normalized title/year and pairwise author overlap >= 0.75,"Generated from local title, year, author, venue, DOI, and provenance fields."
MR-0314,R-61e8f71935c1a35c;R-7702a94e273f5785,merge_all_author_match,R-61e8f71935c1a35c+R-7702a94e273f5785,2,1,R-61e8f71935c1a35c:R-7702a94e273f5785=1.000,same normalized title/year and pairwise author overlap >= 0.75,"Generated from local title, year, author, venue, DOI, and provenance fields."
MR-0315,R-116a7bb84943f00e;R-d1ed6976a8265fd6,merge_all_author_match,R-116a7bb84943f00e+R-d1ed6976a8265fd6,2,1,R-116a7bb84943f00e:R-d1ed6976a8265fd6=1.000,same normalized title/year and pairwise author overlap >= 0.75,"Generated from local title, year, author, venue, DOI, and provenance fields."
MR-0316,R-47147ee5b31b2088;R-a0697a46741a4ce8,merge_all_author_match,R-47147ee5b31b2088+R-a0697a46741a4ce8,2,1,R-47147ee5b31b2088:R-a0697a46741a4ce8=1.000,same normalized title/year and pairwise author overlap >= 0.75,"Generated from local title, year, author, venue, DOI, and provenance fields."
MR-0317,R-6363282752be28f6;R-c85e9b3b4b7f3a44,merge_all_author_match,R-6363282752be28f6+R-c85e9b3b4b7f3a44,2,1,R-6363282752be28f6:R-c85e9b3b4b7f3a44=1.000,same normalized title/year and pairwise author overlap >= 0.75,"Generated from local title, year, author, venue, DOI, and provenance fields."
MR-0318,R-60047243ea6e30d5;R-dc0c458ca9f2765b,merge_all_author_match,R-60047243ea6e30d5+R-dc0c458ca9f2765b,2,1,R-60047243ea6e30d5:R-dc0c458ca9f2765b=1.000,same normalized title/year and pairwise author overlap >= 0.75,"Generated from local title, year, author, venue, DOI, and provenance fields."
MR-0319,R-0556bbe9bf5da3dc;R-0d27b7e0c21fa6e8;R-814446d4ed55e7da,merge_all_author_match,R-0556bbe9bf5da3dc+R-0d27b7e0c21fa6e8+R-814446d4ed55e7da,3,1,R-0556bbe9bf5da3dc:R-0d27b7e0c21fa6e8=1.000;R-0556bbe9bf5da3dc:R-814446d4ed55e7da=1.000;R-0d27b7e0c21fa6e8:R-814446d4ed55e7da=1.000,same normalized title/year and pairwise author overlap >= 0.75,"Generated from local title, year, author, venue, DOI, and provenance fields."
MR-0320,R-debb95a1c20ea301;R-f4f74cee504ac797,merge_all_author_match,R-debb95a1c20ea301+R-f4f74cee504ac797,2,1,R-debb95a1c20ea301:R-f4f74cee504ac797=1.000,same normalized title/year and pairwise author overlap >= 0.75,"Generated from local title, year, author, venue, DOI, and provenance fields."
MR-0321,R-37b237ebf0c3b0a0;R-7a4130d9d3def3bd,merge_all_author_match,R-37b237ebf0c3b0a0+R-7a4130d9d3def3bd,2,1,R-37b237ebf0c3b0a0:R-7a4130d9d3def3bd=1.000,same normalized title/year and pairwise author overlap >= 0.75,"Generated from local title, year, author, venue, DOI, and provenance fields."
MR-0322,R-c5761ed4d22e1c43;R-e7686d9138604e5c,merge_all_author_match,R-c5761ed4d22e1c43+R-e7686d9138604e5c,2,1,R-c5761ed4d22e1c43:R-e7686d9138604e5c=1.000,same normalized title/year and pairwise author overlap >= 0.75,"Generated from local title, year, author, venue, DOI, and provenance fields."
MR-0323,R-813da9755b11fc83;R-d6816e65819f1a12,merge_all_author_match,R-813da9755b11fc83+R-d6816e65819f1a12,2,1,R-813da9755b11fc83:R-d6816e65819f1a12=1.000,same normalized title/year and pairwise author overlap >= 0.75,"Generated from local title, year, author, venue, DOI, and provenance fields."
MR-0324,R-904fdb0fd3e1980c;R-c22709f77bb1e06b,merge_all_author_match,R-904fdb0fd3e1980c+R-c22709f77bb1e06b,2,1,R-904fdb0fd3e1980c:R-c22709f77bb1e06b=1.000,same normalized title/year and pairwise author overlap >= 0.75,"Generated from local title, year, author, venue, DOI, and provenance fields."
MR-0325,R-2c13a097c94c012a;R-2e4837c19c6c6234;R-7aaef93a0f43e70f,merge_all_author_match,R-2c13a097c94c012a+R-2e4837c19c6c6234+R-7aaef93a0f43e70f,3,1,R-2c13a097c94c012a:R-2e4837c19c6c6234=1.000;R-2c13a097c94c012a:R-7aaef93a0f43e70f=1.000;R-2e4837c19c6c6234:R-7aaef93a0f43e70f=1.000,same normalized title/year and pairwise author overlap >= 0.75,"Generated from local title, year, author, venue, DOI, and provenance fields."
MR-0326,R-8801d8dd0f2eb775;R-9d0d41163f77f5ac,merge_all_author_match,R-8801d8dd0f2eb775+R-9d0d41163f77f5ac,2,1,R-8801d8dd0f2eb775:R-9d0d41163f77f5ac=1.000,same normalized title/year and pairwise author overlap >= 0.75,"Generated from local title, year, author, venue, DOI, and provenance fields."
MR-0327,R-6b9a11dc02960453;R-9ca75a82c307ff17,merge_all_author_match,R-6b9a11dc02960453+R-9ca75a82c307ff17,2,1,R-6b9a11dc02960453:R-9ca75a82c307ff17=1.000,same normalized title/year and pairwise author overlap >= 0.75,"Generated from local title, year, author, venue, DOI, and provenance fields."
MR-0328,R-13513eccf77e6ff2;R-7a733d4051f46971,merge_all_author_match,R-13513eccf77e6ff2+R-7a733d4051f46971,2,1,R-13513eccf77e6ff2:R-7a733d4051f46971=1.000,same normalized title/year and pairwise author overlap >= 0.75,"Generated from local title, year, author, venue, DOI, and provenance fields."
MR-0329,R-28bcc09056db9adf;R-d6b3f62eae6da0b3,merge_all_author_match,R-28bcc09056db9adf+R-d6b3f62eae6da0b3,2,1,R-28bcc09056db9adf:R-d6b3f62eae6da0b3=1.000,same normalized title/year and pairwise author overlap >= 0.75,"Generated from local title, year, author, venue, DOI, and provenance fields."
MR-0330,R-38ddda582c676581;R-c3c4ba66c02d789c,merge_all_author_match,R-38ddda582c676581+R-c3c4ba66c02d789c,2,1,R-38ddda582c676581:R-c3c4ba66c02d789c=1.000,same normalized title/year and pairwise author overlap >= 0.75,"Generated from local title, year, author, venue, DOI, and provenance fields."
MR-0331,R-4a52edc22f6cf943;R-8e6dbbe06d98a0e1,merge_all_author_match,R-4a52edc22f6cf943+R-8e6dbbe06d98a0e1,2,1,R-4a52edc22f6cf943:R-8e6dbbe06d98a0e1=1.000,same normalized title/year and pairwise author overlap >= 0.75,"Generated from local title, year, author, venue, DOI, and provenance fields."
MR-0332,R-11e1fd794241b90a;R-b73468c3051cd6a2,merge_all_author_match,R-11e1fd794241b90a+R-b73468c3051cd6a2,2,1,R-11e1fd794241b90a:R-b73468c3051cd6a2=1.000,same normalized title/year and pairwise author overlap >= 0.75,"Generated from local title, year, author, venue, DOI, and provenance fields."
MR-0333,R-4dcac1213a31801b;R-52b0c4ea5da93f15;R-a973c17dd3bd848b;R-d643ccc30a46cfde,merge_all_author_match,R-4dcac1213a31801b+R-52b0c4ea5da93f15+R-a973c17dd3bd848b+R-d643ccc30a46cfde,4,1,R-4dcac1213a31801b:R-52b0c4ea5da93f15=1.000;R-4dcac1213a31801b:R-a973c17dd3bd848b=1.000;R-4dcac1213a31801b:R-d643ccc30a46cfde=1.000;R-52b0c4ea5da93f15:R-a973c17dd3bd848b=1.000;R-52b0c4ea5da93f15:R-d643ccc30a46cfde=1.000;R-a973c17dd3bd848b:R-d643ccc30a46cfde=1.000,same normalized title/year and pairwise author overlap >= 0.75,"Generated from local title, year, author, venue, DOI, and provenance fields."
MR-0334,R-3c343208dd3d9254;R-6665cb717f5a0b8d;R-86cd3cdf39e6e0bf;R-f3f18624e4369f6f,merge_all_author_match,R-3c343208dd3d9254+R-6665cb717f5a0b8d+R-86cd3cdf39e6e0bf+R-f3f18624e4369f6f,4,1,R-3c343208dd3d9254:R-6665cb717f5a0b8d=1.000;R-3c343208dd3d9254:R-86cd3cdf39e6e0bf=1.000;R-3c343208dd3d9254:R-f3f18624e4369f6f=1.000;R-6665cb717f5a0b8d:R-86cd3cdf39e6e0bf=1.000;R-6665cb717f5a0b8d:R-f3f18624e4369f6f=1.000;R-86cd3cdf39e6e0bf:R-f3f18624e4369f6f=1.000,same normalized title/year and pairwise author overlap >= 0.75,"Generated from local title, year, author, venue, DOI, and provenance fields."
MR-0335,R-082d5a68b03a8650;R-a986d8ba9ee33bc8;R-be4c8a48b2dca9f8;R-e9fd84d027f96f74,merge_all_author_match,R-082d5a68b03a8650+R-a986d8ba9ee33bc8+R-be4c8a48b2dca9f8+R-e9fd84d027f96f74,4,1,R-082d5a68b03a8650:R-a986d8ba9ee33bc8=0.750;R-082d5a68b03a8650:R-be4c8a48b2dca9f8=1.000;R-082d5a68b03a8650:R-e9fd84d027f96f74=0.750;R-a986d8ba9ee33bc8:R-be4c8a48b2dca9f8=0.750;R-a986d8ba9ee33bc8:R-e9fd84d027f96f74=1.000;R-be4c8a48b2dca9f8:R-e9fd84d027f96f74=0.750,same normalized title/year and pairwise author overlap >= 0.75,"Generated from local title, year, author, venue, DOI, and provenance fields."
MR-0336,R-050e7c5b0d351947;R-372ce1c69282b4c5,merge_all_author_match,R-050e7c5b0d351947+R-372ce1c69282b4c5,2,1,R-050e7c5b0d351947:R-372ce1c69282b4c5=1.000,same normalized title/year and pairwise author overlap >= 0.75,"Generated from local title, year, author, venue, DOI, and provenance fields."
MR-0337,R-4b28e06af2c98df5;R-ce477bb2b000f6fa,merge_all_author_match,R-4b28e06af2c98df5+R-ce477bb2b000f6fa,2,1,R-4b28e06af2c98df5:R-ce477bb2b000f6fa=1.000,same normalized title/year and pairwise author overlap >= 0.75,"Generated from local title, year, author, venue, DOI, and provenance fields."
MR-0338,R-9a29cc8f176e314f;R-af01f55771114719,merge_all_author_match,R-9a29cc8f176e314f+R-af01f55771114719,2,1,R-9a29cc8f176e314f:R-af01f55771114719=1.000,same normalized title/year and pairwise author overlap >= 0.75,"Generated from local title, year, author, venue, DOI, and provenance fields."
MR-0339,R-4a8db2541de43565;R-aa48d495b8b86ca2,merge_all_author_match,R-4a8db2541de43565+R-aa48d495b8b86ca2,2,1,R-4a8db2541de43565:R-aa48d495b8b86ca2=1.000,same normalized title/year and pairwise author overlap >= 0.75,"Generated from local title, year, author, venue, DOI, and provenance fields."
MR-0340,R-9de8dc7ac96d6d3f;R-bdf71ad3dcc118ff,merge_all_author_match,R-9de8dc7ac96d6d3f+R-bdf71ad3dcc118ff,2,1,R-9de8dc7ac96d6d3f:R-bdf71ad3dcc118ff=1.000,same normalized title/year and pairwise author overlap >= 0.75,"Generated from local title, year, author, venue, DOI, and provenance fields."
MR-0341,R-4f60fb51631e2428;R-67b0307334a64d22;R-8e752741917961ab;R-e4e095ab851ea20c,merge_all_author_match,R-4f60fb51631e2428+R-67b0307334a64d22+R-8e752741917961ab+R-e4e095ab851ea20c,4,1,R-4f60fb51631e2428:R-67b0307334a64d22=1.000;R-4f60fb51631e2428:R-8e752741917961ab=1.000;R-4f60fb51631e2428:R-e4e095ab851ea20c=1.000;R-67b0307334a64d22:R-8e752741917961ab=1.000;R-67b0307334a64d22:R-e4e095ab851ea20c=1.000;R-8e752741917961ab:R-e4e095ab851ea20c=1.000,same normalized title/year and pairwise author overlap >= 0.75,"Generated from local title, year, author, venue, DOI, and provenance fields."
MR-0342,R-13874a9404429aa9;R-17a3c1fc4dcc4b4e,merge_all_author_match,R-13874a9404429aa9+R-17a3c1fc4dcc4b4e,2,1,R-13874a9404429aa9:R-17a3c1fc4dcc4b4e=1.000,same normalized title/year and pairwise author overlap >= 0.75,"Generated from local title, year, author, venue, DOI, and provenance fields."
MR-0343,R-06fcaa2f3fb2ab21;R-3c75dd041347b9f0,merge_all_curated,R-06fcaa2f3fb2ab21+R-3c75dd041347b9f0,2,1,R-06fcaa2f3fb2ab21:R-3c75dd041347b9f0=0.667,same article; DOI spelling variant and matching title/authors,"Generated from local title, year, author, venue, DOI, and provenance fields."
MR-0344,R-6ad648efc1a78c18;R-ad002b0e376b6d73,merge_all_author_match,R-6ad648efc1a78c18+R-ad002b0e376b6d73,2,1,R-6ad648efc1a78c18:R-ad002b0e376b6d73=1.000,same normalized title/year and pairwise author overlap >= 0.75,"Generated from local title, year, author, venue, DOI, and provenance fields."
MR-0345,R-4ec5eb9cdff5fdb7;R-95ce7e018980e425,merge_all_author_match,R-4ec5eb9cdff5fdb7+R-95ce7e018980e425,2,1,R-4ec5eb9cdff5fdb7:R-95ce7e018980e425=1.000,same normalized title/year and pairwise author overlap >= 0.75,"Generated from local title, year, author, venue, DOI, and provenance fields."
MR-0346,R-b214d763526f9be9;R-b4216d68d2035406,merge_all_author_match,R-b214d763526f9be9+R-b4216d68d2035406,2,1,R-b214d763526f9be9:R-b4216d68d2035406=1.000,same normalized title/year and pairwise author overlap >= 0.75,"Generated from local title, year, author, venue, DOI, and provenance fields."
MR-0347,R-0bd80cc3a4419cbc;R-dbfca9fe0652abc5,merge_all_author_match,R-0bd80cc3a4419cbc+R-dbfca9fe0652abc5,2,1,R-0bd80cc3a4419cbc:R-dbfca9fe0652abc5=1.000,same normalized title/year and pairwise author overlap >= 0.75,"Generated from local title, year, author, venue, DOI, and provenance fields."
MR-0348,R-3014eabc95f517dd;R-c806f775b6b1145a,merge_all_curated,R-3014eabc95f517dd+R-c806f775b6b1145a,2,1,R-3014eabc95f517dd:R-c806f775b6b1145a=0.750,same article; transliterated author names and repository metadata,"Generated from local title, year, author, venue, DOI, and provenance fields."
MR-0349,R-25d20e099c74b456;R-6076857f5f657437,merge_all_author_match,R-25d20e099c74b456+R-6076857f5f657437,2,1,R-25d20e099c74b456:R-6076857f5f657437=1.000,same normalized title/year and pairwise author overlap >= 0.75,"Generated from local title, year, author, venue, DOI, and provenance fields."
MR-0350,R-005c4fc3745fd698;R-8cf4f454d23e3bc2,merge_all_author_match,R-005c4fc3745fd698+R-8cf4f454d23e3bc2,2,1,R-005c4fc3745fd698:R-8cf4f454d23e3bc2=1.000,same normalized title/year and pairwise author overlap >= 0.75,"Generated from local title, year, author, venue, DOI, and provenance fields."
MR-0351,R-019e3d3b8cbc2148;R-b7817a6d69d0d8f0,merge_all_author_match,R-019e3d3b8cbc2148+R-b7817a6d69d0d8f0,2,1,R-019e3d3b8cbc2148:R-b7817a6d69d0d8f0=1.000,same normalized title/year and pairwise author overlap >= 0.75,"Generated from local title, year, author, venue, DOI, and provenance fields."
MR-0352,R-70d2194199aa3619;R-7655aaf7e8fe539a,merge_all_author_match,R-70d2194199aa3619+R-7655aaf7e8fe539a,2,1,R-70d2194199aa3619:R-7655aaf7e8fe539a=1.000,same normalized title/year and pairwise author overlap >= 0.75,"Generated from local title, year, author, venue, DOI, and provenance fields."
MR-0353,R-0da5833aa95a92e6;R-961c31b766da3852,merge_all_author_match,R-0da5833aa95a92e6+R-961c31b766da3852,2,1,R-0da5833aa95a92e6:R-961c31b766da3852=1.000,same normalized title/year and pairwise author overlap >= 0.75,"Generated from local title, year, author, venue, DOI, and provenance fields."
MR-0354,R-2de251980fd7c83c;R-79af7e7752e214c7,merge_all_author_match,R-2de251980fd7c83c+R-79af7e7752e214c7,2,1,R-2de251980fd7c83c:R-79af7e7752e214c7=1.000,same normalized title/year and pairwise author overlap >= 0.75,"Generated from local title, year, author, venue, DOI, and provenance fields."
MR-0355,R-17f147c3fd0638e1;R-35a985eb361966bf,merge_all_author_match,R-17f147c3fd0638e1+R-35a985eb361966bf,2,1,R-17f147c3fd0638e1:R-35a985eb361966bf=1.000,same normalized title/year and pairwise author overlap >= 0.75,"Generated from local title, year, author, venue, DOI, and provenance fields."
MR-0356,R-8eddb2d49095dbc1;R-a8799034f1ca3663,merge_all_author_match,R-8eddb2d49095dbc1+R-a8799034f1ca3663,2,1,R-8eddb2d49095dbc1:R-a8799034f1ca3663=1.000,same normalized title/year and pairwise author overlap >= 0.75,"Generated from local title, year, author, venue, DOI, and provenance fields."
MR-0357,R-136a5234df6689d9;R-5a79c1529ca6c5ac;R-bbdaa9ec78bdc97f;R-d78b162faba1c021,merge_all_author_match,R-136a5234df6689d9+R-5a79c1529ca6c5ac+R-bbdaa9ec78bdc97f+R-d78b162faba1c021,4,1,R-136a5234df6689d9:R-5a79c1529ca6c5ac=1.000;R-136a5234df6689d9:R-bbdaa9ec78bdc97f=1.000;R-136a5234df6689d9:R-d78b162faba1c021=1.000;R-5a79c1529ca6c5ac:R-bbdaa9ec78bdc97f=1.000;R-5a79c1529ca6c5ac:R-d78b162faba1c021=1.000;R-bbdaa9ec78bdc97f:R-d78b162faba1c021=1.000,same normalized title/year and pairwise author overlap >= 0.75,"Generated from local title, year, author, venue, DOI, and provenance fields."
MR-0358,R-1262a91dda969c00;R-c883ddb0a08abbb7,merge_all_author_match,R-1262a91dda969c00+R-c883ddb0a08abbb7,2,1,R-1262a91dda969c00:R-c883ddb0a08abbb7=0.750,same normalized title/year and pairwise author overlap >= 0.75,"Generated from local title, year, author, venue, DOI, and provenance fields."
MR-0359,R-8cd95765e2c49e18;R-ec018dc96d21792f,merge_all_author_match,R-8cd95765e2c49e18+R-ec018dc96d21792f,2,1,R-8cd95765e2c49e18:R-ec018dc96d21792f=1.000,same normalized title/year and pairwise author overlap >= 0.75,"Generated from local title, year, author, venue, DOI, and provenance fields."
MR-0360,R-b2745c9a6f8753bc;R-ea1b7fcb7c9de56f,merge_all_author_match,R-b2745c9a6f8753bc+R-ea1b7fcb7c9de56f,2,1,R-b2745c9a6f8753bc:R-ea1b7fcb7c9de56f=1.000,same normalized title/year and pairwise author overlap >= 0.75,"Generated from local title, year, author, venue, DOI, and provenance fields."
MR-0361,R-82dce5affd20e843;R-b7471e6f8eff40ce,merge_all_author_match,R-82dce5affd20e843+R-b7471e6f8eff40ce,2,1,R-82dce5affd20e843:R-b7471e6f8eff40ce=1.000,same normalized title/year and pairwise author overlap >= 0.75,"Generated from local title, year, author, venue, DOI, and provenance fields."
MR-0362,R-223c63d6c0f5c14a;R-d64772cb2f1c8b01,merge_all_author_match,R-223c63d6c0f5c14a+R-d64772cb2f1c8b01,2,1,R-223c63d6c0f5c14a:R-d64772cb2f1c8b01=1.000,same normalized title/year and pairwise author overlap >= 0.75,"Generated from local title, year, author, venue, DOI, and provenance fields."
MR-0363,R-85e163975e9bcf54;R-e629e9a31d0a5146,merge_all_author_match,R-85e163975e9bcf54+R-e629e9a31d0a5146,2,1,R-85e163975e9bcf54:R-e629e9a31d0a5146=1.000,same normalized title/year and pairwise author overlap >= 0.75,"Generated from local title, year, author, venue, DOI, and provenance fields."
MR-0364,R-017d9b3e1f779798;R-cab84e31d5c9a76d,merge_all_author_match,R-017d9b3e1f779798+R-cab84e31d5c9a76d,2,1,R-017d9b3e1f779798:R-cab84e31d5c9a76d=1.000,same normalized title/year and pairwise author overlap >= 0.75,"Generated from local title, year, author, venue, DOI, and provenance fields."
MR-0365,R-567efdbca2e9460d;R-60ae7a46e830b19e,merge_all_author_match,R-567efdbca2e9460d+R-60ae7a46e830b19e,2,1,R-567efdbca2e9460d:R-60ae7a46e830b19e=1.000,same normalized title/year and pairwise author overlap >= 0.75,"Generated from local title, year, author, venue, DOI, and provenance fields."
MR-0366,R-6d29ded89178646e;R-ef65d5772354ebb6,merge_all_author_match,R-6d29ded89178646e+R-ef65d5772354ebb6,2,1,R-6d29ded89178646e:R-ef65d5772354ebb6=1.000,same normalized title/year and pairwise author overlap >= 0.75,"Generated from local title, year, author, venue, DOI, and provenance fields."
MR-0367,R-f655de970f9ff48e;R-fec5dcb895b4230d,merge_all_author_match,R-f655de970f9ff48e+R-fec5dcb895b4230d,2,1,R-f655de970f9ff48e:R-fec5dcb895b4230d=1.000,same normalized title/year and pairwise author overlap >= 0.75,"Generated from local title, year, author, venue, DOI, and provenance fields."
MR-0368,R-003f4bf74f783c31;R-8a894fe02a61c228,merge_all_author_match,R-003f4bf74f783c31+R-8a894fe02a61c228,2,1,R-003f4bf74f783c31:R-8a894fe02a61c228=1.000,same normalized title/year and pairwise author overlap >= 0.75,"Generated from local title, year, author, venue, DOI, and provenance fields."
MR-0369,R-47b0a7c4419e7507;R-d02bb23a4c87a958;R-eb5ba876f893f097,merge_all_author_match,R-47b0a7c4419e7507+R-d02bb23a4c87a958+R-eb5ba876f893f097,3,1,R-47b0a7c4419e7507:R-d02bb23a4c87a958=1.000;R-47b0a7c4419e7507:R-eb5ba876f893f097=1.000;R-d02bb23a4c87a958:R-eb5ba876f893f097=1.000,same normalized title/year and pairwise author overlap >= 0.75,"Generated from local title, year, author, venue, DOI, and provenance fields."
MR-0370,R-0ef0b4376fc0c3b8;R-979e4d691f6b54bd;R-c4b563ebf226f73d,merge_all_author_match,R-0ef0b4376fc0c3b8+R-979e4d691f6b54bd+R-c4b563ebf226f73d,3,1,R-0ef0b4376fc0c3b8:R-979e4d691f6b54bd=1.000;R-0ef0b4376fc0c3b8:R-c4b563ebf226f73d=1.000;R-979e4d691f6b54bd:R-c4b563ebf226f73d=1.000,same normalized title/year and pairwise author overlap >= 0.75,"Generated from local title, year, author, venue, DOI, and provenance fields."
MR-0371,R-65512dd856700175;R-9fdbe28684acb8cb;R-f8f21d717d7895d4,merge_all_author_match,R-65512dd856700175+R-9fdbe28684acb8cb+R-f8f21d717d7895d4,3,1,R-65512dd856700175:R-9fdbe28684acb8cb=1.000;R-65512dd856700175:R-f8f21d717d7895d4=1.000;R-9fdbe28684acb8cb:R-f8f21d717d7895d4=1.000,same normalized title/year and pairwise author overlap >= 0.75,"Generated from local title, year, author, venue, DOI, and provenance fields."
MR-0372,R-33022242d9d2fd05;R-c14ed291763fc44c,merge_all_author_match,R-33022242d9d2fd05+R-c14ed291763fc44c,2,1,R-33022242d9d2fd05:R-c14ed291763fc44c=1.000,same normalized title/year and pairwise author overlap >= 0.75,"Generated from local title, year, author, venue, DOI, and provenance fields."
MR-0373,R-396842f6fff1d39f;R-70b49ea0143a5a6b,keep_separate_conservative,R-396842f6fff1d39f | R-70b49ea0143a5a6b,2,0,R-396842f6fff1d39f:R-70b49ea0143a5a6b=0.000,author or publication metadata differs below the merge threshold,"Generated from local title, year, author, venue, DOI, and provenance fields."
MR-0374,R-1dace12ceb03bee7;R-40509d3002c81c57,merge_all_author_match,R-1dace12ceb03bee7+R-40509d3002c81c57,2,1,R-1dace12ceb03bee7:R-40509d3002c81c57=1.000,same normalized title/year and pairwise author overlap >= 0.75,"Generated from local title, year, author, venue, DOI, and provenance fields."
MR-0375,R-545ccc1ee5ba1ace;R-d2b8816ad1237424,merge_all_author_match,R-545ccc1ee5ba1ace+R-d2b8816ad1237424,2,1,R-545ccc1ee5ba1ace:R-d2b8816ad1237424=1.000,same normalized title/year and pairwise author overlap >= 0.75,"Generated from local title, year, author, venue, DOI, and provenance fields."
MR-0376,R-ad1b8016f1987af8;R-ec62af26c2cf6e10,merge_all_author_match,R-ad1b8016f1987af8+R-ec62af26c2cf6e10,2,1,R-ad1b8016f1987af8:R-ec62af26c2cf6e10=1.000,same normalized title/year and pairwise author overlap >= 0.75,"Generated from local title, year, author, venue, DOI, and provenance fields."
MR-0377,R-5871a13d55eeaf62;R-94c13d11f6d51ac6,merge_all_author_match,R-5871a13d55eeaf62+R-94c13d11f6d51ac6,2,1,R-5871a13d55eeaf62:R-94c13d11f6d51ac6=1.000,same normalized title/year and pairwise author overlap >= 0.75,"Generated from local title, year, author, venue, DOI, and provenance fields."
MR-0378,R-27c5d8af2af2da13;R-b3fb344b75e20b9a,merge_all_author_match,R-27c5d8af2af2da13+R-b3fb344b75e20b9a,2,1,R-27c5d8af2af2da13:R-b3fb344b75e20b9a=1.000,same normalized title/year and pairwise author overlap >= 0.75,"Generated from local title, year, author, venue, DOI, and provenance fields."
MR-0379,R-33d1cfcf57363bb0;R-7ab503ba569d2823,merge_all_author_match,R-33d1cfcf57363bb0+R-7ab503ba569d2823,2,1,R-33d1cfcf57363bb0:R-7ab503ba569d2823=1.000,same normalized title/year and pairwise author overlap >= 0.75,"Generated from local title, year, author, venue, DOI, and provenance fields."
MR-0380,R-37c88229370e0485;R-4bc2e71e7a641a5a;R-cc41084051d34e77,merge_all_author_match,R-37c88229370e0485+R-4bc2e71e7a641a5a+R-cc41084051d34e77,3,1,R-37c88229370e0485:R-4bc2e71e7a641a5a=1.000;R-37c88229370e0485:R-cc41084051d34e77=1.000;R-4bc2e71e7a641a5a:R-cc41084051d34e77=1.000,same normalized title/year and pairwise author overlap >= 0.75,"Generated from local title, year, author, venue, DOI, and provenance fields."
MR-0381,R-517de054fd65aac7;R-9e6dc15a71623ae2,merge_all_author_match,R-517de054fd65aac7+R-9e6dc15a71623ae2,2,1,R-517de054fd65aac7:R-9e6dc15a71623ae2=1.000,same normalized title/year and pairwise author overlap >= 0.75,"Generated from local title, year, author, venue, DOI, and provenance fields."
MR-0382,R-9491b8f10cb0fb3f;R-bf764b0b72cb7d0d,merge_all_author_match,R-9491b8f10cb0fb3f+R-bf764b0b72cb7d0d,2,1,R-9491b8f10cb0fb3f:R-bf764b0b72cb7d0d=1.000,same normalized title/year and pairwise author overlap >= 0.75,"Generated from local title, year, author, venue, DOI, and provenance fields."
MR-0383,R-f400af8c1dd14b28;R-f8a0c3d651c1e458,merge_all_author_match,R-f400af8c1dd14b28+R-f8a0c3d651c1e458,2,1,R-f400af8c1dd14b28:R-f8a0c3d651c1e458=1.000,same normalized title/year and pairwise author overlap >= 0.75,"Generated from local title, year, author, venue, DOI, and provenance fields."
MR-0384,R-4592901bd9e8d68b;R-7a62763adb408723;R-c53267ef7a673351,merge_all_author_match,R-4592901bd9e8d68b+R-7a62763adb408723+R-c53267ef7a673351,3,1,R-4592901bd9e8d68b:R-7a62763adb408723=1.000;R-4592901bd9e8d68b:R-c53267ef7a673351=1.000;R-7a62763adb408723:R-c53267ef7a673351=1.000,same normalized title/year and pairwise author overlap >= 0.75,"Generated from local title, year, author, venue, DOI, and provenance fields."
MR-0385,R-140410a11316a347;R-16901c577b633770,merge_all_author_match,R-140410a11316a347+R-16901c577b633770,2,1,R-140410a11316a347:R-16901c577b633770=1.000,same normalized title/year and pairwise author overlap >= 0.75,"Generated from local title, year, author, venue, DOI, and provenance fields."
MR-0386,R-38a716c02f0a4763;R-660941d8acee6604,merge_all_author_match,R-38a716c02f0a4763+R-660941d8acee6604,2,1,R-38a716c02f0a4763:R-660941d8acee6604=1.250,same normalized title/year and pairwise author overlap >= 0.75,"Generated from local title, year, author, venue, DOI, and provenance fields."
MR-0387,R-789c6a812d6a9b40;R-9ddf23d4a657f97e,merge_all_author_match,R-789c6a812d6a9b40+R-9ddf23d4a657f97e,2,1,R-789c6a812d6a9b40:R-9ddf23d4a657f97e=1.000,same normalized title/year and pairwise author overlap >= 0.75,"Generated from local title, year, author, venue, DOI, and provenance fields."
MR-0388,R-5244ed107a4db37c;R-f16f6c40b17f47cd,merge_all_author_match,R-5244ed107a4db37c+R-f16f6c40b17f47cd,2,1,R-5244ed107a4db37c:R-f16f6c40b17f47cd=1.000,same normalized title/year and pairwise author overlap >= 0.75,"Generated from local title, year, author, venue, DOI, and provenance fields."
MR-0389,R-919e3bca06e64779;R-96ee59c23d4773ab,merge_all_author_match,R-919e3bca06e64779+R-96ee59c23d4773ab,2,1,R-919e3bca06e64779:R-96ee59c23d4773ab=1.000,same normalized title/year and pairwise author overlap >= 0.75,"Generated from local title, year, author, venue, DOI, and provenance fields."
MR-0390,R-581c913e2b829ccc;R-ae7979c78b73f084,merge_all_author_match,R-581c913e2b829ccc+R-ae7979c78b73f084,2,1,R-581c913e2b829ccc:R-ae7979c78b73f084=1.000,same normalized title/year and pairwise author overlap >= 0.75,"Generated from local title, year, author, venue, DOI, and provenance fields."
MR-0391,R-4b1c2c61746612d1;R-8ec47066dd36bba5,merge_all_author_match,R-4b1c2c61746612d1+R-8ec47066dd36bba5,2,1,R-4b1c2c61746612d1:R-8ec47066dd36bba5=0.750,same normalized title/year and pairwise author overlap >= 0.75,"Generated from local title, year, author, venue, DOI, and provenance fields."
MR-0392,R-a06d60bc393b81ed;R-d9f30df0041facf6,merge_all_author_match,R-a06d60bc393b81ed+R-d9f30df0041facf6,2,1,R-a06d60bc393b81ed:R-d9f30df0041facf6=1.000,same normalized title/year and pairwise author overlap >= 0.75,"Generated from local title, year, author, venue, DOI, and provenance fields."
MR-0393,R-47647494938c76f3;R-f7fa6dc5eb56dbdc,merge_all_author_match,R-47647494938c76f3+R-f7fa6dc5eb56dbdc,2,1,R-47647494938c76f3:R-f7fa6dc5eb56dbdc=1.000,same normalized title/year and pairwise author overlap >= 0.75,"Generated from local title, year, author, venue, DOI, and provenance fields."
MR-0394,R-93c2d7da47fb45f6;R-a9bf5020c1e79a17,merge_all_author_match,R-93c2d7da47fb45f6+R-a9bf5020c1e79a17,2,1,R-93c2d7da47fb45f6:R-a9bf5020c1e79a17=1.000,same normalized title/year and pairwise author overlap >= 0.75,"Generated from local title, year, author, venue, DOI, and provenance fields."
MR-0395,R-669edf01891eb4fb;R-a7f54a38387606c9,merge_all_author_match,R-669edf01891eb4fb+R-a7f54a38387606c9,2,1,R-669edf01891eb4fb:R-a7f54a38387606c9=1.000,same normalized title/year and pairwise author overlap >= 0.75,"Generated from local title, year, author, venue, DOI, and provenance fields."
MR-0396,R-6b4e3d6ae7625e4a;R-858c80b2881a89d1,merge_all_author_match,R-6b4e3d6ae7625e4a+R-858c80b2881a89d1,2,1,R-6b4e3d6ae7625e4a:R-858c80b2881a89d1=1.000,same normalized title/year and pairwise author overlap >= 0.75,"Generated from local title, year, author, venue, DOI, and provenance fields."
MR-0397,R-0a346ebfd0cfe112;R-4f7fddf1a7914c99,merge_all_author_match,R-0a346ebfd0cfe112+R-4f7fddf1a7914c99,2,1,R-0a346ebfd0cfe112:R-4f7fddf1a7914c99=1.000,same normalized title/year and pairwise author overlap >= 0.75,"Generated from local title, year, author, venue, DOI, and provenance fields."
MR-0398,R-c55449364a34d189;R-e9b6f3e0c48b718d,merge_all_author_match,R-c55449364a34d189+R-e9b6f3e0c48b718d,2,1,R-c55449364a34d189:R-e9b6f3e0c48b718d=1.000,same normalized title/year and pairwise author overlap >= 0.75,"Generated from local title, year, author, venue, DOI, and provenance fields."
MR-0399,R-6c686329f4305c55;R-c04ae9e8d187b7ab,merge_all_author_match,R-6c686329f4305c55+R-c04ae9e8d187b7ab,2,1,R-6c686329f4305c55:R-c04ae9e8d187b7ab=1.000,same normalized title/year and pairwise author overlap >= 0.75,"Generated from local title, year, author, venue, DOI, and provenance fields."
MR-0400,R-1d2bec79ac2bd711;R-931d05ccb0d51956,merge_all_author_match,R-1d2bec79ac2bd711+R-931d05ccb0d51956,2,1,R-1d2bec79ac2bd711:R-931d05ccb0d51956=1.000,same normalized title/year and pairwise author overlap >= 0.75,"Generated from local title, year, author, venue, DOI, and provenance fields."
MR-0401,R-1b0dcfe96db2b61c;R-98e97189384d8657,merge_all_author_match,R-1b0dcfe96db2b61c+R-98e97189384d8657,2,1,R-1b0dcfe96db2b61c:R-98e97189384d8657=1.000,same normalized title/year and pairwise author overlap >= 0.75,"Generated from local title, year, author, venue, DOI, and provenance fields."
MR-0402,R-2f73e6296588e0b7;R-6731e9d2407bdc86,merge_all_author_match,R-2f73e6296588e0b7+R-6731e9d2407bdc86,2,1,R-2f73e6296588e0b7:R-6731e9d2407bdc86=1.000,same normalized title/year and pairwise author overlap >= 0.75,"Generated from local title, year, author, venue, DOI, and provenance fields."
MR-0403,R-8eefc28d3804cd1f;R-ab230a2aa3989c38;R-e772ed7c950df4f0,merge_all_author_match,R-8eefc28d3804cd1f+R-ab230a2aa3989c38+R-e772ed7c950df4f0,3,1,R-8eefc28d3804cd1f:R-ab230a2aa3989c38=1.000;R-8eefc28d3804cd1f:R-e772ed7c950df4f0=1.000;R-ab230a2aa3989c38:R-e772ed7c950df4f0=1.000,same normalized title/year and pairwise author overlap >= 0.75,"Generated from local title, year, author, venue, DOI, and provenance fields."
MR-0404,R-73e5dd486267d62b;R-d1c31025c7486eda,merge_all_curated,R-73e5dd486267d62b+R-d1c31025c7486eda,2,1,R-73e5dd486267d62b:R-d1c31025c7486eda=NA,same article; exact title/year and Scopus/OpenAlex metadata variant,"Generated from local title, year, author, venue, DOI, and provenance fields."
MR-0405,R-4e68e1524c0be18e;R-fcdd8aae0ecd4ace,merge_all_author_match,R-4e68e1524c0be18e+R-fcdd8aae0ecd4ace,2,1,R-4e68e1524c0be18e:R-fcdd8aae0ecd4ace=1.000,same normalized title/year and pairwise author overlap >= 0.75,"Generated from local title, year, author, venue, DOI, and provenance fields."
MR-0406,R-5ef20b2b7860aa3e;R-cad3ba641ccf9b8c,merge_all_author_match,R-5ef20b2b7860aa3e+R-cad3ba641ccf9b8c,2,1,R-5ef20b2b7860aa3e:R-cad3ba641ccf9b8c=1.000,same normalized title/year and pairwise author overlap >= 0.75,"Generated from local title, year, author, venue, DOI, and provenance fields."
MR-0407,R-5755f0298cf28a2a;R-fef80b1c930369fb,merge_all_curated,R-5755f0298cf28a2a+R-fef80b1c930369fb,2,1,R-5755f0298cf28a2a:R-fef80b1c930369fb=0.500,same article; repository record has incomplete author metadata,"Generated from local title, year, author, venue, DOI, and provenance fields."
MR-0408,R-9369def3f5e4b4c9;R-ed37dcea6ca3b371,merge_all_author_match,R-9369def3f5e4b4c9+R-ed37dcea6ca3b371,2,1,R-9369def3f5e4b4c9:R-ed37dcea6ca3b371=1.000,same normalized title/year and pairwise author overlap >= 0.75,"Generated from local title, year, author, venue, DOI, and provenance fields."
MR-0409,R-59353afdca1213a0;R-9c71522a5dbd39ec,merge_all_author_match,R-59353afdca1213a0+R-9c71522a5dbd39ec,2,1,R-59353afdca1213a0:R-9c71522a5dbd39ec=1.000,same normalized title/year and pairwise author overlap >= 0.75,"Generated from local title, year, author, venue, DOI, and provenance fields."
MR-0410,R-6a1eec993c97d6f3;R-a96950a6d95ed0ad,merge_all_author_match,R-6a1eec993c97d6f3+R-a96950a6d95ed0ad,2,1,R-6a1eec993c97d6f3:R-a96950a6d95ed0ad=1.000,same normalized title/year and pairwise author overlap >= 0.75,"Generated from local title, year, author, venue, DOI, and provenance fields."
MR-0411,R-4b1ccab385c0e229;R-759a63b9fbb9cc89;R-ef621220726cb1c8,merge_all_author_match,R-4b1ccab385c0e229+R-759a63b9fbb9cc89+R-ef621220726cb1c8,3,1,R-4b1ccab385c0e229:R-759a63b9fbb9cc89=1.000;R-4b1ccab385c0e229:R-ef621220726cb1c8=1.000;R-759a63b9fbb9cc89:R-ef621220726cb1c8=1.000,same normalized title/year and pairwise author overlap >= 0.75,"Generated from local title, year, author, venue, DOI, and provenance fields."
MR-0412,R-04723dfa54d2f9a7;R-c9c46de601094a5f,merge_all_author_match,R-04723dfa54d2f9a7+R-c9c46de601094a5f,2,1,R-04723dfa54d2f9a7:R-c9c46de601094a5f=1.000,same normalized title/year and pairwise author overlap >= 0.75,"Generated from local title, year, author, venue, DOI, and provenance fields."
MR-0413,R-3e9e7813157d6942;R-9f3ad575c59e7f93,merge_all_author_match,R-3e9e7813157d6942+R-9f3ad575c59e7f93,2,1,R-3e9e7813157d6942:R-9f3ad575c59e7f93=1.000,same normalized title/year and pairwise author overlap >= 0.75,"Generated from local title, year, author, venue, DOI, and provenance fields."
MR-0414,R-7159fad108b46ee2;R-d0a56cc2e06e6756,merge_all_author_match,R-7159fad108b46ee2+R-d0a56cc2e06e6756,2,1,R-7159fad108b46ee2:R-d0a56cc2e06e6756=1.000,same normalized title/year and pairwise author overlap >= 0.75,"Generated from local title, year, author, venue, DOI, and provenance fields."
MR-0415,R-71fbf57c50f3cc2f;R-90dc44520c9f923d,merge_all_author_match,R-71fbf57c50f3cc2f+R-90dc44520c9f923d,2,1,R-71fbf57c50f3cc2f:R-90dc44520c9f923d=1.000,same normalized title/year and pairwise author overlap >= 0.75,"Generated from local title, year, author, venue, DOI, and provenance fields."
MR-0416,R-78f5563c1dcc5ac6;R-f2ede6306a2837ce,merge_all_author_match,R-78f5563c1dcc5ac6+R-f2ede6306a2837ce,2,1,R-78f5563c1dcc5ac6:R-f2ede6306a2837ce=1.000,same normalized title/year and pairwise author overlap >= 0.75,"Generated from local title, year, author, venue, DOI, and provenance fields."
MR-0417,R-3534d7b533f90aa2;R-8fe3c9b731d66a16,merge_all_author_match,R-3534d7b533f90aa2+R-8fe3c9b731d66a16,2,1,R-3534d7b533f90aa2:R-8fe3c9b731d66a16=1.000,same normalized title/year and pairwise author overlap >= 0.75,"Generated from local title, year, author, venue, DOI, and provenance fields."
MR-0418,R-0883f9112f20f315;R-09fb1c217d12aa81,merge_all_author_match,R-0883f9112f20f315+R-09fb1c217d12aa81,2,1,R-0883f9112f20f315:R-09fb1c217d12aa81=1.000,same normalized title/year and pairwise author overlap >= 0.75,"Generated from local title, year, author, venue, DOI, and provenance fields."
MR-0419,R-ba45e54f8866a4c6;R-ba7219eb1dc643de,merge_all_author_match,R-ba45e54f8866a4c6+R-ba7219eb1dc643de,2,1,R-ba45e54f8866a4c6:R-ba7219eb1dc643de=1.000,same normalized title/year and pairwise author overlap >= 0.75,"Generated from local title, year, author, venue, DOI, and provenance fields."
MR-0420,R-5eac3cdef225339b;R-af0d1a8ea3e4e52d,merge_all_author_match,R-5eac3cdef225339b+R-af0d1a8ea3e4e52d,2,1,R-5eac3cdef225339b:R-af0d1a8ea3e4e52d=1.000,same normalized title/year and pairwise author overlap >= 0.75,"Generated from local title, year, author, venue, DOI, and provenance fields."
MR-0421,R-035d304a843f262f;R-5c34460f8927b28e,merge_all_author_match,R-035d304a843f262f+R-5c34460f8927b28e,2,1,R-035d304a843f262f:R-5c34460f8927b28e=1.000,same normalized title/year and pairwise author overlap >= 0.75,"Generated from local title, year, author, venue, DOI, and provenance fields."
MR-0422,R-486cc449f7412f47;R-b66fd00ebd2160c1,merge_all_author_match,R-486cc449f7412f47+R-b66fd00ebd2160c1,2,1,R-486cc449f7412f47:R-b66fd00ebd2160c1=1.000,same normalized title/year and pairwise author overlap >= 0.75,"Generated from local title, year, author, venue, DOI, and provenance fields."
MR-0423,R-9ba172fad495a90e;R-a7469733aada5440;R-edb53e05fb5dde2e,merge_all_author_match,R-9ba172fad495a90e+R-a7469733aada5440+R-edb53e05fb5dde2e,3,1,R-9ba172fad495a90e:R-a7469733aada5440=1.000;R-9ba172fad495a90e:R-edb53e05fb5dde2e=1.000;R-a7469733aada5440:R-edb53e05fb5dde2e=1.000,same normalized title/year and pairwise author overlap >= 0.75,"Generated from local title, year, author, venue, DOI, and provenance fields."
MR-0424,R-4fea49da1d42ba6d;R-7b9b8913f7349475,merge_all_author_match,R-4fea49da1d42ba6d+R-7b9b8913f7349475,2,1,R-4fea49da1d42ba6d:R-7b9b8913f7349475=1.000,same normalized title/year and pairwise author overlap >= 0.75,"Generated from local title, year, author, venue, DOI, and provenance fields."
MR-0425,R-24c6b63ddad0d399;R-53cb75f0219160b8,merge_all_author_match,R-24c6b63ddad0d399+R-53cb75f0219160b8,2,1,R-24c6b63ddad0d399:R-53cb75f0219160b8=1.000,same normalized title/year and pairwise author overlap >= 0.75,"Generated from local title, year, author, venue, DOI, and provenance fields."
MR-0426,R-113b86ef84518ba1;R-96b43330a7e30041,merge_all_author_match,R-113b86ef84518ba1+R-96b43330a7e30041,2,1,R-113b86ef84518ba1:R-96b43330a7e30041=1.000,same normalized title/year and pairwise author overlap >= 0.75,"Generated from local title, year, author, venue, DOI, and provenance fields."
MR-0427,R-96f2952624d1fd4e;R-d1fdbd804c5579dc,merge_all_author_match,R-96f2952624d1fd4e+R-d1fdbd804c5579dc,2,1,R-96f2952624d1fd4e:R-d1fdbd804c5579dc=1.000,same normalized title/year and pairwise author overlap >= 0.75,"Generated from local title, year, author, venue, DOI, and provenance fields."
MR-0428,R-73a2a0dc1d33d934;R-7be7c5a7530a24b9;R-c5f6a14bf64d798d,merge_all_author_match,R-73a2a0dc1d33d934+R-7be7c5a7530a24b9+R-c5f6a14bf64d798d,3,1,R-73a2a0dc1d33d934:R-7be7c5a7530a24b9=1.000;R-73a2a0dc1d33d934:R-c5f6a14bf64d798d=1.000;R-7be7c5a7530a24b9:R-c5f6a14bf64d798d=1.000,same normalized title/year and pairwise author overlap >= 0.75,"Generated from local title, year, author, venue, DOI, and provenance fields."
MR-0429,R-079b918f36294570;R-78a709eb551b113d,merge_all_author_match,R-079b918f36294570+R-78a709eb551b113d,2,1,R-079b918f36294570:R-78a709eb551b113d=1.000,same normalized title/year and pairwise author overlap >= 0.75,"Generated from local title, year, author, venue, DOI, and provenance fields."
MR-0430,R-6125bffe851d13f5;R-ea2bb51013281a88,merge_all_author_match,R-6125bffe851d13f5+R-ea2bb51013281a88,2,1,R-6125bffe851d13f5:R-ea2bb51013281a88=1.000,same normalized title/year and pairwise author overlap >= 0.75,"Generated from local title, year, author, venue, DOI, and provenance fields."
MR-0431,R-716c2553c28ed7f0;R-e027006e389c55a0,merge_all_author_match,R-716c2553c28ed7f0+R-e027006e389c55a0,2,1,R-716c2553c28ed7f0:R-e027006e389c55a0=1.250,same normalized title/year and pairwise author overlap >= 0.75,"Generated from local title, year, author, venue, DOI, and provenance fields."
MR-0432,R-58f8fef4ab53b8af;R-70fd04ca1fdec284,merge_all_author_match,R-58f8fef4ab53b8af+R-70fd04ca1fdec284,2,1,R-58f8fef4ab53b8af:R-70fd04ca1fdec284=1.000,same normalized title/year and pairwise author overlap >= 0.75,"Generated from local title, year, author, venue, DOI, and provenance fields."
MR-0433,R-8fb57cf9ffac7dd0;R-e3c290880b8de1a4,merge_all_author_match,R-8fb57cf9ffac7dd0+R-e3c290880b8de1a4,2,1,R-8fb57cf9ffac7dd0:R-e3c290880b8de1a4=1.000,same normalized title/year and pairwise author overlap >= 0.75,"Generated from local title, year, author, venue, DOI, and provenance fields."
MR-0434,R-1d73eac0c095534d;R-ca7fefb60481bff0,merge_all_author_match,R-1d73eac0c095534d+R-ca7fefb60481bff0,2,1,R-1d73eac0c095534d:R-ca7fefb60481bff0=1.000,same normalized title/year and pairwise author overlap >= 0.75,"Generated from local title, year, author, venue, DOI, and provenance fields."
MR-0435,R-4f3441eaf7eb80ce;R-b5f1fdde58b68808;R-c019f209c87f16a6,merge_all_author_match,R-4f3441eaf7eb80ce+R-b5f1fdde58b68808+R-c019f209c87f16a6,3,1,R-4f3441eaf7eb80ce:R-b5f1fdde58b68808=0.750;R-4f3441eaf7eb80ce:R-c019f209c87f16a6=1.000;R-b5f1fdde58b68808:R-c019f209c87f16a6=0.750,same normalized title/year and pairwise author overlap >= 0.75,"Generated from local title, year, author, venue, DOI, and provenance fields."
MR-0436,R-4e624cf5c1c8466b;R-effe78d951aca641,merge_all_author_match,R-4e624cf5c1c8466b+R-effe78d951aca641,2,1,R-4e624cf5c1c8466b:R-effe78d951aca641=1.000,same normalized title/year and pairwise author overlap >= 0.75,"Generated from local title, year, author, venue, DOI, and provenance fields."
MR-0437,R-411f720395e2fc8f;R-e554131e68e19d02,merge_all_author_match,R-411f720395e2fc8f+R-e554131e68e19d02,2,1,R-411f720395e2fc8f:R-e554131e68e19d02=1.000,same normalized title/year and pairwise author overlap >= 0.75,"Generated from local title, year, author, venue, DOI, and provenance fields."
MR-0438,R-22b8bd73451a1ba1;R-6bb094b2a174435f,merge_all_author_match,R-22b8bd73451a1ba1+R-6bb094b2a174435f,2,1,R-22b8bd73451a1ba1:R-6bb094b2a174435f=1.000,same normalized title/year and pairwise author overlap >= 0.75,"Generated from local title, year, author, venue, DOI, and provenance fields."
MR-0439,R-eb75f3f946cc8b2e;R-f13a17b1e03b7e1a,merge_all_author_match,R-eb75f3f946cc8b2e+R-f13a17b1e03b7e1a,2,1,R-eb75f3f946cc8b2e:R-f13a17b1e03b7e1a=1.000,same normalized title/year and pairwise author overlap >= 0.75,"Generated from local title, year, author, venue, DOI, and provenance fields."
MR-0440,R-5babc394cf3c73a6;R-90afe1498c1643dd,merge_all_author_match,R-5babc394cf3c73a6+R-90afe1498c1643dd,2,1,R-5babc394cf3c73a6:R-90afe1498c1643dd=1.000,same normalized title/year and pairwise author overlap >= 0.75,"Generated from local title, year, author, venue, DOI, and provenance fields."
MR-0441,R-5f9641c0624c1cce;R-9152e8fb42360813,merge_all_author_match,R-5f9641c0624c1cce+R-9152e8fb42360813,2,1,R-5f9641c0624c1cce:R-9152e8fb42360813=1.000,same normalized title/year and pairwise author overlap >= 0.75,"Generated from local title, year, author, venue, DOI, and provenance fields."
MR-0442,R-6dc1c1fa95b728ad;R-a5758e02cef6395a;R-b9db94e544ce5530,merge_all_author_match,R-6dc1c1fa95b728ad+R-a5758e02cef6395a+R-b9db94e544ce5530,3,1,R-6dc1c1fa95b728ad:R-a5758e02cef6395a=1.000;R-6dc1c1fa95b728ad:R-b9db94e544ce5530=1.000;R-a5758e02cef6395a:R-b9db94e544ce5530=1.000,same normalized title/year and pairwise author overlap >= 0.75,"Generated from local title, year, author, venue, DOI, and provenance fields."
MR-0443,R-7c3724983603386c;R-fc8ba795a98b3b53,merge_all_author_match,R-7c3724983603386c+R-fc8ba795a98b3b53,2,1,R-7c3724983603386c:R-fc8ba795a98b3b53=1.000,same normalized title/year and pairwise author overlap >= 0.75,"Generated from local title, year, author, venue, DOI, and provenance fields."
MR-0444,R-4306ee30fb6b43eb;R-54ce57bf65196266,merge_all_author_match,R-4306ee30fb6b43eb+R-54ce57bf65196266,2,1,R-4306ee30fb6b43eb:R-54ce57bf65196266=1.000,same normalized title/year and pairwise author overlap >= 0.75,"Generated from local title, year, author, venue, DOI, and provenance fields."
MR-0445,R-6996c79032fe4b31;R-c92095b19a05b83e,merge_all_author_match,R-6996c79032fe4b31+R-c92095b19a05b83e,2,1,R-6996c79032fe4b31:R-c92095b19a05b83e=1.000,same normalized title/year and pairwise author overlap >= 0.75,"Generated from local title, year, author, venue, DOI, and provenance fields."
MR-0446,R-3a197eea3a92e1d6;R-6fe31ca3d35c9926,merge_all_author_match,R-3a197eea3a92e1d6+R-6fe31ca3d35c9926,2,1,R-3a197eea3a92e1d6:R-6fe31ca3d35c9926=1.000,same normalized title/year and pairwise author overlap >= 0.75,"Generated from local title, year, author, venue, DOI, and provenance fields."
MR-0447,R-3b6eef1f4e602a97;R-68b9b92185ce3e54,merge_all_author_match,R-3b6eef1f4e602a97+R-68b9b92185ce3e54,2,1,R-3b6eef1f4e602a97:R-68b9b92185ce3e54=1.000,same normalized title/year and pairwise author overlap >= 0.75,"Generated from local title, year, author, venue, DOI, and provenance fields."
MR-0448,R-3874f826d817023d;R-7a4b5698e88aec2a,merge_all_author_match,R-3874f826d817023d+R-7a4b5698e88aec2a,2,1,R-3874f826d817023d:R-7a4b5698e88aec2a=1.000,same normalized title/year and pairwise author overlap >= 0.75,"Generated from local title, year, author, venue, DOI, and provenance fields."
MR-0449,R-d71af0e54de92e8f;R-f6a95812dbb1e54f,merge_all_author_match,R-d71af0e54de92e8f+R-f6a95812dbb1e54f,2,1,R-d71af0e54de92e8f:R-f6a95812dbb1e54f=1.000,same normalized title/year and pairwise author overlap >= 0.75,"Generated from local title, year, author, venue, DOI, and provenance fields."
MR-0450,R-18dba740e6d1e2fa;R-3c9477a8661b339b,merge_all_author_match,R-18dba740e6d1e2fa+R-3c9477a8661b339b,2,1,R-18dba740e6d1e2fa:R-3c9477a8661b339b=1.000,same normalized title/year and pairwise author overlap >= 0.75,"Generated from local title, year, author, venue, DOI, and provenance fields."
MR-0451,R-0221f6281635cab1;R-f249e1ab6a77f143,merge_all_author_match,R-0221f6281635cab1+R-f249e1ab6a77f143,2,1,R-0221f6281635cab1:R-f249e1ab6a77f143=1.000,same normalized title/year and pairwise author overlap >= 0.75,"Generated from local title, year, author, venue, DOI, and provenance fields."
MR-0452,R-1a623cb94d8b13a7;R-75a6d8fa41e9dd42,merge_all_author_match,R-1a623cb94d8b13a7+R-75a6d8fa41e9dd42,2,1,R-1a623cb94d8b13a7:R-75a6d8fa41e9dd42=1.000,same normalized title/year and pairwise author overlap >= 0.75,"Generated from local title, year, author, venue, DOI, and provenance fields."
MR-0453,R-1cbdf99cce0e97b3;R-de3dffe46fdbe888,merge_all_author_match,R-1cbdf99cce0e97b3+R-de3dffe46fdbe888,2,1,R-1cbdf99cce0e97b3:R-de3dffe46fdbe888=1.000,same normalized title/year and pairwise author overlap >= 0.75,"Generated from local title, year, author, venue, DOI, and provenance fields."
MR-0454,R-3dea34882d9ff0fd;R-6085487fc12645d6,merge_all_author_match,R-3dea34882d9ff0fd+R-6085487fc12645d6,2,1,R-3dea34882d9ff0fd:R-6085487fc12645d6=1.000,same normalized title/year and pairwise author overlap >= 0.75,"Generated from local title, year, author, venue, DOI, and provenance fields."
MR-0455,R-d4d2939575836d4a;R-fe7a437e8f23634e,merge_all_author_match,R-d4d2939575836d4a+R-fe7a437e8f23634e,2,1,R-d4d2939575836d4a:R-fe7a437e8f23634e=1.000,same normalized title/year and pairwise author overlap >= 0.75,"Generated from local title, year, author, venue, DOI, and provenance fields."
MR-0456,R-82cdac2f7436b19a;R-9545b65b4cbc211b,merge_all_author_match,R-82cdac2f7436b19a+R-9545b65b4cbc211b,2,1,R-82cdac2f7436b19a:R-9545b65b4cbc211b=1.000,same normalized title/year and pairwise author overlap >= 0.75,"Generated from local title, year, author, venue, DOI, and provenance fields."
MR-0457,R-9ccc41d90e25606a;R-ef8bb7d438267243,merge_all_author_match,R-9ccc41d90e25606a+R-ef8bb7d438267243,2,1,R-9ccc41d90e25606a:R-ef8bb7d438267243=1.250,same normalized title/year and pairwise author overlap >= 0.75,"Generated from local title, year, author, venue, DOI, and provenance fields."
MR-0458,R-11772393e07c6e10;R-78576a6df149e756,merge_all_author_match,R-11772393e07c6e10+R-78576a6df149e756,2,1,R-11772393e07c6e10:R-78576a6df149e756=1.000,same normalized title/year and pairwise author overlap >= 0.75,"Generated from local title, year, author, venue, DOI, and provenance fields."
MR-0459,R-da1b5cfeba7583b5;R-f8ad4f1d54680596,merge_all_author_match,R-da1b5cfeba7583b5+R-f8ad4f1d54680596,2,1,R-da1b5cfeba7583b5:R-f8ad4f1d54680596=1.000,same normalized title/year and pairwise author overlap >= 0.75,"Generated from local title, year, author, venue, DOI, and provenance fields."
MR-0460,R-db317e67a5732fd9;R-e242aaa92796dccc,merge_all_author_match,R-db317e67a5732fd9+R-e242aaa92796dccc,2,1,R-db317e67a5732fd9:R-e242aaa92796dccc=1.000,same normalized title/year and pairwise author overlap >= 0.75,"Generated from local title, year, author, venue, DOI, and provenance fields."
MR-0461,R-819470527f98fae2;R-c21c65fa9b8bf1b9,merge_all_author_match,R-819470527f98fae2+R-c21c65fa9b8bf1b9,2,1,R-819470527f98fae2:R-c21c65fa9b8bf1b9=1.000,same normalized title/year and pairwise author overlap >= 0.75,"Generated from local title, year, author, venue, DOI, and provenance fields."
MR-0462,R-5198e9582f6bb4ad;R-6428ccac605abd40,merge_all_author_match,R-5198e9582f6bb4ad+R-6428ccac605abd40,2,1,R-5198e9582f6bb4ad:R-6428ccac605abd40=1.000,same normalized title/year and pairwise author overlap >= 0.75,"Generated from local title, year, author, venue, DOI, and provenance fields."
MR-0463,R-2d1a2671da462908;R-30fed6427d55637d,merge_all_author_match,R-2d1a2671da462908+R-30fed6427d55637d,2,1,R-2d1a2671da462908:R-30fed6427d55637d=1.000,same normalized title/year and pairwise author overlap >= 0.75,"Generated from local title, year, author, venue, DOI, and provenance fields."
MR-0464,R-05815b3eac9294d7;R-4a34edbe9bbef6f2,merge_all_author_match,R-05815b3eac9294d7+R-4a34edbe9bbef6f2,2,1,R-05815b3eac9294d7:R-4a34edbe9bbef6f2=1.000,same normalized title/year and pairwise author overlap >= 0.75,"Generated from local title, year, author, venue, DOI, and provenance fields."
MR-0465,R-239545b3be7853d4;R-ef84c17f8473df9f,merge_all_author_match,R-239545b3be7853d4+R-ef84c17f8473df9f,2,1,R-239545b3be7853d4:R-ef84c17f8473df9f=1.000,same normalized title/year and pairwise author overlap >= 0.75,"Generated from local title, year, author, venue, DOI, and provenance fields."
MR-0466,R-1c2bafed7ba6670a;R-866c87b16a9d2e91,merge_all_author_match,R-1c2bafed7ba6670a+R-866c87b16a9d2e91,2,1,R-1c2bafed7ba6670a:R-866c87b16a9d2e91=1.000,same normalized title/year and pairwise author overlap >= 0.75,"Generated from local title, year, author, venue, DOI, and provenance fields."
MR-0467,R-15289f56d64919b0;R-68608a69a6020d75,merge_all_author_match,R-15289f56d64919b0+R-68608a69a6020d75,2,1,R-15289f56d64919b0:R-68608a69a6020d75=1.000,same normalized title/year and pairwise author overlap >= 0.75,"Generated from local title, year, author, venue, DOI, and provenance fields."
MR-0468,R-15887cdd6040f6cb;R-3664813037ac3095,merge_all_author_match,R-15887cdd6040f6cb+R-3664813037ac3095,2,1,R-15887cdd6040f6cb:R-3664813037ac3095=1.000,same normalized title/year and pairwise author overlap >= 0.75,"Generated from local title, year, author, venue, DOI, and provenance fields."
MR-0469,R-494c946eb5f13709;R-a505bf72f27a5a40,merge_all_author_match,R-494c946eb5f13709+R-a505bf72f27a5a40,2,1,R-494c946eb5f13709:R-a505bf72f27a5a40=1.000,same normalized title/year and pairwise author overlap >= 0.75,"Generated from local title, year, author, venue, DOI, and provenance fields."
MR-0470,R-fb4ad84063816f5e;R-fb89c21343833d94,merge_all_author_match,R-fb4ad84063816f5e+R-fb89c21343833d94,2,1,R-fb4ad84063816f5e:R-fb89c21343833d94=1.000,same normalized title/year and pairwise author overlap >= 0.75,"Generated from local title, year, author, venue, DOI, and provenance fields."
MR-0471,R-9409155e87f052a9;R-b47c6583b039d018,merge_all_author_match,R-9409155e87f052a9+R-b47c6583b039d018,2,1,R-9409155e87f052a9:R-b47c6583b039d018=1.000,same normalized title/year and pairwise author overlap >= 0.75,"Generated from local title, year, author, venue, DOI, and provenance fields."
MR-0472,R-4630dba6683c81a0;R-7cc7b9c4baa88f8f,merge_all_author_match,R-4630dba6683c81a0+R-7cc7b9c4baa88f8f,2,1,R-4630dba6683c81a0:R-7cc7b9c4baa88f8f=1.000,same normalized title/year and pairwise author overlap >= 0.75,"Generated from local title, year, author, venue, DOI, and provenance fields."
MR-0473,R-13d85c8f826d129d;R-36d35a8a3a8d8a04,merge_all_author_match,R-13d85c8f826d129d+R-36d35a8a3a8d8a04,2,1,R-13d85c8f826d129d:R-36d35a8a3a8d8a04=1.000,same normalized title/year and pairwise author overlap >= 0.75,"Generated from local title, year, author, venue, DOI, and provenance fields."
MR-0474,R-a1cdb8d0be9895d6;R-ce9854cca3d492db,merge_all_author_match,R-a1cdb8d0be9895d6+R-ce9854cca3d492db,2,1,R-a1cdb8d0be9895d6:R-ce9854cca3d492db=1.000,same normalized title/year and pairwise author overlap >= 0.75,"Generated from local title, year, author, venue, DOI, and provenance fields."
MR-0475,R-68f4529b40660668;R-a550defdaa39f037,merge_all_author_match,R-68f4529b40660668+R-a550defdaa39f037,2,1,R-68f4529b40660668:R-a550defdaa39f037=1.000,same normalized title/year and pairwise author overlap >= 0.75,"Generated from local title, year, author, venue, DOI, and provenance fields."
MR-0476,R-07f6444b7c068758;R-c20f1ad596b9b837,merge_all_author_match,R-07f6444b7c068758+R-c20f1ad596b9b837,2,1,R-07f6444b7c068758:R-c20f1ad596b9b837=1.000,same normalized title/year and pairwise author overlap >= 0.75,"Generated from local title, year, author, venue, DOI, and provenance fields."
MR-0477,R-c19af40301aba528;R-f3e39b0990220030,merge_all_author_match,R-c19af40301aba528+R-f3e39b0990220030,2,1,R-c19af40301aba528:R-f3e39b0990220030=1.000,same normalized title/year and pairwise author overlap >= 0.75,"Generated from local title, year, author, venue, DOI, and provenance fields."
MR-0478,R-238107db8ced2cf6;R-c57f13b8f4a7fd4a,merge_all_author_match,R-238107db8ced2cf6+R-c57f13b8f4a7fd4a,2,1,R-238107db8ced2cf6:R-c57f13b8f4a7fd4a=1.000,same normalized title/year and pairwise author overlap >= 0.75,"Generated from local title, year, author, venue, DOI, and provenance fields."
MR-0479,R-4c2a46e26b9e5adc;R-727940a27c004415,merge_all_author_match,R-4c2a46e26b9e5adc+R-727940a27c004415,2,1,R-4c2a46e26b9e5adc:R-727940a27c004415=1.000,same normalized title/year and pairwise author overlap >= 0.75,"Generated from local title, year, author, venue, DOI, and provenance fields."
MR-0480,R-4bbfd71520522625;R-b8187eb8352bec19,merge_all_author_match,R-4bbfd71520522625+R-b8187eb8352bec19,2,1,R-4bbfd71520522625:R-b8187eb8352bec19=1.000,same normalized title/year and pairwise author overlap >= 0.75,"Generated from local title, year, author, venue, DOI, and provenance fields."
MR-0481,R-205a2f738a365d40;R-ba1fcc245c62ec12,merge_all_author_match,R-205a2f738a365d40+R-ba1fcc245c62ec12,2,1,R-205a2f738a365d40:R-ba1fcc245c62ec12=1.000,same normalized title/year and pairwise author overlap >= 0.75,"Generated from local title, year, author, venue, DOI, and provenance fields."
MR-0482,R-45fbf0d80421365b;R-87d0f054bd591cc4,merge_all_author_match,R-45fbf0d80421365b+R-87d0f054bd591cc4,2,1,R-45fbf0d80421365b:R-87d0f054bd591cc4=1.000,same normalized title/year and pairwise author overlap >= 0.75,"Generated from local title, year, author, venue, DOI, and provenance fields."
MR-0483,R-09876cf2c8182768;R-7de53f50a4cb0ced,merge_all_author_match,R-09876cf2c8182768+R-7de53f50a4cb0ced,2,1,R-09876cf2c8182768:R-7de53f50a4cb0ced=1.000,same normalized title/year and pairwise author overlap >= 0.75,"Generated from local title, year, author, venue, DOI, and provenance fields."
MR-0484,R-15c133d3440e6841;R-ab5470c0f0c73a19,merge_all_author_match,R-15c133d3440e6841+R-ab5470c0f0c73a19,2,1,R-15c133d3440e6841:R-ab5470c0f0c73a19=1.000,same normalized title/year and pairwise author overlap >= 0.75,"Generated from local title, year, author, venue, DOI, and provenance fields."
MR-0485,R-14df1b0352595ad0;R-952f7ac374d0eb34;R-f2c173dbe4ad11ad,merge_all_author_match,R-14df1b0352595ad0+R-952f7ac374d0eb34+R-f2c173dbe4ad11ad,3,1,R-14df1b0352595ad0:R-952f7ac374d0eb34=1.000;R-14df1b0352595ad0:R-f2c173dbe4ad11ad=1.000;R-952f7ac374d0eb34:R-f2c173dbe4ad11ad=1.000,same normalized title/year and pairwise author overlap >= 0.75,"Generated from local title, year, author, venue, DOI, and provenance fields."
MR-0486,R-7538a1b44832c995;R-b2768a58bc1bc988,merge_all_author_match,R-7538a1b44832c995+R-b2768a58bc1bc988,2,1,R-7538a1b44832c995:R-b2768a58bc1bc988=1.000,same normalized title/year and pairwise author overlap >= 0.75,"Generated from local title, year, author, venue, DOI, and provenance fields."
MR-0487,R-2fc5314d695201e5;R-9e8232776d2b921f,merge_all_author_match,R-2fc5314d695201e5+R-9e8232776d2b921f,2,1,R-2fc5314d695201e5:R-9e8232776d2b921f=1.000,same normalized title/year and pairwise author overlap >= 0.75,"Generated from local title, year, author, venue, DOI, and provenance fields."
MR-0488,R-964c6160a415019a;R-b0c7f14ae54ff926;R-dde32b843c3447c0,merge_all_author_match,R-964c6160a415019a+R-b0c7f14ae54ff926+R-dde32b843c3447c0,3,1,R-964c6160a415019a:R-b0c7f14ae54ff926=1.000;R-964c6160a415019a:R-dde32b843c3447c0=1.000;R-b0c7f14ae54ff926:R-dde32b843c3447c0=1.000,same normalized title/year and pairwise author overlap >= 0.75,"Generated from local title, year, author, venue, DOI, and provenance fields."
MR-0489,R-15dd1560925113ca;R-4ef64b6f4f4e59a6,merge_all_author_match,R-15dd1560925113ca+R-4ef64b6f4f4e59a6,2,1,R-15dd1560925113ca:R-4ef64b6f4f4e59a6=1.000,same normalized title/year and pairwise author overlap >= 0.75,"Generated from local title, year, author, venue, DOI, and provenance fields."
MR-0490,R-6a390962a3d18ca9;R-f2d67b26f82b4004,merge_all_author_match,R-6a390962a3d18ca9+R-f2d67b26f82b4004,2,1,R-6a390962a3d18ca9:R-f2d67b26f82b4004=1.000,same normalized title/year and pairwise author overlap >= 0.75,"Generated from local title, year, author, venue, DOI, and provenance fields."
MR-0491,R-799bc0b2feb32222;R-dd23e2cf4f2507fc,merge_all_author_match,R-799bc0b2feb32222+R-dd23e2cf4f2507fc,2,1,R-799bc0b2feb32222:R-dd23e2cf4f2507fc=1.000,same normalized title/year and pairwise author overlap >= 0.75,"Generated from local title, year, author, venue, DOI, and provenance fields."
MR-0492,R-53305637c54b1549;R-9b8af0573f08989c,merge_all_author_match,R-53305637c54b1549+R-9b8af0573f08989c,2,1,R-53305637c54b1549:R-9b8af0573f08989c=1.000,same normalized title/year and pairwise author overlap >= 0.75,"Generated from local title, year, author, venue, DOI, and provenance fields."
MR-0493,R-04c97ccdebe70aed;R-7d632df6f859800b;R-97b6381ef911afa7;R-db15fb149df1ce25,merge_all_author_match,R-04c97ccdebe70aed+R-7d632df6f859800b+R-97b6381ef911afa7+R-db15fb149df1ce25,4,1,R-04c97ccdebe70aed:R-7d632df6f859800b=1.000;R-04c97ccdebe70aed:R-97b6381ef911afa7=1.000;R-04c97ccdebe70aed:R-db15fb149df1ce25=1.000;R-7d632df6f859800b:R-97b6381ef911afa7=1.000;R-7d632df6f859800b:R-db15fb149df1ce25=1.000;R-97b6381ef911afa7:R-db15fb149df1ce25=1.000,same normalized title/year and pairwise author overlap >= 0.75,"Generated from local title, year, author, venue, DOI, and provenance fields."
MR-0494,R-7a1a03b1c2811abf;R-b435c8cf6e9fdded,merge_all_author_match,R-7a1a03b1c2811abf+R-b435c8cf6e9fdded,2,1,R-7a1a03b1c2811abf:R-b435c8cf6e9fdded=1.000,same normalized title/year and pairwise author overlap >= 0.75,"Generated from local title, year, author, venue, DOI, and provenance fields."
MR-0495,R-92347920b1f3cee9;R-ff3e289450bc2197,merge_all_author_match,R-92347920b1f3cee9+R-ff3e289450bc2197,2,1,R-92347920b1f3cee9:R-ff3e289450bc2197=1.000,same normalized title/year and pairwise author overlap >= 0.75,"Generated from local title, year, author, venue, DOI, and provenance fields."
MR-0496,R-5ac6a0f490aa810d;R-62636b3305baea29,merge_all_author_match,R-5ac6a0f490aa810d+R-62636b3305baea29,2,1,R-5ac6a0f490aa810d:R-62636b3305baea29=1.000,same normalized title/year and pairwise author overlap >= 0.75,"Generated from local title, year, author, venue, DOI, and provenance fields."
MR-0497,R-8d1d798cb7364f71;R-c4b82e122b21d71a,merge_all_author_match,R-8d1d798cb7364f71+R-c4b82e122b21d71a,2,1,R-8d1d798cb7364f71:R-c4b82e122b21d71a=1.000,same normalized title/year and pairwise author overlap >= 0.75,"Generated from local title, year, author, venue, DOI, and provenance fields."
MR-0498,R-8c56184a3ccb6a74;R-ff055b751760163e,merge_all_author_match,R-8c56184a3ccb6a74+R-ff055b751760163e,2,1,R-8c56184a3ccb6a74:R-ff055b751760163e=1.000,same normalized title/year and pairwise author overlap >= 0.75,"Generated from local title, year, author, venue, DOI, and provenance fields."
MR-0499,R-51b335ef65e9ce40;R-de7cebd18bd46b23,merge_all_author_match,R-51b335ef65e9ce40+R-de7cebd18bd46b23,2,1,R-51b335ef65e9ce40:R-de7cebd18bd46b23=1.000,same normalized title/year and pairwise author overlap >= 0.75,"Generated from local title, year, author, venue, DOI, and provenance fields."
MR-0500,R-cd664088a34a9667;R-d566f29d44a66ec3,merge_all_author_match,R-cd664088a34a9667+R-d566f29d44a66ec3,2,1,R-cd664088a34a9667:R-d566f29d44a66ec3=1.000,same normalized title/year and pairwise author overlap >= 0.75,"Generated from local title, year, author, venue, DOI, and provenance fields."
MR-0501,R-c270816c73ca39c1;R-ff0648543a7145ff,merge_all_author_match,R-c270816c73ca39c1+R-ff0648543a7145ff,2,1,R-c270816c73ca39c1:R-ff0648543a7145ff=1.000,same normalized title/year and pairwise author overlap >= 0.75,"Generated from local title, year, author, venue, DOI, and provenance fields."
MR-0502,R-3381e08616bc1632;R-8584f2f369c62a46,merge_all_author_match,R-3381e08616bc1632+R-8584f2f369c62a46,2,1,R-3381e08616bc1632:R-8584f2f369c62a46=1.000,same normalized title/year and pairwise author overlap >= 0.75,"Generated from local title, year, author, venue, DOI, and provenance fields."
MR-0503,R-72be44695c45f3ae;R-f13915c0d9be16bc,merge_all_author_match,R-72be44695c45f3ae+R-f13915c0d9be16bc,2,1,R-72be44695c45f3ae:R-f13915c0d9be16bc=1.000,same normalized title/year and pairwise author overlap >= 0.75,"Generated from local title, year, author, venue, DOI, and provenance fields."
MR-0504,R-5b45a6361d950dc5;R-7c2f695a936991a0,merge_all_author_match,R-5b45a6361d950dc5+R-7c2f695a936991a0,2,1,R-5b45a6361d950dc5:R-7c2f695a936991a0=1.000,same normalized title/year and pairwise author overlap >= 0.75,"Generated from local title, year, author, venue, DOI, and provenance fields."
MR-0505,R-70bc721d545d1431;R-c135b66b51fda8f1,merge_all_author_match,R-70bc721d545d1431+R-c135b66b51fda8f1,2,1,R-70bc721d545d1431:R-c135b66b51fda8f1=1.000,same normalized title/year and pairwise author overlap >= 0.75,"Generated from local title, year, author, venue, DOI, and provenance fields."
MR-0506,R-afa76676ff761dd6;R-d427c22c1cdd679c,merge_all_author_match,R-afa76676ff761dd6+R-d427c22c1cdd679c,2,1,R-afa76676ff761dd6:R-d427c22c1cdd679c=1.000,same normalized title/year and pairwise author overlap >= 0.75,"Generated from local title, year, author, venue, DOI, and provenance fields."
MR-0507,R-9d27a16480707cc4;R-b7bb73de4ec1d670,merge_all_author_match,R-9d27a16480707cc4+R-b7bb73de4ec1d670,2,1,R-9d27a16480707cc4:R-b7bb73de4ec1d670=1.000,same normalized title/year and pairwise author overlap >= 0.75,"Generated from local title, year, author, venue, DOI, and provenance fields."
MR-0508,R-dcff9609df5fb4f3;R-f6ec6edd42156625,merge_all_author_match,R-dcff9609df5fb4f3+R-f6ec6edd42156625,2,1,R-dcff9609df5fb4f3:R-f6ec6edd42156625=1.000,same normalized title/year and pairwise author overlap >= 0.75,"Generated from local title, year, author, venue, DOI, and provenance fields."
MR-0509,R-12c175b5c6ce5042;R-4f06851ebcf0fdc9,merge_all_author_match,R-12c175b5c6ce5042+R-4f06851ebcf0fdc9,2,1,R-12c175b5c6ce5042:R-4f06851ebcf0fdc9=1.000,same normalized title/year and pairwise author overlap >= 0.75,"Generated from local title, year, author, venue, DOI, and provenance fields."
MR-0510,R-1f5fa1145c73df3c;R-5d18096843cd06ac;R-a0d37e606751ed89,merge_all_author_match,R-1f5fa1145c73df3c+R-5d18096843cd06ac+R-a0d37e606751ed89,3,1,R-1f5fa1145c73df3c:R-5d18096843cd06ac=0.750;R-1f5fa1145c73df3c:R-a0d37e606751ed89=1.000;R-5d18096843cd06ac:R-a0d37e606751ed89=1.000,same normalized title/year and pairwise author overlap >= 0.75,"Generated from local title, year, author, venue, DOI, and provenance fields."
MR-0511,R-109d24133b9a0e69;R-e2404c5b6161bd98,merge_all_author_match,R-109d24133b9a0e69+R-e2404c5b6161bd98,2,1,R-109d24133b9a0e69:R-e2404c5b6161bd98=1.000,same normalized title/year and pairwise author overlap >= 0.75,"Generated from local title, year, author, venue, DOI, and provenance fields."
MR-0512,R-240a2f3bb79a618e;R-b5120bb681518cbc,merge_all_author_match,R-240a2f3bb79a618e+R-b5120bb681518cbc,2,1,R-240a2f3bb79a618e:R-b5120bb681518cbc=1.000,same normalized title/year and pairwise author overlap >= 0.75,"Generated from local title, year, author, venue, DOI, and provenance fields."
MR-0513,R-c3ac9bd43f695da8;R-d975a8e5da5587a8,merge_all_author_match,R-c3ac9bd43f695da8+R-d975a8e5da5587a8,2,1,R-c3ac9bd43f695da8:R-d975a8e5da5587a8=1.000,same normalized title/year and pairwise author overlap >= 0.75,"Generated from local title, year, author, venue, DOI, and provenance fields."
MR-0514,R-aed8de7202ad6416;R-e46d37db6842cc2a,merge_all_author_match,R-aed8de7202ad6416+R-e46d37db6842cc2a,2,1,R-aed8de7202ad6416:R-e46d37db6842cc2a=1.000,same normalized title/year and pairwise author overlap >= 0.75,"Generated from local title, year, author, venue, DOI, and provenance fields."
MR-0515,R-5a74638a593616ba;R-ef8a228c6f138cc3,merge_all_author_match,R-5a74638a593616ba+R-ef8a228c6f138cc3,2,1,R-5a74638a593616ba:R-ef8a228c6f138cc3=1.000,same normalized title/year and pairwise author overlap >= 0.75,"Generated from local title, year, author, venue, DOI, and provenance fields."
MR-0516,R-5019e2417e0ec3f3;R-def0410c7230afd1,merge_all_author_match,R-5019e2417e0ec3f3+R-def0410c7230afd1,2,1,R-5019e2417e0ec3f3:R-def0410c7230afd1=1.000,same normalized title/year and pairwise author overlap >= 0.75,"Generated from local title, year, author, venue, DOI, and provenance fields."
MR-0517,R-b309383261676765;R-d7e47ad6507931f0,merge_all_author_match,R-b309383261676765+R-d7e47ad6507931f0,2,1,R-b309383261676765:R-d7e47ad6507931f0=1.000,same normalized title/year and pairwise author overlap >= 0.75,"Generated from local title, year, author, venue, DOI, and provenance fields."
MR-0518,R-3a9d3f7fdd05b44c;R-66f1e258449f101b;R-a6dbf08d7e541f43,merge_all_author_match,R-3a9d3f7fdd05b44c+R-66f1e258449f101b+R-a6dbf08d7e541f43,3,1,R-3a9d3f7fdd05b44c:R-66f1e258449f101b=1.000;R-3a9d3f7fdd05b44c:R-a6dbf08d7e541f43=1.000;R-66f1e258449f101b:R-a6dbf08d7e541f43=1.000,same normalized title/year and pairwise author overlap >= 0.75,"Generated from local title, year, author, venue, DOI, and provenance fields."
MR-0519,R-2ce04242afb360b6;R-377a2ee48576713e,merge_all_author_match,R-2ce04242afb360b6+R-377a2ee48576713e,2,1,R-2ce04242afb360b6:R-377a2ee48576713e=1.000,same normalized title/year and pairwise author overlap >= 0.75,"Generated from local title, year, author, venue, DOI, and provenance fields."
MR-0520,R-13d830769fed1f18;R-ed5a586ccac6d9ad,merge_all_author_match,R-13d830769fed1f18+R-ed5a586ccac6d9ad,2,1,R-13d830769fed1f18:R-ed5a586ccac6d9ad=1.000,same normalized title/year and pairwise author overlap >= 0.75,"Generated from local title, year, author, venue, DOI, and provenance fields."
MR-0521,R-4d810e695b4b0f0c;R-a24de59861a0326c,merge_all_author_match,R-4d810e695b4b0f0c+R-a24de59861a0326c,2,1,R-4d810e695b4b0f0c:R-a24de59861a0326c=1.000,same normalized title/year and pairwise author overlap >= 0.75,"Generated from local title, year, author, venue, DOI, and provenance fields."
MR-0522,R-ddca461bc2321c4e;R-f61a72ecf812f55c,merge_all_author_match,R-ddca461bc2321c4e+R-f61a72ecf812f55c,2,1,R-ddca461bc2321c4e:R-f61a72ecf812f55c=1.000,same normalized title/year and pairwise author overlap >= 0.75,"Generated from local title, year, author, venue, DOI, and provenance fields."
MR-0523,R-262ee703fa86a58d;R-6b1d44a74e1f4af4,merge_all_author_match,R-262ee703fa86a58d+R-6b1d44a74e1f4af4,2,1,R-262ee703fa86a58d:R-6b1d44a74e1f4af4=1.000,same normalized title/year and pairwise author overlap >= 0.75,"Generated from local title, year, author, venue, DOI, and provenance fields."
MR-0524,R-9c5540ff9899b18f;R-ce07e8e6c1a80b59,merge_all_author_match,R-9c5540ff9899b18f+R-ce07e8e6c1a80b59,2,1,R-9c5540ff9899b18f:R-ce07e8e6c1a80b59=1.000,same normalized title/year and pairwise author overlap >= 0.75,"Generated from local title, year, author, venue, DOI, and provenance fields."
MR-0525,R-46099ccd3416cd33;R-d36b4a297c03b1fc,merge_all_author_match,R-46099ccd3416cd33+R-d36b4a297c03b1fc,2,1,R-46099ccd3416cd33:R-d36b4a297c03b1fc=1.000,same normalized title/year and pairwise author overlap >= 0.75,"Generated from local title, year, author, venue, DOI, and provenance fields."
MR-0526,R-04f836a1a7830c1e;R-9a37564994ac6239,merge_all_author_match,R-04f836a1a7830c1e+R-9a37564994ac6239,2,1,R-04f836a1a7830c1e:R-9a37564994ac6239=1.000,same normalized title/year and pairwise author overlap >= 0.75,"Generated from local title, year, author, venue, DOI, and provenance fields."
MR-0527,R-d00aa2162e9d04dd;R-dd7cc585b24b94c7,merge_all_author_match,R-d00aa2162e9d04dd+R-dd7cc585b24b94c7,2,1,R-d00aa2162e9d04dd:R-dd7cc585b24b94c7=1.000,same normalized title/year and pairwise author overlap >= 0.75,"Generated from local title, year, author, venue, DOI, and provenance fields."
MR-0528,R-3db64e55f735d7e3;R-d758cdd09061f6ac,merge_all_author_match,R-3db64e55f735d7e3+R-d758cdd09061f6ac,2,1,R-3db64e55f735d7e3:R-d758cdd09061f6ac=1.000,same normalized title/year and pairwise author overlap >= 0.75,"Generated from local title, year, author, venue, DOI, and provenance fields."
MR-0529,R-295c3371d6ce6d49;R-794d1a39893b48c0,merge_all_author_match,R-295c3371d6ce6d49+R-794d1a39893b48c0,2,1,R-295c3371d6ce6d49:R-794d1a39893b48c0=1.000,same normalized title/year and pairwise author overlap >= 0.75,"Generated from local title, year, author, venue, DOI, and provenance fields."
MR-0530,R-9de4d98d44bccd60;R-c5471f4b59254835,merge_all_author_match,R-9de4d98d44bccd60+R-c5471f4b59254835,2,1,R-9de4d98d44bccd60:R-c5471f4b59254835=1.000,same normalized title/year and pairwise author overlap >= 0.75,"Generated from local title, year, author, venue, DOI, and provenance fields."
MR-0531,R-1e7f18cd36356965;R-bd036eec890e651f,merge_all_author_match,R-1e7f18cd36356965+R-bd036eec890e651f,2,1,R-1e7f18cd36356965:R-bd036eec890e651f=1.000,same normalized title/year and pairwise author overlap >= 0.75,"Generated from local title, year, author, venue, DOI, and provenance fields."
MR-0532,R-6bbef49183c93167;R-f70c6944f218c546,merge_all_author_match,R-6bbef49183c93167+R-f70c6944f218c546,2,1,R-6bbef49183c93167:R-f70c6944f218c546=1.000,same normalized title/year and pairwise author overlap >= 0.75,"Generated from local title, year, author, venue, DOI, and provenance fields."
MR-0533,R-432b9d733c9363ed;R-6e21e755c1afb149,merge_all_author_match,R-432b9d733c9363ed+R-6e21e755c1afb149,2,1,R-432b9d733c9363ed:R-6e21e755c1afb149=1.000,same normalized title/year and pairwise author overlap >= 0.75,"Generated from local title, year, author, venue, DOI, and provenance fields."
MR-0534,R-c1acac152aa9ac23;R-d797be922fcba57b,merge_all_author_match,R-c1acac152aa9ac23+R-d797be922fcba57b,2,1,R-c1acac152aa9ac23:R-d797be922fcba57b=1.000,same normalized title/year and pairwise author overlap >= 0.75,"Generated from local title, year, author, venue, DOI, and provenance fields."
MR-0535,R-4d886a0863c3abb1;R-be92ce93bb3610d4,merge_all_author_match,R-4d886a0863c3abb1+R-be92ce93bb3610d4,2,1,R-4d886a0863c3abb1:R-be92ce93bb3610d4=1.000,same normalized title/year and pairwise author overlap >= 0.75,"Generated from local title, year, author, venue, DOI, and provenance fields."
MR-0536,R-e0608b4167b8592f;R-e95d7c15acecdd77,merge_all_author_match,R-e0608b4167b8592f+R-e95d7c15acecdd77,2,1,R-e0608b4167b8592f:R-e95d7c15acecdd77=1.000,same normalized title/year and pairwise author overlap >= 0.75,"Generated from local title, year, author, venue, DOI, and provenance fields."
MR-0537,R-7539d212aa90f5ce;R-b75cba2143fbb5a1,merge_all_author_match,R-7539d212aa90f5ce+R-b75cba2143fbb5a1,2,1,R-7539d212aa90f5ce:R-b75cba2143fbb5a1=1.000,same normalized title/year and pairwise author overlap >= 0.75,"Generated from local title, year, author, venue, DOI, and provenance fields."
MR-0538,R-5992a8ef3a742860;R-b541be3b38b3162c,merge_all_author_match,R-5992a8ef3a742860+R-b541be3b38b3162c,2,1,R-5992a8ef3a742860:R-b541be3b38b3162c=1.000,same normalized title/year and pairwise author overlap >= 0.75,"Generated from local title, year, author, venue, DOI, and provenance fields."
MR-0539,R-0d074c67ba175fe1;R-6494a60a1362bb0d;R-9ad9b3e123d5bc0a,merge_all_author_match,R-0d074c67ba175fe1+R-6494a60a1362bb0d+R-9ad9b3e123d5bc0a,3,1,R-0d074c67ba175fe1:R-6494a60a1362bb0d=1.000;R-0d074c67ba175fe1:R-9ad9b3e123d5bc0a=1.000;R-6494a60a1362bb0d:R-9ad9b3e123d5bc0a=1.000,same normalized title/year and pairwise author overlap >= 0.75,"Generated from local title, year, author, venue, DOI, and provenance fields."
MR-0540,R-14fe806c264ab81d;R-8aa2ae50b944a587,merge_all_author_match,R-14fe806c264ab81d+R-8aa2ae50b944a587,2,1,R-14fe806c264ab81d:R-8aa2ae50b944a587=1.000,same normalized title/year and pairwise author overlap >= 0.75,"Generated from local title, year, author, venue, DOI, and provenance fields."
MR-0541,R-6442213b931c1135;R-b84b4beb77a5e037,merge_all_author_match,R-6442213b931c1135+R-b84b4beb77a5e037,2,1,R-6442213b931c1135:R-b84b4beb77a5e037=1.000,same normalized title/year and pairwise author overlap >= 0.75,"Generated from local title, year, author, venue, DOI, and provenance fields."
MR-0542,R-2aa12c0789d8b588;R-7ce160bd965358bd,merge_all_author_match,R-2aa12c0789d8b588+R-7ce160bd965358bd,2,1,R-2aa12c0789d8b588:R-7ce160bd965358bd=0.750,same normalized title/year and pairwise author overlap >= 0.75,"Generated from local title, year, author, venue, DOI, and provenance fields."
MR-0543,R-17f44450b5a5d892;R-2dae0e12bd455f63;R-478db7a63fbc221c,merge_all_author_match,R-17f44450b5a5d892+R-2dae0e12bd455f63+R-478db7a63fbc221c,3,1,R-17f44450b5a5d892:R-2dae0e12bd455f63=1.000;R-17f44450b5a5d892:R-478db7a63fbc221c=1.000;R-2dae0e12bd455f63:R-478db7a63fbc221c=1.000,same normalized title/year and pairwise author overlap >= 0.75,"Generated from local title, year, author, venue, DOI, and provenance fields."
MR-0544,R-342e7bc838f07571;R-a8b52777dc79a3f1;R-b6a23b566830118c,merge_all_author_match,R-342e7bc838f07571+R-a8b52777dc79a3f1+R-b6a23b566830118c,3,1,R-342e7bc838f07571:R-a8b52777dc79a3f1=1.000;R-342e7bc838f07571:R-b6a23b566830118c=1.000;R-a8b52777dc79a3f1:R-b6a23b566830118c=1.000,same normalized title/year and pairwise author overlap >= 0.75,"Generated from local title, year, author, venue, DOI, and provenance fields."
MR-0545,R-8191a7bb05d4be2b;R-c4f5e077cc4ece52;R-e5f061a2703a3919,keep_separate_conservative,R-8191a7bb05d4be2b | R-c4f5e077cc4ece52 | R-e5f061a2703a3919,3,0,R-8191a7bb05d4be2b:R-c4f5e077cc4ece52=NA;R-8191a7bb05d4be2b:R-e5f061a2703a3919=NA;R-c4f5e077cc4ece52:R-e5f061a2703a3919=NA,insufficient author metadata; retained separately,"Generated from local title, year, author, venue, DOI, and provenance fields."
MR-0546,R-047d086615c6833b;R-88b3575fb306dd7e;R-f46b9793dedae3e6,keep_separate_conservative,R-047d086615c6833b | R-88b3575fb306dd7e | R-f46b9793dedae3e6,3,0,R-047d086615c6833b:R-88b3575fb306dd7e=NA;R-047d086615c6833b:R-f46b9793dedae3e6=NA;R-88b3575fb306dd7e:R-f46b9793dedae3e6=NA,insufficient author metadata; retained separately,"Generated from local title, year, author, venue, DOI, and provenance fields."
MR-0547,R-74d96cf8063f525d;R-83497cabd6fd4768;R-a86b9ef7fe8301e1;R-dec0bffa0e2f109e,keep_separate_conservative,R-74d96cf8063f525d | R-83497cabd6fd4768 | R-a86b9ef7fe8301e1 | R-dec0bffa0e2f109e,4,0,R-74d96cf8063f525d:R-83497cabd6fd4768=NA;R-74d96cf8063f525d:R-a86b9ef7fe8301e1=NA;R-74d96cf8063f525d:R-dec0bffa0e2f109e=NA;R-83497cabd6fd4768:R-a86b9ef7fe8301e1=NA;R-83497cabd6fd4768:R-dec0bffa0e2f109e=NA;R-a86b9ef7fe8301e1:R-dec0bffa0e2f109e=NA,insufficient author metadata; retained separately,"Generated from local title, year, author, venue, DOI, and provenance fields."
MR-0548,R-641b6ad494aa1254;R-a5e6610a9b870817;R-bc15ff55daa3f645;R-d880f31afa441125,keep_separate_conservative,R-641b6ad494aa1254 | R-a5e6610a9b870817 | R-bc15ff55daa3f645 | R-d880f31afa441125,4,0,R-641b6ad494aa1254:R-a5e6610a9b870817=NA;R-641b6ad494aa1254:R-bc15ff55daa3f645=NA;R-641b6ad494aa1254:R-d880f31afa441125=NA;R-a5e6610a9b870817:R-bc15ff55daa3f645=NA;R-a5e6610a9b870817:R-d880f31afa441125=NA;R-bc15ff55daa3f645:R-d880f31afa441125=NA,insufficient author metadata; retained separately,"Generated from local title, year, author, venue, DOI, and provenance fields."
MR-0549,R-29dc6d61c116bd60;R-aafa0ef458e4b039,merge_all_author_match,R-29dc6d61c116bd60+R-aafa0ef458e4b039,2,1,R-29dc6d61c116bd60:R-aafa0ef458e4b039=1.000,same normalized title/year and pairwise author overlap >= 0.75,"Generated from local title, year, author, venue, DOI, and provenance fields."
MR-0550,R-2f54ec08b9a7af55;R-f1b471fb7df0adeb,merge_all_author_match,R-2f54ec08b9a7af55+R-f1b471fb7df0adeb,2,1,R-2f54ec08b9a7af55:R-f1b471fb7df0adeb=1.000,same normalized title/year and pairwise author overlap >= 0.75,"Generated from local title, year, author, venue, DOI, and provenance fields."
MR-0551,R-0d4aa3ab4f61d4d7;R-60abc79089b325b1,merge_all_author_match,R-0d4aa3ab4f61d4d7+R-60abc79089b325b1,2,1,R-0d4aa3ab4f61d4d7:R-60abc79089b325b1=1.000,same normalized title/year and pairwise author overlap >= 0.75,"Generated from local title, year, author, venue, DOI, and provenance fields."
MR-0552,R-06889c17702711a2;R-fe769638b291e1f6,merge_all_author_match,R-06889c17702711a2+R-fe769638b291e1f6,2,1,R-06889c17702711a2:R-fe769638b291e1f6=1.000,same normalized title/year and pairwise author overlap >= 0.75,"Generated from local title, year, author, venue, DOI, and provenance fields."
MR-0553,R-72a043de91c65579;R-cd829ae1a8be8f5a,merge_all_author_match,R-72a043de91c65579+R-cd829ae1a8be8f5a,2,1,R-72a043de91c65579:R-cd829ae1a8be8f5a=1.000,same normalized title/year and pairwise author overlap >= 0.75,"Generated from local title, year, author, venue, DOI, and provenance fields."
MR-0554,R-ded4318e4471d967;R-f69055c12e779d9d,merge_all_author_match,R-ded4318e4471d967+R-f69055c12e779d9d,2,1,R-ded4318e4471d967:R-f69055c12e779d9d=0.750,same normalized title/year and pairwise author overlap >= 0.75,"Generated from local title, year, author, venue, DOI, and provenance fields."
MR-0555,R-6f9f6534d0f56c7e;R-716bc27e630948f8;R-811ee85e214e1e57,merge_all_author_match,R-6f9f6534d0f56c7e+R-716bc27e630948f8+R-811ee85e214e1e57,3,1,R-6f9f6534d0f56c7e:R-716bc27e630948f8=1.000;R-6f9f6534d0f56c7e:R-811ee85e214e1e57=1.000;R-716bc27e630948f8:R-811ee85e214e1e57=1.000,same normalized title/year and pairwise author overlap >= 0.75,"Generated from local title, year, author, venue, DOI, and provenance fields."
MR-0556,R-8907f5aaa7c38eb2;R-a3db954b7e62bc02,merge_all_author_match,R-8907f5aaa7c38eb2+R-a3db954b7e62bc02,2,1,R-8907f5aaa7c38eb2:R-a3db954b7e62bc02=1.000,same normalized title/year and pairwise author overlap >= 0.75,"Generated from local title, year, author, venue, DOI, and provenance fields."
MR-0557,R-01a2270db5ec347e;R-945d7a3d4ea8ea5b,merge_all_author_match,R-01a2270db5ec347e+R-945d7a3d4ea8ea5b,2,1,R-01a2270db5ec347e:R-945d7a3d4ea8ea5b=1.000,same normalized title/year and pairwise author overlap >= 0.75,"Generated from local title, year, author, venue, DOI, and provenance fields."
MR-0558,R-7b58814bc87497ae;R-eaa72f11675a5f0a,merge_all_author_match,R-7b58814bc87497ae+R-eaa72f11675a5f0a,2,1,R-7b58814bc87497ae:R-eaa72f11675a5f0a=1.000,same normalized title/year and pairwise author overlap >= 0.75,"Generated from local title, year, author, venue, DOI, and provenance fields."
MR-0559,R-68177a8ac24deb4b;R-94d4e75c74f9ecff,merge_all_author_match,R-68177a8ac24deb4b+R-94d4e75c74f9ecff,2,1,R-68177a8ac24deb4b:R-94d4e75c74f9ecff=1.000,same normalized title/year and pairwise author overlap >= 0.75,"Generated from local title, year, author, venue, DOI, and provenance fields."
MR-0560,R-1e66499b6b254e7d;R-57b587241f6b5b5c,merge_all_author_match,R-1e66499b6b254e7d+R-57b587241f6b5b5c,2,1,R-1e66499b6b254e7d:R-57b587241f6b5b5c=1.000,same normalized title/year and pairwise author overlap >= 0.75,"Generated from local title, year, author, venue, DOI, and provenance fields."
MR-0561,R-1b9efd64c4af4dea;R-870d26e8126f171e,merge_all_author_match,R-1b9efd64c4af4dea+R-870d26e8126f171e,2,1,R-1b9efd64c4af4dea:R-870d26e8126f171e=1.000,same normalized title/year and pairwise author overlap >= 0.75,"Generated from local title, year, author, venue, DOI, and provenance fields."
MR-0562,R-303ecf15f4fa0348;R-67c8c3f01d0ba848;R-d673c7a14ea320dd,keep_separate_conservative,R-303ecf15f4fa0348 | R-67c8c3f01d0ba848 | R-d673c7a14ea320dd,3,0,R-303ecf15f4fa0348:R-67c8c3f01d0ba848=NA;R-303ecf15f4fa0348:R-d673c7a14ea320dd=NA;R-67c8c3f01d0ba848:R-d673c7a14ea320dd=NA,insufficient author metadata; retained separately,"Generated from local title, year, author, venue, DOI, and provenance fields."
MR-0563,R-20bd39c8221cd83b;R-4137d30e3daeb6a5;R-acebb1e35b19dc6d,keep_separate_conservative,R-20bd39c8221cd83b | R-4137d30e3daeb6a5 | R-acebb1e35b19dc6d,3,0,R-20bd39c8221cd83b:R-4137d30e3daeb6a5=NA;R-20bd39c8221cd83b:R-acebb1e35b19dc6d=NA;R-4137d30e3daeb6a5:R-acebb1e35b19dc6d=NA,insufficient author metadata; retained separately,"Generated from local title, year, author, venue, DOI, and provenance fields."
MR-0564,R-5e6dd8fb9206f1a2;R-c4cc16ffa08ae4e3,keep_separate_conservative,R-5e6dd8fb9206f1a2 | R-c4cc16ffa08ae4e3,2,0,R-5e6dd8fb9206f1a2:R-c4cc16ffa08ae4e3=NA,insufficient author metadata; retained separately,"Generated from local title, year, author, venue, DOI, and provenance fields."
MR-0565,R-441640ed6a3455f8;R-581f4bc2ad162b6f,merge_all_curated,R-441640ed6a3455f8+R-581f4bc2ad162b6f,2,1,R-441640ed6a3455f8:R-581f4bc2ad162b6f=0.500,same study version; journal and SSRN records share exact title/year,"Generated from local title, year, author, venue, DOI, and provenance fields."
MR-0566,R-dd57fc32cfda285e;R-f6f6a1fede102f4f,merge_all_author_match,R-dd57fc32cfda285e+R-f6f6a1fede102f4f,2,1,R-dd57fc32cfda285e:R-f6f6a1fede102f4f=1.000,same normalized title/year and pairwise author overlap >= 0.75,"Generated from local title, year, author, venue, DOI, and provenance fields."
MR-0567,R-14971b3c70ba9ca1;R-8b25604cda0c19c9,merge_all_author_match,R-14971b3c70ba9ca1+R-8b25604cda0c19c9,2,1,R-14971b3c70ba9ca1:R-8b25604cda0c19c9=1.000,same normalized title/year and pairwise author overlap >= 0.75,"Generated from local title, year, author, venue, DOI, and provenance fields."
MR-0568,R-6c8ee0287e215980;R-dc9d3533a15a8441,merge_all_author_match,R-6c8ee0287e215980+R-dc9d3533a15a8441,2,1,R-6c8ee0287e215980:R-dc9d3533a15a8441=1.000,same normalized title/year and pairwise author overlap >= 0.75,"Generated from local title, year, author, venue, DOI, and provenance fields."
MR-0569,R-39d56de719dbcf09;R-9cd213a2bd6476fa;R-d91a8823ed9bfef4,merge_all_author_match,R-39d56de719dbcf09+R-9cd213a2bd6476fa+R-d91a8823ed9bfef4,3,1,R-39d56de719dbcf09:R-9cd213a2bd6476fa=1.000;R-39d56de719dbcf09:R-d91a8823ed9bfef4=1.000;R-9cd213a2bd6476fa:R-d91a8823ed9bfef4=1.000,same normalized title/year and pairwise author overlap >= 0.75,"Generated from local title, year, author, venue, DOI, and provenance fields."
MR-0570,R-04932ecdee4b723f;R-228d24f966a3bb26,merge_all_author_match,R-04932ecdee4b723f+R-228d24f966a3bb26,2,1,R-04932ecdee4b723f:R-228d24f966a3bb26=1.000,same normalized title/year and pairwise author overlap >= 0.75,"Generated from local title, year, author, venue, DOI, and provenance fields."
MR-0571,R-77e592a05413d558;R-cec478561abaf218,keep_separate_conservative,R-77e592a05413d558 | R-cec478561abaf218,2,0,R-77e592a05413d558:R-cec478561abaf218=NA,insufficient author metadata; retained separately,"Generated from local title, year, author, venue, DOI, and provenance fields."
MR-0572,R-9923555e9e87726d;R-b7525b5051db1a56,merge_all_author_match,R-9923555e9e87726d+R-b7525b5051db1a56,2,1,R-9923555e9e87726d:R-b7525b5051db1a56=1.000,same normalized title/year and pairwise author overlap >= 0.75,"Generated from local title, year, author, venue, DOI, and provenance fields."
MR-0573,R-0b62f7b185d5351e;R-fa8860c30292a47a,merge_all_author_match,R-0b62f7b185d5351e+R-fa8860c30292a47a,2,1,R-0b62f7b185d5351e:R-fa8860c30292a47a=1.000,same normalized title/year and pairwise author overlap >= 0.75,"Generated from local title, year, author, venue, DOI, and provenance fields."
MR-0574,R-c3c543f517a65575;R-eb4394f8bd272de0,merge_all_author_match,R-c3c543f517a65575+R-eb4394f8bd272de0,2,1,R-c3c543f517a65575:R-eb4394f8bd272de0=1.000,same normalized title/year and pairwise author overlap >= 0.75,"Generated from local title, year, author, venue, DOI, and provenance fields."
MR-0575,R-a3a96968b92c03ff;R-abbe2cd4dff08f20,merge_all_author_match,R-a3a96968b92c03ff+R-abbe2cd4dff08f20,2,1,R-a3a96968b92c03ff:R-abbe2cd4dff08f20=1.000,same normalized title/year and pairwise author overlap >= 0.75,"Generated from local title, year, author, venue, DOI, and provenance fields."
MR-0576,R-66bcee08c70b69f6;R-d0e2f7fd825780c1,merge_all_author_match,R-66bcee08c70b69f6+R-d0e2f7fd825780c1,2,1,R-66bcee08c70b69f6:R-d0e2f7fd825780c1=1.000,same normalized title/year and pairwise author overlap >= 0.75,"Generated from local title, year, author, venue, DOI, and provenance fields."
MR-0577,R-6c65b683c34f6d96;R-c812224fd44c8a8e,merge_all_author_match,R-6c65b683c34f6d96+R-c812224fd44c8a8e,2,1,R-6c65b683c34f6d96:R-c812224fd44c8a8e=1.000,same normalized title/year and pairwise author overlap >= 0.75,"Generated from local title, year, author, venue, DOI, and provenance fields."
MR-0578,R-29e91d152dbe4075;R-8f5ade6b5473fab7,merge_all_author_match,R-29e91d152dbe4075+R-8f5ade6b5473fab7,2,1,R-29e91d152dbe4075:R-8f5ade6b5473fab7=1.000,same normalized title/year and pairwise author overlap >= 0.75,"Generated from local title, year, author, venue, DOI, and provenance fields."
MR-0579,R-69ccf11779b22d08;R-8c32669aec079169,merge_all_author_match,R-69ccf11779b22d08+R-8c32669aec079169,2,1,R-69ccf11779b22d08:R-8c32669aec079169=1.000,same normalized title/year and pairwise author overlap >= 0.75,"Generated from local title, year, author, venue, DOI, and provenance fields."
MR-0580,R-474a64705122d6a9;R-c80d2a6d2fc7fe70,merge_all_author_match,R-474a64705122d6a9+R-c80d2a6d2fc7fe70,2,1,R-474a64705122d6a9:R-c80d2a6d2fc7fe70=1.000,same normalized title/year and pairwise author overlap >= 0.75,"Generated from local title, year, author, venue, DOI, and provenance fields."
MR-0581,R-20682510e80880e4;R-93a3d206c9e2e311,merge_all_author_match,R-20682510e80880e4+R-93a3d206c9e2e311,2,1,R-20682510e80880e4:R-93a3d206c9e2e311=1.000,same normalized title/year and pairwise author overlap >= 0.75,"Generated from local title, year, author, venue, DOI, and provenance fields."
MR-0582,R-369ef2874901e0c9;R-a8189c91a06317f4,merge_all_author_match,R-369ef2874901e0c9+R-a8189c91a06317f4,2,1,R-369ef2874901e0c9:R-a8189c91a06317f4=1.000,same normalized title/year and pairwise author overlap >= 0.75,"Generated from local title, year, author, venue, DOI, and provenance fields."
MR-0583,R-c3773c0914f87e34;R-e353a30c5d8cfa0a,merge_all_author_match,R-c3773c0914f87e34+R-e353a30c5d8cfa0a,2,1,R-c3773c0914f87e34:R-e353a30c5d8cfa0a=1.000,same normalized title/year and pairwise author overlap >= 0.75,"Generated from local title, year, author, venue, DOI, and provenance fields."
MR-0584,R-3f56ee0e505ad362;R-ced6196c8a769488,merge_all_author_match,R-3f56ee0e505ad362+R-ced6196c8a769488,2,1,R-3f56ee0e505ad362:R-ced6196c8a769488=1.000,same normalized title/year and pairwise author overlap >= 0.75,"Generated from local title, year, author, venue, DOI, and provenance fields."
MR-0585,R-3cb5a1c943848c8d;R-a7cda249a2047f36,merge_all_author_match,R-3cb5a1c943848c8d+R-a7cda249a2047f36,2,1,R-3cb5a1c943848c8d:R-a7cda249a2047f36=1.000,same normalized title/year and pairwise author overlap >= 0.75,"Generated from local title, year, author, venue, DOI, and provenance fields."
MR-0586,R-2b28aef438b39070;R-f57296a514f2d480,merge_all_author_match,R-2b28aef438b39070+R-f57296a514f2d480,2,1,R-2b28aef438b39070:R-f57296a514f2d480=1.000,same normalized title/year and pairwise author overlap >= 0.75,"Generated from local title, year, author, venue, DOI, and provenance fields."
MR-0587,R-5ebf8a7bdca7265d;R-a2606dc6f3f1c44a,merge_all_author_match,R-5ebf8a7bdca7265d+R-a2606dc6f3f1c44a,2,1,R-5ebf8a7bdca7265d:R-a2606dc6f3f1c44a=1.000,same normalized title/year and pairwise author overlap >= 0.75,"Generated from local title, year, author, venue, DOI, and provenance fields."
MR-0588,R-e326c8a3672ca250;R-f11fe242e9ff4f2b,merge_all_author_match,R-e326c8a3672ca250+R-f11fe242e9ff4f2b,2,1,R-e326c8a3672ca250:R-f11fe242e9ff4f2b=1.000,same normalized title/year and pairwise author overlap >= 0.75,"Generated from local title, year, author, venue, DOI, and provenance fields."
MR-0589,R-0a14db2a2837b0df;R-31e16fc7df39f096,merge_all_author_match,R-0a14db2a2837b0df+R-31e16fc7df39f096,2,1,R-0a14db2a2837b0df:R-31e16fc7df39f096=1.000,same normalized title/year and pairwise author overlap >= 0.75,"Generated from local title, year, author, venue, DOI, and provenance fields."
MR-0590,R-29455de6adbe052d;R-390a85a30c26f55c;R-aba2cce98d4ac65f,merge_all_author_match,R-29455de6adbe052d+R-390a85a30c26f55c+R-aba2cce98d4ac65f,3,1,R-29455de6adbe052d:R-390a85a30c26f55c=1.000;R-29455de6adbe052d:R-aba2cce98d4ac65f=1.000;R-390a85a30c26f55c:R-aba2cce98d4ac65f=1.000,same normalized title/year and pairwise author overlap >= 0.75,"Generated from local title, year, author, venue, DOI, and provenance fields."
MR-0591,R-0ab4b15dfdaddbb4;R-fd68a7eeef8c7468,merge_all_author_match,R-0ab4b15dfdaddbb4+R-fd68a7eeef8c7468,2,1,R-0ab4b15dfdaddbb4:R-fd68a7eeef8c7468=1.000,same normalized title/year and pairwise author overlap >= 0.75,"Generated from local title, year, author, venue, DOI, and provenance fields."
MR-0592,R-47d3e6300e376590;R-cf299c826aebff24,merge_all_author_match,R-47d3e6300e376590+R-cf299c826aebff24,2,1,R-47d3e6300e376590:R-cf299c826aebff24=1.000,same normalized title/year and pairwise author overlap >= 0.75,"Generated from local title, year, author, venue, DOI, and provenance fields."
MR-0593,R-78699dcf3f6e334c;R-7ca0402791541794,merge_all_author_match,R-78699dcf3f6e334c+R-7ca0402791541794,2,1,R-78699dcf3f6e334c:R-7ca0402791541794=1.000,same normalized title/year and pairwise author overlap >= 0.75,"Generated from local title, year, author, venue, DOI, and provenance fields."
MR-0594,R-963f9ee2327f3a7c;R-b06ce4ab36b675a4,merge_all_curated,R-963f9ee2327f3a7c+R-b06ce4ab36b675a4,2,1,R-963f9ee2327f3a7c:R-b06ce4ab36b675a4=0.667,same article; abbreviated author names in repository metadata,"Generated from local title, year, author, venue, DOI, and provenance fields."
MR-0595,R-271537e797b6d053;R-e1543e719eacfb4c,merge_all_author_match,R-271537e797b6d053+R-e1543e719eacfb4c,2,1,R-271537e797b6d053:R-e1543e719eacfb4c=1.000,same normalized title/year and pairwise author overlap >= 0.75,"Generated from local title, year, author, venue, DOI, and provenance fields."
MR-0596,R-702f6818a5b08c7d;R-8fd1a853e968fcc8,merge_all_author_match,R-702f6818a5b08c7d+R-8fd1a853e968fcc8,2,1,R-702f6818a5b08c7d:R-8fd1a853e968fcc8=1.000,same normalized title/year and pairwise author overlap >= 0.75,"Generated from local title, year, author, venue, DOI, and provenance fields."
MR-0597,R-1d87a7a5c47c5062;R-456691135a0e8e14,merge_all_author_match,R-1d87a7a5c47c5062+R-456691135a0e8e14,2,1,R-1d87a7a5c47c5062:R-456691135a0e8e14=1.000,same normalized title/year and pairwise author overlap >= 0.75,"Generated from local title, year, author, venue, DOI, and provenance fields."
MR-0598,R-c155c189a0f10166;R-da2a678e045acb90,merge_all_author_match,R-c155c189a0f10166+R-da2a678e045acb90,2,1,R-c155c189a0f10166:R-da2a678e045acb90=1.000,same normalized title/year and pairwise author overlap >= 0.75,"Generated from local title, year, author, venue, DOI, and provenance fields."
MR-0599,R-b25377588f4a1e50;R-fef25dcbed077b9a,merge_all_author_match,R-b25377588f4a1e50+R-fef25dcbed077b9a,2,1,R-b25377588f4a1e50:R-fef25dcbed077b9a=1.000,same normalized title/year and pairwise author overlap >= 0.75,"Generated from local title, year, author, venue, DOI, and provenance fields."
MR-0600,R-105ef9bd9a68c9d1;R-13e9c5ab85be88ad;R-4335d26ab3350b19;R-f5366e7c6dc23929,merge_all_author_match,R-105ef9bd9a68c9d1+R-13e9c5ab85be88ad+R-4335d26ab3350b19+R-f5366e7c6dc23929,4,1,R-105ef9bd9a68c9d1:R-13e9c5ab85be88ad=1.000;R-105ef9bd9a68c9d1:R-4335d26ab3350b19=1.000;R-105ef9bd9a68c9d1:R-f5366e7c6dc23929=1.000;R-13e9c5ab85be88ad:R-4335d26ab3350b19=1.000;R-13e9c5ab85be88ad:R-f5366e7c6dc23929=1.000;R-4335d26ab3350b19:R-f5366e7c6dc23929=1.000,same normalized title/year and pairwise author overlap >= 0.75,"Generated from local title, year, author, venue, DOI, and provenance fields."
MR-0601,R-523c8f50f3dddab9;R-5ba1129e56595ddd,merge_all_author_match,R-523c8f50f3dddab9+R-5ba1129e56595ddd,2,1,R-523c8f50f3dddab9:R-5ba1129e56595ddd=1.000,same normalized title/year and pairwise author overlap >= 0.75,"Generated from local title, year, author, venue, DOI, and provenance fields."
MR-0602,R-a1bdf76015e987f5;R-d430feb120811d78,merge_all_author_match,R-a1bdf76015e987f5+R-d430feb120811d78,2,1,R-a1bdf76015e987f5:R-d430feb120811d78=1.000,same normalized title/year and pairwise author overlap >= 0.75,"Generated from local title, year, author, venue, DOI, and provenance fields."
MR-0603,R-21ed6a118aa9b304;R-45888fac3d223448,merge_all_author_match,R-21ed6a118aa9b304+R-45888fac3d223448,2,1,R-21ed6a118aa9b304:R-45888fac3d223448=1.000,same normalized title/year and pairwise author overlap >= 0.75,"Generated from local title, year, author, venue, DOI, and provenance fields."
MR-0604,R-75c189d0cfa188d2;R-b5dd7c094fc0a93e,merge_all_author_match,R-75c189d0cfa188d2+R-b5dd7c094fc0a93e,2,1,R-75c189d0cfa188d2:R-b5dd7c094fc0a93e=1.000,same normalized title/year and pairwise author overlap >= 0.75,"Generated from local title, year, author, venue, DOI, and provenance fields."
MR-0605,R-abf8d57115972e34;R-d8081ef0d216cf4d,merge_all_author_match,R-abf8d57115972e34+R-d8081ef0d216cf4d,2,1,R-abf8d57115972e34:R-d8081ef0d216cf4d=1.000,same normalized title/year and pairwise author overlap >= 0.75,"Generated from local title, year, author, venue, DOI, and provenance fields."
MR-0606,R-1cc110732afe4de4;R-6bf4c8d91ff9ca21,merge_all_author_match,R-1cc110732afe4de4+R-6bf4c8d91ff9ca21,2,1,R-1cc110732afe4de4:R-6bf4c8d91ff9ca21=1.000,same normalized title/year and pairwise author overlap >= 0.75,"Generated from local title, year, author, venue, DOI, and provenance fields."
MR-0607,R-5a0b90c7f432a137;R-a0741fa1485387a5;R-f5458dd0e4349851,merge_all_author_match,R-5a0b90c7f432a137+R-a0741fa1485387a5+R-f5458dd0e4349851,3,1,R-5a0b90c7f432a137:R-a0741fa1485387a5=1.000;R-5a0b90c7f432a137:R-f5458dd0e4349851=1.000;R-a0741fa1485387a5:R-f5458dd0e4349851=1.000,same normalized title/year and pairwise author overlap >= 0.75,"Generated from local title, year, author, venue, DOI, and provenance fields."
MR-0608,R-1dd111ba0630c62b;R-cbec739943eeb0a6,merge_all_author_match,R-1dd111ba0630c62b+R-cbec739943eeb0a6,2,1,R-1dd111ba0630c62b:R-cbec739943eeb0a6=1.000,same normalized title/year and pairwise author overlap >= 0.75,"Generated from local title, year, author, venue, DOI, and provenance fields."
MR-0609,R-01d10b5bcec9ac17;R-88135c9973a93abd,merge_all_author_match,R-01d10b5bcec9ac17+R-88135c9973a93abd,2,1,R-01d10b5bcec9ac17:R-88135c9973a93abd=1.000,same normalized title/year and pairwise author overlap >= 0.75,"Generated from local title, year, author, venue, DOI, and provenance fields."
MR-0610,R-81a752a890bcb3d5;R-8c586ab5ce09e98c,merge_all_author_match,R-81a752a890bcb3d5+R-8c586ab5ce09e98c,2,1,R-81a752a890bcb3d5:R-8c586ab5ce09e98c=1.000,same normalized title/year and pairwise author overlap >= 0.75,"Generated from local title, year, author, venue, DOI, and provenance fields."
MR-0611,R-327c26418846d827;R-fb63914c7eea3c33,merge_all_author_match,R-327c26418846d827+R-fb63914c7eea3c33,2,1,R-327c26418846d827:R-fb63914c7eea3c33=1.000,same normalized title/year and pairwise author overlap >= 0.75,"Generated from local title, year, author, venue, DOI, and provenance fields."
MR-0612,R-087505d5a0288318;R-f2a9781ccbd2dfdd,merge_all_author_match,R-087505d5a0288318+R-f2a9781ccbd2dfdd,2,1,R-087505d5a0288318:R-f2a9781ccbd2dfdd=1.000,same normalized title/year and pairwise author overlap >= 0.75,"Generated from local title, year, author, venue, DOI, and provenance fields."
MR-0613,R-733250db1c0fb835;R-a15324d7ca517bc2;R-c1b5a6010ffee05a,merge_all_author_match,R-733250db1c0fb835+R-a15324d7ca517bc2+R-c1b5a6010ffee05a,3,1,R-733250db1c0fb835:R-a15324d7ca517bc2=1.000;R-733250db1c0fb835:R-c1b5a6010ffee05a=1.000;R-a15324d7ca517bc2:R-c1b5a6010ffee05a=1.000,same normalized title/year and pairwise author overlap >= 0.75,"Generated from local title, year, author, venue, DOI, and provenance fields."
MR-0614,R-13da2cfa6f9fd4fb;R-424dedd96638e065,keep_separate_conservative,R-13da2cfa6f9fd4fb | R-424dedd96638e065,2,0,R-13da2cfa6f9fd4fb:R-424dedd96638e065=0.000,author or publication metadata differs below the merge threshold,"Generated from local title, year, author, venue, DOI, and provenance fields."
MR-0615,R-09dcbc26b276ec82;R-cedad24eed649d41,merge_all_author_match,R-09dcbc26b276ec82+R-cedad24eed649d41,2,1,R-09dcbc26b276ec82:R-cedad24eed649d41=1.000,same normalized title/year and pairwise author overlap >= 0.75,"Generated from local title, year, author, venue, DOI, and provenance fields."
MR-0616,R-5ffdfc9639e20d63;R-a417eda70cdde529,merge_all_author_match,R-5ffdfc9639e20d63+R-a417eda70cdde529,2,1,R-5ffdfc9639e20d63:R-a417eda70cdde529=1.000,same normalized title/year and pairwise author overlap >= 0.75,"Generated from local title, year, author, venue, DOI, and provenance fields."
MR-0617,R-0bbf73be624729f7;R-6045690093baf348,merge_all_author_match,R-0bbf73be624729f7+R-6045690093baf348,2,1,R-0bbf73be624729f7:R-6045690093baf348=1.000,same normalized title/year and pairwise author overlap >= 0.75,"Generated from local title, year, author, venue, DOI, and provenance fields."
MR-0618,R-c28edb12fd87f062;R-e6c99b5c45ff4af1,merge_all_author_match,R-c28edb12fd87f062+R-e6c99b5c45ff4af1,2,1,R-c28edb12fd87f062:R-e6c99b5c45ff4af1=1.000,same normalized title/year and pairwise author overlap >= 0.75,"Generated from local title, year, author, venue, DOI, and provenance fields."
MR-0619,R-b8edf4a3f0a28287;R-d7b0398afac85ab0,merge_all_author_match,R-b8edf4a3f0a28287+R-d7b0398afac85ab0,2,1,R-b8edf4a3f0a28287:R-d7b0398afac85ab0=1.000,same normalized title/year and pairwise author overlap >= 0.75,"Generated from local title, year, author, venue, DOI, and provenance fields."
MR-0620,R-9aa9a50ab875b63a;R-cf7348df55a609ea,merge_all_author_match,R-9aa9a50ab875b63a+R-cf7348df55a609ea,2,1,R-9aa9a50ab875b63a:R-cf7348df55a609ea=1.000,same normalized title/year and pairwise author overlap >= 0.75,"Generated from local title, year, author, venue, DOI, and provenance fields."
MR-0621,R-0dc1c6f47ac12e3a;R-1acb654080501448;R-77f765580810a5b5;R-cd74ceda0bc82f5b;R-e55ac383ab1bc64a,merge_all_author_match,R-0dc1c6f47ac12e3a+R-1acb654080501448+R-77f765580810a5b5+R-cd74ceda0bc82f5b+R-e55ac383ab1bc64a,5,1,R-0dc1c6f47ac12e3a:R-1acb654080501448=1.000;R-0dc1c6f47ac12e3a:R-77f765580810a5b5=1.000;R-0dc1c6f47ac12e3a:R-cd74ceda0bc82f5b=1.000;R-0dc1c6f47ac12e3a:R-e55ac383ab1bc64a=1.000;R-1acb654080501448:R-77f765580810a5b5=1.000;R-1acb654080501448:R-cd74ceda0bc82f5b=1.000;R-1acb654080501448:R-e55ac383ab1bc64a=1.000;R-77f765580810a5b5:R-cd74ceda0bc82f5b=1.000;R-77f765580810a5b5:R-e55ac383ab1bc64a=1.000;R-cd74ceda0bc82f5b:R-e55ac383ab1bc64a=1.000,same normalized title/year and pairwise author overlap >= 0.75,"Generated from local title, year, author, venue, DOI, and provenance fields."
MR-0622,R-6e8b526940464d82;R-e0903460fdb72f5d,merge_all_author_match,R-6e8b526940464d82+R-e0903460fdb72f5d,2,1,R-6e8b526940464d82:R-e0903460fdb72f5d=1.000,same normalized title/year and pairwise author overlap >= 0.75,"Generated from local title, year, author, venue, DOI, and provenance fields."
MR-0623,R-000642149c8b9a25;R-7c36577abacc949f,merge_all_author_match,R-000642149c8b9a25+R-7c36577abacc949f,2,1,R-000642149c8b9a25:R-7c36577abacc949f=1.000,same normalized title/year and pairwise author overlap >= 0.75,"Generated from local title, year, author, venue, DOI, and provenance fields."
MR-0624,R-7671b607335308a5;R-f6fa9f03237e0cfb,merge_all_author_match,R-7671b607335308a5+R-f6fa9f03237e0cfb,2,1,R-7671b607335308a5:R-f6fa9f03237e0cfb=1.000,same normalized title/year and pairwise author overlap >= 0.75,"Generated from local title, year, author, venue, DOI, and provenance fields."
MR-0625,R-a2f756eca02bf36e;R-dbae1cfe52c01b0e,merge_all_author_match,R-a2f756eca02bf36e+R-dbae1cfe52c01b0e,2,1,R-a2f756eca02bf36e:R-dbae1cfe52c01b0e=1.000,same normalized title/year and pairwise author overlap >= 0.75,"Generated from local title, year, author, venue, DOI, and provenance fields."
MR-0626,R-1eefbdd10b651626;R-9f9c35dc82d7d883,merge_all_author_match,R-1eefbdd10b651626+R-9f9c35dc82d7d883,2,1,R-1eefbdd10b651626:R-9f9c35dc82d7d883=1.000,same normalized title/year and pairwise author overlap >= 0.75,"Generated from local title, year, author, venue, DOI, and provenance fields."
MR-0627,R-9045c1e7f729b6ea;R-eedcbc8ee90f0771,merge_all_author_match,R-9045c1e7f729b6ea+R-eedcbc8ee90f0771,2,1,R-9045c1e7f729b6ea:R-eedcbc8ee90f0771=1.000,same normalized title/year and pairwise author overlap >= 0.75,"Generated from local title, year, author, venue, DOI, and provenance fields."
MR-0628,R-7cf96af6d276a7b0;R-bf4efb28879aec33,merge_all_author_match,R-7cf96af6d276a7b0+R-bf4efb28879aec33,2,1,R-7cf96af6d276a7b0:R-bf4efb28879aec33=1.000,same normalized title/year and pairwise author overlap >= 0.75,"Generated from local title, year, author, venue, DOI, and provenance fields."
MR-0629,R-67e2947634afb091;R-cd048e7ab79f6a30,merge_all_author_match,R-67e2947634afb091+R-cd048e7ab79f6a30,2,1,R-67e2947634afb091:R-cd048e7ab79f6a30=1.000,same normalized title/year and pairwise author overlap >= 0.75,"Generated from local title, year, author, venue, DOI, and provenance fields."
MR-0630,R-4c86a056a8a27f16;R-da28531bdd28873c,merge_all_author_match,R-4c86a056a8a27f16+R-da28531bdd28873c,2,1,R-4c86a056a8a27f16:R-da28531bdd28873c=1.000,same normalized title/year and pairwise author overlap >= 0.75,"Generated from local title, year, author, venue, DOI, and provenance fields."
MR-0631,R-1eaa95250b223e81;R-a2d9f81c77eb253e,merge_all_author_match,R-1eaa95250b223e81+R-a2d9f81c77eb253e,2,1,R-1eaa95250b223e81:R-a2d9f81c77eb253e=1.000,same normalized title/year and pairwise author overlap >= 0.75,"Generated from local title, year, author, venue, DOI, and provenance fields."
MR-0632,R-6652fa960b41619b;R-b1c85c820b009c6f,merge_all_author_match,R-6652fa960b41619b+R-b1c85c820b009c6f,2,1,R-6652fa960b41619b:R-b1c85c820b009c6f=1.000,same normalized title/year and pairwise author overlap >= 0.75,"Generated from local title, year, author, venue, DOI, and provenance fields."
MR-0633,R-592628eebfc74680;R-ba190ce40fe43b67,merge_all_author_match,R-592628eebfc74680+R-ba190ce40fe43b67,2,1,R-592628eebfc74680:R-ba190ce40fe43b67=1.000,same normalized title/year and pairwise author overlap >= 0.75,"Generated from local title, year, author, venue, DOI, and provenance fields."
MR-0634,R-0db14b63a7fd5803;R-df6eea34155c6077,merge_all_author_match,R-0db14b63a7fd5803+R-df6eea34155c6077,2,1,R-0db14b63a7fd5803:R-df6eea34155c6077=1.000,same normalized title/year and pairwise author overlap >= 0.75,"Generated from local title, year, author, venue, DOI, and provenance fields."
MR-0635,R-63d53bc74a816a17;R-641830630d179c59,merge_all_author_match,R-63d53bc74a816a17+R-641830630d179c59,2,1,R-63d53bc74a816a17:R-641830630d179c59=1.000,same normalized title/year and pairwise author overlap >= 0.75,"Generated from local title, year, author, venue, DOI, and provenance fields."
MR-0636,R-0911001edfbaed00;R-370828a690a466bb,merge_all_author_match,R-0911001edfbaed00+R-370828a690a466bb,2,1,R-0911001edfbaed00:R-370828a690a466bb=1.000,same normalized title/year and pairwise author overlap >= 0.75,"Generated from local title, year, author, venue, DOI, and provenance fields."
MR-0637,R-1e67897a0b232ea1;R-db6214106476a1c5,merge_all_author_match,R-1e67897a0b232ea1+R-db6214106476a1c5,2,1,R-1e67897a0b232ea1:R-db6214106476a1c5=1.000,same normalized title/year and pairwise author overlap >= 0.75,"Generated from local title, year, author, venue, DOI, and provenance fields."
MR-0638,R-38b00723d4c367a7;R-5fe1f37bb86ef99b,merge_all_author_match,R-38b00723d4c367a7+R-5fe1f37bb86ef99b,2,1,R-38b00723d4c367a7:R-5fe1f37bb86ef99b=1.000,same normalized title/year and pairwise author overlap >= 0.75,"Generated from local title, year, author, venue, DOI, and provenance fields."
MR-0639,R-14f8a41185f015fb;R-c9820c1a830c5998,merge_all_author_match,R-14f8a41185f015fb+R-c9820c1a830c5998,2,1,R-14f8a41185f015fb:R-c9820c1a830c5998=1.000,same normalized title/year and pairwise author overlap >= 0.75,"Generated from local title, year, author, venue, DOI, and provenance fields."
MR-0640,R-349fbdd9b969319a;R-fbc75fa8f5b35c74,merge_all_author_match,R-349fbdd9b969319a+R-fbc75fa8f5b35c74,2,1,R-349fbdd9b969319a:R-fbc75fa8f5b35c74=1.000,same normalized title/year and pairwise author overlap >= 0.75,"Generated from local title, year, author, venue, DOI, and provenance fields."
MR-0641,R-08b6676858311f57;R-0c305a76950109fe;R-6bdfc42946723f81,merge_all_author_match,R-08b6676858311f57+R-0c305a76950109fe+R-6bdfc42946723f81,3,1,R-08b6676858311f57:R-0c305a76950109fe=1.000;R-08b6676858311f57:R-6bdfc42946723f81=1.000;R-0c305a76950109fe:R-6bdfc42946723f81=1.000,same normalized title/year and pairwise author overlap >= 0.75,"Generated from local title, year, author, venue, DOI, and provenance fields."
MR-0642,R-ea4bb70157dda4de;R-fac9d5942fb1fed0,merge_all_author_match,R-ea4bb70157dda4de+R-fac9d5942fb1fed0,2,1,R-ea4bb70157dda4de:R-fac9d5942fb1fed0=1.000,same normalized title/year and pairwise author overlap >= 0.75,"Generated from local title, year, author, venue, DOI, and provenance fields."
MR-0643,R-233fb2944b6e5b21;R-bb559bef36307c1a,merge_all_author_match,R-233fb2944b6e5b21+R-bb559bef36307c1a,2,1,R-233fb2944b6e5b21:R-bb559bef36307c1a=1.250,same normalized title/year and pairwise author overlap >= 0.75,"Generated from local title, year, author, venue, DOI, and provenance fields."
MR-0644,R-49b7b3508e58ec11;R-4beab7f2e7d00858,merge_all_author_match,R-49b7b3508e58ec11+R-4beab7f2e7d00858,2,1,R-49b7b3508e58ec11:R-4beab7f2e7d00858=1.000,same normalized title/year and pairwise author overlap >= 0.75,"Generated from local title, year, author, venue, DOI, and provenance fields."
MR-0645,R-799ad10c3b5239f6;R-855b00516f9a8851,merge_all_author_match,R-799ad10c3b5239f6+R-855b00516f9a8851,2,1,R-799ad10c3b5239f6:R-855b00516f9a8851=1.000,same normalized title/year and pairwise author overlap >= 0.75,"Generated from local title, year, author, venue, DOI, and provenance fields."
MR-0646,R-056248ea111527f9;R-165f1de3b21f57e0;R-181817b67cbd966f;R-1dcd563998f00ef7;R-235a5aabe058c6e9;R-29a62df459e25ae3;R-3258f3e6abbe76f6;R-47316830d2d8d1c2;R-4ea654741e6cbfed;R-55ffa64eabf26f61;R-5ae2d94edc07dcac;R-5eb693b503b59ee0;R-6775b9a34d28f9f5;R-685f8368f774b25a;R-6fc41276eac1fb13;R-7698386dfddad09e;R-861c1258e1d79337;R-87aa9db1d03f6c10;R-a3da3449adf87507;R-bfbecef5194f9544;R-caf9390a80d5d2b2;R-d964ca7ce5703b35;R-da92bbc64b01996f;R-e12b792010b6b406;R-ed5a03d9c9287e6c;R-f1db970553ea33b8;R-f83c0e29dbdda849,merge_all_author_match,R-056248ea111527f9+R-165f1de3b21f57e0+R-181817b67cbd966f+R-1dcd563998f00ef7+R-235a5aabe058c6e9+R-29a62df459e25ae3+R-3258f3e6abbe76f6+R-47316830d2d8d1c2+R-4ea654741e6cbfed+R-55ffa64eabf26f61+R-5ae2d94edc07dcac+R-5eb693b503b59ee0+R-6775b9a34d28f9f5+R-685f8368f774b25a+R-6fc41276eac1fb13+R-7698386dfddad09e+R-861c1258e1d79337+R-87aa9db1d03f6c10+R-a3da3449adf87507+R-bfbecef5194f9544+R-caf9390a80d5d2b2+R-d964ca7ce5703b35+R-da92bbc64b01996f+R-e12b792010b6b406+R-ed5a03d9c9287e6c+R-f1db970553ea33b8+R-f83c0e29dbdda849,27,1,R-056248ea111527f9:R-165f1de3b21f57e0=1.000;R-056248ea111527f9:R-181817b67cbd966f=1.000;R-056248ea111527f9:R-1dcd563998f00ef7=1.000;R-056248ea111527f9:R-235a5aabe058c6e9=1.000;R-056248ea111527f9:R-29a62df459e25ae3=1.000;R-056248ea111527f9:R-3258f3e6abbe76f6=1.000;R-056248ea111527f9:R-47316830d2d8d1c2=1.000;R-056248ea111527f9:R-4ea654741e6cbfed=1.000;R-056248ea111527f9:R-55ffa64eabf26f61=1.000;R-056248ea111527f9:R-5ae2d94edc07dcac=1.000;R-056248ea111527f9:R-5eb693b503b59ee0=1.000;R-056248ea111527f9:R-6775b9a34d28f9f5=1.000;R-056248ea111527f9:R-685f8368f774b25a=1.000;R-056248ea111527f9:R-6fc41276eac1fb13=1.000;R-056248ea111527f9:R-7698386dfddad09e=1.000;R-056248ea111527f9:R-861c1258e1d79337=1.000;R-056248ea111527f9:R-87aa9db1d03f6c10=1.000;R-056248ea111527f9:R-a3da3449adf87507=1.000;R-056248ea111527f9:R-bfbecef5194f9544=1.000;R-056248ea111527f9:R-caf9390a80d5d2b2=1.000;R-056248ea111527f9:R-d964ca7ce5703b35=1.000;R-056248ea111527f9:R-da92bbc64b01996f=1.000;R-056248ea111527f9:R-e12b792010b6b406=1.000;R-056248ea111527f9:R-ed5a03d9c9287e6c=1.000;R-056248ea111527f9:R-f1db970553ea33b8=1.000;R-056248ea111527f9:R-f83c0e29dbdda849=1.000;R-165f1de3b21f57e0:R-181817b67cbd966f=1.000;R-165f1de3b21f57e0:R-1dcd563998f00ef7=1.000;R-165f1de3b21f57e0:R-235a5aabe058c6e9=1.000;R-165f1de3b21f57e0:R-29a62df459e25ae3=1.000;R-165f1de3b21f57e0:R-3258f3e6abbe76f6=1.000;R-165f1de3b21f57e0:R-47316830d2d8d1c2=1.000;R-165f1de3b21f57e0:R-4ea654741e6cbfed=1.000;R-165f1de3b21f57e0:R-55ffa64eabf26f61=1.000;R-165f1de3b21f57e0:R-5ae2d94edc07dcac=1.000;R-165f1de3b21f57e0:R-5eb693b503b59ee0=1.000;R-165f1de3b21f57e0:R-6775b9a34d28f9f5=1.000;R-165f1de3b21f57e0:R-685f8368f774b25a=1.000;R-165f1de3b21f57e0:R-6fc41276eac1fb13=1.000;R-165f1de3b21f57e0:R-7698386dfddad09e=1.000;R-165f1de3b21f57e0:R-861c1258e1d79337=1.000;R-165f1de3b21f57e0:R-87aa9db1d03f6c10=1.000;R-165f1de3b21f57e0:R-a3da3449adf87507=1.000;R-165f1de3b21f57e0:R-bfbecef5194f9544=1.000;R-165f1de3b21f57e0:R-caf9390a80d5d2b2=1.000;R-165f1de3b21f57e0:R-d964ca7ce5703b35=1.000;R-165f1de3b21f57e0:R-da92bbc64b01996f=1.000;R-165f1de3b21f57e0:R-e12b792010b6b406=1.000;R-165f1de3b21f57e0:R-ed5a03d9c9287e6c=1.000;R-165f1de3b21f57e0:R-f1db970553ea33b8=1.000;R-165f1de3b21f57e0:R-f83c0e29dbdda849=1.000;R-181817b67cbd966f:R-1dcd563998f00ef7=1.000;R-181817b67cbd966f:R-235a5aabe058c6e9=1.000;R-181817b67cbd966f:R-29a62df459e25ae3=1.000;R-181817b67cbd966f:R-3258f3e6abbe76f6=1.000;R-181817b67cbd966f:R-47316830d2d8d1c2=1.000;R-181817b67cbd966f:R-4ea654741e6cbfed=1.000;R-181817b67cbd966f:R-55ffa64eabf26f61=1.000;R-181817b67cbd966f:R-5ae2d94edc07dcac=1.000;R-181817b67cbd966f:R-5eb693b503b59ee0=1.000;R-181817b67cbd966f:R-6775b9a34d28f9f5=1.000;R-181817b67cbd966f:R-685f8368f774b25a=1.000;R-181817b67cbd966f:R-6fc41276eac1fb13=1.000;R-181817b67cbd966f:R-7698386dfddad09e=1.000;R-181817b67cbd966f:R-861c1258e1d79337=1.000;R-181817b67cbd966f:R-87aa9db1d03f6c10=1.000;R-181817b67cbd966f:R-a3da3449adf87507=1.000;R-181817b67cbd966f:R-bfbecef5194f9544=1.000;R-181817b67cbd966f:R-caf9390a80d5d2b2=1.000;R-181817b67cbd966f:R-d964ca7ce5703b35=1.000;R-181817b67cbd966f:R-da92bbc64b01996f=1.000;R-181817b67cbd966f:R-e12b792010b6b406=1.000;R-181817b67cbd966f:R-ed5a03d9c9287e6c=1.000;R-181817b67cbd966f:R-f1db970553ea33b8=1.000;R-181817b67cbd966f:R-f83c0e29dbdda849=1.000;R-1dcd563998f00ef7:R-235a5aabe058c6e9=1.000;R-1dcd563998f00ef7:R-29a62df459e25ae3=1.000;R-1dcd563998f00ef7:R-3258f3e6abbe76f6=1.000;R-1dcd563998f00ef7:R-47316830d2d8d1c2=1.000;R-1dcd563998f00ef7:R-4ea654741e6cbfed=1.000;R-1dcd563998f00ef7:R-55ffa64eabf26f61=1.000;R-1dcd563998f00ef7:R-5ae2d94edc07dcac=1.000;R-1dcd563998f00ef7:R-5eb693b503b59ee0=1.000;R-1dcd563998f00ef7:R-6775b9a34d28f9f5=1.000;R-1dcd563998f00ef7:R-685f8368f774b25a=1.000;R-1dcd563998f00ef7:R-6fc41276eac1fb13=1.000;R-1dcd563998f00ef7:R-7698386dfddad09e=1.000;R-1dcd563998f00ef7:R-861c1258e1d79337=1.000;R-1dcd563998f00ef7:R-87aa9db1d03f6c10=1.000;R-1dcd563998f00ef7:R-a3da3449adf87507=1.000;R-1dcd563998f00ef7:R-bfbecef5194f9544=1.000;R-1dcd563998f00ef7:R-caf9390a80d5d2b2=1.000;R-1dcd563998f00ef7:R-d964ca7ce5703b35=1.000;R-1dcd563998f00ef7:R-da92bbc64b01996f=1.000;R-1dcd563998f00ef7:R-e12b792010b6b406=1.000;R-1dcd563998f00ef7:R-ed5a03d9c9287e6c=1.000;R-1dcd563998f00ef7:R-f1db970553ea33b8=1.000;R-1dcd563998f00ef7:R-f83c0e29dbdda849=1.000;R-235a5aabe058c6e9:R-29a62df459e25ae3=1.000;R-235a5aabe058c6e9:R-3258f3e6abbe76f6=1.000;R-235a5aabe058c6e9:R-47316830d2d8d1c2=1.000;R-235a5aabe058c6e9:R-4ea654741e6cbfed=1.000;R-235a5aabe058c6e9:R-55ffa64eabf26f61=1.000;R-235a5aabe058c6e9:R-5ae2d94edc07dcac=1.000;R-235a5aabe058c6e9:R-5eb693b503b59ee0=1.000;R-235a5aabe058c6e9:R-6775b9a34d28f9f5=1.000;R-235a5aabe058c6e9:R-685f8368f774b25a=1.000;R-235a5aabe058c6e9:R-6fc41276eac1fb13=1.000;R-235a5aabe058c6e9:R-7698386dfddad09e=1.000;R-235a5aabe058c6e9:R-861c1258e1d79337=1.000;R-235a5aabe058c6e9:R-87aa9db1d03f6c10=1.000;R-235a5aabe058c6e9:R-a3da3449adf87507=1.000;R-235a5aabe058c6e9:R-bfbecef5194f9544=1.000;R-235a5aabe058c6e9:R-caf9390a80d5d2b2=1.000;R-235a5aabe058c6e9:R-d964ca7ce5703b35=1.000;R-235a5aabe058c6e9:R-da92bbc64b01996f=1.000;R-235a5aabe058c6e9:R-e12b792010b6b406=1.000;R-235a5aabe058c6e9:R-ed5a03d9c9287e6c=1.000;R-235a5aabe058c6e9:R-f1db970553ea33b8=1.000;R-235a5aabe058c6e9:R-f83c0e29dbdda849=1.000;R-29a62df459e25ae3:R-3258f3e6abbe76f6=1.000;R-29a62df459e25ae3:R-47316830d2d8d1c2=1.000;R-29a62df459e25ae3:R-4ea654741e6cbfed=1.000;R-29a62df459e25ae3:R-55ffa64eabf26f61=1.000;R-29a62df459e25ae3:R-5ae2d94edc07dcac=1.000;R-29a62df459e25ae3:R-5eb693b503b59ee0=1.000;R-29a62df459e25ae3:R-6775b9a34d28f9f5=1.000;R-29a62df459e25ae3:R-685f8368f774b25a=1.000;R-29a62df459e25ae3:R-6fc41276eac1fb13=1.000;R-29a62df459e25ae3:R-7698386dfddad09e=1.000;R-29a62df459e25ae3:R-861c1258e1d79337=1.000;R-29a62df459e25ae3:R-87aa9db1d03f6c10=1.000;R-29a62df459e25ae3:R-a3da3449adf87507=1.000;R-29a62df459e25ae3:R-bfbecef5194f9544=1.000;R-29a62df459e25ae3:R-caf9390a80d5d2b2=1.000;R-29a62df459e25ae3:R-d964ca7ce5703b35=1.000;R-29a62df459e25ae3:R-da92bbc64b01996f=1.000;R-29a62df459e25ae3:R-e12b792010b6b406=1.000;R-29a62df459e25ae3:R-ed5a03d9c9287e6c=1.000;R-29a62df459e25ae3:R-f1db970553ea33b8=1.000;R-29a62df459e25ae3:R-f83c0e29dbdda849=1.000;R-3258f3e6abbe76f6:R-47316830d2d8d1c2=1.000;R-3258f3e6abbe76f6:R-4ea654741e6cbfed=1.000;R-3258f3e6abbe76f6:R-55ffa64eabf26f61=1.000;R-3258f3e6abbe76f6:R-5ae2d94edc07dcac=1.000;R-3258f3e6abbe76f6:R-5eb693b503b59ee0=1.000;R-3258f3e6abbe76f6:R-6775b9a34d28f9f5=1.000;R-3258f3e6abbe76f6:R-685f8368f774b25a=1.000;R-3258f3e6abbe76f6:R-6fc41276eac1fb13=1.000;R-3258f3e6abbe76f6:R-7698386dfddad09e=1.000;R-3258f3e6abbe76f6:R-861c1258e1d79337=1.000;R-3258f3e6abbe76f6:R-87aa9db1d03f6c10=1.000;R-3258f3e6abbe76f6:R-a3da3449adf87507=1.000;R-3258f3e6abbe76f6:R-bfbecef5194f9544=1.000;R-3258f3e6abbe76f6:R-caf9390a80d5d2b2=1.000;R-3258f3e6abbe76f6:R-d964ca7ce5703b35=1.000;R-3258f3e6abbe76f6:R-da92bbc64b01996f=1.000;R-3258f3e6abbe76f6:R-e12b792010b6b406=1.000;R-3258f3e6abbe76f6:R-ed5a03d9c9287e6c=1.000;R-3258f3e6abbe76f6:R-f1db970553ea33b8=1.000;R-3258f3e6abbe76f6:R-f83c0e29dbdda849=1.000;R-47316830d2d8d1c2:R-4ea654741e6cbfed=1.000;R-47316830d2d8d1c2:R-55ffa64eabf26f61=1.000;R-47316830d2d8d1c2:R-5ae2d94edc07dcac=1.000;R-47316830d2d8d1c2:R-5eb693b503b59ee0=1.000;R-47316830d2d8d1c2:R-6775b9a34d28f9f5=1.000;R-47316830d2d8d1c2:R-685f8368f774b25a=1.000;R-47316830d2d8d1c2:R-6fc41276eac1fb13=1.000;R-47316830d2d8d1c2:R-7698386dfddad09e=1.000;R-47316830d2d8d1c2:R-861c1258e1d79337=1.000;R-47316830d2d8d1c2:R-87aa9db1d03f6c10=1.000;R-47316830d2d8d1c2:R-a3da3449adf87507=1.000;R-47316830d2d8d1c2:R-bfbecef5194f9544=1.000;R-47316830d2d8d1c2:R-caf9390a80d5d2b2=1.000;R-47316830d2d8d1c2:R-d964ca7ce5703b35=1.000;R-47316830d2d8d1c2:R-da92bbc64b01996f=1.000;R-47316830d2d8d1c2:R-e12b792010b6b406=1.000;R-47316830d2d8d1c2:R-ed5a03d9c9287e6c=1.000;R-47316830d2d8d1c2:R-f1db970553ea33b8=1.000;R-47316830d2d8d1c2:R-f83c0e29dbdda849=1.000;R-4ea654741e6cbfed:R-55ffa64eabf26f61=1.000;R-4ea654741e6cbfed:R-5ae2d94edc07dcac=1.000;R-4ea654741e6cbfed:R-5eb693b503b59ee0=1.000;R-4ea654741e6cbfed:R-6775b9a34d28f9f5=1.000;R-4ea654741e6cbfed:R-685f8368f774b25a=1.000;R-4ea654741e6cbfed:R-6fc41276eac1fb13=1.000;R-4ea654741e6cbfed:R-7698386dfddad09e=1.000;R-4ea654741e6cbfed:R-861c1258e1d79337=1.000;R-4ea654741e6cbfed:R-87aa9db1d03f6c10=1.000;R-4ea654741e6cbfed:R-a3da3449adf87507=1.000;R-4ea654741e6cbfed:R-bfbecef5194f9544=1.000;R-4ea654741e6cbfed:R-caf9390a80d5d2b2=1.000;R-4ea654741e6cbfed:R-d964ca7ce5703b35=1.000;R-4ea654741e6cbfed:R-da92bbc64b01996f=1.000;R-4ea654741e6cbfed:R-e12b792010b6b406=1.000;R-4ea654741e6cbfed:R-ed5a03d9c9287e6c=1.000;R-4ea654741e6cbfed:R-f1db970553ea33b8=1.000;R-4ea654741e6cbfed:R-f83c0e29dbdda849=1.000;R-55ffa64eabf26f61:R-5ae2d94edc07dcac=1.000;R-55ffa64eabf26f61:R-5eb693b503b59ee0=1.000;R-55ffa64eabf26f61:R-6775b9a34d28f9f5=1.000;R-55ffa64eabf26f61:R-685f8368f774b25a=1.000;R-55ffa64eabf26f61:R-6fc41276eac1fb13=1.000;R-55ffa64eabf26f61:R-7698386dfddad09e=1.000;R-55ffa64eabf26f61:R-861c1258e1d79337=1.000;R-55ffa64eabf26f61:R-87aa9db1d03f6c10=1.000;R-55ffa64eabf26f61:R-a3da3449adf87507=1.000;R-55ffa64eabf26f61:R-bfbecef5194f9544=1.000;R-55ffa64eabf26f61:R-caf9390a80d5d2b2=1.000;R-55ffa64eabf26f61:R-d964ca7ce5703b35=1.000;R-55ffa64eabf26f61:R-da92bbc64b01996f=1.000;R-55ffa64eabf26f61:R-e12b792010b6b406=1.000;R-55ffa64eabf26f61:R-ed5a03d9c9287e6c=1.000;R-55ffa64eabf26f61:R-f1db970553ea33b8=1.000;R-55ffa64eabf26f61:R-f83c0e29dbdda849=1.000;R-5ae2d94edc07dcac:R-5eb693b503b59ee0=1.000;R-5ae2d94edc07dcac:R-6775b9a34d28f9f5=1.000;R-5ae2d94edc07dcac:R-685f8368f774b25a=1.000;R-5ae2d94edc07dcac:R-6fc41276eac1fb13=1.000;R-5ae2d94edc07dcac:R-7698386dfddad09e=1.000;R-5ae2d94edc07dcac:R-861c1258e1d79337=1.000;R-5ae2d94edc07dcac:R-87aa9db1d03f6c10=1.000;R-5ae2d94edc07dcac:R-a3da3449adf87507=1.000;R-5ae2d94edc07dcac:R-bfbecef5194f9544=1.000;R-5ae2d94edc07dcac:R-caf9390a80d5d2b2=1.000;R-5ae2d94edc07dcac:R-d964ca7ce5703b35=1.000;R-5ae2d94edc07dcac:R-da92bbc64b01996f=1.000;R-5ae2d94edc07dcac:R-e12b792010b6b406=1.000;R-5ae2d94edc07dcac:R-ed5a03d9c9287e6c=1.000;R-5ae2d94edc07dcac:R-f1db970553ea33b8=1.000;R-5ae2d94edc07dcac:R-f83c0e29dbdda849=1.000;R-5eb693b503b59ee0:R-6775b9a34d28f9f5=1.000;R-5eb693b503b59ee0:R-685f8368f774b25a=1.000;R-5eb693b503b59ee0:R-6fc41276eac1fb13=1.000;R-5eb693b503b59ee0:R-7698386dfddad09e=1.000;R-5eb693b503b59ee0:R-861c1258e1d79337=1.000;R-5eb693b503b59ee0:R-87aa9db1d03f6c10=1.000;R-5eb693b503b59ee0:R-a3da3449adf87507=1.000;R-5eb693b503b59ee0:R-bfbecef5194f9544=1.000;R-5eb693b503b59ee0:R-caf9390a80d5d2b2=1.000;R-5eb693b503b59ee0:R-d964ca7ce5703b35=1.000;R-5eb693b503b59ee0:R-da92bbc64b01996f=1.000;R-5eb693b503b59ee0:R-e12b792010b6b406=1.000;R-5eb693b503b59ee0:R-ed5a03d9c9287e6c=1.000;R-5eb693b503b59ee0:R-f1db970553ea33b8=1.000;R-5eb693b503b59ee0:R-f83c0e29dbdda849=1.000;R-6775b9a34d28f9f5:R-685f8368f774b25a=1.000;R-6775b9a34d28f9f5:R-6fc41276eac1fb13=1.000;R-6775b9a34d28f9f5:R-7698386dfddad09e=1.000;R-6775b9a34d28f9f5:R-861c1258e1d79337=1.000;R-6775b9a34d28f9f5:R-87aa9db1d03f6c10=1.000;R-6775b9a34d28f9f5:R-a3da3449adf87507=1.000;R-6775b9a34d28f9f5:R-bfbecef5194f9544=1.000;R-6775b9a34d28f9f5:R-caf9390a80d5d2b2=1.000;R-6775b9a34d28f9f5:R-d964ca7ce5703b35=1.000;R-6775b9a34d28f9f5:R-da92bbc64b01996f=1.000;R-6775b9a34d28f9f5:R-e12b792010b6b406=1.000;R-6775b9a34d28f9f5:R-ed5a03d9c9287e6c=1.000;R-6775b9a34d28f9f5:R-f1db970553ea33b8=1.000;R-6775b9a34d28f9f5:R-f83c0e29dbdda849=1.000;R-685f8368f774b25a:R-6fc41276eac1fb13=1.000;R-685f8368f774b25a:R-7698386dfddad09e=1.000;R-685f8368f774b25a:R-861c1258e1d79337=1.000;R-685f8368f774b25a:R-87aa9db1d03f6c10=1.000;R-685f8368f774b25a:R-a3da3449adf87507=1.000;R-685f8368f774b25a:R-bfbecef5194f9544=1.000;R-685f8368f774b25a:R-caf9390a80d5d2b2=1.000;R-685f8368f774b25a:R-d964ca7ce5703b35=1.000;R-685f8368f774b25a:R-da92bbc64b01996f=1.000;R-685f8368f774b25a:R-e12b792010b6b406=1.000;R-685f8368f774b25a:R-ed5a03d9c9287e6c=1.000;R-685f8368f774b25a:R-f1db970553ea33b8=1.000;R-685f8368f774b25a:R-f83c0e29dbdda849=1.000;R-6fc41276eac1fb13:R-7698386dfddad09e=1.000;R-6fc41276eac1fb13:R-861c1258e1d79337=1.000;R-6fc41276eac1fb13:R-87aa9db1d03f6c10=1.000;R-6fc41276eac1fb13:R-a3da3449adf87507=1.000;R-6fc41276eac1fb13:R-bfbecef5194f9544=1.000;R-6fc41276eac1fb13:R-caf9390a80d5d2b2=1.000;R-6fc41276eac1fb13:R-d964ca7ce5703b35=1.000;R-6fc41276eac1fb13:R-da92bbc64b01996f=1.000;R-6fc41276eac1fb13:R-e12b792010b6b406=1.000;R-6fc41276eac1fb13:R-ed5a03d9c9287e6c=1.000;R-6fc41276eac1fb13:R-f1db970553ea33b8=1.000;R-6fc41276eac1fb13:R-f83c0e29dbdda849=1.000;R-7698386dfddad09e:R-861c1258e1d79337=1.000;R-7698386dfddad09e:R-87aa9db1d03f6c10=1.000;R-7698386dfddad09e:R-a3da3449adf87507=1.000;R-7698386dfddad09e:R-bfbecef5194f9544=1.000;R-7698386dfddad09e:R-caf9390a80d5d2b2=1.000;R-7698386dfddad09e:R-d964ca7ce5703b35=1.000;R-7698386dfddad09e:R-da92bbc64b01996f=1.000;R-7698386dfddad09e:R-e12b792010b6b406=1.000;R-7698386dfddad09e:R-ed5a03d9c9287e6c=1.000;R-7698386dfddad09e:R-f1db970553ea33b8=1.000;R-7698386dfddad09e:R-f83c0e29dbdda849=1.000;R-861c1258e1d79337:R-87aa9db1d03f6c10=1.000;R-861c1258e1d79337:R-a3da3449adf87507=1.000;R-861c1258e1d79337:R-bfbecef5194f9544=1.000;R-861c1258e1d79337:R-caf9390a80d5d2b2=1.000;R-861c1258e1d79337:R-d964ca7ce5703b35=1.000;R-861c1258e1d79337:R-da92bbc64b01996f=1.000;R-861c1258e1d79337:R-e12b792010b6b406=1.000;R-861c1258e1d79337:R-ed5a03d9c9287e6c=1.000;R-861c1258e1d79337:R-f1db970553ea33b8=1.000;R-861c1258e1d79337:R-f83c0e29dbdda849=1.000;R-87aa9db1d03f6c10:R-a3da3449adf87507=1.000;R-87aa9db1d03f6c10:R-bfbecef5194f9544=1.000;R-87aa9db1d03f6c10:R-caf9390a80d5d2b2=1.000;R-87aa9db1d03f6c10:R-d964ca7ce5703b35=1.000;R-87aa9db1d03f6c10:R-da92bbc64b01996f=1.000;R-87aa9db1d03f6c10:R-e12b792010b6b406=1.000;R-87aa9db1d03f6c10:R-ed5a03d9c9287e6c=1.000;R-87aa9db1d03f6c10:R-f1db970553ea33b8=1.000;R-87aa9db1d03f6c10:R-f83c0e29dbdda849=1.000;R-a3da3449adf87507:R-bfbecef5194f9544=1.000;R-a3da3449adf87507:R-caf9390a80d5d2b2=1.000;R-a3da3449adf87507:R-d964ca7ce5703b35=1.000;R-a3da3449adf87507:R-da92bbc64b01996f=1.000;R-a3da3449adf87507:R-e12b792010b6b406=1.000;R-a3da3449adf87507:R-ed5a03d9c9287e6c=1.000;R-a3da3449adf87507:R-f1db970553ea33b8=1.000;R-a3da3449adf87507:R-f83c0e29dbdda849=1.000;R-bfbecef5194f9544:R-caf9390a80d5d2b2=1.000;R-bfbecef5194f9544:R-d964ca7ce5703b35=1.000;R-bfbecef5194f9544:R-da92bbc64b01996f=1.000;R-bfbecef5194f9544:R-e12b792010b6b406=1.000;R-bfbecef5194f9544:R-ed5a03d9c9287e6c=1.000;R-bfbecef5194f9544:R-f1db970553ea33b8=1.000;R-bfbecef5194f9544:R-f83c0e29dbdda849=1.000;R-caf9390a80d5d2b2:R-d964ca7ce5703b35=1.000;R-caf9390a80d5d2b2:R-da92bbc64b01996f=1.000;R-caf9390a80d5d2b2:R-e12b792010b6b406=1.000;R-caf9390a80d5d2b2:R-ed5a03d9c9287e6c=1.000;R-caf9390a80d5d2b2:R-f1db970553ea33b8=1.000;R-caf9390a80d5d2b2:R-f83c0e29dbdda849=1.000;R-d964ca7ce5703b35:R-da92bbc64b01996f=1.000;R-d964ca7ce5703b35:R-e12b792010b6b406=1.000;R-d964ca7ce5703b35:R-ed5a03d9c9287e6c=1.000;R-d964ca7ce5703b35:R-f1db970553ea33b8=1.000;R-d964ca7ce5703b35:R-f83c0e29dbdda849=1.000;R-da92bbc64b01996f:R-e12b792010b6b406=1.000;R-da92bbc64b01996f:R-ed5a03d9c9287e6c=1.000;R-da92bbc64b01996f:R-f1db970553ea33b8=1.000;R-da92bbc64b01996f:R-f83c0e29dbdda849=1.000;R-e12b792010b6b406:R-ed5a03d9c9287e6c=1.000;R-e12b792010b6b406:R-f1db970553ea33b8=1.000;R-e12b792010b6b406:R-f83c0e29dbdda849=1.000;R-ed5a03d9c9287e6c:R-f1db970553ea33b8=1.000;R-ed5a03d9c9287e6c:R-f83c0e29dbdda849=1.000;R-f1db970553ea33b8:R-f83c0e29dbdda849=1.000,same normalized title/year and pairwise author overlap >= 0.75,"Generated from local title, year, author, venue, DOI, and provenance fields."
MR-0647,R-6ffbf0500111de61;R-782abf44d0f3ca92;R-7bbc60d7d6f5453f,merge_all_author_match,R-6ffbf0500111de61+R-782abf44d0f3ca92+R-7bbc60d7d6f5453f,3,1,R-6ffbf0500111de61:R-782abf44d0f3ca92=1.000;R-6ffbf0500111de61:R-7bbc60d7d6f5453f=1.000;R-782abf44d0f3ca92:R-7bbc60d7d6f5453f=1.000,same normalized title/year and pairwise author overlap >= 0.75,"Generated from local title, year, author, venue, DOI, and provenance fields."
MR-0648,R-457c34851c242120;R-9b2aaac690cf7e76,merge_all_author_match,R-457c34851c242120+R-9b2aaac690cf7e76,2,1,R-457c34851c242120:R-9b2aaac690cf7e76=1.000,same normalized title/year and pairwise author overlap >= 0.75,"Generated from local title, year, author, venue, DOI, and provenance fields."
MR-0649,R-2bda3e833130bd13;R-556f3c3aba868053,merge_all_author_match,R-2bda3e833130bd13+R-556f3c3aba868053,2,1,R-2bda3e833130bd13:R-556f3c3aba868053=1.000,same normalized title/year and pairwise author overlap >= 0.75,"Generated from local title, year, author, venue, DOI, and provenance fields."
MR-0650,R-08120247641ce7e3;R-4518437e2bb601c1,merge_all_author_match,R-08120247641ce7e3+R-4518437e2bb601c1,2,1,R-08120247641ce7e3:R-4518437e2bb601c1=1.000,same normalized title/year and pairwise author overlap >= 0.75,"Generated from local title, year, author, venue, DOI, and provenance fields."
MR-0651,R-1f9b17b163da7385;R-43491c47541b6804,merge_all_author_match,R-1f9b17b163da7385+R-43491c47541b6804,2,1,R-1f9b17b163da7385:R-43491c47541b6804=1.000,same normalized title/year and pairwise author overlap >= 0.75,"Generated from local title, year, author, venue, DOI, and provenance fields."
MR-0652,R-2850f4b43c92c315;R-dabef11247231bfa,merge_all_author_match,R-2850f4b43c92c315+R-dabef11247231bfa,2,1,R-2850f4b43c92c315:R-dabef11247231bfa=1.000,same normalized title/year and pairwise author overlap >= 0.75,"Generated from local title, year, author, venue, DOI, and provenance fields."
MR-0653,R-2b663df234ca6c4f;R-d290b10a64f62df3,merge_all_author_match,R-2b663df234ca6c4f+R-d290b10a64f62df3,2,1,R-2b663df234ca6c4f:R-d290b10a64f62df3=1.000,same normalized title/year and pairwise author overlap >= 0.75,"Generated from local title, year, author, venue, DOI, and provenance fields."
MR-0654,R-09722a5774247ac3;R-6b178d614681744d,merge_all_author_match,R-09722a5774247ac3+R-6b178d614681744d,2,1,R-09722a5774247ac3:R-6b178d614681744d=1.250,same normalized title/year and pairwise author overlap >= 0.75,"Generated from local title, year, author, venue, DOI, and provenance fields."
MR-0655,R-04b735dac54cf980;R-eded29aaf20393a4,merge_all_author_match,R-04b735dac54cf980+R-eded29aaf20393a4,2,1,R-04b735dac54cf980:R-eded29aaf20393a4=0.750,same normalized title/year and pairwise author overlap >= 0.75,"Generated from local title, year, author, venue, DOI, and provenance fields."
MR-0656,R-4124854a6ee9d266;R-fe7f72d950fa1dc1,merge_all_author_match,R-4124854a6ee9d266+R-fe7f72d950fa1dc1,2,1,R-4124854a6ee9d266:R-fe7f72d950fa1dc1=1.000,same normalized title/year and pairwise author overlap >= 0.75,"Generated from local title, year, author, venue, DOI, and provenance fields."
MR-0657,R-ce54273a84f37d50;R-fe4b950bf65bc43b,merge_all_author_match,R-ce54273a84f37d50+R-fe4b950bf65bc43b,2,1,R-ce54273a84f37d50:R-fe4b950bf65bc43b=1.000,same normalized title/year and pairwise author overlap >= 0.75,"Generated from local title, year, author, venue, DOI, and provenance fields."
MR-0658,R-890c848ec5bb9622;R-d92516a06ef86e4e,merge_all_author_match,R-890c848ec5bb9622+R-d92516a06ef86e4e,2,1,R-890c848ec5bb9622:R-d92516a06ef86e4e=1.000,same normalized title/year and pairwise author overlap >= 0.75,"Generated from local title, year, author, venue, DOI, and provenance fields."
MR-0659,R-0bcda59c497590c8;R-beff2e74abc805c6,merge_all_author_match,R-0bcda59c497590c8+R-beff2e74abc805c6,2,1,R-0bcda59c497590c8:R-beff2e74abc805c6=1.000,same normalized title/year and pairwise author overlap >= 0.75,"Generated from local title, year, author, venue, DOI, and provenance fields."
MR-0660,R-230387585ee45814;R-8858be6196596948,merge_all_author_match,R-230387585ee45814+R-8858be6196596948,2,1,R-230387585ee45814:R-8858be6196596948=1.000,same normalized title/year and pairwise author overlap >= 0.75,"Generated from local title, year, author, venue, DOI, and provenance fields."
MR-0661,R-b2980411c3b7b231;R-f87fdfa5d6f8c9f0,merge_all_author_match,R-b2980411c3b7b231+R-f87fdfa5d6f8c9f0,2,1,R-b2980411c3b7b231:R-f87fdfa5d6f8c9f0=1.000,same normalized title/year and pairwise author overlap >= 0.75,"Generated from local title, year, author, venue, DOI, and provenance fields."
MR-0662,R-4239018bb7d2bada;R-43ed86df91b90e07;R-9da0f5448758aea9,merge_all_author_match,R-4239018bb7d2bada+R-43ed86df91b90e07+R-9da0f5448758aea9,3,1,R-4239018bb7d2bada:R-43ed86df91b90e07=1.000;R-4239018bb7d2bada:R-9da0f5448758aea9=1.000;R-43ed86df91b90e07:R-9da0f5448758aea9=1.000,same normalized title/year and pairwise author overlap >= 0.75,"Generated from local title, year, author, venue, DOI, and provenance fields."
MR-0663,R-3b925d5c062a5850;R-8daff5a96d767ca1,merge_all_author_match,R-3b925d5c062a5850+R-8daff5a96d767ca1,2,1,R-3b925d5c062a5850:R-8daff5a96d767ca1=1.000,same normalized title/year and pairwise author overlap >= 0.75,"Generated from local title, year, author, venue, DOI, and provenance fields."
MR-0664,R-c433fe0579e719bc;R-e6ce610681321a42,merge_all_author_match,R-c433fe0579e719bc+R-e6ce610681321a42,2,1,R-c433fe0579e719bc:R-e6ce610681321a42=1.000,same normalized title/year and pairwise author overlap >= 0.75,"Generated from local title, year, author, venue, DOI, and provenance fields."
MR-0665,R-701efcbdf8439039;R-e13aad571247cd58,merge_all_author_match,R-701efcbdf8439039+R-e13aad571247cd58,2,1,R-701efcbdf8439039:R-e13aad571247cd58=1.000,same normalized title/year and pairwise author overlap >= 0.75,"Generated from local title, year, author, venue, DOI, and provenance fields."
MR-0666,R-b37c23ba10e2c104;R-f6824626b27bea22,merge_all_author_match,R-b37c23ba10e2c104+R-f6824626b27bea22,2,1,R-b37c23ba10e2c104:R-f6824626b27bea22=0.750,same normalized title/year and pairwise author overlap >= 0.75,"Generated from local title, year, author, venue, DOI, and provenance fields."
MR-0667,R-0e7db604a00837e0;R-131ff5295b539245,merge_all_author_match,R-0e7db604a00837e0+R-131ff5295b539245,2,1,R-0e7db604a00837e0:R-131ff5295b539245=1.000,same normalized title/year and pairwise author overlap >= 0.75,"Generated from local title, year, author, venue, DOI, and provenance fields."
MR-0668,R-13b908eddb935843;R-7c2cc80afdfbbb02,merge_all_author_match,R-13b908eddb935843+R-7c2cc80afdfbbb02,2,1,R-13b908eddb935843:R-7c2cc80afdfbbb02=1.000,same normalized title/year and pairwise author overlap >= 0.75,"Generated from local title, year, author, venue, DOI, and provenance fields."
MR-0669,R-6ecfe40a520af5c1;R-766b117bb59b6908,merge_all_author_match,R-6ecfe40a520af5c1+R-766b117bb59b6908,2,1,R-6ecfe40a520af5c1:R-766b117bb59b6908=1.000,same normalized title/year and pairwise author overlap >= 0.75,"Generated from local title, year, author, venue, DOI, and provenance fields."
MR-0670,R-191c31f8bee3609a;R-fa74671690f1b7f1,merge_all_author_match,R-191c31f8bee3609a+R-fa74671690f1b7f1,2,1,R-191c31f8bee3609a:R-fa74671690f1b7f1=1.000,same normalized title/year and pairwise author overlap >= 0.75,"Generated from local title, year, author, venue, DOI, and provenance fields."
MR-0671,R-434532f5fd965fed;R-8a9ca345520c6fa9,merge_all_author_match,R-434532f5fd965fed+R-8a9ca345520c6fa9,2,1,R-434532f5fd965fed:R-8a9ca345520c6fa9=1.000,same normalized title/year and pairwise author overlap >= 0.75,"Generated from local title, year, author, venue, DOI, and provenance fields."
MR-0672,R-bcab218c5297e996;R-e72ecd32b31ce7bd,merge_all_author_match,R-bcab218c5297e996+R-e72ecd32b31ce7bd,2,1,R-bcab218c5297e996:R-e72ecd32b31ce7bd=1.000,same normalized title/year and pairwise author overlap >= 0.75,"Generated from local title, year, author, venue, DOI, and provenance fields."
MR-0673,R-1ac4af2d0b2f284c;R-4c4d80775c7900d5;R-e4519eb1979731b5,merge_all_author_match,R-1ac4af2d0b2f284c+R-4c4d80775c7900d5+R-e4519eb1979731b5,3,1,R-1ac4af2d0b2f284c:R-4c4d80775c7900d5=1.000;R-1ac4af2d0b2f284c:R-e4519eb1979731b5=1.000;R-4c4d80775c7900d5:R-e4519eb1979731b5=1.000,same normalized title/year and pairwise author overlap >= 0.75,"Generated from local title, year, author, venue, DOI, and provenance fields."
MR-0674,R-42c019c3c94e1edd;R-7a12e5a28295d3a5,merge_all_author_match,R-42c019c3c94e1edd+R-7a12e5a28295d3a5,2,1,R-42c019c3c94e1edd:R-7a12e5a28295d3a5=1.000,same normalized title/year and pairwise author overlap >= 0.75,"Generated from local title, year, author, venue, DOI, and provenance fields."
MR-0675,R-9324672b995991e3;R-9c0ae3d63f4984ea,merge_all_author_match,R-9324672b995991e3+R-9c0ae3d63f4984ea,2,1,R-9324672b995991e3:R-9c0ae3d63f4984ea=1.000,same normalized title/year and pairwise author overlap >= 0.75,"Generated from local title, year, author, venue, DOI, and provenance fields."
MR-0676,R-60f66e9ef5819a4e;R-a8fb9d2e25f6d71b,keep_separate_conservative,R-60f66e9ef5819a4e | R-a8fb9d2e25f6d71b,2,0,R-60f66e9ef5819a4e:R-a8fb9d2e25f6d71b=0.500,author or publication metadata differs below the merge threshold,"Generated from local title, year, author, venue, DOI, and provenance fields."
MR-0677,R-17ad3e9f935474fe;R-48414f81c27e1644,merge_all_author_match,R-17ad3e9f935474fe+R-48414f81c27e1644,2,1,R-17ad3e9f935474fe:R-48414f81c27e1644=1.000,same normalized title/year and pairwise author overlap >= 0.75,"Generated from local title, year, author, venue, DOI, and provenance fields."
MR-0678,R-75934f9730c11f80;R-b4addf483330f2ce,merge_all_author_match,R-75934f9730c11f80+R-b4addf483330f2ce,2,1,R-75934f9730c11f80:R-b4addf483330f2ce=1.000,same normalized title/year and pairwise author overlap >= 0.75,"Generated from local title, year, author, venue, DOI, and provenance fields."
MR-0679,R-109ce9a673225ee1;R-380f43d467a5f5f8,merge_all_author_match,R-109ce9a673225ee1+R-380f43d467a5f5f8,2,1,R-109ce9a673225ee1:R-380f43d467a5f5f8=1.000,same normalized title/year and pairwise author overlap >= 0.75,"Generated from local title, year, author, venue, DOI, and provenance fields."
MR-0680,R-2a31586975303023;R-4563d27dcb0e3486,merge_all_author_match,R-2a31586975303023+R-4563d27dcb0e3486,2,1,R-2a31586975303023:R-4563d27dcb0e3486=1.000,same normalized title/year and pairwise author overlap >= 0.75,"Generated from local title, year, author, venue, DOI, and provenance fields."
MR-0681,R-1191d0a486d96447;R-668c82c1c0274feb,merge_all_author_match,R-1191d0a486d96447+R-668c82c1c0274feb,2,1,R-1191d0a486d96447:R-668c82c1c0274feb=1.000,same normalized title/year and pairwise author overlap >= 0.75,"Generated from local title, year, author, venue, DOI, and provenance fields."
MR-0682,R-5a62d478a1715968;R-5c33b20c72b5a5c5,merge_all_author_match,R-5a62d478a1715968+R-5c33b20c72b5a5c5,2,1,R-5a62d478a1715968:R-5c33b20c72b5a5c5=1.000,same normalized title/year and pairwise author overlap >= 0.75,"Generated from local title, year, author, venue, DOI, and provenance fields."
MR-0683,R-59dbbad8a8881138;R-f2a426e3db131c14,merge_all_author_match,R-59dbbad8a8881138+R-f2a426e3db131c14,2,1,R-59dbbad8a8881138:R-f2a426e3db131c14=1.000,same normalized title/year and pairwise author overlap >= 0.75,"Generated from local title, year, author, venue, DOI, and provenance fields."
MR-0684,R-2992090f3c376e59;R-2db5b78c9d38840d;R-9dcd468821fa9c25,merge_all_author_match,R-2992090f3c376e59+R-2db5b78c9d38840d+R-9dcd468821fa9c25,3,1,R-2992090f3c376e59:R-2db5b78c9d38840d=1.000;R-2992090f3c376e59:R-9dcd468821fa9c25=1.000;R-2db5b78c9d38840d:R-9dcd468821fa9c25=1.000,same normalized title/year and pairwise author overlap >= 0.75,"Generated from local title, year, author, venue, DOI, and provenance fields."
MR-0685,R-118eb0acbd760a61;R-d8c459e74d7ec5b8,merge_all_author_match,R-118eb0acbd760a61+R-d8c459e74d7ec5b8,2,1,R-118eb0acbd760a61:R-d8c459e74d7ec5b8=1.000,same normalized title/year and pairwise author overlap >= 0.75,"Generated from local title, year, author, venue, DOI, and provenance fields."
MR-0686,R-1234205a630400fd;R-dcc9ee65ad4adfef,merge_all_author_match,R-1234205a630400fd+R-dcc9ee65ad4adfef,2,1,R-1234205a630400fd:R-dcc9ee65ad4adfef=1.000,same normalized title/year and pairwise author overlap >= 0.75,"Generated from local title, year, author, venue, DOI, and provenance fields."
MR-0687,R-a94dcfff8506d20b;R-f67fd164fce6f0d4,merge_all_author_match,R-a94dcfff8506d20b+R-f67fd164fce6f0d4,2,1,R-a94dcfff8506d20b:R-f67fd164fce6f0d4=1.000,same normalized title/year and pairwise author overlap >= 0.75,"Generated from local title, year, author, venue, DOI, and provenance fields."
MR-0688,R-c9e93ab9bfa02483;R-df8bc10df4759e76,merge_all_author_match,R-c9e93ab9bfa02483+R-df8bc10df4759e76,2,1,R-c9e93ab9bfa02483:R-df8bc10df4759e76=1.000,same normalized title/year and pairwise author overlap >= 0.75,"Generated from local title, year, author, venue, DOI, and provenance fields."
MR-0689,R-387af327b3533749;R-f5ca5ec9d1c84a53,merge_all_author_match,R-387af327b3533749+R-f5ca5ec9d1c84a53,2,1,R-387af327b3533749:R-f5ca5ec9d1c84a53=1.000,same normalized title/year and pairwise author overlap >= 0.75,"Generated from local title, year, author, venue, DOI, and provenance fields."
MR-0690,R-2ffbf0de9c3fed01;R-751ada8022e7b90e,merge_all_author_match,R-2ffbf0de9c3fed01+R-751ada8022e7b90e,2,1,R-2ffbf0de9c3fed01:R-751ada8022e7b90e=1.000,same normalized title/year and pairwise author overlap >= 0.75,"Generated from local title, year, author, venue, DOI, and provenance fields."
MR-0691,R-5153499f060e1654;R-9a346f6c6333130a,merge_all_author_match,R-5153499f060e1654+R-9a346f6c6333130a,2,1,R-5153499f060e1654:R-9a346f6c6333130a=1.000,same normalized title/year and pairwise author overlap >= 0.75,"Generated from local title, year, author, venue, DOI, and provenance fields."
MR-0692,R-0ebb35c654467f80;R-a9a73133ebde3ebf;R-e8fae7026b53d707,merge_all_author_match,R-0ebb35c654467f80+R-a9a73133ebde3ebf+R-e8fae7026b53d707,3,1,R-0ebb35c654467f80:R-a9a73133ebde3ebf=1.000;R-0ebb35c654467f80:R-e8fae7026b53d707=1.000;R-a9a73133ebde3ebf:R-e8fae7026b53d707=1.000,same normalized title/year and pairwise author overlap >= 0.75,"Generated from local title, year, author, venue, DOI, and provenance fields."
MR-0693,R-a4dcdc7d843cb689;R-db3c67470a33384d,merge_all_author_match,R-a4dcdc7d843cb689+R-db3c67470a33384d,2,1,R-a4dcdc7d843cb689:R-db3c67470a33384d=1.000,same normalized title/year and pairwise author overlap >= 0.75,"Generated from local title, year, author, venue, DOI, and provenance fields."
MR-0694,R-1b8f0a68aca06daa;R-4ec47c1b8ff461c9,merge_all_author_match,R-1b8f0a68aca06daa+R-4ec47c1b8ff461c9,2,1,R-1b8f0a68aca06daa:R-4ec47c1b8ff461c9=1.000,same normalized title/year and pairwise author overlap >= 0.75,"Generated from local title, year, author, venue, DOI, and provenance fields."
MR-0695,R-9de707a8c76181a6;R-e4dd09727808069e,merge_all_author_match,R-9de707a8c76181a6+R-e4dd09727808069e,2,1,R-9de707a8c76181a6:R-e4dd09727808069e=1.000,same normalized title/year and pairwise author overlap >= 0.75,"Generated from local title, year, author, venue, DOI, and provenance fields."
MR-0696,R-20ff1cc4c32c8868;R-85488df254ca812c,merge_all_author_match,R-20ff1cc4c32c8868+R-85488df254ca812c,2,1,R-20ff1cc4c32c8868:R-85488df254ca812c=1.000,same normalized title/year and pairwise author overlap >= 0.75,"Generated from local title, year, author, venue, DOI, and provenance fields."
MR-0697,R-55f1df69d0c31e3f;R-9ba9fd23e12a95dd,merge_all_curated,R-55f1df69d0c31e3f+R-9ba9fd23e12a95dd,2,1,R-55f1df69d0c31e3f:R-9ba9fd23e12a95dd=0.500,same study version; conference and Open MIND records share exact title/year,"Generated from local title, year, author, venue, DOI, and provenance fields."
MR-0698,R-106bb97fa646514c;R-39dcdb158a4fc5cc,merge_all_author_match,R-106bb97fa646514c+R-39dcdb158a4fc5cc,2,1,R-106bb97fa646514c:R-39dcdb158a4fc5cc=1.000,same normalized title/year and pairwise author overlap >= 0.75,"Generated from local title, year, author, venue, DOI, and provenance fields."
MR-0699,R-2a2de0a6f82e94eb;R-d209efbf22f21e10,merge_all_author_match,R-2a2de0a6f82e94eb+R-d209efbf22f21e10,2,1,R-2a2de0a6f82e94eb:R-d209efbf22f21e10=0.750,same normalized title/year and pairwise author overlap >= 0.75,"Generated from local title, year, author, venue, DOI, and provenance fields."
MR-0700,R-02e54c6bfe057b4d;R-0b5f164852cdf509;R-5c32e9980653cbf1,merge_all_author_match,R-02e54c6bfe057b4d+R-0b5f164852cdf509+R-5c32e9980653cbf1,3,1,R-02e54c6bfe057b4d:R-0b5f164852cdf509=1.000;R-02e54c6bfe057b4d:R-5c32e9980653cbf1=1.000;R-0b5f164852cdf509:R-5c32e9980653cbf1=1.000,same normalized title/year and pairwise author overlap >= 0.75,"Generated from local title, year, author, venue, DOI, and provenance fields."
MR-0701,R-18c4fb31930690e0;R-1d3bfb4aa6d6ee20,merge_all_author_match,R-18c4fb31930690e0+R-1d3bfb4aa6d6ee20,2,1,R-18c4fb31930690e0:R-1d3bfb4aa6d6ee20=1.000,same normalized title/year and pairwise author overlap >= 0.75,"Generated from local title, year, author, venue, DOI, and provenance fields."
MR-0702,R-69ff793d943aa86b;R-ab9deb6aed1c51f4,merge_all_author_match,R-69ff793d943aa86b+R-ab9deb6aed1c51f4,2,1,R-69ff793d943aa86b:R-ab9deb6aed1c51f4=1.000,same normalized title/year and pairwise author overlap >= 0.75,"Generated from local title, year, author, venue, DOI, and provenance fields."
MR-0703,R-6e045a96994687a9;R-a05accde45afaf74,merge_all_author_match,R-6e045a96994687a9+R-a05accde45afaf74,2,1,R-6e045a96994687a9:R-a05accde45afaf74=1.000,same normalized title/year and pairwise author overlap >= 0.75,"Generated from local title, year, author, venue, DOI, and provenance fields."
MR-0704,R-8168109420e31dac;R-b2c503d092d5b56e,merge_all_author_match,R-8168109420e31dac+R-b2c503d092d5b56e,2,1,R-8168109420e31dac:R-b2c503d092d5b56e=1.000,same normalized title/year and pairwise author overlap >= 0.75,"Generated from local title, year, author, venue, DOI, and provenance fields."
MR-0705,R-24db2c9554fdd773;R-aa834d0ef3c97c64,merge_all_author_match,R-24db2c9554fdd773+R-aa834d0ef3c97c64,2,1,R-24db2c9554fdd773:R-aa834d0ef3c97c64=1.000,same normalized title/year and pairwise author overlap >= 0.75,"Generated from local title, year, author, venue, DOI, and provenance fields."
MR-0706,R-28c23b9c1ba6985f;R-805dd8bc68ee2e1f;R-dee662955f46eac2,merge_all_author_match,R-28c23b9c1ba6985f+R-805dd8bc68ee2e1f+R-dee662955f46eac2,3,1,R-28c23b9c1ba6985f:R-805dd8bc68ee2e1f=1.000;R-28c23b9c1ba6985f:R-dee662955f46eac2=1.000;R-805dd8bc68ee2e1f:R-dee662955f46eac2=1.000,same normalized title/year and pairwise author overlap >= 0.75,"Generated from local title, year, author, venue, DOI, and provenance fields."
MR-0707,R-6bf133db05b2b6d5;R-ce456c1f3d712882;R-f928e9dde1a20c4f,merge_all_author_match,R-6bf133db05b2b6d5+R-ce456c1f3d712882+R-f928e9dde1a20c4f,3,1,R-6bf133db05b2b6d5:R-ce456c1f3d712882=1.000;R-6bf133db05b2b6d5:R-f928e9dde1a20c4f=1.000;R-ce456c1f3d712882:R-f928e9dde1a20c4f=1.000,same normalized title/year and pairwise author overlap >= 0.75,"Generated from local title, year, author, venue, DOI, and provenance fields."
MR-0708,R-18f1a46eaaafe058;R-9a8e21e2c4732afd,merge_all_author_match,R-18f1a46eaaafe058+R-9a8e21e2c4732afd,2,1,R-18f1a46eaaafe058:R-9a8e21e2c4732afd=1.000,same normalized title/year and pairwise author overlap >= 0.75,"Generated from local title, year, author, venue, DOI, and provenance fields."
MR-0709,R-00f989ebf8969669;R-2f4aaf8466ff1429,merge_all_author_match,R-00f989ebf8969669+R-2f4aaf8466ff1429,2,1,R-00f989ebf8969669:R-2f4aaf8466ff1429=1.000,same normalized title/year and pairwise author overlap >= 0.75,"Generated from local title, year, author, venue, DOI, and provenance fields."
MR-0710,R-36d5adc15481c949;R-532f1f5180275533;R-66bb31225288dff9;R-67a6513e51638671,merge_all_author_match,R-36d5adc15481c949+R-532f1f5180275533+R-66bb31225288dff9+R-67a6513e51638671,4,1,R-36d5adc15481c949:R-532f1f5180275533=1.000;R-36d5adc15481c949:R-66bb31225288dff9=1.000;R-36d5adc15481c949:R-67a6513e51638671=1.000;R-532f1f5180275533:R-66bb31225288dff9=1.000;R-532f1f5180275533:R-67a6513e51638671=1.000;R-66bb31225288dff9:R-67a6513e51638671=1.000,same normalized title/year and pairwise author overlap >= 0.75,"Generated from local title, year, author, venue, DOI, and provenance fields."
MR-0711,R-26141751d6393a1c;R-da3c9bee5d7f94de,merge_all_author_match,R-26141751d6393a1c+R-da3c9bee5d7f94de,2,1,R-26141751d6393a1c:R-da3c9bee5d7f94de=1.000,same normalized title/year and pairwise author overlap >= 0.75,"Generated from local title, year, author, venue, DOI, and provenance fields."
MR-0712,R-5b7264a6807e25fd;R-e79e943e5d2a50e6,merge_all_author_match,R-5b7264a6807e25fd+R-e79e943e5d2a50e6,2,1,R-5b7264a6807e25fd:R-e79e943e5d2a50e6=1.000,same normalized title/year and pairwise author overlap >= 0.75,"Generated from local title, year, author, venue, DOI, and provenance fields."
MR-0713,R-15cd0e866ca957eb;R-1df93f7ba7679040;R-eab27975f8bfdf26,merge_all_author_match,R-15cd0e866ca957eb+R-1df93f7ba7679040+R-eab27975f8bfdf26,3,1,R-15cd0e866ca957eb:R-1df93f7ba7679040=1.000;R-15cd0e866ca957eb:R-eab27975f8bfdf26=1.000;R-1df93f7ba7679040:R-eab27975f8bfdf26=1.000,same normalized title/year and pairwise author overlap >= 0.75,"Generated from local title, year, author, venue, DOI, and provenance fields."
MR-0714,R-6f943ac4169b741a;R-8926d088295e1bd0,merge_all_author_match,R-6f943ac4169b741a+R-8926d088295e1bd0,2,1,R-6f943ac4169b741a:R-8926d088295e1bd0=1.000,same normalized title/year and pairwise author overlap >= 0.75,"Generated from local title, year, author, venue, DOI, and provenance fields."
MR-0715,R-40fa7cdcf905461b;R-c60fa1a51708f62e,merge_all_author_match,R-40fa7cdcf905461b+R-c60fa1a51708f62e,2,1,R-40fa7cdcf905461b:R-c60fa1a51708f62e=1.000,same normalized title/year and pairwise author overlap >= 0.75,"Generated from local title, year, author, venue, DOI, and provenance fields."
MR-0716,R-a325187f5fbf582e;R-b3e95627d29c21e0,merge_all_author_match,R-a325187f5fbf582e+R-b3e95627d29c21e0,2,1,R-a325187f5fbf582e:R-b3e95627d29c21e0=1.000,same normalized title/year and pairwise author overlap >= 0.75,"Generated from local title, year, author, venue, DOI, and provenance fields."
MR-0717,R-078d6c2e3bf6c101;R-44ecb47f4fcb36d0,merge_all_author_match,R-078d6c2e3bf6c101+R-44ecb47f4fcb36d0,2,1,R-078d6c2e3bf6c101:R-44ecb47f4fcb36d0=1.000,same normalized title/year and pairwise author overlap >= 0.75,"Generated from local title, year, author, venue, DOI, and provenance fields."
MR-0718,R-85d81ab4b7007af5;R-f51ce2fc04de255b,merge_all_author_match,R-85d81ab4b7007af5+R-f51ce2fc04de255b,2,1,R-85d81ab4b7007af5:R-f51ce2fc04de255b=1.000,same normalized title/year and pairwise author overlap >= 0.75,"Generated from local title, year, author, venue, DOI, and provenance fields."
MR-0719,R-44ebb5115f8fa78d;R-dc112fc0d1dbcd66,merge_all_author_match,R-44ebb5115f8fa78d+R-dc112fc0d1dbcd66,2,1,R-44ebb5115f8fa78d:R-dc112fc0d1dbcd66=1.000,same normalized title/year and pairwise author overlap >= 0.75,"Generated from local title, year, author, venue, DOI, and provenance fields."
MR-0720,R-88af4a8576c3c663;R-b728ddb17af0ff59,merge_all_author_match,R-88af4a8576c3c663+R-b728ddb17af0ff59,2,1,R-88af4a8576c3c663:R-b728ddb17af0ff59=1.000,same normalized title/year and pairwise author overlap >= 0.75,"Generated from local title, year, author, venue, DOI, and provenance fields."
MR-0721,R-3f9f32eb20854baf;R-40c350eb22f86d3d,merge_all_author_match,R-3f9f32eb20854baf+R-40c350eb22f86d3d,2,1,R-3f9f32eb20854baf:R-40c350eb22f86d3d=1.000,same normalized title/year and pairwise author overlap >= 0.75,"Generated from local title, year, author, venue, DOI, and provenance fields."
MR-0722,R-0f78a4e2a1235106;R-44f56a70c0532172,merge_all_author_match,R-0f78a4e2a1235106+R-44f56a70c0532172,2,1,R-0f78a4e2a1235106:R-44f56a70c0532172=1.000,same normalized title/year and pairwise author overlap >= 0.75,"Generated from local title, year, author, venue, DOI, and provenance fields."
MR-0723,R-02119affd36bc7a3;R-9a912e968bb57c0b,merge_all_author_match,R-02119affd36bc7a3+R-9a912e968bb57c0b,2,1,R-02119affd36bc7a3:R-9a912e968bb57c0b=1.000,same normalized title/year and pairwise author overlap >= 0.75,"Generated from local title, year, author, venue, DOI, and provenance fields."
MR-0724,R-d65877fd020a27ca;R-ecc51edea1ad2bb7,merge_all_author_match,R-d65877fd020a27ca+R-ecc51edea1ad2bb7,2,1,R-d65877fd020a27ca:R-ecc51edea1ad2bb7=1.000,same normalized title/year and pairwise author overlap >= 0.75,"Generated from local title, year, author, venue, DOI, and provenance fields."
MR-0725,R-53b1fbd5c05955d6;R-5ff8bcd11a592cf3,merge_all_author_match,R-53b1fbd5c05955d6+R-5ff8bcd11a592cf3,2,1,R-53b1fbd5c05955d6:R-5ff8bcd11a592cf3=1.000,same normalized title/year and pairwise author overlap >= 0.75,"Generated from local title, year, author, venue, DOI, and provenance fields."
MR-0726,R-21fc1a20fa686d32;R-468be611cb656209,merge_all_author_match,R-21fc1a20fa686d32+R-468be611cb656209,2,1,R-21fc1a20fa686d32:R-468be611cb656209=1.000,same normalized title/year and pairwise author overlap >= 0.75,"Generated from local title, year, author, venue, DOI, and provenance fields."
MR-0727,R-10f49af9c5ec11c4;R-8493ed41edfd1cb6,merge_all_author_match,R-10f49af9c5ec11c4+R-8493ed41edfd1cb6,2,1,R-10f49af9c5ec11c4:R-8493ed41edfd1cb6=1.000,same normalized title/year and pairwise author overlap >= 0.75,"Generated from local title, year, author, venue, DOI, and provenance fields."
MR-0728,R-7b26a58f3aa8b063;R-e553ec1fcd961ed9,merge_all_author_match,R-7b26a58f3aa8b063+R-e553ec1fcd961ed9,2,1,R-7b26a58f3aa8b063:R-e553ec1fcd961ed9=1.000,same normalized title/year and pairwise author overlap >= 0.75,"Generated from local title, year, author, venue, DOI, and provenance fields."
MR-0729,R-1740dc9a39f20878;R-4b72e9321aae1f5f,keep_separate_conservative,R-1740dc9a39f20878 | R-4b72e9321aae1f5f,2,0,R-1740dc9a39f20878:R-4b72e9321aae1f5f=0.000,author or publication metadata differs below the merge threshold,"Generated from local title, year, author, venue, DOI, and provenance fields."
MR-0730,R-17af944e09759d4f;R-b25c75e1228db963,merge_all_author_match,R-17af944e09759d4f+R-b25c75e1228db963,2,1,R-17af944e09759d4f:R-b25c75e1228db963=1.000,same normalized title/year and pairwise author overlap >= 0.75,"Generated from local title, year, author, venue, DOI, and provenance fields."
MR-0731,R-a7ab26db57be6cdf;R-dbe754c0b8ca620f,merge_all_author_match,R-a7ab26db57be6cdf+R-dbe754c0b8ca620f,2,1,R-a7ab26db57be6cdf:R-dbe754c0b8ca620f=1.000,same normalized title/year and pairwise author overlap >= 0.75,"Generated from local title, year, author, venue, DOI, and provenance fields."
MR-0732,R-a7f64ceee87da024;R-c880bfca42d053af,merge_all_author_match,R-a7f64ceee87da024+R-c880bfca42d053af,2,1,R-a7f64ceee87da024:R-c880bfca42d053af=1.000,same normalized title/year and pairwise author overlap >= 0.75,"Generated from local title, year, author, venue, DOI, and provenance fields."
MR-0733,R-0f7747f1b22d7c5d;R-f98f6fe56a7cfbf0,merge_all_author_match,R-0f7747f1b22d7c5d+R-f98f6fe56a7cfbf0,2,1,R-0f7747f1b22d7c5d:R-f98f6fe56a7cfbf0=1.000,same normalized title/year and pairwise author overlap >= 0.75,"Generated from local title, year, author, venue, DOI, and provenance fields."
MR-0734,R-4de899e9db7a1afd;R-e5ddfc2da88fad0c,merge_all_author_match,R-4de899e9db7a1afd+R-e5ddfc2da88fad0c,2,1,R-4de899e9db7a1afd:R-e5ddfc2da88fad0c=0.750,same normalized title/year and pairwise author overlap >= 0.75,"Generated from local title, year, author, venue, DOI, and provenance fields."
MR-0735,R-a53b930e89e4ce1a;R-a6c023aa1a1a9763;R-d776529ae1e24bdc,merge_all_author_match,R-a53b930e89e4ce1a+R-a6c023aa1a1a9763+R-d776529ae1e24bdc,3,1,R-a53b930e89e4ce1a:R-a6c023aa1a1a9763=1.000;R-a53b930e89e4ce1a:R-d776529ae1e24bdc=1.000;R-a6c023aa1a1a9763:R-d776529ae1e24bdc=1.000,same normalized title/year and pairwise author overlap >= 0.75,"Generated from local title, year, author, venue, DOI, and provenance fields."
MR-0736,R-a2f96e0e0097a29c;R-cb3c0591a7bd74e0,merge_all_author_match,R-a2f96e0e0097a29c+R-cb3c0591a7bd74e0,2,1,R-a2f96e0e0097a29c:R-cb3c0591a7bd74e0=1.000,same normalized title/year and pairwise author overlap >= 0.75,"Generated from local title, year, author, venue, DOI, and provenance fields."
MR-0737,R-5bd359072a669592;R-65255a94ee96b60f,merge_all_author_match,R-5bd359072a669592+R-65255a94ee96b60f,2,1,R-5bd359072a669592:R-65255a94ee96b60f=1.000,same normalized title/year and pairwise author overlap >= 0.75,"Generated from local title, year, author, venue, DOI, and provenance fields."
MR-0738,R-6803dd7971c2d2fb;R-dd61a13254906310,merge_all_author_match,R-6803dd7971c2d2fb+R-dd61a13254906310,2,1,R-6803dd7971c2d2fb:R-dd61a13254906310=1.000,same normalized title/year and pairwise author overlap >= 0.75,"Generated from local title, year, author, venue, DOI, and provenance fields."
MR-0739,R-c6468db6877b9354;R-efba2096f41e418a,merge_all_author_match,R-c6468db6877b9354+R-efba2096f41e418a,2,1,R-c6468db6877b9354:R-efba2096f41e418a=1.000,same normalized title/year and pairwise author overlap >= 0.75,"Generated from local title, year, author, venue, DOI, and provenance fields."
MR-0740,R-435c4eb557304d1d;R-a5bcfd581ff552cb,merge_all_author_match,R-435c4eb557304d1d+R-a5bcfd581ff552cb,2,1,R-435c4eb557304d1d:R-a5bcfd581ff552cb=1.000,same normalized title/year and pairwise author overlap >= 0.75,"Generated from local title, year, author, venue, DOI, and provenance fields."
MR-0741,R-b72eed2ad222a4a7;R-cc0a5539fddce426,merge_all_author_match,R-b72eed2ad222a4a7+R-cc0a5539fddce426,2,1,R-b72eed2ad222a4a7:R-cc0a5539fddce426=1.000,same normalized title/year and pairwise author overlap >= 0.75,"Generated from local title, year, author, venue, DOI, and provenance fields."
MR-0742,R-86e72ca98db588b3;R-a53b4bcf56028665,merge_all_author_match,R-86e72ca98db588b3+R-a53b4bcf56028665,2,1,R-86e72ca98db588b3:R-a53b4bcf56028665=1.000,same normalized title/year and pairwise author overlap >= 0.75,"Generated from local title, year, author, venue, DOI, and provenance fields."
MR-0743,R-0043182bc90ae637;R-80e3105226455280,merge_all_author_match,R-0043182bc90ae637+R-80e3105226455280,2,1,R-0043182bc90ae637:R-80e3105226455280=1.000,same normalized title/year and pairwise author overlap >= 0.75,"Generated from local title, year, author, venue, DOI, and provenance fields."
MR-0744,R-0773095da9e163ac;R-7ae6c1571209e38e,merge_all_author_match,R-0773095da9e163ac+R-7ae6c1571209e38e,2,1,R-0773095da9e163ac:R-7ae6c1571209e38e=1.250,same normalized title/year and pairwise author overlap >= 0.75,"Generated from local title, year, author, venue, DOI, and provenance fields."
MR-0745,R-509c4b8a892fa168;R-dc8202ef5a0ff539,merge_all_author_match,R-509c4b8a892fa168+R-dc8202ef5a0ff539,2,1,R-509c4b8a892fa168:R-dc8202ef5a0ff539=1.000,same normalized title/year and pairwise author overlap >= 0.75,"Generated from local title, year, author, venue, DOI, and provenance fields."
MR-0746,R-73a9206cead2b14a;R-cf291ce1530cc10d,merge_all_author_match,R-73a9206cead2b14a+R-cf291ce1530cc10d,2,1,R-73a9206cead2b14a:R-cf291ce1530cc10d=1.000,same normalized title/year and pairwise author overlap >= 0.75,"Generated from local title, year, author, venue, DOI, and provenance fields."
MR-0747,R-38d83f71837646c9;R-c35d8d01b675219f,merge_all_author_match,R-38d83f71837646c9+R-c35d8d01b675219f,2,1,R-38d83f71837646c9:R-c35d8d01b675219f=1.000,same normalized title/year and pairwise author overlap >= 0.75,"Generated from local title, year, author, venue, DOI, and provenance fields."
MR-0748,R-08daf549206c901f;R-c35c11bff208a9b1,merge_all_author_match,R-08daf549206c901f+R-c35c11bff208a9b1,2,1,R-08daf549206c901f:R-c35c11bff208a9b1=1.000,same normalized title/year and pairwise author overlap >= 0.75,"Generated from local title, year, author, venue, DOI, and provenance fields."
MR-0749,R-018277d9677045ed;R-bcaf921d3c8efe70;R-c966199b3fca9ca1,merge_all_author_match,R-018277d9677045ed+R-bcaf921d3c8efe70+R-c966199b3fca9ca1,3,1,R-018277d9677045ed:R-bcaf921d3c8efe70=1.000;R-018277d9677045ed:R-c966199b3fca9ca1=1.000;R-bcaf921d3c8efe70:R-c966199b3fca9ca1=1.000,same normalized title/year and pairwise author overlap >= 0.75,"Generated from local title, year, author, venue, DOI, and provenance fields."
MR-0750,R-8f57e376473a2e01;R-db38e0b5c81ebc16,merge_all_author_match,R-8f57e376473a2e01+R-db38e0b5c81ebc16,2,1,R-8f57e376473a2e01:R-db38e0b5c81ebc16=1.000,same normalized title/year and pairwise author overlap >= 0.75,"Generated from local title, year, author, venue, DOI, and provenance fields."
MR-0751,R-6988b649891196b3;R-87e78bf1d34292b4,merge_all_author_match,R-6988b649891196b3+R-87e78bf1d34292b4,2,1,R-6988b649891196b3:R-87e78bf1d34292b4=1.000,same normalized title/year and pairwise author overlap >= 0.75,"Generated from local title, year, author, venue, DOI, and provenance fields."
MR-0752,R-3e12b5cfddaae9eb;R-df365d80148723a0,merge_all_author_match,R-3e12b5cfddaae9eb+R-df365d80148723a0,2,1,R-3e12b5cfddaae9eb:R-df365d80148723a0=1.000,same normalized title/year and pairwise author overlap >= 0.75,"Generated from local title, year, author, venue, DOI, and provenance fields."
MR-0753,R-20dec91941cde3b7;R-21cf185e07edd453,merge_all_author_match,R-20dec91941cde3b7+R-21cf185e07edd453,2,1,R-20dec91941cde3b7:R-21cf185e07edd453=1.000,same normalized title/year and pairwise author overlap >= 0.75,"Generated from local title, year, author, venue, DOI, and provenance fields."
MR-0754,R-16cc05158a861eb9;R-7841adf251310ea6,merge_all_author_match,R-16cc05158a861eb9+R-7841adf251310ea6,2,1,R-16cc05158a861eb9:R-7841adf251310ea6=1.000,same normalized title/year and pairwise author overlap >= 0.75,"Generated from local title, year, author, venue, DOI, and provenance fields."
MR-0755,R-167c7cdb3dadd74e;R-45e0c66fb096cc4f;R-83640299d5f2c0b2,merge_all_author_match,R-167c7cdb3dadd74e+R-45e0c66fb096cc4f+R-83640299d5f2c0b2,3,1,R-167c7cdb3dadd74e:R-45e0c66fb096cc4f=1.000;R-167c7cdb3dadd74e:R-83640299d5f2c0b2=1.000;R-45e0c66fb096cc4f:R-83640299d5f2c0b2=1.000,same normalized title/year and pairwise author overlap >= 0.75,"Generated from local title, year, author, venue, DOI, and provenance fields."
MR-0756,R-2c1db8196783562e;R-e2f314e204f4a6d0,merge_all_author_match,R-2c1db8196783562e+R-e2f314e204f4a6d0,2,1,R-2c1db8196783562e:R-e2f314e204f4a6d0=0.750,same normalized title/year and pairwise author overlap >= 0.75,"Generated from local title, year, author, venue, DOI, and provenance fields."
MR-0757,R-64df5dec180bc6a0;R-a7293cafae4b8b9e,merge_all_author_match,R-64df5dec180bc6a0+R-a7293cafae4b8b9e,2,1,R-64df5dec180bc6a0:R-a7293cafae4b8b9e=1.000,same normalized title/year and pairwise author overlap >= 0.75,"Generated from local title, year, author, venue, DOI, and provenance fields."
MR-0758,R-bec33cfaaf20da36;R-e303889e2f72ec08;R-ea1ca15c2d8b0862,merge_all_author_match,R-bec33cfaaf20da36+R-e303889e2f72ec08+R-ea1ca15c2d8b0862,3,1,R-bec33cfaaf20da36:R-e303889e2f72ec08=1.000;R-bec33cfaaf20da36:R-ea1ca15c2d8b0862=1.000;R-e303889e2f72ec08:R-ea1ca15c2d8b0862=1.000,same normalized title/year and pairwise author overlap >= 0.75,"Generated from local title, year, author, venue, DOI, and provenance fields."
MR-0759,R-2dd9b3a1759e3008;R-3fdc54951608f6d5,merge_all_author_match,R-2dd9b3a1759e3008+R-3fdc54951608f6d5,2,1,R-2dd9b3a1759e3008:R-3fdc54951608f6d5=1.000,same normalized title/year and pairwise author overlap >= 0.75,"Generated from local title, year, author, venue, DOI, and provenance fields."
MR-0760,R-171b7f93bbc6726c;R-b36e8e15c2e07758,merge_all_author_match,R-171b7f93bbc6726c+R-b36e8e15c2e07758,2,1,R-171b7f93bbc6726c:R-b36e8e15c2e07758=1.000,same normalized title/year and pairwise author overlap >= 0.75,"Generated from local title, year, author, venue, DOI, and provenance fields."
MR-0761,R-166cd0f97fa29ee7;R-fe58e5d71ecb8150,merge_all_author_match,R-166cd0f97fa29ee7+R-fe58e5d71ecb8150,2,1,R-166cd0f97fa29ee7:R-fe58e5d71ecb8150=1.000,same normalized title/year and pairwise author overlap >= 0.75,"Generated from local title, year, author, venue, DOI, and provenance fields."
MR-0762,R-7d2c5a7a05952946;R-b77a4a2cf5108e50;R-c5c2e93b3401e86e,merge_all_author_match,R-7d2c5a7a05952946+R-b77a4a2cf5108e50+R-c5c2e93b3401e86e,3,1,R-7d2c5a7a05952946:R-b77a4a2cf5108e50=1.000;R-7d2c5a7a05952946:R-c5c2e93b3401e86e=1.000;R-b77a4a2cf5108e50:R-c5c2e93b3401e86e=1.000,same normalized title/year and pairwise author overlap >= 0.75,"Generated from local title, year, author, venue, DOI, and provenance fields."
MR-0763,R-25dab8c6024f15f8;R-93693b2915de0edd;R-e62e031e21bda53e,partial_merge_author_match,R-25dab8c6024f15f8+R-e62e031e21bda53e | R-93693b2915de0edd,3,1,R-25dab8c6024f15f8:R-93693b2915de0edd=0.000;R-25dab8c6024f15f8:R-e62e031e21bda53e=1.000;R-93693b2915de0edd:R-e62e031e21bda53e=0.000,merge only author-matched components; retain other candidates separately,"Generated from local title, year, author, venue, DOI, and provenance fields."
MR-0764,R-239d869c5d3281d5;R-c6f98eb3307192fb,merge_all_author_match,R-239d869c5d3281d5+R-c6f98eb3307192fb,2,1,R-239d869c5d3281d5:R-c6f98eb3307192fb=1.000,same normalized title/year and pairwise author overlap >= 0.75,"Generated from local title, year, author, venue, DOI, and provenance fields."
MR-0765,R-0ef9b8eda160cd6f;R-55a1b4a6d42475b6,merge_all_author_match,R-0ef9b8eda160cd6f+R-55a1b4a6d42475b6,2,1,R-0ef9b8eda160cd6f:R-55a1b4a6d42475b6=1.000,same normalized title/year and pairwise author overlap >= 0.75,"Generated from local title, year, author, venue, DOI, and provenance fields."
MR-0766,R-a2e75a0ef2941b00;R-a519d569bc162885,merge_all_author_match,R-a2e75a0ef2941b00+R-a519d569bc162885,2,1,R-a2e75a0ef2941b00:R-a519d569bc162885=1.000,same normalized title/year and pairwise author overlap >= 0.75,"Generated from local title, year, author, venue, DOI, and provenance fields."
MR-0767,R-bc1437690738b083;R-d64b9fbc1691befb,merge_all_author_match,R-bc1437690738b083+R-d64b9fbc1691befb,2,1,R-bc1437690738b083:R-d64b9fbc1691befb=1.000,same normalized title/year and pairwise author overlap >= 0.75,"Generated from local title, year, author, venue, DOI, and provenance fields."
MR-0768,R-176087b2a7335149;R-b30a79ce2c8f9977,merge_all_author_match,R-176087b2a7335149+R-b30a79ce2c8f9977,2,1,R-176087b2a7335149:R-b30a79ce2c8f9977=1.000,same normalized title/year and pairwise author overlap >= 0.75,"Generated from local title, year, author, venue, DOI, and provenance fields."
MR-0769,R-2a176f4ad610d01a;R-35f5b4d82b214d42;R-481996b78a3889f6,merge_all_author_match,R-2a176f4ad610d01a+R-35f5b4d82b214d42+R-481996b78a3889f6,3,1,R-2a176f4ad610d01a:R-35f5b4d82b214d42=1.000;R-2a176f4ad610d01a:R-481996b78a3889f6=1.000;R-35f5b4d82b214d42:R-481996b78a3889f6=1.000,same normalized title/year and pairwise author overlap >= 0.75,"Generated from local title, year, author, venue, DOI, and provenance fields."
MR-0770,R-cfc92c3502367194;R-f9bb641c2263bdf3,merge_all_author_match,R-cfc92c3502367194+R-f9bb641c2263bdf3,2,1,R-cfc92c3502367194:R-f9bb641c2263bdf3=1.000,same normalized title/year and pairwise author overlap >= 0.75,"Generated from local title, year, author, venue, DOI, and provenance fields."
MR-0771,R-61770fd04975a0a6;R-70ddb1fb65f6ba54,merge_all_author_match,R-61770fd04975a0a6+R-70ddb1fb65f6ba54,2,1,R-61770fd04975a0a6:R-70ddb1fb65f6ba54=1.000,same normalized title/year and pairwise author overlap >= 0.75,"Generated from local title, year, author, venue, DOI, and provenance fields."
MR-0772,R-5607083aee532996;R-60d584cf820c9d97,merge_all_author_match,R-5607083aee532996+R-60d584cf820c9d97,2,1,R-5607083aee532996:R-60d584cf820c9d97=1.000,same normalized title/year and pairwise author overlap >= 0.75,"Generated from local title, year, author, venue, DOI, and provenance fields."
MR-0773,R-48b57a4a21074180;R-76a58f192b460df7,merge_all_author_match,R-48b57a4a21074180+R-76a58f192b460df7,2,1,R-48b57a4a21074180:R-76a58f192b460df7=1.000,same normalized title/year and pairwise author overlap >= 0.75,"Generated from local title, year, author, venue, DOI, and provenance fields."
MR-0774,R-2f4e2873642a6cb7;R-ff3b1389764b4b4b,merge_all_author_match,R-2f4e2873642a6cb7+R-ff3b1389764b4b4b,2,1,R-2f4e2873642a6cb7:R-ff3b1389764b4b4b=1.000,same normalized title/year and pairwise author overlap >= 0.75,"Generated from local title, year, author, venue, DOI, and provenance fields."
MR-0775,R-29f76e46f7b88249;R-7848a391643af320,merge_all_author_match,R-29f76e46f7b88249+R-7848a391643af320,2,1,R-29f76e46f7b88249:R-7848a391643af320=1.000,same normalized title/year and pairwise author overlap >= 0.75,"Generated from local title, year, author, venue, DOI, and provenance fields."
MR-0776,R-91482651aa865752;R-fba78d3b84c306af,merge_all_author_match,R-91482651aa865752+R-fba78d3b84c306af,2,1,R-91482651aa865752:R-fba78d3b84c306af=1.000,same normalized title/year and pairwise author overlap >= 0.75,"Generated from local title, year, author, venue, DOI, and provenance fields."
MR-0777,R-1c44df79c47a8e2e;R-e9ec0c6d297ca4e7,merge_all_author_match,R-1c44df79c47a8e2e+R-e9ec0c6d297ca4e7,2,1,R-1c44df79c47a8e2e:R-e9ec0c6d297ca4e7=1.000,same normalized title/year and pairwise author overlap >= 0.75,"Generated from local title, year, author, venue, DOI, and provenance fields."
MR-0778,R-456368b1fea7c92b;R-cb65d4614170fbfa,merge_all_author_match,R-456368b1fea7c92b+R-cb65d4614170fbfa,2,1,R-456368b1fea7c92b:R-cb65d4614170fbfa=1.000,same normalized title/year and pairwise author overlap >= 0.75,"Generated from local title, year, author, venue, DOI, and provenance fields."
MR-0779,R-2447917621e2ad54;R-d6c1d85a11d2c614,merge_all_author_match,R-2447917621e2ad54+R-d6c1d85a11d2c614,2,1,R-2447917621e2ad54:R-d6c1d85a11d2c614=1.000,same normalized title/year and pairwise author overlap >= 0.75,"Generated from local title, year, author, venue, DOI, and provenance fields."
MR-0780,R-014fa5c163a7e4ba;R-6029e839f2bb34ce,merge_all_author_match,R-014fa5c163a7e4ba+R-6029e839f2bb34ce,2,1,R-014fa5c163a7e4ba:R-6029e839f2bb34ce=1.000,same normalized title/year and pairwise author overlap >= 0.75,"Generated from local title, year, author, venue, DOI, and provenance fields."
MR-0781,R-0e7f0814adb0cfc6;R-b0e660dbd4c9bb48,merge_all_author_match,R-0e7f0814adb0cfc6+R-b0e660dbd4c9bb48,2,1,R-0e7f0814adb0cfc6:R-b0e660dbd4c9bb48=1.000,same normalized title/year and pairwise author overlap >= 0.75,"Generated from local title, year, author, venue, DOI, and provenance fields."
MR-0782,R-5f5109e482599229;R-77c74f7bc92a6bdf,merge_all_author_match,R-5f5109e482599229+R-77c74f7bc92a6bdf,2,1,R-5f5109e482599229:R-77c74f7bc92a6bdf=0.750,same normalized title/year and pairwise author overlap >= 0.75,"Generated from local title, year, author, venue, DOI, and provenance fields."
MR-0783,R-474808949817fda6;R-dd4ec4688ea06403,merge_all_author_match,R-474808949817fda6+R-dd4ec4688ea06403,2,1,R-474808949817fda6:R-dd4ec4688ea06403=1.000,same normalized title/year and pairwise author overlap >= 0.75,"Generated from local title, year, author, venue, DOI, and provenance fields."
MR-0784,R-65a0ae6ad6428fc2;R-762ee6af154a9402,merge_all_author_match,R-65a0ae6ad6428fc2+R-762ee6af154a9402,2,1,R-65a0ae6ad6428fc2:R-762ee6af154a9402=1.000,same normalized title/year and pairwise author overlap >= 0.75,"Generated from local title, year, author, venue, DOI, and provenance fields."
MR-0785,R-9bb88d6f718b0bb1;R-a98211053f7597bb,merge_all_author_match,R-9bb88d6f718b0bb1+R-a98211053f7597bb,2,1,R-9bb88d6f718b0bb1:R-a98211053f7597bb=1.000,same normalized title/year and pairwise author overlap >= 0.75,"Generated from local title, year, author, venue, DOI, and provenance fields."
MR-0786,R-052ab43bf6523525;R-42a5f20e134c57d6;R-6b2bb85b86cd78e9,merge_all_author_match,R-052ab43bf6523525+R-42a5f20e134c57d6+R-6b2bb85b86cd78e9,3,1,R-052ab43bf6523525:R-42a5f20e134c57d6=1.000;R-052ab43bf6523525:R-6b2bb85b86cd78e9=1.000;R-42a5f20e134c57d6:R-6b2bb85b86cd78e9=1.000,same normalized title/year and pairwise author overlap >= 0.75,"Generated from local title, year, author, venue, DOI, and provenance fields."
MR-0787,R-8f7be655bda4da3d;R-c83749a33f9d0f45,merge_all_author_match,R-8f7be655bda4da3d+R-c83749a33f9d0f45,2,1,R-8f7be655bda4da3d:R-c83749a33f9d0f45=1.000,same normalized title/year and pairwise author overlap >= 0.75,"Generated from local title, year, author, venue, DOI, and provenance fields."
MR-0788,R-09591f80366d0c1e;R-b6a7c4aa0c9f993b,merge_all_author_match,R-09591f80366d0c1e+R-b6a7c4aa0c9f993b,2,1,R-09591f80366d0c1e:R-b6a7c4aa0c9f993b=1.000,same normalized title/year and pairwise author overlap >= 0.75,"Generated from local title, year, author, venue, DOI, and provenance fields."
MR-0789,R-4359cce2937b7d79;R-e6ddee890516896c,merge_all_author_match,R-4359cce2937b7d79+R-e6ddee890516896c,2,1,R-4359cce2937b7d79:R-e6ddee890516896c=1.000,same normalized title/year and pairwise author overlap >= 0.75,"Generated from local title, year, author, venue, DOI, and provenance fields."
MR-0790,R-943ef0c2b16fe99f;R-adc7c119ecc51fc1,merge_all_author_match,R-943ef0c2b16fe99f+R-adc7c119ecc51fc1,2,1,R-943ef0c2b16fe99f:R-adc7c119ecc51fc1=1.000,same normalized title/year and pairwise author overlap >= 0.75,"Generated from local title, year, author, venue, DOI, and provenance fields."
MR-0791,R-19a56e9173076250;R-8befc11c51e80372,merge_all_author_match,R-19a56e9173076250+R-8befc11c51e80372,2,1,R-19a56e9173076250:R-8befc11c51e80372=1.000,same normalized title/year and pairwise author overlap >= 0.75,"Generated from local title, year, author, venue, DOI, and provenance fields."
MR-0792,R-0651130600e16552;R-821755e4e06c6d97,merge_all_author_match,R-0651130600e16552+R-821755e4e06c6d97,2,1,R-0651130600e16552:R-821755e4e06c6d97=1.000,same normalized title/year and pairwise author overlap >= 0.75,"Generated from local title, year, author, venue, DOI, and provenance fields."
MR-0793,R-6f5463a190f7b23f;R-ee8a70d7263de1a6,merge_all_author_match,R-6f5463a190f7b23f+R-ee8a70d7263de1a6,2,1,R-6f5463a190f7b23f:R-ee8a70d7263de1a6=1.000,same normalized title/year and pairwise author overlap >= 0.75,"Generated from local title, year, author, venue, DOI, and provenance fields."
MR-0794,R-2bceafc0062cb3c6;R-910ed28718c819a3,merge_all_author_match,R-2bceafc0062cb3c6+R-910ed28718c819a3,2,1,R-2bceafc0062cb3c6:R-910ed28718c819a3=1.000,same normalized title/year and pairwise author overlap >= 0.75,"Generated from local title, year, author, venue, DOI, and provenance fields."
MR-0795,R-07bf8c898cbbdd0d;R-718e6dead0db7830,merge_all_author_match,R-07bf8c898cbbdd0d+R-718e6dead0db7830,2,1,R-07bf8c898cbbdd0d:R-718e6dead0db7830=1.000,same normalized title/year and pairwise author overlap >= 0.75,"Generated from local title, year, author, venue, DOI, and provenance fields."
MR-0796,R-921338796cdc2b49;R-f51fc4d21b53e154,merge_all_author_match,R-921338796cdc2b49+R-f51fc4d21b53e154,2,1,R-921338796cdc2b49:R-f51fc4d21b53e154=1.000,same normalized title/year and pairwise author overlap >= 0.75,"Generated from local title, year, author, venue, DOI, and provenance fields."
MR-0797,R-0472370762071f8e;R-dd799aec9b3559ae,merge_all_author_match,R-0472370762071f8e+R-dd799aec9b3559ae,2,1,R-0472370762071f8e:R-dd799aec9b3559ae=1.000,same normalized title/year and pairwise author overlap >= 0.75,"Generated from local title, year, author, venue, DOI, and provenance fields."
MR-0798,R-0e7cfa8c0d878611;R-9ac932c3704fd4e4,merge_all_author_match,R-0e7cfa8c0d878611+R-9ac932c3704fd4e4,2,1,R-0e7cfa8c0d878611:R-9ac932c3704fd4e4=0.750,same normalized title/year and pairwise author overlap >= 0.75,"Generated from local title, year, author, venue, DOI, and provenance fields."
MR-0799,R-6eeda4d11568835c;R-eb5f67325ad2cb3a,merge_all_author_match,R-6eeda4d11568835c+R-eb5f67325ad2cb3a,2,1,R-6eeda4d11568835c:R-eb5f67325ad2cb3a=1.000,same normalized title/year and pairwise author overlap >= 0.75,"Generated from local title, year, author, venue, DOI, and provenance fields."
MR-0800,R-5dbb85e6a6230edc;R-93f8ece7458df21a,merge_all_author_match,R-5dbb85e6a6230edc+R-93f8ece7458df21a,2,1,R-5dbb85e6a6230edc:R-93f8ece7458df21a=1.000,same normalized title/year and pairwise author overlap >= 0.75,"Generated from local title, year, author, venue, DOI, and provenance fields."
MR-0801,R-62759754ddfceeef;R-cee163f92c5ed32f,merge_all_author_match,R-62759754ddfceeef+R-cee163f92c5ed32f,2,1,R-62759754ddfceeef:R-cee163f92c5ed32f=0.750,same normalized title/year and pairwise author overlap >= 0.75,"Generated from local title, year, author, venue, DOI, and provenance fields."
MR-0802,R-090efc9e1a806f2b;R-782d8de248620b7e,merge_all_author_match,R-090efc9e1a806f2b+R-782d8de248620b7e,2,1,R-090efc9e1a806f2b:R-782d8de248620b7e=1.000,same normalized title/year and pairwise author overlap >= 0.75,"Generated from local title, year, author, venue, DOI, and provenance fields."
MR-0803,R-30317d9a4b12036d;R-affd6a9542b4befd,merge_all_author_match,R-30317d9a4b12036d+R-affd6a9542b4befd,2,1,R-30317d9a4b12036d:R-affd6a9542b4befd=1.000,same normalized title/year and pairwise author overlap >= 0.75,"Generated from local title, year, author, venue, DOI, and provenance fields."
MR-0804,R-689f5a1758f3e8c2;R-89a029118db59c5f,merge_all_author_match,R-689f5a1758f3e8c2+R-89a029118db59c5f,2,1,R-689f5a1758f3e8c2:R-89a029118db59c5f=1.000,same normalized title/year and pairwise author overlap >= 0.75,"Generated from local title, year, author, venue, DOI, and provenance fields."
MR-0805,R-0803c4ebf0d5a963;R-fae4841985513ed7,merge_all_author_match,R-0803c4ebf0d5a963+R-fae4841985513ed7,2,1,R-0803c4ebf0d5a963:R-fae4841985513ed7=1.000,same normalized title/year and pairwise author overlap >= 0.75,"Generated from local title, year, author, venue, DOI, and provenance fields."
MR-0806,R-e59e471060899094;R-f93764e8078f0e6e,merge_all_author_match,R-e59e471060899094+R-f93764e8078f0e6e,2,1,R-e59e471060899094:R-f93764e8078f0e6e=1.000,same normalized title/year and pairwise author overlap >= 0.75,"Generated from local title, year, author, venue, DOI, and provenance fields."
MR-0807,R-3d79ef67ad76763f;R-93052043843f7b4d,merge_all_author_match,R-3d79ef67ad76763f+R-93052043843f7b4d,2,1,R-3d79ef67ad76763f:R-93052043843f7b4d=1.000,same normalized title/year and pairwise author overlap >= 0.75,"Generated from local title, year, author, venue, DOI, and provenance fields."
MR-0808,R-47e095edb421e996;R-665b1ba68015931a,merge_all_curated,R-47e095edb421e996+R-665b1ba68015931a,2,1,R-47e095edb421e996:R-665b1ba68015931a=NA,same book; Scopus and open-book catalog records share exact title/year,"Generated from local title, year, author, venue, DOI, and provenance fields."
MR-0809,R-5934a20acffca0d0;R-6868bd0f5c656bf5,merge_all_author_match,R-5934a20acffca0d0+R-6868bd0f5c656bf5,2,1,R-5934a20acffca0d0:R-6868bd0f5c656bf5=1.000,same normalized title/year and pairwise author overlap >= 0.75,"Generated from local title, year, author, venue, DOI, and provenance fields."
MR-0810,R-2894e66a9a31442d;R-e86f53f5578b9ea4,merge_all_author_match,R-2894e66a9a31442d+R-e86f53f5578b9ea4,2,1,R-2894e66a9a31442d:R-e86f53f5578b9ea4=1.000,same normalized title/year and pairwise author overlap >= 0.75,"Generated from local title, year, author, venue, DOI, and provenance fields."
MR-0811,R-482d98ad5428bc89;R-7eb10cb2e350b40c,merge_all_author_match,R-482d98ad5428bc89+R-7eb10cb2e350b40c,2,1,R-482d98ad5428bc89:R-7eb10cb2e350b40c=1.000,same normalized title/year and pairwise author overlap >= 0.75,"Generated from local title, year, author, venue, DOI, and provenance fields."
MR-0812,R-0007d04702fe5aaf;R-56e38435d4df9138,merge_all_author_match,R-0007d04702fe5aaf+R-56e38435d4df9138,2,1,R-0007d04702fe5aaf:R-56e38435d4df9138=1.000,same normalized title/year and pairwise author overlap >= 0.75,"Generated from local title, year, author, venue, DOI, and provenance fields."
MR-0813,R-5897c7bcb11d8717;R-bba51260fe336fe8,merge_all_author_match,R-5897c7bcb11d8717+R-bba51260fe336fe8,2,1,R-5897c7bcb11d8717:R-bba51260fe336fe8=1.000,same normalized title/year and pairwise author overlap >= 0.75,"Generated from local title, year, author, venue, DOI, and provenance fields."
MR-0814,R-00ada2bd61b0685d;R-ecece0eab7bb7bab,keep_separate_conservative,R-00ada2bd61b0685d | R-ecece0eab7bb7bab,2,0,R-00ada2bd61b0685d:R-ecece0eab7bb7bab=0.000,author or publication metadata differs below the merge threshold,"Generated from local title, year, author, venue, DOI, and provenance fields."
MR-0815,R-1f6961385de453ad;R-5f2902df41b80c5a,keep_separate_conservative,R-1f6961385de453ad | R-5f2902df41b80c5a,2,0,R-1f6961385de453ad:R-5f2902df41b80c5a=0.000,author or publication metadata differs below the merge threshold,"Generated from local title, year, author, venue, DOI, and provenance fields."
MR-0816,R-0163b5570e8c180e;R-b5bf7e5f3829dabd,keep_separate_conservative,R-0163b5570e8c180e | R-b5bf7e5f3829dabd,2,0,R-0163b5570e8c180e:R-b5bf7e5f3829dabd=0.000,author or publication metadata differs below the merge threshold,"Generated from local title, year, author, venue, DOI, and provenance fields."
MR-0817,R-5e73eb871be79935;R-7ef805bc2946b4a8,keep_separate_conservative,R-5e73eb871be79935 | R-7ef805bc2946b4a8,2,0,R-5e73eb871be79935:R-7ef805bc2946b4a8=0.000,author or publication metadata differs below the merge threshold,"Generated from local title, year, author, venue, DOI, and provenance fields."
MR-0818,R-037d74113a8e26b9;R-06c36996057dff62;R-186a4f20d717c095;R-189528c0e1eb5dca;R-20bd4236dae0c919;R-27c12c43db10381a;R-2d02c4773df1a9d5;R-2ea593f45ab5acd7;R-3525099d58576c57;R-3b34041cf999f2a9;R-3e24099c8505ce29;R-427b2dd5aef8dfee;R-4d7d66bd1f28f730;R-52428817ef396547;R-59f2de5d077177b7;R-5dac6dab03ec0bd0;R-684b7fc3da918e5d;R-6fc40e14dd44fba2;R-8a8aab7a2e61c911;R-9286675de35a0fc1;R-a605258a2ea8b576;R-b7aea8eaeb31a1e3;R-f0babd55f0eabca1;R-f4da9f8d87727705;R-f71e9677e7faee42,merge_all_author_match,R-037d74113a8e26b9+R-06c36996057dff62+R-186a4f20d717c095+R-189528c0e1eb5dca+R-20bd4236dae0c919+R-27c12c43db10381a+R-2d02c4773df1a9d5+R-2ea593f45ab5acd7+R-3525099d58576c57+R-3b34041cf999f2a9+R-3e24099c8505ce29+R-427b2dd5aef8dfee+R-4d7d66bd1f28f730+R-52428817ef396547+R-59f2de5d077177b7+R-5dac6dab03ec0bd0+R-684b7fc3da918e5d+R-6fc40e14dd44fba2+R-8a8aab7a2e61c911+R-9286675de35a0fc1+R-a605258a2ea8b576+R-b7aea8eaeb31a1e3+R-f0babd55f0eabca1+R-f4da9f8d87727705+R-f71e9677e7faee42,25,1,R-037d74113a8e26b9:R-06c36996057dff62=1.000;R-037d74113a8e26b9:R-186a4f20d717c095=1.000;R-037d74113a8e26b9:R-189528c0e1eb5dca=1.000;R-037d74113a8e26b9:R-20bd4236dae0c919=1.000;R-037d74113a8e26b9:R-27c12c43db10381a=1.000;R-037d74113a8e26b9:R-2d02c4773df1a9d5=1.000;R-037d74113a8e26b9:R-2ea593f45ab5acd7=1.000;R-037d74113a8e26b9:R-3525099d58576c57=1.000;R-037d74113a8e26b9:R-3b34041cf999f2a9=1.000;R-037d74113a8e26b9:R-3e24099c8505ce29=1.000;R-037d74113a8e26b9:R-427b2dd5aef8dfee=1.000;R-037d74113a8e26b9:R-4d7d66bd1f28f730=1.000;R-037d74113a8e26b9:R-52428817ef396547=1.000;R-037d74113a8e26b9:R-59f2de5d077177b7=1.000;R-037d74113a8e26b9:R-5dac6dab03ec0bd0=1.000;R-037d74113a8e26b9:R-684b7fc3da918e5d=1.000;R-037d74113a8e26b9:R-6fc40e14dd44fba2=1.000;R-037d74113a8e26b9:R-8a8aab7a2e61c911=1.000;R-037d74113a8e26b9:R-9286675de35a0fc1=1.000;R-037d74113a8e26b9:R-a605258a2ea8b576=1.000;R-037d74113a8e26b9:R-b7aea8eaeb31a1e3=1.000;R-037d74113a8e26b9:R-f0babd55f0eabca1=1.000;R-037d74113a8e26b9:R-f4da9f8d87727705=1.000;R-037d74113a8e26b9:R-f71e9677e7faee42=1.000;R-06c36996057dff62:R-186a4f20d717c095=1.000;R-06c36996057dff62:R-189528c0e1eb5dca=1.000;R-06c36996057dff62:R-20bd4236dae0c919=1.000;R-06c36996057dff62:R-27c12c43db10381a=1.000;R-06c36996057dff62:R-2d02c4773df1a9d5=1.000;R-06c36996057dff62:R-2ea593f45ab5acd7=1.000;R-06c36996057dff62:R-3525099d58576c57=1.000;R-06c36996057dff62:R-3b34041cf999f2a9=1.000;R-06c36996057dff62:R-3e24099c8505ce29=1.000;R-06c36996057dff62:R-427b2dd5aef8dfee=1.000;R-06c36996057dff62:R-4d7d66bd1f28f730=1.000;R-06c36996057dff62:R-52428817ef396547=1.000;R-06c36996057dff62:R-59f2de5d077177b7=1.000;R-06c36996057dff62:R-5dac6dab03ec0bd0=1.000;R-06c36996057dff62:R-684b7fc3da918e5d=1.000;R-06c36996057dff62:R-6fc40e14dd44fba2=1.000;R-06c36996057dff62:R-8a8aab7a2e61c911=1.000;R-06c36996057dff62:R-9286675de35a0fc1=1.000;R-06c36996057dff62:R-a605258a2ea8b576=1.000;R-06c36996057dff62:R-b7aea8eaeb31a1e3=1.000;R-06c36996057dff62:R-f0babd55f0eabca1=1.000;R-06c36996057dff62:R-f4da9f8d87727705=1.000;R-06c36996057dff62:R-f71e9677e7faee42=1.000;R-186a4f20d717c095:R-189528c0e1eb5dca=1.000;R-186a4f20d717c095:R-20bd4236dae0c919=1.000;R-186a4f20d717c095:R-27c12c43db10381a=1.000;R-186a4f20d717c095:R-2d02c4773df1a9d5=1.000;R-186a4f20d717c095:R-2ea593f45ab5acd7=1.000;R-186a4f20d717c095:R-3525099d58576c57=1.000;R-186a4f20d717c095:R-3b34041cf999f2a9=1.000;R-186a4f20d717c095:R-3e24099c8505ce29=1.000;R-186a4f20d717c095:R-427b2dd5aef8dfee=1.000;R-186a4f20d717c095:R-4d7d66bd1f28f730=1.000;R-186a4f20d717c095:R-52428817ef396547=1.000;R-186a4f20d717c095:R-59f2de5d077177b7=1.000;R-186a4f20d717c095:R-5dac6dab03ec0bd0=1.000;R-186a4f20d717c095:R-684b7fc3da918e5d=1.000;R-186a4f20d717c095:R-6fc40e14dd44fba2=1.000;R-186a4f20d717c095:R-8a8aab7a2e61c911=1.000;R-186a4f20d717c095:R-9286675de35a0fc1=1.000;R-186a4f20d717c095:R-a605258a2ea8b576=1.000;R-186a4f20d717c095:R-b7aea8eaeb31a1e3=1.000;R-186a4f20d717c095:R-f0babd55f0eabca1=1.000;R-186a4f20d717c095:R-f4da9f8d87727705=1.000;R-186a4f20d717c095:R-f71e9677e7faee42=1.000;R-189528c0e1eb5dca:R-20bd4236dae0c919=1.000;R-189528c0e1eb5dca:R-27c12c43db10381a=1.000;R-189528c0e1eb5dca:R-2d02c4773df1a9d5=1.000;R-189528c0e1eb5dca:R-2ea593f45ab5acd7=1.000;R-189528c0e1eb5dca:R-3525099d58576c57=1.000;R-189528c0e1eb5dca:R-3b34041cf999f2a9=1.000;R-189528c0e1eb5dca:R-3e24099c8505ce29=1.000;R-189528c0e1eb5dca:R-427b2dd5aef8dfee=1.000;R-189528c0e1eb5dca:R-4d7d66bd1f28f730=1.000;R-189528c0e1eb5dca:R-52428817ef396547=1.000;R-189528c0e1eb5dca:R-59f2de5d077177b7=1.000;R-189528c0e1eb5dca:R-5dac6dab03ec0bd0=1.000;R-189528c0e1eb5dca:R-684b7fc3da918e5d=1.000;R-189528c0e1eb5dca:R-6fc40e14dd44fba2=1.000;R-189528c0e1eb5dca:R-8a8aab7a2e61c911=1.000;R-189528c0e1eb5dca:R-9286675de35a0fc1=1.000;R-189528c0e1eb5dca:R-a605258a2ea8b576=1.000;R-189528c0e1eb5dca:R-b7aea8eaeb31a1e3=1.000;R-189528c0e1eb5dca:R-f0babd55f0eabca1=1.000;R-189528c0e1eb5dca:R-f4da9f8d87727705=1.000;R-189528c0e1eb5dca:R-f71e9677e7faee42=1.000;R-20bd4236dae0c919:R-27c12c43db10381a=1.000;R-20bd4236dae0c919:R-2d02c4773df1a9d5=1.000;R-20bd4236dae0c919:R-2ea593f45ab5acd7=1.000;R-20bd4236dae0c919:R-3525099d58576c57=1.000;R-20bd4236dae0c919:R-3b34041cf999f2a9=1.000;R-20bd4236dae0c919:R-3e24099c8505ce29=1.000;R-20bd4236dae0c919:R-427b2dd5aef8dfee=1.000;R-20bd4236dae0c919:R-4d7d66bd1f28f730=1.000;R-20bd4236dae0c919:R-52428817ef396547=1.000;R-20bd4236dae0c919:R-59f2de5d077177b7=1.000;R-20bd4236dae0c919:R-5dac6dab03ec0bd0=1.000;R-20bd4236dae0c919:R-684b7fc3da918e5d=1.000;R-20bd4236dae0c919:R-6fc40e14dd44fba2=1.000;R-20bd4236dae0c919:R-8a8aab7a2e61c911=1.000;R-20bd4236dae0c919:R-9286675de35a0fc1=1.000;R-20bd4236dae0c919:R-a605258a2ea8b576=1.000;R-20bd4236dae0c919:R-b7aea8eaeb31a1e3=1.000;R-20bd4236dae0c919:R-f0babd55f0eabca1=1.000;R-20bd4236dae0c919:R-f4da9f8d87727705=1.000;R-20bd4236dae0c919:R-f71e9677e7faee42=1.000;R-27c12c43db10381a:R-2d02c4773df1a9d5=1.000;R-27c12c43db10381a:R-2ea593f45ab5acd7=1.000;R-27c12c43db10381a:R-3525099d58576c57=1.000;R-27c12c43db10381a:R-3b34041cf999f2a9=1.000;R-27c12c43db10381a:R-3e24099c8505ce29=1.000;R-27c12c43db10381a:R-427b2dd5aef8dfee=1.000;R-27c12c43db10381a:R-4d7d66bd1f28f730=1.000;R-27c12c43db10381a:R-52428817ef396547=1.000;R-27c12c43db10381a:R-59f2de5d077177b7=1.000;R-27c12c43db10381a:R-5dac6dab03ec0bd0=1.000;R-27c12c43db10381a:R-684b7fc3da918e5d=1.000;R-27c12c43db10381a:R-6fc40e14dd44fba2=1.000;R-27c12c43db10381a:R-8a8aab7a2e61c911=1.000;R-27c12c43db10381a:R-9286675de35a0fc1=1.000;R-27c12c43db10381a:R-a605258a2ea8b576=1.000;R-27c12c43db10381a:R-b7aea8eaeb31a1e3=1.000;R-27c12c43db10381a:R-f0babd55f0eabca1=1.000;R-27c12c43db10381a:R-f4da9f8d87727705=1.000;R-27c12c43db10381a:R-f71e9677e7faee42=1.000;R-2d02c4773df1a9d5:R-2ea593f45ab5acd7=1.000;R-2d02c4773df1a9d5:R-3525099d58576c57=1.000;R-2d02c4773df1a9d5:R-3b34041cf999f2a9=1.000;R-2d02c4773df1a9d5:R-3e24099c8505ce29=1.000;R-2d02c4773df1a9d5:R-427b2dd5aef8dfee=1.000;R-2d02c4773df1a9d5:R-4d7d66bd1f28f730=1.000;R-2d02c4773df1a9d5:R-52428817ef396547=1.000;R-2d02c4773df1a9d5:R-59f2de5d077177b7=1.000;R-2d02c4773df1a9d5:R-5dac6dab03ec0bd0=1.000;R-2d02c4773df1a9d5:R-684b7fc3da918e5d=1.000;R-2d02c4773df1a9d5:R-6fc40e14dd44fba2=1.000;R-2d02c4773df1a9d5:R-8a8aab7a2e61c911=1.000;R-2d02c4773df1a9d5:R-9286675de35a0fc1=1.000;R-2d02c4773df1a9d5:R-a605258a2ea8b576=1.000;R-2d02c4773df1a9d5:R-b7aea8eaeb31a1e3=1.000;R-2d02c4773df1a9d5:R-f0babd55f0eabca1=1.000;R-2d02c4773df1a9d5:R-f4da9f8d87727705=1.000;R-2d02c4773df1a9d5:R-f71e9677e7faee42=1.000;R-2ea593f45ab5acd7:R-3525099d58576c57=1.000;R-2ea593f45ab5acd7:R-3b34041cf999f2a9=1.000;R-2ea593f45ab5acd7:R-3e24099c8505ce29=1.000;R-2ea593f45ab5acd7:R-427b2dd5aef8dfee=1.000;R-2ea593f45ab5acd7:R-4d7d66bd1f28f730=1.000;R-2ea593f45ab5acd7:R-52428817ef396547=1.000;R-2ea593f45ab5acd7:R-59f2de5d077177b7=1.000;R-2ea593f45ab5acd7:R-5dac6dab03ec0bd0=1.000;R-2ea593f45ab5acd7:R-684b7fc3da918e5d=1.000;R-2ea593f45ab5acd7:R-6fc40e14dd44fba2=1.000;R-2ea593f45ab5acd7:R-8a8aab7a2e61c911=1.000;R-2ea593f45ab5acd7:R-9286675de35a0fc1=1.000;R-2ea593f45ab5acd7:R-a605258a2ea8b576=1.000;R-2ea593f45ab5acd7:R-b7aea8eaeb31a1e3=1.000;R-2ea593f45ab5acd7:R-f0babd55f0eabca1=1.000;R-2ea593f45ab5acd7:R-f4da9f8d87727705=1.000;R-2ea593f45ab5acd7:R-f71e9677e7faee42=1.000;R-3525099d58576c57:R-3b34041cf999f2a9=1.000;R-3525099d58576c57:R-3e24099c8505ce29=1.000;R-3525099d58576c57:R-427b2dd5aef8dfee=1.000;R-3525099d58576c57:R-4d7d66bd1f28f730=1.000;R-3525099d58576c57:R-52428817ef396547=1.000;R-3525099d58576c57:R-59f2de5d077177b7=1.000;R-3525099d58576c57:R-5dac6dab03ec0bd0=1.000;R-3525099d58576c57:R-684b7fc3da918e5d=1.000;R-3525099d58576c57:R-6fc40e14dd44fba2=1.000;R-3525099d58576c57:R-8a8aab7a2e61c911=1.000;R-3525099d58576c57:R-9286675de35a0fc1=1.000;R-3525099d58576c57:R-a605258a2ea8b576=1.000;R-3525099d58576c57:R-b7aea8eaeb31a1e3=1.000;R-3525099d58576c57:R-f0babd55f0eabca1=1.000;R-3525099d58576c57:R-f4da9f8d87727705=1.000;R-3525099d58576c57:R-f71e9677e7faee42=1.000;R-3b34041cf999f2a9:R-3e24099c8505ce29=1.000;R-3b34041cf999f2a9:R-427b2dd5aef8dfee=1.000;R-3b34041cf999f2a9:R-4d7d66bd1f28f730=1.000;R-3b34041cf999f2a9:R-52428817ef396547=1.000;R-3b34041cf999f2a9:R-59f2de5d077177b7=1.000;R-3b34041cf999f2a9:R-5dac6dab03ec0bd0=1.000;R-3b34041cf999f2a9:R-684b7fc3da918e5d=1.000;R-3b34041cf999f2a9:R-6fc40e14dd44fba2=1.000;R-3b34041cf999f2a9:R-8a8aab7a2e61c911=1.000;R-3b34041cf999f2a9:R-9286675de35a0fc1=1.000;R-3b34041cf999f2a9:R-a605258a2ea8b576=1.000;R-3b34041cf999f2a9:R-b7aea8eaeb31a1e3=1.000;R-3b34041cf999f2a9:R-f0babd55f0eabca1=1.000;R-3b34041cf999f2a9:R-f4da9f8d87727705=1.000;R-3b34041cf999f2a9:R-f71e9677e7faee42=1.000;R-3e24099c8505ce29:R-427b2dd5aef8dfee=1.000;R-3e24099c8505ce29:R-4d7d66bd1f28f730=1.000;R-3e24099c8505ce29:R-52428817ef396547=1.000;R-3e24099c8505ce29:R-59f2de5d077177b7=1.000;R-3e24099c8505ce29:R-5dac6dab03ec0bd0=1.000;R-3e24099c8505ce29:R-684b7fc3da918e5d=1.000;R-3e24099c8505ce29:R-6fc40e14dd44fba2=1.000;R-3e24099c8505ce29:R-8a8aab7a2e61c911=1.000;R-3e24099c8505ce29:R-9286675de35a0fc1=1.000;R-3e24099c8505ce29:R-a605258a2ea8b576=1.000;R-3e24099c8505ce29:R-b7aea8eaeb31a1e3=1.000;R-3e24099c8505ce29:R-f0babd55f0eabca1=1.000;R-3e24099c8505ce29:R-f4da9f8d87727705=1.000;R-3e24099c8505ce29:R-f71e9677e7faee42=1.000;R-427b2dd5aef8dfee:R-4d7d66bd1f28f730=1.000;R-427b2dd5aef8dfee:R-52428817ef396547=1.000;R-427b2dd5aef8dfee:R-59f2de5d077177b7=1.000;R-427b2dd5aef8dfee:R-5dac6dab03ec0bd0=1.000;R-427b2dd5aef8dfee:R-684b7fc3da918e5d=1.000;R-427b2dd5aef8dfee:R-6fc40e14dd44fba2=1.000;R-427b2dd5aef8dfee:R-8a8aab7a2e61c911=1.000;R-427b2dd5aef8dfee:R-9286675de35a0fc1=1.000;R-427b2dd5aef8dfee:R-a605258a2ea8b576=1.000;R-427b2dd5aef8dfee:R-b7aea8eaeb31a1e3=1.000;R-427b2dd5aef8dfee:R-f0babd55f0eabca1=1.000;R-427b2dd5aef8dfee:R-f4da9f8d87727705=1.000;R-427b2dd5aef8dfee:R-f71e9677e7faee42=1.000;R-4d7d66bd1f28f730:R-52428817ef396547=1.000;R-4d7d66bd1f28f730:R-59f2de5d077177b7=1.000;R-4d7d66bd1f28f730:R-5dac6dab03ec0bd0=1.000;R-4d7d66bd1f28f730:R-684b7fc3da918e5d=1.000;R-4d7d66bd1f28f730:R-6fc40e14dd44fba2=1.000;R-4d7d66bd1f28f730:R-8a8aab7a2e61c911=1.000;R-4d7d66bd1f28f730:R-9286675de35a0fc1=1.000;R-4d7d66bd1f28f730:R-a605258a2ea8b576=1.000;R-4d7d66bd1f28f730:R-b7aea8eaeb31a1e3=1.000;R-4d7d66bd1f28f730:R-f0babd55f0eabca1=1.000;R-4d7d66bd1f28f730:R-f4da9f8d87727705=1.000;R-4d7d66bd1f28f730:R-f71e9677e7faee42=1.000;R-52428817ef396547:R-59f2de5d077177b7=1.000;R-52428817ef396547:R-5dac6dab03ec0bd0=1.000;R-52428817ef396547:R-684b7fc3da918e5d=1.000;R-52428817ef396547:R-6fc40e14dd44fba2=1.000;R-52428817ef396547:R-8a8aab7a2e61c911=1.000;R-52428817ef396547:R-9286675de35a0fc1=1.000;R-52428817ef396547:R-a605258a2ea8b576=1.000;R-52428817ef396547:R-b7aea8eaeb31a1e3=1.000;R-52428817ef396547:R-f0babd55f0eabca1=1.000;R-52428817ef396547:R-f4da9f8d87727705=1.000;R-52428817ef396547:R-f71e9677e7faee42=1.000;R-59f2de5d077177b7:R-5dac6dab03ec0bd0=1.000;R-59f2de5d077177b7:R-684b7fc3da918e5d=1.000;R-59f2de5d077177b7:R-6fc40e14dd44fba2=1.000;R-59f2de5d077177b7:R-8a8aab7a2e61c911=1.000;R-59f2de5d077177b7:R-9286675de35a0fc1=1.000;R-59f2de5d077177b7:R-a605258a2ea8b576=1.000;R-59f2de5d077177b7:R-b7aea8eaeb31a1e3=1.000;R-59f2de5d077177b7:R-f0babd55f0eabca1=1.000;R-59f2de5d077177b7:R-f4da9f8d87727705=1.000;R-59f2de5d077177b7:R-f71e9677e7faee42=1.000;R-5dac6dab03ec0bd0:R-684b7fc3da918e5d=1.000;R-5dac6dab03ec0bd0:R-6fc40e14dd44fba2=1.000;R-5dac6dab03ec0bd0:R-8a8aab7a2e61c911=1.000;R-5dac6dab03ec0bd0:R-9286675de35a0fc1=1.000;R-5dac6dab03ec0bd0:R-a605258a2ea8b576=1.000;R-5dac6dab03ec0bd0:R-b7aea8eaeb31a1e3=1.000;R-5dac6dab03ec0bd0:R-f0babd55f0eabca1=1.000;R-5dac6dab03ec0bd0:R-f4da9f8d87727705=1.000;R-5dac6dab03ec0bd0:R-f71e9677e7faee42=1.000;R-684b7fc3da918e5d:R-6fc40e14dd44fba2=1.000;R-684b7fc3da918e5d:R-8a8aab7a2e61c911=1.000;R-684b7fc3da918e5d:R-9286675de35a0fc1=1.000;R-684b7fc3da918e5d:R-a605258a2ea8b576=1.000;R-684b7fc3da918e5d:R-b7aea8eaeb31a1e3=1.000;R-684b7fc3da918e5d:R-f0babd55f0eabca1=1.000;R-684b7fc3da918e5d:R-f4da9f8d87727705=1.000;R-684b7fc3da918e5d:R-f71e9677e7faee42=1.000;R-6fc40e14dd44fba2:R-8a8aab7a2e61c911=1.000;R-6fc40e14dd44fba2:R-9286675de35a0fc1=1.000;R-6fc40e14dd44fba2:R-a605258a2ea8b576=1.000;R-6fc40e14dd44fba2:R-b7aea8eaeb31a1e3=1.000;R-6fc40e14dd44fba2:R-f0babd55f0eabca1=1.000;R-6fc40e14dd44fba2:R-f4da9f8d87727705=1.000;R-6fc40e14dd44fba2:R-f71e9677e7faee42=1.000;R-8a8aab7a2e61c911:R-9286675de35a0fc1=1.000;R-8a8aab7a2e61c911:R-a605258a2ea8b576=1.000;R-8a8aab7a2e61c911:R-b7aea8eaeb31a1e3=1.000;R-8a8aab7a2e61c911:R-f0babd55f0eabca1=1.000;R-8a8aab7a2e61c911:R-f4da9f8d87727705=1.000;R-8a8aab7a2e61c911:R-f71e9677e7faee42=1.000;R-9286675de35a0fc1:R-a605258a2ea8b576=1.000;R-9286675de35a0fc1:R-b7aea8eaeb31a1e3=1.000;R-9286675de35a0fc1:R-f0babd55f0eabca1=1.000;R-9286675de35a0fc1:R-f4da9f8d87727705=1.000;R-9286675de35a0fc1:R-f71e9677e7faee42=1.000;R-a605258a2ea8b576:R-b7aea8eaeb31a1e3=1.000;R-a605258a2ea8b576:R-f0babd55f0eabca1=1.000;R-a605258a2ea8b576:R-f4da9f8d87727705=1.000;R-a605258a2ea8b576:R-f71e9677e7faee42=1.000;R-b7aea8eaeb31a1e3:R-f0babd55f0eabca1=1.000;R-b7aea8eaeb31a1e3:R-f4da9f8d87727705=1.000;R-b7aea8eaeb31a1e3:R-f71e9677e7faee42=1.000;R-f0babd55f0eabca1:R-f4da9f8d87727705=1.000;R-f0babd55f0eabca1:R-f71e9677e7faee42=1.000;R-f4da9f8d87727705:R-f71e9677e7faee42=1.000,same normalized title/year and pairwise author overlap >= 0.75,"Generated from local title, year, author, venue, DOI, and provenance fields."
MR-0819,R-71317713f0d02a80;R-b3fdd1188c6a946f,merge_all_author_match,R-71317713f0d02a80+R-b3fdd1188c6a946f,2,1,R-71317713f0d02a80:R-b3fdd1188c6a946f=1.000,same normalized title/year and pairwise author overlap >= 0.75,"Generated from local title, year, author, venue, DOI, and provenance fields."
MR-0820,R-7bbb8ba56979cdd2;R-fe86ad40a073ebe1,merge_all_author_match,R-7bbb8ba56979cdd2+R-fe86ad40a073ebe1,2,1,R-7bbb8ba56979cdd2:R-fe86ad40a073ebe1=1.000,same normalized title/year and pairwise author overlap >= 0.75,"Generated from local title, year, author, venue, DOI, and provenance fields."
MR-0821,R-5bbd3dee44ab84f5;R-a5375c938879cfc9,merge_all_author_match,R-5bbd3dee44ab84f5+R-a5375c938879cfc9,2,1,R-5bbd3dee44ab84f5:R-a5375c938879cfc9=1.000,same normalized title/year and pairwise author overlap >= 0.75,"Generated from local title, year, author, venue, DOI, and provenance fields."
MR-0822,R-61431e088eb57b26;R-c0eb8ae98af5f4bf,merge_all_author_match,R-61431e088eb57b26+R-c0eb8ae98af5f4bf,2,1,R-61431e088eb57b26:R-c0eb8ae98af5f4bf=1.000,same normalized title/year and pairwise author overlap >= 0.75,"Generated from local title, year, author, venue, DOI, and provenance fields."
MR-0823,R-4f619ea7ef287493;R-a38825fb6884b519,merge_all_author_match,R-4f619ea7ef287493+R-a38825fb6884b519,2,1,R-4f619ea7ef287493:R-a38825fb6884b519=1.000,same normalized title/year and pairwise author overlap >= 0.75,"Generated from local title, year, author, venue, DOI, and provenance fields."
MR-0824,R-d02f70e58cc291be;R-fef38508966358e5,merge_all_author_match,R-d02f70e58cc291be+R-fef38508966358e5,2,1,R-d02f70e58cc291be:R-fef38508966358e5=1.000,same normalized title/year and pairwise author overlap >= 0.75,"Generated from local title, year, author, venue, DOI, and provenance fields."
MR-0825,R-0acb743dd0d5235e;R-3741525fc2dfc978;R-6cd7b791654138f9;R-b2e3667be9478f93,keep_separate_conservative,R-0acb743dd0d5235e | R-3741525fc2dfc978 | R-6cd7b791654138f9 | R-b2e3667be9478f93,4,0,R-0acb743dd0d5235e:R-3741525fc2dfc978=NA;R-0acb743dd0d5235e:R-6cd7b791654138f9=NA;R-0acb743dd0d5235e:R-b2e3667be9478f93=NA;R-3741525fc2dfc978:R-6cd7b791654138f9=NA;R-3741525fc2dfc978:R-b2e3667be9478f93=NA;R-6cd7b791654138f9:R-b2e3667be9478f93=NA,insufficient author metadata; retained separately,"Generated from local title, year, author, venue, DOI, and provenance fields."
MR-0826,R-33e0b8a66a75f334;R-561823e4f407d775,merge_all_author_match,R-33e0b8a66a75f334+R-561823e4f407d775,2,1,R-33e0b8a66a75f334:R-561823e4f407d775=1.000,same normalized title/year and pairwise author overlap >= 0.75,"Generated from local title, year, author, venue, DOI, and provenance fields."
MR-0827,R-2d488ce4912e21a2;R-f83383124ed914ed,keep_separate_conservative,R-2d488ce4912e21a2 | R-f83383124ed914ed,2,0,R-2d488ce4912e21a2:R-f83383124ed914ed=0.000,author or publication metadata differs below the merge threshold,"Generated from local title, year, author, venue, DOI, and provenance fields."
MR-0828,R-386b76598f2d81e4;R-65cdd8335b8ab0ff,merge_all_author_match,R-386b76598f2d81e4+R-65cdd8335b8ab0ff,2,1,R-386b76598f2d81e4:R-65cdd8335b8ab0ff=1.000,same normalized title/year and pairwise author overlap >= 0.75,"Generated from local title, year, author, venue, DOI, and provenance fields."
MR-0829,R-69c890d996381201;R-728dad7b9222bd25,merge_all_author_match,R-69c890d996381201+R-728dad7b9222bd25,2,1,R-69c890d996381201:R-728dad7b9222bd25=1.000,same normalized title/year and pairwise author overlap >= 0.75,"Generated from local title, year, author, venue, DOI, and provenance fields."
MR-0830,R-2bee3674d15d276b;R-dba1f8558fe585bc,merge_all_author_match,R-2bee3674d15d276b+R-dba1f8558fe585bc,2,1,R-2bee3674d15d276b:R-dba1f8558fe585bc=1.000,same normalized title/year and pairwise author overlap >= 0.75,"Generated from local title, year, author, venue, DOI, and provenance fields."
MR-0831,R-c1951594d7df0582;R-da7ecb1519654db3,merge_all_author_match,R-c1951594d7df0582+R-da7ecb1519654db3,2,1,R-c1951594d7df0582:R-da7ecb1519654db3=1.000,same normalized title/year and pairwise author overlap >= 0.75,"Generated from local title, year, author, venue, DOI, and provenance fields."
MR-0832,R-3fc82680720c7b24;R-c215de63b2dabdea,merge_all_author_match,R-3fc82680720c7b24+R-c215de63b2dabdea,2,1,R-3fc82680720c7b24:R-c215de63b2dabdea=1.000,same normalized title/year and pairwise author overlap >= 0.75,"Generated from local title, year, author, venue, DOI, and provenance fields."
MR-0833,R-52144e60a821dafb;R-9fff35ae40135cb8;R-fc41e7d69e69955a,merge_all_author_match,R-52144e60a821dafb+R-9fff35ae40135cb8+R-fc41e7d69e69955a,3,1,R-52144e60a821dafb:R-9fff35ae40135cb8=1.000;R-52144e60a821dafb:R-fc41e7d69e69955a=1.000;R-9fff35ae40135cb8:R-fc41e7d69e69955a=1.000,same normalized title/year and pairwise author overlap >= 0.75,"Generated from local title, year, author, venue, DOI, and provenance fields."
MR-0834,R-2ca279a5e8cff3c2;R-c7d1f1b68b4c5bdf,merge_all_author_match,R-2ca279a5e8cff3c2+R-c7d1f1b68b4c5bdf,2,1,R-2ca279a5e8cff3c2:R-c7d1f1b68b4c5bdf=1.000,same normalized title/year and pairwise author overlap >= 0.75,"Generated from local title, year, author, venue, DOI, and provenance fields."
MR-0835,R-0c4f0dfa17ea5438;R-7c1bad1ccd2ffd20,merge_all_author_match,R-0c4f0dfa17ea5438+R-7c1bad1ccd2ffd20,2,1,R-0c4f0dfa17ea5438:R-7c1bad1ccd2ffd20=1.000,same normalized title/year and pairwise author overlap >= 0.75,"Generated from local title, year, author, venue, DOI, and provenance fields."
MR-0836,R-20d169cf24301da3;R-a9eb3d7b94561626,merge_all_author_match,R-20d169cf24301da3+R-a9eb3d7b94561626,2,1,R-20d169cf24301da3:R-a9eb3d7b94561626=1.000,same normalized title/year and pairwise author overlap >= 0.75,"Generated from local title, year, author, venue, DOI, and provenance fields."
MR-0837,R-443c1e30daabcd47;R-b64888ed4c2dafae,merge_all_author_match,R-443c1e30daabcd47+R-b64888ed4c2dafae,2,1,R-443c1e30daabcd47:R-b64888ed4c2dafae=1.000,same normalized title/year and pairwise author overlap >= 0.75,"Generated from local title, year, author, venue, DOI, and provenance fields."
MR-0838,R-156144504610ac8f;R-d6b3f6e2059bb8cb,merge_all_author_match,R-156144504610ac8f+R-d6b3f6e2059bb8cb,2,1,R-156144504610ac8f:R-d6b3f6e2059bb8cb=1.000,same normalized title/year and pairwise author overlap >= 0.75,"Generated from local title, year, author, venue, DOI, and provenance fields."
MR-0839,R-7ef18a9307a72e4d;R-d07351dd20ea5a2a,merge_all_author_match,R-7ef18a9307a72e4d+R-d07351dd20ea5a2a,2,1,R-7ef18a9307a72e4d:R-d07351dd20ea5a2a=1.000,same normalized title/year and pairwise author overlap >= 0.75,"Generated from local title, year, author, venue, DOI, and provenance fields."
MR-0840,R-85887aa134895ab4;R-db2a97f6db2dd83d,merge_all_author_match,R-85887aa134895ab4+R-db2a97f6db2dd83d,2,1,R-85887aa134895ab4:R-db2a97f6db2dd83d=1.000,same normalized title/year and pairwise author overlap >= 0.75,"Generated from local title, year, author, venue, DOI, and provenance fields."
MR-0841,R-1d94457364cf8ccd;R-29a721e4b5622f21,merge_all_author_match,R-1d94457364cf8ccd+R-29a721e4b5622f21,2,1,R-1d94457364cf8ccd:R-29a721e4b5622f21=1.000,same normalized title/year and pairwise author overlap >= 0.75,"Generated from local title, year, author, venue, DOI, and provenance fields."
MR-0842,R-5d54ff4a226b9b1a;R-f6a7af6245bcd29a,merge_all_author_match,R-5d54ff4a226b9b1a+R-f6a7af6245bcd29a,2,1,R-5d54ff4a226b9b1a:R-f6a7af6245bcd29a=1.000,same normalized title/year and pairwise author overlap >= 0.75,"Generated from local title, year, author, venue, DOI, and provenance fields."
MR-0843,R-a8ebcc68dedb8e57;R-b3ec24758b66613f;R-cfd9d44ba0363315,merge_all_author_match,R-a8ebcc68dedb8e57+R-b3ec24758b66613f+R-cfd9d44ba0363315,3,1,R-a8ebcc68dedb8e57:R-b3ec24758b66613f=1.000;R-a8ebcc68dedb8e57:R-cfd9d44ba0363315=1.000;R-b3ec24758b66613f:R-cfd9d44ba0363315=1.000,same normalized title/year and pairwise author overlap >= 0.75,"Generated from local title, year, author, venue, DOI, and provenance fields."
MR-0844,R-39a92bbd8566fb85;R-ec2b5dd8641f78f4,merge_all_author_match,R-39a92bbd8566fb85+R-ec2b5dd8641f78f4,2,1,R-39a92bbd8566fb85:R-ec2b5dd8641f78f4=1.000,same normalized title/year and pairwise author overlap >= 0.75,"Generated from local title, year, author, venue, DOI, and provenance fields."
MR-0845,R-30b4a387a40d462f;R-fdc50bee69d19b47,merge_all_author_match,R-30b4a387a40d462f+R-fdc50bee69d19b47,2,1,R-30b4a387a40d462f:R-fdc50bee69d19b47=1.000,same normalized title/year and pairwise author overlap >= 0.75,"Generated from local title, year, author, venue, DOI, and provenance fields."
MR-0846,R-5744a4bb9bf7e3e5;R-e8a06a05477ec51a,merge_all_author_match,R-5744a4bb9bf7e3e5+R-e8a06a05477ec51a,2,1,R-5744a4bb9bf7e3e5:R-e8a06a05477ec51a=1.000,same normalized title/year and pairwise author overlap >= 0.75,"Generated from local title, year, author, venue, DOI, and provenance fields."
MR-0847,R-8f0ff25671efba56;R-f7c8aa6d58f3b8cb,merge_all_author_match,R-8f0ff25671efba56+R-f7c8aa6d58f3b8cb,2,1,R-8f0ff25671efba56:R-f7c8aa6d58f3b8cb=1.000,same normalized title/year and pairwise author overlap >= 0.75,"Generated from local title, year, author, venue, DOI, and provenance fields."
MR-0848,R-756de57071fa1108;R-cf1bf126f358a409;R-d9dd894a3abdfa33,merge_all_author_match,R-756de57071fa1108+R-cf1bf126f358a409+R-d9dd894a3abdfa33,3,1,R-756de57071fa1108:R-cf1bf126f358a409=1.000;R-756de57071fa1108:R-d9dd894a3abdfa33=1.000;R-cf1bf126f358a409:R-d9dd894a3abdfa33=1.000,same normalized title/year and pairwise author overlap >= 0.75,"Generated from local title, year, author, venue, DOI, and provenance fields."
MR-0849,R-36dd9ae8315045c1;R-60a9041ad7678de8,merge_all_author_match,R-36dd9ae8315045c1+R-60a9041ad7678de8,2,1,R-36dd9ae8315045c1:R-60a9041ad7678de8=1.000,same normalized title/year and pairwise author overlap >= 0.75,"Generated from local title, year, author, venue, DOI, and provenance fields."
MR-0850,R-4c7ebcb4de496268;R-943bc12a8953573b,merge_all_author_match,R-4c7ebcb4de496268+R-943bc12a8953573b,2,1,R-4c7ebcb4de496268:R-943bc12a8953573b=1.000,same normalized title/year and pairwise author overlap >= 0.75,"Generated from local title, year, author, venue, DOI, and provenance fields."
MR-0851,R-51c2a5dc6ad4885e;R-75208784f55b6dc5,merge_all_author_match,R-51c2a5dc6ad4885e+R-75208784f55b6dc5,2,1,R-51c2a5dc6ad4885e:R-75208784f55b6dc5=1.000,same normalized title/year and pairwise author overlap >= 0.75,"Generated from local title, year, author, venue, DOI, and provenance fields."
MR-0852,R-1cf5414ea40b0f12;R-baba1c35dfa14df9,merge_all_author_match,R-1cf5414ea40b0f12+R-baba1c35dfa14df9,2,1,R-1cf5414ea40b0f12:R-baba1c35dfa14df9=1.000,same normalized title/year and pairwise author overlap >= 0.75,"Generated from local title, year, author, venue, DOI, and provenance fields."
MR-0853,R-071244ae00223847;R-c42ea308e371e12c,merge_all_author_match,R-071244ae00223847+R-c42ea308e371e12c,2,1,R-071244ae00223847:R-c42ea308e371e12c=1.000,same normalized title/year and pairwise author overlap >= 0.75,"Generated from local title, year, author, venue, DOI, and provenance fields."
MR-0854,R-a7fb3b7da566310b;R-a83ef0b78272d1fa,merge_all_author_match,R-a7fb3b7da566310b+R-a83ef0b78272d1fa,2,1,R-a7fb3b7da566310b:R-a83ef0b78272d1fa=1.000,same normalized title/year and pairwise author overlap >= 0.75,"Generated from local title, year, author, venue, DOI, and provenance fields."
MR-0855,R-3ff6c26c40629b1d;R-b160ec6dffbd7c31,merge_all_author_match,R-3ff6c26c40629b1d+R-b160ec6dffbd7c31,2,1,R-3ff6c26c40629b1d:R-b160ec6dffbd7c31=1.000,same normalized title/year and pairwise author overlap >= 0.75,"Generated from local title, year, author, venue, DOI, and provenance fields."
MR-0856,R-99a9b3ca5e8470eb;R-cdea4d334eb33aed,merge_all_author_match,R-99a9b3ca5e8470eb+R-cdea4d334eb33aed,2,1,R-99a9b3ca5e8470eb:R-cdea4d334eb33aed=1.000,same normalized title/year and pairwise author overlap >= 0.75,"Generated from local title, year, author, venue, DOI, and provenance fields."
MR-0857,R-2046794dd605fb2e;R-a2578cac832dd961,merge_all_author_match,R-2046794dd605fb2e+R-a2578cac832dd961,2,1,R-2046794dd605fb2e:R-a2578cac832dd961=1.000,same normalized title/year and pairwise author overlap >= 0.75,"Generated from local title, year, author, venue, DOI, and provenance fields."
MR-0858,R-454f9036245d1156;R-ddfdeec488afcef1,merge_all_author_match,R-454f9036245d1156+R-ddfdeec488afcef1,2,1,R-454f9036245d1156:R-ddfdeec488afcef1=1.000,same normalized title/year and pairwise author overlap >= 0.75,"Generated from local title, year, author, venue, DOI, and provenance fields."
MR-0859,R-3531ea3248f3b433;R-bfe9ac3ab8d63441,merge_all_author_match,R-3531ea3248f3b433+R-bfe9ac3ab8d63441,2,1,R-3531ea3248f3b433:R-bfe9ac3ab8d63441=1.000,same normalized title/year and pairwise author overlap >= 0.75,"Generated from local title, year, author, venue, DOI, and provenance fields."
MR-0860,R-e01167c25a41204e;R-ea184cf9970a5599,merge_all_author_match,R-e01167c25a41204e+R-ea184cf9970a5599,2,1,R-e01167c25a41204e:R-ea184cf9970a5599=1.000,same normalized title/year and pairwise author overlap >= 0.75,"Generated from local title, year, author, venue, DOI, and provenance fields."
MR-0861,R-712fcaf0df8d84a8;R-a329238fab3589ee,merge_all_author_match,R-712fcaf0df8d84a8+R-a329238fab3589ee,2,1,R-712fcaf0df8d84a8:R-a329238fab3589ee=1.000,same normalized title/year and pairwise author overlap >= 0.75,"Generated from local title, year, author, venue, DOI, and provenance fields."
MR-0862,R-03f381cd48d4bad9;R-e04c9bb75b359280,merge_all_author_match,R-03f381cd48d4bad9+R-e04c9bb75b359280,2,1,R-03f381cd48d4bad9:R-e04c9bb75b359280=1.000,same normalized title/year and pairwise author overlap >= 0.75,"Generated from local title, year, author, venue, DOI, and provenance fields."
MR-0863,R-1e2a7652629efa4f;R-93ac089a207efacc,merge_all_author_match,R-1e2a7652629efa4f+R-93ac089a207efacc,2,1,R-1e2a7652629efa4f:R-93ac089a207efacc=1.250,same normalized title/year and pairwise author overlap >= 0.75,"Generated from local title, year, author, venue, DOI, and provenance fields."
MR-0864,R-5611c99d2cc6ad94;R-9fa47f2fdbd7ba5f,merge_all_author_match,R-5611c99d2cc6ad94+R-9fa47f2fdbd7ba5f,2,1,R-5611c99d2cc6ad94:R-9fa47f2fdbd7ba5f=1.000,same normalized title/year and pairwise author overlap >= 0.75,"Generated from local title, year, author, venue, DOI, and provenance fields."
MR-0865,R-5e3b44ebceeaa0ba;R-d4a6c9de74042039,merge_all_author_match,R-5e3b44ebceeaa0ba+R-d4a6c9de74042039,2,1,R-5e3b44ebceeaa0ba:R-d4a6c9de74042039=1.000,same normalized title/year and pairwise author overlap >= 0.75,"Generated from local title, year, author, venue, DOI, and provenance fields."
MR-0866,R-1436caf4324e11ba;R-8cddc013d255f997,merge_all_author_match,R-1436caf4324e11ba+R-8cddc013d255f997,2,1,R-1436caf4324e11ba:R-8cddc013d255f997=1.000,same normalized title/year and pairwise author overlap >= 0.75,"Generated from local title, year, author, venue, DOI, and provenance fields."
MR-0867,R-24d5b6370ffdbb14;R-66261624bd025162;R-a1c8d48ec353ccca,merge_all_author_match,R-24d5b6370ffdbb14+R-66261624bd025162+R-a1c8d48ec353ccca,3,1,R-24d5b6370ffdbb14:R-66261624bd025162=1.000;R-24d5b6370ffdbb14:R-a1c8d48ec353ccca=1.000;R-66261624bd025162:R-a1c8d48ec353ccca=1.000,same normalized title/year and pairwise author overlap >= 0.75,"Generated from local title, year, author, venue, DOI, and provenance fields."
MR-0868,R-d9b6997a5a9a1139;R-ef615fe67fa109d7,merge_all_author_match,R-d9b6997a5a9a1139+R-ef615fe67fa109d7,2,1,R-d9b6997a5a9a1139:R-ef615fe67fa109d7=1.000,same normalized title/year and pairwise author overlap >= 0.75,"Generated from local title, year, author, venue, DOI, and provenance fields."
MR-0869,R-35b268fdfbc151ef;R-77e70532426bbcc9,merge_all_author_match,R-35b268fdfbc151ef+R-77e70532426bbcc9,2,1,R-35b268fdfbc151ef:R-77e70532426bbcc9=1.000,same normalized title/year and pairwise author overlap >= 0.75,"Generated from local title, year, author, venue, DOI, and provenance fields."
MR-0870,R-a9a242fcea7ef5c7;R-c7fe7719d8b49362,merge_all_author_match,R-a9a242fcea7ef5c7+R-c7fe7719d8b49362,2,1,R-a9a242fcea7ef5c7:R-c7fe7719d8b49362=1.000,same normalized title/year and pairwise author overlap >= 0.75,"Generated from local title, year, author, venue, DOI, and provenance fields."
MR-0871,R-418c149f3497cb41;R-e99d039521876021,merge_all_author_match,R-418c149f3497cb41+R-e99d039521876021,2,1,R-418c149f3497cb41:R-e99d039521876021=1.000,same normalized title/year and pairwise author overlap >= 0.75,"Generated from local title, year, author, venue, DOI, and provenance fields."
MR-0872,R-455303f3f46f9eba;R-49c8faa7a58f8197,merge_all_author_match,R-455303f3f46f9eba+R-49c8faa7a58f8197,2,1,R-455303f3f46f9eba:R-49c8faa7a58f8197=1.000,same normalized title/year and pairwise author overlap >= 0.75,"Generated from local title, year, author, venue, DOI, and provenance fields."
MR-0873,R-168812ce7d87e698;R-64fef58268be1050,merge_all_author_match,R-168812ce7d87e698+R-64fef58268be1050,2,1,R-168812ce7d87e698:R-64fef58268be1050=1.000,same normalized title/year and pairwise author overlap >= 0.75,"Generated from local title, year, author, venue, DOI, and provenance fields."
MR-0874,R-cb978e1e80845692;R-d54c97e3505846df,merge_all_author_match,R-cb978e1e80845692+R-d54c97e3505846df,2,1,R-cb978e1e80845692:R-d54c97e3505846df=1.000,same normalized title/year and pairwise author overlap >= 0.75,"Generated from local title, year, author, venue, DOI, and provenance fields."
MR-0875,R-687665d170876473;R-a516d16eba2f9b3a,merge_all_author_match,R-687665d170876473+R-a516d16eba2f9b3a,2,1,R-687665d170876473:R-a516d16eba2f9b3a=1.000,same normalized title/year and pairwise author overlap >= 0.75,"Generated from local title, year, author, venue, DOI, and provenance fields."
MR-0876,R-10987382207e26cc;R-6ea17df65b712a57,merge_all_author_match,R-10987382207e26cc+R-6ea17df65b712a57,2,1,R-10987382207e26cc:R-6ea17df65b712a57=1.000,same normalized title/year and pairwise author overlap >= 0.75,"Generated from local title, year, author, venue, DOI, and provenance fields."
MR-0877,R-3ff6447b3fa749e7;R-6d60131e6b600c5c,merge_all_author_match,R-3ff6447b3fa749e7+R-6d60131e6b600c5c,2,1,R-3ff6447b3fa749e7:R-6d60131e6b600c5c=1.000,same normalized title/year and pairwise author overlap >= 0.75,"Generated from local title, year, author, venue, DOI, and provenance fields."
MR-0878,R-3771ceaf2355cc4b;R-44dba0a779a4248f,merge_all_author_match,R-3771ceaf2355cc4b+R-44dba0a779a4248f,2,1,R-3771ceaf2355cc4b:R-44dba0a779a4248f=1.000,same normalized title/year and pairwise author overlap >= 0.75,"Generated from local title, year, author, venue, DOI, and provenance fields."
MR-0879,R-9a2c33df7b9a4514;R-e8cf9752a6b9f96f,merge_all_author_match,R-9a2c33df7b9a4514+R-e8cf9752a6b9f96f,2,1,R-9a2c33df7b9a4514:R-e8cf9752a6b9f96f=1.000,same normalized title/year and pairwise author overlap >= 0.75,"Generated from local title, year, author, venue, DOI, and provenance fields."
MR-0880,R-09ec2a340e069e38;R-e342ccfdbb679d86,merge_all_author_match,R-09ec2a340e069e38+R-e342ccfdbb679d86,2,1,R-09ec2a340e069e38:R-e342ccfdbb679d86=1.000,same normalized title/year and pairwise author overlap >= 0.75,"Generated from local title, year, author, venue, DOI, and provenance fields."
MR-0881,R-616c2282abefaeab;R-f4159dd8c639aa5a,merge_all_author_match,R-616c2282abefaeab+R-f4159dd8c639aa5a,2,1,R-616c2282abefaeab:R-f4159dd8c639aa5a=1.000,same normalized title/year and pairwise author overlap >= 0.75,"Generated from local title, year, author, venue, DOI, and provenance fields."
MR-0882,R-78c09cee0e594f3d;R-d3223030f894efb1,merge_all_author_match,R-78c09cee0e594f3d+R-d3223030f894efb1,2,1,R-78c09cee0e594f3d:R-d3223030f894efb1=1.000,same normalized title/year and pairwise author overlap >= 0.75,"Generated from local title, year, author, venue, DOI, and provenance fields."
MR-0883,R-a62b429aa6505628;R-bf5584a0a020eeaf,merge_all_author_match,R-a62b429aa6505628+R-bf5584a0a020eeaf,2,1,R-a62b429aa6505628:R-bf5584a0a020eeaf=1.000,same normalized title/year and pairwise author overlap >= 0.75,"Generated from local title, year, author, venue, DOI, and provenance fields."
MR-0884,R-268f3a6fd82514d9;R-3ac16f54f96447c2;R-5d1a0ce94baa4d99,merge_all_author_match,R-268f3a6fd82514d9+R-3ac16f54f96447c2+R-5d1a0ce94baa4d99,3,1,R-268f3a6fd82514d9:R-3ac16f54f96447c2=1.000;R-268f3a6fd82514d9:R-5d1a0ce94baa4d99=1.000;R-3ac16f54f96447c2:R-5d1a0ce94baa4d99=1.000,same normalized title/year and pairwise author overlap >= 0.75,"Generated from local title, year, author, venue, DOI, and provenance fields."
MR-0885,R-69fe8158380bf940;R-a60de46a64aa3d78,merge_all_author_match,R-69fe8158380bf940+R-a60de46a64aa3d78,2,1,R-69fe8158380bf940:R-a60de46a64aa3d78=1.000,same normalized title/year and pairwise author overlap >= 0.75,"Generated from local title, year, author, venue, DOI, and provenance fields."
MR-0886,R-b02630ca45a264d9;R-efc00ad499306e84,merge_all_author_match,R-b02630ca45a264d9+R-efc00ad499306e84,2,1,R-b02630ca45a264d9:R-efc00ad499306e84=1.000,same normalized title/year and pairwise author overlap >= 0.75,"Generated from local title, year, author, venue, DOI, and provenance fields."
MR-0887,R-53483337df077e6c;R-7534288abde15550,merge_all_author_match,R-53483337df077e6c+R-7534288abde15550,2,1,R-53483337df077e6c:R-7534288abde15550=1.250,same normalized title/year and pairwise author overlap >= 0.75,"Generated from local title, year, author, venue, DOI, and provenance fields."
MR-0888,R-376aae26c58296da;R-c936867104651760,merge_all_author_match,R-376aae26c58296da+R-c936867104651760,2,1,R-376aae26c58296da:R-c936867104651760=1.000,same normalized title/year and pairwise author overlap >= 0.75,"Generated from local title, year, author, venue, DOI, and provenance fields."
MR-0889,R-2f3b0d3b95215a59;R-371032c756fc6664,merge_all_author_match,R-2f3b0d3b95215a59+R-371032c756fc6664,2,1,R-2f3b0d3b95215a59:R-371032c756fc6664=1.000,same normalized title/year and pairwise author overlap >= 0.75,"Generated from local title, year, author, venue, DOI, and provenance fields."
MR-0890,R-3706c004ba77a5d4;R-e98a7abf77887b98,merge_all_author_match,R-3706c004ba77a5d4+R-e98a7abf77887b98,2,1,R-3706c004ba77a5d4:R-e98a7abf77887b98=1.000,same normalized title/year and pairwise author overlap >= 0.75,"Generated from local title, year, author, venue, DOI, and provenance fields."
MR-0891,R-94ea703228e6ce63;R-f46db4a9385a99a6,merge_all_author_match,R-94ea703228e6ce63+R-f46db4a9385a99a6,2,1,R-94ea703228e6ce63:R-f46db4a9385a99a6=1.000,same normalized title/year and pairwise author overlap >= 0.75,"Generated from local title, year, author, venue, DOI, and provenance fields."
MR-0892,R-98b6a98fcafdf51e;R-c71da5fd534cb554,merge_all_author_match,R-98b6a98fcafdf51e+R-c71da5fd534cb554,2,1,R-98b6a98fcafdf51e:R-c71da5fd534cb554=1.000,same normalized title/year and pairwise author overlap >= 0.75,"Generated from local title, year, author, venue, DOI, and provenance fields."
MR-0893,R-969b0b2dcec15e5c;R-ece7bcb32656f1e7,merge_all_author_match,R-969b0b2dcec15e5c+R-ece7bcb32656f1e7,2,1,R-969b0b2dcec15e5c:R-ece7bcb32656f1e7=1.000,same normalized title/year and pairwise author overlap >= 0.75,"Generated from local title, year, author, venue, DOI, and provenance fields."
MR-0894,R-24b7b8d3561549cb;R-ab6be7f25a7b9df3,merge_all_author_match,R-24b7b8d3561549cb+R-ab6be7f25a7b9df3,2,1,R-24b7b8d3561549cb:R-ab6be7f25a7b9df3=1.000,same normalized title/year and pairwise author overlap >= 0.75,"Generated from local title, year, author, venue, DOI, and provenance fields."
MR-0895,R-a3298daec4ab47f6;R-b872c76e9914583f,merge_all_author_match,R-a3298daec4ab47f6+R-b872c76e9914583f,2,1,R-a3298daec4ab47f6:R-b872c76e9914583f=1.000,same normalized title/year and pairwise author overlap >= 0.75,"Generated from local title, year, author, venue, DOI, and provenance fields."
MR-0896,R-91ad2393163492a4;R-9a2ddaa2f470016f,merge_all_author_match,R-91ad2393163492a4+R-9a2ddaa2f470016f,2,1,R-91ad2393163492a4:R-9a2ddaa2f470016f=1.000,same normalized title/year and pairwise author overlap >= 0.75,"Generated from local title, year, author, venue, DOI, and provenance fields."
MR-0897,R-28bedbd026be5358;R-5dfca74782c1caa5,merge_all_author_match,R-28bedbd026be5358+R-5dfca74782c1caa5,2,1,R-28bedbd026be5358:R-5dfca74782c1caa5=1.000,same normalized title/year and pairwise author overlap >= 0.75,"Generated from local title, year, author, venue, DOI, and provenance fields."
MR-0898,R-3934dee80cc587e7;R-397fa23eb7fcb77a,merge_all_author_match,R-3934dee80cc587e7+R-397fa23eb7fcb77a,2,1,R-3934dee80cc587e7:R-397fa23eb7fcb77a=1.000,same normalized title/year and pairwise author overlap >= 0.75,"Generated from local title, year, author, venue, DOI, and provenance fields."
MR-0899,R-9af80eb8ec59e33d;R-facebef19c9e9255,merge_all_author_match,R-9af80eb8ec59e33d+R-facebef19c9e9255,2,1,R-9af80eb8ec59e33d:R-facebef19c9e9255=1.000,same normalized title/year and pairwise author overlap >= 0.75,"Generated from local title, year, author, venue, DOI, and provenance fields."
MR-0900,R-3d6a4f5621d42359;R-e5c779d7d65f0256,merge_all_author_match,R-3d6a4f5621d42359+R-e5c779d7d65f0256,2,1,R-3d6a4f5621d42359:R-e5c779d7d65f0256=1.000,same normalized title/year and pairwise author overlap >= 0.75,"Generated from local title, year, author, venue, DOI, and provenance fields."
MR-0901,R-4ef9ce5a33c2afe1;R-63632c2f86648c80,merge_all_author_match,R-4ef9ce5a33c2afe1+R-63632c2f86648c80,2,1,R-4ef9ce5a33c2afe1:R-63632c2f86648c80=1.000,same normalized title/year and pairwise author overlap >= 0.75,"Generated from local title, year, author, venue, DOI, and provenance fields."
MR-0902,R-1991f59e6d00d9b4;R-acc8c196cba82f35,merge_all_author_match,R-1991f59e6d00d9b4+R-acc8c196cba82f35,2,1,R-1991f59e6d00d9b4:R-acc8c196cba82f35=1.000,same normalized title/year and pairwise author overlap >= 0.75,"Generated from local title, year, author, venue, DOI, and provenance fields."
MR-0903,R-7d7ecc3d95c27c03;R-96756abeac407438,merge_all_author_match,R-7d7ecc3d95c27c03+R-96756abeac407438,2,1,R-7d7ecc3d95c27c03:R-96756abeac407438=1.000,same normalized title/year and pairwise author overlap >= 0.75,"Generated from local title, year, author, venue, DOI, and provenance fields."
MR-0904,R-46abdf27e180c4af;R-72383ef687247121,merge_all_author_match,R-46abdf27e180c4af+R-72383ef687247121,2,1,R-46abdf27e180c4af:R-72383ef687247121=1.000,same normalized title/year and pairwise author overlap >= 0.75,"Generated from local title, year, author, venue, DOI, and provenance fields."
MR-0905,R-0a1ebb80f8a17a61;R-82c0e5871ca63be8,merge_all_author_match,R-0a1ebb80f8a17a61+R-82c0e5871ca63be8,2,1,R-0a1ebb80f8a17a61:R-82c0e5871ca63be8=0.750,same normalized title/year and pairwise author overlap >= 0.75,"Generated from local title, year, author, venue, DOI, and provenance fields."
MR-0906,R-766807ec113473df;R-a7ef1712f4259edf,merge_all_author_match,R-766807ec113473df+R-a7ef1712f4259edf,2,1,R-766807ec113473df:R-a7ef1712f4259edf=1.000,same normalized title/year and pairwise author overlap >= 0.75,"Generated from local title, year, author, venue, DOI, and provenance fields."
MR-0907,R-0bad4d2911c7edaa;R-45b83cfbf2e20754,merge_all_author_match,R-0bad4d2911c7edaa+R-45b83cfbf2e20754,2,1,R-0bad4d2911c7edaa:R-45b83cfbf2e20754=0.750,same normalized title/year and pairwise author overlap >= 0.75,"Generated from local title, year, author, venue, DOI, and provenance fields."
MR-0908,R-0c285629b93a9dd5;R-c3b599cd9beefa19,merge_all_author_match,R-0c285629b93a9dd5+R-c3b599cd9beefa19,2,1,R-0c285629b93a9dd5:R-c3b599cd9beefa19=1.000,same normalized title/year and pairwise author overlap >= 0.75,"Generated from local title, year, author, venue, DOI, and provenance fields."
MR-0909,R-26007f1b16af57dc;R-f478f5b9a988bb9f,merge_all_author_match,R-26007f1b16af57dc+R-f478f5b9a988bb9f,2,1,R-26007f1b16af57dc:R-f478f5b9a988bb9f=1.000,same normalized title/year and pairwise author overlap >= 0.75,"Generated from local title, year, author, venue, DOI, and provenance fields."
MR-0910,R-4954468e20866c0b;R-e273f690b6f6af48,merge_all_author_match,R-4954468e20866c0b+R-e273f690b6f6af48,2,1,R-4954468e20866c0b:R-e273f690b6f6af48=1.000,same normalized title/year and pairwise author overlap >= 0.75,"Generated from local title, year, author, venue, DOI, and provenance fields."
MR-0911,R-6477805ac4ad0bad;R-8bd97f8ea8d18287,merge_all_author_match,R-6477805ac4ad0bad+R-8bd97f8ea8d18287,2,1,R-6477805ac4ad0bad:R-8bd97f8ea8d18287=1.000,same normalized title/year and pairwise author overlap >= 0.75,"Generated from local title, year, author, venue, DOI, and provenance fields."
MR-0912,R-03a735d0c420bc8c;R-26b3bd23390b747a,merge_all_author_match,R-03a735d0c420bc8c+R-26b3bd23390b747a,2,1,R-03a735d0c420bc8c:R-26b3bd23390b747a=1.000,same normalized title/year and pairwise author overlap >= 0.75,"Generated from local title, year, author, venue, DOI, and provenance fields."
MR-0913,R-b8e8c88ec354d345;R-fdeb6941bfe24e16,merge_all_author_match,R-b8e8c88ec354d345+R-fdeb6941bfe24e16,2,1,R-b8e8c88ec354d345:R-fdeb6941bfe24e16=1.000,same normalized title/year and pairwise author overlap >= 0.75,"Generated from local title, year, author, venue, DOI, and provenance fields."
MR-0914,R-a5b280ba60cfdb25;R-d5fa5e6e001522db,merge_all_author_match,R-a5b280ba60cfdb25+R-d5fa5e6e001522db,2,1,R-a5b280ba60cfdb25:R-d5fa5e6e001522db=1.000,same normalized title/year and pairwise author overlap >= 0.75,"Generated from local title, year, author, venue, DOI, and provenance fields."
MR-0915,R-54e976fb1107a0e8;R-97e9ce91647aac40,merge_all_author_match,R-54e976fb1107a0e8+R-97e9ce91647aac40,2,1,R-54e976fb1107a0e8:R-97e9ce91647aac40=1.000,same normalized title/year and pairwise author overlap >= 0.75,"Generated from local title, year, author, venue, DOI, and provenance fields."
MR-0916,R-0302b974775364cd;R-4149c689bea4073f,merge_all_author_match,R-0302b974775364cd+R-4149c689bea4073f,2,1,R-0302b974775364cd:R-4149c689bea4073f=1.000,same normalized title/year and pairwise author overlap >= 0.75,"Generated from local title, year, author, venue, DOI, and provenance fields."
MR-0917,R-3c2d0e3b0b915903;R-816fff7e0773afef,merge_all_author_match,R-3c2d0e3b0b915903+R-816fff7e0773afef,2,1,R-3c2d0e3b0b915903:R-816fff7e0773afef=1.000,same normalized title/year and pairwise author overlap >= 0.75,"Generated from local title, year, author, venue, DOI, and provenance fields."
MR-0918,R-0a529e9e1ca4eebe;R-282e4ba3fd6dc2a9,merge_all_author_match,R-0a529e9e1ca4eebe+R-282e4ba3fd6dc2a9,2,1,R-0a529e9e1ca4eebe:R-282e4ba3fd6dc2a9=1.000,same normalized title/year and pairwise author overlap >= 0.75,"Generated from local title, year, author, venue, DOI, and provenance fields."
MR-0919,R-5d3bfbffd87fe41d;R-f9e4431b08e24692,merge_all_author_match,R-5d3bfbffd87fe41d+R-f9e4431b08e24692,2,1,R-5d3bfbffd87fe41d:R-f9e4431b08e24692=1.000,same normalized title/year and pairwise author overlap >= 0.75,"Generated from local title, year, author, venue, DOI, and provenance fields."
MR-0920,R-3f32b3837b52d4e0;R-5b7acefb0999ef82,merge_all_author_match,R-3f32b3837b52d4e0+R-5b7acefb0999ef82,2,1,R-3f32b3837b52d4e0:R-5b7acefb0999ef82=1.000,same normalized title/year and pairwise author overlap >= 0.75,"Generated from local title, year, author, venue, DOI, and provenance fields."
MR-0921,R-7affa167a97b4f44;R-8d4e351299ef4487,keep_separate_conservative,R-7affa167a97b4f44 | R-8d4e351299ef4487,2,0,R-7affa167a97b4f44:R-8d4e351299ef4487=0.500,author or publication metadata differs below the merge threshold,"Generated from local title, year, author, venue, DOI, and provenance fields."
MR-0922,R-1bafb44bc0d6fa89;R-51226e19028d79b3,merge_all_author_match,R-1bafb44bc0d6fa89+R-51226e19028d79b3,2,1,R-1bafb44bc0d6fa89:R-51226e19028d79b3=1.000,same normalized title/year and pairwise author overlap >= 0.75,"Generated from local title, year, author, venue, DOI, and provenance fields."
MR-0923,R-610f42cff83da826;R-ed6d23d4317f0c96,merge_all_author_match,R-610f42cff83da826+R-ed6d23d4317f0c96,2,1,R-610f42cff83da826:R-ed6d23d4317f0c96=1.000,same normalized title/year and pairwise author overlap >= 0.75,"Generated from local title, year, author, venue, DOI, and provenance fields."
MR-0924,R-3ce763883ab3cbb8;R-f6a0f29aba0f2f5f,merge_all_author_match,R-3ce763883ab3cbb8+R-f6a0f29aba0f2f5f,2,1,R-3ce763883ab3cbb8:R-f6a0f29aba0f2f5f=1.000,same normalized title/year and pairwise author overlap >= 0.75,"Generated from local title, year, author, venue, DOI, and provenance fields."
MR-0925,R-1c59178582e88991;R-5d6fbb2780fc1564,merge_all_author_match,R-1c59178582e88991+R-5d6fbb2780fc1564,2,1,R-1c59178582e88991:R-5d6fbb2780fc1564=1.000,same normalized title/year and pairwise author overlap >= 0.75,"Generated from local title, year, author, venue, DOI, and provenance fields."
MR-0926,R-2bddbbe90a2d96d3;R-85cabc2cba4a5a01,merge_all_author_match,R-2bddbbe90a2d96d3+R-85cabc2cba4a5a01,2,1,R-2bddbbe90a2d96d3:R-85cabc2cba4a5a01=1.000,same normalized title/year and pairwise author overlap >= 0.75,"Generated from local title, year, author, venue, DOI, and provenance fields."
MR-0927,R-059b4a261fc8dae5;R-7f70ce0e92e66506,merge_all_author_match,R-059b4a261fc8dae5+R-7f70ce0e92e66506,2,1,R-059b4a261fc8dae5:R-7f70ce0e92e66506=1.000,same normalized title/year and pairwise author overlap >= 0.75,"Generated from local title, year, author, venue, DOI, and provenance fields."
MR-0928,R-3a13d63b9e88305e;R-4e25a2c85f4fafbe;R-9f6f69a8713fe0ed;R-ebef9d36a874fcc9,merge_all_author_match,R-3a13d63b9e88305e+R-4e25a2c85f4fafbe+R-9f6f69a8713fe0ed+R-ebef9d36a874fcc9,4,1,R-3a13d63b9e88305e:R-4e25a2c85f4fafbe=1.000;R-3a13d63b9e88305e:R-9f6f69a8713fe0ed=1.000;R-3a13d63b9e88305e:R-ebef9d36a874fcc9=1.000;R-4e25a2c85f4fafbe:R-9f6f69a8713fe0ed=1.000;R-4e25a2c85f4fafbe:R-ebef9d36a874fcc9=1.000;R-9f6f69a8713fe0ed:R-ebef9d36a874fcc9=1.000,same normalized title/year and pairwise author overlap >= 0.75,"Generated from local title, year, author, venue, DOI, and provenance fields."
MR-0929,R-94899fae0f6ddb7f;R-bdd004610b5e067e,merge_all_author_match,R-94899fae0f6ddb7f+R-bdd004610b5e067e,2,1,R-94899fae0f6ddb7f:R-bdd004610b5e067e=1.000,same normalized title/year and pairwise author overlap >= 0.75,"Generated from local title, year, author, venue, DOI, and provenance fields."
MR-0930,R-56c25eca6867f6eb;R-a53b41e89eeebb70,merge_all_author_match,R-56c25eca6867f6eb+R-a53b41e89eeebb70,2,1,R-56c25eca6867f6eb:R-a53b41e89eeebb70=1.000,same normalized title/year and pairwise author overlap >= 0.75,"Generated from local title, year, author, venue, DOI, and provenance fields."
MR-0931,R-5baef3afa9b234c8;R-cdfebc42d0311e58,merge_all_author_match,R-5baef3afa9b234c8+R-cdfebc42d0311e58,2,1,R-5baef3afa9b234c8:R-cdfebc42d0311e58=1.000,same normalized title/year and pairwise author overlap >= 0.75,"Generated from local title, year, author, venue, DOI, and provenance fields."
MR-0932,R-3f4fe33eb52c69b0;R-4786c59b5ed9b478,merge_all_author_match,R-3f4fe33eb52c69b0+R-4786c59b5ed9b478,2,1,R-3f4fe33eb52c69b0:R-4786c59b5ed9b478=1.500,same normalized title/year and pairwise author overlap >= 0.75,"Generated from local title, year, author, venue, DOI, and provenance fields."
MR-0933,R-80826dc9ad069421;R-b1b4666cbac940d7,merge_all_author_match,R-80826dc9ad069421+R-b1b4666cbac940d7,2,1,R-80826dc9ad069421:R-b1b4666cbac940d7=1.000,same normalized title/year and pairwise author overlap >= 0.75,"Generated from local title, year, author, venue, DOI, and provenance fields."
MR-0934,R-7ebfd927ba5b8d99;R-afcc18c55af1971e,merge_all_author_match,R-7ebfd927ba5b8d99+R-afcc18c55af1971e,2,1,R-7ebfd927ba5b8d99:R-afcc18c55af1971e=1.000,same normalized title/year and pairwise author overlap >= 0.75,"Generated from local title, year, author, venue, DOI, and provenance fields."
MR-0935,R-9bec4ee35fed948e;R-a6a68ed3809cd1b8,merge_all_author_match,R-9bec4ee35fed948e+R-a6a68ed3809cd1b8,2,1,R-9bec4ee35fed948e:R-a6a68ed3809cd1b8=1.000,same normalized title/year and pairwise author overlap >= 0.75,"Generated from local title, year, author, venue, DOI, and provenance fields."
MR-0936,R-6e70b0a4357c4dbe;R-ac17d83e9fb17ff7;R-d225b34e58d31fff,merge_all_author_match,R-6e70b0a4357c4dbe+R-ac17d83e9fb17ff7+R-d225b34e58d31fff,3,1,R-6e70b0a4357c4dbe:R-ac17d83e9fb17ff7=1.000;R-6e70b0a4357c4dbe:R-d225b34e58d31fff=1.000;R-ac17d83e9fb17ff7:R-d225b34e58d31fff=1.000,same normalized title/year and pairwise author overlap >= 0.75,"Generated from local title, year, author, venue, DOI, and provenance fields."
MR-0937,R-4d4690ecac6a1121;R-e8c115c36a90a799,merge_all_author_match,R-4d4690ecac6a1121+R-e8c115c36a90a799,2,1,R-4d4690ecac6a1121:R-e8c115c36a90a799=1.000,same normalized title/year and pairwise author overlap >= 0.75,"Generated from local title, year, author, venue, DOI, and provenance fields."
MR-0938,R-23acb64c1577e0fb;R-df14e4ddc2712bee,merge_all_author_match,R-23acb64c1577e0fb+R-df14e4ddc2712bee,2,1,R-23acb64c1577e0fb:R-df14e4ddc2712bee=1.000,same normalized title/year and pairwise author overlap >= 0.75,"Generated from local title, year, author, venue, DOI, and provenance fields."
MR-0939,R-127295d417306c91;R-e043f2a7c49569e4,merge_all_author_match,R-127295d417306c91+R-e043f2a7c49569e4,2,1,R-127295d417306c91:R-e043f2a7c49569e4=1.000,same normalized title/year and pairwise author overlap >= 0.75,"Generated from local title, year, author, venue, DOI, and provenance fields."
MR-0940,R-31a154301d83a7b3;R-cedb63cc4796cf05,merge_all_author_match,R-31a154301d83a7b3+R-cedb63cc4796cf05,2,1,R-31a154301d83a7b3:R-cedb63cc4796cf05=1.000,same normalized title/year and pairwise author overlap >= 0.75,"Generated from local title, year, author, venue, DOI, and provenance fields."
MR-0941,R-0d397eda4e5c8a7d;R-7f1a9bd4a5b8e0ea,merge_all_author_match,R-0d397eda4e5c8a7d+R-7f1a9bd4a5b8e0ea,2,1,R-0d397eda4e5c8a7d:R-7f1a9bd4a5b8e0ea=1.000,same normalized title/year and pairwise author overlap >= 0.75,"Generated from local title, year, author, venue, DOI, and provenance fields."
MR-0942,R-0d54c9bc9c2ff579;R-3708f811022e1110,merge_all_curated,R-0d54c9bc9c2ff579+R-3708f811022e1110,2,1,R-0d54c9bc9c2ff579:R-3708f811022e1110=1.000,same article; DOI and author-name metadata variants,"Generated from local title, year, author, venue, DOI, and provenance fields."
MR-0943,R-9279a191d97fd0f7;R-c5db86e6842fb13e,merge_all_author_match,R-9279a191d97fd0f7+R-c5db86e6842fb13e,2,1,R-9279a191d97fd0f7:R-c5db86e6842fb13e=1.000,same normalized title/year and pairwise author overlap >= 0.75,"Generated from local title, year, author, venue, DOI, and provenance fields."
MR-0944,R-3611efdd9b083d77;R-c49769e8dfba34a9,merge_all_author_match,R-3611efdd9b083d77+R-c49769e8dfba34a9,2,1,R-3611efdd9b083d77:R-c49769e8dfba34a9=1.000,same normalized title/year and pairwise author overlap >= 0.75,"Generated from local title, year, author, venue, DOI, and provenance fields."
MR-0945,R-553681b293b77566;R-c648a8b9157b2ae3,merge_all_author_match,R-553681b293b77566+R-c648a8b9157b2ae3,2,1,R-553681b293b77566:R-c648a8b9157b2ae3=1.000,same normalized title/year and pairwise author overlap >= 0.75,"Generated from local title, year, author, venue, DOI, and provenance fields."
MR-0946,R-2bef739ef460385d;R-b2067457a7322751,merge_all_author_match,R-2bef739ef460385d+R-b2067457a7322751,2,1,R-2bef739ef460385d:R-b2067457a7322751=1.000,same normalized title/year and pairwise author overlap >= 0.75,"Generated from local title, year, author, venue, DOI, and provenance fields."
MR-0947,R-5539306a4092149d;R-a9ddb28e4ed7d203,merge_all_author_match,R-5539306a4092149d+R-a9ddb28e4ed7d203,2,1,R-5539306a4092149d:R-a9ddb28e4ed7d203=1.000,same normalized title/year and pairwise author overlap >= 0.75,"Generated from local title, year, author, venue, DOI, and provenance fields."
MR-0948,R-270ee39dfabc25ee;R-d07b52b025b8e82b,merge_all_author_match,R-270ee39dfabc25ee+R-d07b52b025b8e82b,2,1,R-270ee39dfabc25ee:R-d07b52b025b8e82b=1.000,same normalized title/year and pairwise author overlap >= 0.75,"Generated from local title, year, author, venue, DOI, and provenance fields."
MR-0949,R-94132c87ef926ee3;R-bf55b8404e30930e,merge_all_author_match,R-94132c87ef926ee3+R-bf55b8404e30930e,2,1,R-94132c87ef926ee3:R-bf55b8404e30930e=1.000,same normalized title/year and pairwise author overlap >= 0.75,"Generated from local title, year, author, venue, DOI, and provenance fields."
MR-0950,R-c2592b60591bd7e6;R-ca2af555ffeabcf6,merge_all_author_match,R-c2592b60591bd7e6+R-ca2af555ffeabcf6,2,1,R-c2592b60591bd7e6:R-ca2af555ffeabcf6=1.000,same normalized title/year and pairwise author overlap >= 0.75,"Generated from local title, year, author, venue, DOI, and provenance fields."
MR-0951,R-1d802634a8c8e035;R-6b6707317f380ac9,merge_all_author_match,R-1d802634a8c8e035+R-6b6707317f380ac9,2,1,R-1d802634a8c8e035:R-6b6707317f380ac9=1.000,same normalized title/year and pairwise author overlap >= 0.75,"Generated from local title, year, author, venue, DOI, and provenance fields."
MR-0952,R-252ee2e82601ed2c;R-b34c307552785ddb,merge_all_author_match,R-252ee2e82601ed2c+R-b34c307552785ddb,2,1,R-252ee2e82601ed2c:R-b34c307552785ddb=1.000,same normalized title/year and pairwise author overlap >= 0.75,"Generated from local title, year, author, venue, DOI, and provenance fields."
MR-0953,R-46fdcf3e3cd4afc5;R-a1cd0b7d23e7d181,merge_all_author_match,R-46fdcf3e3cd4afc5+R-a1cd0b7d23e7d181,2,1,R-46fdcf3e3cd4afc5:R-a1cd0b7d23e7d181=1.000,same normalized title/year and pairwise author overlap >= 0.75,"Generated from local title, year, author, venue, DOI, and provenance fields."
MR-0954,R-17032b6013c0323d;R-2b8c94e1d40616c6;R-7474c49886a84b2e,merge_all_author_match,R-17032b6013c0323d+R-2b8c94e1d40616c6+R-7474c49886a84b2e,3,1,R-17032b6013c0323d:R-2b8c94e1d40616c6=1.000;R-17032b6013c0323d:R-7474c49886a84b2e=1.000;R-2b8c94e1d40616c6:R-7474c49886a84b2e=1.000,same normalized title/year and pairwise author overlap >= 0.75,"Generated from local title, year, author, venue, DOI, and provenance fields."
MR-0955,R-49d4ff131e2867e1;R-6debbd20d6c768c8,merge_all_author_match,R-49d4ff131e2867e1+R-6debbd20d6c768c8,2,1,R-49d4ff131e2867e1:R-6debbd20d6c768c8=1.000,same normalized title/year and pairwise author overlap >= 0.75,"Generated from local title, year, author, venue, DOI, and provenance fields."
MR-0956,R-49ffa3b6b6860524;R-6cd937b067138660;R-f88220e33357db6e,merge_all_author_match,R-49ffa3b6b6860524+R-6cd937b067138660+R-f88220e33357db6e,3,1,R-49ffa3b6b6860524:R-6cd937b067138660=1.000;R-49ffa3b6b6860524:R-f88220e33357db6e=1.000;R-6cd937b067138660:R-f88220e33357db6e=1.000,same normalized title/year and pairwise author overlap >= 0.75,"Generated from local title, year, author, venue, DOI, and provenance fields."
MR-0957,R-1939dc6a17048d7a;R-7eeb7809a84c1861,merge_all_author_match,R-1939dc6a17048d7a+R-7eeb7809a84c1861,2,1,R-1939dc6a17048d7a:R-7eeb7809a84c1861=1.000,same normalized title/year and pairwise author overlap >= 0.75,"Generated from local title, year, author, venue, DOI, and provenance fields."
MR-0958,R-3fd9bdb07cc596fd;R-f78090088de4e530,merge_all_author_match,R-3fd9bdb07cc596fd+R-f78090088de4e530,2,1,R-3fd9bdb07cc596fd:R-f78090088de4e530=1.000,same normalized title/year and pairwise author overlap >= 0.75,"Generated from local title, year, author, venue, DOI, and provenance fields."
MR-0959,R-729f17ce2a99f991;R-d4e6adf627a18175,merge_all_author_match,R-729f17ce2a99f991+R-d4e6adf627a18175,2,1,R-729f17ce2a99f991:R-d4e6adf627a18175=1.000,same normalized title/year and pairwise author overlap >= 0.75,"Generated from local title, year, author, venue, DOI, and provenance fields."
MR-0960,R-5073b009996b613e;R-5826e553dbad7102;R-91ad914d0b250a45,merge_all_author_match,R-5073b009996b613e+R-5826e553dbad7102+R-91ad914d0b250a45,3,1,R-5073b009996b613e:R-5826e553dbad7102=1.000;R-5073b009996b613e:R-91ad914d0b250a45=1.000;R-5826e553dbad7102:R-91ad914d0b250a45=1.000,same normalized title/year and pairwise author overlap >= 0.75,"Generated from local title, year, author, venue, DOI, and provenance fields."
MR-0961,R-04fd9914c02574df;R-9cc4b54e05ee446a,merge_all_author_match,R-04fd9914c02574df+R-9cc4b54e05ee446a,2,1,R-04fd9914c02574df:R-9cc4b54e05ee446a=1.000,same normalized title/year and pairwise author overlap >= 0.75,"Generated from local title, year, author, venue, DOI, and provenance fields."
MR-0962,R-2d33ffa9966d4c07;R-e69c722751c2fd5a,merge_all_author_match,R-2d33ffa9966d4c07+R-e69c722751c2fd5a,2,1,R-2d33ffa9966d4c07:R-e69c722751c2fd5a=1.000,same normalized title/year and pairwise author overlap >= 0.75,"Generated from local title, year, author, venue, DOI, and provenance fields."
MR-0963,R-4e4a14e0097dd8dd;R-501bbd6a96473ef7;R-ecf3ea16cb7675a8,merge_all_author_match,R-4e4a14e0097dd8dd+R-501bbd6a96473ef7+R-ecf3ea16cb7675a8,3,1,R-4e4a14e0097dd8dd:R-501bbd6a96473ef7=1.000;R-4e4a14e0097dd8dd:R-ecf3ea16cb7675a8=1.000;R-501bbd6a96473ef7:R-ecf3ea16cb7675a8=1.000,same normalized title/year and pairwise author overlap >= 0.75,"Generated from local title, year, author, venue, DOI, and provenance fields."
MR-0964,R-6c42e2aa8586d451;R-cadb7c4e44eb2119,merge_all_author_match,R-6c42e2aa8586d451+R-cadb7c4e44eb2119,2,1,R-6c42e2aa8586d451:R-cadb7c4e44eb2119=1.000,same normalized title/year and pairwise author overlap >= 0.75,"Generated from local title, year, author, venue, DOI, and provenance fields."
MR-0965,R-82e0eee96f427ad9;R-846dabfbb5906dd6,merge_all_author_match,R-82e0eee96f427ad9+R-846dabfbb5906dd6,2,1,R-82e0eee96f427ad9:R-846dabfbb5906dd6=1.000,same normalized title/year and pairwise author overlap >= 0.75,"Generated from local title, year, author, venue, DOI, and provenance fields."
MR-0966,R-06077ad22784dffb;R-ad998737c172c820,merge_all_author_match,R-06077ad22784dffb+R-ad998737c172c820,2,1,R-06077ad22784dffb:R-ad998737c172c820=1.000,same normalized title/year and pairwise author overlap >= 0.75,"Generated from local title, year, author, venue, DOI, and provenance fields."
MR-0967,R-2f5607858171ef56;R-a045b6b1c777d307,merge_all_author_match,R-2f5607858171ef56+R-a045b6b1c777d307,2,1,R-2f5607858171ef56:R-a045b6b1c777d307=1.000,same normalized title/year and pairwise author overlap >= 0.75,"Generated from local title, year, author, venue, DOI, and provenance fields."
MR-0968,R-4f2c9b632bff0207;R-cf881b82806b46a3,merge_all_author_match,R-4f2c9b632bff0207+R-cf881b82806b46a3,2,1,R-4f2c9b632bff0207:R-cf881b82806b46a3=0.750,same normalized title/year and pairwise author overlap >= 0.75,"Generated from local title, year, author, venue, DOI, and provenance fields."
MR-0969,R-2442157b1ad653bf;R-98b020d1110ee8a2,merge_all_author_match,R-2442157b1ad653bf+R-98b020d1110ee8a2,2,1,R-2442157b1ad653bf:R-98b020d1110ee8a2=1.000,same normalized title/year and pairwise author overlap >= 0.75,"Generated from local title, year, author, venue, DOI, and provenance fields."
MR-0970,R-0bcbe7a53cb25c68;R-8d21823978d32279,merge_all_author_match,R-0bcbe7a53cb25c68+R-8d21823978d32279,2,1,R-0bcbe7a53cb25c68:R-8d21823978d32279=1.000,same normalized title/year and pairwise author overlap >= 0.75,"Generated from local title, year, author, venue, DOI, and provenance fields."
MR-0971,R-1dab547bb603b2c5;R-a898c33951bc3d6a,merge_all_author_match,R-1dab547bb603b2c5+R-a898c33951bc3d6a,2,1,R-1dab547bb603b2c5:R-a898c33951bc3d6a=1.000,same normalized title/year and pairwise author overlap >= 0.75,"Generated from local title, year, author, venue, DOI, and provenance fields."
MR-0972,R-1f56373df2a108ba;R-73005dbbaf76c0d6,merge_all_author_match,R-1f56373df2a108ba+R-73005dbbaf76c0d6,2,1,R-1f56373df2a108ba:R-73005dbbaf76c0d6=1.000,same normalized title/year and pairwise author overlap >= 0.75,"Generated from local title, year, author, venue, DOI, and provenance fields."
MR-0973,R-3a44bc70e82a3ff3;R-9d0fb22bec548147,merge_all_author_match,R-3a44bc70e82a3ff3+R-9d0fb22bec548147,2,1,R-3a44bc70e82a3ff3:R-9d0fb22bec548147=1.000,same normalized title/year and pairwise author overlap >= 0.75,"Generated from local title, year, author, venue, DOI, and provenance fields."
MR-0974,R-85b37e65109288e6;R-cd78e85ec776290c,merge_all_author_match,R-85b37e65109288e6+R-cd78e85ec776290c,2,1,R-85b37e65109288e6:R-cd78e85ec776290c=1.000,same normalized title/year and pairwise author overlap >= 0.75,"Generated from local title, year, author, venue, DOI, and provenance fields."
MR-0975,R-a9596b4a1f898764;R-ecdb37a95ad9e04e,merge_all_author_match,R-a9596b4a1f898764+R-ecdb37a95ad9e04e,2,1,R-a9596b4a1f898764:R-ecdb37a95ad9e04e=1.000,same normalized title/year and pairwise author overlap >= 0.75,"Generated from local title, year, author, venue, DOI, and provenance fields."
MR-0976,R-203d52bbe85f6174;R-6f05c671abddd191,merge_all_author_match,R-203d52bbe85f6174+R-6f05c671abddd191,2,1,R-203d52bbe85f6174:R-6f05c671abddd191=1.000,same normalized title/year and pairwise author overlap >= 0.75,"Generated from local title, year, author, venue, DOI, and provenance fields."
MR-0977,R-c22df9218126f654;R-ed89f9ae12a5f2aa,merge_all_author_match,R-c22df9218126f654+R-ed89f9ae12a5f2aa,2,1,R-c22df9218126f654:R-ed89f9ae12a5f2aa=1.000,same normalized title/year and pairwise author overlap >= 0.75,"Generated from local title, year, author, venue, DOI, and provenance fields."
MR-0978,R-54b2e7861025664e;R-e75f205613cfa797,merge_all_author_match,R-54b2e7861025664e+R-e75f205613cfa797,2,1,R-54b2e7861025664e:R-e75f205613cfa797=1.000,same normalized title/year and pairwise author overlap >= 0.75,"Generated from local title, year, author, venue, DOI, and provenance fields."
MR-0979,R-5a107e604525a14b;R-fb6e923b9a39e7fb,merge_all_author_match,R-5a107e604525a14b+R-fb6e923b9a39e7fb,2,1,R-5a107e604525a14b:R-fb6e923b9a39e7fb=1.000,same normalized title/year and pairwise author overlap >= 0.75,"Generated from local title, year, author, venue, DOI, and provenance fields."
MR-0980,R-71645e3b049b7a14;R-a00b07242fac14d7,merge_all_author_match,R-71645e3b049b7a14+R-a00b07242fac14d7,2,1,R-71645e3b049b7a14:R-a00b07242fac14d7=1.000,same normalized title/year and pairwise author overlap >= 0.75,"Generated from local title, year, author, venue, DOI, and provenance fields."
MR-0981,R-3307a38a9804905c;R-6f3f47d057511e00,merge_all_author_match,R-3307a38a9804905c+R-6f3f47d057511e00,2,1,R-3307a38a9804905c:R-6f3f47d057511e00=1.000,same normalized title/year and pairwise author overlap >= 0.75,"Generated from local title, year, author, venue, DOI, and provenance fields."
MR-0982,R-6f00cc15ebe36feb;R-c1008ac477538904,merge_all_author_match,R-6f00cc15ebe36feb+R-c1008ac477538904,2,1,R-6f00cc15ebe36feb:R-c1008ac477538904=1.000,same normalized title/year and pairwise author overlap >= 0.75,"Generated from local title, year, author, venue, DOI, and provenance fields."
MR-0983,R-b0449f5156e3eb93;R-f0ed560189727ae0,merge_all_author_match,R-b0449f5156e3eb93+R-f0ed560189727ae0,2,1,R-b0449f5156e3eb93:R-f0ed560189727ae0=1.000,same normalized title/year and pairwise author overlap >= 0.75,"Generated from local title, year, author, venue, DOI, and provenance fields."
MR-0984,R-c82c95df403845ad;R-f881395ca53db854,merge_all_author_match,R-c82c95df403845ad+R-f881395ca53db854,2,1,R-c82c95df403845ad:R-f881395ca53db854=1.000,same normalized title/year and pairwise author overlap >= 0.75,"Generated from local title, year, author, venue, DOI, and provenance fields."
MR-0985,R-1f58cca8acebb97d;R-d510d8b8df4789cf,merge_all_author_match,R-1f58cca8acebb97d+R-d510d8b8df4789cf,2,1,R-1f58cca8acebb97d:R-d510d8b8df4789cf=1.000,same normalized title/year and pairwise author overlap >= 0.75,"Generated from local title, year, author, venue, DOI, and provenance fields."
MR-0986,R-1570a8f59d17ee74;R-41b0506a3da42401;R-7724dc3e394e41b6;R-d518b42bf1a65363,merge_all_author_match,R-1570a8f59d17ee74+R-41b0506a3da42401+R-7724dc3e394e41b6+R-d518b42bf1a65363,4,1,R-1570a8f59d17ee74:R-41b0506a3da42401=1.000;R-1570a8f59d17ee74:R-7724dc3e394e41b6=1.000;R-1570a8f59d17ee74:R-d518b42bf1a65363=1.000;R-41b0506a3da42401:R-7724dc3e394e41b6=1.000;R-41b0506a3da42401:R-d518b42bf1a65363=1.000;R-7724dc3e394e41b6:R-d518b42bf1a65363=1.000,same normalized title/year and pairwise author overlap >= 0.75,"Generated from local title, year, author, venue, DOI, and provenance fields."
MR-0987,R-12fa354edeea6007;R-51b69e2483abe5db;R-572226614a46ce23;R-6c0620eb1d6fa887;R-73ea36f7cf6a1f9b,merge_all_author_match,R-12fa354edeea6007+R-51b69e2483abe5db+R-572226614a46ce23+R-6c0620eb1d6fa887+R-73ea36f7cf6a1f9b,5,1,R-12fa354edeea6007:R-51b69e2483abe5db=1.000;R-12fa354edeea6007:R-572226614a46ce23=1.000;R-12fa354edeea6007:R-6c0620eb1d6fa887=1.000;R-12fa354edeea6007:R-73ea36f7cf6a1f9b=1.000;R-51b69e2483abe5db:R-572226614a46ce23=1.000;R-51b69e2483abe5db:R-6c0620eb1d6fa887=1.000;R-51b69e2483abe5db:R-73ea36f7cf6a1f9b=1.000;R-572226614a46ce23:R-6c0620eb1d6fa887=1.000;R-572226614a46ce23:R-73ea36f7cf6a1f9b=1.000;R-6c0620eb1d6fa887:R-73ea36f7cf6a1f9b=1.000,same normalized title/year and pairwise author overlap >= 0.75,"Generated from local title, year, author, venue, DOI, and provenance fields."
MR-0988,R-263e7339007ec571;R-c181745b488028df,merge_all_author_match,R-263e7339007ec571+R-c181745b488028df,2,1,R-263e7339007ec571:R-c181745b488028df=1.000,same normalized title/year and pairwise author overlap >= 0.75,"Generated from local title, year, author, venue, DOI, and provenance fields."
MR-0989,R-4ceed6b8f7830a10;R-ff7e958c7f0d301f,merge_all_author_match,R-4ceed6b8f7830a10+R-ff7e958c7f0d301f,2,1,R-4ceed6b8f7830a10:R-ff7e958c7f0d301f=1.000,same normalized title/year and pairwise author overlap >= 0.75,"Generated from local title, year, author, venue, DOI, and provenance fields."
MR-0990,R-2fc7a448b5aa580d;R-db5fa9a2c6fe94ff,merge_all_author_match,R-2fc7a448b5aa580d+R-db5fa9a2c6fe94ff,2,1,R-2fc7a448b5aa580d:R-db5fa9a2c6fe94ff=1.000,same normalized title/year and pairwise author overlap >= 0.75,"Generated from local title, year, author, venue, DOI, and provenance fields."
MR-0991,R-41b8aea58f3fdace;R-56327a64af1a770f,merge_all_author_match,R-41b8aea58f3fdace+R-56327a64af1a770f,2,1,R-41b8aea58f3fdace:R-56327a64af1a770f=1.000,same normalized title/year and pairwise author overlap >= 0.75,"Generated from local title, year, author, venue, DOI, and provenance fields."
MR-0992,R-2707537338dc98a0;R-da36e6ca619a71ba,merge_all_author_match,R-2707537338dc98a0+R-da36e6ca619a71ba,2,1,R-2707537338dc98a0:R-da36e6ca619a71ba=1.000,same normalized title/year and pairwise author overlap >= 0.75,"Generated from local title, year, author, venue, DOI, and provenance fields."
MR-0993,R-bf65fc3ef13a6df7;R-c5dab46290c94b30,merge_all_author_match,R-bf65fc3ef13a6df7+R-c5dab46290c94b30,2,1,R-bf65fc3ef13a6df7:R-c5dab46290c94b30=1.000,same normalized title/year and pairwise author overlap >= 0.75,"Generated from local title, year, author, venue, DOI, and provenance fields."
MR-0994,R-54989771cdcc62a6;R-7eb13fefacc34d49,merge_all_author_match,R-54989771cdcc62a6+R-7eb13fefacc34d49,2,1,R-54989771cdcc62a6:R-7eb13fefacc34d49=1.000,same normalized title/year and pairwise author overlap >= 0.75,"Generated from local title, year, author, venue, DOI, and provenance fields."
MR-0995,R-49f5f1a2a159ab8b;R-4ee4c29e45c404cb,merge_all_author_match,R-49f5f1a2a159ab8b+R-4ee4c29e45c404cb,2,1,R-49f5f1a2a159ab8b:R-4ee4c29e45c404cb=1.000,same normalized title/year and pairwise author overlap >= 0.75,"Generated from local title, year, author, venue, DOI, and provenance fields."
MR-0996,R-16fdb53797b14573;R-44e0ae8101ccba35;R-f05e6d5553906ae6,merge_all_author_match,R-16fdb53797b14573+R-44e0ae8101ccba35+R-f05e6d5553906ae6,3,1,R-16fdb53797b14573:R-44e0ae8101ccba35=1.000;R-16fdb53797b14573:R-f05e6d5553906ae6=1.000;R-44e0ae8101ccba35:R-f05e6d5553906ae6=1.000,same normalized title/year and pairwise author overlap >= 0.75,"Generated from local title, year, author, venue, DOI, and provenance fields."
MR-0997,R-5ce088bf30398b7c;R-f147967989db7bc6,merge_all_author_match,R-5ce088bf30398b7c+R-f147967989db7bc6,2,1,R-5ce088bf30398b7c:R-f147967989db7bc6=1.000,same normalized title/year and pairwise author overlap >= 0.75,"Generated from local title, year, author, venue, DOI, and provenance fields."
MR-0998,R-13a330ed749da1ab;R-1df55cf67754bd57;R-445dcf73afb0138a,merge_all_author_match,R-13a330ed749da1ab+R-1df55cf67754bd57+R-445dcf73afb0138a,3,1,R-13a330ed749da1ab:R-1df55cf67754bd57=1.000;R-13a330ed749da1ab:R-445dcf73afb0138a=1.000;R-1df55cf67754bd57:R-445dcf73afb0138a=1.000,same normalized title/year and pairwise author overlap >= 0.75,"Generated from local title, year, author, venue, DOI, and provenance fields."
MR-0999,R-0bf16f8551913996;R-2f2b8778bf7ef7e3,merge_all_author_match,R-0bf16f8551913996+R-2f2b8778bf7ef7e3,2,1,R-0bf16f8551913996:R-2f2b8778bf7ef7e3=1.000,same normalized title/year and pairwise author overlap >= 0.75,"Generated from local title, year, author, venue, DOI, and provenance fields."
MR-1000,R-5cd959907a424d74;R-660ec0cd71ba5df2,merge_all_author_match,R-5cd959907a424d74+R-660ec0cd71ba5df2,2,1,R-5cd959907a424d74:R-660ec0cd71ba5df2=1.000,same normalized title/year and pairwise author overlap >= 0.75,"Generated from local title, year, author, venue, DOI, and provenance fields."
MR-1001,R-39d85eabf7095afa;R-ab329e85ec60158e,merge_all_author_match,R-39d85eabf7095afa+R-ab329e85ec60158e,2,1,R-39d85eabf7095afa:R-ab329e85ec60158e=1.000,same normalized title/year and pairwise author overlap >= 0.75,"Generated from local title, year, author, venue, DOI, and provenance fields."
MR-1002,R-5d988a002395d174;R-66ae754a83e653a4,merge_all_author_match,R-5d988a002395d174+R-66ae754a83e653a4,2,1,R-5d988a002395d174:R-66ae754a83e653a4=1.000,same normalized title/year and pairwise author overlap >= 0.75,"Generated from local title, year, author, venue, DOI, and provenance fields."
MR-1003,R-58a944e69d835a52;R-721eedece0630020,merge_all_author_match,R-58a944e69d835a52+R-721eedece0630020,2,1,R-58a944e69d835a52:R-721eedece0630020=1.000,same normalized title/year and pairwise author overlap >= 0.75,"Generated from local title, year, author, venue, DOI, and provenance fields."
MR-1004,R-30b6e2c7405d448e;R-6a1403fa711cb122,merge_all_author_match,R-30b6e2c7405d448e+R-6a1403fa711cb122,2,1,R-30b6e2c7405d448e:R-6a1403fa711cb122=1.000,same normalized title/year and pairwise author overlap >= 0.75,"Generated from local title, year, author, venue, DOI, and provenance fields."
MR-1005,R-060c2a95b5aecfb8;R-d8a258d1b21f15fc,merge_all_author_match,R-060c2a95b5aecfb8+R-d8a258d1b21f15fc,2,1,R-060c2a95b5aecfb8:R-d8a258d1b21f15fc=1.000,same normalized title/year and pairwise author overlap >= 0.75,"Generated from local title, year, author, venue, DOI, and provenance fields."
MR-1006,R-2771347d75f1786f;R-4f0ed0ad3c8b272d;R-9375a5d690384449,merge_all_author_match,R-2771347d75f1786f+R-4f0ed0ad3c8b272d+R-9375a5d690384449,3,1,R-2771347d75f1786f:R-4f0ed0ad3c8b272d=1.000;R-2771347d75f1786f:R-9375a5d690384449=1.000;R-4f0ed0ad3c8b272d:R-9375a5d690384449=1.000,same normalized title/year and pairwise author overlap >= 0.75,"Generated from local title, year, author, venue, DOI, and provenance fields."
MR-1007,R-f8188a7f60dcde1b;R-fb4669b4cf379181,merge_all_author_match,R-f8188a7f60dcde1b+R-fb4669b4cf379181,2,1,R-f8188a7f60dcde1b:R-fb4669b4cf379181=1.000,same normalized title/year and pairwise author overlap >= 0.75,"Generated from local title, year, author, venue, DOI, and provenance fields."
MR-1008,R-11e40e2c05b99cfd;R-ef84ce9beb86fd1b,merge_all_author_match,R-11e40e2c05b99cfd+R-ef84ce9beb86fd1b,2,1,R-11e40e2c05b99cfd:R-ef84ce9beb86fd1b=1.000,same normalized title/year and pairwise author overlap >= 0.75,"Generated from local title, year, author, venue, DOI, and provenance fields."
MR-1009,R-71a867b4c03f7e8e;R-d4522d25452fbd62,merge_all_author_match,R-71a867b4c03f7e8e+R-d4522d25452fbd62,2,1,R-71a867b4c03f7e8e:R-d4522d25452fbd62=1.000,same normalized title/year and pairwise author overlap >= 0.75,"Generated from local title, year, author, venue, DOI, and provenance fields."
MR-1010,R-43aa1a83affb27e7;R-feda5347664fb9a5,merge_all_author_match,R-43aa1a83affb27e7+R-feda5347664fb9a5,2,1,R-43aa1a83affb27e7:R-feda5347664fb9a5=1.000,same normalized title/year and pairwise author overlap >= 0.75,"Generated from local title, year, author, venue, DOI, and provenance fields."
MR-1011,R-bcc70c20b3eb7db1;R-ea89871330d476e5,merge_all_author_match,R-bcc70c20b3eb7db1+R-ea89871330d476e5,2,1,R-bcc70c20b3eb7db1:R-ea89871330d476e5=1.000,same normalized title/year and pairwise author overlap >= 0.75,"Generated from local title, year, author, venue, DOI, and provenance fields."
MR-1012,R-8afe7f8b13d09e76;R-decfd717b700fa7a,merge_all_author_match,R-8afe7f8b13d09e76+R-decfd717b700fa7a,2,1,R-8afe7f8b13d09e76:R-decfd717b700fa7a=1.000,same normalized title/year and pairwise author overlap >= 0.75,"Generated from local title, year, author, venue, DOI, and provenance fields."
MR-1013,R-28fb5c8e74f73099;R-df77d6393f7e1a78,merge_all_author_match,R-28fb5c8e74f73099+R-df77d6393f7e1a78,2,1,R-28fb5c8e74f73099:R-df77d6393f7e1a78=1.000,same normalized title/year and pairwise author overlap >= 0.75,"Generated from local title, year, author, venue, DOI, and provenance fields."
MR-1014,R-935c71b73d135816;R-a1a60a830cb7b63b,merge_all_author_match,R-935c71b73d135816+R-a1a60a830cb7b63b,2,1,R-935c71b73d135816:R-a1a60a830cb7b63b=1.000,same normalized title/year and pairwise author overlap >= 0.75,"Generated from local title, year, author, venue, DOI, and provenance fields."
MR-1015,R-3928407f7a35319d;R-d08fd515b36b8e44,merge_all_author_match,R-3928407f7a35319d+R-d08fd515b36b8e44,2,1,R-3928407f7a35319d:R-d08fd515b36b8e44=1.000,same normalized title/year and pairwise author overlap >= 0.75,"Generated from local title, year, author, venue, DOI, and provenance fields."
MR-1016,R-9d780522ee2335dd;R-fb0c3557854d0a35,merge_all_author_match,R-9d780522ee2335dd+R-fb0c3557854d0a35,2,1,R-9d780522ee2335dd:R-fb0c3557854d0a35=1.000,same normalized title/year and pairwise author overlap >= 0.75,"Generated from local title, year, author, venue, DOI, and provenance fields."
MR-1017,R-6ce1bb16ed2b96f2;R-b4522c0daa76ba70,merge_all_author_match,R-6ce1bb16ed2b96f2+R-b4522c0daa76ba70,2,1,R-6ce1bb16ed2b96f2:R-b4522c0daa76ba70=1.000,same normalized title/year and pairwise author overlap >= 0.75,"Generated from local title, year, author, venue, DOI, and provenance fields."
MR-1018,R-46f481ade14ddf23;R-8c45439f2eb779e8,merge_all_author_match,R-46f481ade14ddf23+R-8c45439f2eb779e8,2,1,R-46f481ade14ddf23:R-8c45439f2eb779e8=1.000,same normalized title/year and pairwise author overlap >= 0.75,"Generated from local title, year, author, venue, DOI, and provenance fields."
MR-1019,R-7cef590a67ba8caf;R-8c6a4233b8afd5d0,merge_all_author_match,R-7cef590a67ba8caf+R-8c6a4233b8afd5d0,2,1,R-7cef590a67ba8caf:R-8c6a4233b8afd5d0=1.000,same normalized title/year and pairwise author overlap >= 0.75,"Generated from local title, year, author, venue, DOI, and provenance fields."
MR-1020,R-a65072ad27e02303;R-c47c848ac9ef8c12,merge_all_author_match,R-a65072ad27e02303+R-c47c848ac9ef8c12,2,1,R-a65072ad27e02303:R-c47c848ac9ef8c12=1.000,same normalized title/year and pairwise author overlap >= 0.75,"Generated from local title, year, author, venue, DOI, and provenance fields."
MR-1021,R-0ab261c4fdaaf9e9;R-36a5e266c81d9a2f;R-ce4dade3fa3ff29c,merge_all_author_match,R-0ab261c4fdaaf9e9+R-36a5e266c81d9a2f+R-ce4dade3fa3ff29c,3,1,R-0ab261c4fdaaf9e9:R-36a5e266c81d9a2f=1.000;R-0ab261c4fdaaf9e9:R-ce4dade3fa3ff29c=1.000;R-36a5e266c81d9a2f:R-ce4dade3fa3ff29c=1.000,same normalized title/year and pairwise author overlap >= 0.75,"Generated from local title, year, author, venue, DOI, and provenance fields."
MR-1022,R-44f71998495a8bb7;R-9bf638afda07f4d2,merge_all_author_match,R-44f71998495a8bb7+R-9bf638afda07f4d2,2,1,R-44f71998495a8bb7:R-9bf638afda07f4d2=1.000,same normalized title/year and pairwise author overlap >= 0.75,"Generated from local title, year, author, venue, DOI, and provenance fields."
MR-1023,R-3c21f33589d5e08d;R-7c7aff67ff584af4,merge_all_author_match,R-3c21f33589d5e08d+R-7c7aff67ff584af4,2,1,R-3c21f33589d5e08d:R-7c7aff67ff584af4=1.000,same normalized title/year and pairwise author overlap >= 0.75,"Generated from local title, year, author, venue, DOI, and provenance fields."
MR-1024,R-376cc0c40ea9aaab;R-4232924cd790c663,merge_all_author_match,R-376cc0c40ea9aaab+R-4232924cd790c663,2,1,R-376cc0c40ea9aaab:R-4232924cd790c663=1.000,same normalized title/year and pairwise author overlap >= 0.75,"Generated from local title, year, author, venue, DOI, and provenance fields."
MR-1025,R-614abf5d07332b91;R-cbc790e49896e723,merge_all_author_match,R-614abf5d07332b91+R-cbc790e49896e723,2,1,R-614abf5d07332b91:R-cbc790e49896e723=1.000,same normalized title/year and pairwise author overlap >= 0.75,"Generated from local title, year, author, venue, DOI, and provenance fields."
MR-1026,R-327e3e54a1622c65;R-c840f8aa9c9f6bd7,merge_all_author_match,R-327e3e54a1622c65+R-c840f8aa9c9f6bd7,2,1,R-327e3e54a1622c65:R-c840f8aa9c9f6bd7=1.000,same normalized title/year and pairwise author overlap >= 0.75,"Generated from local title, year, author, venue, DOI, and provenance fields."
MR-1027,R-305495075064dd64;R-fc1b3fc3a3120718,merge_all_author_match,R-305495075064dd64+R-fc1b3fc3a3120718,2,1,R-305495075064dd64:R-fc1b3fc3a3120718=1.000,same normalized title/year and pairwise author overlap >= 0.75,"Generated from local title, year, author, venue, DOI, and provenance fields."
MR-1028,R-361cac470479f774;R-b9698347be1e4f2e;R-c06c4412b488b13a,merge_all_author_match,R-361cac470479f774+R-b9698347be1e4f2e+R-c06c4412b488b13a,3,1,R-361cac470479f774:R-b9698347be1e4f2e=1.000;R-361cac470479f774:R-c06c4412b488b13a=1.000;R-b9698347be1e4f2e:R-c06c4412b488b13a=1.000,same normalized title/year and pairwise author overlap >= 0.75,"Generated from local title, year, author, venue, DOI, and provenance fields."
MR-1029,R-1f74ce3b62a03960;R-a94b130b2026df59,merge_all_author_match,R-1f74ce3b62a03960+R-a94b130b2026df59,2,1,R-1f74ce3b62a03960:R-a94b130b2026df59=1.000,same normalized title/year and pairwise author overlap >= 0.75,"Generated from local title, year, author, venue, DOI, and provenance fields."
MR-1030,R-93a3d70d4339cbdf;R-ac66d131bea2c8d5,merge_all_author_match,R-93a3d70d4339cbdf+R-ac66d131bea2c8d5,2,1,R-93a3d70d4339cbdf:R-ac66d131bea2c8d5=0.750,same normalized title/year and pairwise author overlap >= 0.75,"Generated from local title, year, author, venue, DOI, and provenance fields."
MR-1031,R-75f4f03ef2615c33;R-d765355f834312d3,merge_all_author_match,R-75f4f03ef2615c33+R-d765355f834312d3,2,1,R-75f4f03ef2615c33:R-d765355f834312d3=1.000,same normalized title/year and pairwise author overlap >= 0.75,"Generated from local title, year, author, venue, DOI, and provenance fields."
MR-1032,R-baaf3aa45e12687f;R-e3b743a9d2310e34,merge_all_author_match,R-baaf3aa45e12687f+R-e3b743a9d2310e34,2,1,R-baaf3aa45e12687f:R-e3b743a9d2310e34=1.000,same normalized title/year and pairwise author overlap >= 0.75,"Generated from local title, year, author, venue, DOI, and provenance fields."
MR-1033,R-2117ec95f179910a;R-d2c0eb090712d079,merge_all_author_match,R-2117ec95f179910a+R-d2c0eb090712d079,2,1,R-2117ec95f179910a:R-d2c0eb090712d079=1.000,same normalized title/year and pairwise author overlap >= 0.75,"Generated from local title, year, author, venue, DOI, and provenance fields."
MR-1034,R-ad35c2e64d6bcd8c;R-c7f175245ddd8e7b,merge_all_author_match,R-ad35c2e64d6bcd8c+R-c7f175245ddd8e7b,2,1,R-ad35c2e64d6bcd8c:R-c7f175245ddd8e7b=1.000,same normalized title/year and pairwise author overlap >= 0.75,"Generated from local title, year, author, venue, DOI, and provenance fields."
MR-1035,R-0c1ee1f057bae3b2;R-4c4a1bc97a54d37c;R-edd0928553a6beec,merge_all_author_match,R-0c1ee1f057bae3b2+R-4c4a1bc97a54d37c+R-edd0928553a6beec,3,1,R-0c1ee1f057bae3b2:R-4c4a1bc97a54d37c=1.000;R-0c1ee1f057bae3b2:R-edd0928553a6beec=1.000;R-4c4a1bc97a54d37c:R-edd0928553a6beec=1.000,same normalized title/year and pairwise author overlap >= 0.75,"Generated from local title, year, author, venue, DOI, and provenance fields."
MR-1036,R-2ef5e9719ae4719e;R-3068b970d7c9f1a9,merge_all_author_match,R-2ef5e9719ae4719e+R-3068b970d7c9f1a9,2,1,R-2ef5e9719ae4719e:R-3068b970d7c9f1a9=1.000,same normalized title/year and pairwise author overlap >= 0.75,"Generated from local title, year, author, venue, DOI, and provenance fields."
MR-1037,R-219d5d677798d1ce;R-c1010404a16c29bb,merge_all_author_match,R-219d5d677798d1ce+R-c1010404a16c29bb,2,1,R-219d5d677798d1ce:R-c1010404a16c29bb=1.000,same normalized title/year and pairwise author overlap >= 0.75,"Generated from local title, year, author, venue, DOI, and provenance fields."
MR-1038,R-1aad20984406f601;R-2ee7e9d241efdd1d;R-57a67549f06b4400;R-e7fd7f5d9bcbdebf,merge_all_author_match,R-1aad20984406f601+R-2ee7e9d241efdd1d+R-57a67549f06b4400+R-e7fd7f5d9bcbdebf,4,1,R-1aad20984406f601:R-2ee7e9d241efdd1d=1.000;R-1aad20984406f601:R-57a67549f06b4400=1.000;R-1aad20984406f601:R-e7fd7f5d9bcbdebf=1.000;R-2ee7e9d241efdd1d:R-57a67549f06b4400=1.000;R-2ee7e9d241efdd1d:R-e7fd7f5d9bcbdebf=1.000;R-57a67549f06b4400:R-e7fd7f5d9bcbdebf=1.000,same normalized title/year and pairwise author overlap >= 0.75,"Generated from local title, year, author, venue, DOI, and provenance fields."
MR-1039,R-39f65d110e96916a;R-89a16620ce837f41,merge_all_author_match,R-39f65d110e96916a+R-89a16620ce837f41,2,1,R-39f65d110e96916a:R-89a16620ce837f41=1.000,same normalized title/year and pairwise author overlap >= 0.75,"Generated from local title, year, author, venue, DOI, and provenance fields."
MR-1040,R-513cd373db55cec4;R-d0d0a7489849599a,merge_all_author_match,R-513cd373db55cec4+R-d0d0a7489849599a,2,1,R-513cd373db55cec4:R-d0d0a7489849599a=1.000,same normalized title/year and pairwise author overlap >= 0.75,"Generated from local title, year, author, venue, DOI, and provenance fields."
MR-1041,R-9ac7d366eea7f7c2;R-f204c24f31c9db8e,merge_all_author_match,R-9ac7d366eea7f7c2+R-f204c24f31c9db8e,2,1,R-9ac7d366eea7f7c2:R-f204c24f31c9db8e=1.000,same normalized title/year and pairwise author overlap >= 0.75,"Generated from local title, year, author, venue, DOI, and provenance fields."
MR-1042,R-3ef422133da7e596;R-77b8f91a6c9203fd,merge_all_author_match,R-3ef422133da7e596+R-77b8f91a6c9203fd,2,1,R-3ef422133da7e596:R-77b8f91a6c9203fd=1.000,same normalized title/year and pairwise author overlap >= 0.75,"Generated from local title, year, author, venue, DOI, and provenance fields."
MR-1043,R-75c1cc9dd02edb9b;R-83bfd172053411e0,merge_all_author_match,R-75c1cc9dd02edb9b+R-83bfd172053411e0,2,1,R-75c1cc9dd02edb9b:R-83bfd172053411e0=1.000,same normalized title/year and pairwise author overlap >= 0.75,"Generated from local title, year, author, venue, DOI, and provenance fields."
MR-1044,R-307f33ea9bc4954b;R-e9fe481835051233,merge_all_author_match,R-307f33ea9bc4954b+R-e9fe481835051233,2,1,R-307f33ea9bc4954b:R-e9fe481835051233=1.000,same normalized title/year and pairwise author overlap >= 0.75,"Generated from local title, year, author, venue, DOI, and provenance fields."
MR-1045,R-18dbadc93c92f87e;R-2aff8b5e2c8df830;R-c7541d189daee7bc,merge_all_author_match,R-18dbadc93c92f87e+R-2aff8b5e2c8df830+R-c7541d189daee7bc,3,1,R-18dbadc93c92f87e:R-2aff8b5e2c8df830=1.000;R-18dbadc93c92f87e:R-c7541d189daee7bc=1.000;R-2aff8b5e2c8df830:R-c7541d189daee7bc=1.000,same normalized title/year and pairwise author overlap >= 0.75,"Generated from local title, year, author, venue, DOI, and provenance fields."
MR-1046,R-44b53f6036810a0a;R-8169ab3c638bb750,merge_all_author_match,R-44b53f6036810a0a+R-8169ab3c638bb750,2,1,R-44b53f6036810a0a:R-8169ab3c638bb750=1.000,same normalized title/year and pairwise author overlap >= 0.75,"Generated from local title, year, author, venue, DOI, and provenance fields."
MR-1047,R-be048294aeecbdb8;R-d67a6d19153862ae,merge_all_author_match,R-be048294aeecbdb8+R-d67a6d19153862ae,2,1,R-be048294aeecbdb8:R-d67a6d19153862ae=1.000,same normalized title/year and pairwise author overlap >= 0.75,"Generated from local title, year, author, venue, DOI, and provenance fields."
MR-1048,R-04b44bc076b08047;R-2d0751066ad3dfdb;R-4b983739d2e03a6d,merge_all_author_match,R-04b44bc076b08047+R-2d0751066ad3dfdb+R-4b983739d2e03a6d,3,1,R-04b44bc076b08047:R-2d0751066ad3dfdb=1.000;R-04b44bc076b08047:R-4b983739d2e03a6d=1.000;R-2d0751066ad3dfdb:R-4b983739d2e03a6d=1.000,same normalized title/year and pairwise author overlap >= 0.75,"Generated from local title, year, author, venue, DOI, and provenance fields."
MR-1049,R-2791e4b32809e26f;R-7647d38f3973fc4c,merge_all_author_match,R-2791e4b32809e26f+R-7647d38f3973fc4c,2,1,R-2791e4b32809e26f:R-7647d38f3973fc4c=1.000,same normalized title/year and pairwise author overlap >= 0.75,"Generated from local title, year, author, venue, DOI, and provenance fields."
MR-1050,R-9471088be75d9698;R-f6c2804d3676953c,merge_all_author_match,R-9471088be75d9698+R-f6c2804d3676953c,2,1,R-9471088be75d9698:R-f6c2804d3676953c=1.000,same normalized title/year and pairwise author overlap >= 0.75,"Generated from local title, year, author, venue, DOI, and provenance fields."
MR-1051,R-19d294ed284a571d;R-6dedbaf1864b5ffc,merge_all_author_match,R-19d294ed284a571d+R-6dedbaf1864b5ffc,2,1,R-19d294ed284a571d:R-6dedbaf1864b5ffc=1.000,same normalized title/year and pairwise author overlap >= 0.75,"Generated from local title, year, author, venue, DOI, and provenance fields."
