wave_rank,shortlist_rank,selection_stage,priority_rank,record_id,doi,title,year,venue,authors,abstract,source_databases,query_ids,abstract_available,abstract_screen_confidence,abstract_screen_basis,priority_score,core_score,fruit_score,oil_palm_score,instance_score,review_score,transfer_score,penalty_score,priority_tier,priority_bucket,priority_reason,priority_penalties,rule_version,review_status,retrieval_status,ledger_decision,ledger_review_order
1,1,quota:oil_palm_direct,1,M-6b0be7fade421819,10.1016/j.dib.2026.112990,SawitMVC: A multi-view oil palm fruit bunch dataset for detection and counting,2026,Data in Brief,"Indriani, Fatma (57215665392); Saputro, Setyo Wahyu (58958396800); Muttaqin, Muhammad Zainal (60439234000); Rahmi, Alia (57962559500); Saragih, Triando Hamonangan (57202789655); Budianoor, Rahmat (60624699500); Hartoni (60414064200); Kartini, Dwi (58022883100); Said, Naufal (60705184800)","Oil palm ( Elaeis guineensis ) plantation yield is estimated periodically through the Black Bunch Census (BBC), a field practice in which trained staff count and classify fruit bunches to project output for the coming months. Photographing each tree from multiple positions captures all visible bunches but introduces a cross-view deduplication problem: the same bunch appears in several images, and naive summation of detections far exceeds the true unique count. No publicly available oil palm dataset addresses this problem with annotated ground truth. SawitMVC contains 3,992 smartphone images of 953 oil palm trees collected from two commercial plantations in Kabupaten Tanah Laut, Kalimantan, Indonesia (DAMIMAS plantation: 854 trees; LONSUM plantation: 99 trees), each photographed from four sides at 90-degree intervals or eight sides at 45-degree intervals. Bunches are annotated across four BBC maturity classes by estimated months until harvest: B1 (≤1 month), B2 (∼2 months), B3 (∼3 months), and B4 (∼4 months), in YOLO bounding box format for detection and classification tasks. A separate per-tree JSON ground truth layer records 9,823 unique bunches with their cross-view appearance links, supporting direct evaluation of counting algorithms independently of detection performance.",Scopus;OpenAlex,Q1;Q2;Q4;Q6;Q7,yes,medium,"retain because of mechanism signal: target-specific detection, segmentation, tracking, or counting; full-text review required",281,122,64,54,18,12,0,0,B,oil_palm_direct,unique inventory; duplicate resolution; cross-view association; counting or inventory; oil-palm target; ripeness or variety attribute; fruit target; horticultural setting,,priority-v1.0-title-abstract-scored-diversified,needs_manual_retrieval,not_found_or_restricted,pending,70
2,4,quota:fruit_multiview_or_3d,4,R-062fd4abeac79a2c,10.1016/j.inpa.2025.02.005,Assessment of the tomato cluster yield estimation algorithms via tracking-by-detection approaches,2025,Information Processing in Agriculture,"Qi, Zhongxian (58196719000); Zhang, Tianxue (57164159800); Yuan, Ting (57205195453); Zhou, Wei (57899683700); Zhang, Wenqiang (35217009900)","• A database with more than 165,172 tomato cluster instances was built for tracking. • Two SOTA real-time object detection algorithms were compared. • Motion tracking and appearance tracking algorithms were compared in MOT datasets. • MOT trackers were compared by reducing the frame rate of the camera. Automated vision-based detection and counting are critical for accurate tomato yield estimation, which contribute to precise yield management strategies and an efficient food supply chains. Special conditions, including background clutter, occlusion, and varying sunlight, affect the accuracy of crop detection and counting. To determine the most suitable algorithms for this yield estimation context, we herein establish a public multi-object tracking (MOT) dataset for tomato cluster counts, while evaluating and comparing state-of-the-art target detection and MOT-based algorithms. The evaluated detectors consist of YOLOv8 and RT-DETR, which represent algorithms that achieve a balance between accuracy and speed. The tracking algorithms included state-of-the-art methodologies such as SORT, DeepSort, ByteTrack, and BotSort. Initially, the performance of the detectors was rigorously evaluated, followed by a comprehensive assessment of the four tracking algorithms within a multi-target tracking database tailored for this research and structured in the MOT context. The findings reveal that YOLOv8 and RT-DETR achieve 93.6% and 94.9% results at mAP@75, respectively, with RT-DETR exhibiting fewer false detections. When combined with the RT-DETR detector, the ByteTrack-based algorithm registers the highest counting accuracy at 95.5%, whereas BotSort achieves the highest MOTA score with 84.6%. Notably, the trackers without the ReID module (i.e., SORT and ByteTrack) demonstrate greater adaptability to frame rate variations in the test videos. At a 30-fps frame rate, the incorporation of ReID modules in DeepSort and BotSort algorithms significantly enhances the MOTA metric. Looking ahead, we plan to leverage these algorithms into an autonomous inspection platform that aims to estimate crop yield in real-time.",Scopus;OpenAlex,Q1;Q7,yes,medium,retain because of mechanism signal: object or instance perception; full-text review required,231,79,54,0,23,36,28,0,B,fruit_multiview_or_3d,re-identification; tracking identity; counting or inventory; fruit target; fruit instance operation; instance perception; quantitative evaluation; prior review,,priority-v1.0-title-abstract-scored-diversified,needs_manual_retrieval,not_found_or_restricted,pending,1437
3,6,quota:transfer_mechanism,6,M-6e180cda3c4e3522,10.24385/lincoln.32982638,AGHRI: A dataset for multimodal robot perception of humans in agricultural and off-road environments,2026,Lincoln repository,Leonardo Guevara; Prabuddhi Wariyapperuma; Zhuoling Huang; Hai Vu,"AGHRI is a multimodal dataset for robot perception of humans in agricultural and off-road environments. AGHRI provides synchronized RGB, depth, fisheye, and 3D LiDAR data collected with a compact mobile robot across diverse settings, including strawberry polytunnels, vineyards, footpaths, and farmsides, under variable lighting and weather conditions. AGHRI comprises 65 sequences totalling 27.4 minutes of multimodal robot sensor data, including 138,741 camera image frames and 13,963 LiDAR frames, with 154,002 annotated 2D human bounding boxes, 27,311 annotated 3D human bounding boxes, 454 camera-specific 2D tracks, and 136 3D tracks. The dataset includes challenging multi-person and occlusion-rich interactions and provides frame-level 2D and 3D annotations with consistent human identities to support 2D/3D detection and tracking tasks.The AGHRI dataset is divided into 10 ZIP archives (from dataset_part1.zip to dataset_part10.zip), each containing multiple data subfolders. Within each data subfolder, the extracted multimodal sensor observations are stored alongside their corresponding annotations and metadata. Sensor calibration files are stored separately in a shared calibration folder (calibration.zip). In addition, an occlusion annotation file (occlusion_log.csv) is provided at the dataset root level, together with a dataset summary file (dataset_summary.csv) that describes the contents of each data subfolder and indicates the ZIP archive to which it belongs. This organization allows users to selectively download only the ZIP archives relevant to their needs, rather than downloading the entire dataset.AGHRI dataset is accompanied by a set of conversion and utility tools that support common perception workflows/formats, including YOLO, COCO, KITTI, MMDetection, MOT, and ROS 2. The code for the conversion and utility tools can be found at https://github.com/LCAS/AGHRI-dataset-toolsFinally, to complement the dataset, we provide benchmark analyses for 2D/3D human detection, 2D/3D multi-object tracking, and person re-identification. These benchmarks enable the systematic evaluation of state-of-the-art methods and facilitate the assessment of cross-domain generalisation to agricultural and off-road human-sensing environments. The implementation code and evaluation protocols used in the benchmark analyses are available at https://github.com/LCAS/AGHRI-dataset-benchmark.",OpenAlex,Q3,yes,medium,retain because of mechanism signal: object or instance perception; full-text review required,229,89,30,0,18,36,48,0,D,transfer_mechanism,re-identification; tracking identity; depth or point cloud; fruit target; instance perception; prior review; benchmark or dataset; transfer identity mechanism,,priority-v1.0-title-abstract-scored-diversified,pending,pending,pending,7385
4,7,quota:transfer_mechanism,7,R-624c07b4c09481dc,10.1109/iccvw69036.2025.00558,DepthTrack: Cluster Meets BEV for Multi-Camera Multi-Target 3D Tracking,2025,"Proceedings - 2025 IEEE/CVF International Conference on Computer Vision Workshops, ICCV-W 2025","Tran, Tai Huu-Phuong (58835819100); Tran, Duong Nguyen-Ngoc (57196243655); Huynh, Ngoc Doan-Minh (59367761800); Tran, Chi Dai (57670632700); Pham, Long Hoang (56719255100); Ho, Quoc Pham-Nam (59368558700); Nguyen, Huy-Hung (58594220200); Vu, Duong Khac (58001759300); Jeon, Hyung-Min (57202455298); Jeon, Hyung-Joon (57207104383); Phan, Son Hong (58001116100); Khanh, Trinh Le Ba (57218829353); Jeont, Jae Wook (60569078000)","Object perception using multi-view cameras is essential for intelligent systems operating in indoor environments such as warehouses, retail stores, and hospitals. Traditional multi-target multi-camera (MTMC) detection and tracking approaches typically depend on 2D object detection and single-view multi-object tracking (MOT), without properly exploiting 3D spatial information. While point cloud-based 3D detection models offer high accuracy, their adoption is hindered by expensive deployment requirements. Besides, most existing MTMC tracking methods are designed for daytime scenarios, neglecting the challenge posed by lowlight conditions. In this paper, we introduce DepthTrack, a novel MTMC tracking framework for all-day tracking without requiring high-precision 3D sensors to produce 3D bounding boxes. At the core of DepthTrack is our Tracklet-Cluster Mapping (TCM) strategy, which seamlessly integrates 3D object clusters with bird's-eye view (BEV) tracklets to achieve robust 3D tracking. Experiments conducted on the AICity'25 dataset validate the strong generalization of DepthTrack across diverse lighting conditions. In the 2025 AI City Challenge Track 1, our team secured the second position with an accuracy (HOTA) of 63.1396. The code will be released at https://github.com/SKKUAutoLab/AIC25_Track_01",Scopus;OpenAlex,Q2,yes,medium,retain because of mechanism signal: object or instance perception; full-text review required,227,79,54,0,23,12,48,0,D,transfer_mechanism,cross-view association; tracking identity; depth or point cloud; fruit target; fruit instance operation; instance perception; quantitative evaluation; benchmark or dataset,,priority-v1.0-title-abstract-scored-diversified,pending,pending,pending,2287
5,10,quota:fruit_multiview_or_3d,10,M-131e746397967c56,10.5281/zenodo.17969390,SEEmear: High-Resolution Georeferenced Proximal RGB-D Data for Niagara Grapes in the Field,2025,Zenodo (CERN European Organization for Nuclear Research),"Teixeira Santos, Thiago; Koenigkan, Luciano; Bharti, Dheeraj; Gebler, Luciano","This dataset contains high-resolution geo-referenced RGB-D data collected in vineyards using the SEEmear proximal sensing system. The data were acquired at farms in São Miguel Arcanjo, São Paulo, Brazil, during field tests conducted in December 2025. Data Collection System The SEEmear integrates stereo cameras (ZED X, Stereolabs Inc.) with high-resolution global shutter sensors (1920 × 1200 pixels), wide-angle lenses, and integrated IMUs, mounted on a mobile platform. The system includes RTK-GNSS positioning (Reach M2 rover and Reach RS3 base station) for centimeter-level accuracy, enabling precise georeferencing of all captured data. Dataset Contents RGB-D stereo images at 30 fps IMU measurements synchronized with camera frames RTK GNSS positioning data GPS time synchronization for temporal consistency Applications This dataset supports research in precision agriculture, plant phenotyping, and agricultural robotics, including fruit detection and counting, 3D reconstruction and mapping, trunk and canopy structure analysis, SLAM algorithm development, and multi-view stereo reconstruction. Data Format Complete RGB-D camera footage with associated IMU readings (SVO2 files) and geo-referenced positioning data (POS), enabling accurate 3D point cloud generation and temporal mapping of vineyard structures with sub-centimeter resolution. For reading SVO2 data, users should use Stereolabs' ZED SDK, available free of charge.",OpenAlex,Q1;Q3,yes,medium,"retain because of mechanism signal: target-specific detection, segmentation, tracking, or counting; full-text review required",219,88,40,0,23,12,48,0,B,fruit_multiview_or_3d,cross-view association; 3D reconstruction; depth or point cloud; counting or inventory; fruit target; horticultural setting; instance perception; quantitative evaluation,,priority-v1.0-title-abstract-scored-diversified,needs_manual_retrieval,not_found_or_restricted,pending,522
6,11,quota:fruit_multiview_or_3d,11,M-d0cffa18f757c714,10.5281/zenodo.17750202,SEEmear: high-resolution georeferenced RGB-D data from apple orchard under palmette training system,2025,Zenodo (CERN European Organization for Nuclear Research),"Brazilian Agricultural Research Corporation; Teixeira Santos, Thiago; Koenigkan, Luciano; Bharti, Dheeraj","This dataset contains high-resolution georeferenced RGB-D data collected from apple orchards using the SEEmear proximal sensing system. The data was acquired at Embrapa's Temperate Climate Fruit Growing Experimental Station (EFCT) in Vacaria, Rio Grande do Sul, Brazil, during field tests conducted in March 2025. Data Collection System: SEEmear integrates stereo cameras (ZED X, Stereolabs Inc.) with high-resolution global-shutter sensors (1920 × 1200 pixels), wide-angle lenses, and integrated IMUs, mounted on a mobile platform. The system includes RTK-GNSS positioning (Reach M2 rover and Reach RS3 base station) for centimeter-level accuracy, enabling precise georeferencing of all captured data. Dataset Contents: RGB-D stereo imagery at 30 fps IMU measurements synchronized with camera frames GNSS RTK positioning data GPS time synchronization for temporal consistency Orchard Characteristics: Apple cultivars: Fuji Training systems: palmette Camera-to-tree distance: 1.0-1.5 meters Data acquisition speed: approximately 5 km/h Applications: This dataset supports research in precision agriculture, plant phenotyping, and agricultural robotics, including: fruit detection and counting, 3D reconstruction and mapping, trunk and canopy structure analysis, SLAM algorithm development, and multi-view stereo reconstruction. Data Format: Complete RGB-D camera footage with associated IMU readings (SVO2 files) and georeferenced positioning data (POS), enabling accurate 3D point cloud generation and temporal mapping of orchard structures at sub-centimeter resolution. For reading data from SVO2, users should use the freely available Stereolabs ZED SDK.",OpenAlex,Q1;Q3,yes,medium,"retain because of mechanism signal: target-specific detection, segmentation, tracking, or counting; full-text review required",219,88,40,0,23,12,48,0,B,fruit_multiview_or_3d,cross-view association; 3D reconstruction; depth or point cloud; counting or inventory; fruit target; horticultural setting; instance perception; quantitative evaluation,,priority-v1.0-title-abstract-scored-diversified,needs_manual_retrieval,not_found_or_restricted,pending,526
7,12,quota:fruit_multiview_or_3d,12,R-74aceb0b2fa24bac,10.18174/681804,From perception to phenotyping: drone-based simultaneous localization and mapping for precision woody crop management,2026,,Kaiwen Wang,"Global agriculture increasingly requires production systems that can deliver higher efficiency, lower environmental impact, and more precise management under conditions of labor scarcity, climate variability, and sustainability pressure. In perennial woody crop systems such as orchards and vineyards, this requires spatially consistent information at plant and fruit level. This thesis, From Perception to Phenotyping: Drone-based Simultaneous Localization and Mapping for Precision Woody Crop Management, advances UAV-based monocular SLAM and 3D perception methods for robust, semantically meaningful mapping in complex agricultural environments.The thesis first reviews the state of UAV-based SLAM in outdoor environments through a systematic scoping review of 97 studies published between 2003 and 2022. The review shows that existing research is largely algorithm-oriented and often evaluated in urban or simulated environments, while agricultural scenarios and field-based benchmarking remain underrepresented. Building on these gaps, the thesis benchmarks monocular UAV-based localization and mapping methods in vineyards, comparing Structure-from-Motion, ORB-SLAM3, and DROID-SLAM under different flight patterns, viewing geometries, and illumination conditions. Results demonstrate that deep learning-based SLAM can substantially improve positional accuracy and point cloud resolution compared with feature-based SLAM, whereas feature-based methods remain advantageous for real-time efficiency.The thesis then moves from geometric reconstruction toward semantic and instance-aware mapping by proposing a UAV-based monocular panoptic mapping framework for apple orchards. By integrating Grounded-SAM2 for instance segmentation and tracking, Structure-from-Motion for multi-view reconstruction, and DeepSDF for implicit fruit shape completion, the framework enables sparse-view 3D reconstruction of individual fruits within orchard scenes. This demonstrates the potential of linking UAV-based spatial mapping with fruit-level phenotyping despite occlusions and partial observations.Finally, the thesis addresses visual SLAM robustness in agrivoltaic orchards, where photovoltaic panels introduce persistent shadows, high contrast, and unstable illumination. A Retinex-based illumination-aware enhancement strategy is investigated to improve localization, mapping, and tree-level phenotypic trait estimation. Results indicate reduced absolute pose error and more consistent tree height estimation after enhancement.Overall, this thesis demonstrates that UAV-based monocular SLAM, when combined with semantic perception and shape completion, can bridge the gap between robotic perception and precision orchard phenotyping. The findings contribute to the development of lightweight, flexible, and field-relevant aerial robotic systems for sustainable woody crop management.",OpenAlex,Q2;Q3;Q5,yes,medium,retain because of mechanism signal: object or instance perception; full-text review required,219,76,40,0,23,24,48,0,B,fruit_multiview_or_3d,cross-view association; 3D reconstruction; depth or point cloud; fruit target; horticultural setting; instance perception; quantitative evaluation; prior review,,priority-v1.0-title-abstract-scored-diversified,needs_manual_retrieval,not_found_or_restricted,pending,7657
8,14,quota:fruit_multiview_or_3d,14,R-386be29fc903a185,,Fruit Detection and Tree Segmentation for Yield Mapping in Orchards,2017,The Sydney eScholarship Repository (The University of Sydney),Suchet Bargoti,"Accurate information gathering and processing is critical for precision horticulture, as growers aim to optimise their farm management practices. An accurate inventory of the crop that details its spatial distribution along with health and maturity, can help farmers efficiently target processes such as chemical and fertiliser spraying, crop thinning, harvest management, labour planning and marketing. Growers have traditionally obtained this information by using manual sampling techniques, which tend to be labour intensive, spatially sparse, expensive, inaccurate and prone to subjective biases. Recent advances in sensing and automation for field robotics allow for key measurements to be made for individual plants throughout an orchard in a timely and accurate manner. Farmer operated machines or unmanned robotic platforms can be equipped with a range of sensors to capture a detailed representation over large areas. Robust and accurate data processing techniques are therefore required to extract high level information needed by the grower to support precision farming. This thesis focuses on yield mapping in orchards using image and light detection and ranging (LiDAR) data captured using an unmanned ground vehicle (UGV). The contribution is the framework and algorithmic components for orchard mapping and yield estimation that is applicable to different fruit types and orchard configurations. The framework includes detection of fruits in individual images and tracking them over subsequent frames. The fruit counts are then associated to individual trees, which are segmented from image and LiDAR data, resulting in a structured spatial representation of yield. The first contribution of this thesis is the development of a generic and robust fruit detection algorithm. Images captured in the outdoor environment are susceptible to highly variable external factors that lead to significant appearance variations. Specifically in orchards, variability is caused by changes in illumination, target pose, tree types, etc. The proposed techniques address these issues by using state-of-the-art feature learning approaches for image classification, while investigating the utility of orchard domain knowledge for fruit detection. Detection is performed using both pixel-wise classification of images followed instance segmentation, and bounding-box regression approaches. The experimental results illustrate the versatility of complex deep learning approaches over a multitude of fruit types. The second contribution of this thesis is a tree segmentation approach to detect the individual trees that serve as a standard unit for structured orchard information systems. The work focuses on trellised trees, which present unique challenges for segmentation algorithms due to their intertwined nature. LiDAR data are used to segment the trellis face, and to generate proposals for individual trees trunks. Additional trunk proposals are provided using pixel-wise classification of the image data. The multi-modal observations are fine-tuned by modelling trunk locations using a hidden semi-Markov model (HSMM), within which prior knowledge of tree spacing is incorporated. The final component of this thesis addresses the visual occlusion of fruit within geometrically complex canopies by using a multi-view detection and tracking approach. Single image fruit detections are tracked over a sequence of images, and associated to individual trees or farm rows, with the spatial distribution of the fruit counting forming a yield map over the farm. The results show the advantage of using multi-view imagery (instead of single view analysis) for fruit counting and yield mapping. This thesis includes extensive experimentation in almond, apple and mango orchards, with data captured by a UGV spanning a total of 5 hectares of farm area, over 30 km of vehicle traversal and more than 7,000 trees. The validation of the different processes is performed using manual annotations, which includes",OpenAlex,Q1;Q2;Q3;Q4;Q7,yes,medium,retain because of mechanism signal: object or instance perception; full-text review required,217,64,64,18,23,24,20,0,B,fruit_multiview_or_3d,cross-view association; depth or point cloud; counting or inventory; ripeness or variety attribute; fruit target; horticultural setting; fruit instance operation; instance perception,,priority-v1.0-title-abstract-scored-diversified,needs_manual_retrieval,not_found_or_restricted,pending,2433
9,15,quota:core_identity_or_inventory,15,R-f79247ca29502469,10.1109/tase.2026.3700861,Semantic NeRF-Oriented 3-D Object Counting for Industrial Fruit Harvesting,2026,IEEE Transactions on Automation Science and Engineering,"Wang, Yimo (57424632900); Kang, Bin (55802401800); Liu, Jian (57188882180); Sun, Changyin (35249817500)","Object counting is the core of perception components in the industry system. Nevertheless, real-world occlusion and dense clustering pose significant challenges to fruit harvesting. Existing methods closely rely on physics-agnostic 2D clustering with rigid thresholds, neglecting critical 3D geometric cues in complex scenes. Thus, they suffer from the multi-view double-counting issue. In this paper, we propose a 3D object counting framework that integrates semantic Neural Radiance Fields (NeRF) with a physics-guided adaptive clustering algorithm. In particular, we employ a semantic NeRF to achieve implicit 3D scene reconstruction, which effectively isolates target objects from the background. Based on the semantic NeRF, we introduce a physics-guided adaptive clustering algorithm that exploits physically interpretable features, including surface normals and elevation gradients, for accurate unsupervised point cloud segmentation. Subsequently, an energy function optimization mechanism is utilized to autonomously aggregate multi-dimensional features for dynamically adjusting clustering thresholds, which enables the 3D counting to adapt to diverse fruit morphologies without manual parameter tuning. Extensive experiments on both synthetic and real-world datasets demonstrate the superiority of the proposed framework, which improves counting accuracy by an average of 9.0 percentage points (6.9 pp on synthetic, 7.2 pp on real-world, and 12.9 pp on Fuji) over the state-of-the-art 3-D baseline.",Scopus;OpenAlex,Q1;Q2;Q3,yes,medium,"retain because of mechanism signal: target-specific detection, segmentation, tracking, or counting; full-text review required",211,102,54,0,0,24,20,0,A,core_identity_or_inventory,duplicate resolution; cross-view association; depth or point cloud; counting or inventory; fruit target; fruit instance operation; prior review; transfer geometry mechanism,,priority-v1.0-title-abstract-scored-diversified,needs_manual_retrieval,not_found_or_restricted,pending,1772
10,16,quota:fruit_multiview_or_3d,16,R-c901063b9cc69fc9,10.1016/j.dib.2021.107629,PFuji-Size dataset: A collection of images and photogrammetry-derived 3D point clouds with ground truth annotations for Fuji apple detection and size estimation in field conditions,2021,Data in Brief,"Gené-Mola, Jordi (57208647898); Sanz-Cortiella, Ricardo (37068026200); Rosell-Polo, Joan R. (36839827400); Escolà, Alexandre (15073933600); Gregorio, Eduard (15834312900)","Borkh. cv. Fuji) scanned at different maturity stages and annotated for fruit detection and size estimation. Structure-from-motion and multi-view stereo techniques were used to generate the 3D point clouds of 6 complete Fuji apple trees containing a total of 615 apples. The resulting point clouds were 3D segmented by identifying the 3D points corresponding to each apple (3D instance segmentation), obtaining a single point cloud for each apple. All segmented apples were labelled with ground truth diameter annotations. Since the data was acquired in field conditions and at different maturity stages, the set includes different fruit diameters -from 26.9 mm to 94.8 mm- and different fruit occlusion percentages due to foliage. In addition, 25 apples were photographed 360° in laboratory conditions, obtaining high resolution 3D point clouds of this sub-set. To the best of the authors' knowledge, this is the first publicly available dataset for apple size estimation in field conditions. This dataset was used to evaluate different fruit size estimation methods in the research article titled ""In-field apple size estimation using photogrammetry-derived 3D point clouds: comparison of 4 different methods considering fruit occlusion"" (Gené-Mola et al., 2021).",Scopus;OpenAlex,Q3;Q4,yes,medium,retain because of mechanism signal: object or instance perception; full-text review required,209,76,54,18,18,12,20,0,B,fruit_multiview_or_3d,cross-view association; 3D reconstruction; depth or point cloud; ripeness or variety attribute; fruit target; fruit instance operation; instance perception; benchmark or dataset,,priority-v1.0-title-abstract-scored-diversified,needs_manual_retrieval,not_found_or_restricted,pending,782
11,17,quota:fruit_multiview_or_3d,17,M-03c2e789df0874ab,10.1016/j.compag.2026.111898,3D reconstruction and segmentation of grape bunches for robotic berry thinning,2026,Computers and Electronics in Agriculture,"Yok-In, Kabin (57423647000); Buayai, Prawit (57193931723); Moeurn, Dear (60565974000); Mao, Xiaoyang (7402841488)","• End-to-end pipeline from neural reconstruction to physical grape berry manipulation. • Efficient point clouds generation using NeRF and the metric scale derived directly from robot kinematics. • RANSAC sphere fitting achieves 92.1% berry detection precision without annotated training data. • Stem-aligned 6-DoF pose optimization improves end-to-end grip success by 17.2%. Table grape thinning requires selective removal of 20–40% of berries from dense clusters. In practice, workers decide which berries to remove by considering both the approximate berry count and local 3D spatial characteristics such as crowding and relative positioning. Automating this task is challenging because conventional 2D image-based approaches suffer from occlusion-related counting errors and lack explicit 3D spatial information necessary for reliable manipulation. We propose a robot-integrated vision pipeline that reconstructs grape bunch structure from posed multi-view RGB images. Neural Radiance Fields (NeRF) is used to learn a volumetric scene representation, from which a dense, low-noise point cloud is extracted via depth back-projection, and RANSAC-based geometric fitting models individual berries and stems, enabling berry-level segmentation and orientation estimation for manipulation planning. The perception pipeline uses an eye-in-hand RealSense D405 camera mounted on a Fanuc CRX-5iA collaborative robot. Camera poses are derived from the robot kinematic chain, allowing the reconstructed point cloud and detected berry centers to be expressed directly in the metric robot base frame without external scale recovery. In robot-mounted RealSense D405 experiments on 10 grape bunches, RANSAC sphere fitting achieved a counting MAE of 0.50 berries, RMSE of 0.71 berries, and mean center localization error of 2.71 mm. On a 52-bunch benchmark, RANSAC sphere fitting outperforms the learning-based SoftGroup++ method for 3D berry instance segmentation (92.1% vs 82.8% average precision) without requiring annotated training data. In 35 manipulation trials, the system achieved an 85.7% pre-grasp reachability rate and an 83.3% conditional target success rate demonstrating an end-to-end pipeline from neural reconstruction to manipulation-ready berry poses.",Scopus;OpenAlex,Q1;Q3;Q7,yes,medium,retain because of mechanism signal: object or instance perception; full-text review required,208,88,54,0,23,12,20,0,B,fruit_multiview_or_3d,cross-view association; 3D reconstruction; depth or point cloud; counting or inventory; fruit target; fruit instance operation; instance perception; quantitative evaluation,,priority-v1.0-title-abstract-scored-diversified,needs_manual_retrieval,not_found_or_restricted,pending,69
12,19,quota:fruit_multiview_or_3d,19,R-0cab1a5987f0175e,10.1109/c366505.2025.11340275,Performance Evaluation of Detection and Tracking Algorithms for Automated Grape Cluster Counting,2025,C3 2025 - IEEE Colombian Caribbean Conference,"Kemper, Ricardo Jesus Huaman (58068884300); Manrique, Pedro Antonio Zamora (60514782200); Rosas, Diego Dustin Herrera (60514782300); Gardini, Sixto Ricardo Prado (57211339556)","The accurate estimation of crop yield is crucial in modern agriculture; however, traditional methods, such as manual counting of grape clusters, often result in errors exceeding 20% and are impractical for large-scale monitoring under variable environmental and climatic conditions. While object detection techniques have been successfully implemented in realworld agricultural scenarios, the integration and performance of multi-object tracking (MOT) algorithms in such dynamic and unstructured environments remains underexplored. This article provides a comparative evaluation of state-of-the-art object detection and tracking methodologies for use in vineyard conditions. Here, two detection methods-YOLOv12 and RF-DETR-were compared in combination with two tracking algorithms-BoTSORT and ByteTrack-to generate four distinct configurations aimed at the automatic counting of grape clusters. Experimental results on a video dataset recorded in agroindustrial vineyards showed that the combination of YOLOv12 with BoT-SORT achieved the highest average relative counting accuracy, with 84.31%. These findings confirm the potential of AI-based techniques for precision agriculture, offering greater accuracy in yield estimation, optimized resource management, and a substantial reduction in reliance on manual labor.",Scopus;OpenAlex,Q1;Q7,yes,medium,retain because of mechanism signal: object or instance perception; full-text review required,201,39,64,0,23,36,28,0,B,fruit_multiview_or_3d,tracking identity; counting or inventory; fruit target; horticultural setting; fruit instance operation; instance perception; quantitative evaluation; prior review,,priority-v1.0-title-abstract-scored-diversified,pending,pending,pending,529
13,20,quota:oil_palm_direct,20,M-f9cf4506accedb95,10.1016/j.atech.2026.102376,Automated oil palm fruit counting using deep learning for reliable yield estimation in natural background,2026,Smart Agricultural Technology,"Hamdani, Hamdani (57203791510); Septiarini, Anindita (56530676100); Syaifudin, Encik Akhmad (58980651400); Nor Gading, Fazri Rahmad (60740571100); Winarno, Edy (56049606100)","Accurate fruit counting is a critical component of yield estimation and harvest planning in oil palm plantations, yet manual counting remains labor-intensive and unreliable due to dense clustering, occlusion, and illumination variability under real field conditions. To address this challenge, this study introduces a density-aware benchmark dataset comprising 539 high-resolution RGB images of oil palm fresh fruit bunches (FFBs) collected in natural plantation environments in East Kalimantan, Indonesia. The dataset includes instance-level bounding-box annotations and captures substantial variability in fruit density, maturity stages, viewing angles, and lighting conditions. Three state-of-the-art deep learning architectures: YOLOv5, YOLOv8, and Mask R-CNN, were comparatively evaluated under a standardized image-level dataset split and common evaluation protocol. Beyond conventional detection metrics, including Precision, Recall, and mAP, a density-level counting analysis was conducted using Mean Absolute Error (MAE) across low-, medium-, and high-density fruit scenarios. Experimental results demonstrate that YOLOv5 achieved the most balanced overall performance, attaining a Precision of 0.963, Recall of 0.946, F1-score of 0.954, and the lowest global counting error, with an MAE of 4.96 fruits per image. YOLOv8 showed competitive detection capability with stable convergence behavior, while Mask R-CNN provided a complementary instance-based comparison but exhibited increased counting variability in high-density conditions. The findings confirm that lightweight one-stage detectors, particularly YOLOv5, offer a robust trade-off between detection accuracy and counting stability for practical deployment in large-scale oil palm plantations. The proposed density-aware benchmark and evaluation framework establish a reproducible foundation for scalable, AI-driven yield estimation in precision palm oil agriculture.",Scopus;OpenAlex,Q4;Q6;Q7,yes,medium,retain because of mechanism signal: object or instance perception; full-text review required,200,12,64,54,23,36,0,0,B,oil_palm_direct,counting or inventory; oil-palm target; ripeness or variety attribute; fruit target; horticultural setting; fruit instance operation; instance perception; quantitative evaluation,,priority-v1.0-title-abstract-scored-diversified,pending,pending,pending,71
14,21,quota:prior_review_or_positioning,21,R-eeb11f1ca8284464,10.1109/access.2024.3419835,Palm Oil Counter: State-of-the-Art Deep Learning Models for Detection and Counting in Plantations,2024,IEEE Access,"Naftali, Martinus Grady (57866665500); Hugo, Gregory (58028586700); Suharjito (55390566600)","Traditional palm oil production methods for evaluating fruit bunches (FFBs) are inefficient, costly, and have limited coverage. This study evaluates the performance of various YOLO models and other state-of-the-art object detection models using a novel dataset of oil palm fresh fruit bunches in plantations, captured in the plantation regions of Central Kalimantan Province, Indonesia. The dataset includes five ripeness classes (abnormal, ripe, underripe, unripe, and flower) and presents challenges such as partially visible objects, low contrast scenes, occluded and small objects, and blurry images. The proposed YOLOv8s Depthwise model was compared with other YOLO models, including YOLOv6s, YOLOv6l, YOLOv7 Tiny, YOLOv7l, YOLOv8s, and YOLOv8l. YOLOv8s Depthwise demonstrated a balanced performance, with a compact size (10.6 MB), fast inference time (0.027 seconds), and strong detection accuracy (mAP50 at 0.75, mAP50-95 at 0.481). Its rapid convergence and low training loss highlighted its efficiency, completing training in the shortest time of 2 hours, 18 minutes, and 30 seconds. Furthermore, it achieved low Mean Absolute Error (MAE) of 0.164 and Root Mean Square Error (RMSE) of 0.4, indicating precise counting capability. Hyperparameter tuning revealed that the YOLOv8s Depthwise model achieved optimal performance using the SGD optimizer with a batch size of 16 and a learning rate of 0.001, showing the best balance between accuracy and training efficiency. Data augmentation positively impacted model performance, resulting in improved performance metrics across various models. When evaluated against other state-of-the-art models on the same dataset, including Faster RCNN, SSD MobileNetV2, YOLOv4, and YOLOv9, YOLOv8s Depthwise surpassed other state-of-the-art models, including Faster R-CNN, SSD MobileNetV2, YOLOv4, and EfficientDet-D0 from previous research, in terms of speed, accuracy, and efficiency, making it ideal for real-time palm oil harvesting applications.",Scopus;OpenAlex,Q4;Q6;Q7,yes,medium,retain because of mechanism signal: object or instance perception; full-text review required,200,12,64,54,23,36,0,0,D,prior_review_or_positioning,counting or inventory; oil-palm target; ripeness or variety attribute; fruit target; horticultural setting; fruit instance operation; instance perception; quantitative evaluation,,priority-v1.0-title-abstract-scored-diversified,pending,pending,pending,1402
15,22,quota:transfer_mechanism,22,R-b4e85e6711322ed3,10.20965/ijat.2026.p0308,Comparison of 3D Point Cloud Acquisition Accuracy in a Large-Scale Japanese Pear Tree Orchard,2026,International Journal of Automation Technology,"Shibata, Kohei (60736212100); Kochi, Nobuo (6602217443); Hamada, Kazutoshi (35240074200)","Practical three-dimensional (3D) phenotyping in large-scale orchards with repetitive row structures remains challenging, and systematic evidence comparing both accuracy and acquisition efficiency under outdoor conditions remains limited. This study presents a field-deployable evaluation framework and implements it in a 2-ha commercial Japanese pear orchard trained under a joint V-trellis system. Using a terrestrial laser scanner (TLS) as the reference, we evaluated two handheld LiDAR systems (a low-cost SLAM-based system and a high-performance system), structure from motion / multi-view stereo (SfM/MVS) reconstructions from three camera platforms (a digital camera, an action camera, and a 360° camera), and 3D Gaussian splatting (3DGS) constructed from action-camera video. Measurements were taken at two spatial scales to capture scale-dependent effects. In the span-scale survey (4 m), location error was derived from TLS-referenced target coordinate differences, and reconstruction error was quantified using cloud-to-mesh distances with cubic targets. In the row-scale survey (one tree row), positional stability during continuous mapping was evaluated as location error. Operational metrics (acquisition time, data volume, and processing effort) were also documented. The results demonstrate clear trade-offs among the methods: LiDAR enables rapid wide-area acquisition but is susceptible to cumulative drift in row-structured environments, whereas SfM/MVS provides superior geometric fidelity at the cost of increased time and data volume. Although 3DGS is less suitable for precise quantitative measurement, it demonstrates strong potential for intuitive visualization of orchard structure and fruit distribution. These findings highlight the need for staged, purpose-specific, and seasonally adaptive strategies for orchard-scale digital twin development.",Scopus;OpenAlex,Q3,yes,medium,retain because of mechanism signal: broad visual target-operation evidence; full-text review required,199,76,40,0,0,24,48,0,D,transfer_mechanism,cross-view association; 3D reconstruction; depth or point cloud; fruit target; horticultural setting; prior review; transfer identity mechanism; transfer geometry mechanism,,priority-v1.0-title-abstract-scored-diversified,pending,pending,pending,2406
16,23,quota:transfer_mechanism,23,R-c7f5a65fd3f978a0,10.18174/681245,Data association for building world models in agriculture,2025,,David Rapado-Rincón,"The agricultural sector faces growing pressure to produce more food with less labor. Robots and automation can help, but agricultural environments are complex, cluttered, and highly dynamic. For a robot to work well in such environments, it needs to understand its surroundings by building an internal representation of the world called a world model. This thesis focuses on advancing symbolic and neuro-symbolic world models, which offer greater interpretability and verifiability compared to purely sub-symbolic approaches. The main challenge addressed is Multi-Object Tracking (MOT), particularly the data association problem, which is essential in a world model for maintaining persistent object identities over time amidst significant occlusion, appearance variation and sensor noise.This research presents a progression of novel MOT methodologies designed for agricultural applications. It begins by establishing a baseline symbolic tracker using Kalman filters and geometric features, demonstrating the inherent limitations of such approaches in cluttered conditions (Chapter 2). To overcome these limitations, a neuro-symbolic method, MinkSORT, is introduced, which leverages sparse 3D convolutional networks to learn discriminative feature embeddings from point cloud data. This significantly improves data association by combining learned 3D features with positional information, enhancing tracking robustness against occlusion (Chapter 3). Further advancing the state-of-the-art, the thesis presents MOT-DETR, an integrated, transformer-based architecture that performs simultaneous 3D object detection and tracking. By fusing multi-modal (RGB and 3D) data, MOT-DETR demonstrates superior performance in scenarios with challenging camera motion and severe occlusions compared to two-stage methods (Chapters 4 and 5). The principles of robust data association are then scaled to large-scale environmental mapping with Tree-SLAM. This symbolic system integrates a novel data association algorithm with factor graph optimization to create accurate, geo-referenced orchard maps by using tree trunks as landmarks, achieving high precision even with unreliable GPS data (Chapter 6).In conclusion, this thesis makes significant contributions to robust perception for agricultural robotics by developing a series of state-of-the-art MOT systems. The findings underscore the important role of robust data association strategies and the efficacy of learned 3D and multi-modal features in building accurate world models. This work advances the development of more capable and autonomous agricultural systems, addressing the main challenges in modern food production.",OpenAlex,Q3,yes,medium,retain because of mechanism signal: object or instance perception; full-text review required,198,77,18,0,23,24,48,0,D,transfer_mechanism,association; tracking identity; depth or point cloud; horticultural setting; instance perception; quantitative evaluation; prior review; transfer identity mechanism,,priority-v1.0-title-abstract-scored-diversified,pending,pending,pending,3722
17,24,quota:core_identity_or_inventory,24,R-1659fedd86bd7cd3,10.1109/isitsc64373.2024.00013,Utilizing NeRF-Based Rays for Spatial Perception in Fruit Counting Deduplication,2024,"Proceedings - 2024 International Symposium on Internet of Things and Smart Cities, ISITSC 2024","Zhou, Chong (59526732900); Xu, Fei (59526516500); Huang, Ansheng (59526947100); Wang, Chenhuizi (58866655800); Zhang, Wenli (56440513600)","Accurate fruit counting is essential for effective management in orchards and plantations. Traditionally, quantifying fruits like citrus on trees involves labor-intensive manual counting. Recently, computer vision-based automated methods have emerged as a viable alternative. However, these methods often struggle with issues like occlusion by leaves and duplicate counts due to multiple appearances in the image frame. This study proposes the integration of 2D detection techniques with 3D reconstruction technologies, utilizing Rays in Neural Radiance Fields(NeRF) to overcome these challenges and enhance the precision of fruit counting on individual trees. The implementation involves targeted training of the YOLOv8 model, combined with NVIDIA's instant-ngp for swift NeRF reconstruction, and further refined by data clustering via the DBSCAN algorithm. This approach markedly increases the detection accuracy especially for a single fruit tree, resulting in a mean absolute error (MAE) of 1.5 oranges with a prediction accuracy of 90.625%, effectively refining fruit counting evaluations for a single fruit tree.",Scopus;OpenAlex,Q1,yes,medium,"retain because of mechanism signal: target-specific detection, segmentation, tracking, or counting; full-text review required",196,96,64,0,5,0,20,0,A,core_identity_or_inventory,duplicate resolution; 3D reconstruction; depth or point cloud; counting or inventory; fruit target; horticultural setting; fruit instance operation; quantitative evaluation,,priority-v1.0-title-abstract-scored-diversified,pending,pending,pending,425
18,25,quota:fruit_multiview_or_3d,25,R-42076fdd591b031b,10.1016/j.compag.2021.106343,In-field apple size estimation using photogrammetry-derived 3D point clouds: Comparison of 4 different methods considering fruit occlusions,2021,Computers and Electronics in Agriculture,"Gené-Mola, Jordi (57208647898); Sanz-Cortiella, Ricardo (37068026200); Rosell-Polo, Joan R. (36839827400); Escolà, Alexandre (15073933600); Gregorio, Eduard (15834312900)","In-field fruit monitoring at different growth stages provides important information for farmers. Recent advances have focused on the detection and location of fruits, although the development of accurate fruit size estimation systems is still a challenge that requires further attention. This work proposes a novel methodology for automatic in-field apple size estimation which is based on four main steps: 1) fruit detection; 2) point cloud generation using structure-from-motion (SfM) and multi-view stereo (MVS); 3) fruit size estimation; and 4) fruit visibility estimation. Four techniques were evaluated in the fruit size estimation step. The first consisted of obtaining the fruit diameter by measuring the two most distant points of an apple detection (largest segment technique). The second and third techniques were based on fitting a sphere to apple points using least squares (LS) and M−estimator sample consensus (MSAC) algorithms, respectively. Finally, template matching (TM) was applied for fitting an apple 3D model to apple points. The best results were obtained with the LS, MSAC and TM techniques, which showed mean absolute errors of 4.5 mm, 3.7 mm and 4.2 mm, and coefficients of determination (R2) of 0.88, 0.91 and 0.88, respectively. Besides fruit size, the proposed method also estimated the visibility percentage of apples detected. This step showed an R2 of 0.92 with respect to the ground truth visibility. This allowed automatic identification and discrimination of the measurements of highly occluded apples. The main disadvantage of the method is the high processing time required (in this work 2760 s for 3D modelling of 6 trees), which limits its direct application in large agricultural areas. The code and the dataset have been made publicly available and a 3D visualization of results is accessible at http://www.grap.udl.cat/en/publications/apple_size_estimation_SfM.",Scopus;OpenAlex,Q3,yes,medium,"retain because of mechanism signal: target-specific detection, segmentation, tracking, or counting; full-text review required",196,76,54,0,23,12,20,0,B,fruit_multiview_or_3d,cross-view association; 3D reconstruction; depth or point cloud; fruit target; fruit instance operation; instance perception; quantitative evaluation; benchmark or dataset,,priority-v1.0-title-abstract-scored-diversified,pending,pending,pending,776
19,26,quota:transfer_mechanism,26,R-5e7bc7921f4a7e10,10.1061/9780784487020.046,3D Pedestrian Tracking and Yaw Extraction in Large-Scale Synthetic Urban Video via RGB-D Multi-Camera Fusion,2026,International Conference on Transportation and Development 2026: Transportation Planning and Operations - Selected papers from the International Conference on Transportation and Development 2026,"Kadav, Parth (57211998448); Selvakumar, Balaji (60108849500); Fanas Rojas, Johan (57216544832); Saroj, Abhilasha (57207575386); Shoman, Maged (57223960680)","We propose a modular pipeline for accurate pedestrian detection, tracking, and 3D localization using calibrated multi-camera RGB-D inputs. Inspired by recent efforts on cluster-based multi-camera association, particularly the Cluster Self-Refinement framework, our 2D tracking stage combines object detection, human pose estimation, and appearance-based re-identification to establish consistent global identities across views. Leveraging precise camera calibration, we perform perspective projection to map 2D detections into a shared world frame, enabling spatial reasoning and robust cross-view associations. Using high-resolution depth maps from a large-scale, synthetically generated dataset (NVIDIA Omniverse), we reconstruct global point clouds and extract pedestrian-level 3D bounding boxes through spatial clustering. Orientation (yaw) is estimated using both motion cues and geometry-based alignment. Our system achieves reliable multi-view 3D tracking and localization in crowded urban scenes, offering direct applications to pedestrian behavior analysis, infrastructure design, and risk assessment in transportation environments.",Scopus;OpenAlex,Q2,yes,medium,retain because of mechanism signal: object or instance perception; full-text review required,196,92,30,0,23,12,28,0,D,transfer_mechanism,re-identification; cross-view association; depth or point cloud; fruit target; instance perception; quantitative evaluation; benchmark or dataset; transfer identity mechanism,,priority-v1.0-title-abstract-scored-diversified,pending,pending,pending,2392
20,27,quota:fruit_multiview_or_3d,27,M-cb0a5c723f35ab70,10.1016/j.atech.2026.102177,FlyYOLO-SORT: A lightweight detection and multi-object tracking framework for tephritid fruit flies towards automated phytosanitary monitoring,2026,Smart Agricultural Technology,"Chen, Li (60521096200); Li, Zitao (60521132600); Du, Heming (57210356593); Zhang, Zibo (60520924800); Cheng, Daifeng (55613545900); Liu, Gang (57374481500); Zheng, Tianyu (60521097200); Liu, Qifei (59044924500); Yang, Ding (57204394470); Jiang, Fan (57118758100); Yu, Xin (57191429254); Wang, Yan (57223332726); Li, Xuankun (55416777100)","Real-time monitoring of tephritid fruit flies is essential for effective agricultural pest control and stringent plant quarantine measures. Most existing computer vision approaches primarily focus on static images derived from sticky traps. The absence of temporal motion information makes it difficult for these methods to maintain robust tracking performance when targets undergo fast and drastic movements, morphological blurring, and mutual occlusion. To overcome these limitations, mining and utilizing temporal motion features is critical, with high-precision multi-object tracking (MOT) serving as the foundation. Using Bactrocera dorsalis and Bactrocera correcta as case studies, we construct a high-performance detection and MOT framework designed for video monitoring. First, we propose FlyYOLO, a lightweight detector based on YOLOv11n. By fusing deep and shallow features, the detector is encouraged to focus on subtle dorsal features of the fruit flies, thereby improving classification accuracy. Simultaneously, a bounding box scoring mechanism is introduced to further optimize localization precision. Second, using FlyYOLO as the base detector, we propose FlyYOLO-SORT, an algorithm based on the tracking-by-detection (TBD) paradigm. We design a Dual-Box Complementary Fusion (DBCF) strategy to effectively integrate the strengths of Axis-Aligned Bounding Boxes and Oriented Bounding Boxes to generate high-quality detection results. Additionally, an Angle-Aware Euclidean Metric (AEM) is proposed for data association, significantly enhancing tracking robustness in complex scenarios involving frequent occlusion and irregular flight. On our dataset, FlyYOLO-SORT achieves outstanding performance with 48.26% HOTA, 80.15% MOTA, 56.01% MOTP, and 81.96% IDF1. Compared to ByteTrack, it reduces ID switches by 52.3%. Experimental results demonstrate that the proposed method enables efficient and stable MOT of fruit flies, providing reliable technical support for applications such as population counting and behavioral analysis of insects exhibiting complex motion patterns.",Scopus;OpenAlex,Q1;Q7,yes,medium,retain because of mechanism signal: object or instance perception; full-text review required,195,67,54,0,23,12,28,0,B,fruit_multiview_or_3d,association; tracking identity; counting or inventory; fruit target; fruit instance operation; instance perception; quantitative evaluation; benchmark or dataset,,priority-v1.0-title-abstract-scored-diversified,pending,pending,pending,1677
21,28,quota:transfer_mechanism,28,R-14e8ffb11f0e64fd,10.1016/j.procs.2025.04.281,A Comprehensive Deep Learning Model for Improved Person Re-identification Using Multi-Camera Streaming Pipeline,2025,Procedia Computer Science,"Devarshi, Patel (59927214200); Yash, Chauhan (59926412300); Patel, Meghna B. (57202986352); Raval, Dhaval K. (59523354100)","The growing importance of multi-camera person Re-ID reflects its significance in computer vision. While single-camera tracking has advanced, maintaining identification across multiple cameras remains challenging due to factors like occlusion, appearance changes, camera motion, and lighting conditions. In this proposed research work, present a comprehensive multi-camera person Re-ID process designed to address these challenges by leveraging advanced detection and tracking methodologies. The process begins with the utilization of the state-of-the-art YOLOv8n and lightweight object detection model, specifically for person detection. This model efficiently identifies and localizes individuals within the video frames captured by multiple cameras, each covering a unique perspective within the monitored environment. The system integrates DeepSORT trained on the MARS dataset for multiple object tracking (MOT) to maintain consistent identification across video frames. Following person detection and tracking, a custom transformer model built on the TorchReID framework is employed to analyze and compare bounding boxes of detected persons, ensuring that the identified individuals are accurately associated with existing IDs. The Re-ID process is further enhanced by custom trained OSNet_x1_0 and ResNet50 models. These models, trained on a combination of the Market1501 dataset and the UNI09 custom dataset, extract rich and discriminative feature embeddings. The integration of these models has achieved high accuracy in identifying individuals across multiple camera views. Notably, OSNet_x1_0 achieves 98.4% mAP and ResNet50 reaches 96.1% mAP on Market1501. The integration of these models into the Re-ID pipeline has achieved high accuracy in identifying individuals across multiple camera views. Experimental results demonstrate the system’s ability to maintain accurate person identification across cameras, achieving high consistency. This outcome highlights the effectiveness of proposed approach.",Scopus;OpenAlex,Q2,yes,medium,retain because of mechanism signal: object or instance perception; full-text review required,195,97,0,0,23,36,28,0,D,transfer_mechanism,re-identification; cross-view association; tracking identity; instance perception; quantitative evaluation; prior review; benchmark or dataset; transfer identity mechanism,,priority-v1.0-title-abstract-scored-diversified,pending,pending,pending,2251
22,29,quota:transfer_mechanism,29,R-15525c90d9bffc97,10.1109/iccvw69036.2025.00553,MCBLT: Multi-Camera Multi-Object 3D Tracking in Long Videos,2025,"Proceedings - 2025 IEEE/CVF International Conference on Computer Vision Workshops, ICCV-W 2025","Wang, Yizhou (60391305400); Meinhardt, Tim (57200612027); Cetintas, Orcun (57246032600); Yang, Cheng-Yen (57226342947); Pusegaonkar, Sameer S. (57216743182); Missaoui, Benjamin (57536671800); Biswas, Sujit (58570690000); Tang, Zheng (57189590145); Leal-Taixé, Laura (35758586600)","Object perception from multi-view cameras is crucial for intelligent systems, particularly in indoor environments, e.g., warehouses, retail stores, and hospitals. Most traditional multi-target multi-camera (MTMC) detection and tracking methods rely on 2D object detection, single-view multi-object tracking (MOT), and cross-view re-identification (ReID) techniques, without properly handling important 3D information by multi-view image aggregation. In this paper, we propose a 3D object detection and tracking framework, named MCBLT, which first aggregates multi-view images with necessary camera calibration parameters to obtain 3D object detections in bird's-eye view (BEV). Then, we introduce hierarchical graph neural networks (GNNs) to track these 3D detections in BEV for MTMC tracking results. Unlike existing methods, MCBLT has impressive generalizability across different scenes and diverse camera settings, with exceptional capability for long-term association handling. As a result, our proposed MCBLT establishes a new state-of-the-art on the AICity'24 dataset with 81.22 HOTA, and on the WildTrack dataset with 95.6 IDF1.<sup xmlns:mml=""http://www.w3.org/1998/Math/MathML"" xmlns:xlink=""http://www.w3.org/1999/xlink"">†</sup><sup xmlns:mml=""http://www.w3.org/1998/Math/MathML"" xmlns:xlink=""http://www.w3.org/1999/xlink"">†</sup>The source code will be released at https://github.com/nv-dvl/sushiverse.",Scopus;OpenAlex,Q2,yes,medium,retain because of mechanism signal: object or instance perception; full-text review required,195,97,0,0,23,36,28,0,D,transfer_mechanism,re-identification; cross-view association; tracking identity; instance perception; quantitative evaluation; prior review; benchmark or dataset; transfer identity mechanism,,priority-v1.0-title-abstract-scored-diversified,pending,pending,pending,2252
23,31,quota:core_identity_or_inventory,32,R-bb95904bdbfaea33,10.1016/j.atech.2025.101088,Orange yield estimation using object tracking and 3D reconstruction,2025,Smart Agricultural Technology,"Hassan, Amna (59326332600); Mumtaz, Rafia (16176156800); Palade, Vasile (6701857025); Amin, Arslan (58549483700); Mahmood, Zahid (59268352400); Khan, Noorullah (54581048800); Noman, Muhammad (59597587200); Imran, Muhammad (58153251900); Wicha, Santichai (55003468200)","The labor-intensive nature of agriculture, particularly in tasks such as yield estimation of fruits, is a significant challenge. Yield estimation is crucial for the better management of the resources and for taking adequate measures for the transportation, storage, and export of the fruits. It also helps the farmers to estimate the total pricing of the yield. However, counting fruits directly on trees for yield estimation presents an obstacle due to their dispersed nature and often dense foliage. Therefore, we propose that reasonably accurate fruit yield estimation can be automated with a handheld camera. The dataset is curated by capturing and annotating 1451 images of orange trees. The dataset is augmented and processed in different ways to evaluate the performance of YOLOv8 for the detection of oranges. Then the Byte tracker is deployed to track oranges in consecutive video frames. Further, we have classified the fruits into two categories, ripe and unripe using MobileVit. The 2D fruits detected by YOLOv8 are projected to a 3D space for a more detailed analysis of the scene. Subsequently, the clustering algorithm is applied to the 3D projections of the detected objects to estimate per tree yield. On images, YOLOv8 nano has achieved a precision of 78.2% and recall of 69.7% on the test set. Moreover, for ripeness stage classification, MobileVit has achieved an accuracy of 97.8% and 86.7% on a test set containing 2 classes and 3 classes, respectively. Testing our proposed solution on videos shows that the algorithm is achieving good results on trees with less leaf occlusion. This paper demonstrates that preprocessing techniques can aid the detection model to achieve high detection rates. Furthermore, per tree yield of an orange orchard can be estimated by using video input. This offers an automated solution to the laborious task of fruit yield estimation in agricultural settings, that can help to optimize orange production.",Scopus;OpenAlex,Q1,yes,medium,retain because of mechanism signal: object or instance perception; full-text review required,193,63,64,18,5,12,20,0,A,core_identity_or_inventory,tracking identity; 3D reconstruction; counting or inventory; ripeness or variety attribute; fruit target; horticultural setting; fruit instance operation; quantitative evaluation,,priority-v1.0-title-abstract-scored-diversified,pending,pending,pending,628
24,32,quota:prior_review_or_positioning,31,R-267b604f8f9156e6,10.3389/fpls.2026.1879872,A review: research progress on intelligent technologies for orchard yield monitoring,2026,Frontiers in Plant Science,Shengyi Zhao; Han Lin; Yong Jiang; Jizhan Liu,"monitoring remains challenging because commercial orchards are characterized by severe canopy occlusion, fruit overlap, heterogeneous tree architecture, variable illumination, and complex backgrounds. This review synthesizes advances in multi-modal sensing and deep learning for orchard yield estimation, breaking down the paradigm into intermediate fruit-counting or crop-load monitoring steps and supplementary spectral quality-assessment dimensions. First, yield-related indicators are summarized, including direct phenotypic traits such as fruit number, size, volume, and spatial distribution, as well as indirect structural and physiological proxies such as canopy volume, vegetation indices, flowering intensity, and spectral maturity attributes. Second, representative sensing devices and carrying platforms are reviewed, including red-green-blue (RGB) cameras, red-green-blue-depth (RGB-D) sensors, light detection and ranging (LiDAR), hyperspectral and multispectral systems, unmanned ground vehicles (UGVs), and unmanned aerial vehicles (UAVs). Third, the evolution of estimation methods is discussed, from traditional image processing and machine learning to object detection, instance segmentation, multi-object tracking, point-cloud analysis, remote-sensing regression, and multi-modal fusion. The review shows that no single sensor or algorithm can satisfy all orchard monitoring requirements. Ground-based vision and depth sensing are more suitable for fine-scale fruit counting and sizing, whereas UAV and spectral sensing provide advantages for regional yield mapping and quality-enhanced assessment. Future research should emphasize occlusion-aware perception, robust cross-environment generalization, lightweight edge deployment, standardized benchmarks, and integrated quantity-quality monitoring frameworks for actionable crop load management.",OpenAlex,Q1;Q3;Q4;Q5;Q7,yes,medium,retain because of mechanism signal: object or instance perception; full-text review required,193,61,40,18,18,0,48,0,D,prior_review_or_positioning,tracking identity; depth or point cloud; counting or inventory; ripeness or variety attribute; fruit target; horticultural setting; instance perception; transfer identity mechanism,,priority-v1.0-title-abstract-scored-diversified,pending,pending,pending,1699
25,33,quota:transfer_mechanism,33,R-9eb0f0c7b1a9c041,10.48550/arxiv.2412.00692,MCBLT: Multi-Camera Multi-Object 3D Tracking in Long Videos,2024,arXiv (Cornell University),Yizhou Wang; Tim Meinhardt; Orcun Cetintas; Cheng-Yen Yang,"Object perception from multi-view cameras is crucial for intelligent systems, particularly in indoor environments, e.g., warehouses, retail stores, and hospitals. Most traditional multi-target multi-camera (MTMC) detection and tracking methods rely on 2D object detection, single-view multi-object tracking (MOT), and cross-view re-identification (ReID) techniques, without properly handling important 3D information by multi-view image aggregation. In this paper, we propose a 3D object detection and tracking framework, named MCBLT, which first aggregates multi-view images with necessary camera calibration parameters to obtain 3D object detections in bird's-eye view (BEV). Then, we introduce hierarchical graph neural networks (GNNs) to track these 3D detections in BEV for MTMC tracking results. Unlike existing methods, MCBLT has impressive generalizability across different scenes and diverse camera settings, with exceptional capability for long-term association handling. As a result, our proposed MCBLT establishes a new state-of-the-art on the AICity'24 dataset with $81.22$ HOTA, and on the WildTrack dataset with $95.6$ IDF1.",OpenAlex,Q2,yes,medium,retain because of mechanism signal: object or instance perception; full-text review required,192,97,0,0,23,36,28,0,D,transfer_mechanism,re-identification; cross-view association; tracking identity; instance perception; quantitative evaluation; prior review; benchmark or dataset; transfer identity mechanism,,priority-v1.0-title-abstract-scored-diversified,pending,pending,pending,2195
26,35,quota:transfer_mechanism,35,R-e677c55287a60c53,10.1109/iv47402.2020.9304685,SiaNMS: Non-Maximum Suppression with Siamese Networks for Multi-Camera 3D Object Detection,2020,"IEEE Intelligent Vehicles Symposium, Proceedings","Cortes, Irene (57215361413); Beltran, Jorge (57201860819); De La Escalera, Arturo (6602500615); Garcia, Fernando (14015459700)","The rapid development of embedded hardware in autonomous vehicles broadens their computational capabilities, thus bringing the possibility to mount more complete sensor setups able to handle driving scenarios of higher complexity. As a result, new challenges such as multiple detections of the same object have to be addressed. In this work, a siamese network is integrated into the pipeline of a well-known 3D object detector approach to suppress duplicate proposals coming from different cameras via re-identification. Additionally, associations are exploited to enhance the 3D box regression of the object by aggregating their corresponding LiDAR frustums. The experimental evaluation on the nuScenes dataset shows that the proposed method outperforms traditional NMS approaches.",Scopus;OpenAlex,Q2,yes,medium,retain because of mechanism signal: object or instance perception; full-text review required,191,130,0,0,18,12,20,0,D,transfer_mechanism,duplicate resolution; re-identification; cross-view association; depth or point cloud; instance perception; benchmark or dataset; transfer geometry mechanism,,priority-v1.0-title-abstract-scored-diversified,pending,pending,pending,1923
27,36,quota:transfer_mechanism,36,R-4faf7f3a7fe2befa,10.3390/agriculture15020175,Automated Phenotypic Analysis of Mature Soybean Using Multi-View Stereo 3D Reconstruction and Point Cloud Segmentation,2025,Agriculture (Switzerland),"Cui, Daohan (59527617600); Liu, Pengfei (59527832500); Liu, Yunong (59528046500); Zhao, Zhenqing (56403609400); Feng, Jiang (55632375400)","Phenotypic analysis of mature soybeans is a critical aspect of soybean breeding. However, manually obtaining phenotypic parameters not only is time-consuming and labor intensive but also lacks objectivity. Therefore, there is an urgent need for a rapid, accurate, and efficient method to collect the phenotypic parameters of soybeans. This study develops a novel pipeline for acquiring the phenotypic traits of mature soybeans based on three-dimensional (3D) point clouds. First, soybean point clouds are obtained using a multi-view stereo 3D reconstruction method, followed by preprocessing to construct a dataset. Second, a deep learning-based network, PVSegNet (Point Voxel Segmentation Network), is proposed specifically for segmenting soybean pods and stems. This network enhances feature extraction capabilities through the integration of point cloud and voxel convolution, as well as an orientation-encoding (OE) module. Finally, phenotypic parameters such as stem diameter, pod length, and pod width are extracted and validated against manual measurements. Experimental results demonstrate that the average Intersection over Union (IoU) for semantic segmentation is 92.10%, with a precision of 96.38%, recall of 95.41%, and F1-score of 95.87%. For instance segmentation, the network achieves an average precision (AP@50) of 83.47% and an average recall (AR@50) of 87.07%. These results indicate the feasibility of the network for the instance segmentation of pods and stems. In the extraction of plant parameters, the predicted values of pod width, pod length, and stem diameter obtained through the phenotypic extraction method exhibit coefficients of determination (R2) of 0.9489, 0.9182, and 0.9209, respectively, with manual measurements. This demonstrates that our method can significantly improve efficiency and accuracy, contributing to the application of automated 3D point cloud analysis technology in soybean breeding.",Scopus;OpenAlex,Q3,yes,medium,retain because of mechanism signal: object or instance perception; full-text review required,190,76,30,18,23,12,20,0,D,transfer_mechanism,cross-view association; 3D reconstruction; depth or point cloud; ripeness or variety attribute; fruit target; instance perception; quantitative evaluation; benchmark or dataset,,priority-v1.0-title-abstract-scored-diversified,pending,pending,pending,827
28,37,quota:transfer_mechanism,37,R-63ab442b8f619685,10.1109/wacv56688.2023.00168,MEVID: Multi-view Extended Videos with Identities for Video Person Re-Identification,2023,"Proceedings - 2023 IEEE Winter Conference on Applications of Computer Vision, WACV 2023","Davila, Daniel (57438714100); Du, Dawei (56875150100); Lewis, Bryon (57985872300); Funk, Christopher (57191070045); Van Pelt, Joseph (57985652800); Collins, Roderic (7403347573); Corona, Kellie (57221631591); Brown, Matt (57197410231); McCloskey, Scott (16178263100); Hoogs, Anthony (6603254299); Clipp, Brian (24758169600)","In this paper, we present the Multi-view Extended Videos with Identities (MEVID) dataset for large-scale, video person re-identification (ReID) in the wild. To our knowledge, MEVID represents the most-varied video person ReID dataset, spanning an extensive indoor and outdoor environment across nine unique dates in a 73-day window, various camera viewpoints, and entity clothing changes. Specifically, we label the identities of 158 unique people wearing 598 outfits taken from 8, 092 tracklets, average length of about 590 frames, seen in 33 camera views from the very-large-scale MEVA person activities dataset. While other datasets have more unique identities, MEVID emphasizes a richer set of information about each individual, such as: 4 outfits/identity vs. 2 outfits/identity in CCVID, 33 viewpoints across 17 locations vs. 6 in 5 simulated locations for MTA, and 10 million frames vs. 3 million for LS-VID. Being based on the MEVA video dataset, we also inherit data that is intentionally demographically balanced to the continental United States. To accelerate the annotation process, we developed a semi-automatic annotation framework and GUI that combines state-of-the-art real-time models for object detection, pose estimation, person ReID, and multi-object tracking. We evaluate several state-of-the-art methods on MEVID challenge problems and comprehensively quantify their robustness in terms of changes of outfit, scale, and background location. Our quantitative analysis on the realistic, unique aspects of MEVID shows that there are significant remaining challenges in video person ReID and indicates important directions for future research.",Scopus;OpenAlex,Q2,yes,medium,retain because of mechanism signal: object or instance perception; full-text review required,190,97,0,0,18,36,28,0,D,transfer_mechanism,re-identification; cross-view association; tracking identity; instance perception; prior review; benchmark or dataset; transfer identity mechanism,,priority-v1.0-title-abstract-scored-diversified,pending,pending,pending,2101
29,38,quota:transfer_mechanism,38,R-40534686590e87e7,10.1117/12.2500776,Multi-camera object tracking via deep metric learning,2018,Proceedings of SPIE - The International Society for Optical Engineering,"He, Wanggui (58431522700); Tao, Wei (44761394300); Sun, Keyang (57203317376); Xu, Lingzhi (57190384983); Fu, Qinwei (57203322134); Zhao, Hui (55715792700)","Multi-camera multi-object tracking problem shares the difficulties of both multi-camera information fusion and multiobject data association across time. Top view enjoys nice properties for object detection and tracking, such as information completeness and no occlusion. This paper utilizes the properties to address this problem by transferring object representation to a ‘top view’ from multiple partial views, hence converts multi-camera tracking problem into a singlecamera one. To this end, a detector was applied on each single partial view image firstly. After that, to obtain the representation of these detection resultsin a common top view, we first introduce the ‘real top view supervised transferring’ method, in which, a network was used to transfer the detection-bounding box in partial view to real top view. However, this method depends on top view image as supervision signal during training. We investigate further to eliminate the dependency, so here came the virtual top view, which is in essence a hyperspace. A convolutional network and triplet loss were used to map an object with its position in each partial view to a vector in the hyperspace and supervises the learning of representation respectively. Finally, by applying cluster algorithm on the transferred representation of object in the top view, the information from multiple partial cameras was fused and unified. Tracking on the top view can be formulated as a data association problem, which can be solved by traditional assignment algorithms. Experiment results on our own dataset and EPFL dataset[1] showed the effectiveness of the proposed methods.",Scopus;OpenAlex,Q2,yes,medium,retain because of mechanism signal: object or instance perception; full-text review required,189,85,30,0,23,12,28,0,D,transfer_mechanism,cross-view association; association; tracking identity; fruit target; instance perception; quantitative evaluation; benchmark or dataset; transfer identity mechanism,,priority-v1.0-title-abstract-scored-diversified,pending,pending,pending,2567
30,39,quota:prior_review_or_positioning,39,R-635c3776f6bd1d1e,10.3389/fpls.2025.1646871,A review of visual perception technology for intelligent fruit harvesting robots,2025,Frontiers in Plant Science,"Huang, Yikun (57209641036); Xu, Shuyan (57196076055); Chen, Hao (57216148656); Li, Gang (60081246700); Dong, Heng (56924175700); Yu, Jie (58738163300); Zhang, Xi (60081713600); Chen, Riqing (56924036300)","With the development of smart agriculture, fruit picking robots have attracted widespread attention as one of the key technologies to improve agricultural productivity. Visual perception technology plays a crucial role in fruit picking robots, involving precise fruit identification, localization, and grasping operations. This paper reviews the research progress in the visual perception technology for fruit picking robots, focusing on key technologies such as camera types used in picking robots, object detection techniques, picking point recognition and localization, active vision, and visual servoing. First, the paper introduces the application characteristics and selection criteria of different camera types in the fruit picking process. Then, it analyzes how object detection techniques help robots accurately recognize fruits and achieve efficient fruit classification. Next, it discusses the picking point recognition and localization technologies, including vision-based 3D reconstruction and depth sensing methods. Subsequently, it elaborates on the adaptability of active vision technology in dynamic environments and how visual servoing technology achieves precise localization. Additionally, the review explores robot mobility perception technologies, focusing on V-SLAM, mobile path planning, and task scheduling. These technologies enhance harvesting efficiency across the entire orchard and facilitate better collaboration among multiple robots. Finally, the paper summarizes the challenges in current research and the future development trends, aiming to provide references for the optimization and promotion of fruit picking robot technology.",Scopus;OpenAlex,Q5,yes,medium,retain because of mechanism signal: object or instance perception; full-text review required,189,24,64,0,18,24,48,0,D,prior_review_or_positioning,3D reconstruction; fruit target; horticultural setting; fruit instance operation; instance perception; prior review; transfer identity mechanism; transfer geometry mechanism,,priority-v1.0-title-abstract-scored-diversified,pending,pending,pending,8431
31,40,quota:prior_review_or_positioning,40,R-9a1ffe91177d0074,10.48048/tis.2026.13227,Deep Learning for Ripeness Grading of Oil Palm Fresh Fruit Bunches: A Comprehensive Review of Convolutional Neural Network Approaches,2026,Trends in Sciences,"Syahputra, Wahyu Nurkholis Hadi (57223049216); Chaichana, Chatchawan (6505945297); Bundhurat, Damorn (36677015300); Wuttisarnwattana, Patiwet (58745980500); Putra, Bayu Taruna Widjaja (57193233025)","Palm oil is a strategic agricultural crop in Indonesia, Malaysia, and Thailand, contributing significantly to national economies and requiring continuous improvements in harvesting efficiency and mill operations. The growing demand for higher efficiency and consistent quality in palm oil mills has accelerated the adoption of advanced technologies, particularly artificial intelligence (AI), which is increasingly applied across agricultural sectors, including oil palm production. This review aims to examine the development of convolutional neural network (CNN)-based approaches for ripeness grading of oil palm fresh fruit bunches (FFB) using CNN techniques. It provides an overview of research trends and technical progress in this field, showing that Malaysia leads scientific publications related to palm oil ripeness detection, followed by Indonesia. Most existing studies employ 1-stage object detectors, especially YOLO-based architectures, due to their real-time capability and relatively high performance. However, these methods are often trained and evaluated using datasets limited to specific environments, plantation conditions, or fruit varieties, which constrains generalization and large-scale deployment. Key research gaps are identified, including limited dataset diversity, high computational requirements, insufficient integration with Internet of Things (IoT)–based plantation and mill management systems, and the lack of real-time estimation of quality indicators such as free fatty acid (FFA) content and kernel-related attributes. Future research directions highlight the need for multimodal sensing, multi-camera systems, and multi-task learning frameworks that integrate ripeness grading with oil extraction rate (OER) estimation to support more effective operational decision-making in palm oil production systems. HIGHLIGHTS Research on CNN in palm oil has increased since 2017 with the adoption of DL. Malaysia leads publications in palm oil ripeness research, followed by Indonesia and Thailand. One-stage detectors, particularly YOLO-based models, are most commonly used for real-time grading. Most CNN-based systems rely on external visual features for ripeness classification. Multimodal approaches for real-time biochemical assessment remain limited. GRAPHICAL ABSTRACT",Scopus;OpenAlex,Q5;Q6,yes,medium,retain because of mechanism signal: broad visual target-operation evidence; full-text review required,189,30,40,54,18,36,0,0,D,prior_review_or_positioning,cross-view association; oil-palm target; ripeness or variety attribute; fruit target; horticultural setting; instance perception; prior review; benchmark or dataset,,priority-v1.0-title-abstract-scored-diversified,pending,pending,pending,79
32,42,quota:transfer_mechanism,42,R-e85ba04928603b1c,10.3390/make8020039,Visual Perception and Robust Autonomous Following for Orchard Transportation Robots Based on DeepDIMP-ReID,2026,Machine Learning and Knowledge Extraction,"Shen, Renyuan (57227669600); Wang, Yong (60417210600); Liu, Huaiyang (58782406100); Gu, Haiyang (57811562300); Geng, Changxing (35336460500); Shi, Yun (55349546900)","Dense foliage, severe illumination variations, and interference from multiple individuals with similar appearances in complex orchard environments pose significant challenges for vision-based following robots in maintaining persistent target perception and identity consistency, thereby compromising the stability and safety of fruit transportation operations. To address these challenges, we propose a novel framework, DeepDIMP-ReID, which integrates the Deep Implicit Model Prediction (DIMP) tracker with a person re-identification (ReID) module based on EfficientNet. This visual perception and autonomous following framework is designed for differential-drive orchard transportation robots, aiming to achieve robust target perception and reliable identity maintenance in unstructured orchard settings. The proposed framework adopts a hierarchical perception–verification–control architecture. Visual tracking and three-dimensional localization are jointly achieved using synchronized color and depth data acquired from a RealSense camera, where target regions are obtained via the discriminative model prediction (DIMP) method and refined through an elliptical-mask-based depth matching strategy. Front obstacle detection is performed using DBSCAN-based point cloud clustering techniques. To suppress erroneous following caused by occlusion, target switching, or target reappearance after occlusion, an enhanced HOReID person re-identification module with an EfficientNet backbone is integrated for identity verification at critical decision points. Based on the verified perception results, a state-driven motion control strategy is employed to ensure safe and continuous autonomous following. Extensive long-term experiments conducted in real orchard environments demonstrate that the proposed system achieves a correct tracking rate exceeding 94% under varying human walking speeds, with an average localization error of 0.071 m. In scenarios triggering re-identification, a target discrimination success rate of 93.3% is obtained. These results confirm the effectiveness and robustness of the proposed framework for autonomous fruit transportation in complex orchard environments.",Scopus;OpenAlex,Q3,yes,medium,retain because of mechanism signal: broad visual target-operation evidence; full-text review required,188,89,40,0,0,0,48,0,D,transfer_mechanism,re-identification; tracking identity; depth or point cloud; fruit target; horticultural setting; transfer identity mechanism; transfer geometry mechanism,,priority-v1.0-title-abstract-scored-diversified,pending,pending,pending,7862
33,43,quota:transfer_mechanism,43,R-f2af892518919301,10.48550/arxiv.2002.08239,siaNMS: Non-Maximum Suppression with Siamese Networks for Multi-Camera\n 3D Object Detection,2020,arXiv (Cornell University),"Irene Cortés; Jorge Beltrán; de la Escalera, Arturo; Fernando García","The rapid development of embedded hardware in autonomous vehicles broadens\ntheir computational capabilities, thus bringing the possibility to mount more\ncomplete sensor setups able to handle driving scenarios of higher complexity.\nAs a result, new challenges such as multiple detections of the same object have\nto be addressed. In this work, a siamese network is integrated into the\npipeline of a well-known 3D object detector approach to suppress duplicate\nproposals coming from different cameras via re-identification. Additionally,\nassociations are exploited to enhance the 3D box regression of the object by\naggregating their corresponding LiDAR frustums. The experimental evaluation on\nthe nuScenes dataset shows that the proposed method outperforms traditional NMS\napproaches.\n",OpenAlex,Q2,yes,medium,retain because of mechanism signal: object or instance perception; full-text review required,188,130,0,0,18,12,20,0,D,transfer_mechanism,duplicate resolution; re-identification; cross-view association; depth or point cloud; instance perception; benchmark or dataset; transfer geometry mechanism,,priority-v1.0-title-abstract-scored-diversified,pending,pending,pending,1928
34,44,quota:transfer_mechanism,44,R-8051b63712213dd2,10.48550/arxiv.2211.04656,MEVID: Multi-view Extended Videos with Identities for Video Person Re-Identification,2022,arXiv (Cornell University),Daniel Dávila; Dawei Du; Bryon Lewis; Christopher Funk,"In this paper, we present the Multi-view Extended Videos with Identities (MEVID) dataset for large-scale, video person re-identification (ReID) in the wild. To our knowledge, MEVID represents the most-varied video person ReID dataset, spanning an extensive indoor and outdoor environment across nine unique dates in a 73-day window, various camera viewpoints, and entity clothing changes. Specifically, we label the identities of 158 unique people wearing 598 outfits taken from 8, 092 tracklets, average length of about 590 frames, seen in 33 camera views from the very large-scale MEVA person activities dataset. While other datasets have more unique identities, MEVID emphasizes a richer set of information about each individual, such as: 4 outfits/identity vs. 2 outfits/identity in CCVID, 33 viewpoints across 17 locations vs. 6 in 5 simulated locations for MTA, and 10 million frames vs. 3 million for LS-VID. Being based on the MEVA video dataset, we also inherit data that is intentionally demographically balanced to the continental United States. To accelerate the annotation process, we developed a semi-automatic annotation framework and GUI that combines state-of-the-art real-time models for object detection, pose estimation, person ReID, and multi-object tracking. We evaluate several state-of-the-art methods on MEVID challenge problems and comprehensively quantify their robustness in terms of changes of outfit, scale, and background location. Our quantitative analysis on the realistic, unique aspects of MEVID shows that there are significant remaining challenges in video person ReID and indicates important directions for future research.",OpenAlex,Q2,yes,medium,retain because of mechanism signal: object or instance perception; full-text review required,187,97,0,0,18,36,28,0,D,transfer_mechanism,re-identification; cross-view association; tracking identity; instance perception; prior review; benchmark or dataset; transfer identity mechanism,,priority-v1.0-title-abstract-scored-diversified,pending,pending,pending,2036
35,45,quota:fruit_multiview_or_3d,45,R-d20856c96561b701,10.1145/3803291.3803356,Geometry-Driven Triangulation and Differentiable Semantic Gaussian Refinement for 3D Grape Bunch Model Reconstruction in the Field,2026,ICICT 2026 - Proceedings of 2026 the 9th International Conference on Information and Computer Technologies,"Woo, Yan San (58618957500); Yok-In, Kabin (57423647000); Buayai, Prawit (57193931723); Nishizaki, Hiromitsu (7004310832); Kamarudin, Latifah Munirah (57192974774); Mao, Xiaoyang (7402841488)","Berry thinning in table-grape production requires estimating berry count and bunch structure under severe occlusion. While existing 3D reconstruction and neural rendering pipelines can recover dense geometry or enable novel view synthesis, they rarely produce compact, instance-level models for densely packed grape bunches. We propose a geometry-aware, three-stage framework that reconstructs a semantic 3D model of individual berries from handheld field video. Each berry is represented as an opaque 3D Gaussian ellipsoid with a 3D center, principal radii, and orientation. Stage 1 applies a berry detection/segmentation network together with a lightweight structure-from-motion (SfM) COLMAP method run to obtain multi-view 2D attributes (centers, circle/ellipse parameters, masks, and visibility labels) and initial camera poses; these 2D observations later act as supervision for optimizing the 3D model. Stage 2 forms multi-view tracks using epipolar constraints, azimuth-based neighborhood restriction, and radius consistency (without appearance descriptors), then triangulates and consolidates 3D berry centers via geometric gating and 3D non-maximum suppression. Stage 3 refines the compact semantic model by differentiable rendering under multi-head 2D losses, with conservative clone–prune topology updates driven by persistent unmatched evidence. On 30 real-field bunches with labelled point-cloud ground truth converted to 3D ellipsoids, the refined models achieve F1 scores of 78.7–88.5% at oriented bounding box Intersection of Union (OBB-IoU) threshold \(( \tau )\) at 0.10 and 64.5–74.9% at \(\tau = 0.25\), while Stage 3 runs in 1.8–5.1 minutes per bunch for 10–30 selected views. These results show that combining geometry-driven initialization with differentiable, instance-level refinement yields robust and interpretable per-berry 3D reconstructions from unconstrained vineyard video.",Scopus;OpenAlex,Q1;Q2;Q3,yes,medium,retain because of mechanism signal: object or instance perception; full-text review required,184,66,64,0,23,0,20,0,B,fruit_multiview_or_3d,cross-view association; 3D reconstruction; counting or inventory; fruit target; horticultural setting; fruit instance operation; instance perception; quantitative evaluation,,priority-v1.0-title-abstract-scored-diversified,pending,pending,pending,86
36,46,quota:prior_review_or_positioning,46,R-e51282524aa71650,10.3390/agriengineering7110365,A Review of Crop Attribute Monitoring Technologies for General Agricultural Scenarios,2025,AgriEngineering,"Li, Zhuofan (60211317600); Wang, Ruochen (8872034500); Ding, Renkai (57190347200)","As global agriculture shifts to intelligence and precision, crop attribute detection has become foundational for intelligent systems (harvesters, UAVs, sorters). It enables real-time monitoring of key indicators (maturity, moisture, disease) to optimize operations—reducing crop losses by 10–15% via precise cutting height adjustment—and boosts resource-use efficiency. This review targets harvesting-stage and in-field monitoring for grains, fruits, and vegetables, highlighting practical technologies: near-infrared/Raman spectroscopy (non-destructive internal attribute detection), 3D vision/LiDAR (high-precision plant height/density/fruit location measurement), and deep learning (YOLO for counting, U-Net for disease segmentation). It addresses universal field challenges (lighting variation, target occlusion, real-time demands) and actionable fixes (illumination compensation, sensor fusion, lightweight AI) to enhance stability across scenarios. Future trends prioritize real-world deployment: multi-sensor fusion (e.g., RGB + thermal imaging) for comprehensive perception, edge computing (inference delay &lt; 100 ms) to solve rural network latency, and low-cost solutions (mobile/embedded device compatibility) to lower smallholder barriers—directly supporting scalable precision agriculture and global sustainable food production.",Scopus;OpenAlex,Q3;Q5;Q7,yes,medium,retain because of mechanism signal: broad visual target-operation evidence; full-text review required,184,34,54,18,23,24,20,0,D,prior_review_or_positioning,depth or point cloud; counting or inventory; ripeness or variety attribute; fruit target; fruit instance operation; instance perception; quantitative evaluation; prior review,,priority-v1.0-title-abstract-scored-diversified,pending,pending,pending,1622
37,47,quota:core_identity_or_inventory,47,M-a6f919f991904f86,10.1016/j.compag.2026.111529,Enhanced grape tracking (using deep neural networks) with an extended matching algorithm for SORT and DeepSORT,2026,Computers and Electronics in Agriculture,"Piazolo, Jacob (60382058500); Fischer, Benedikt (58039577200); Gruna, Robin (26031444100); Beyerer, Jürgen (6603794653)","Vineyard managers traditionally count grape clusters manually for yield estimation, a process that is both time-consuming and labor-intensive. Recent advances in computer vision enable autonomous tracking, yet state-of-the-art methods often rely on re-identification networks that require expensive, hard-to-obtain instance ID annotations. This study addresses this challenge by evaluating the real-time tracking performance and counting accuracy of SORT, DeepSORT, ByteTrack, and the newly proposed SORT+ and DeepSORT+ algorithms. SORT+ and DeepSORT+ incorporate a novel matching cascade that leverages the complementary strengths of Mahalanobis, IoU, and Euclidean distances. Crucially, this approach allows SORT+ to achieve robust performance without the need for additional training data. The extended matching cascade offers large improvements for SORT, making the training-free SORT+ comparable to the deep-learning-based DeepSORT. It increases MOTA and IDF1 by 5% to 6%, while decreasing ID switches by 62%. SORT+ improves the counting accuracy from 33% to 96%. DeepSORT+ shows further performance gains, decreasing ID switches by 12% compared to DeepSORT. This work illustrates the feasibility of using unmanned aerial vehicles (UAVs) to autonomously track and count grape clusters in challenging real-world vineyard settings. By potentially improving yield estimation and non-destructive robotic farming, these findings support sustainable farming practices and economic growth.",Scopus;OpenAlex,Q1;Q7,yes,medium,"retain because of mechanism signal: target-specific detection, segmentation, tracking, or counting; full-text review required",183,79,64,0,5,24,0,0,A,core_identity_or_inventory,re-identification; tracking identity; counting or inventory; fruit target; horticultural setting; fruit instance operation; quantitative evaluation; prior review,,priority-v1.0-title-abstract-scored-diversified,pending,pending,pending,671
38,48,quota:fruit_multiview_or_3d,48,R-3d1fb766025c8cbb,10.3390/agriculture15181906,Real-Time Strawberry Ripeness Classification and Counting: An Optimized YOLOv8s Framework with Class-Aware Multi-Object Tracking,2025,Agriculture (Switzerland),"Ogundele, Oluwasegun Moses (59426471600); Tamrakar, Niraj (58995858300); Kook, Jung-Hoo (58630617000); Kim, Sang-Min (60117659000); Choi, Jeong-In (60118135700); Karki, Sijan (58630185100); Akpenpuun, Timothy Denen (57194448083); Kim, Hyeon Tae (8662923200)","Accurate fruit counting is crucial for data-driven decision-making in modern precision agriculture. In strawberry cultivation, a labor-intensive sector, automated, scalable yield estimation is especially critical. However, dense foliage, variable lighting, visual ambiguity of ripeness stages, and fruit clustering pose significant challenges. To overcome these, we developed a real-time multi-stage framework for strawberry detection and counting by optimizing a YOLOv8s detector and integrating a class-aware tracking system. The detector was enhanced with a lightweight C3x module, an additional detection head for small objects, and the Wise-IOU (WIoU) loss function, thereby improving performance against occlusion. Our final model achieved a 92.5% mAP@0.5, outperforming the baseline while reducing the number of parameters by 27.9%. This detector was integrated with the ByteTrack multiple object tracking (MOT) algorithm. Our system enabled accurate, automated fruit counting in complex greenhouse environments. When validated on video data, results showed a strong correlation with ground-truth counts (R2 = 0.914) and a low mean absolute percentage error (MAPE) of 9.52%. Counting accuracy was highest for ripe strawberries (R2 = 0.950), confirming the value for harvest-ready estimation. This work delivers an efficient, accurate, and resource-conscious solution for automated yield monitoring in commercial strawberry production.",Scopus;OpenAlex,Q1,yes,medium,retain because of mechanism signal: object or instance perception; full-text review required,183,39,64,18,23,0,28,0,B,fruit_multiview_or_3d,tracking identity; counting or inventory; ripeness or variety attribute; fruit target; horticultural setting; fruit instance operation; instance perception; quantitative evaluation,,priority-v1.0-title-abstract-scored-diversified,pending,pending,pending,1487
39,49,quota:transfer_mechanism,49,R-c82a9700605813cb,10.1145/3343031.3350933,Eye in the sky: Drone-based object tracking and 3D localization,2019,MM 2019 - Proceedings of the 27th ACM International Conference on Multimedia,"Zhang, Haotian (57211682351); Lei, Zhichao (57204547106); Wang, Gaoang (57193333173); Hwang, Jenq-Neng (7403896543)","Drones, or general UAVs, equipped with a single camera have been widely deployed to a broad range of applications, such as aerial photography, fast goods delivery and most importantly, surveillance. Despite the great progress achieved in computer vision algorithms, these algorithms are not usually optimized for dealing with images or video sequences acquired by drones, due to various challenges such as occlusion, fast camera motion and pose variation. In this paper, a drone-based multi-object tracking and 3D localization scheme is proposed based on the deep learning based object detection. We first combine a multi-object tracking method called TrackletNet Tracker (TNT) which utilizes temporal and appearance information to track detected objects located on the ground for UAV applications. Then, we are also able to localize the tracked ground objects based on the group plane estimated from the Multi-View Stereo technique. The system deployed on the drone can not only detect and track the objects in a scene, but can also localize their 3D coordinates in meters with respect to the drone camera. The experiments have proved our tracker can reliably handle most of the detected objects captured by drones and achieve favorable 3D localization performance when compared with the state-of-the-art methods.",Scopus;OpenAlex,Q2,yes,medium,retain because of mechanism signal: object or instance perception; full-text review required,182,81,0,0,18,24,48,0,D,transfer_mechanism,cross-view association; tracking identity; 3D reconstruction; instance perception; prior review; transfer identity mechanism; transfer geometry mechanism,,priority-v1.0-title-abstract-scored-diversified,pending,pending,pending,2663
40,50,quota:fruit_multiview_or_3d,52,R-f2b2d6eb7eafc84f,,Semantics-Driven Active Perception and Navigation with Aerial Robots,2024,ScholarlyCommons (University of Pennsylvania),Xu Liu,"Autonomous aerial robots today are capable of safely navigating through cluttered, GPS-denied environments while constructing an accurate map that captures geometric features such as points, lines, and planes. Such maps are crucial for low-level planning and obstacle avoidance. However, beyond offering details on the density, layout, and dimensions of the environment, these maps provide limited information for semantically meaningful reasoning. For instance, they fall short in helping the robot identify where to find specific objects during search and rescue operations, which areas are relevant during infrastructure inspection or asset mapping, or in distinguishing between static and dynamic entities in the environment during localization and navigation. Such reasoning capabilities are especially important for resource-constrained robots, such as micro aerial vehicles, deployed in large-scale environments. In such scenarios, robots need to keep track of important, actionable information, while respecting their onboard computational and storage resource constraints. Sparse, semantically meaningful maps facilitate robust state estimation and storage-efficient mapping, while also enabling high-level reasoning that guides intelligent, task-relevant decision-making during navigation and exploration. This thesis introduces a set of novel methodologies and algorithms for semantics-driven perception and autonomy, enabling robots to safely navigate and explore large-scale, complex environments while actively and collaboratively constructing high-quality, semantically meaningful maps. Specifically, we first present a monocular-camera-based semantic mapping system that integrates deep learning, visual tracking, and semantic Structure from Motion (SfM) for accurate fruit detection and mapping in orchards. We then develop a semantic Simultaneous Localization and Mapping (SLAM) integrated autonomous aerial navigation system for large-scale semantic mapping in under-forest-canopy environments. This system leverages real-time semantic SLAM for accurate pose estimation and timber metric assessment. Next, we introduce active metric-semantic SLAM systems for both urban outdoor and indoor environments. These systems use semantics to guide aerial robots to explore the environment and minimize both metric and semantic uncertainties. Lastly, bridging all efforts together, we propose a decentralized metric-semantic SLAM framework for autonomous navigation and exploration with heterogeneous robot teams operating across multiple environments. Extensive real-world experiments have validated the robustness and performance of the proposed methods across multiple aerial and ground robot platforms in various environments, including multi-floor indoor spaces, urban outdoors, forests, and orchards. Field deployments further showcase the system's potential for direct application in solving important real-world problems, such as precision agriculture, forestry management, climate change mitigation, infrastructure inspection, and factory asset management. Finally, the proposed systems and algorithms are made available as open-source tools for public use.",OpenAlex,Q3,yes,medium,"retain because of mechanism signal: target-specific detection, segmentation, tracking, or counting; full-text review required",180,51,54,0,23,0,48,0,B,fruit_multiview_or_3d,tracking identity; 3D reconstruction; fruit target; fruit instance operation; instance perception; quantitative evaluation; transfer identity mechanism; transfer geometry mechanism,,priority-v1.0-title-abstract-scored-diversified,pending,pending,pending,8181
41,51,quota:transfer_mechanism,50,R-a062bc6b95ed446d,10.1109/tcsvt.2024.3358850,Pedestrian 3D Shape Understanding for Person Re-Identification via Multi-View Learning,2024,IEEE Transactions on Circuits and Systems for Video Technology,"Yu, Zaiyang (57413042800); Li, Lusi (57207131834); Xie, Jinlong (58862863800); Wang, Changshuo (57243478700); Li, Weijun (36065948200); Ning, Xin (56202657900)","Recent development in computing power has resulted in performance improvements on holistic(none-occluded) person Re-Identification (ReID) tasks. Nevertheless, the precision of the recent research will diminish when a pedestrian is obstructed by obstacles. Within the realm of 2D space, the loss of information from obstructed objects continues to pose significant challenges in the context of person ReID. Person is a 3D non-grid object, and thus semantic representation learning in only 2D space limits the understanding of occluded person. In the present work, we propose a network based on 3D multi-view learning, allowing it to acquire geometric and shape details of an occluded pedestrian from 3D space. Simultaneously, it capitalizes on advancements in 2D-based networks to extract semantic representations from 3D multi-views. Specifically, the surface random selection strategy is proposed to convert images of 2D RGB into 3D multi-views. Using this strategy, we build four extensive 3D multi-view data collections for person ReID. After that, Pedestrian 3D Shape Understanding for Person Re-Identification via Multi-View Learning(MV-3DSReID), is proposed for identifying the person by learning person geometry and structure representation from the groups of multi-view images. In comparison to alternative data formats (e.g., 2D RGB, 3D point cloud), multi-view images complement each other’s detailed features of the 3D object by adjusting rendering viewpoints, thus facilitating a more comprehensive understanding of the person for both holistic and occluded ReID situations. Experiments on occluded and holistic ReID tasks demonstrate performance levels comparable to state-of-the-art methods, validating the effectiveness of our proposed approach in tackling challenges related to occlusion. The code is available at https://github.com/hangjiaqi1/MV-TransReID.",Scopus;OpenAlex,Q2,yes,medium,"retain because of mechanism signal: cross-view, association, reconstruction, or point-cloud evidence; full-text review required",180,92,0,0,5,24,48,0,D,transfer_mechanism,re-identification; cross-view association; depth or point cloud; quantitative evaluation; prior review; transfer identity mechanism; transfer geometry mechanism,,priority-v1.0-title-abstract-scored-diversified,pending,pending,pending,91
42,52,quota:transfer_mechanism,51,R-ef3d3a8df85cfd4d,10.1109/lra.2026.3685453,AgriGS-SLAM: Orchard Mapping Across Seasons Via Multi-View Gaussian Splatting SLAM,2026,IEEE Robotics and Automation Letters,"Usuelli, Mirko (57998450200); Rapado-Rincon, David (58346952700); Kootstra, Gert (24537424000); Matteucci, Matteo (7005216953)","Autonomous robots in orchards require real-time 3D scene understanding despite repetitive row geometry, seasonal appearance changes, and wind-driven foliage motion. We present AgriGS-SLAM, a Visual–LiDAR SLAM framework that couples direct LiDAR odometry and loop closures with multi-camera 3D Gaussian Splatting (3DGS) rendering. Batch rasterization across complementary viewpoints recovers orchard structure under occlusions, while a unified gradient-driven map lifecycle executed between keyframes preserves fine details and bounds memory. Pose refinement is guided by a probabilistic LiDAR-based depth consistency term, back-propagated through the camera projection to tighten geometry-appearance coupling. We validate the system on a field platform in apple and pear orchards across dormancy, flowering, and harvesting, using a standardized trajectory protocol that evaluates both training-view and novel-view synthesis to reduce 3DGS overfitting in evaluation. Across seasons and sites, AgriGS-SLAM delivers sharper, more stable reconstructions and steadier trajectories than recent state-of-the-art 3DGS-based SLAM methods while maintaining real-time performance on-tractor. While demonstrated in orchard monitoring, the approach can be applied to other outdoor domains requiring robust multimodal perception.",Scopus;OpenAlex,Q3,yes,medium,"retain because of mechanism signal: cross-view, association, reconstruction, or point-cloud evidence; full-text review required",180,52,40,0,5,24,48,0,D,transfer_mechanism,cross-view association; depth or point cloud; fruit target; horticultural setting; quantitative evaluation; prior review; transfer identity mechanism; transfer geometry mechanism,,priority-v1.0-title-abstract-scored-diversified,pending,pending,pending,2420
43,53,quota:transfer_mechanism,53,M-a1aeae283c8f17a1,10.3390/s23239395,Joint Object Detection and Re-Identification for 3D Obstacle Multi-Camera Systems †,2023,Sensors,"Cortés, Irene (57215361413); Beltrán, Jorge (57201860819); de la Escalera, Arturo (6602500615); García, Fernando (14015459700)","The growing on-board processing capabilities have led to more complex sensor configurations, enabling autonomous car prototypes to expand their operational scope. Nowadays, the joint use of LiDAR data and multiple cameras is almost a standard and poses new challenges for existing multi-modal perception pipelines, such as dealing with contradictory or redundant detections caused by inference on overlapping images. In this paper, we address this last issue in the context of sequential schemes like F-PointNets, where object candidates are obtained in the image space, and the final 3D bounding box is then inferred from point cloud information. To this end, we propose the inclusion of a re-identification branch into the 2D detector, i.e., Faster R-CNN, so that objects seen from adjacent cameras can be handled before the 3D box estimation takes place, removing duplicates and completing the object's cloud. Extensive experimental evaluations covering both the 2D and 3D domains affirm the effectiveness of the suggested methodology. The findings indicate that our approach outperforms conventional Non-Maximum Suppression (NMS) methods. Particularly, we observed a significant gain of over 5% in terms of accuracy for cars in camera overlap regions. These results highlight the potential of our upgraded detection and re-identification system in practical scenarios for autonomous driving.",Scopus;OpenAlex,Q2,yes,medium,retain because of mechanism signal: object or instance perception; full-text review required,179,130,0,0,18,0,20,0,D,transfer_mechanism,duplicate resolution; re-identification; cross-view association; depth or point cloud; instance perception; transfer geometry mechanism,,priority-v1.0-title-abstract-scored-diversified,pending,pending,pending,797
44,54,quota:fruit_multiview_or_3d,54,R-fc0702cb95e458c1,10.13031/aim.201801193,&amp;lt;i&amp;gt;Multiple Object Tracking-by-Detection for Fruit Counting on an Apple Tree Canopy&amp;lt;/i&amp;gt;,2018,,Thomas DH Jarvinen; Daeun Choi; Paul Heinemann; Tara A. Baugher,"<b><sc>Abstract.</sc></b> <b>Accurate estimation of the number of fruit on apple trees is a potentially valuable tool for enabling growers to better manage their operations. In particular, the fruit count information can be used for harvest planning, sales forecasting, and optimization of crop load management. A method for counting fruit on apple trees using RGB video sequences was implemented using a deep learning object detector based on the Faster R-CNN architecture and optical flow for object tracking. The detection and tracking mechanisms are integrated to count unique fruit detections across continuous image sequences. The proposed methodology increases overall detection accuracy by minimizing counting errors due to occluded and clustered fruit. For fruit detection in still images, a precision of 92% and recall of 82% are reported. The largest source of error came from heavily occluded fruits, which comprised 55% of fruit in the dataset and had a detection accuracy of 73%. The high percentage of heavily occluded fruit motivated the development of the video tracking algorithm, which increased the overall detection rate to 97% across the tested video sequences â effectively minimizing the occlusion problem by taking advantages of multiple viewpoints to detect partially occluded or hidden fruit. Total fruit counts for these sequences had an average error of 10% due to the introduction of false positives during video sequence analysis.</b>",OpenAlex,Q1;Q7,yes,medium,retain because of mechanism signal: object or instance perception; full-text review required,178,81,54,0,23,12,0,0,B,fruit_multiview_or_3d,unique inventory; tracking identity; counting or inventory; fruit target; fruit instance operation; instance perception; quantitative evaluation; benchmark or dataset,,priority-v1.0-title-abstract-scored-diversified,needs_manual_retrieval,not_found_or_restricted,pending,11
45,56,quota:fruit_multiview_or_3d,55,M-01e746c7917e9bb7,10.1016/j.dib.2026.112642,TomatoPGT: A 3D point cloud dataset of tomato plants for segmentation and plant-trait extraction,2026,Data in Brief,"Nethala, Prasad (58560687200); Um, Dugan (57207548495); McCoy, Samantha L. (60479708900); Gibson, Seth (60479709000); Bhandari, Mahendra (57213035528); Lee, Kiju (56100796900)","Three-dimensional (3D) point-cloud phenotyping enables non-destructive and repeatable characterization of plant architecture, supporting the measurement of traits such as internode length, branching topology, and organ orientation. This article presents TomatoPGT (Tomato Plant Graph Twin) , a 3D tomato dataset designed for research on semantic/instance segmentation, graph-based structural representation, and graph-derived phenotypic trait extraction. The dataset contains 42 scans from three greenhouse-grown tomato plants acquired across early to mid-vegetative development using a rotational multi-view imaging system. Each scan consists of 60–70 overlapping RGB images captured under uniform illumination and reconstructed into a metrically scaled dense colored point cloud using Structure-from-Motion and multi-view stereo. TomatoPGT provides: (i) multi-view RGB images, (ii) dense colored point clouds, (iii) manually curated semantic and instance annotations at organ level, (iv) graph representations encoding plant topology and geometry, and (v) tabulated phenotypic traits computed deterministically from the graphs (internode length, insertion angles, and phyllotactic angles). TomatoPGT supports reproducible development and evaluation of 3D phenotyping pipelines, including learning-based segmentation and graph-based modeling of plant architecture.",Scopus;OpenAlex,Q3;Q4,yes,medium,retain because of mechanism signal: object or instance perception; full-text review required,177,76,40,0,18,12,20,0,B,fruit_multiview_or_3d,cross-view association; 3D reconstruction; depth or point cloud; fruit target; horticultural setting; instance perception; benchmark or dataset; transfer geometry mechanism,,priority-v1.0-title-abstract-scored-diversified,pending,pending,pending,2352
46,58,quota:fruit_multiview_or_3d,58,R-08e236322a37316a,10.3390/s25134138,A Dynamic Kalman Filtering Method for Multi-Object Fruit Tracking and Counting in Complex Orchards,2025,Sensors,"Zhai, Yaning (59002014700); Zhang, Ling (58437120700); Hu, Xin (59001829500); Yang, Fanghu (59002416300); Huang, Yang (57013849500)","With the rapid development of agricultural intelligence in recent years, automatic fruit detection and counting technologies have become increasingly significant for optimizing orchard management and advancing precision agriculture. However, existing deep learning-based models are primarily designed to process static and single-frame images, thereby failing to meet the large-scale detection and counting demands in the dynamically changing scenes of modern orchards. To address these challenges, this paper proposes a multi-object fruit tracking and counting method, which integrates an improved YOLO-based object detection algorithm with a dynamically optimized Kalman filter. By optimizing the network structure, the improved YOLO detection model provides high-quality detection results for subsequent tracking tasks. Then a modified Kalman filter with a variable forgetting factor is integrated to dynamically adjust the weighting of historical data, enabling the model to adapt to changes in observation and motion noise. Moreover, fruit targets are associated using a combined strategy based on Intersection over Union (IoU) and Re-Identification (Re-ID) features, improving the accuracy and stability of object matching. Consequently, the continuous tracking and precise counting of fruits in video sequences are achieved. Experimental results with image frames of fruits in video sequence are demonstrated, showing that the proposed method performs robust and continuous tracking (MOTA of 95.0% and HOTA of 82.4%). For fruit counting, the method attains a high coefficient-of-determination of 0.85 and a low root-mean-square error (RMSE) of 1.57, exhibiting high accuracy and stability of fruit detection, tracking and counting in video sequences under complex orchard environments.",Scopus;OpenAlex,Q1;Q7,yes,medium,retain because of mechanism signal: object or instance perception; full-text review required,177,79,64,0,23,0,0,0,B,fruit_multiview_or_3d,re-identification; tracking identity; counting or inventory; fruit target; horticultural setting; fruit instance operation; instance perception; quantitative evaluation,,priority-v1.0-title-abstract-scored-diversified,pending,pending,pending,1439
47,59,quota:fruit_multiview_or_3d,62,R-e27416dcc9d26102,10.13925/j.cnki.gsxb.20250487,Citrus yield estimation based on multi- object tracking in video streams using an improved YOLOv8n model; [基于手持式视频流及 YOLOv8n 的目标跟踪柑橘计数估产方法研究],2026,Journal of Fruit Science,"Si, Naijin (60012605000); Cai, Jianrong (13004461900); Wang, Chen (57203540900); Zhu, Wenhui (59477430100); Pan, Bingke (59476534400); Shi, Zhiguo (60012665900)","【Objective】Accurate citrus yield estimation is a critical component of precision agricultural management, essential for optimizing production and ensuring economic benefits for growers. Traditional manual sampling methods are labor-intensive, time-consuming, and prone to subjective errors, failing to meet the demands of modern horticulture. While deep learning-based object detection has shown promise in fruit recognition from static images, its application in real-world orchard environments is hindered by challenges such as fruit occlusion, varying illumination, and perspective limitations, which lead to counting inaccuracies. Most existing video-based methods rely on linear, inter-row scanning, a technique suitable for trellis-trained orchards but ineffective for citrus trees, which typically grow in a standalone, three-dimensional crown shape. To address these limitations, this study aimed to develop and validate a robust and automated yield estimation system for individual citrus trees during the fruit expansion period. The primary objective was to establish an end-to-end pipeline that combines a novel data acquisition strategy—360° rotational video capture—with an improved object detection model (YOLOv8n-SC) and a multi-object tracking algorithm (DeepSORT). The research scope included a systematic investigation into the influence of different environmental factors, specifically lighting conditions (sunny, overcast, and artificial light) and camera perspectives (high-angle, straight-angle, and low-angle), on the overall accuracy and stability of the yield estimation system.【Methods】The methodology encompassed data acquisition, model development, and a multi-stage experimental evaluation. For data acquisition, a handheld imaging system was used to capture 360° rotational video streams around 20 individual citrus trees in a high-density orchard under three distinct lighting conditions and three different vertical camera angles, resulting in 180 video clips. A comprehensive dataset of 9000 images was created by extracting frames, which were then meticulously annotated and partitioned into training (80%) and testing (20%) sets. For model development, the baseline YOLOv8n was enhanced to create the YOLOv8n-SC model by implementing three key improvements: integrating a fourth, high-resolution (160×160) detection head to improve sensitivity to small targets; embedding the Convolutional Block Attention Module (CBAM) within the backbone network to enhance feature distinction between fruits and leaves; and replacing the original CIoU loss function with the Wise-IoU (WIoU) v3 loss function to accelerate convergence and improve bounding box precision. For tracking and counting, the DeepSORT algorithm was employed to process detection outputs from the video stream. Its workflow involves a Kalman filter for motion prediction, a cascaded matching strategy combining motion and appearance features for reliable identity association, and a track management system to assign unique IDs. The final fruit count was determined by the maximum unique ID assigned during the video sequence.【Results】The proposed YOLOv8n-SC model significantly outperformed other contemporary models. On the comprehensive dataset, it achieved a recall of 97.6% and a mean Average Precision at an IoU threshold of 0.5 (mAP50) of 93.7%, marking improvements of 2.0 and 3.5 percentage points over the baseline YOLOv8n, respectively. It also showed clear advantages over Faster R-CNN and the light-weight YOLOv10n. A detailed ablation study confirmed that each of the three modifications—the additional detection head, the CBAM module, and the WIoU loss function—contributed positively to the model's overall performance. Lighting proved to be a critical factor, as the artificial light source yielded the best detection results with an mAP50 of 98.2%, markedly superior to overcast (96.1%) and sunny (83.5%) conditions. The camera angle also had a significant impact, with the straight-angl",Scopus;OpenAlex,Q1;Q7,yes,medium,retain because of mechanism signal: object or instance perception; full-text review required,177,39,64,0,23,12,28,0,B,fruit_multiview_or_3d,tracking identity; counting or inventory; fruit target; horticultural setting; fruit instance operation; instance perception; quantitative evaluation; benchmark or dataset,,priority-v1.0-title-abstract-scored-diversified,pending,pending,pending,740
48,60,quota:transfer_mechanism,59,R-19cdbe22591dd026,10.1109/cvprw50498.2020.00529,The MTA dataset for multi target multi camera pedestrian tracking by weighted distance aggregation,2020,IEEE Computer Society Conference on Computer Vision and Pattern Recognition Workshops,"Kohl, Philipp (57218713669); Specker, Andreas (57207936865); Schumann, Arne (55442871800); Beyerer, Jurgen (6603794653)","Existing multi target multi camera tracking (MTMCT) datasets are small in terms of the number of identities and video length. The creation of new real world datasets is hard as privacy has to be guaranteed and the labeling is tedious. Therefore in the scope of this work a mod for GTA V to record a MTMCT dataset has been developed and used to record a simulated MTMCT dataset called Multi Camera Track Auto (MTA). The MTA dataset contains over 2,800 person identities, 6 cameras and a video length of over 100 minutes per camera. Additionally a MTMCT system has been implemented to provide a baseline for the created dataset. The system’s pipeline consists of stages for person detection, person re-identification, single camera multi target tracking, track distance calculation, and track association. The track distance calculation comprises a weighted aggregation of the following distances: a single camera time constraint, a multi camera time constraint using overlapping camera areas, an appearance feature distance, a homography matching with pairwise camera homographies, and a linear prediction based on the velocity and the time difference of tracks. When using all partial distances, we were able to surpass the results of state-of-the-art single camera trackers by +13% IDF1 score. The MTA dataset, code, and baselines are available at github.com/schuar-iosb/mta-dataset.",Scopus;OpenAlex,Q2,yes,medium,"retain because of mechanism signal: target-specific detection, segmentation, tracking, or counting; full-text review required",177,97,0,0,5,36,28,0,D,transfer_mechanism,re-identification; cross-view association; tracking identity; quantitative evaluation; prior review; benchmark or dataset; transfer identity mechanism,,priority-v1.0-title-abstract-scored-diversified,pending,pending,pending,4743
49,61,quota:transfer_mechanism,60,R-bad10d9ba04a8a97,10.1145/3394171.3413863,Traffic-Aware Multi-Camera Tracking of Vehicles Based on ReID and Camera Link Model,2020,MM 2020 - Proceedings of the 28th ACM International Conference on Multimedia,"Hsu, Hung-Min (56028840900); Wang, Yizhou (57211693446); Hwang, Jenq-Neng (7403896543)","Multi-target multi-camera tracking (MTMCT), i.e., tracking multiple targets across multiple cameras, is a crucial technique for smart city applications. In this paper, we propose an effective and reliable MTMCT framework for vehicles, which consists of a traffic-aware single camera tracking (TSCT) algorithm, a trajectory-based camera link model (CLM) for vehicle re-identification (ReID), and a hierarchical clustering algorithm to obtain the cross camera vehicle trajectories. First, the TSCT, which jointly considers vehicle appearance, geometric features, and some common traffic scenarios, is proposed to track the vehicles in each camera separately. Second, the trajectory-based CLM is adopted to facilitate the relationship between each pair of adjacently connected cameras and add spatio-temporal constraints for the subsequent vehicle ReID with temporal attention. Third, the hierarchical clustering algorithm is used to merge the vehicle trajectories among all the cameras to obtain the final MTMCT results. Our proposed MTMCT is evaluated on the CityFlow dataset and achieves a new state-of-the-art performance with IDF1 of 74.93%.",Scopus;OpenAlex,Q2,yes,medium,"retain because of mechanism signal: target-specific detection, segmentation, tracking, or counting; full-text review required",177,97,0,0,5,36,28,0,D,transfer_mechanism,re-identification; cross-view association; tracking identity; quantitative evaluation; prior review; benchmark or dataset; transfer identity mechanism,,priority-v1.0-title-abstract-scored-diversified,pending,pending,pending,2753
50,62,quota:transfer_mechanism,61,R-bc0c89795d0e7070,10.1109/cvprw50498.2020.00319,"Towards real-time systems for vehicle re-identification, multi-camera tracking, and anomaly detection",2020,IEEE Computer Society Conference on Computer Vision and Pattern Recognition Workshops,"Peri, Neehar (57215780478); Khorramshahi, Pirazh (57190379804); Rambhatla, Sai Saketh (57189599688); Shenoy, Vineet (57215896407); Rawat, Saumya (57225345583); Chen, Jun-Cheng (56684395200); Chellappa, Rama (57203078416)","Vehicle re-identification, multi-camera vehicle tracking, and anomaly detection are essential for city-scale intelligent transportation systems. Both vehicle re-id and multi-camera tracking are challenging due to variations in aspect-ratio, occlusion, and orientation. Robust re-id and tracking systems must consider small scale variations in a vehicle's appearance to accurately distinguish among vehicles of the same make, model, and color. Scalability is critical for multi-camera systems, as the number of objects in a scene is not known a-priori. Anomaly detection presents a unique challenge due to a dearth of annotations and varied video quality. In this paper, we address the task of vehicle re-id by introducing an unsupervised excitation layer to enhance representation learning. We propose a multi-camera tracking pipeline leveraging this re-id feature extractor to compute a distance matrix and perform clustering to obtain multi-camera vehicle trajectories. Lastly, we leverage background modeling techniques to localize anomalies such as stalled vehicles and collisions. We show the effectiveness of our proposed method on the NVIDIA AI City Challenge, where we obtain 7 <sup xmlns:mml=""http://www.w3.org/1998/Math/MathML"" xmlns:xlink=""http://www.w3.org/1999/xlink"">th</sup> place out of 41 teams for the task of vehicle re-id, with an mAP score of 66.68% and achieve state-of-the-art results on the Vehicle-ID dataset. We also obtain an IDF1 score of 12.45% on multi-camera vehicle tracking, and an S4 score of 29.52% for task of anomaly detection, ranking in the top 5 for both tracks.",Scopus;OpenAlex,Q2,yes,medium,"retain because of mechanism signal: target-specific detection, segmentation, tracking, or counting; full-text review required",177,97,0,0,5,36,28,0,D,transfer_mechanism,re-identification; cross-view association; tracking identity; quantitative evaluation; prior review; benchmark or dataset; transfer identity mechanism,,priority-v1.0-title-abstract-scored-diversified,pending,pending,pending,1918
51,63,quota:core_identity_or_inventory,64,R-de2e1375618a2a24,10.17576/jkukm-2021-33(4)-34,A Combinatorial RGB and Depth Images CNN-based Model for Oil Palm Fruit Bunch Detection and Heatmap Localisation for a Visual SLAM System,2021,Jurnal Kejuruteraan,"Siong, Chua Zheng (59955763800); Ibrahim, Mohd Faisal (57189292118); Huddin, Aqilah Baseri (56469885100); Zaman, Mohd Hairi Mohd (42262357500); Hashim, Fazida Hanim (23094411600)","The harvesting job of cutting and collecting fruit bunches in oil palm plantations remains the most labour-intensive job in the oil palm processing cycle. The introduction of an autonomous vehicle to assist workers in the harvesting job promises better productivity. Such a driverless vehicle requires a software module known as simultaneous localisation and mapping (SLAM) to guide the vehicle to navigate autonomously. This work proposes a visual SLAM system with a distinctive capability of detecting and localising oil palm loose fresh fruit bunches (FFB) on the ground using intelligent image processing. This vehicle is equipped with a depth camera capable of capturing RGB images and depth images concurrently. Two VGG16-based convolutional neural network (CNN) models are trained using the acquired RGB and depth images dataset of loose FFBs on the ground. The output from the combinatorial FFB detection model is then fed into a visual SLAM system called RTAB-Map. By combining the FFB detection model and the visual SLAM system, the vehicle can plan for autonomous navigation safely, perform bunch pick-up tasks, and avoid collision with fruit bunches on the ground. The experiment results show that the proposed CNN model can detect and localise loose FFBs with significant accuracy in various lighting conditions.",Scopus;OpenAlex,Q3;Q6,yes,medium,"retain because of mechanism signal: target-specific detection, segmentation, tracking, or counting; full-text review required",176,22,54,44,5,12,28,0,A,core_identity_or_inventory,depth or point cloud; oil-palm target; fruit target; fruit instance operation; quantitative evaluation; benchmark or dataset; transfer identity mechanism,,priority-v1.0-title-abstract-scored-diversified,pending,pending,pending,256
52,64,quota:fruit_multiview_or_3d,63,R-3f23df602ba2db25,10.3390/s19020428,Guava detection and pose estimation using a low-cost RGB-D sensor in the field,2019,Sensors (Switzerland),"Lin, Guichao (55522598500); Tang, Yunchao (55864682000); Zou, Xiangjun (14053286400); Xiong, Juntao (35732736900); Li, Jinhui (57205530659)","Fruit detection in real outdoor conditions is necessary for automatic guava harvesting, and the branch-dependent pose of fruits is also crucial to guide a robot to approach and detach the target fruit without colliding with its mother branch. To conduct automatic, collision-free picking, this study investigates a fruit detection and pose estimation method by using a low-cost red⁻green⁻blue⁻depth (RGB-D) sensor. A state-of-the-art fully convolutional network is first deployed to segment the RGB image to output a fruit and branch binary map. Based on the fruit binary map and RGB-D depth image, Euclidean clustering is then applied to group the point cloud into a set of individual fruits. Next, a multiple three-dimensional (3D) line-segments detection method is developed to reconstruct the segmented branches. Finally, the 3D pose of the fruit is estimated using its center position and nearest branch information. A dataset was acquired in an outdoor orchard to evaluate the performance of the proposed method. Quantitative experiments showed that the precision and recall of guava fruit detection were 0.983 and 0.948, respectively; the 3D pose error was 23.43° ± 14.18°; and the execution time per fruit was 0.565 s. The results demonstrate that the developed method can be applied to a guava-harvesting robot.",Scopus;OpenAlex,Q3,yes,medium,"retain because of mechanism signal: target-specific detection, segmentation, tracking, or counting; full-text review required",176,22,64,0,23,36,20,0,B,fruit_multiview_or_3d,depth or point cloud; fruit target; horticultural setting; fruit instance operation; instance perception; quantitative evaluation; prior review; benchmark or dataset,,priority-v1.0-title-abstract-scored-diversified,pending,pending,pending,4583
53,65,quota:core_identity_or_inventory,65,M-8a926f810181baf9,10.3390/agronomy15051135,A Robust Tomato Counting Framework for Greenhouse Inspection Robots Using YOLOv8 and Inter-Frame Prediction,2025,Agronomy,"Zheng, Wanli (59253232100); Dai, Guanglin (57345540800); Hu, Miao (59916305700); Wang, Pengbo (55822235400)","Accurate tomato yield estimation and ripeness monitoring are critical for optimizing greenhouse management. While manual counting remains labor-intensive and error-prone, this study introduces a novel vision-based framework for automated tomato counting in standardized greenhouse environments. The proposed method integrates YOLOv8-based detection, depth filtering, and an inter-frame prediction algorithm to address key challenges such as background interference, occlusion, and double-counting. Our approach achieves 97.09% accuracy in tomato cluster detection, with mature and immature single fruit recognition accuracies of 92.03% and 91.79%, respectively. The multi-target tracking algorithm demonstrates a MOTA (Multiple Object Tracking Accuracy) of 0.954, outperforming conventional methods like YOLOv8 + DeepSORT. By fusing odometry data from an inspection robot, this lightweight solution enables real-time yield estimation and maturity classification, offering practical value for precision agriculture.",Scopus;OpenAlex,Q1,yes,medium,retain because of mechanism signal: object or instance perception; full-text review required,175,77,64,18,5,0,0,0,A,core_identity_or_inventory,duplicate resolution; tracking identity; counting or inventory; ripeness or variety attribute; fruit target; horticultural setting; fruit instance operation; quantitative evaluation,,priority-v1.0-title-abstract-scored-diversified,pending,pending,pending,1425
54,66,quota:fruit_multiview_or_3d,67,R-77c3db0d49b1aaa2,10.1109/isc260477.2024.11004199,Eggplant Detection and Counting Across the Entire Greenhouse Using Deep Learning and Motion Parallax,2024,"10th IEEE International Smart Cities Conference: Smart Cities: Revolution for Mankind, ISC2 2024 - Proceedings","Ishizuka, Tatsuya (59929225900); Sasaki, Yusuke (58738950100); Hamada, Takeo (57194020031); Shimazaki-Kishi, Yuki (59930329300); Koshizuka, Noboru (7102007961)","To address labor shortages and population growth, the importance of maximizing productivity through precision agriculture is increasing. As part of precision agriculture, counting the number of fruits on crops is conducted to monitor growth conditions and predict yields. Manual counting is inaccurate and costly, so methods using object detection technologies to count fruits have been proposed. However, existing methods count all visible fruits in the frame, leading to duplicate counts and inaccuracies in measuring the total number of fruits throughout the greenhouse. In this paper, we propose a method for accurately counting the number of eggplants in an agricultural greenhouse by using an object detection model and an object tracking model. Our method utilizes the principle of motion parallax to prevent double counting and ensure accurate counts of each ridge. This approach leads to a more precise estimate of the total number of fruits in the greenhouse. The proposed method was evaluated using object tracking metrics and a comparison with the actual fruit count, and the results showed superior performance compared to existing methods. This demonstrates that our approach is more suitable for estimating the total number of fruits throughout the entire greenhouse.",Scopus;OpenAlex,Q1;Q7,yes,medium,retain because of mechanism signal: object or instance perception; full-text review required,175,77,64,0,23,0,0,0,B,fruit_multiview_or_3d,duplicate resolution; tracking identity; counting or inventory; fruit target; horticultural setting; fruit instance operation; instance perception; quantitative evaluation,,priority-v1.0-title-abstract-scored-diversified,pending,pending,pending,1337
55,68,quota:fruit_multiview_or_3d,68,R-0ed680b4365327dd,10.1016/j.jafr.2025.101736,Comparative analysis of single-view and multiple-view data collection strategies for detecting partially-occluded grape bunches: Field trials,2025,Journal of Agriculture and Food Research,"Ariza-Sentís, Mar (56964491300); Baja, Hilmy (57864451400); Vélez, Sergio (57215185725); van Essen, Rick (57217700645); Valente, João (42062501000)","Extracting phenotypic traits of grape bunch is crucial for accurately monitoring grape quality, health, and yield estimation. This is important for optimising resources, enhancing marketing strategies, and boosting overall agricultural productivity. While most research concentrates on data processing algorithms, this study focused on the preceding step: collecting reliable data. Object detection and tracking enable precise monitoring and quantification of fruit, facilitating agricultural management. This study compares two data acquisition methodologies for grape bunch detection and tracking in a commercial vineyard where leaf removal was not performed: a traditional single-view approach and a multiple-viewing method designed to mitigate fruit occlusion issues. The PointTrack algorithm, trained and validated using MOTS annotations, was employed to evaluate detection and tracking performance through metrics of three trials. The multiple-view method achieved i) higher ratio between tracked and GT detections of 74 % compared to 23 % for the single-view approach and ii) enhanced tracking metrics, with the multiple viewing trials metrics ranging from −1.35 to 3.84 for MOTSA (Multiple Object Tracking and Segmentation Accuracy) and sMOTSA (soft MOTSA), and iii) higher correlation and lower RMSE of grape bunch phenotypic traits (OIV codes 202 and 203) compared to ground truth measurements (R 2 = 0.53, RMSE = 19.13). Nonetheless, the multi-view technique was compromised by motion blur due to UAV movements, complicating the tracking process. This study underscores the importance of strategic data acquisition in improving performance for fruit detection and tracking. Future work should extend this methodology to other fruit varieties and environments to validate its broader applicability, enhancing the reliability of yield estimation in precision agriculture.",Scopus;OpenAlex,Q1;Q2;Q4;Q7,yes,medium,retain because of mechanism signal: object or instance perception; full-text review required,173,57,64,18,23,0,0,0,B,fruit_multiview_or_3d,cross-view association; tracking identity; ripeness or variety attribute; fruit target; horticultural setting; fruit instance operation; instance perception; quantitative evaluation,,priority-v1.0-title-abstract-scored-diversified,pending,pending,pending,531
56,69,quota:fruit_multiview_or_3d,69,R-98b0a18cb2eec589,10.3389/frobt.2021.626989,Fruit Detection and Pose Estimation for Grape Cluster–Harvesting Robot Using Binocular Imagery Based on Deep Neural Networks,2021,Frontiers in Robotics and AI,Wei Yin; Hanjin Wen; Zhengtong Ning; Jian Ye,"Reliable and robust fruit-detection algorithms in nonstructural environments are essential for the efficient use of harvesting robots. The pose of fruits is crucial to guide robots to approach target fruits for collision-free picking. To achieve accurate picking, this study investigates an approach to detect fruit and estimate its pose. First, the state-of-the-art mask region convolutional neural network (Mask R-CNN) is deployed to segment binocular images to output the mask image of the target fruit. Next, a grape point cloud extracted from the images was filtered and denoised to obtain an accurate grape point cloud. Finally, the accurate grape point cloud was used with the RANSAC algorithm for grape cylinder model fitting, and the axis of the cylinder model was used to estimate the pose of the grape. A dataset was acquired in a vineyard to evaluate the performance of the proposed approach in a nonstructural environment. The fruit detection results of 210 test images show that the average precision, recall, and intersection over union ( IOU ) are 89.53, 95.33, and 82.00%, respectively. The detection and point cloud segmentation for each grape took approximately 1.7 s. The demonstrated performance of the developed method indicates that it can be applied to grape-harvesting robots.",OpenAlex,Q3,yes,medium,"retain because of mechanism signal: target-specific detection, segmentation, tracking, or counting; full-text review required",173,22,64,0,23,36,20,0,B,fruit_multiview_or_3d,depth or point cloud; fruit target; horticultural setting; fruit instance operation; instance perception; quantitative evaluation; prior review; benchmark or dataset,,priority-v1.0-title-abstract-scored-diversified,pending,pending,pending,1969
57,71,quota:core_identity_or_inventory,72,R-ac3db23dd880eb22,10.1109/metroagrifor66923.2025.11512512,Multi-Object Tracking for Apple Counting in Orchards Using Stereo Vision,2025,"Conference Proceedings - 2025 IEEE International Workshop on Metrology for Agriculture and Forestry, MetroAgriFor 2025","Wei, Jiahua (59754190600); Kevric, Ermin (59754190500); Zach, Juri (57480612900); Stelldinger, Peer (6507261622); Rose, Hendrik Wilhelm (60154873600)",,Scopus;OpenAlex,Q1;Q3;Q7,no,not_assessed,abstract unavailable; do not exclude automatically,172,63,54,0,0,0,48,0,A,core_identity_or_inventory,tracking identity; 3D reconstruction; counting or inventory; fruit target; fruit instance operation; transfer identity mechanism; transfer geometry mechanism,,priority-v1.0-title-abstract-scored-diversified,pending,pending,pending,10093
58,72,quota:fruit_multiview_or_3d,73,R-b200743f5ad5e959,10.1016/j.atech.2025.101334,Accurate organ segmentation and phenotype extraction of tomato plants based on deep learning and clustering algorithm,2025,Smart Agricultural Technology,"Wang, Yaxin (59653985300); Zhao, Xiaona (59450816500); Wang, Qiang (59840930500); Zhao, Yue (58843776500); Wang, Fengpei (59410952300); Lyu, Yangcheng (58956521500); Zhang, Wuping (14619990700); Li, Fuzhong (55494497700)","• In this study, we take tomato as an example and propose an improved deep learning combined with clustering algorithm for plant point cloud segmentation. First, a multi-temporal tomato point cloud dataset is constructed by combining multi-view image sequences with neural radiation field (NeRF), and preprocessing and labeling are completed; second, single channel attention (SCA) and global feature aggregation module (GFA) are introduced into the PointNet++ model, respectively, to construct the TomatoSegNet model, which improves the tomato dataset's semantic segmentation performance, while the edge filter was added to the DBSCAN algorithm to improve it and enhance the instance segmentation performance of canopy leaves; finally, a total of six phenotypic parameters were extracted based on the segmented organs. The experimental results show that the TomatoSegNet model has an average precision (mP) of 97.82%, an average recall (mR) of 98.62%, an average F1 score (mF1) of 97.97%, an average intersection and merger ratio (mIoU) of 96.84%, and an overall accuracy (OA) of 94.22% in the tomato dataset, which proves that the use of semantic segmentation algorithms feasibility of stem and leaf segmentation; the improved DBSCAN algorithm achieved an instance segmentation accuracy of 96.03% for leaves, which improved the segmentation accuracy of overlapping leaves; the coefficients of determination between the measured and calculated values of the six phenotypic parameters (plant height, stem thickness, leaf inclination, leaf length, leaf width, and leaf area) were 0.983, 0.903, 0.916, 0.962, 0.951, and 0.978. The method proposed in this study realizes the accurate segmentation and extraction of phenotypic parameters from the 3D point cloud of plants, which provides a valuable reference for automated phenotypic analysis of plants.. In plant phenotyping research, accurate organ segmentation and phenotype extraction is the key to accelerate the process of big data analysis and intelligent breeding.In this study, we take tomato as an example and propose an improved deep learning combined with clustering algorithm for plant point cloud segmentation. First, a multi-temporal tomato point cloud dataset is constructed by combining multi-view image sequences with neural radiation field (NeRF), and preprocessing and labeling are completed; second, single channel attention (SCA) and global feature aggregation module (GFA) are introduced into the PointNet++ model, respectively, to construct the TomatoSegNet model, which improves the tomato dataset's semantic segmentation performance, while the edge filter was added to the DBSCAN algorithm to improve it and enhance the instance segmentation performance of canopy leaves; finally, a total of six phenotypic parameters were extracted based on the segmented organs. The experimental results show that the TomatoSegNet model has an average precision (mP) of 97.82%, an average recall (mR) of 98.62%, an average F1 score (mF1) of 97.97%, an average intersection and merger ratio (mIoU) of 96.84%, and an overall accuracy (OA) of 94.22% in the tomato dataset, which proves that the use of semantic segmentation algorithms feasibility of stem and leaf segmentation; the improved DBSCAN algorithm achieved an instance segmentation accuracy of 96.03% for leaves, which improved the segmentation accuracy of overlapping leaves; the coefficients of determination between the measured and calculated values of the six phenotypic parameters (plant height, stem thickness, leaf inclination, leaf length, leaf width, and leaf area) were 0.983, 0.903, 0.916, 0.962, 0.951, and 0.978. The method proposed in this study realizes the accurate segmentation and extraction of phenotypic parameters from the 3D point cloud of plants, which provides a valuable reference for automated phenotypic analysis of plants.",Scopus;OpenAlex,Q3,yes,medium,retain because of mechanism signal: object or instance perception; full-text review required,172,52,54,0,23,12,20,0,B,fruit_multiview_or_3d,cross-view association; depth or point cloud; fruit target; fruit instance operation; instance perception; quantitative evaluation; benchmark or dataset; transfer geometry mechanism,,priority-v1.0-title-abstract-scored-diversified,pending,pending,pending,7094
59,73,quota:fruit_multiview_or_3d,74,R-f21ac1ee2ed50ea4,10.21203/rs.3.rs-8759462/v1,MSA-MVSNet: A Cross-Scale Collaborative Attention-Based Multi-View Reconstruction Network for Orchard Tree 3D Reconstruction with Instance Segmentation for Fruit Counting,2026,Research Square,Hui Li; Jun Zhang; Jianhua Hong; Fuzhi Ke,,OpenAlex,Q1;Q7,no,not_assessed,abstract unavailable; do not exclude automatically,172,66,64,0,18,0,20,0,B,fruit_multiview_or_3d,cross-view association; 3D reconstruction; counting or inventory; fruit target; horticultural setting; fruit instance operation; instance perception; transfer geometry mechanism,,priority-v1.0-title-abstract-scored-diversified,pending,pending,pending,9510
60,74,quota:transfer_mechanism,70,R-0ecb12f88c04fd63,10.1109/icra46639.2022.9812007,Camera-Tracklet-Aware Contrastive Learning for Unsupervised Vehicle Re-Identification,2022,Proceedings - IEEE International Conference on Robotics and Automation,"Yu, Jongmin (56241812600); Kim, Junsik (57225018249); Kim, Minkyung (56145313600); Oh, Hyeontaek (38961708400)","Recently, vehicle re-identification methods based on deep learning constitute remarkable achievement. However, this achievement requires large-scale and well-annotated datasets. In constructing the dataset, assigning globally available identities (Ids) to vehicles captured from a great number of cameras is labour-intensive, because it needs to consider their subtle appearance differences or viewpoint variations. In this paper, we propose camera-tracklet-aware contrastive learning (CTACL) using the multi-camera tracklet information without vehicle identity labels. The proposed CTACL divides an unlabelled domain, i.e., entire vehicle images, into multiple camera-level subdomains and conducts contrastive learning within and beyond the subdomains. The positive and negative samples for contrastive learning are defined using tracklet Ids of each camera. Additionally, the domain adaptation across camera networks is introduced to improve the generalisation performance of learnt representations and alleviate the performance degradation resulted from the domain gap between the subdomains. We demonstrate the effectiveness of our approach on video-based and image-based vehicle Re-ID datasets. Experimental results show that the proposed method outperforms the recent state-of-the-art unsupervised vehicle Re-ID methods. The source code for this paper is publicly available on https://github.com/andreYoo/CTAM-CTACL-VVReID.git.",Scopus;OpenAlex,Q2,yes,medium,"retain because of mechanism signal: cross-view, association, reconstruction, or point-cloud evidence; full-text review required",172,97,0,0,0,36,28,0,D,transfer_mechanism,re-identification; cross-view association; tracking identity; prior review; benchmark or dataset; transfer identity mechanism,,priority-v1.0-title-abstract-scored-diversified,pending,pending,pending,2011
