shortlist_rank,selection_stage,priority_rank,record_id,doi,title,year,venue,authors,abstract,source_databases,query_ids,abstract_available,abstract_screen_confidence,abstract_screen_basis,priority_score,core_score,fruit_score,oil_palm_score,instance_score,review_score,transfer_score,penalty_score,priority_tier,priority_bucket,priority_reason,priority_penalties,rule_version,review_status,retrieval_status,ledger_decision,ledger_review_order
1,quota:oil_palm_direct,1,M-6b0be7fade421819,10.1016/j.dib.2026.112990,SawitMVC: A multi-view oil palm fruit bunch dataset for detection and counting,2026,Data in Brief,"Indriani, Fatma (57215665392); Saputro, Setyo Wahyu (58958396800); Muttaqin, Muhammad Zainal (60439234000); Rahmi, Alia (57962559500); Saragih, Triando Hamonangan (57202789655); Budianoor, Rahmat (60624699500); Hartoni (60414064200); Kartini, Dwi (58022883100); Said, Naufal (60705184800)","Oil palm ( Elaeis guineensis ) plantation yield is estimated periodically through the Black Bunch Census (BBC), a field practice in which trained staff count and classify fruit bunches to project output for the coming months. Photographing each tree from multiple positions captures all visible bunches but introduces a cross-view deduplication problem: the same bunch appears in several images, and naive summation of detections far exceeds the true unique count. No publicly available oil palm dataset addresses this problem with annotated ground truth. SawitMVC contains 3,992 smartphone images of 953 oil palm trees collected from two commercial plantations in Kabupaten Tanah Laut, Kalimantan, Indonesia (DAMIMAS plantation: 854 trees; LONSUM plantation: 99 trees), each photographed from four sides at 90-degree intervals or eight sides at 45-degree intervals. Bunches are annotated across four BBC maturity classes by estimated months until harvest: B1 (≤1 month), B2 (∼2 months), B3 (∼3 months), and B4 (∼4 months), in YOLO bounding box format for detection and classification tasks. A separate per-tree JSON ground truth layer records 9,823 unique bunches with their cross-view appearance links, supporting direct evaluation of counting algorithms independently of detection performance.",Scopus;OpenAlex,Q1;Q2;Q4;Q6;Q7,yes,medium,"retain because of mechanism signal: target-specific detection, segmentation, tracking, or counting; full-text review required",281,122,64,54,18,12,0,0,B,oil_palm_direct,unique inventory; duplicate resolution; cross-view association; counting or inventory; oil-palm target; ripeness or variety attribute; fruit target; horticultural setting,,priority-v1.0-title-abstract-scored-diversified,needs_manual_retrieval,not_found_or_restricted,pending,70
2,quota:core_identity_or_inventory,2,R-00f82e0f404d691b,10.1109/lra.2019.2901987,Monocular Camera Based Fruit Counting and Mapping with Semantic Data Association,2019,IEEE Robotics and Automation Letters,"Liu, Xu (57207948935); Chen, Steven W. (57203657925); Liu, Chenhao (57208017184); Shivakumar, Shreyas S. (57197792098); Das, Jnaneshwar (25823030300); Taylor, Camillo J. (7404823052); Underwood, James (17347180400); Kumar, Vijay (57226667523)","In this letter, we present a cheap, lightweight, and fast fruit counting pipeline. Our pipeline relies only on a monocular camera, and achieves counting performance comparable to a state-of-the-art fruit counting system that utilizes an expensive sensor suite including a monocular camera, LiDAR and GPS/INS on a mango dataset. Our pipeline begins with a fruit and tree trunk detection component that uses state-of-the-art convolutional neural networks (CNNs). It then tracks fruits and tree trunks across images, with a Kalman Filter fusing measurements from the CNN detectors and an optical flow estimator. Finally, fruit count and map are estimated by an efficient fruit-as-feature semantic structure from motion algorithm that converts two-dimensional (2-D) tracks of fruits and trunks into 3-D landmarks, and uses these landmarks to identify double counting scenarios. There are many benefits of developing such a low cost and lightweight fruit counting system, including applicability to agriculture in developing countries, where monetary constraints or unstructured environments necessitate cheaper hardware solutions.",Scopus;OpenAlex,Q1;Q3;Q7,yes,medium,"retain because of mechanism signal: target-specific detection, segmentation, tracking, or counting; full-text review required",250,124,54,0,5,36,20,0,A,core_identity_or_inventory,duplicate resolution; association; 3D reconstruction; depth or point cloud; counting or inventory; fruit target; fruit instance operation; quantitative evaluation,,priority-v1.0-title-abstract-scored-diversified,reviewed,retrieved,include,13
3,quota:fruit_multiview_or_3d,3,R-2d972b94554c6cd1,10.1109/metroagrifor58484.2023.10424135,Video-Based Fruit Detection and Tracking for Apple Counting and Mapping,2023,"2023 IEEE International Workshop on Metrology for Agriculture and Forestry, MetroAgriFor 2023 - Proceedings","Gené-Mola, Jordi (57208647898); Felip-Pomés, Marc (58916714200); Net-Barnés, Francesc (58636386500); Morros, Josep-Ramon (35587745500); Miranda, Juan C. (57947116100); Arnó, Jaume (22978662800); Asín, Luís (6508223638); Lordan, Jaume (56303682600); Ruiz-Hidalgo, Javier (34969474900); Gregorio, Eduard (15834312900)","Automatic fruit counting systems have garnered interest from farmers and agronomists to monitor fruit production, predict yields in advance, and identify production variability across orchards. However, accurately counting fruits poses challenges, particularly due to occlusions. This study proposes a multi-view sensing approach using continuous motion videos captured by a camera moved along the row of trees, followed by fruit detection in all video frames and application of Multi-Object Tracking (MOT) algorithms to prevent double-counting. Three tracking methods, namely SORT, DeepSORT, and ByteTrack, are compared for fruit counting using the YOLOv5x object detector. The methodology is applied to map fruit production in an experimental apple orchard at two different dates: four weeks and one week before harvest. The results demonstrate that ByteTrack (MOTA=0.682; IDF1=0.837; HOTA=0.689) outperforms SORT and DeepSORT, indicating its superior tracking performance. Computational efficiency analysis reveals similar processing times between SORT and ByteTrack (about 15 ms), while DeepSORT requires significantly more processing time per image (128 ms). Fruit counting evaluation shows reasonably accurate yield predictions on both dates, with reduced errors and improved performance closer to the harvest date (MAPE=7.47 %; $R^{2}$=0.70). The system proves effective in estimating orchard fruit production using computer vision technology, offering valuable insights for yield forecasting. These findings contribute to optimizing fruit production and supporting precision agriculture practices. The code and the dataset have been made publicly available and a video visualization of results is accessible at http://www.grap.udl.cat/en/publications/video_fruit_counting.",Scopus;OpenAlex,Q1;Q2;Q7,yes,medium,retain because of mechanism signal: object or instance perception; full-text review required,245,107,64,0,23,12,28,0,B,fruit_multiview_or_3d,duplicate resolution; cross-view association; tracking identity; counting or inventory; fruit target; horticultural setting; fruit instance operation; instance perception,,priority-v1.0-title-abstract-scored-diversified,reviewed,retrieved,include,33
4,quota:fruit_multiview_or_3d,4,R-062fd4abeac79a2c,10.1016/j.inpa.2025.02.005,Assessment of the tomato cluster yield estimation algorithms via tracking-by-detection approaches,2025,Information Processing in Agriculture,"Qi, Zhongxian (58196719000); Zhang, Tianxue (57164159800); Yuan, Ting (57205195453); Zhou, Wei (57899683700); Zhang, Wenqiang (35217009900)","• A database with more than 165,172 tomato cluster instances was built for tracking. • Two SOTA real-time object detection algorithms were compared. • Motion tracking and appearance tracking algorithms were compared in MOT datasets. • MOT trackers were compared by reducing the frame rate of the camera. Automated vision-based detection and counting are critical for accurate tomato yield estimation, which contribute to precise yield management strategies and an efficient food supply chains. Special conditions, including background clutter, occlusion, and varying sunlight, affect the accuracy of crop detection and counting. To determine the most suitable algorithms for this yield estimation context, we herein establish a public multi-object tracking (MOT) dataset for tomato cluster counts, while evaluating and comparing state-of-the-art target detection and MOT-based algorithms. The evaluated detectors consist of YOLOv8 and RT-DETR, which represent algorithms that achieve a balance between accuracy and speed. The tracking algorithms included state-of-the-art methodologies such as SORT, DeepSort, ByteTrack, and BotSort. Initially, the performance of the detectors was rigorously evaluated, followed by a comprehensive assessment of the four tracking algorithms within a multi-target tracking database tailored for this research and structured in the MOT context. The findings reveal that YOLOv8 and RT-DETR achieve 93.6% and 94.9% results at mAP@75, respectively, with RT-DETR exhibiting fewer false detections. When combined with the RT-DETR detector, the ByteTrack-based algorithm registers the highest counting accuracy at 95.5%, whereas BotSort achieves the highest MOTA score with 84.6%. Notably, the trackers without the ReID module (i.e., SORT and ByteTrack) demonstrate greater adaptability to frame rate variations in the test videos. At a 30-fps frame rate, the incorporation of ReID modules in DeepSort and BotSort algorithms significantly enhances the MOTA metric. Looking ahead, we plan to leverage these algorithms into an autonomous inspection platform that aims to estimate crop yield in real-time.",Scopus;OpenAlex,Q1;Q7,yes,medium,retain because of mechanism signal: object or instance perception; full-text review required,231,79,54,0,23,36,28,0,B,fruit_multiview_or_3d,re-identification; tracking identity; counting or inventory; fruit target; fruit instance operation; instance perception; quantitative evaluation; prior review,,priority-v1.0-title-abstract-scored-diversified,needs_manual_retrieval,not_found_or_restricted,pending,1437
5,quota:fruit_multiview_or_3d,5,R-0eda6374aaf85fae,10.1016/j.compag.2026.111723,Horticultural temporal fruit monitoring via 3D instance segmentation and re-identification using colored point clouds,2026,Computers and Electronics in Agriculture,"Fusaro, Daniel (57278335600); Magistri, Federico (57208212994); Behley, Jens (35207956200); Pretto, Alberto (23393749700); Stachniss, Cyrill (6507517732)","Accurate and consistent fruit monitoring over time is a key step towards automated agricultural production systems. However, this task is inherently difficult due to variations in fruit size, shape, occlusion, orientation, and the dynamic nature of orchards where fruits may appear or disappear between observations. In this article, we propose a novel method for fruit instance segmentation and re-identification on 3D terrestrial point clouds collected over time. Our approach directly operates on dense colored point clouds, capturing fine-grained 3D spatial detail. We segment individual fruits using a learning-based instance segmentation method applied directly to the point cloud. For each segmented fruit, we extract a compact and discriminative descriptor using a 3D sparse convolutional neural network. To track fruits across different times, we introduce an attention-based matching network that associates fruits with their counterparts from previous sessions. Matching is performed using a probabilistic assignment scheme, selecting the most likely associations across time. We evaluate our approach on real-world datasets of strawberries and apples, demonstrating that it outperforms existing methods in both instance segmentation and temporal re-identification, enabling robust and precise fruit monitoring across complex and dynamic orchard environments. • We propose a new performant approach to autonomous fruit tracking in real greenhouses. • It segments fruits using learning-based instance segmentation and RGB 3D point clouds. • Segmented fruits are encoded by a 3D CNN and matched via attentive data association. • Experiments on real strawberry and apple datasets show our method outperforms others. • Our approach enables precise temporal fruit monitoring in real and complex scenarios.",Scopus;OpenAlex,Q1;Q3,yes,medium,retain because of mechanism signal: object or instance perception; full-text review required,230,117,64,0,18,0,20,0,B,fruit_multiview_or_3d,re-identification; association; tracking identity; depth or point cloud; fruit target; horticultural setting; fruit instance operation; instance perception,,priority-v1.0-title-abstract-scored-diversified,reviewed,retrieved,include,2
6,quota:transfer_mechanism,6,M-6e180cda3c4e3522,10.24385/lincoln.32982638,AGHRI: A dataset for multimodal robot perception of humans in agricultural and off-road environments,2026,Lincoln repository,Leonardo Guevara; Prabuddhi Wariyapperuma; Zhuoling Huang; Hai Vu,"AGHRI is a multimodal dataset for robot perception of humans in agricultural and off-road environments. AGHRI provides synchronized RGB, depth, fisheye, and 3D LiDAR data collected with a compact mobile robot across diverse settings, including strawberry polytunnels, vineyards, footpaths, and farmsides, under variable lighting and weather conditions. AGHRI comprises 65 sequences totalling 27.4 minutes of multimodal robot sensor data, including 138,741 camera image frames and 13,963 LiDAR frames, with 154,002 annotated 2D human bounding boxes, 27,311 annotated 3D human bounding boxes, 454 camera-specific 2D tracks, and 136 3D tracks. The dataset includes challenging multi-person and occlusion-rich interactions and provides frame-level 2D and 3D annotations with consistent human identities to support 2D/3D detection and tracking tasks.The AGHRI dataset is divided into 10 ZIP archives (from dataset_part1.zip to dataset_part10.zip), each containing multiple data subfolders. Within each data subfolder, the extracted multimodal sensor observations are stored alongside their corresponding annotations and metadata. Sensor calibration files are stored separately in a shared calibration folder (calibration.zip). In addition, an occlusion annotation file (occlusion_log.csv) is provided at the dataset root level, together with a dataset summary file (dataset_summary.csv) that describes the contents of each data subfolder and indicates the ZIP archive to which it belongs. This organization allows users to selectively download only the ZIP archives relevant to their needs, rather than downloading the entire dataset.AGHRI dataset is accompanied by a set of conversion and utility tools that support common perception workflows/formats, including YOLO, COCO, KITTI, MMDetection, MOT, and ROS 2. The code for the conversion and utility tools can be found at https://github.com/LCAS/AGHRI-dataset-toolsFinally, to complement the dataset, we provide benchmark analyses for 2D/3D human detection, 2D/3D multi-object tracking, and person re-identification. These benchmarks enable the systematic evaluation of state-of-the-art methods and facilitate the assessment of cross-domain generalisation to agricultural and off-road human-sensing environments. The implementation code and evaluation protocols used in the benchmark analyses are available at https://github.com/LCAS/AGHRI-dataset-benchmark.",OpenAlex,Q3,yes,medium,retain because of mechanism signal: object or instance perception; full-text review required,229,89,30,0,18,36,48,0,D,transfer_mechanism,re-identification; tracking identity; depth or point cloud; fruit target; instance perception; prior review; benchmark or dataset; transfer identity mechanism,,priority-v1.0-title-abstract-scored-diversified,pending,pending,pending,7385
7,quota:transfer_mechanism,7,R-624c07b4c09481dc,10.1109/iccvw69036.2025.00558,DepthTrack: Cluster Meets BEV for Multi-Camera Multi-Target 3D Tracking,2025,"Proceedings - 2025 IEEE/CVF International Conference on Computer Vision Workshops, ICCV-W 2025","Tran, Tai Huu-Phuong (58835819100); Tran, Duong Nguyen-Ngoc (57196243655); Huynh, Ngoc Doan-Minh (59367761800); Tran, Chi Dai (57670632700); Pham, Long Hoang (56719255100); Ho, Quoc Pham-Nam (59368558700); Nguyen, Huy-Hung (58594220200); Vu, Duong Khac (58001759300); Jeon, Hyung-Min (57202455298); Jeon, Hyung-Joon (57207104383); Phan, Son Hong (58001116100); Khanh, Trinh Le Ba (57218829353); Jeont, Jae Wook (60569078000)","Object perception using multi-view cameras is essential for intelligent systems operating in indoor environments such as warehouses, retail stores, and hospitals. Traditional multi-target multi-camera (MTMC) detection and tracking approaches typically depend on 2D object detection and single-view multi-object tracking (MOT), without properly exploiting 3D spatial information. While point cloud-based 3D detection models offer high accuracy, their adoption is hindered by expensive deployment requirements. Besides, most existing MTMC tracking methods are designed for daytime scenarios, neglecting the challenge posed by lowlight conditions. In this paper, we introduce DepthTrack, a novel MTMC tracking framework for all-day tracking without requiring high-precision 3D sensors to produce 3D bounding boxes. At the core of DepthTrack is our Tracklet-Cluster Mapping (TCM) strategy, which seamlessly integrates 3D object clusters with bird's-eye view (BEV) tracklets to achieve robust 3D tracking. Experiments conducted on the AICity'25 dataset validate the strong generalization of DepthTrack across diverse lighting conditions. In the 2025 AI City Challenge Track 1, our team secured the second position with an accuracy (HOTA) of 63.1396. The code will be released at https://github.com/SKKUAutoLab/AIC25_Track_01",Scopus;OpenAlex,Q2,yes,medium,retain because of mechanism signal: object or instance perception; full-text review required,227,79,54,0,23,12,48,0,D,transfer_mechanism,cross-view association; tracking identity; depth or point cloud; fruit target; fruit instance operation; instance perception; quantitative evaluation; benchmark or dataset,,priority-v1.0-title-abstract-scored-diversified,pending,pending,pending,2287
8,quota:fruit_multiview_or_3d,8,R-b2e0e9aabad17a97,10.3390/agriculture15151574,Phenotypic Trait Acquisition Method for Tomato Plants Based on RGB-D SLAM,2025,Agriculture (Switzerland),"Wang, Penggang (59046962700); He, Yuejun (57799174500); Zhang, Jiguang (57190230977); Liu, Jiandong (58916858100); Chen, Ran (60013822000); Zhuang, Xiang (60014255300)","The acquisition of plant phenotypic traits is essential for selecting superior varieties, improving crop yield, and supporting precision agriculture and agricultural decision-making. Therefore, it plays a significant role in modern agriculture and plant science research. Traditional manual measurements of phenotypic traits are labor-intensive and inefficient. In contrast, combining 3D reconstruction technologies with autonomous vehicles enables more intuitive and efficient trait acquisition. This study proposes a 3D semantic reconstruction system based on an improved ORB-SLAM3 framework, which is mounted on an unmanned vehicle to acquire phenotypic traits in tomato cultivation scenarios. The vehicle is also equipped with the A * algorithm for autonomous navigation. To enhance the semantic representation of the point cloud map, we integrate the BiSeNetV2 network into the ORB-SLAM3 system as a semantic segmentation module. Furthermore, a two-stage filtering strategy is employed to remove outliers and improve the map accuracy, and OctoMap is adopted to store the point cloud data, significantly reducing the memory consumption. A spherical fitting method is applied to estimate the number of tomato fruits. The experimental results demonstrate that BiSeNetV2 achieves a mean intersection over union (mIoU) of 95.37% and a frame rate of 61.98 FPS on the tomato dataset, enabling real-time segmentation. The use of OctoMap reduces the memory consumption by an average of 96.70%. The relative errors when predicting the plant height, canopy width, and volume are 3.86%, 14.34%, and 27.14%, respectively, while the errors concerning the fruit count and fruit volume are 14.36% and 14.25%. Localization experiments on a field dataset show that the proposed system achieves a mean absolute trajectory error (mATE) of 0.16 m and a root mean square error (RMSE) of 0.21 m, indicating high localization accuracy. Therefore, the proposed system can accurately acquire the phenotypic traits of tomato plants, providing data support for precision agriculture and agricultural decision-making.",Scopus;OpenAlex,Q1;Q3,yes,medium,retain because of mechanism signal: operation on a named target; full-text review required,224,58,54,18,23,12,48,0,B,fruit_multiview_or_3d,3D reconstruction; depth or point cloud; counting or inventory; ripeness or variety attribute; fruit target; fruit instance operation; instance perception; quantitative evaluation,,priority-v1.0-title-abstract-scored-diversified,reviewed,retrieved,include,1578
9,quota:core_identity_or_inventory,9,M-1210e3ea00486b68,10.1109/iros58592.2024.10802065,FruitNeRF: A Unified Neural Radiance Field based Fruit Counting Framework,2024,IEEE International Conference on Intelligent Robots and Systems,"Meyer, Lukas (58027874700); Gilson, Andreas (58205562200); Schmid, Ute (56032455700); Stamminger, Marc (55906526700)","We introduce FruitNeRF, a unified novel fruit counting framework that leverages state-of-the-art view synthesis methods to count any fruit type directly in 3D. Our framework takes an unordered set of posed images captured by a monocular camera and segments fruit in each image. To make our system independent of the fruit type, we employ a foundation model that generates binary segmentation masks for any fruit. Utilizing both modalities, RGB and semantic, we train a semantic neural radiance field. Through uniform volume sampling of the implicit Fruit Field, we obtain fruit-only point clouds. By applying cascaded clustering on the extracted point cloud, our approach achieves precise fruit count. The use of neural radiance fields provides significant advantages over conventional methods such as object tracking or optical flow, as the counting itself is lifted into 3D. Our method prevents double counting fruit and avoids counting irrelevant fruit. We evaluate our methodology using both real-world and synthetic datasets. The real-world dataset consists of three apple trees with manually counted ground truths, a benchmark apple dataset with one row and ground truth fruit location, while the synthetic dataset comprises various fruit types including apple, plum, lemon, pear, peach, and mango. Additionally, we assess the performance of fruit counting using the foundation model compared to a U-Net.",Scopus;OpenAlex,Q1;Q3,yes,medium,retain because of mechanism signal: object or instance perception; full-text review required,220,99,54,0,0,36,20,0,A,core_identity_or_inventory,duplicate resolution; tracking identity; depth or point cloud; counting or inventory; fruit target; fruit instance operation; prior review; benchmark or dataset,,priority-v1.0-title-abstract-scored-diversified,reviewed,retrieved,include,412
10,quota:fruit_multiview_or_3d,10,M-131e746397967c56,10.5281/zenodo.17969390,SEEmear: High-Resolution Georeferenced Proximal RGB-D Data for Niagara Grapes in the Field,2025,Zenodo (CERN European Organization for Nuclear Research),"Teixeira Santos, Thiago; Koenigkan, Luciano; Bharti, Dheeraj; Gebler, Luciano","This dataset contains high-resolution geo-referenced RGB-D data collected in vineyards using the SEEmear proximal sensing system. The data were acquired at farms in São Miguel Arcanjo, São Paulo, Brazil, during field tests conducted in December 2025. Data Collection System The SEEmear integrates stereo cameras (ZED X, Stereolabs Inc.) with high-resolution global shutter sensors (1920 × 1200 pixels), wide-angle lenses, and integrated IMUs, mounted on a mobile platform. The system includes RTK-GNSS positioning (Reach M2 rover and Reach RS3 base station) for centimeter-level accuracy, enabling precise georeferencing of all captured data. Dataset Contents RGB-D stereo images at 30 fps IMU measurements synchronized with camera frames RTK GNSS positioning data GPS time synchronization for temporal consistency Applications This dataset supports research in precision agriculture, plant phenotyping, and agricultural robotics, including fruit detection and counting, 3D reconstruction and mapping, trunk and canopy structure analysis, SLAM algorithm development, and multi-view stereo reconstruction. Data Format Complete RGB-D camera footage with associated IMU readings (SVO2 files) and geo-referenced positioning data (POS), enabling accurate 3D point cloud generation and temporal mapping of vineyard structures with sub-centimeter resolution. For reading SVO2 data, users should use Stereolabs' ZED SDK, available free of charge.",OpenAlex,Q1;Q3,yes,medium,"retain because of mechanism signal: target-specific detection, segmentation, tracking, or counting; full-text review required",219,88,40,0,23,12,48,0,B,fruit_multiview_or_3d,cross-view association; 3D reconstruction; depth or point cloud; counting or inventory; fruit target; horticultural setting; instance perception; quantitative evaluation,,priority-v1.0-title-abstract-scored-diversified,needs_manual_retrieval,not_found_or_restricted,pending,522
11,quota:fruit_multiview_or_3d,11,M-d0cffa18f757c714,10.5281/zenodo.17750202,SEEmear: high-resolution georeferenced RGB-D data from apple orchard under palmette training system,2025,Zenodo (CERN European Organization for Nuclear Research),"Brazilian Agricultural Research Corporation; Teixeira Santos, Thiago; Koenigkan, Luciano; Bharti, Dheeraj","This dataset contains high-resolution georeferenced RGB-D data collected from apple orchards using the SEEmear proximal sensing system. The data was acquired at Embrapa's Temperate Climate Fruit Growing Experimental Station (EFCT) in Vacaria, Rio Grande do Sul, Brazil, during field tests conducted in March 2025. Data Collection System: SEEmear integrates stereo cameras (ZED X, Stereolabs Inc.) with high-resolution global-shutter sensors (1920 × 1200 pixels), wide-angle lenses, and integrated IMUs, mounted on a mobile platform. The system includes RTK-GNSS positioning (Reach M2 rover and Reach RS3 base station) for centimeter-level accuracy, enabling precise georeferencing of all captured data. Dataset Contents: RGB-D stereo imagery at 30 fps IMU measurements synchronized with camera frames GNSS RTK positioning data GPS time synchronization for temporal consistency Orchard Characteristics: Apple cultivars: Fuji Training systems: palmette Camera-to-tree distance: 1.0-1.5 meters Data acquisition speed: approximately 5 km/h Applications: This dataset supports research in precision agriculture, plant phenotyping, and agricultural robotics, including: fruit detection and counting, 3D reconstruction and mapping, trunk and canopy structure analysis, SLAM algorithm development, and multi-view stereo reconstruction. Data Format: Complete RGB-D camera footage with associated IMU readings (SVO2 files) and georeferenced positioning data (POS), enabling accurate 3D point cloud generation and temporal mapping of orchard structures at sub-centimeter resolution. For reading data from SVO2, users should use the freely available Stereolabs ZED SDK.",OpenAlex,Q1;Q3,yes,medium,"retain because of mechanism signal: target-specific detection, segmentation, tracking, or counting; full-text review required",219,88,40,0,23,12,48,0,B,fruit_multiview_or_3d,cross-view association; 3D reconstruction; depth or point cloud; counting or inventory; fruit target; horticultural setting; instance perception; quantitative evaluation,,priority-v1.0-title-abstract-scored-diversified,needs_manual_retrieval,not_found_or_restricted,pending,526
12,quota:fruit_multiview_or_3d,12,R-74aceb0b2fa24bac,10.18174/681804,From perception to phenotyping: drone-based simultaneous localization and mapping for precision woody crop management,2026,,Kaiwen Wang,"Global agriculture increasingly requires production systems that can deliver higher efficiency, lower environmental impact, and more precise management under conditions of labor scarcity, climate variability, and sustainability pressure. In perennial woody crop systems such as orchards and vineyards, this requires spatially consistent information at plant and fruit level. This thesis, From Perception to Phenotyping: Drone-based Simultaneous Localization and Mapping for Precision Woody Crop Management, advances UAV-based monocular SLAM and 3D perception methods for robust, semantically meaningful mapping in complex agricultural environments.The thesis first reviews the state of UAV-based SLAM in outdoor environments through a systematic scoping review of 97 studies published between 2003 and 2022. The review shows that existing research is largely algorithm-oriented and often evaluated in urban or simulated environments, while agricultural scenarios and field-based benchmarking remain underrepresented. Building on these gaps, the thesis benchmarks monocular UAV-based localization and mapping methods in vineyards, comparing Structure-from-Motion, ORB-SLAM3, and DROID-SLAM under different flight patterns, viewing geometries, and illumination conditions. Results demonstrate that deep learning-based SLAM can substantially improve positional accuracy and point cloud resolution compared with feature-based SLAM, whereas feature-based methods remain advantageous for real-time efficiency.The thesis then moves from geometric reconstruction toward semantic and instance-aware mapping by proposing a UAV-based monocular panoptic mapping framework for apple orchards. By integrating Grounded-SAM2 for instance segmentation and tracking, Structure-from-Motion for multi-view reconstruction, and DeepSDF for implicit fruit shape completion, the framework enables sparse-view 3D reconstruction of individual fruits within orchard scenes. This demonstrates the potential of linking UAV-based spatial mapping with fruit-level phenotyping despite occlusions and partial observations.Finally, the thesis addresses visual SLAM robustness in agrivoltaic orchards, where photovoltaic panels introduce persistent shadows, high contrast, and unstable illumination. A Retinex-based illumination-aware enhancement strategy is investigated to improve localization, mapping, and tree-level phenotypic trait estimation. Results indicate reduced absolute pose error and more consistent tree height estimation after enhancement.Overall, this thesis demonstrates that UAV-based monocular SLAM, when combined with semantic perception and shape completion, can bridge the gap between robotic perception and precision orchard phenotyping. The findings contribute to the development of lightweight, flexible, and field-relevant aerial robotic systems for sustainable woody crop management.",OpenAlex,Q2;Q3;Q5,yes,medium,retain because of mechanism signal: object or instance perception; full-text review required,219,76,40,0,23,24,48,0,B,fruit_multiview_or_3d,cross-view association; 3D reconstruction; depth or point cloud; fruit target; horticultural setting; instance perception; quantitative evaluation; prior review,,priority-v1.0-title-abstract-scored-diversified,needs_manual_retrieval,not_found_or_restricted,pending,7657
13,quota:fruit_multiview_or_3d,13,R-d4270ea8ab11f268,10.20965/jrm.2026.p0449,LiDAR–Camera Fusion for 3D Fruit Counting and Density Mapping in Horizontal Trellis Orchards,2026,Journal of Robotics and Mechatronics,"Lee, Jaehwan (59920036600); Ohata, Meguna (60597712900); Itoh, Hiromichi (16197704400); Morimoto, Eiji (59633328300)","This study presents a real-time fruit monitoring system that integrates light detection and ranging (LiDAR) and RGB camera data for 3D fruit counting and spatial density mapping in horizontal trellis pear orchards. The system employs instance-level sensor fusion, combining YOLO-based 2D fruit detection with SLAM-generated 3D point clouds to localize and track individual fruits. A customized temporal tracking algorithm mitigates duplicate counts, while center-based spatial filtering improves detection accuracy. Among the four evaluated YOLO models, YOLOv11s was selected based on its F1-score, lowest false negatives (FN) count, and real-time performance. Field validation in a 6 m × 70 m orchard plot demonstrated high counting accuracy (96.2%) and reliable spatial density estimation, with a mean absolute error of 0.64 fruits/m 2 . The system effectively identified yield variations across different orchard regions. These findings support the use of LiDAR–camera fusion for scalable, high-precision fruit monitoring in orchard environments, particularly in labor-intensive horizontal trellis systems.",Scopus;OpenAlex,Q1;Q3;Q7,yes,medium,retain because of mechanism signal: object or instance perception; full-text review required,218,72,64,0,23,0,48,0,B,fruit_multiview_or_3d,duplicate resolution; depth or point cloud; counting or inventory; fruit target; horticultural setting; fruit instance operation; instance perception; quantitative evaluation,,priority-v1.0-title-abstract-scored-diversified,reviewed,retrieved,include,87
14,quota:fruit_multiview_or_3d,14,R-386be29fc903a185,,Fruit Detection and Tree Segmentation for Yield Mapping in Orchards,2017,The Sydney eScholarship Repository (The University of Sydney),Suchet Bargoti,"Accurate information gathering and processing is critical for precision horticulture, as growers aim to optimise their farm management practices. An accurate inventory of the crop that details its spatial distribution along with health and maturity, can help farmers efficiently target processes such as chemical and fertiliser spraying, crop thinning, harvest management, labour planning and marketing. Growers have traditionally obtained this information by using manual sampling techniques, which tend to be labour intensive, spatially sparse, expensive, inaccurate and prone to subjective biases. Recent advances in sensing and automation for field robotics allow for key measurements to be made for individual plants throughout an orchard in a timely and accurate manner. Farmer operated machines or unmanned robotic platforms can be equipped with a range of sensors to capture a detailed representation over large areas. Robust and accurate data processing techniques are therefore required to extract high level information needed by the grower to support precision farming. This thesis focuses on yield mapping in orchards using image and light detection and ranging (LiDAR) data captured using an unmanned ground vehicle (UGV). The contribution is the framework and algorithmic components for orchard mapping and yield estimation that is applicable to different fruit types and orchard configurations. The framework includes detection of fruits in individual images and tracking them over subsequent frames. The fruit counts are then associated to individual trees, which are segmented from image and LiDAR data, resulting in a structured spatial representation of yield. The first contribution of this thesis is the development of a generic and robust fruit detection algorithm. Images captured in the outdoor environment are susceptible to highly variable external factors that lead to significant appearance variations. Specifically in orchards, variability is caused by changes in illumination, target pose, tree types, etc. The proposed techniques address these issues by using state-of-the-art feature learning approaches for image classification, while investigating the utility of orchard domain knowledge for fruit detection. Detection is performed using both pixel-wise classification of images followed instance segmentation, and bounding-box regression approaches. The experimental results illustrate the versatility of complex deep learning approaches over a multitude of fruit types. The second contribution of this thesis is a tree segmentation approach to detect the individual trees that serve as a standard unit for structured orchard information systems. The work focuses on trellised trees, which present unique challenges for segmentation algorithms due to their intertwined nature. LiDAR data are used to segment the trellis face, and to generate proposals for individual trees trunks. Additional trunk proposals are provided using pixel-wise classification of the image data. The multi-modal observations are fine-tuned by modelling trunk locations using a hidden semi-Markov model (HSMM), within which prior knowledge of tree spacing is incorporated. The final component of this thesis addresses the visual occlusion of fruit within geometrically complex canopies by using a multi-view detection and tracking approach. Single image fruit detections are tracked over a sequence of images, and associated to individual trees or farm rows, with the spatial distribution of the fruit counting forming a yield map over the farm. The results show the advantage of using multi-view imagery (instead of single view analysis) for fruit counting and yield mapping. This thesis includes extensive experimentation in almond, apple and mango orchards, with data captured by a UGV spanning a total of 5 hectares of farm area, over 30 km of vehicle traversal and more than 7,000 trees. The validation of the different processes is performed using manual annotations, which includes",OpenAlex,Q1;Q2;Q3;Q4;Q7,yes,medium,retain because of mechanism signal: object or instance perception; full-text review required,217,64,64,18,23,24,20,0,B,fruit_multiview_or_3d,cross-view association; depth or point cloud; counting or inventory; ripeness or variety attribute; fruit target; horticultural setting; fruit instance operation; instance perception,,priority-v1.0-title-abstract-scored-diversified,needs_manual_retrieval,not_found_or_restricted,pending,2433
15,quota:core_identity_or_inventory,15,R-f79247ca29502469,10.1109/tase.2026.3700861,Semantic NeRF-Oriented 3-D Object Counting for Industrial Fruit Harvesting,2026,IEEE Transactions on Automation Science and Engineering,"Wang, Yimo (57424632900); Kang, Bin (55802401800); Liu, Jian (57188882180); Sun, Changyin (35249817500)","Object counting is the core of perception components in the industry system. Nevertheless, real-world occlusion and dense clustering pose significant challenges to fruit harvesting. Existing methods closely rely on physics-agnostic 2D clustering with rigid thresholds, neglecting critical 3D geometric cues in complex scenes. Thus, they suffer from the multi-view double-counting issue. In this paper, we propose a 3D object counting framework that integrates semantic Neural Radiance Fields (NeRF) with a physics-guided adaptive clustering algorithm. In particular, we employ a semantic NeRF to achieve implicit 3D scene reconstruction, which effectively isolates target objects from the background. Based on the semantic NeRF, we introduce a physics-guided adaptive clustering algorithm that exploits physically interpretable features, including surface normals and elevation gradients, for accurate unsupervised point cloud segmentation. Subsequently, an energy function optimization mechanism is utilized to autonomously aggregate multi-dimensional features for dynamically adjusting clustering thresholds, which enables the 3D counting to adapt to diverse fruit morphologies without manual parameter tuning. Extensive experiments on both synthetic and real-world datasets demonstrate the superiority of the proposed framework, which improves counting accuracy by an average of 9.0 percentage points (6.9 pp on synthetic, 7.2 pp on real-world, and 12.9 pp on Fuji) over the state-of-the-art 3-D baseline.",Scopus;OpenAlex,Q1;Q2;Q3,yes,medium,"retain because of mechanism signal: target-specific detection, segmentation, tracking, or counting; full-text review required",211,102,54,0,0,24,20,0,A,core_identity_or_inventory,duplicate resolution; cross-view association; depth or point cloud; counting or inventory; fruit target; fruit instance operation; prior review; transfer geometry mechanism,,priority-v1.0-title-abstract-scored-diversified,needs_manual_retrieval,not_found_or_restricted,pending,1772
16,quota:fruit_multiview_or_3d,16,R-c901063b9cc69fc9,10.1016/j.dib.2021.107629,PFuji-Size dataset: A collection of images and photogrammetry-derived 3D point clouds with ground truth annotations for Fuji apple detection and size estimation in field conditions,2021,Data in Brief,"Gené-Mola, Jordi (57208647898); Sanz-Cortiella, Ricardo (37068026200); Rosell-Polo, Joan R. (36839827400); Escolà, Alexandre (15073933600); Gregorio, Eduard (15834312900)","Borkh. cv. Fuji) scanned at different maturity stages and annotated for fruit detection and size estimation. Structure-from-motion and multi-view stereo techniques were used to generate the 3D point clouds of 6 complete Fuji apple trees containing a total of 615 apples. The resulting point clouds were 3D segmented by identifying the 3D points corresponding to each apple (3D instance segmentation), obtaining a single point cloud for each apple. All segmented apples were labelled with ground truth diameter annotations. Since the data was acquired in field conditions and at different maturity stages, the set includes different fruit diameters -from 26.9 mm to 94.8 mm- and different fruit occlusion percentages due to foliage. In addition, 25 apples were photographed 360° in laboratory conditions, obtaining high resolution 3D point clouds of this sub-set. To the best of the authors' knowledge, this is the first publicly available dataset for apple size estimation in field conditions. This dataset was used to evaluate different fruit size estimation methods in the research article titled ""In-field apple size estimation using photogrammetry-derived 3D point clouds: comparison of 4 different methods considering fruit occlusion"" (Gené-Mola et al., 2021).",Scopus;OpenAlex,Q3;Q4,yes,medium,retain because of mechanism signal: object or instance perception; full-text review required,209,76,54,18,18,12,20,0,B,fruit_multiview_or_3d,cross-view association; 3D reconstruction; depth or point cloud; ripeness or variety attribute; fruit target; fruit instance operation; instance perception; benchmark or dataset,,priority-v1.0-title-abstract-scored-diversified,needs_manual_retrieval,not_found_or_restricted,pending,782
17,quota:fruit_multiview_or_3d,17,M-03c2e789df0874ab,10.1016/j.compag.2026.111898,3D reconstruction and segmentation of grape bunches for robotic berry thinning,2026,Computers and Electronics in Agriculture,"Yok-In, Kabin (57423647000); Buayai, Prawit (57193931723); Moeurn, Dear (60565974000); Mao, Xiaoyang (7402841488)","• End-to-end pipeline from neural reconstruction to physical grape berry manipulation. • Efficient point clouds generation using NeRF and the metric scale derived directly from robot kinematics. • RANSAC sphere fitting achieves 92.1% berry detection precision without annotated training data. • Stem-aligned 6-DoF pose optimization improves end-to-end grip success by 17.2%. Table grape thinning requires selective removal of 20–40% of berries from dense clusters. In practice, workers decide which berries to remove by considering both the approximate berry count and local 3D spatial characteristics such as crowding and relative positioning. Automating this task is challenging because conventional 2D image-based approaches suffer from occlusion-related counting errors and lack explicit 3D spatial information necessary for reliable manipulation. We propose a robot-integrated vision pipeline that reconstructs grape bunch structure from posed multi-view RGB images. Neural Radiance Fields (NeRF) is used to learn a volumetric scene representation, from which a dense, low-noise point cloud is extracted via depth back-projection, and RANSAC-based geometric fitting models individual berries and stems, enabling berry-level segmentation and orientation estimation for manipulation planning. The perception pipeline uses an eye-in-hand RealSense D405 camera mounted on a Fanuc CRX-5iA collaborative robot. Camera poses are derived from the robot kinematic chain, allowing the reconstructed point cloud and detected berry centers to be expressed directly in the metric robot base frame without external scale recovery. In robot-mounted RealSense D405 experiments on 10 grape bunches, RANSAC sphere fitting achieved a counting MAE of 0.50 berries, RMSE of 0.71 berries, and mean center localization error of 2.71 mm. On a 52-bunch benchmark, RANSAC sphere fitting outperforms the learning-based SoftGroup++ method for 3D berry instance segmentation (92.1% vs 82.8% average precision) without requiring annotated training data. In 35 manipulation trials, the system achieved an 85.7% pre-grasp reachability rate and an 83.3% conditional target success rate demonstrating an end-to-end pipeline from neural reconstruction to manipulation-ready berry poses.",Scopus;OpenAlex,Q1;Q3;Q7,yes,medium,retain because of mechanism signal: object or instance perception; full-text review required,208,88,54,0,23,12,20,0,B,fruit_multiview_or_3d,cross-view association; 3D reconstruction; depth or point cloud; counting or inventory; fruit target; fruit instance operation; instance perception; quantitative evaluation,,priority-v1.0-title-abstract-scored-diversified,needs_manual_retrieval,not_found_or_restricted,pending,69
18,quota:fruit_multiview_or_3d,18,R-ee550a3e3a6fb318,10.1093/hr/uhac003,Deep-learning-based in-field citrus fruit detection and tracking,2022,Horticulture Research,"Zhang, Wenli (56440513600); Wang, Jiaqi (57216679181); Liu, Yuxin (55571689000); Chen, Kaizhen (57218294376); Li, Huibin (57190163050); Duan, Yulin (55349009200); Wu, Wenbin (55707483300); Shi, Yun (55349546900); Guo, Wei (54414194300)","Fruit yield estimation is crucial for establishing fruit harvest and marketing strategies. Recently, computer vision and deep learning techniques have been used to estimate citrus fruit yield and have exhibited notable fruit detection ability. However, computer-vision-based citrus fruit counting has two key limitations: inconsistent fruit detection accuracy and double-counting of the same fruit. Using oranges as the experimental material, this paper proposes a deep-learning-based orange counting algorithm using video sequences to help overcome these problems. The algorithm consists of two sub-algorithms, OrangeYolo for fruit detection and OrangeSort for fruit tracking. The OrangeYolo backbone network is partially based on the YOLOv3 algorithm, which has been improved upon to detect small objects (fruits) at multiple scales. The network structure was adjusted to detect small-scale targets while enabling multiscale target detection. A channel attention and spatial attention multiscale fusion module was introduced to fuse the semantic features of the deep network with the shallow textural detail features. OrangeYolo can achieve mean Average Precision (mAP) values of 0.957 in the citrus dataset, higher than the 0.905, 0.911, and 0.917 achieved with the YOLOv3, YOLOv4, and YOLOv5 algorithms. OrangeSort was designed to alleviate the double-counting problem associated with occluded fruits. A specific tracking region counting strategy and tracking algorithm based on motion displacement estimation were established. Six video sequences taken from two fields containing 22 trees were used as the validation dataset. The proposed method showed better performance (Mean Absolute Error (MAE) = 0.081, Standard Deviation (SD) = 0.08) than video-based manual counting and produced more accurate results than the existing standards Sort and DeepSort (MAE = 0.45 and 1.212; SD = 0.4741 and 1.3975).",Scopus;OpenAlex,Q1;Q7,yes,medium,"retain because of mechanism signal: target-specific detection, segmentation, tracking, or counting; full-text review required",207,107,54,0,23,12,0,0,B,fruit_multiview_or_3d,duplicate resolution; cross-view association; tracking identity; counting or inventory; fruit target; fruit instance operation; instance perception; quantitative evaluation,,priority-v1.0-title-abstract-scored-diversified,reviewed,retrieved,include,29
19,quota:fruit_multiview_or_3d,19,R-0cab1a5987f0175e,10.1109/c366505.2025.11340275,Performance Evaluation of Detection and Tracking Algorithms for Automated Grape Cluster Counting,2025,C3 2025 - IEEE Colombian Caribbean Conference,"Kemper, Ricardo Jesus Huaman (58068884300); Manrique, Pedro Antonio Zamora (60514782200); Rosas, Diego Dustin Herrera (60514782300); Gardini, Sixto Ricardo Prado (57211339556)","The accurate estimation of crop yield is crucial in modern agriculture; however, traditional methods, such as manual counting of grape clusters, often result in errors exceeding 20% and are impractical for large-scale monitoring under variable environmental and climatic conditions. While object detection techniques have been successfully implemented in realworld agricultural scenarios, the integration and performance of multi-object tracking (MOT) algorithms in such dynamic and unstructured environments remains underexplored. This article provides a comparative evaluation of state-of-the-art object detection and tracking methodologies for use in vineyard conditions. Here, two detection methods-YOLOv12 and RF-DETR-were compared in combination with two tracking algorithms-BoTSORT and ByteTrack-to generate four distinct configurations aimed at the automatic counting of grape clusters. Experimental results on a video dataset recorded in agroindustrial vineyards showed that the combination of YOLOv12 with BoT-SORT achieved the highest average relative counting accuracy, with 84.31%. These findings confirm the potential of AI-based techniques for precision agriculture, offering greater accuracy in yield estimation, optimized resource management, and a substantial reduction in reliance on manual labor.",Scopus;OpenAlex,Q1;Q7,yes,medium,retain because of mechanism signal: object or instance perception; full-text review required,201,39,64,0,23,36,28,0,B,fruit_multiview_or_3d,tracking identity; counting or inventory; fruit target; horticultural setting; fruit instance operation; instance perception; quantitative evaluation; prior review,,priority-v1.0-title-abstract-scored-diversified,pending,pending,pending,529
20,quota:oil_palm_direct,20,M-f9cf4506accedb95,10.1016/j.atech.2026.102376,Automated oil palm fruit counting using deep learning for reliable yield estimation in natural background,2026,Smart Agricultural Technology,"Hamdani, Hamdani (57203791510); Septiarini, Anindita (56530676100); Syaifudin, Encik Akhmad (58980651400); Nor Gading, Fazri Rahmad (60740571100); Winarno, Edy (56049606100)","Accurate fruit counting is a critical component of yield estimation and harvest planning in oil palm plantations, yet manual counting remains labor-intensive and unreliable due to dense clustering, occlusion, and illumination variability under real field conditions. To address this challenge, this study introduces a density-aware benchmark dataset comprising 539 high-resolution RGB images of oil palm fresh fruit bunches (FFBs) collected in natural plantation environments in East Kalimantan, Indonesia. The dataset includes instance-level bounding-box annotations and captures substantial variability in fruit density, maturity stages, viewing angles, and lighting conditions. Three state-of-the-art deep learning architectures: YOLOv5, YOLOv8, and Mask R-CNN, were comparatively evaluated under a standardized image-level dataset split and common evaluation protocol. Beyond conventional detection metrics, including Precision, Recall, and mAP, a density-level counting analysis was conducted using Mean Absolute Error (MAE) across low-, medium-, and high-density fruit scenarios. Experimental results demonstrate that YOLOv5 achieved the most balanced overall performance, attaining a Precision of 0.963, Recall of 0.946, F1-score of 0.954, and the lowest global counting error, with an MAE of 4.96 fruits per image. YOLOv8 showed competitive detection capability with stable convergence behavior, while Mask R-CNN provided a complementary instance-based comparison but exhibited increased counting variability in high-density conditions. The findings confirm that lightweight one-stage detectors, particularly YOLOv5, offer a robust trade-off between detection accuracy and counting stability for practical deployment in large-scale oil palm plantations. The proposed density-aware benchmark and evaluation framework establish a reproducible foundation for scalable, AI-driven yield estimation in precision palm oil agriculture.",Scopus;OpenAlex,Q4;Q6;Q7,yes,medium,retain because of mechanism signal: object or instance perception; full-text review required,200,12,64,54,23,36,0,0,B,oil_palm_direct,counting or inventory; oil-palm target; ripeness or variety attribute; fruit target; horticultural setting; fruit instance operation; instance perception; quantitative evaluation,,priority-v1.0-title-abstract-scored-diversified,pending,pending,pending,71
21,quota:prior_review_or_positioning,21,R-eeb11f1ca8284464,10.1109/access.2024.3419835,Palm Oil Counter: State-of-the-Art Deep Learning Models for Detection and Counting in Plantations,2024,IEEE Access,"Naftali, Martinus Grady (57866665500); Hugo, Gregory (58028586700); Suharjito (55390566600)","Traditional palm oil production methods for evaluating fruit bunches (FFBs) are inefficient, costly, and have limited coverage. This study evaluates the performance of various YOLO models and other state-of-the-art object detection models using a novel dataset of oil palm fresh fruit bunches in plantations, captured in the plantation regions of Central Kalimantan Province, Indonesia. The dataset includes five ripeness classes (abnormal, ripe, underripe, unripe, and flower) and presents challenges such as partially visible objects, low contrast scenes, occluded and small objects, and blurry images. The proposed YOLOv8s Depthwise model was compared with other YOLO models, including YOLOv6s, YOLOv6l, YOLOv7 Tiny, YOLOv7l, YOLOv8s, and YOLOv8l. YOLOv8s Depthwise demonstrated a balanced performance, with a compact size (10.6 MB), fast inference time (0.027 seconds), and strong detection accuracy (mAP50 at 0.75, mAP50-95 at 0.481). Its rapid convergence and low training loss highlighted its efficiency, completing training in the shortest time of 2 hours, 18 minutes, and 30 seconds. Furthermore, it achieved low Mean Absolute Error (MAE) of 0.164 and Root Mean Square Error (RMSE) of 0.4, indicating precise counting capability. Hyperparameter tuning revealed that the YOLOv8s Depthwise model achieved optimal performance using the SGD optimizer with a batch size of 16 and a learning rate of 0.001, showing the best balance between accuracy and training efficiency. Data augmentation positively impacted model performance, resulting in improved performance metrics across various models. When evaluated against other state-of-the-art models on the same dataset, including Faster RCNN, SSD MobileNetV2, YOLOv4, and YOLOv9, YOLOv8s Depthwise surpassed other state-of-the-art models, including Faster R-CNN, SSD MobileNetV2, YOLOv4, and EfficientDet-D0 from previous research, in terms of speed, accuracy, and efficiency, making it ideal for real-time palm oil harvesting applications.",Scopus;OpenAlex,Q4;Q6;Q7,yes,medium,retain because of mechanism signal: object or instance perception; full-text review required,200,12,64,54,23,36,0,0,D,prior_review_or_positioning,counting or inventory; oil-palm target; ripeness or variety attribute; fruit target; horticultural setting; fruit instance operation; instance perception; quantitative evaluation,,priority-v1.0-title-abstract-scored-diversified,pending,pending,pending,1402
22,quota:transfer_mechanism,22,R-b4e85e6711322ed3,10.20965/ijat.2026.p0308,Comparison of 3D Point Cloud Acquisition Accuracy in a Large-Scale Japanese Pear Tree Orchard,2026,International Journal of Automation Technology,"Shibata, Kohei (60736212100); Kochi, Nobuo (6602217443); Hamada, Kazutoshi (35240074200)","Practical three-dimensional (3D) phenotyping in large-scale orchards with repetitive row structures remains challenging, and systematic evidence comparing both accuracy and acquisition efficiency under outdoor conditions remains limited. This study presents a field-deployable evaluation framework and implements it in a 2-ha commercial Japanese pear orchard trained under a joint V-trellis system. Using a terrestrial laser scanner (TLS) as the reference, we evaluated two handheld LiDAR systems (a low-cost SLAM-based system and a high-performance system), structure from motion / multi-view stereo (SfM/MVS) reconstructions from three camera platforms (a digital camera, an action camera, and a 360° camera), and 3D Gaussian splatting (3DGS) constructed from action-camera video. Measurements were taken at two spatial scales to capture scale-dependent effects. In the span-scale survey (4 m), location error was derived from TLS-referenced target coordinate differences, and reconstruction error was quantified using cloud-to-mesh distances with cubic targets. In the row-scale survey (one tree row), positional stability during continuous mapping was evaluated as location error. Operational metrics (acquisition time, data volume, and processing effort) were also documented. The results demonstrate clear trade-offs among the methods: LiDAR enables rapid wide-area acquisition but is susceptible to cumulative drift in row-structured environments, whereas SfM/MVS provides superior geometric fidelity at the cost of increased time and data volume. Although 3DGS is less suitable for precise quantitative measurement, it demonstrates strong potential for intuitive visualization of orchard structure and fruit distribution. These findings highlight the need for staged, purpose-specific, and seasonally adaptive strategies for orchard-scale digital twin development.",Scopus;OpenAlex,Q3,yes,medium,retain because of mechanism signal: broad visual target-operation evidence; full-text review required,199,76,40,0,0,24,48,0,D,transfer_mechanism,cross-view association; 3D reconstruction; depth or point cloud; fruit target; horticultural setting; prior review; transfer identity mechanism; transfer geometry mechanism,,priority-v1.0-title-abstract-scored-diversified,pending,pending,pending,2406
23,quota:transfer_mechanism,23,R-c7f5a65fd3f978a0,10.18174/681245,Data association for building world models in agriculture,2025,,David Rapado-Rincón,"The agricultural sector faces growing pressure to produce more food with less labor. Robots and automation can help, but agricultural environments are complex, cluttered, and highly dynamic. For a robot to work well in such environments, it needs to understand its surroundings by building an internal representation of the world called a world model. This thesis focuses on advancing symbolic and neuro-symbolic world models, which offer greater interpretability and verifiability compared to purely sub-symbolic approaches. The main challenge addressed is Multi-Object Tracking (MOT), particularly the data association problem, which is essential in a world model for maintaining persistent object identities over time amidst significant occlusion, appearance variation and sensor noise.This research presents a progression of novel MOT methodologies designed for agricultural applications. It begins by establishing a baseline symbolic tracker using Kalman filters and geometric features, demonstrating the inherent limitations of such approaches in cluttered conditions (Chapter 2). To overcome these limitations, a neuro-symbolic method, MinkSORT, is introduced, which leverages sparse 3D convolutional networks to learn discriminative feature embeddings from point cloud data. This significantly improves data association by combining learned 3D features with positional information, enhancing tracking robustness against occlusion (Chapter 3). Further advancing the state-of-the-art, the thesis presents MOT-DETR, an integrated, transformer-based architecture that performs simultaneous 3D object detection and tracking. By fusing multi-modal (RGB and 3D) data, MOT-DETR demonstrates superior performance in scenarios with challenging camera motion and severe occlusions compared to two-stage methods (Chapters 4 and 5). The principles of robust data association are then scaled to large-scale environmental mapping with Tree-SLAM. This symbolic system integrates a novel data association algorithm with factor graph optimization to create accurate, geo-referenced orchard maps by using tree trunks as landmarks, achieving high precision even with unreliable GPS data (Chapter 6).In conclusion, this thesis makes significant contributions to robust perception for agricultural robotics by developing a series of state-of-the-art MOT systems. The findings underscore the important role of robust data association strategies and the efficacy of learned 3D and multi-modal features in building accurate world models. This work advances the development of more capable and autonomous agricultural systems, addressing the main challenges in modern food production.",OpenAlex,Q3,yes,medium,retain because of mechanism signal: object or instance perception; full-text review required,198,77,18,0,23,24,48,0,D,transfer_mechanism,association; tracking identity; depth or point cloud; horticultural setting; instance perception; quantitative evaluation; prior review; transfer identity mechanism,,priority-v1.0-title-abstract-scored-diversified,pending,pending,pending,3722
24,quota:core_identity_or_inventory,24,R-1659fedd86bd7cd3,10.1109/isitsc64373.2024.00013,Utilizing NeRF-Based Rays for Spatial Perception in Fruit Counting Deduplication,2024,"Proceedings - 2024 International Symposium on Internet of Things and Smart Cities, ISITSC 2024","Zhou, Chong (59526732900); Xu, Fei (59526516500); Huang, Ansheng (59526947100); Wang, Chenhuizi (58866655800); Zhang, Wenli (56440513600)","Accurate fruit counting is essential for effective management in orchards and plantations. Traditionally, quantifying fruits like citrus on trees involves labor-intensive manual counting. Recently, computer vision-based automated methods have emerged as a viable alternative. However, these methods often struggle with issues like occlusion by leaves and duplicate counts due to multiple appearances in the image frame. This study proposes the integration of 2D detection techniques with 3D reconstruction technologies, utilizing Rays in Neural Radiance Fields(NeRF) to overcome these challenges and enhance the precision of fruit counting on individual trees. The implementation involves targeted training of the YOLOv8 model, combined with NVIDIA's instant-ngp for swift NeRF reconstruction, and further refined by data clustering via the DBSCAN algorithm. This approach markedly increases the detection accuracy especially for a single fruit tree, resulting in a mean absolute error (MAE) of 1.5 oranges with a prediction accuracy of 90.625%, effectively refining fruit counting evaluations for a single fruit tree.",Scopus;OpenAlex,Q1,yes,medium,"retain because of mechanism signal: target-specific detection, segmentation, tracking, or counting; full-text review required",196,96,64,0,5,0,20,0,A,core_identity_or_inventory,duplicate resolution; 3D reconstruction; depth or point cloud; counting or inventory; fruit target; horticultural setting; fruit instance operation; quantitative evaluation,,priority-v1.0-title-abstract-scored-diversified,pending,pending,pending,425
25,quota:fruit_multiview_or_3d,25,R-42076fdd591b031b,10.1016/j.compag.2021.106343,In-field apple size estimation using photogrammetry-derived 3D point clouds: Comparison of 4 different methods considering fruit occlusions,2021,Computers and Electronics in Agriculture,"Gené-Mola, Jordi (57208647898); Sanz-Cortiella, Ricardo (37068026200); Rosell-Polo, Joan R. (36839827400); Escolà, Alexandre (15073933600); Gregorio, Eduard (15834312900)","In-field fruit monitoring at different growth stages provides important information for farmers. Recent advances have focused on the detection and location of fruits, although the development of accurate fruit size estimation systems is still a challenge that requires further attention. This work proposes a novel methodology for automatic in-field apple size estimation which is based on four main steps: 1) fruit detection; 2) point cloud generation using structure-from-motion (SfM) and multi-view stereo (MVS); 3) fruit size estimation; and 4) fruit visibility estimation. Four techniques were evaluated in the fruit size estimation step. The first consisted of obtaining the fruit diameter by measuring the two most distant points of an apple detection (largest segment technique). The second and third techniques were based on fitting a sphere to apple points using least squares (LS) and M−estimator sample consensus (MSAC) algorithms, respectively. Finally, template matching (TM) was applied for fitting an apple 3D model to apple points. The best results were obtained with the LS, MSAC and TM techniques, which showed mean absolute errors of 4.5 mm, 3.7 mm and 4.2 mm, and coefficients of determination (R2) of 0.88, 0.91 and 0.88, respectively. Besides fruit size, the proposed method also estimated the visibility percentage of apples detected. This step showed an R2 of 0.92 with respect to the ground truth visibility. This allowed automatic identification and discrimination of the measurements of highly occluded apples. The main disadvantage of the method is the high processing time required (in this work 2760 s for 3D modelling of 6 trees), which limits its direct application in large agricultural areas. The code and the dataset have been made publicly available and a 3D visualization of results is accessible at http://www.grap.udl.cat/en/publications/apple_size_estimation_SfM.",Scopus;OpenAlex,Q3,yes,medium,"retain because of mechanism signal: target-specific detection, segmentation, tracking, or counting; full-text review required",196,76,54,0,23,12,20,0,B,fruit_multiview_or_3d,cross-view association; 3D reconstruction; depth or point cloud; fruit target; fruit instance operation; instance perception; quantitative evaluation; benchmark or dataset,,priority-v1.0-title-abstract-scored-diversified,pending,pending,pending,776
26,quota:transfer_mechanism,26,R-5e7bc7921f4a7e10,10.1061/9780784487020.046,3D Pedestrian Tracking and Yaw Extraction in Large-Scale Synthetic Urban Video via RGB-D Multi-Camera Fusion,2026,International Conference on Transportation and Development 2026: Transportation Planning and Operations - Selected papers from the International Conference on Transportation and Development 2026,"Kadav, Parth (57211998448); Selvakumar, Balaji (60108849500); Fanas Rojas, Johan (57216544832); Saroj, Abhilasha (57207575386); Shoman, Maged (57223960680)","We propose a modular pipeline for accurate pedestrian detection, tracking, and 3D localization using calibrated multi-camera RGB-D inputs. Inspired by recent efforts on cluster-based multi-camera association, particularly the Cluster Self-Refinement framework, our 2D tracking stage combines object detection, human pose estimation, and appearance-based re-identification to establish consistent global identities across views. Leveraging precise camera calibration, we perform perspective projection to map 2D detections into a shared world frame, enabling spatial reasoning and robust cross-view associations. Using high-resolution depth maps from a large-scale, synthetically generated dataset (NVIDIA Omniverse), we reconstruct global point clouds and extract pedestrian-level 3D bounding boxes through spatial clustering. Orientation (yaw) is estimated using both motion cues and geometry-based alignment. Our system achieves reliable multi-view 3D tracking and localization in crowded urban scenes, offering direct applications to pedestrian behavior analysis, infrastructure design, and risk assessment in transportation environments.",Scopus;OpenAlex,Q2,yes,medium,retain because of mechanism signal: object or instance perception; full-text review required,196,92,30,0,23,12,28,0,D,transfer_mechanism,re-identification; cross-view association; depth or point cloud; fruit target; instance perception; quantitative evaluation; benchmark or dataset; transfer identity mechanism,,priority-v1.0-title-abstract-scored-diversified,pending,pending,pending,2392
27,quota:fruit_multiview_or_3d,27,M-cb0a5c723f35ab70,10.1016/j.atech.2026.102177,FlyYOLO-SORT: A lightweight detection and multi-object tracking framework for tephritid fruit flies towards automated phytosanitary monitoring,2026,Smart Agricultural Technology,"Chen, Li (60521096200); Li, Zitao (60521132600); Du, Heming (57210356593); Zhang, Zibo (60520924800); Cheng, Daifeng (55613545900); Liu, Gang (57374481500); Zheng, Tianyu (60521097200); Liu, Qifei (59044924500); Yang, Ding (57204394470); Jiang, Fan (57118758100); Yu, Xin (57191429254); Wang, Yan (57223332726); Li, Xuankun (55416777100)","Real-time monitoring of tephritid fruit flies is essential for effective agricultural pest control and stringent plant quarantine measures. Most existing computer vision approaches primarily focus on static images derived from sticky traps. The absence of temporal motion information makes it difficult for these methods to maintain robust tracking performance when targets undergo fast and drastic movements, morphological blurring, and mutual occlusion. To overcome these limitations, mining and utilizing temporal motion features is critical, with high-precision multi-object tracking (MOT) serving as the foundation. Using Bactrocera dorsalis and Bactrocera correcta as case studies, we construct a high-performance detection and MOT framework designed for video monitoring. First, we propose FlyYOLO, a lightweight detector based on YOLOv11n. By fusing deep and shallow features, the detector is encouraged to focus on subtle dorsal features of the fruit flies, thereby improving classification accuracy. Simultaneously, a bounding box scoring mechanism is introduced to further optimize localization precision. Second, using FlyYOLO as the base detector, we propose FlyYOLO-SORT, an algorithm based on the tracking-by-detection (TBD) paradigm. We design a Dual-Box Complementary Fusion (DBCF) strategy to effectively integrate the strengths of Axis-Aligned Bounding Boxes and Oriented Bounding Boxes to generate high-quality detection results. Additionally, an Angle-Aware Euclidean Metric (AEM) is proposed for data association, significantly enhancing tracking robustness in complex scenarios involving frequent occlusion and irregular flight. On our dataset, FlyYOLO-SORT achieves outstanding performance with 48.26% HOTA, 80.15% MOTA, 56.01% MOTP, and 81.96% IDF1. Compared to ByteTrack, it reduces ID switches by 52.3%. Experimental results demonstrate that the proposed method enables efficient and stable MOT of fruit flies, providing reliable technical support for applications such as population counting and behavioral analysis of insects exhibiting complex motion patterns.",Scopus;OpenAlex,Q1;Q7,yes,medium,retain because of mechanism signal: object or instance perception; full-text review required,195,67,54,0,23,12,28,0,B,fruit_multiview_or_3d,association; tracking identity; counting or inventory; fruit target; fruit instance operation; instance perception; quantitative evaluation; benchmark or dataset,,priority-v1.0-title-abstract-scored-diversified,pending,pending,pending,1677
28,quota:transfer_mechanism,28,R-14e8ffb11f0e64fd,10.1016/j.procs.2025.04.281,A Comprehensive Deep Learning Model for Improved Person Re-identification Using Multi-Camera Streaming Pipeline,2025,Procedia Computer Science,"Devarshi, Patel (59927214200); Yash, Chauhan (59926412300); Patel, Meghna B. (57202986352); Raval, Dhaval K. (59523354100)","The growing importance of multi-camera person Re-ID reflects its significance in computer vision. While single-camera tracking has advanced, maintaining identification across multiple cameras remains challenging due to factors like occlusion, appearance changes, camera motion, and lighting conditions. In this proposed research work, present a comprehensive multi-camera person Re-ID process designed to address these challenges by leveraging advanced detection and tracking methodologies. The process begins with the utilization of the state-of-the-art YOLOv8n and lightweight object detection model, specifically for person detection. This model efficiently identifies and localizes individuals within the video frames captured by multiple cameras, each covering a unique perspective within the monitored environment. The system integrates DeepSORT trained on the MARS dataset for multiple object tracking (MOT) to maintain consistent identification across video frames. Following person detection and tracking, a custom transformer model built on the TorchReID framework is employed to analyze and compare bounding boxes of detected persons, ensuring that the identified individuals are accurately associated with existing IDs. The Re-ID process is further enhanced by custom trained OSNet_x1_0 and ResNet50 models. These models, trained on a combination of the Market1501 dataset and the UNI09 custom dataset, extract rich and discriminative feature embeddings. The integration of these models has achieved high accuracy in identifying individuals across multiple camera views. Notably, OSNet_x1_0 achieves 98.4% mAP and ResNet50 reaches 96.1% mAP on Market1501. The integration of these models into the Re-ID pipeline has achieved high accuracy in identifying individuals across multiple camera views. Experimental results demonstrate the system’s ability to maintain accurate person identification across cameras, achieving high consistency. This outcome highlights the effectiveness of proposed approach.",Scopus;OpenAlex,Q2,yes,medium,retain because of mechanism signal: object or instance perception; full-text review required,195,97,0,0,23,36,28,0,D,transfer_mechanism,re-identification; cross-view association; tracking identity; instance perception; quantitative evaluation; prior review; benchmark or dataset; transfer identity mechanism,,priority-v1.0-title-abstract-scored-diversified,pending,pending,pending,2251
29,quota:transfer_mechanism,29,R-15525c90d9bffc97,10.1109/iccvw69036.2025.00553,MCBLT: Multi-Camera Multi-Object 3D Tracking in Long Videos,2025,"Proceedings - 2025 IEEE/CVF International Conference on Computer Vision Workshops, ICCV-W 2025","Wang, Yizhou (60391305400); Meinhardt, Tim (57200612027); Cetintas, Orcun (57246032600); Yang, Cheng-Yen (57226342947); Pusegaonkar, Sameer S. (57216743182); Missaoui, Benjamin (57536671800); Biswas, Sujit (58570690000); Tang, Zheng (57189590145); Leal-Taixé, Laura (35758586600)","Object perception from multi-view cameras is crucial for intelligent systems, particularly in indoor environments, e.g., warehouses, retail stores, and hospitals. Most traditional multi-target multi-camera (MTMC) detection and tracking methods rely on 2D object detection, single-view multi-object tracking (MOT), and cross-view re-identification (ReID) techniques, without properly handling important 3D information by multi-view image aggregation. In this paper, we propose a 3D object detection and tracking framework, named MCBLT, which first aggregates multi-view images with necessary camera calibration parameters to obtain 3D object detections in bird's-eye view (BEV). Then, we introduce hierarchical graph neural networks (GNNs) to track these 3D detections in BEV for MTMC tracking results. Unlike existing methods, MCBLT has impressive generalizability across different scenes and diverse camera settings, with exceptional capability for long-term association handling. As a result, our proposed MCBLT establishes a new state-of-the-art on the AICity'24 dataset with 81.22 HOTA, and on the WildTrack dataset with 95.6 IDF1.<sup xmlns:mml=""http://www.w3.org/1998/Math/MathML"" xmlns:xlink=""http://www.w3.org/1999/xlink"">†</sup><sup xmlns:mml=""http://www.w3.org/1998/Math/MathML"" xmlns:xlink=""http://www.w3.org/1999/xlink"">†</sup>The source code will be released at https://github.com/nv-dvl/sushiverse.",Scopus;OpenAlex,Q2,yes,medium,retain because of mechanism signal: object or instance perception; full-text review required,195,97,0,0,23,36,28,0,D,transfer_mechanism,re-identification; cross-view association; tracking identity; instance perception; quantitative evaluation; prior review; benchmark or dataset; transfer identity mechanism,,priority-v1.0-title-abstract-scored-diversified,pending,pending,pending,2252
30,quota:fruit_multiview_or_3d,30,R-408d13511cac4177,10.3390/s16111915,"Image based mango fruit detection, localisation and yield estimation using multiple view geometry",2016,Sensors (Switzerland),"Stein, Madeleine (57191994380); Bargoti, Suchet (56811452600); Underwood, James (17347180400)","This paper presents a novel multi-sensor framework to efficiently identify, track, localise and map every piece of fruit in a commercial mango orchard. A multiple viewpoint approach is used to solve the problem of occlusion, thus avoiding the need for labour-intensive field calibration to estimate actual yield. Fruit are detected in images using a state-of-the-art faster R-CNN detector, and pair-wise correspondences are established between images using trajectory data provided by a navigation system. A novel LiDAR component automatically generates image masks for each canopy, allowing each fruit to be associated with the corresponding tree. The tracked fruit are triangulated to locate them in 3D, enabling a number of spatial statistics per tree, row or orchard block. A total of 522 trees and 71,609 mangoes were scanned on a Calypso mango orchard near Bundaberg, Queensland, Australia, with 16 trees counted by hand for validation, both on the tree and after harvest. The results show that single, dual and multi-view methods can all provide precise yield estimates, but only the proposed multi-view approach can do so without calibration, with an error rate of only 1.36% for individual trees.",Scopus;OpenAlex,Q1;Q2;Q3,yes,medium,"retain because of mechanism signal: target-specific detection, segmentation, tracking, or counting; full-text review required",194,52,64,0,23,24,20,0,B,fruit_multiview_or_3d,cross-view association; depth or point cloud; fruit target; horticultural setting; fruit instance operation; instance perception; quantitative evaluation; prior review,,priority-v1.0-title-abstract-scored-diversified,reviewed,retrieved,include,5
31,quota:core_identity_or_inventory,32,R-bb95904bdbfaea33,10.1016/j.atech.2025.101088,Orange yield estimation using object tracking and 3D reconstruction,2025,Smart Agricultural Technology,"Hassan, Amna (59326332600); Mumtaz, Rafia (16176156800); Palade, Vasile (6701857025); Amin, Arslan (58549483700); Mahmood, Zahid (59268352400); Khan, Noorullah (54581048800); Noman, Muhammad (59597587200); Imran, Muhammad (58153251900); Wicha, Santichai (55003468200)","The labor-intensive nature of agriculture, particularly in tasks such as yield estimation of fruits, is a significant challenge. Yield estimation is crucial for the better management of the resources and for taking adequate measures for the transportation, storage, and export of the fruits. It also helps the farmers to estimate the total pricing of the yield. However, counting fruits directly on trees for yield estimation presents an obstacle due to their dispersed nature and often dense foliage. Therefore, we propose that reasonably accurate fruit yield estimation can be automated with a handheld camera. The dataset is curated by capturing and annotating 1451 images of orange trees. The dataset is augmented and processed in different ways to evaluate the performance of YOLOv8 for the detection of oranges. Then the Byte tracker is deployed to track oranges in consecutive video frames. Further, we have classified the fruits into two categories, ripe and unripe using MobileVit. The 2D fruits detected by YOLOv8 are projected to a 3D space for a more detailed analysis of the scene. Subsequently, the clustering algorithm is applied to the 3D projections of the detected objects to estimate per tree yield. On images, YOLOv8 nano has achieved a precision of 78.2% and recall of 69.7% on the test set. Moreover, for ripeness stage classification, MobileVit has achieved an accuracy of 97.8% and 86.7% on a test set containing 2 classes and 3 classes, respectively. Testing our proposed solution on videos shows that the algorithm is achieving good results on trees with less leaf occlusion. This paper demonstrates that preprocessing techniques can aid the detection model to achieve high detection rates. Furthermore, per tree yield of an orange orchard can be estimated by using video input. This offers an automated solution to the laborious task of fruit yield estimation in agricultural settings, that can help to optimize orange production.",Scopus;OpenAlex,Q1,yes,medium,retain because of mechanism signal: object or instance perception; full-text review required,193,63,64,18,5,12,20,0,A,core_identity_or_inventory,tracking identity; 3D reconstruction; counting or inventory; ripeness or variety attribute; fruit target; horticultural setting; fruit instance operation; quantitative evaluation,,priority-v1.0-title-abstract-scored-diversified,pending,pending,pending,628
32,quota:prior_review_or_positioning,31,R-267b604f8f9156e6,10.3389/fpls.2026.1879872,A review: research progress on intelligent technologies for orchard yield monitoring,2026,Frontiers in Plant Science,Shengyi Zhao; Han Lin; Yong Jiang; Jizhan Liu,"monitoring remains challenging because commercial orchards are characterized by severe canopy occlusion, fruit overlap, heterogeneous tree architecture, variable illumination, and complex backgrounds. This review synthesizes advances in multi-modal sensing and deep learning for orchard yield estimation, breaking down the paradigm into intermediate fruit-counting or crop-load monitoring steps and supplementary spectral quality-assessment dimensions. First, yield-related indicators are summarized, including direct phenotypic traits such as fruit number, size, volume, and spatial distribution, as well as indirect structural and physiological proxies such as canopy volume, vegetation indices, flowering intensity, and spectral maturity attributes. Second, representative sensing devices and carrying platforms are reviewed, including red-green-blue (RGB) cameras, red-green-blue-depth (RGB-D) sensors, light detection and ranging (LiDAR), hyperspectral and multispectral systems, unmanned ground vehicles (UGVs), and unmanned aerial vehicles (UAVs). Third, the evolution of estimation methods is discussed, from traditional image processing and machine learning to object detection, instance segmentation, multi-object tracking, point-cloud analysis, remote-sensing regression, and multi-modal fusion. The review shows that no single sensor or algorithm can satisfy all orchard monitoring requirements. Ground-based vision and depth sensing are more suitable for fine-scale fruit counting and sizing, whereas UAV and spectral sensing provide advantages for regional yield mapping and quality-enhanced assessment. Future research should emphasize occlusion-aware perception, robust cross-environment generalization, lightweight edge deployment, standardized benchmarks, and integrated quantity-quality monitoring frameworks for actionable crop load management.",OpenAlex,Q1;Q3;Q4;Q5;Q7,yes,medium,retain because of mechanism signal: object or instance perception; full-text review required,193,61,40,18,18,0,48,0,D,prior_review_or_positioning,tracking identity; depth or point cloud; counting or inventory; ripeness or variety attribute; fruit target; horticultural setting; instance perception; transfer identity mechanism,,priority-v1.0-title-abstract-scored-diversified,pending,pending,pending,1699
33,quota:transfer_mechanism,33,R-9eb0f0c7b1a9c041,10.48550/arxiv.2412.00692,MCBLT: Multi-Camera Multi-Object 3D Tracking in Long Videos,2024,arXiv (Cornell University),Yizhou Wang; Tim Meinhardt; Orcun Cetintas; Cheng-Yen Yang,"Object perception from multi-view cameras is crucial for intelligent systems, particularly in indoor environments, e.g., warehouses, retail stores, and hospitals. Most traditional multi-target multi-camera (MTMC) detection and tracking methods rely on 2D object detection, single-view multi-object tracking (MOT), and cross-view re-identification (ReID) techniques, without properly handling important 3D information by multi-view image aggregation. In this paper, we propose a 3D object detection and tracking framework, named MCBLT, which first aggregates multi-view images with necessary camera calibration parameters to obtain 3D object detections in bird's-eye view (BEV). Then, we introduce hierarchical graph neural networks (GNNs) to track these 3D detections in BEV for MTMC tracking results. Unlike existing methods, MCBLT has impressive generalizability across different scenes and diverse camera settings, with exceptional capability for long-term association handling. As a result, our proposed MCBLT establishes a new state-of-the-art on the AICity'24 dataset with $81.22$ HOTA, and on the WildTrack dataset with $95.6$ IDF1.",OpenAlex,Q2,yes,medium,retain because of mechanism signal: object or instance perception; full-text review required,192,97,0,0,23,36,28,0,D,transfer_mechanism,re-identification; cross-view association; tracking identity; instance perception; quantitative evaluation; prior review; benchmark or dataset; transfer identity mechanism,,priority-v1.0-title-abstract-scored-diversified,pending,pending,pending,2195
34,quota:fruit_multiview_or_3d,34,R-d594d85dc382f9ff,10.3390/s23135903,Fruit Detection and Counting in Apple Orchards Based on Improved Yolov7 and Multi-Object Tracking Methods,2023,Sensors,"Hu, Jing (58488224700); Fan, Chuang (58488461200); Wang, Zhoupu (58488343600); Ruan, Jinglin (58488285800); Wu, Suyin (58488285900)","With the increasing popularity of online fruit sales, accurately predicting fruit yields has become crucial for optimizing logistics and storage strategies. However, existing manual vision-based systems and sensor methods have proven inadequate for solving the complex problem of fruit yield counting, as they struggle with issues such as crop overlap and variable lighting conditions. Recently CNN-based object detection models have emerged as a promising solution in the field of computer vision, but their effectiveness is limited in agricultural scenarios due to challenges such as occlusion and dissimilarity among the same fruits. To address this issue, we propose a novel variant model that combines the self-attentive mechanism of Vision Transform, a non-CNN network architecture, with Yolov7, a state-of-the-art object detection model. Our model utilizes two attention mechanisms, CBAM and CA, and is trained and tested on a dataset of apple images. In order to enable fruit counting across video frames in complex environments, we incorporate two multi-objective tracking methods based on Kalman filtering and motion trajectory prediction, namely SORT, and Cascade-SORT. Our results show that the Yolov7-CA model achieved a 91.3% mAP and 0.85 F1 score, representing a 4% improvement in mAP and 0.02 improvement in F1 score compared to using Yolov7 alone. Furthermore, three multi-object tracking methods demonstrated a significant improvement in MAE for inter-frame counting across all three test videos, with an 0.642 improvement over using yolov7 alone achieved using our multi-object tracking method. These findings suggest that our proposed model has the potential to improve fruit yield assessment methods and could have implications for decision-making in the fruit industry.",Scopus;OpenAlex,Q1;Q7,yes,medium,retain because of mechanism signal: object or instance perception; full-text review required,191,39,54,0,23,36,28,0,B,fruit_multiview_or_3d,tracking identity; counting or inventory; fruit target; fruit instance operation; instance perception; quantitative evaluation; prior review; benchmark or dataset,,priority-v1.0-title-abstract-scored-diversified,reviewed,retrieved,include,38
35,quota:transfer_mechanism,35,R-e677c55287a60c53,10.1109/iv47402.2020.9304685,SiaNMS: Non-Maximum Suppression with Siamese Networks for Multi-Camera 3D Object Detection,2020,"IEEE Intelligent Vehicles Symposium, Proceedings","Cortes, Irene (57215361413); Beltran, Jorge (57201860819); De La Escalera, Arturo (6602500615); Garcia, Fernando (14015459700)","The rapid development of embedded hardware in autonomous vehicles broadens their computational capabilities, thus bringing the possibility to mount more complete sensor setups able to handle driving scenarios of higher complexity. As a result, new challenges such as multiple detections of the same object have to be addressed. In this work, a siamese network is integrated into the pipeline of a well-known 3D object detector approach to suppress duplicate proposals coming from different cameras via re-identification. Additionally, associations are exploited to enhance the 3D box regression of the object by aggregating their corresponding LiDAR frustums. The experimental evaluation on the nuScenes dataset shows that the proposed method outperforms traditional NMS approaches.",Scopus;OpenAlex,Q2,yes,medium,retain because of mechanism signal: object or instance perception; full-text review required,191,130,0,0,18,12,20,0,D,transfer_mechanism,duplicate resolution; re-identification; cross-view association; depth or point cloud; instance perception; benchmark or dataset; transfer geometry mechanism,,priority-v1.0-title-abstract-scored-diversified,pending,pending,pending,1923
36,quota:transfer_mechanism,36,R-4faf7f3a7fe2befa,10.3390/agriculture15020175,Automated Phenotypic Analysis of Mature Soybean Using Multi-View Stereo 3D Reconstruction and Point Cloud Segmentation,2025,Agriculture (Switzerland),"Cui, Daohan (59527617600); Liu, Pengfei (59527832500); Liu, Yunong (59528046500); Zhao, Zhenqing (56403609400); Feng, Jiang (55632375400)","Phenotypic analysis of mature soybeans is a critical aspect of soybean breeding. However, manually obtaining phenotypic parameters not only is time-consuming and labor intensive but also lacks objectivity. Therefore, there is an urgent need for a rapid, accurate, and efficient method to collect the phenotypic parameters of soybeans. This study develops a novel pipeline for acquiring the phenotypic traits of mature soybeans based on three-dimensional (3D) point clouds. First, soybean point clouds are obtained using a multi-view stereo 3D reconstruction method, followed by preprocessing to construct a dataset. Second, a deep learning-based network, PVSegNet (Point Voxel Segmentation Network), is proposed specifically for segmenting soybean pods and stems. This network enhances feature extraction capabilities through the integration of point cloud and voxel convolution, as well as an orientation-encoding (OE) module. Finally, phenotypic parameters such as stem diameter, pod length, and pod width are extracted and validated against manual measurements. Experimental results demonstrate that the average Intersection over Union (IoU) for semantic segmentation is 92.10%, with a precision of 96.38%, recall of 95.41%, and F1-score of 95.87%. For instance segmentation, the network achieves an average precision (AP@50) of 83.47% and an average recall (AR@50) of 87.07%. These results indicate the feasibility of the network for the instance segmentation of pods and stems. In the extraction of plant parameters, the predicted values of pod width, pod length, and stem diameter obtained through the phenotypic extraction method exhibit coefficients of determination (R2) of 0.9489, 0.9182, and 0.9209, respectively, with manual measurements. This demonstrates that our method can significantly improve efficiency and accuracy, contributing to the application of automated 3D point cloud analysis technology in soybean breeding.",Scopus;OpenAlex,Q3,yes,medium,retain because of mechanism signal: object or instance perception; full-text review required,190,76,30,18,23,12,20,0,D,transfer_mechanism,cross-view association; 3D reconstruction; depth or point cloud; ripeness or variety attribute; fruit target; instance perception; quantitative evaluation; benchmark or dataset,,priority-v1.0-title-abstract-scored-diversified,pending,pending,pending,827
37,quota:transfer_mechanism,37,R-63ab442b8f619685,10.1109/wacv56688.2023.00168,MEVID: Multi-view Extended Videos with Identities for Video Person Re-Identification,2023,"Proceedings - 2023 IEEE Winter Conference on Applications of Computer Vision, WACV 2023","Davila, Daniel (57438714100); Du, Dawei (56875150100); Lewis, Bryon (57985872300); Funk, Christopher (57191070045); Van Pelt, Joseph (57985652800); Collins, Roderic (7403347573); Corona, Kellie (57221631591); Brown, Matt (57197410231); McCloskey, Scott (16178263100); Hoogs, Anthony (6603254299); Clipp, Brian (24758169600)","In this paper, we present the Multi-view Extended Videos with Identities (MEVID) dataset for large-scale, video person re-identification (ReID) in the wild. To our knowledge, MEVID represents the most-varied video person ReID dataset, spanning an extensive indoor and outdoor environment across nine unique dates in a 73-day window, various camera viewpoints, and entity clothing changes. Specifically, we label the identities of 158 unique people wearing 598 outfits taken from 8, 092 tracklets, average length of about 590 frames, seen in 33 camera views from the very-large-scale MEVA person activities dataset. While other datasets have more unique identities, MEVID emphasizes a richer set of information about each individual, such as: 4 outfits/identity vs. 2 outfits/identity in CCVID, 33 viewpoints across 17 locations vs. 6 in 5 simulated locations for MTA, and 10 million frames vs. 3 million for LS-VID. Being based on the MEVA video dataset, we also inherit data that is intentionally demographically balanced to the continental United States. To accelerate the annotation process, we developed a semi-automatic annotation framework and GUI that combines state-of-the-art real-time models for object detection, pose estimation, person ReID, and multi-object tracking. We evaluate several state-of-the-art methods on MEVID challenge problems and comprehensively quantify their robustness in terms of changes of outfit, scale, and background location. Our quantitative analysis on the realistic, unique aspects of MEVID shows that there are significant remaining challenges in video person ReID and indicates important directions for future research.",Scopus;OpenAlex,Q2,yes,medium,retain because of mechanism signal: object or instance perception; full-text review required,190,97,0,0,18,36,28,0,D,transfer_mechanism,re-identification; cross-view association; tracking identity; instance perception; prior review; benchmark or dataset; transfer identity mechanism,,priority-v1.0-title-abstract-scored-diversified,pending,pending,pending,2101
38,quota:transfer_mechanism,38,R-40534686590e87e7,10.1117/12.2500776,Multi-camera object tracking via deep metric learning,2018,Proceedings of SPIE - The International Society for Optical Engineering,"He, Wanggui (58431522700); Tao, Wei (44761394300); Sun, Keyang (57203317376); Xu, Lingzhi (57190384983); Fu, Qinwei (57203322134); Zhao, Hui (55715792700)","Multi-camera multi-object tracking problem shares the difficulties of both multi-camera information fusion and multiobject data association across time. Top view enjoys nice properties for object detection and tracking, such as information completeness and no occlusion. This paper utilizes the properties to address this problem by transferring object representation to a ‘top view’ from multiple partial views, hence converts multi-camera tracking problem into a singlecamera one. To this end, a detector was applied on each single partial view image firstly. After that, to obtain the representation of these detection resultsin a common top view, we first introduce the ‘real top view supervised transferring’ method, in which, a network was used to transfer the detection-bounding box in partial view to real top view. However, this method depends on top view image as supervision signal during training. We investigate further to eliminate the dependency, so here came the virtual top view, which is in essence a hyperspace. A convolutional network and triplet loss were used to map an object with its position in each partial view to a vector in the hyperspace and supervises the learning of representation respectively. Finally, by applying cluster algorithm on the transferred representation of object in the top view, the information from multiple partial cameras was fused and unified. Tracking on the top view can be formulated as a data association problem, which can be solved by traditional assignment algorithms. Experiment results on our own dataset and EPFL dataset[1] showed the effectiveness of the proposed methods.",Scopus;OpenAlex,Q2,yes,medium,retain because of mechanism signal: object or instance perception; full-text review required,189,85,30,0,23,12,28,0,D,transfer_mechanism,cross-view association; association; tracking identity; fruit target; instance perception; quantitative evaluation; benchmark or dataset; transfer identity mechanism,,priority-v1.0-title-abstract-scored-diversified,pending,pending,pending,2567
39,quota:prior_review_or_positioning,39,R-635c3776f6bd1d1e,10.3389/fpls.2025.1646871,A review of visual perception technology for intelligent fruit harvesting robots,2025,Frontiers in Plant Science,"Huang, Yikun (57209641036); Xu, Shuyan (57196076055); Chen, Hao (57216148656); Li, Gang (60081246700); Dong, Heng (56924175700); Yu, Jie (58738163300); Zhang, Xi (60081713600); Chen, Riqing (56924036300)","With the development of smart agriculture, fruit picking robots have attracted widespread attention as one of the key technologies to improve agricultural productivity. Visual perception technology plays a crucial role in fruit picking robots, involving precise fruit identification, localization, and grasping operations. This paper reviews the research progress in the visual perception technology for fruit picking robots, focusing on key technologies such as camera types used in picking robots, object detection techniques, picking point recognition and localization, active vision, and visual servoing. First, the paper introduces the application characteristics and selection criteria of different camera types in the fruit picking process. Then, it analyzes how object detection techniques help robots accurately recognize fruits and achieve efficient fruit classification. Next, it discusses the picking point recognition and localization technologies, including vision-based 3D reconstruction and depth sensing methods. Subsequently, it elaborates on the adaptability of active vision technology in dynamic environments and how visual servoing technology achieves precise localization. Additionally, the review explores robot mobility perception technologies, focusing on V-SLAM, mobile path planning, and task scheduling. These technologies enhance harvesting efficiency across the entire orchard and facilitate better collaboration among multiple robots. Finally, the paper summarizes the challenges in current research and the future development trends, aiming to provide references for the optimization and promotion of fruit picking robot technology.",Scopus;OpenAlex,Q5,yes,medium,retain because of mechanism signal: object or instance perception; full-text review required,189,24,64,0,18,24,48,0,D,prior_review_or_positioning,3D reconstruction; fruit target; horticultural setting; fruit instance operation; instance perception; prior review; transfer identity mechanism; transfer geometry mechanism,,priority-v1.0-title-abstract-scored-diversified,pending,pending,pending,8431
40,quota:prior_review_or_positioning,40,R-9a1ffe91177d0074,10.48048/tis.2026.13227,Deep Learning for Ripeness Grading of Oil Palm Fresh Fruit Bunches: A Comprehensive Review of Convolutional Neural Network Approaches,2026,Trends in Sciences,"Syahputra, Wahyu Nurkholis Hadi (57223049216); Chaichana, Chatchawan (6505945297); Bundhurat, Damorn (36677015300); Wuttisarnwattana, Patiwet (58745980500); Putra, Bayu Taruna Widjaja (57193233025)","Palm oil is a strategic agricultural crop in Indonesia, Malaysia, and Thailand, contributing significantly to national economies and requiring continuous improvements in harvesting efficiency and mill operations. The growing demand for higher efficiency and consistent quality in palm oil mills has accelerated the adoption of advanced technologies, particularly artificial intelligence (AI), which is increasingly applied across agricultural sectors, including oil palm production. This review aims to examine the development of convolutional neural network (CNN)-based approaches for ripeness grading of oil palm fresh fruit bunches (FFB) using CNN techniques. It provides an overview of research trends and technical progress in this field, showing that Malaysia leads scientific publications related to palm oil ripeness detection, followed by Indonesia. Most existing studies employ 1-stage object detectors, especially YOLO-based architectures, due to their real-time capability and relatively high performance. However, these methods are often trained and evaluated using datasets limited to specific environments, plantation conditions, or fruit varieties, which constrains generalization and large-scale deployment. Key research gaps are identified, including limited dataset diversity, high computational requirements, insufficient integration with Internet of Things (IoT)–based plantation and mill management systems, and the lack of real-time estimation of quality indicators such as free fatty acid (FFA) content and kernel-related attributes. Future research directions highlight the need for multimodal sensing, multi-camera systems, and multi-task learning frameworks that integrate ripeness grading with oil extraction rate (OER) estimation to support more effective operational decision-making in palm oil production systems. HIGHLIGHTS Research on CNN in palm oil has increased since 2017 with the adoption of DL. Malaysia leads publications in palm oil ripeness research, followed by Indonesia and Thailand. One-stage detectors, particularly YOLO-based models, are most commonly used for real-time grading. Most CNN-based systems rely on external visual features for ripeness classification. Multimodal approaches for real-time biochemical assessment remain limited. GRAPHICAL ABSTRACT",Scopus;OpenAlex,Q5;Q6,yes,medium,retain because of mechanism signal: broad visual target-operation evidence; full-text review required,189,30,40,54,18,36,0,0,D,prior_review_or_positioning,cross-view association; oil-palm target; ripeness or variety attribute; fruit target; horticultural setting; instance perception; prior review; benchmark or dataset,,priority-v1.0-title-abstract-scored-diversified,pending,pending,pending,79
41,quota:core_identity_or_inventory,41,R-22a356a76569c44a,10.1038/s41597-025-04953-6,Outdoor RGB and Point Cloud Depth Dataset for Palm Oil Fresh Fruit Bunch Ripeness Classification and Localization,2025,Scientific Data,"Goh, Jin Yu (58684374500); Mohamed Ali, Mohamed Sultan (57217387904); Md Yunos, Yusri (57820815400); Sheikh, Usman Ullah (34267792700); Khan, Muhamad Salman (59759059700)","A multi-modal dataset was developed for palm oil Fresh Fruit Bunch (FFB) assessment in natural plantation environments. Data collection occurred across four diverse locations in Johor, Malaysia, representing variations in environmental conditions. The dataset includes 400 high-resolution RGB images captured with a 50 MP Sony IMX766V sensor, along with 400 depth maps and corresponding point clouds obtained using an Intel RealSense D455f camera. Images account for varying illumination, viewing angles, and distances, simulating real-world field conditions. Binary ripeness annotations adhere to Malaysian Palm Oil Board standards, with spatial registration between RGB and depth data achieving a mean error of 1.8 cm at 3 meters. Expert validation resulted in 92.5% inter-rater agreement. This dataset enables the development of advanced machine learning models for automated ripeness classification and localization, contributing to precision agriculture implementation, harvest optimization, and sustainable production practices in the oil palm industry. The dataset, stored in standardized formats with rich metadata, supports the development of advanced systems for automated ripeness classification and localization in precision agriculture.",Scopus;OpenAlex,Q3;Q6,yes,medium,"retain because of mechanism signal: target-specific detection, segmentation, tracking, or counting; full-text review required",188,22,64,54,5,12,20,0,A,core_identity_or_inventory,depth or point cloud; oil-palm target; ripeness or variety attribute; fruit target; horticultural setting; fruit instance operation; quantitative evaluation; benchmark or dataset,,priority-v1.0-title-abstract-scored-diversified,reviewed,retrieved,include,55
42,quota:transfer_mechanism,42,R-e85ba04928603b1c,10.3390/make8020039,Visual Perception and Robust Autonomous Following for Orchard Transportation Robots Based on DeepDIMP-ReID,2026,Machine Learning and Knowledge Extraction,"Shen, Renyuan (57227669600); Wang, Yong (60417210600); Liu, Huaiyang (58782406100); Gu, Haiyang (57811562300); Geng, Changxing (35336460500); Shi, Yun (55349546900)","Dense foliage, severe illumination variations, and interference from multiple individuals with similar appearances in complex orchard environments pose significant challenges for vision-based following robots in maintaining persistent target perception and identity consistency, thereby compromising the stability and safety of fruit transportation operations. To address these challenges, we propose a novel framework, DeepDIMP-ReID, which integrates the Deep Implicit Model Prediction (DIMP) tracker with a person re-identification (ReID) module based on EfficientNet. This visual perception and autonomous following framework is designed for differential-drive orchard transportation robots, aiming to achieve robust target perception and reliable identity maintenance in unstructured orchard settings. The proposed framework adopts a hierarchical perception–verification–control architecture. Visual tracking and three-dimensional localization are jointly achieved using synchronized color and depth data acquired from a RealSense camera, where target regions are obtained via the discriminative model prediction (DIMP) method and refined through an elliptical-mask-based depth matching strategy. Front obstacle detection is performed using DBSCAN-based point cloud clustering techniques. To suppress erroneous following caused by occlusion, target switching, or target reappearance after occlusion, an enhanced HOReID person re-identification module with an EfficientNet backbone is integrated for identity verification at critical decision points. Based on the verified perception results, a state-driven motion control strategy is employed to ensure safe and continuous autonomous following. Extensive long-term experiments conducted in real orchard environments demonstrate that the proposed system achieves a correct tracking rate exceeding 94% under varying human walking speeds, with an average localization error of 0.071 m. In scenarios triggering re-identification, a target discrimination success rate of 93.3% is obtained. These results confirm the effectiveness and robustness of the proposed framework for autonomous fruit transportation in complex orchard environments.",Scopus;OpenAlex,Q3,yes,medium,retain because of mechanism signal: broad visual target-operation evidence; full-text review required,188,89,40,0,0,0,48,0,D,transfer_mechanism,re-identification; tracking identity; depth or point cloud; fruit target; horticultural setting; transfer identity mechanism; transfer geometry mechanism,,priority-v1.0-title-abstract-scored-diversified,pending,pending,pending,7862
43,quota:transfer_mechanism,43,R-f2af892518919301,10.48550/arxiv.2002.08239,siaNMS: Non-Maximum Suppression with Siamese Networks for Multi-Camera\n 3D Object Detection,2020,arXiv (Cornell University),"Irene Cortés; Jorge Beltrán; de la Escalera, Arturo; Fernando García","The rapid development of embedded hardware in autonomous vehicles broadens\ntheir computational capabilities, thus bringing the possibility to mount more\ncomplete sensor setups able to handle driving scenarios of higher complexity.\nAs a result, new challenges such as multiple detections of the same object have\nto be addressed. In this work, a siamese network is integrated into the\npipeline of a well-known 3D object detector approach to suppress duplicate\nproposals coming from different cameras via re-identification. Additionally,\nassociations are exploited to enhance the 3D box regression of the object by\naggregating their corresponding LiDAR frustums. The experimental evaluation on\nthe nuScenes dataset shows that the proposed method outperforms traditional NMS\napproaches.\n",OpenAlex,Q2,yes,medium,retain because of mechanism signal: object or instance perception; full-text review required,188,130,0,0,18,12,20,0,D,transfer_mechanism,duplicate resolution; re-identification; cross-view association; depth or point cloud; instance perception; benchmark or dataset; transfer geometry mechanism,,priority-v1.0-title-abstract-scored-diversified,pending,pending,pending,1928
44,quota:transfer_mechanism,44,R-8051b63712213dd2,10.48550/arxiv.2211.04656,MEVID: Multi-view Extended Videos with Identities for Video Person Re-Identification,2022,arXiv (Cornell University),Daniel Dávila; Dawei Du; Bryon Lewis; Christopher Funk,"In this paper, we present the Multi-view Extended Videos with Identities (MEVID) dataset for large-scale, video person re-identification (ReID) in the wild. To our knowledge, MEVID represents the most-varied video person ReID dataset, spanning an extensive indoor and outdoor environment across nine unique dates in a 73-day window, various camera viewpoints, and entity clothing changes. Specifically, we label the identities of 158 unique people wearing 598 outfits taken from 8, 092 tracklets, average length of about 590 frames, seen in 33 camera views from the very large-scale MEVA person activities dataset. While other datasets have more unique identities, MEVID emphasizes a richer set of information about each individual, such as: 4 outfits/identity vs. 2 outfits/identity in CCVID, 33 viewpoints across 17 locations vs. 6 in 5 simulated locations for MTA, and 10 million frames vs. 3 million for LS-VID. Being based on the MEVA video dataset, we also inherit data that is intentionally demographically balanced to the continental United States. To accelerate the annotation process, we developed a semi-automatic annotation framework and GUI that combines state-of-the-art real-time models for object detection, pose estimation, person ReID, and multi-object tracking. We evaluate several state-of-the-art methods on MEVID challenge problems and comprehensively quantify their robustness in terms of changes of outfit, scale, and background location. Our quantitative analysis on the realistic, unique aspects of MEVID shows that there are significant remaining challenges in video person ReID and indicates important directions for future research.",OpenAlex,Q2,yes,medium,retain because of mechanism signal: object or instance perception; full-text review required,187,97,0,0,18,36,28,0,D,transfer_mechanism,re-identification; cross-view association; tracking identity; instance perception; prior review; benchmark or dataset; transfer identity mechanism,,priority-v1.0-title-abstract-scored-diversified,pending,pending,pending,2036
45,quota:fruit_multiview_or_3d,45,R-d20856c96561b701,10.1145/3803291.3803356,Geometry-Driven Triangulation and Differentiable Semantic Gaussian Refinement for 3D Grape Bunch Model Reconstruction in the Field,2026,ICICT 2026 - Proceedings of 2026 the 9th International Conference on Information and Computer Technologies,"Woo, Yan San (58618957500); Yok-In, Kabin (57423647000); Buayai, Prawit (57193931723); Nishizaki, Hiromitsu (7004310832); Kamarudin, Latifah Munirah (57192974774); Mao, Xiaoyang (7402841488)","Berry thinning in table-grape production requires estimating berry count and bunch structure under severe occlusion. While existing 3D reconstruction and neural rendering pipelines can recover dense geometry or enable novel view synthesis, they rarely produce compact, instance-level models for densely packed grape bunches. We propose a geometry-aware, three-stage framework that reconstructs a semantic 3D model of individual berries from handheld field video. Each berry is represented as an opaque 3D Gaussian ellipsoid with a 3D center, principal radii, and orientation. Stage 1 applies a berry detection/segmentation network together with a lightweight structure-from-motion (SfM) COLMAP method run to obtain multi-view 2D attributes (centers, circle/ellipse parameters, masks, and visibility labels) and initial camera poses; these 2D observations later act as supervision for optimizing the 3D model. Stage 2 forms multi-view tracks using epipolar constraints, azimuth-based neighborhood restriction, and radius consistency (without appearance descriptors), then triangulates and consolidates 3D berry centers via geometric gating and 3D non-maximum suppression. Stage 3 refines the compact semantic model by differentiable rendering under multi-head 2D losses, with conservative clone–prune topology updates driven by persistent unmatched evidence. On 30 real-field bunches with labelled point-cloud ground truth converted to 3D ellipsoids, the refined models achieve F1 scores of 78.7–88.5% at oriented bounding box Intersection of Union (OBB-IoU) threshold \(( \tau )\) at 0.10 and 64.5–74.9% at \(\tau = 0.25\), while Stage 3 runs in 1.8–5.1 minutes per bunch for 10–30 selected views. These results show that combining geometry-driven initialization with differentiable, instance-level refinement yields robust and interpretable per-berry 3D reconstructions from unconstrained vineyard video.",Scopus;OpenAlex,Q1;Q2;Q3,yes,medium,retain because of mechanism signal: object or instance perception; full-text review required,184,66,64,0,23,0,20,0,B,fruit_multiview_or_3d,cross-view association; 3D reconstruction; counting or inventory; fruit target; horticultural setting; fruit instance operation; instance perception; quantitative evaluation,,priority-v1.0-title-abstract-scored-diversified,pending,pending,pending,86
46,quota:prior_review_or_positioning,46,R-e51282524aa71650,10.3390/agriengineering7110365,A Review of Crop Attribute Monitoring Technologies for General Agricultural Scenarios,2025,AgriEngineering,"Li, Zhuofan (60211317600); Wang, Ruochen (8872034500); Ding, Renkai (57190347200)","As global agriculture shifts to intelligence and precision, crop attribute detection has become foundational for intelligent systems (harvesters, UAVs, sorters). It enables real-time monitoring of key indicators (maturity, moisture, disease) to optimize operations—reducing crop losses by 10–15% via precise cutting height adjustment—and boosts resource-use efficiency. This review targets harvesting-stage and in-field monitoring for grains, fruits, and vegetables, highlighting practical technologies: near-infrared/Raman spectroscopy (non-destructive internal attribute detection), 3D vision/LiDAR (high-precision plant height/density/fruit location measurement), and deep learning (YOLO for counting, U-Net for disease segmentation). It addresses universal field challenges (lighting variation, target occlusion, real-time demands) and actionable fixes (illumination compensation, sensor fusion, lightweight AI) to enhance stability across scenarios. Future trends prioritize real-world deployment: multi-sensor fusion (e.g., RGB + thermal imaging) for comprehensive perception, edge computing (inference delay &lt; 100 ms) to solve rural network latency, and low-cost solutions (mobile/embedded device compatibility) to lower smallholder barriers—directly supporting scalable precision agriculture and global sustainable food production.",Scopus;OpenAlex,Q3;Q5;Q7,yes,medium,retain because of mechanism signal: broad visual target-operation evidence; full-text review required,184,34,54,18,23,24,20,0,D,prior_review_or_positioning,depth or point cloud; counting or inventory; ripeness or variety attribute; fruit target; fruit instance operation; instance perception; quantitative evaluation; prior review,,priority-v1.0-title-abstract-scored-diversified,pending,pending,pending,1622
47,quota:core_identity_or_inventory,47,M-a6f919f991904f86,10.1016/j.compag.2026.111529,Enhanced grape tracking (using deep neural networks) with an extended matching algorithm for SORT and DeepSORT,2026,Computers and Electronics in Agriculture,"Piazolo, Jacob (60382058500); Fischer, Benedikt (58039577200); Gruna, Robin (26031444100); Beyerer, Jürgen (6603794653)","Vineyard managers traditionally count grape clusters manually for yield estimation, a process that is both time-consuming and labor-intensive. Recent advances in computer vision enable autonomous tracking, yet state-of-the-art methods often rely on re-identification networks that require expensive, hard-to-obtain instance ID annotations. This study addresses this challenge by evaluating the real-time tracking performance and counting accuracy of SORT, DeepSORT, ByteTrack, and the newly proposed SORT+ and DeepSORT+ algorithms. SORT+ and DeepSORT+ incorporate a novel matching cascade that leverages the complementary strengths of Mahalanobis, IoU, and Euclidean distances. Crucially, this approach allows SORT+ to achieve robust performance without the need for additional training data. The extended matching cascade offers large improvements for SORT, making the training-free SORT+ comparable to the deep-learning-based DeepSORT. It increases MOTA and IDF1 by 5% to 6%, while decreasing ID switches by 62%. SORT+ improves the counting accuracy from 33% to 96%. DeepSORT+ shows further performance gains, decreasing ID switches by 12% compared to DeepSORT. This work illustrates the feasibility of using unmanned aerial vehicles (UAVs) to autonomously track and count grape clusters in challenging real-world vineyard settings. By potentially improving yield estimation and non-destructive robotic farming, these findings support sustainable farming practices and economic growth.",Scopus;OpenAlex,Q1;Q7,yes,medium,"retain because of mechanism signal: target-specific detection, segmentation, tracking, or counting; full-text review required",183,79,64,0,5,24,0,0,A,core_identity_or_inventory,re-identification; tracking identity; counting or inventory; fruit target; horticultural setting; fruit instance operation; quantitative evaluation; prior review,,priority-v1.0-title-abstract-scored-diversified,pending,pending,pending,671
48,quota:fruit_multiview_or_3d,48,R-3d1fb766025c8cbb,10.3390/agriculture15181906,Real-Time Strawberry Ripeness Classification and Counting: An Optimized YOLOv8s Framework with Class-Aware Multi-Object Tracking,2025,Agriculture (Switzerland),"Ogundele, Oluwasegun Moses (59426471600); Tamrakar, Niraj (58995858300); Kook, Jung-Hoo (58630617000); Kim, Sang-Min (60117659000); Choi, Jeong-In (60118135700); Karki, Sijan (58630185100); Akpenpuun, Timothy Denen (57194448083); Kim, Hyeon Tae (8662923200)","Accurate fruit counting is crucial for data-driven decision-making in modern precision agriculture. In strawberry cultivation, a labor-intensive sector, automated, scalable yield estimation is especially critical. However, dense foliage, variable lighting, visual ambiguity of ripeness stages, and fruit clustering pose significant challenges. To overcome these, we developed a real-time multi-stage framework for strawberry detection and counting by optimizing a YOLOv8s detector and integrating a class-aware tracking system. The detector was enhanced with a lightweight C3x module, an additional detection head for small objects, and the Wise-IOU (WIoU) loss function, thereby improving performance against occlusion. Our final model achieved a 92.5% mAP@0.5, outperforming the baseline while reducing the number of parameters by 27.9%. This detector was integrated with the ByteTrack multiple object tracking (MOT) algorithm. Our system enabled accurate, automated fruit counting in complex greenhouse environments. When validated on video data, results showed a strong correlation with ground-truth counts (R2 = 0.914) and a low mean absolute percentage error (MAPE) of 9.52%. Counting accuracy was highest for ripe strawberries (R2 = 0.950), confirming the value for harvest-ready estimation. This work delivers an efficient, accurate, and resource-conscious solution for automated yield monitoring in commercial strawberry production.",Scopus;OpenAlex,Q1,yes,medium,retain because of mechanism signal: object or instance perception; full-text review required,183,39,64,18,23,0,28,0,B,fruit_multiview_or_3d,tracking identity; counting or inventory; ripeness or variety attribute; fruit target; horticultural setting; fruit instance operation; instance perception; quantitative evaluation,,priority-v1.0-title-abstract-scored-diversified,pending,pending,pending,1487
49,quota:transfer_mechanism,49,R-c82a9700605813cb,10.1145/3343031.3350933,Eye in the sky: Drone-based object tracking and 3D localization,2019,MM 2019 - Proceedings of the 27th ACM International Conference on Multimedia,"Zhang, Haotian (57211682351); Lei, Zhichao (57204547106); Wang, Gaoang (57193333173); Hwang, Jenq-Neng (7403896543)","Drones, or general UAVs, equipped with a single camera have been widely deployed to a broad range of applications, such as aerial photography, fast goods delivery and most importantly, surveillance. Despite the great progress achieved in computer vision algorithms, these algorithms are not usually optimized for dealing with images or video sequences acquired by drones, due to various challenges such as occlusion, fast camera motion and pose variation. In this paper, a drone-based multi-object tracking and 3D localization scheme is proposed based on the deep learning based object detection. We first combine a multi-object tracking method called TrackletNet Tracker (TNT) which utilizes temporal and appearance information to track detected objects located on the ground for UAV applications. Then, we are also able to localize the tracked ground objects based on the group plane estimated from the Multi-View Stereo technique. The system deployed on the drone can not only detect and track the objects in a scene, but can also localize their 3D coordinates in meters with respect to the drone camera. The experiments have proved our tracker can reliably handle most of the detected objects captured by drones and achieve favorable 3D localization performance when compared with the state-of-the-art methods.",Scopus;OpenAlex,Q2,yes,medium,retain because of mechanism signal: object or instance perception; full-text review required,182,81,0,0,18,24,48,0,D,transfer_mechanism,cross-view association; tracking identity; 3D reconstruction; instance perception; prior review; transfer identity mechanism; transfer geometry mechanism,,priority-v1.0-title-abstract-scored-diversified,pending,pending,pending,2663
50,quota:fruit_multiview_or_3d,52,R-f2b2d6eb7eafc84f,,Semantics-Driven Active Perception and Navigation with Aerial Robots,2024,ScholarlyCommons (University of Pennsylvania),Xu Liu,"Autonomous aerial robots today are capable of safely navigating through cluttered, GPS-denied environments while constructing an accurate map that captures geometric features such as points, lines, and planes. Such maps are crucial for low-level planning and obstacle avoidance. However, beyond offering details on the density, layout, and dimensions of the environment, these maps provide limited information for semantically meaningful reasoning. For instance, they fall short in helping the robot identify where to find specific objects during search and rescue operations, which areas are relevant during infrastructure inspection or asset mapping, or in distinguishing between static and dynamic entities in the environment during localization and navigation. Such reasoning capabilities are especially important for resource-constrained robots, such as micro aerial vehicles, deployed in large-scale environments. In such scenarios, robots need to keep track of important, actionable information, while respecting their onboard computational and storage resource constraints. Sparse, semantically meaningful maps facilitate robust state estimation and storage-efficient mapping, while also enabling high-level reasoning that guides intelligent, task-relevant decision-making during navigation and exploration. This thesis introduces a set of novel methodologies and algorithms for semantics-driven perception and autonomy, enabling robots to safely navigate and explore large-scale, complex environments while actively and collaboratively constructing high-quality, semantically meaningful maps. Specifically, we first present a monocular-camera-based semantic mapping system that integrates deep learning, visual tracking, and semantic Structure from Motion (SfM) for accurate fruit detection and mapping in orchards. We then develop a semantic Simultaneous Localization and Mapping (SLAM) integrated autonomous aerial navigation system for large-scale semantic mapping in under-forest-canopy environments. This system leverages real-time semantic SLAM for accurate pose estimation and timber metric assessment. Next, we introduce active metric-semantic SLAM systems for both urban outdoor and indoor environments. These systems use semantics to guide aerial robots to explore the environment and minimize both metric and semantic uncertainties. Lastly, bridging all efforts together, we propose a decentralized metric-semantic SLAM framework for autonomous navigation and exploration with heterogeneous robot teams operating across multiple environments. Extensive real-world experiments have validated the robustness and performance of the proposed methods across multiple aerial and ground robot platforms in various environments, including multi-floor indoor spaces, urban outdoors, forests, and orchards. Field deployments further showcase the system's potential for direct application in solving important real-world problems, such as precision agriculture, forestry management, climate change mitigation, infrastructure inspection, and factory asset management. Finally, the proposed systems and algorithms are made available as open-source tools for public use.",OpenAlex,Q3,yes,medium,"retain because of mechanism signal: target-specific detection, segmentation, tracking, or counting; full-text review required",180,51,54,0,23,0,48,0,B,fruit_multiview_or_3d,tracking identity; 3D reconstruction; fruit target; fruit instance operation; instance perception; quantitative evaluation; transfer identity mechanism; transfer geometry mechanism,,priority-v1.0-title-abstract-scored-diversified,pending,pending,pending,8181
51,quota:transfer_mechanism,50,R-a062bc6b95ed446d,10.1109/tcsvt.2024.3358850,Pedestrian 3D Shape Understanding for Person Re-Identification via Multi-View Learning,2024,IEEE Transactions on Circuits and Systems for Video Technology,"Yu, Zaiyang (57413042800); Li, Lusi (57207131834); Xie, Jinlong (58862863800); Wang, Changshuo (57243478700); Li, Weijun (36065948200); Ning, Xin (56202657900)","Recent development in computing power has resulted in performance improvements on holistic(none-occluded) person Re-Identification (ReID) tasks. Nevertheless, the precision of the recent research will diminish when a pedestrian is obstructed by obstacles. Within the realm of 2D space, the loss of information from obstructed objects continues to pose significant challenges in the context of person ReID. Person is a 3D non-grid object, and thus semantic representation learning in only 2D space limits the understanding of occluded person. In the present work, we propose a network based on 3D multi-view learning, allowing it to acquire geometric and shape details of an occluded pedestrian from 3D space. Simultaneously, it capitalizes on advancements in 2D-based networks to extract semantic representations from 3D multi-views. Specifically, the surface random selection strategy is proposed to convert images of 2D RGB into 3D multi-views. Using this strategy, we build four extensive 3D multi-view data collections for person ReID. After that, Pedestrian 3D Shape Understanding for Person Re-Identification via Multi-View Learning(MV-3DSReID), is proposed for identifying the person by learning person geometry and structure representation from the groups of multi-view images. In comparison to alternative data formats (e.g., 2D RGB, 3D point cloud), multi-view images complement each other’s detailed features of the 3D object by adjusting rendering viewpoints, thus facilitating a more comprehensive understanding of the person for both holistic and occluded ReID situations. Experiments on occluded and holistic ReID tasks demonstrate performance levels comparable to state-of-the-art methods, validating the effectiveness of our proposed approach in tackling challenges related to occlusion. The code is available at https://github.com/hangjiaqi1/MV-TransReID.",Scopus;OpenAlex,Q2,yes,medium,"retain because of mechanism signal: cross-view, association, reconstruction, or point-cloud evidence; full-text review required",180,92,0,0,5,24,48,0,D,transfer_mechanism,re-identification; cross-view association; depth or point cloud; quantitative evaluation; prior review; transfer identity mechanism; transfer geometry mechanism,,priority-v1.0-title-abstract-scored-diversified,pending,pending,pending,91
52,quota:transfer_mechanism,51,R-ef3d3a8df85cfd4d,10.1109/lra.2026.3685453,AgriGS-SLAM: Orchard Mapping Across Seasons Via Multi-View Gaussian Splatting SLAM,2026,IEEE Robotics and Automation Letters,"Usuelli, Mirko (57998450200); Rapado-Rincon, David (58346952700); Kootstra, Gert (24537424000); Matteucci, Matteo (7005216953)","Autonomous robots in orchards require real-time 3D scene understanding despite repetitive row geometry, seasonal appearance changes, and wind-driven foliage motion. We present AgriGS-SLAM, a Visual–LiDAR SLAM framework that couples direct LiDAR odometry and loop closures with multi-camera 3D Gaussian Splatting (3DGS) rendering. Batch rasterization across complementary viewpoints recovers orchard structure under occlusions, while a unified gradient-driven map lifecycle executed between keyframes preserves fine details and bounds memory. Pose refinement is guided by a probabilistic LiDAR-based depth consistency term, back-propagated through the camera projection to tighten geometry-appearance coupling. We validate the system on a field platform in apple and pear orchards across dormancy, flowering, and harvesting, using a standardized trajectory protocol that evaluates both training-view and novel-view synthesis to reduce 3DGS overfitting in evaluation. Across seasons and sites, AgriGS-SLAM delivers sharper, more stable reconstructions and steadier trajectories than recent state-of-the-art 3DGS-based SLAM methods while maintaining real-time performance on-tractor. While demonstrated in orchard monitoring, the approach can be applied to other outdoor domains requiring robust multimodal perception.",Scopus;OpenAlex,Q3,yes,medium,"retain because of mechanism signal: cross-view, association, reconstruction, or point-cloud evidence; full-text review required",180,52,40,0,5,24,48,0,D,transfer_mechanism,cross-view association; depth or point cloud; fruit target; horticultural setting; quantitative evaluation; prior review; transfer identity mechanism; transfer geometry mechanism,,priority-v1.0-title-abstract-scored-diversified,pending,pending,pending,2420
53,quota:transfer_mechanism,53,M-a1aeae283c8f17a1,10.3390/s23239395,Joint Object Detection and Re-Identification for 3D Obstacle Multi-Camera Systems †,2023,Sensors,"Cortés, Irene (57215361413); Beltrán, Jorge (57201860819); de la Escalera, Arturo (6602500615); García, Fernando (14015459700)","The growing on-board processing capabilities have led to more complex sensor configurations, enabling autonomous car prototypes to expand their operational scope. Nowadays, the joint use of LiDAR data and multiple cameras is almost a standard and poses new challenges for existing multi-modal perception pipelines, such as dealing with contradictory or redundant detections caused by inference on overlapping images. In this paper, we address this last issue in the context of sequential schemes like F-PointNets, where object candidates are obtained in the image space, and the final 3D bounding box is then inferred from point cloud information. To this end, we propose the inclusion of a re-identification branch into the 2D detector, i.e., Faster R-CNN, so that objects seen from adjacent cameras can be handled before the 3D box estimation takes place, removing duplicates and completing the object's cloud. Extensive experimental evaluations covering both the 2D and 3D domains affirm the effectiveness of the suggested methodology. The findings indicate that our approach outperforms conventional Non-Maximum Suppression (NMS) methods. Particularly, we observed a significant gain of over 5% in terms of accuracy for cars in camera overlap regions. These results highlight the potential of our upgraded detection and re-identification system in practical scenarios for autonomous driving.",Scopus;OpenAlex,Q2,yes,medium,retain because of mechanism signal: object or instance perception; full-text review required,179,130,0,0,18,0,20,0,D,transfer_mechanism,duplicate resolution; re-identification; cross-view association; depth or point cloud; instance perception; transfer geometry mechanism,,priority-v1.0-title-abstract-scored-diversified,pending,pending,pending,797
54,quota:fruit_multiview_or_3d,54,R-fc0702cb95e458c1,10.13031/aim.201801193,&amp;lt;i&amp;gt;Multiple Object Tracking-by-Detection for Fruit Counting on an Apple Tree Canopy&amp;lt;/i&amp;gt;,2018,,Thomas DH Jarvinen; Daeun Choi; Paul Heinemann; Tara A. Baugher,"<b><sc>Abstract.</sc></b> <b>Accurate estimation of the number of fruit on apple trees is a potentially valuable tool for enabling growers to better manage their operations. In particular, the fruit count information can be used for harvest planning, sales forecasting, and optimization of crop load management. A method for counting fruit on apple trees using RGB video sequences was implemented using a deep learning object detector based on the Faster R-CNN architecture and optical flow for object tracking. The detection and tracking mechanisms are integrated to count unique fruit detections across continuous image sequences. The proposed methodology increases overall detection accuracy by minimizing counting errors due to occluded and clustered fruit. For fruit detection in still images, a precision of 92% and recall of 82% are reported. The largest source of error came from heavily occluded fruits, which comprised 55% of fruit in the dataset and had a detection accuracy of 73%. The high percentage of heavily occluded fruit motivated the development of the video tracking algorithm, which increased the overall detection rate to 97% across the tested video sequences â effectively minimizing the occlusion problem by taking advantages of multiple viewpoints to detect partially occluded or hidden fruit. Total fruit counts for these sequences had an average error of 10% due to the introduction of false positives during video sequence analysis.</b>",OpenAlex,Q1;Q7,yes,medium,retain because of mechanism signal: object or instance perception; full-text review required,178,81,54,0,23,12,0,0,B,fruit_multiview_or_3d,unique inventory; tracking identity; counting or inventory; fruit target; fruit instance operation; instance perception; quantitative evaluation; benchmark or dataset,,priority-v1.0-title-abstract-scored-diversified,needs_manual_retrieval,not_found_or_restricted,pending,11
55,quota:core_identity_or_inventory,57,M-9966d81433d61ed3,10.1109/iros.2018.8594239,"Robust Fruit Counting: Combining Deep Learning, Tracking, and Structure from Motion",2018,IEEE International Conference on Intelligent Robots and Systems,"Liu, Xu (57207948935); Chen, Steven W. (57203657925); Aditya, Shreyas (57207815155); Sivakumar, Nivedha (57217365471); Dcunha, Sandeep (57207818779); Qu, Chao (56640669900); Taylor, Camillo J. (7404823052); Das, Jnaneshwar (25823030300); Kumar, Vijay (57226667523)","We present a novel fruit counting pipeline that combines deep segmentation, frame to frame tracking, and 3D localization to accurately count visible fruits across a sequence of images. Our pipeline works on image streams from a monocular camera, both in natural light, as well as with controlled illumination at night. We first train a Fully Convolutional Network (FCN) and segment video frame images into fruit and non-fruit pixels. We then track fruits across frames using the Hungarian Algorithm where the objective cost is determined from a Kalman Filter corrected Kanade-Lucas-Tomasi (KLT) Tracker. In order to correct the estimated count from tracking process, we combine tracking results with a Structure from Motion (SfM) algorithm to calculate relative 3D locations and size estimates to reject outliers and double counted fruit tracks. We evaluate our algorithm by comparing with ground-truth human-annotated visual counts. Our results demonstrate that our pipeline is able to accurately and reliably count fruits across image sequences, and the correction step can significantly improve the counting accuracy and robustness. Although discussed in the context of fruit counting, our work can extend to detection, tracking, and counting of a variety of other stationary features of interest such as leaf-spots, wilt, and blossom.",Scopus;OpenAlex,Q1;Q3;Q7,yes,medium,"retain because of mechanism signal: target-specific detection, segmentation, tracking, or counting; full-text review required",177,74,54,18,0,0,20,0,A,core_identity_or_inventory,duplicate resolution; 3D reconstruction; counting or inventory; ripeness or variety attribute; fruit target; fruit instance operation; transfer geometry mechanism,,priority-v1.0-title-abstract-scored-diversified,reviewed,retrieved,include,8
56,quota:fruit_multiview_or_3d,55,M-01e746c7917e9bb7,10.1016/j.dib.2026.112642,TomatoPGT: A 3D point cloud dataset of tomato plants for segmentation and plant-trait extraction,2026,Data in Brief,"Nethala, Prasad (58560687200); Um, Dugan (57207548495); McCoy, Samantha L. (60479708900); Gibson, Seth (60479709000); Bhandari, Mahendra (57213035528); Lee, Kiju (56100796900)","Three-dimensional (3D) point-cloud phenotyping enables non-destructive and repeatable characterization of plant architecture, supporting the measurement of traits such as internode length, branching topology, and organ orientation. This article presents TomatoPGT (Tomato Plant Graph Twin) , a 3D tomato dataset designed for research on semantic/instance segmentation, graph-based structural representation, and graph-derived phenotypic trait extraction. The dataset contains 42 scans from three greenhouse-grown tomato plants acquired across early to mid-vegetative development using a rotational multi-view imaging system. Each scan consists of 60–70 overlapping RGB images captured under uniform illumination and reconstructed into a metrically scaled dense colored point cloud using Structure-from-Motion and multi-view stereo. TomatoPGT provides: (i) multi-view RGB images, (ii) dense colored point clouds, (iii) manually curated semantic and instance annotations at organ level, (iv) graph representations encoding plant topology and geometry, and (v) tabulated phenotypic traits computed deterministically from the graphs (internode length, insertion angles, and phyllotactic angles). TomatoPGT supports reproducible development and evaluation of 3D phenotyping pipelines, including learning-based segmentation and graph-based modeling of plant architecture.",Scopus;OpenAlex,Q3;Q4,yes,medium,retain because of mechanism signal: object or instance perception; full-text review required,177,76,40,0,18,12,20,0,B,fruit_multiview_or_3d,cross-view association; 3D reconstruction; depth or point cloud; fruit target; horticultural setting; instance perception; benchmark or dataset; transfer geometry mechanism,,priority-v1.0-title-abstract-scored-diversified,pending,pending,pending,2352
57,quota:fruit_multiview_or_3d,56,M-66042c905cc191de,10.3390/drones9010060,Fruit Detection and Yield Mass Estimation from a UAV Based RGB Dense Cloud for an Apple Orchard,2025,Drones,"Hobart, Marius (57211394385); Pflanz, Michael (23098076200); Tsoulias, Nikos (57204039498); Weltzien, Cornelia (57189026254); Kopetzky, Mia (59522868200); Schirrmann, Michael (36895144600)","Precise photogrammetric mapping of preharvest conditions in an apple orchard can help determine the exact position and volume of single apple fruits. This can help estimate upcoming yields and prevent losses through spatially precise cultivation measures. These parameters also are the basis for effective storage management decisions, post-harvest. These spatial orchard characteristics can be determined by low-cost drone technology with a consumer grade red-green-blue (RGB) sensor. Flights were conducted in a specified setting to enhance the signal-to-noise ratio of the orchard imagery. Two different altitudes of 7.5 m and 10 m were tested to estimate the optimum performance. A multi-seasonal field campaign was conducted on an apple orchard in Brandenburg, Germany. The test site consisted of an area of 0.5 ha with 1334 trees, including the varieties ‘Gala’ and ‘Jonaprince’. Four rows of trees were tested each season, consisting of 14 blocks with eight trees each. Ripe apples were detected by their color and structure from a photogrammetrically created three-dimensional point cloud with an automatic algorithm. The detection included the position, number, volume and mass of apples for all blocks over the orchard. Results show that the identification of ripe apple fruit is possible in RGB point clouds. Model coefficients of determination ranged from 0.41 for data captured at an altitude of 7.5 m for 2018 to 0.40 and 0.53 for data from a 10 m altitude, for 2018 and 2020, respectively. Model performance was weaker for the last captured tree rows because data coverage was lower. The model underestimated the number of apples per block, which is reasonable, as leaves cover some of the fruits. However, a good relationship to the yield mass per block was found when the estimated apple volume per block was combined with a mean apple density per variety. Overall, coefficients of determination of 0.56 (for the 7.5 m altitude flight) and 0.76 (for the 10 m flights) were achieved. Therefore, we conclude that mapping at an altitude of 10 m performs better than 7.5 m, in the context of low-altitude UAV flights for the estimation of ripe apple parameters directly from 3D RGB dense point clouds.",Scopus;OpenAlex,Q1;Q3,yes,medium,"retain because of mechanism signal: target-specific detection, segmentation, tracking, or counting; full-text review required",177,46,64,18,18,0,20,0,B,fruit_multiview_or_3d,3D reconstruction; depth or point cloud; ripeness or variety attribute; fruit target; horticultural setting; fruit instance operation; instance perception; transfer geometry mechanism,,priority-v1.0-title-abstract-scored-diversified,reviewed,retrieved,include,50
58,quota:fruit_multiview_or_3d,58,R-08e236322a37316a,10.3390/s25134138,A Dynamic Kalman Filtering Method for Multi-Object Fruit Tracking and Counting in Complex Orchards,2025,Sensors,"Zhai, Yaning (59002014700); Zhang, Ling (58437120700); Hu, Xin (59001829500); Yang, Fanghu (59002416300); Huang, Yang (57013849500)","With the rapid development of agricultural intelligence in recent years, automatic fruit detection and counting technologies have become increasingly significant for optimizing orchard management and advancing precision agriculture. However, existing deep learning-based models are primarily designed to process static and single-frame images, thereby failing to meet the large-scale detection and counting demands in the dynamically changing scenes of modern orchards. To address these challenges, this paper proposes a multi-object fruit tracking and counting method, which integrates an improved YOLO-based object detection algorithm with a dynamically optimized Kalman filter. By optimizing the network structure, the improved YOLO detection model provides high-quality detection results for subsequent tracking tasks. Then a modified Kalman filter with a variable forgetting factor is integrated to dynamically adjust the weighting of historical data, enabling the model to adapt to changes in observation and motion noise. Moreover, fruit targets are associated using a combined strategy based on Intersection over Union (IoU) and Re-Identification (Re-ID) features, improving the accuracy and stability of object matching. Consequently, the continuous tracking and precise counting of fruits in video sequences are achieved. Experimental results with image frames of fruits in video sequence are demonstrated, showing that the proposed method performs robust and continuous tracking (MOTA of 95.0% and HOTA of 82.4%). For fruit counting, the method attains a high coefficient-of-determination of 0.85 and a low root-mean-square error (RMSE) of 1.57, exhibiting high accuracy and stability of fruit detection, tracking and counting in video sequences under complex orchard environments.",Scopus;OpenAlex,Q1;Q7,yes,medium,retain because of mechanism signal: object or instance perception; full-text review required,177,79,64,0,23,0,0,0,B,fruit_multiview_or_3d,re-identification; tracking identity; counting or inventory; fruit target; horticultural setting; fruit instance operation; instance perception; quantitative evaluation,,priority-v1.0-title-abstract-scored-diversified,pending,pending,pending,1439
59,quota:fruit_multiview_or_3d,62,R-e27416dcc9d26102,10.13925/j.cnki.gsxb.20250487,Citrus yield estimation based on multi- object tracking in video streams using an improved YOLOv8n model; [基于手持式视频流及 YOLOv8n 的目标跟踪柑橘计数估产方法研究],2026,Journal of Fruit Science,"Si, Naijin (60012605000); Cai, Jianrong (13004461900); Wang, Chen (57203540900); Zhu, Wenhui (59477430100); Pan, Bingke (59476534400); Shi, Zhiguo (60012665900)","【Objective】Accurate citrus yield estimation is a critical component of precision agricultural management, essential for optimizing production and ensuring economic benefits for growers. Traditional manual sampling methods are labor-intensive, time-consuming, and prone to subjective errors, failing to meet the demands of modern horticulture. While deep learning-based object detection has shown promise in fruit recognition from static images, its application in real-world orchard environments is hindered by challenges such as fruit occlusion, varying illumination, and perspective limitations, which lead to counting inaccuracies. Most existing video-based methods rely on linear, inter-row scanning, a technique suitable for trellis-trained orchards but ineffective for citrus trees, which typically grow in a standalone, three-dimensional crown shape. To address these limitations, this study aimed to develop and validate a robust and automated yield estimation system for individual citrus trees during the fruit expansion period. The primary objective was to establish an end-to-end pipeline that combines a novel data acquisition strategy—360° rotational video capture—with an improved object detection model (YOLOv8n-SC) and a multi-object tracking algorithm (DeepSORT). The research scope included a systematic investigation into the influence of different environmental factors, specifically lighting conditions (sunny, overcast, and artificial light) and camera perspectives (high-angle, straight-angle, and low-angle), on the overall accuracy and stability of the yield estimation system.【Methods】The methodology encompassed data acquisition, model development, and a multi-stage experimental evaluation. For data acquisition, a handheld imaging system was used to capture 360° rotational video streams around 20 individual citrus trees in a high-density orchard under three distinct lighting conditions and three different vertical camera angles, resulting in 180 video clips. A comprehensive dataset of 9000 images was created by extracting frames, which were then meticulously annotated and partitioned into training (80%) and testing (20%) sets. For model development, the baseline YOLOv8n was enhanced to create the YOLOv8n-SC model by implementing three key improvements: integrating a fourth, high-resolution (160×160) detection head to improve sensitivity to small targets; embedding the Convolutional Block Attention Module (CBAM) within the backbone network to enhance feature distinction between fruits and leaves; and replacing the original CIoU loss function with the Wise-IoU (WIoU) v3 loss function to accelerate convergence and improve bounding box precision. For tracking and counting, the DeepSORT algorithm was employed to process detection outputs from the video stream. Its workflow involves a Kalman filter for motion prediction, a cascaded matching strategy combining motion and appearance features for reliable identity association, and a track management system to assign unique IDs. The final fruit count was determined by the maximum unique ID assigned during the video sequence.【Results】The proposed YOLOv8n-SC model significantly outperformed other contemporary models. On the comprehensive dataset, it achieved a recall of 97.6% and a mean Average Precision at an IoU threshold of 0.5 (mAP50) of 93.7%, marking improvements of 2.0 and 3.5 percentage points over the baseline YOLOv8n, respectively. It also showed clear advantages over Faster R-CNN and the light-weight YOLOv10n. A detailed ablation study confirmed that each of the three modifications—the additional detection head, the CBAM module, and the WIoU loss function—contributed positively to the model's overall performance. Lighting proved to be a critical factor, as the artificial light source yielded the best detection results with an mAP50 of 98.2%, markedly superior to overcast (96.1%) and sunny (83.5%) conditions. The camera angle also had a significant impact, with the straight-angl",Scopus;OpenAlex,Q1;Q7,yes,medium,retain because of mechanism signal: object or instance perception; full-text review required,177,39,64,0,23,12,28,0,B,fruit_multiview_or_3d,tracking identity; counting or inventory; fruit target; horticultural setting; fruit instance operation; instance perception; quantitative evaluation; benchmark or dataset,,priority-v1.0-title-abstract-scored-diversified,pending,pending,pending,740
60,quota:transfer_mechanism,59,R-19cdbe22591dd026,10.1109/cvprw50498.2020.00529,The MTA dataset for multi target multi camera pedestrian tracking by weighted distance aggregation,2020,IEEE Computer Society Conference on Computer Vision and Pattern Recognition Workshops,"Kohl, Philipp (57218713669); Specker, Andreas (57207936865); Schumann, Arne (55442871800); Beyerer, Jurgen (6603794653)","Existing multi target multi camera tracking (MTMCT) datasets are small in terms of the number of identities and video length. The creation of new real world datasets is hard as privacy has to be guaranteed and the labeling is tedious. Therefore in the scope of this work a mod for GTA V to record a MTMCT dataset has been developed and used to record a simulated MTMCT dataset called Multi Camera Track Auto (MTA). The MTA dataset contains over 2,800 person identities, 6 cameras and a video length of over 100 minutes per camera. Additionally a MTMCT system has been implemented to provide a baseline for the created dataset. The system’s pipeline consists of stages for person detection, person re-identification, single camera multi target tracking, track distance calculation, and track association. The track distance calculation comprises a weighted aggregation of the following distances: a single camera time constraint, a multi camera time constraint using overlapping camera areas, an appearance feature distance, a homography matching with pairwise camera homographies, and a linear prediction based on the velocity and the time difference of tracks. When using all partial distances, we were able to surpass the results of state-of-the-art single camera trackers by +13% IDF1 score. The MTA dataset, code, and baselines are available at github.com/schuar-iosb/mta-dataset.",Scopus;OpenAlex,Q2,yes,medium,"retain because of mechanism signal: target-specific detection, segmentation, tracking, or counting; full-text review required",177,97,0,0,5,36,28,0,D,transfer_mechanism,re-identification; cross-view association; tracking identity; quantitative evaluation; prior review; benchmark or dataset; transfer identity mechanism,,priority-v1.0-title-abstract-scored-diversified,pending,pending,pending,4743
61,quota:transfer_mechanism,60,R-bad10d9ba04a8a97,10.1145/3394171.3413863,Traffic-Aware Multi-Camera Tracking of Vehicles Based on ReID and Camera Link Model,2020,MM 2020 - Proceedings of the 28th ACM International Conference on Multimedia,"Hsu, Hung-Min (56028840900); Wang, Yizhou (57211693446); Hwang, Jenq-Neng (7403896543)","Multi-target multi-camera tracking (MTMCT), i.e., tracking multiple targets across multiple cameras, is a crucial technique for smart city applications. In this paper, we propose an effective and reliable MTMCT framework for vehicles, which consists of a traffic-aware single camera tracking (TSCT) algorithm, a trajectory-based camera link model (CLM) for vehicle re-identification (ReID), and a hierarchical clustering algorithm to obtain the cross camera vehicle trajectories. First, the TSCT, which jointly considers vehicle appearance, geometric features, and some common traffic scenarios, is proposed to track the vehicles in each camera separately. Second, the trajectory-based CLM is adopted to facilitate the relationship between each pair of adjacently connected cameras and add spatio-temporal constraints for the subsequent vehicle ReID with temporal attention. Third, the hierarchical clustering algorithm is used to merge the vehicle trajectories among all the cameras to obtain the final MTMCT results. Our proposed MTMCT is evaluated on the CityFlow dataset and achieves a new state-of-the-art performance with IDF1 of 74.93%.",Scopus;OpenAlex,Q2,yes,medium,"retain because of mechanism signal: target-specific detection, segmentation, tracking, or counting; full-text review required",177,97,0,0,5,36,28,0,D,transfer_mechanism,re-identification; cross-view association; tracking identity; quantitative evaluation; prior review; benchmark or dataset; transfer identity mechanism,,priority-v1.0-title-abstract-scored-diversified,pending,pending,pending,2753
62,quota:transfer_mechanism,61,R-bc0c89795d0e7070,10.1109/cvprw50498.2020.00319,"Towards real-time systems for vehicle re-identification, multi-camera tracking, and anomaly detection",2020,IEEE Computer Society Conference on Computer Vision and Pattern Recognition Workshops,"Peri, Neehar (57215780478); Khorramshahi, Pirazh (57190379804); Rambhatla, Sai Saketh (57189599688); Shenoy, Vineet (57215896407); Rawat, Saumya (57225345583); Chen, Jun-Cheng (56684395200); Chellappa, Rama (57203078416)","Vehicle re-identification, multi-camera vehicle tracking, and anomaly detection are essential for city-scale intelligent transportation systems. Both vehicle re-id and multi-camera tracking are challenging due to variations in aspect-ratio, occlusion, and orientation. Robust re-id and tracking systems must consider small scale variations in a vehicle's appearance to accurately distinguish among vehicles of the same make, model, and color. Scalability is critical for multi-camera systems, as the number of objects in a scene is not known a-priori. Anomaly detection presents a unique challenge due to a dearth of annotations and varied video quality. In this paper, we address the task of vehicle re-id by introducing an unsupervised excitation layer to enhance representation learning. We propose a multi-camera tracking pipeline leveraging this re-id feature extractor to compute a distance matrix and perform clustering to obtain multi-camera vehicle trajectories. Lastly, we leverage background modeling techniques to localize anomalies such as stalled vehicles and collisions. We show the effectiveness of our proposed method on the NVIDIA AI City Challenge, where we obtain 7 <sup xmlns:mml=""http://www.w3.org/1998/Math/MathML"" xmlns:xlink=""http://www.w3.org/1999/xlink"">th</sup> place out of 41 teams for the task of vehicle re-id, with an mAP score of 66.68% and achieve state-of-the-art results on the Vehicle-ID dataset. We also obtain an IDF1 score of 12.45% on multi-camera vehicle tracking, and an S4 score of 29.52% for task of anomaly detection, ranking in the top 5 for both tracks.",Scopus;OpenAlex,Q2,yes,medium,"retain because of mechanism signal: target-specific detection, segmentation, tracking, or counting; full-text review required",177,97,0,0,5,36,28,0,D,transfer_mechanism,re-identification; cross-view association; tracking identity; quantitative evaluation; prior review; benchmark or dataset; transfer identity mechanism,,priority-v1.0-title-abstract-scored-diversified,pending,pending,pending,1918
63,quota:core_identity_or_inventory,64,R-de2e1375618a2a24,10.17576/jkukm-2021-33(4)-34,A Combinatorial RGB and Depth Images CNN-based Model for Oil Palm Fruit Bunch Detection and Heatmap Localisation for a Visual SLAM System,2021,Jurnal Kejuruteraan,"Siong, Chua Zheng (59955763800); Ibrahim, Mohd Faisal (57189292118); Huddin, Aqilah Baseri (56469885100); Zaman, Mohd Hairi Mohd (42262357500); Hashim, Fazida Hanim (23094411600)","The harvesting job of cutting and collecting fruit bunches in oil palm plantations remains the most labour-intensive job in the oil palm processing cycle. The introduction of an autonomous vehicle to assist workers in the harvesting job promises better productivity. Such a driverless vehicle requires a software module known as simultaneous localisation and mapping (SLAM) to guide the vehicle to navigate autonomously. This work proposes a visual SLAM system with a distinctive capability of detecting and localising oil palm loose fresh fruit bunches (FFB) on the ground using intelligent image processing. This vehicle is equipped with a depth camera capable of capturing RGB images and depth images concurrently. Two VGG16-based convolutional neural network (CNN) models are trained using the acquired RGB and depth images dataset of loose FFBs on the ground. The output from the combinatorial FFB detection model is then fed into a visual SLAM system called RTAB-Map. By combining the FFB detection model and the visual SLAM system, the vehicle can plan for autonomous navigation safely, perform bunch pick-up tasks, and avoid collision with fruit bunches on the ground. The experiment results show that the proposed CNN model can detect and localise loose FFBs with significant accuracy in various lighting conditions.",Scopus;OpenAlex,Q3;Q6,yes,medium,"retain because of mechanism signal: target-specific detection, segmentation, tracking, or counting; full-text review required",176,22,54,44,5,12,28,0,A,core_identity_or_inventory,depth or point cloud; oil-palm target; fruit target; fruit instance operation; quantitative evaluation; benchmark or dataset; transfer identity mechanism,,priority-v1.0-title-abstract-scored-diversified,pending,pending,pending,256
64,quota:fruit_multiview_or_3d,63,R-3f23df602ba2db25,10.3390/s19020428,Guava detection and pose estimation using a low-cost RGB-D sensor in the field,2019,Sensors (Switzerland),"Lin, Guichao (55522598500); Tang, Yunchao (55864682000); Zou, Xiangjun (14053286400); Xiong, Juntao (35732736900); Li, Jinhui (57205530659)","Fruit detection in real outdoor conditions is necessary for automatic guava harvesting, and the branch-dependent pose of fruits is also crucial to guide a robot to approach and detach the target fruit without colliding with its mother branch. To conduct automatic, collision-free picking, this study investigates a fruit detection and pose estimation method by using a low-cost red⁻green⁻blue⁻depth (RGB-D) sensor. A state-of-the-art fully convolutional network is first deployed to segment the RGB image to output a fruit and branch binary map. Based on the fruit binary map and RGB-D depth image, Euclidean clustering is then applied to group the point cloud into a set of individual fruits. Next, a multiple three-dimensional (3D) line-segments detection method is developed to reconstruct the segmented branches. Finally, the 3D pose of the fruit is estimated using its center position and nearest branch information. A dataset was acquired in an outdoor orchard to evaluate the performance of the proposed method. Quantitative experiments showed that the precision and recall of guava fruit detection were 0.983 and 0.948, respectively; the 3D pose error was 23.43° ± 14.18°; and the execution time per fruit was 0.565 s. The results demonstrate that the developed method can be applied to a guava-harvesting robot.",Scopus;OpenAlex,Q3,yes,medium,"retain because of mechanism signal: target-specific detection, segmentation, tracking, or counting; full-text review required",176,22,64,0,23,36,20,0,B,fruit_multiview_or_3d,depth or point cloud; fruit target; horticultural setting; fruit instance operation; instance perception; quantitative evaluation; prior review; benchmark or dataset,,priority-v1.0-title-abstract-scored-diversified,pending,pending,pending,4583
65,quota:core_identity_or_inventory,65,M-8a926f810181baf9,10.3390/agronomy15051135,A Robust Tomato Counting Framework for Greenhouse Inspection Robots Using YOLOv8 and Inter-Frame Prediction,2025,Agronomy,"Zheng, Wanli (59253232100); Dai, Guanglin (57345540800); Hu, Miao (59916305700); Wang, Pengbo (55822235400)","Accurate tomato yield estimation and ripeness monitoring are critical for optimizing greenhouse management. While manual counting remains labor-intensive and error-prone, this study introduces a novel vision-based framework for automated tomato counting in standardized greenhouse environments. The proposed method integrates YOLOv8-based detection, depth filtering, and an inter-frame prediction algorithm to address key challenges such as background interference, occlusion, and double-counting. Our approach achieves 97.09% accuracy in tomato cluster detection, with mature and immature single fruit recognition accuracies of 92.03% and 91.79%, respectively. The multi-target tracking algorithm demonstrates a MOTA (Multiple Object Tracking Accuracy) of 0.954, outperforming conventional methods like YOLOv8 + DeepSORT. By fusing odometry data from an inspection robot, this lightweight solution enables real-time yield estimation and maturity classification, offering practical value for precision agriculture.",Scopus;OpenAlex,Q1,yes,medium,retain because of mechanism signal: object or instance perception; full-text review required,175,77,64,18,5,0,0,0,A,core_identity_or_inventory,duplicate resolution; tracking identity; counting or inventory; ripeness or variety attribute; fruit target; horticultural setting; fruit instance operation; quantitative evaluation,,priority-v1.0-title-abstract-scored-diversified,pending,pending,pending,1425
66,quota:fruit_multiview_or_3d,67,R-77c3db0d49b1aaa2,10.1109/isc260477.2024.11004199,Eggplant Detection and Counting Across the Entire Greenhouse Using Deep Learning and Motion Parallax,2024,"10th IEEE International Smart Cities Conference: Smart Cities: Revolution for Mankind, ISC2 2024 - Proceedings","Ishizuka, Tatsuya (59929225900); Sasaki, Yusuke (58738950100); Hamada, Takeo (57194020031); Shimazaki-Kishi, Yuki (59930329300); Koshizuka, Noboru (7102007961)","To address labor shortages and population growth, the importance of maximizing productivity through precision agriculture is increasing. As part of precision agriculture, counting the number of fruits on crops is conducted to monitor growth conditions and predict yields. Manual counting is inaccurate and costly, so methods using object detection technologies to count fruits have been proposed. However, existing methods count all visible fruits in the frame, leading to duplicate counts and inaccuracies in measuring the total number of fruits throughout the greenhouse. In this paper, we propose a method for accurately counting the number of eggplants in an agricultural greenhouse by using an object detection model and an object tracking model. Our method utilizes the principle of motion parallax to prevent double counting and ensure accurate counts of each ridge. This approach leads to a more precise estimate of the total number of fruits in the greenhouse. The proposed method was evaluated using object tracking metrics and a comparison with the actual fruit count, and the results showed superior performance compared to existing methods. This demonstrates that our approach is more suitable for estimating the total number of fruits throughout the entire greenhouse.",Scopus;OpenAlex,Q1;Q7,yes,medium,retain because of mechanism signal: object or instance perception; full-text review required,175,77,64,0,23,0,0,0,B,fruit_multiview_or_3d,duplicate resolution; tracking identity; counting or inventory; fruit target; horticultural setting; fruit instance operation; instance perception; quantitative evaluation,,priority-v1.0-title-abstract-scored-diversified,pending,pending,pending,1337
67,quota:prior_review_or_positioning,66,R-504a1d386928344f,10.47772/ijriss.2025.909000213,A Mini Review on Sensor and Artificial Intelligence Approaches for Ripeness Detection and Classification of Oil Palm Fresh Fruit Bunch,2025,International Journal of Research and Innovation in Social Science,N. A. Hamid; A. R. Syafeeza; Norhashimah Mohd Saad; M. Ibrahim,"An accurate assessment of oil palm Fresh Fruit Bunch (FFB) ripeness is vital to maximize oil yield and ensure product quality. For a decade traditional method such as visual inspection and loose fruit counting remains common,due to simplicity but face limitations including subjectivity, labor shortage and low scalability. This review evaluates advances in sensor-based and artificial intelligence (AI) approaches for ripeness detection. The focus is on computer vision and deep learning models, multispectral and hyperspectral imaging as well as sensor-based systems. The integration of Internet of Things (IoT) and edge computing is also examined for real-time deployment. Based on the study, AI-driven methods, including Convolutional Neural Networks (CNNs) and YOLO frameworks, achieve accuracies above 95% in ripeness classification. Hyperspectral imaging combined with machine learning predicts oil content with more than 90% accuracy, while low-cost sensors demonstrate up to 94% accuracy in field conditions. IoT-enabled frameworks enhance scalability through continuous monitoring and localized decision-making. However, adoption is reminded limited due to high costs, computational demands, environmental variability and limited standardized datasets. Beyond technical constrains, socioeconomic barriers such as lack of expertise, inadequate infrastructure and affordability constrain adoption in resources limited context. As an assumption, a future research should prioritize on cost-effective sensors, adaptive algorithms, hybrid solutions and open-access datasets. It should also complement with supportive policies and farmer training to enhance accessibility to the new technology approach. The integration of artificial intelligence with imaging and sensor-based technologies constitutes a transformative approach for sustainable, scalable, and precise detection of FFB ripeness, thereby facilitating the advancement of the palm oil industry toward precision agriculture.",OpenAlex,Q5;Q6;Q7,yes,medium,"retain because of mechanism signal: target-specific detection, segmentation, tracking, or counting; full-text review required",175,12,54,54,23,24,0,0,D,prior_review_or_positioning,counting or inventory; oil-palm target; ripeness or variety attribute; fruit target; fruit instance operation; instance perception; quantitative evaluation; prior review,,priority-v1.0-title-abstract-scored-diversified,reviewed,retrieved,include,57
68,quota:fruit_multiview_or_3d,68,R-0ed680b4365327dd,10.1016/j.jafr.2025.101736,Comparative analysis of single-view and multiple-view data collection strategies for detecting partially-occluded grape bunches: Field trials,2025,Journal of Agriculture and Food Research,"Ariza-Sentís, Mar (56964491300); Baja, Hilmy (57864451400); Vélez, Sergio (57215185725); van Essen, Rick (57217700645); Valente, João (42062501000)","Extracting phenotypic traits of grape bunch is crucial for accurately monitoring grape quality, health, and yield estimation. This is important for optimising resources, enhancing marketing strategies, and boosting overall agricultural productivity. While most research concentrates on data processing algorithms, this study focused on the preceding step: collecting reliable data. Object detection and tracking enable precise monitoring and quantification of fruit, facilitating agricultural management. This study compares two data acquisition methodologies for grape bunch detection and tracking in a commercial vineyard where leaf removal was not performed: a traditional single-view approach and a multiple-viewing method designed to mitigate fruit occlusion issues. The PointTrack algorithm, trained and validated using MOTS annotations, was employed to evaluate detection and tracking performance through metrics of three trials. The multiple-view method achieved i) higher ratio between tracked and GT detections of 74 % compared to 23 % for the single-view approach and ii) enhanced tracking metrics, with the multiple viewing trials metrics ranging from −1.35 to 3.84 for MOTSA (Multiple Object Tracking and Segmentation Accuracy) and sMOTSA (soft MOTSA), and iii) higher correlation and lower RMSE of grape bunch phenotypic traits (OIV codes 202 and 203) compared to ground truth measurements (R 2 = 0.53, RMSE = 19.13). Nonetheless, the multi-view technique was compromised by motion blur due to UAV movements, complicating the tracking process. This study underscores the importance of strategic data acquisition in improving performance for fruit detection and tracking. Future work should extend this methodology to other fruit varieties and environments to validate its broader applicability, enhancing the reliability of yield estimation in precision agriculture.",Scopus;OpenAlex,Q1;Q2;Q4;Q7,yes,medium,retain because of mechanism signal: object or instance perception; full-text review required,173,57,64,18,23,0,0,0,B,fruit_multiview_or_3d,cross-view association; tracking identity; ripeness or variety attribute; fruit target; horticultural setting; fruit instance operation; instance perception; quantitative evaluation,,priority-v1.0-title-abstract-scored-diversified,pending,pending,pending,531
69,quota:fruit_multiview_or_3d,69,R-98b0a18cb2eec589,10.3389/frobt.2021.626989,Fruit Detection and Pose Estimation for Grape Cluster–Harvesting Robot Using Binocular Imagery Based on Deep Neural Networks,2021,Frontiers in Robotics and AI,Wei Yin; Hanjin Wen; Zhengtong Ning; Jian Ye,"Reliable and robust fruit-detection algorithms in nonstructural environments are essential for the efficient use of harvesting robots. The pose of fruits is crucial to guide robots to approach target fruits for collision-free picking. To achieve accurate picking, this study investigates an approach to detect fruit and estimate its pose. First, the state-of-the-art mask region convolutional neural network (Mask R-CNN) is deployed to segment binocular images to output the mask image of the target fruit. Next, a grape point cloud extracted from the images was filtered and denoised to obtain an accurate grape point cloud. Finally, the accurate grape point cloud was used with the RANSAC algorithm for grape cylinder model fitting, and the axis of the cylinder model was used to estimate the pose of the grape. A dataset was acquired in a vineyard to evaluate the performance of the proposed approach in a nonstructural environment. The fruit detection results of 210 test images show that the average precision, recall, and intersection over union ( IOU ) are 89.53, 95.33, and 82.00%, respectively. The detection and point cloud segmentation for each grape took approximately 1.7 s. The demonstrated performance of the developed method indicates that it can be applied to grape-harvesting robots.",OpenAlex,Q3,yes,medium,"retain because of mechanism signal: target-specific detection, segmentation, tracking, or counting; full-text review required",173,22,64,0,23,36,20,0,B,fruit_multiview_or_3d,depth or point cloud; fruit target; horticultural setting; fruit instance operation; instance perception; quantitative evaluation; prior review; benchmark or dataset,,priority-v1.0-title-abstract-scored-diversified,pending,pending,pending,1969
70,quota:core_identity_or_inventory,71,R-700d34dae0f20d78,10.1016/j.biosystemseng.2023.06.003,Development and evaluation of automated localisation and reconstruction of all fruits on tomato plants in a greenhouse based on multi-view perception and 3D multi-object tracking,2023,Biosystems Engineering,"Rapado-Rincón, David (58346952700); van Henten, Eldert J. (6602318643); Kootstra, Gert (24537424000)","The ability to accurately represent and localise relevant objects is essential for robots to carry out tasks effectively. Traditional approaches, where robots simply capture an image, process that image to take an action, and then forget the information, have proven to struggle in the presence of occlusions. Methods using multi-view perception, which have the potential to address some of these problems, require a world model that guides the collection, integration and extraction of information from multiple viewpoints. Furthermore, constructing a generic representation that can be applied in various environments and tasks is a difficult challenge. In this paper, a novel approach for building generic representations in occluded agro-food environments using multi-view perception and 3D multi-object tracking is introduced. The method is based on a detection algorithm that generates partial point clouds for each detected object, followed by a 3D multi-object tracking algorithm that updates the representation over time. The accuracy of the representation was evaluated in a real-world environment, where successful representation and localisation of tomatoes in tomato plants were achieved, despite high levels of occlusion, with the total count of tomatoes estimated with a maximum error of 5.08% and the tomatoes tracked with an accuracy up to 71.47%. Novel tracking metrics were introduced, demonstrating that valuable insight into the errors in localising and representing the fruits can be provided by their use. This approach presents a novel solution for building representations in occluded agro-food environments, demonstrating potential to enable robots to perform tasks effectively in these challenging environments.",Scopus;OpenAlex,Q1;Q2;Q3;Q7,yes,medium,retain because of mechanism signal: object or instance perception; full-text review required,172,69,64,0,0,0,28,0,A,core_identity_or_inventory,cross-view association; tracking identity; counting or inventory; fruit target; horticultural setting; fruit instance operation; transfer identity mechanism,,priority-v1.0-title-abstract-scored-diversified,reviewed,retrieved,include,35
71,quota:core_identity_or_inventory,72,R-ac3db23dd880eb22,10.1109/metroagrifor66923.2025.11512512,Multi-Object Tracking for Apple Counting in Orchards Using Stereo Vision,2025,"Conference Proceedings - 2025 IEEE International Workshop on Metrology for Agriculture and Forestry, MetroAgriFor 2025","Wei, Jiahua (59754190600); Kevric, Ermin (59754190500); Zach, Juri (57480612900); Stelldinger, Peer (6507261622); Rose, Hendrik Wilhelm (60154873600)",,Scopus;OpenAlex,Q1;Q3;Q7,no,not_assessed,abstract unavailable; do not exclude automatically,172,63,54,0,0,0,48,0,A,core_identity_or_inventory,tracking identity; 3D reconstruction; counting or inventory; fruit target; fruit instance operation; transfer identity mechanism; transfer geometry mechanism,,priority-v1.0-title-abstract-scored-diversified,pending,pending,pending,10093
72,quota:fruit_multiview_or_3d,73,R-b200743f5ad5e959,10.1016/j.atech.2025.101334,Accurate organ segmentation and phenotype extraction of tomato plants based on deep learning and clustering algorithm,2025,Smart Agricultural Technology,"Wang, Yaxin (59653985300); Zhao, Xiaona (59450816500); Wang, Qiang (59840930500); Zhao, Yue (58843776500); Wang, Fengpei (59410952300); Lyu, Yangcheng (58956521500); Zhang, Wuping (14619990700); Li, Fuzhong (55494497700)","• In this study, we take tomato as an example and propose an improved deep learning combined with clustering algorithm for plant point cloud segmentation. First, a multi-temporal tomato point cloud dataset is constructed by combining multi-view image sequences with neural radiation field (NeRF), and preprocessing and labeling are completed; second, single channel attention (SCA) and global feature aggregation module (GFA) are introduced into the PointNet++ model, respectively, to construct the TomatoSegNet model, which improves the tomato dataset's semantic segmentation performance, while the edge filter was added to the DBSCAN algorithm to improve it and enhance the instance segmentation performance of canopy leaves; finally, a total of six phenotypic parameters were extracted based on the segmented organs. The experimental results show that the TomatoSegNet model has an average precision (mP) of 97.82%, an average recall (mR) of 98.62%, an average F1 score (mF1) of 97.97%, an average intersection and merger ratio (mIoU) of 96.84%, and an overall accuracy (OA) of 94.22% in the tomato dataset, which proves that the use of semantic segmentation algorithms feasibility of stem and leaf segmentation; the improved DBSCAN algorithm achieved an instance segmentation accuracy of 96.03% for leaves, which improved the segmentation accuracy of overlapping leaves; the coefficients of determination between the measured and calculated values of the six phenotypic parameters (plant height, stem thickness, leaf inclination, leaf length, leaf width, and leaf area) were 0.983, 0.903, 0.916, 0.962, 0.951, and 0.978. The method proposed in this study realizes the accurate segmentation and extraction of phenotypic parameters from the 3D point cloud of plants, which provides a valuable reference for automated phenotypic analysis of plants.. In plant phenotyping research, accurate organ segmentation and phenotype extraction is the key to accelerate the process of big data analysis and intelligent breeding.In this study, we take tomato as an example and propose an improved deep learning combined with clustering algorithm for plant point cloud segmentation. First, a multi-temporal tomato point cloud dataset is constructed by combining multi-view image sequences with neural radiation field (NeRF), and preprocessing and labeling are completed; second, single channel attention (SCA) and global feature aggregation module (GFA) are introduced into the PointNet++ model, respectively, to construct the TomatoSegNet model, which improves the tomato dataset's semantic segmentation performance, while the edge filter was added to the DBSCAN algorithm to improve it and enhance the instance segmentation performance of canopy leaves; finally, a total of six phenotypic parameters were extracted based on the segmented organs. The experimental results show that the TomatoSegNet model has an average precision (mP) of 97.82%, an average recall (mR) of 98.62%, an average F1 score (mF1) of 97.97%, an average intersection and merger ratio (mIoU) of 96.84%, and an overall accuracy (OA) of 94.22% in the tomato dataset, which proves that the use of semantic segmentation algorithms feasibility of stem and leaf segmentation; the improved DBSCAN algorithm achieved an instance segmentation accuracy of 96.03% for leaves, which improved the segmentation accuracy of overlapping leaves; the coefficients of determination between the measured and calculated values of the six phenotypic parameters (plant height, stem thickness, leaf inclination, leaf length, leaf width, and leaf area) were 0.983, 0.903, 0.916, 0.962, 0.951, and 0.978. The method proposed in this study realizes the accurate segmentation and extraction of phenotypic parameters from the 3D point cloud of plants, which provides a valuable reference for automated phenotypic analysis of plants.",Scopus;OpenAlex,Q3,yes,medium,retain because of mechanism signal: object or instance perception; full-text review required,172,52,54,0,23,12,20,0,B,fruit_multiview_or_3d,cross-view association; depth or point cloud; fruit target; fruit instance operation; instance perception; quantitative evaluation; benchmark or dataset; transfer geometry mechanism,,priority-v1.0-title-abstract-scored-diversified,pending,pending,pending,7094
73,quota:fruit_multiview_or_3d,74,R-f21ac1ee2ed50ea4,10.21203/rs.3.rs-8759462/v1,MSA-MVSNet: A Cross-Scale Collaborative Attention-Based Multi-View Reconstruction Network for Orchard Tree 3D Reconstruction with Instance Segmentation for Fruit Counting,2026,Research Square,Hui Li; Jun Zhang; Jianhua Hong; Fuzhi Ke,,OpenAlex,Q1;Q7,no,not_assessed,abstract unavailable; do not exclude automatically,172,66,64,0,18,0,20,0,B,fruit_multiview_or_3d,cross-view association; 3D reconstruction; counting or inventory; fruit target; horticultural setting; fruit instance operation; instance perception; transfer geometry mechanism,,priority-v1.0-title-abstract-scored-diversified,pending,pending,pending,9510
74,quota:transfer_mechanism,70,R-0ecb12f88c04fd63,10.1109/icra46639.2022.9812007,Camera-Tracklet-Aware Contrastive Learning for Unsupervised Vehicle Re-Identification,2022,Proceedings - IEEE International Conference on Robotics and Automation,"Yu, Jongmin (56241812600); Kim, Junsik (57225018249); Kim, Minkyung (56145313600); Oh, Hyeontaek (38961708400)","Recently, vehicle re-identification methods based on deep learning constitute remarkable achievement. However, this achievement requires large-scale and well-annotated datasets. In constructing the dataset, assigning globally available identities (Ids) to vehicles captured from a great number of cameras is labour-intensive, because it needs to consider their subtle appearance differences or viewpoint variations. In this paper, we propose camera-tracklet-aware contrastive learning (CTACL) using the multi-camera tracklet information without vehicle identity labels. The proposed CTACL divides an unlabelled domain, i.e., entire vehicle images, into multiple camera-level subdomains and conducts contrastive learning within and beyond the subdomains. The positive and negative samples for contrastive learning are defined using tracklet Ids of each camera. Additionally, the domain adaptation across camera networks is introduced to improve the generalisation performance of learnt representations and alleviate the performance degradation resulted from the domain gap between the subdomains. We demonstrate the effectiveness of our approach on video-based and image-based vehicle Re-ID datasets. Experimental results show that the proposed method outperforms the recent state-of-the-art unsupervised vehicle Re-ID methods. The source code for this paper is publicly available on https://github.com/andreYoo/CTAM-CTACL-VVReID.git.",Scopus;OpenAlex,Q2,yes,medium,"retain because of mechanism signal: cross-view, association, reconstruction, or point-cloud evidence; full-text review required",172,97,0,0,0,36,28,0,D,transfer_mechanism,re-identification; cross-view association; tracking identity; prior review; benchmark or dataset; transfer identity mechanism,,priority-v1.0-title-abstract-scored-diversified,pending,pending,pending,2011
75,quota:core_identity_or_inventory,77,R-7fa747a172f70e32,10.48550/arxiv.2409.19786,Spatio-Temporal Metric-Semantic Mapping for Persistent Orchard Monitoring: Method and Dataset,2024,arXiv (Cornell University),Jiuzhou Lei; Ankit Prabhu; Xu Liu; Fernando Cladera,"Monitoring orchards at the individual tree or fruit level throughout the growth season is crucial for plant phenotyping and horticultural resource optimization, such as chemical use and yield estimation. We present a 4D spatio-temporal metric-semantic mapping system that integrates multi-session measurements to track fruit growth over time. Our approach combines a LiDAR-RGB fusion module for 3D fruit localization with a 4D fruit association method leveraging positional, visual, and topology information for improved data association precision. Evaluated on real orchard data, our method achieves a 96.9% fruit counting accuracy for 1,790 apples across 60 trees, a mean fruit size estimation error of 1.1 cm, and a 23.7% improvement in 4D data association precision over baselines. We publicly release a multimodal dataset covering five fruit species across their growth seasons at https://4d-metric-semantic-mapping.org/",OpenAlex,Q1;Q3,yes,medium,"retain because of mechanism signal: target-specific detection, segmentation, tracking, or counting; full-text review required",171,62,64,0,5,12,20,0,A,core_identity_or_inventory,association; depth or point cloud; counting or inventory; fruit target; horticultural setting; fruit instance operation; quantitative evaluation; benchmark or dataset,,priority-v1.0-title-abstract-scored-diversified,pending,pending,pending,1344
76,quota:fruit_multiview_or_3d,75,R-48d73915292d6236,10.1109/iros60139.2025.11246899,3D Hierarchical Panoptic Segmentation in Real Orchard Environments Across Different Sensors,2025,,Matteo Sodano; Federico Magistri; Elias Marks; Fares Hosn,"Crop yield estimation is a relevant problem in agriculture, because an accurate yield estimate can support farmers’ decisions on harvesting or precision intervention. Robots can help to automate this process. To do so, they need to be able to perceive the surrounding environment to identify target objects such as trees and plants. In this paper, we introduce a novel approach to address the problem of hierarchical panoptic segmentation of apple orchards on 3D data from different sensors. Our approach is able to simultaneously provide semantic segmentation, instance segmentation of trunks and fruits, and instance segmentation of trees (a trunk with its fruits). This allows us to identify relevant information such as individual plants, fruits, and trunks, and capture the relationship among them, such as precisely estimate the number of fruits associated to each tree in an orchard. To efficiently evaluate our approach for hierarchical panoptic segmentation, we provide a dataset designed specifically for this task. Our dataset is recorded in Bonn, Germany, in a real apple orchard with a variety of sensors, spanning from a terrestrial laser scanner to a RGB-D camera mounted on different robots platforms. The experiments show that our approach surpasses state-of-the-art approaches in 3D panoptic segmentation in the agricultural domain, while also providing full hierarchical panoptic segmentation. Our dataset is publicly available at https://www.ipb.uni-bonn.de/data/hops/. The open-source implementation of our approach is available at https://github.com/PRBonn/hapt3D.",OpenAlex,Q3;Q4;Q7,yes,medium,retain because of mechanism signal: object or instance perception; full-text review required,171,22,64,18,23,36,0,0,B,fruit_multiview_or_3d,depth or point cloud; ripeness or variety attribute; fruit target; horticultural setting; fruit instance operation; instance perception; quantitative evaluation; prior review,,priority-v1.0-title-abstract-scored-diversified,pending,pending,pending,564
77,quota:fruit_multiview_or_3d,78,R-261b323f4464fd48,10.3390/agronomy9120885,In-field estimation of orange number and size by 3D laser scanning,2019,Agronomy,"Méndez, Valeriano (12344777900); Pérez-Romero, Antonio (57188990011); Sola-Guirado, Rubén (56005175000); Miranda-Fuentes, Antonio (56500670100); Manzano-Agugliaro, Francisco (56416637600); Zapata-Sierra, Antonio (26026725800); Rodríguez-Lizana, Antonio (16317133700)","The estimation of fruit load of an orchard prior to harvest is useful for planning harvest logistics and trading decisions. The manual fruit counting and the determination of the harvesting capacity of the field results are expensive and time-consuming. The automatic counting of fruits and their geometry characterization with 3D LiDAR models can be an interesting alternative. Field research has been conducted in the province of Cordoba (Southern Spain) on 24 ‘Salustiana’ variety orange trees—Citrus sinensis (L.) Osbeck—(12 were pruned and 12 unpruned). Harvest size and the number of each fruit were registered. Likewise, the unitary weight of the fruits and their diameter were determined (N = 160). The orange trees were also modelled with 3D LiDAR with colour capture for their subsequent segmentation and fruit detection by using a K-means algorithm. In the case of pruned trees, a significant regression was obtained between the real and modelled fruit number (R2 = 0.63, p = 0.01). The opposite case occurred in the unpruned ones (p = 0.18) due to a leaf occlusion problem. The mean diameters proportioned by the algorithm (72.15 ± 22.62 mm) did not present significant differences (p = 0.35) with the ones measured on fruits (72.68 ± 5.728 mm). Even though the use of 3D LiDAR scans is time-consuming, the harvest size estimation obtained in this research is very accurate.",Scopus;OpenAlex,Q3,yes,medium,"retain because of mechanism signal: target-specific detection, segmentation, tracking, or counting; full-text review required",170,34,64,18,23,0,20,0,B,fruit_multiview_or_3d,depth or point cloud; counting or inventory; ripeness or variety attribute; fruit target; horticultural setting; fruit instance operation; instance perception; quantitative evaluation,,priority-v1.0-title-abstract-scored-diversified,pending,pending,pending,2617
78,quota:fruit_multiview_or_3d,79,R-87d3643ec14a1a13,10.1109/prai67447.2025.11412556,GrapeCPNet: A Data-Driven Deep Learning Approach for Automated 3D Phenotyping and Predictive Analytics in Grape Cultivation,2025,"8th International Conference on Pattern Recognition and Artificial Intelligence, PRAI 2025","Mamtani, Sumit (57211028626)","Accurate phenotypic analysis of grape bunches at the berry level is crucial for yield estimation and quality control in vineyard management. Traditional manual measurement methods are labor-intensive, time-consuming, and prone to errors. Advances in data analytics, deep learning, and 3D computer vision have enabled automated, high-throughput phenotyping solutions. This study introduces GrapeCPNet, a self-supervised deep learning pipeline that integrates 3D point cloud analytics with instance segmentation and shape completion to reconstruct and analyze individual grape berries. The proposed method employs the SoftGroup deep learning network for berry segmentation, followed by a novel self-supervised point cloud completion network that reconstructs missing berry surfaces caused by occlusions. Morphological traits such as berry count, radius, and volume are extracted using data-driven statistical modeling. Experimental validation on four grape varieties achieved over <tex xmlns:mml=""http://www.w3.org/1998/Math/MathML"" xmlns:xlink=""http://www.w3.org/1999/xlink"">$85 \% \mathbf{R}^{2}$</tex> for radius prediction and 97 % for volume estimation, demonstrating the effectiveness of the proposed analytics framework in agricultural phenotyping. This study highlights the potential of AI-powered data analytics and predictive modeling in precision agriculture, enabling more accurate yield forecasts and improved crop management strategies. While validated on four table grape varieties in controlled indoor environments, further study is needed to confirm generalizability to outdoor and vineyard conditions.",Scopus;OpenAlex,Q3;Q4;Q7,yes,medium,retain because of mechanism signal: object or instance perception; full-text review required,170,34,64,18,23,0,20,0,B,fruit_multiview_or_3d,depth or point cloud; counting or inventory; ripeness or variety attribute; fruit target; horticultural setting; fruit instance operation; instance perception; quantitative evaluation,,priority-v1.0-title-abstract-scored-diversified,pending,pending,pending,61
79,quota:core_identity_or_inventory,82,R-682967abf5c40ab7,,Multi-target Tracking: From Drosophila Melanogaster to Pedestrians,2015,ResearchSpace (University of Auckland),Junli Tao,"Multi-target tracking is used in many applications, such as for indoor or outdoor surveillance, intelligent vehicles, robotics, or experiments in biology. In this thesis, three types of targets are tracked, namely drosophila melanogaster, vehicles, and pedestrians. The thesis proposes specific methods for tracking the different objects. A comparative discussion of different tracking needs is provided in Chapter 6. Vision-based locomotion analysis of drosophila melanogaster is a common way for studying nervous systems. As a holometabolous insect, there are 2D crawling (larvae) and 3D freely flying (fruit fly) motions to be analysed. We conduct tracking experiments for both stages; 3D tracking in high density scenarios defines the most difficult challenge. A tracking-by-matching method is proposed for 3D tracking to alternatively operate stereo-matching and temporal-tracking processes. Experimental results prove the efficiency of the method for reducing ambiguities in both matching and tracking modules. A tracklet-based method is proposed, based on our tracking-by-matching method, which further improves the performance by suppressing fragmented trajectories. In order to test the proposed methods, a simulator is used to generate synthetic sequences with 3D ground truth. We also study tracking for vision-based driver assistance on highways. Vehicles are the most interesting targets in such scenarios. Dynamic occlusions of vehicles occur frequently, and a tracker should also be able to deal with partially-occluded vehicles. We propose an integrated occluder-occludee tracking system. It detects and tracks both fully-visible and partially-occluded vehicles, and is able to deal with dynamic occlusion patterns. Detecting and tracking a further-away occluded vehicle contributes to the understanding of overtaking processes ahead of the egovehicle. The proposed method is tested on sequences containing such overtaking scenarios. Vision-based pedestrian behaviour analysis requires pedestrian tracking. Pedestrians may change directions abruptly. We conduct 3D tracking experiments applying a unscented Kalman filter-based tracking method. The motion model suppresses the noise from detection results. By focusing on single-frame appearance information for tracking, we propose an integrated pedestrian and body-direction classifier. It classifies the input bounding boxes into the pedestrian class and a corresponding body-direction class. We also propose a method using a part-based random decision forest for body-direction classification. We generate a pedestrian-direction classification data set (available online). This data set, and two other publicly available data sets are used to test both proposed methods. The designed tracking methods vary for the considered three different targets and data recording settings (i.e. static, or moving cameras, monocular, binocular, or trinocular), but there are also general tracking principles; see Chapter 6. Keywords: 3D tracking, fruit fly, projection consistency, vehicle, occlusion handling, pedestrian, body-direction classification, Kalman filter, random decision forest, particle filter, stereo vision",OpenAlex,Q3,yes,medium,"retain because of mechanism signal: target-specific detection, segmentation, tracking, or counting; full-text review required",169,51,54,0,0,12,48,0,A,core_identity_or_inventory,tracking identity; 3D reconstruction; fruit target; fruit instance operation; benchmark or dataset; transfer identity mechanism; transfer geometry mechanism,,priority-v1.0-title-abstract-scored-diversified,pending,pending,pending,8006
80,quota:core_identity_or_inventory,85,R-8819ac114b7e241d,10.48550/arxiv.2211.02760,Development and evaluation of automated localisation and reconstruction of all fruits on tomato plants in a greenhouse based on multi-view perception and 3D multi-object tracking,2022,arXiv (Cornell University),David Rapado Rincon; E.J. van Henten; Gert Kootstra,"The ability to accurately represent and localise relevant objects is essential for robots to carry out tasks effectively. Traditional approaches, where robots simply capture an image, process that image to take an action, and then forget the information, have proven to struggle in the presence of occlusions. Methods using multi-view perception, which have the potential to address some of these problems, require a world model that guides the collection, integration and extraction of information from multiple viewpoints. Furthermore, constructing a generic representation that can be applied in various environments and tasks is a difficult challenge. In this paper, a novel approach for building generic representations in occluded agro-food environments using multi-view perception and 3D multi-object tracking is introduced. The method is based on a detection algorithm that generates partial point clouds for each detected object, followed by a 3D multi-object tracking algorithm that updates the representation over time. The accuracy of the representation was evaluated in a real-world environment, where successful representation and localisation of tomatoes in tomato plants were achieved, despite high levels of occlusion, with the total count of tomatoes estimated with a maximum error of 5.08% and the tomatoes tracked with an accuracy up to 71.47%. Novel tracking metrics were introduced, demonstrating that valuable insight into the errors in localising and representing the fruits can be provided by their use. This approach presents a novel solution for building representations in occluded agro-food environments, demonstrating potential to enable robots to perform tasks effectively in these challenging environments.",OpenAlex,Q2;Q3,yes,medium,retain because of mechanism signal: object or instance perception; full-text review required,169,69,64,0,0,0,28,0,A,core_identity_or_inventory,cross-view association; tracking identity; counting or inventory; fruit target; horticultural setting; fruit instance operation; transfer identity mechanism,,priority-v1.0-title-abstract-scored-diversified,pending,pending,pending,2041
81,quota:fruit_multiview_or_3d,81,R-34fcdcc27c55c0b4,10.1016/j.jag.2023.103457,Object-Detection from Multi-View remote sensing Images: A case study of fruit and flower detection and counting on a central Florida strawberry farm,2023,International Journal of Applied Earth Observation and Geoinformation,"Zheng, Caiwang (57197708366); Liu, Tao (56043220000); Abd-Elrahman, Amr (23994976400); Whitaker, Vance M. (17136490400); Wilkinson, Benjamin (23996119800)","Object detection in remote sensing images is one of the most critical computer vision tasks for various earth observation applications. Previous studies applied object detection models to orthomosaic images generated from the SfM (Structure-from-Motion) analysis to perform object detection and counting. However, some small objects that are occluded from the vertical view but observable in raw images from the oblique views cannot be detected in the orthomosaic image, leading to an occlusion issue that cannot be resolved with the traditional orthophoto-based approach. Taking strawberry detection as a case study, the objective of this study is to detect small objects directly from multi-view raw images. Firstly, an object-detection model (Faster R-CNN in this study) was applied to each raw image to identify strawberry fruit and flower objects. Each unique strawberry object on the ground can be detected multiple times in the raw images because images have forward- and side overlap. To find the unique objects from the step one detection results, an improved FaceNet model was proposed to combine the image and position information to calculate the feature distance between those objects, and a clustering algorithm was used to associate the cluster with each unique strawberry using the object distance output from the FaceNet model, from which the final position and number of strawberry fruits and flowers were obtained. Compared with the orthomosaic image alone, this approach using multi-view images effectively solved the occlusion problem and improved overall recognition accuracy of strawberry flowers, unripe fruits, and ripe fruits from 76.28% to 96.98%, 71.64% to 99.09%, and 69.81% to 97.17%, respectively, highlighting the potential of multi-view stereovision (MVS) in small object detection.",Scopus;OpenAlex,Q1;Q3;Q4;Q7,yes,medium,retain because of mechanism signal: object or instance perception; full-text review required,169,66,54,18,18,0,20,-18,B,fruit_multiview_or_3d,cross-view association; 3D reconstruction; counting or inventory; ripeness or variety attribute; fruit target; fruit instance operation; instance perception; transfer geometry mechanism,canopy or remote-sensing focus,priority-v1.0-title-abstract-scored-diversified,pending,pending,pending,347
82,quota:fruit_multiview_or_3d,86,R-a40c6a53cc7349b1,10.48550/arxiv.2506.14066,A Point Cloud Completion Approach for the Grasping of Partially Occluded Objects and Its Applications in Robotic Strawberry Harvesting,2025,arXiv (Cornell University),Ali Abouzeid; Mohamed M. Mansour; Chengsong Hu; Dezhen Song,"In robotic fruit picking applications, managing object occlusion in unstructured settings poses a substantial challenge for designing grasping algorithms. Using strawberry harvesting as a case study, we present an end-to-end framework for effective object detection, segmentation, and grasp planning to tackle this issue caused by partially occluded objects. Our strategy begins with point cloud denoising and segmentation to accurately locate fruits. To compensate for incomplete scans due to occlusion, we apply a point cloud completion model to create a dense 3D reconstruction of the strawberries. The target selection focuses on ripe strawberries while categorizing others as obstacles, followed by converting the refined point cloud into an occupancy map for collision-aware motion planning. Our experimental results demonstrate high shape reconstruction accuracy, with the lowest Chamfer Distance compared to state-of-the-art methods with 1.10 mm, and significantly improved grasp success rates of 79.17%, yielding an overall success-to-attempt ratio of 89.58\% in real-world strawberry harvesting. Additionally, our method reduces the obstacle hit rate from 43.33% to 13.95%, highlighting its effectiveness in improving both grasp quality and safety compared to prior approaches. This pipeline substantially improves autonomous strawberry harvesting, advancing more efficient and reliable robotic fruit picking systems.",OpenAlex,Q3;Q4,yes,medium,retain because of mechanism signal: object or instance perception; full-text review required,169,46,30,18,23,24,20,0,B,fruit_multiview_or_3d,3D reconstruction; depth or point cloud; ripeness or variety attribute; fruit target; instance perception; quantitative evaluation; prior review; transfer geometry mechanism,,priority-v1.0-title-abstract-scored-diversified,pending,pending,pending,3677
83,quota:transfer_mechanism,80,M-4b62e88c31cda7c6,10.32469/10355/109471,A-Maize-ing Deep Vision : developing deep learning and computer vision algorithms for UAV-based automated digital phenotyping in agricultural fields,2025,MOspace Institutional Repository (University of Missouri),Dewi Endah Kharismawati,"Global food demand is projected to increase by up to 62 percent by 2050, while climate change is expected to place an additional 170 million people at risk of hunger. Meeting these challenges requires developing crop varieties that can withstand environmental stressors such as drought, heat, and poor soil. Achieving this goal depends not only on plant science but also on innovations in scalable data acquisition and analysis. Digital phenotyping offers a promising solution by enabling high-throughput, high-resolution trait measurement across large plant populations. While progress has been made in controlled environments, field-based phenotyping remains difficult due to environmental variability and the need for efficient processing at scale. This dissertation presents computer vision, deep learning, and image processing algorithms using unmanned aerial vehicles (UAVs) for scalable, low-cost phenotyping of maize, particularly in mutant lines that exhibit quantifiable leaf lesions. These lesions vary in color, size, shape, morphology, and temporal development depending on both environmental conditions and genetic background. Individual lesions are quantified in the field, and the resulting data are leveraged for improved phenotype prediction in selective breeding and network inference. Together, the following chapters contribute to the development of an integrated, scalable framework for field-based phenotyping -- a system I refer to as A-Maize-ing Deep Vision. Chapter 1 introduces CorNet, an unsupervised deep learning model for planar homography estimation from freely flown UAV video. Unlike traditional waypointxx guided systems, CorNet enables faster, flexible, metadata-free image registration using consumer-grade drones, with accuracy comparable to ASIFT. Chapter 2 builds on this with MaiZaic, a robust end-to-end pipeline that automates video frame sampling, camera calibration, homography estimation with the improved CorNetv3 , shot detection, and mini-mosaicking. MaiZaic improves mosaic accuracy by 13.1 percent while computing 14.11 times faster compared to ASIFT, offering a practical solution for real-time aerial imaging. Chapter 3 presents SeeMaiDetect, a high-resolution, labeled dataset for maize seedling detection and stand counting. Annotated for single, double, and triple plant classes, the dataset supports model evaluation under realistic variations in growth stage, lighting, soil, and density. Detection of single seedlings achieves precision up to 0.984 and recall up to 0.873, while multi-seedling detection remains more challenging due to class imbalance and morphological overlap. A YOLO-based model provides fast inference, averaging 155 ms per image. Chapter 4 introduces DeepMaizeCounter (DMC), an end-to-end system for automated maize stand counting in nursery fields. Operating in two modes, using either mosaicked imagery or raw frames with homography matrices, DMC leverages a YOLOv9 backbone for seedling detection and spatial reasoning for row and range segmentation. In field trials, DMC achieved an R2value of 0.616 using mosaicked data and 0.906 using raw video frames, with full-frame processing completed in 60.63 seconds across 83 images. Chapter 5, PointillistMaize, explores 3D plant reconstruction using Structure from Motion (SfM), Multi-View Stereo (MVS), Neural Radiance Fields (NeRF), and Gaussian Splatting. These methods generate detailed 3D point clouds of individual plants and nursery rows from UAV video. While COLMAP yielded the highest point density and geometric accuracy, NeRF offered comparable results with reduced computation time. Gaussian Splatting delivered photorealistic outputs despite lower point density. Together, these contributions present an integrated approach to field-based digital phenotyping, from UAV-based image capture and registration to detection, counting, and 3D reconstruction. The presented methods lay the technical foundation for large-scale lesion quantification and phenotype pr",OpenAlex,Q1;Q3,yes,medium,"retain because of mechanism signal: target-specific detection, segmentation, tracking, or counting; full-text review required",169,88,0,18,23,12,20,0,D,transfer_mechanism,cross-view association; 3D reconstruction; depth or point cloud; counting or inventory; ripeness or variety attribute; instance perception; quantitative evaluation; benchmark or dataset,,priority-v1.0-title-abstract-scored-diversified,pending,pending,pending,1417
84,quota:transfer_mechanism,83,R-6c9a63b7e2203063,10.13031/aim.202300895,Three-View Cotton Flower Counting through Multi-Object Tracking and Multi-Modal Imaging,2023,2023 ASABE Annual International Meeting,"Tan, Chenjiao (57245451000); Li, Changying (57203273426); Sun, Jin (58221421600); Song, Huaibo (17342958900)","<b><sc>Abstract.</sc></b> Monitoring the number of cotton flowers can provide important information for breeders to assess the flowering time and the productivity of genotypes because flowering marks the transition from vegetative growth to reproductive growth and impacts the number of bolls developed. Typically, manual counting is difficult, time-consuming, and tedious. To count cotton flowers efficiently and accurately, we propose a multi-view and multi-modal imaging approach based on object tracking using both RGB and depth images collected by three cameras mounted on a ground robotic platform. Tracking by detection algorithm was employed to track flowers from three views at the same time. Furthermore, a YOLOv8 object detector was trained to detect flowers in images and a deep learning-based optical flow model RAFT (Recurrent All-pairs Field Transforms) was used to estimate motion between two adjacent frames. IoU and distance costs were used to associate flowers in the tracking algorithm, and tracked flowers were segmented to obtain pixel positions for depth extraction. These positions from two side views were then projected onto the middle image coordinate using camera calibration parameters. Finally, all flowers in the middle image coordinate were clustered by a constrained hierarchy clustering algorithm to remove duplicated counts. The results showed that the mAP of trained YOLOv8x was 96.4%. The counting results of the developed method were highly correlated with those of manual counts with an R<sup>2</sup> of 0.92. Besides, the Mean Relative Error of all testing videos was 6.22%. Overall, the proposed method provides an efficient and effective approach to solving the cotton flower counting from multiple views, which is beneficial for breeders to dissect genetic mechanisms of flowering time with an unprecedented spatial and temporal resolution.",Scopus;OpenAlex,Q2,yes,medium,retain because of mechanism signal: object or instance perception; full-text review required,169,107,0,0,23,0,28,0,D,transfer_mechanism,duplicate resolution; cross-view association; tracking identity; counting or inventory; instance perception; quantitative evaluation; transfer identity mechanism,,priority-v1.0-title-abstract-scored-diversified,pending,pending,pending,5763
85,quota:transfer_mechanism,84,R-7310a742811389af,10.48550/arxiv.2109.06401,Camera-Tracklet-Aware Contrastive Learning for Unsupervised Vehicle Re-Identification,2021,arXiv (Cornell University),Jongmin Yu; Junsik Kim; Minkyung Kim; Hyeontaek Oh,"Recently, vehicle re-identification methods based on deep learning constitute remarkable achievement. However, this achievement requires large-scale and well-annotated datasets. In constructing the dataset, assigning globally available identities (Ids) to vehicles captured from a great number of cameras is labour-intensive, because it needs to consider their subtle appearance differences or viewpoint variations. In this paper, we propose camera-tracklet-aware contrastive learning (CTACL) using the multi-camera tracklet information without vehicle identity labels. The proposed CTACL divides an unlabelled domain, i.e., entire vehicle images, into multiple camera-level subdomains and conducts contrastive learning within and beyond the subdomains. The positive and negative samples for contrastive learning are defined using tracklet Ids of each camera. Additionally, the domain adaptation across camera networks is introduced to improve the generalisation performance of learnt representations and alleviate the performance degradation resulted from the domain gap between the subdomains. We demonstrate the effectiveness of our approach on video-based and image-based vehicle Re-ID datasets. Experimental results show that the proposed method outperforms the recent state-of-the-art unsupervised vehicle Re-ID methods. The source code for this paper is publicly available on `https://github.com/andreYoo/CTAM-CTACL-VVReID.git'.",OpenAlex,Q2,yes,medium,"retain because of mechanism signal: cross-view, association, reconstruction, or point-cloud evidence; full-text review required",169,97,0,0,0,36,28,0,D,transfer_mechanism,re-identification; cross-view association; tracking identity; prior review; benchmark or dataset; transfer identity mechanism,,priority-v1.0-title-abstract-scored-diversified,pending,pending,pending,1959
86,quota:transfer_mechanism,88,R-ea570fac7e7b91a6,10.5194/isprs-annals-xi-2-2026-197-2026,Beyond Centers: Bounding-Box Voxel Projection for Multi-View 3D Detection and Tracking,2026,"ISPRS annals of the photogrammetry, remote sensing and spatial information sciences",Rasho Ali; Max Mehltretter; Christian Heipke,"Abstract. 3D multi-view, multi-object tracking (3D MV-MOT) makes use of multiple cameras to reduce the number of missed detections and to mitigate occlusions. Most current 3D MV-MOT methods suffer from information loss when associating 3D locations with 2D image features via a 3D-to-2D projection, as they use a discrete grid in 3D and sample image features only at the projected centers of each grid cell. Thus, all other feature information is lost. An additional information loss commonly arises during crossview aggregation when applying max or average pooling: these methods either overemphasize a single view or treat conflicting views, that depict different entities, e.g., due to occlusions, equally. In this work, we introduce two novel modules for 3D MV-MOT, employed to pedestrian tracking, that target these limitations: (i) VoxROI aggregates all image features that fall within the bounding box around a voxel’s projection into each respective image, instead of only sampling features at the projected voxel center. (ii) SimFuse aggregates per-view voxel features into one coherent feature representation per voxel, using similarity weights computed from re-identification (Re-ID) features. Subsequently, they are used to measure cross-view identity similarity. Views with higher Re-ID feature similarity receive larger weights, while inconsistent views are suppressed. Experimental results on the WildTrack dataset confirm our method’s effectiveness for multi-view pedestrian detection and tracking, reaching, and in particular in cross-view scenarios improving, the general state-of-the-art. The approach maintains strong performance across different camera configurations, demonstrating its generalization capability when training and testing on different camera setups.",OpenAlex,Q2,yes,medium,retain because of mechanism signal: object or instance perception; full-text review required,169,97,0,0,0,36,28,0,D,transfer_mechanism,re-identification; cross-view association; tracking identity; prior review; benchmark or dataset; transfer identity mechanism,,priority-v1.0-title-abstract-scored-diversified,pending,pending,pending,2419
87,quota:prior_review_or_positioning,87,R-c1173d638ba1cd65,10.31219/osf.io/rdbze_v1,A Scoping Review Protocol on AI-Assisted 3D Crime Scene Reconstruction from 2D Sketches and Photographic Evidence,2026,,Shubham Nandal; Sameer Saharan; Mridu Sharma; Baljeet Yadav,"This scoping review protocol aims to map the extent, range, and nature of existing literature on AI-assisted three-dimensional crime scene reconstruction using two-dimensional crime scene sketches and photographic evidence. Crime scene reconstruction is increasingly moving toward digital, spatial, and computational methods, while artificial intelligence, computer vision, photogrammetry, and structure-from-motion techniques are creating new opportunities for transforming conventional scene documentation into three-dimensional forensic visualizations.Guided by JBI scoping review methodology and reported in accordance with PRISMA-ScR, the review will identify input modalities, computational methods, reconstruction workflows, output forms, validation approaches, reported limitations, and forensic relevance across forensic science and technically relevant adjacent domains. The review will consider literature involving 2D sketches, scene diagrams, floor plans, photographs, multi-view images, video-derived frames, and hybrid visual inputs. Relevant computational approaches may include artificial intelligence, machine learning, deep learning, semantic segmentation, object detection, scene-layout estimation, photogrammetry, structure-from-motion, generative modelling, NeRF-based reconstruction, and sketch-to-3D or image-to-3D workflows.The review will use a Population/Concept/Context eligibility framework and will search Scopus, Web of Science Core Collection, PubMed/MEDLINE, IEEE Xplore, and ScienceDirect, with supplementary searching through Google Scholar, backward reference checking, and forward citation tracking. Retrieved records will be deduplicated using Mendeley Reference Manager, screened independently by two reviewers, and charted using a piloted data charting form. Findings will be synthesized through descriptive numerical summaries, tabular evidence mapping, and narrative synthesis.This protocol is expected to provide a transparent roadmap for identifying methodological trends, evidence gaps, validation issues, and future research directions in AI-assisted 3D crime scene reconstruction. The findings will support future experimental studies, forensic tool development, and the possible design of a focused systematic review.",OpenAlex,Q2,yes,medium,retain because of mechanism signal: object or instance perception; full-text review required,169,114,0,0,23,24,0,0,D,prior_review_or_positioning,duplicate resolution; cross-view association; 3D reconstruction; depth or point cloud; instance perception; quantitative evaluation; prior review,,priority-v1.0-title-abstract-scored-diversified,pending,pending,pending,3982
88,quota:transfer_mechanism,89,R-57ff2f2806ca270a,10.1109/kse68178.2025.11309622,Vehicle Re-Identification for Comprehensive Multi-Camera Tracking in Vietnamese Urban Infrastructure,2025,"Proceedings - International Conference on Knowledge and Systems Engineering, KSE","Ma, Kim-Phat (60498370500); Duong-Thi, Mong-Thuy (60497735200); Dang, Chi-Nguyen (60498525400); Nguyen, Anh Thi-Hoang (60234970300); Do, Trong-Hop (59454530400)","Vehicle re-identification (Re-ID) is a key component of intelligent transportation systems, enabling continuous tracking of vehicles across non-overlapping camera views. Most existing models are trained on curated benchmarks and often fail in real-world traffic with high density, heterogeneous vehicle types, occlusion, and challenging imaging conditions. This work introduces a real-time multi-camera tracking framework tailored for Vietnamese urban traffic. The pipeline integrates a YOLO-based detector with Deep SORT for intra-camera tracking and employs a state-of-the-art backbone (OSNet) with a novel cross-camera association algorithm to maintain vehicle identity across disjoint views. The system is deployed on Apache Spark and Apache Kafka, supporting scalable, low-latency processing of multiple concurrent video streams. Evaluation on a <tex xmlns:mml=""http://www.w3.org/1998/Math/MathML"" xmlns:xlink=""http://www.w3.org/1999/xlink"">$\mathbf{2 0}$</tex>-second Vietnamese traffic video achieves a recall of 83.34%, a precision of 55.56%, and an average throughput of <tex xmlns:mml=""http://www.w3.org/1998/Math/MathML"" xmlns:xlink=""http://www.w3.org/1999/xlink"">$\approx 11$</tex> FPS. Furthermore, the first annotated dataset for vehicle Re-ID in Vietnamese traffic is introduced, carefully labeled to capture real-world complexity and diversity. The main contributions are threefold: (1) a practical ReID solution customized for Vietnamese traffic conditions; (2) a novel cross-camera association method that enhances identity preservation in dense, dynamic environments; and (3) a scalable real-time pipeline suitable for deployment in large-scale transportation networks. These contributions narrow the gap between benchmark-driven research and operational systems, providing a foundation for future intelligent transportation applications. The source code and dataset are available at: https://github.com/MaPhat/Ds201-Re-identification-.git.",Scopus;OpenAlex,Q2,yes,medium,retain because of mechanism signal: operation on a named target; full-text review required,168,70,0,0,23,36,28,0,D,transfer_mechanism,re-identification; cross-view association; instance perception; quantitative evaluation; prior review; benchmark or dataset; transfer identity mechanism,,priority-v1.0-title-abstract-scored-diversified,pending,pending,pending,2278
89,quota:transfer_mechanism,90,R-7307787b1524ff9d,10.1109/tmm.2022.3161189,Moving Towards Centers: Re-Ranking With Attention and Memory for Re-Identification,2023,IEEE Transactions on Multimedia,"Zhou, Yunhao (57221479117); Wang, Yi (57195990873); Chau, Lap-Pui (7102672302)","Re-ranking utilizes contextual information to optimize the initial ranking list of person or vehicle re-identification (re-ID), which boosts the retrieval performance at post-processing steps. This paper proposes a re-ranking network to predict the correlations between the probe and top-ranked neighbor samples. Specifically, all the feature embeddings of query and gallery images are expanded and enhanced by a linear combination of their neighbors, with the correlation prediction serving as discriminative combination weights. The combination process is equivalent to moving independent embeddings toward the identity centers, improving cluster compactness. For correlation prediction, we first aggregate the contextual information for probe's <inline-formula xmlns:mml=""http://www.w3.org/1998/Math/MathML"" xmlns:xlink=""http://www.w3.org/1999/xlink""><tex-math notation=""LaTeX"">$k$</tex-math></inline-formula> -nearest neighbors via the Transformer encoder. Then, we distill and refine the probe-related features into the Contextual Memory cell via attention mechanism. Like humans that retrieve images by not only considering probe images but also memorizing the retrieved ones, the Contextual Memory produces multi-view descriptions for each instance. Finally, the neighbors are reconstructed with features fetched from the Contextual Memory, and a binary classifier predicts their correlations with the probe. Experiments on six widely-used person and vehicle re-ID benchmarks demonstrate the effectiveness of the proposed method. Especially, our method surpasses the state-of-the-art re-ranking approaches on large-scale datasets by a significant margin, i.e., with an average 4.83% CMC@1 and 14.83% mAP improvements on VERI-Wild, MSMT17, and VehicleID datasets.",Scopus;OpenAlex,Q2,yes,medium,"retain because of mechanism signal: cross-view, association, reconstruction, or point-cloud evidence; full-text review required",168,70,30,0,5,24,28,0,D,transfer_mechanism,re-identification; cross-view association; fruit target; quantitative evaluation; prior review; transfer identity mechanism,,priority-v1.0-title-abstract-scored-diversified,pending,pending,pending,2108
90,quota:transfer_mechanism,91,R-cdbab9702855219b,10.48550/arxiv.2201.01494,"Improving Object Detection, Multi-object Tracking, and Re-Identification for Disaster Response Drones",2022,arXiv (Cornell University),Chongkeun Paik; Hyunwoo J. Kim,"We aim to detect and identify multiple objects using multiple cameras and computer vision for disaster response drones. The major challenges are taming detection errors, resolving ID switching and fragmentation, adapting to multi-scale features and multiple views with global camera motion. Two simple approaches are proposed to solve these issues. One is a fast multi-camera system that added a tracklet association, and the other is incorporating a high-performance detector and tracker to resolve restrictions. (...) The accuracy of our first approach (85.71%) is slightly improved compared to our baseline, FairMOT (85.44%) in the validation dataset. In the final results calculated based on L2-norm error, the baseline was 48.1, while the proposed model combination was 34.9, which is a great reduction of error by a margin of 27.4%. In the second approach, although DeepSORT only processes a quarter of all frames due to hardware and time limitations, our model with DeepSORT (42.9%) outperforms FairMOT (71.4%) in terms of recall. Both of our models ranked second and third place in the `AI Grand Challenge' organized by the Korean Ministry of Science and ICT in 2020 and 2021, respectively. The source codes are publicly available at these URLs (github.com/mlvlab/drone_ai_challenge, github.com/mlvlab/Drone_Task1, github.com/mlvlab/Rony2_task3, github.com/mlvlab/Drone_task4).",OpenAlex,Q2,yes,medium,retain because of mechanism signal: object or instance perception; full-text review required,168,97,0,0,23,12,28,0,D,transfer_mechanism,re-identification; cross-view association; tracking identity; instance perception; quantitative evaluation; benchmark or dataset; transfer identity mechanism,,priority-v1.0-title-abstract-scored-diversified,pending,pending,pending,3032
91,quota:core_identity_or_inventory,97,R-630f2b0392240b12,10.3390/s17122738,On-tree mango fruit size estimation using RGB-D images,2017,Sensors (Switzerland),"Wang, Zhenglin (36783741200); Walsh, Kerry B. (7403291431); Verma, Brijesh (7102658741)","In-field mango fruit sizing is useful for estimation of fruit maturation and size distribution, informing the decision to harvest, harvest resourcing (e.g., tray insert sizes), and marketing. In-field machine vision imaging has been used for fruit count, but assessment of fruit size from images also requires estimation of camera-to-fruit distance. Low cost examples of three technologies for assessment of camera to fruit distance were assessed: a RGB-D (depth) camera, a stereo vision camera and a Time of Flight (ToF) laser rangefinder. The RGB-D camera was recommended on cost and performance, although it functioned poorly in direct sunlight. The RGB-D camera was calibrated, and depth information matched to the RGB image. To detect fruit, a cascade detection with histogram of oriented gradients (HOG) feature was used, then Otsu's method, followed by color thresholding was applied in the CIE L*a*b* color space to remove background objects (leaves, branches etc.). A one-dimensional (1D) filter was developed to remove the fruit pedicles, and an ellipse fitting method employed to identify well-separated fruit. Finally, fruit lineal dimensions were calculated using the RGB-D depth information, fruit image size and the thin lens formula. A Root Mean Square Error (RMSE) = 4.9 and 4.3 mm was achieved for estimated fruit length and width, respectively, relative to manual measurement, for which repeated human measures were characterized by a standard deviation of 1.2 mm. In conclusion, the RGB-D method for rapid in-field mango fruit size estimation is practical in terms of cost and ease of use, but cannot be used in direct intense sunshine. We believe this work represents the first practical implementation of machine vision fruit sizing in field, with practicality gauged in terms of cost and simplicity of operation.",Scopus;OpenAlex,Q3;Q7,yes,medium,retain because of mechanism signal: operation on a named target; full-text review required,166,58,54,18,5,0,20,0,A,core_identity_or_inventory,3D reconstruction; depth or point cloud; counting or inventory; ripeness or variety attribute; fruit target; fruit instance operation; quantitative evaluation; transfer geometry mechanism,,priority-v1.0-title-abstract-scored-diversified,pending,pending,pending,110
92,quota:core_identity_or_inventory,99,R-fa16a035ccdb3bff,10.35633/inmateh-78-50,PHENOTYPIC CHARACTER EXTRACTION OF TOMATO PLANT BASED ON 3D POINT CLOUD DATA; [基于三维点云的番茄植株表型特征提取],2026,INMATEH - Agricultural Engineering,"Ran, Yang (59007867800); Ge, Shilong (60617230200); Yao, Mingyuan (58929651000); Li, Yuxi (60617230300); Qiu, Ruicheng (56294844600); Wang, Chen (60617319800); Li, Li (59058357200)","To address the issue of 3D reconstruction information loss caused by occlusion during single-view camera acquisition of crop phenotypic parameters, this study proposes a detection method for tomato plant phenotypic parameters based on multi-view 3D point cloud reconstruction. The Kinect 2.0 sensor was employed to acquire point cloud data of tomato plants from three different viewpoints. Background noise was effectively removed using a combination of Conditional Filtering and Statistical Outlier Removal methods. By extracting surface normal features and calculating Fast Point Feature Histograms (FPFH), the Sample Consensus Initial Alignment (SAC-IA) and Iterative Closest Point (ICP) algorithms were utilized to accomplish coarse and accurate registration of the point clouds, respectively, ultimately achieving 3D reconstruction. Experimental results demonstrated that the reconstructed 3D model of the tomato plant was clear in outline and complete in structure. For the phenotypic parameters of plant height, canopy width, and leaf angle, the coefficients of determination (R²) between the calculated and manually measured values were 0.98, 0.94, and 0.89, respectively, with Root Mean Square Errors (RMSE) of 0.75 cm, 1.10 cm, and 4.43 °. Compared to single-view measurements, the accuracy of plant height and maximum canopy width derived from multi-view reconstruction increased by 15.31% and 13.12%, respectively. This method provides technical support for the rapid and accurate extraction of phenotypic parameters in tomato plants.",Scopus;OpenAlex,Q3,yes,medium,retain because of mechanism signal: operation on a named target; full-text review required,166,76,54,0,5,0,20,0,A,core_identity_or_inventory,cross-view association; 3D reconstruction; depth or point cloud; fruit target; fruit instance operation; quantitative evaluation; transfer geometry mechanism,,priority-v1.0-title-abstract-scored-diversified,pending,pending,pending,2423
93,quota:oil_palm_direct,96,R-021f051b5e81aa1b,10.56042/ijems.v31i6.10931,"The functionality and features of AI automated detector and counter, Oto-BaCTM for bagworm census in oil palm plantation",2024,Indian Journal of Engineering and Materials Sciences,"Ahmad, Mohd Najib (55314571700); Shariff, Abdul Rashid Mohamed (13612157400); Moslim, Ramle (33068004000)","In Malaysia, the bagworm species Metisa plana Walker (Lepidoptera: Psychidae) has been recognized as one of the major insect pests attacking oil palm. Bagworm attacks, if left untreated, have contributed to up to 43% yield loss, and in 2020, the loss of fresh fruit bunches due to these attacks has been chronicled at approximately RM 180 million. Due to this critical situation, it has become compulsory to frequently monitor bagworm infestations in affected areas. Manual census methods, involving the counting of bagworm populations on fronds, have often yielded imprecise data due to human errors, such as overestimating or fabricating data, which have hindered the planning of effective control actions in infested areas. Recognizing the necessity for improved census operations and outcomes, this technology has aimed to create and implement a specialized machine vision system incorporating image processing algorithms tailored to its functions. The device, known as the Automated Bagworm Counter or trademarked as Oto-BaCTM, has stood as the world's inaugural prototype in its category. The software has been configured to operate through Graphic Processing Unit (GPU) computation with the TensorFlow/Teano library, utilizing a trained dataset. Oto-BaCTM has employed a standard camera and self-designed deep learning (DL) algorithms, encompassing motion tracking and false color analysis, to identify both living and deceased larvae and pupae of M. plana. It has further tallied the respective populations of living and deceased larvae and pupae per frond, classifying them into three primary groups or sizes. This automated device has proven to be straightforward, precise, and user-friendly for bagworm detection and counting on palm leaflets. The technology has relied on advanced deep learning with Faster R-CNN methodology for real-time object detection. Although the instrument has not undergone enumeration testing, it has been crafted to augment bagworm counting efficiency in fieldwork, marking it as the pioneer in its domain. Oto-BaCTM's efficacy and detection precision have been authenticated through a series of field trials conducted at two distinct oil palm plantations afflicted by M. plana infestations. Through the integration of infrared sensors and image processing algorithms, this device has been effectively deployed by plantation workers to oversee bagworm populations in their fields, ultimately leading to enhanced yields. This device has exhibited substantial potential for utilization and commercialization, particularly in aiding workers engaged in census-related endeavors.",Scopus;OpenAlex,Q1;Q6;Q7,yes,medium,retain because of mechanism signal: object or instance perception; full-text review required,166,12,64,44,23,12,0,0,B,oil_palm_direct,counting or inventory; oil-palm target; fruit target; horticultural setting; fruit instance operation; instance perception; quantitative evaluation; benchmark or dataset,,priority-v1.0-title-abstract-scored-diversified,pending,pending,pending,415
94,quota:fruit_multiview_or_3d,105,R-60047a2705bbecdf,10.1109/crc60659.2023.10488608,Fruit Distribution Acquisition with Multi-Vision for Multi-Arm Harvesting Robots,2023,"2023 8th International Conference on Control, Robotics and Cybernetics, CRC 2023","Xie, Feng (57222865551); Sun, Na (57209319033); Li, Jiaheng (59004747200); Feng, Qingchun (36598099200); Li, Tao (57222868752)","This study focuses on the precise localization of fruits using multiple stereo visual perception units in a multi-arm collaborative harvesting robot. Fruit localization in overlapping camera fields is challenging in complex and unstructured orchard environments. This is due to the inaccuracies in estimating the fruit centroid of the same target fruit under different camera perspectives, making it difficult to determine whether different centroid positions belong to the same fruit. To address this issue, a novel fruit localization method based on multiple visual units is proposed in this work to reduce mislocalization of fruits in overlapping camera fields. Firstly, a target-based multi-camera extrinsic calibration method is employed to obtain accurate external parameter matrices between multiple cameras and the robot base coordinate system. Secondly, to enhance the recognition and localization accuracy of fruits under a single camera, a multitask fruit detection and segmentation model is used, along with a frustum-based fruit localization method. Finally, to reduce the problem of repeated detections of the same fruit in overlapping camera fields, a filtering method based on fruit surface point cloud matching is proposed. Experimental results demonstrate that the proposed method improves fruit localization accuracy and reduces the probability of repeated false detections. Visualized point cloud information generated by the stereo cameras is provided to showcase the effectiveness of the proposed method.",Scopus;OpenAlex,Q3,yes,medium,"retain because of mechanism signal: target-specific detection, segmentation, tracking, or counting; full-text review required",165,52,64,0,18,0,20,0,B,fruit_multiview_or_3d,cross-view association; depth or point cloud; fruit target; horticultural setting; fruit instance operation; instance perception; transfer geometry mechanism,,priority-v1.0-title-abstract-scored-diversified,pending,pending,pending,5739
95,quota:core_identity_or_inventory,110,R-6423179879ec1fa3,10.1016/j.aiia.2026.03.005,Transformer-based cross-view LiDAR–orthomosaic fusion for geo-localization and digital modeling in apple orchards,2026,Artificial Intelligence in Agriculture,"Zheng, Yu (58545203300); Huang, Andong (60168389600); Liu, Anqi (60168249500); Kim, Do-Hwan (60168355900); Shen, Yunde (36089143600); Lee, Kyeong-Hwan (55671368800)","Precision agriculture increasingly relies on accurate large-scale localization and digital modeling for autonomous tasks in orchards. However, map drift and localization uncertainty under GNSS-limited agricultural settings remain challenging due to canopy occlusion and repetitive row geometry. This study introduces a novel cross-view fusion framework that integrates drone remote-sensing imagery (RSI) with ground LiDAR-IMU odometry (LIO) to achieve robust geo-localization and high-fidelity digital modeling in GNSS-denied orchard environments. We utilized a transformer-based matching network to learn modality-invariant structural cues and predict a pixel-level flow field between RSI and LIO structures. The estimated flow field was converted into geo-localization and loop-closure factors, which were integrated into the pose-graph for joint optimization. Additionally, a geo-spatial driven multi-layer orchard model was constructed based on RSI and LIO, which could extract phenotypes such as the height of fruit trees. We validated the framework in three representative areas of the apple orchard. On the multi-season dataset, the matching network achieved a mean endpoint error of 3.42 px (approximately 7 cm) and 94.5% of the samples within 5 px. The reconstruction pipeline achieved the root mean square error of the absolute pose error to 2.8–3.3 cm. The tree-height estimator built on the orchard model attained an R 2 of 0.95 and a mean absolute percentage error of 3.28%. The system is suitable for deployment on embedded devices for realtime operation. The framework provides centimeter-level global consistency in orchards, facilitates multi-season reconstruction and geo-spatial driven analysis, and serves as an AI-driven digital solution for next-generation orchard management. • Transformer-based cross-view fusion enables robust geo-localization and high-fidelity orchard-scale 3D modeling. • Pose-graph optimization with geo-localization and loop-closure factors sustains centimeter-level global consistency across seasons. • A GIS-driven multi-layer orchard model supports tree-scale phenotyping. • Embedded device deployment validates the performance and operational feasibility of the framework.",Scopus;OpenAlex,Q3,yes,medium,retain because of mechanism signal: broad visual target-operation evidence; full-text review required,164,52,64,0,5,12,20,0,A,core_identity_or_inventory,cross-view association; depth or point cloud; fruit target; horticultural setting; fruit instance operation; quantitative evaluation; benchmark or dataset; transfer geometry mechanism,,priority-v1.0-title-abstract-scored-diversified,pending,pending,pending,2393
96,quota:core_identity_or_inventory,111,R-a7fe858c28a30a77,,Impact of sample size on yield estimation in commercial vineyards,2025,RIUR (Universidad de La Rioja),Carlos Poblete-Echeverria [0000-0001-8025-5879]; Rubén Íñiguez [0000-0001-6422-9515]; Ignacio Barrio; Javier Tardáguila [0000-0002-6639-8723],"The accurate estimation of yield is a fundamental for suitable viticulture, playing a pivotal role in the planning of logistics, the allocation of resources and the formulation of commercial strategies. The capacity to make yield projections enables producers to anticipate market demands and optimize operations, enhancing both efficiency and sustainability (Komm & Moyer, 2015). However, the intrinsic spatial and temporal variability of yield in vineyards presents considerable challenges to the collection of representative and precise data (e.g., Bramley and Proffitt 1999; Clingeleffer et al. 2001; Carrillo et al. 2015). Historically, the yield estimation has been dependent on manual techniques, such as the counting of bunches on a restricted sample of vines and the extrapolation of results to the entirety of the vineyard. Despite their widespread use, these techniques have notable limitations. They are costly in terms of labour and time, and they are prone to sampling errors due to the lack of representativeness, particularly in large or spatially heterogeneous vineyards (Dami, 2011).To address these shortcomings, advanced techniques have been developed that integrate historical data and refined sampling designs. For example, Araya-Alman et al. (2019) proposed a methodology based on historical yield patterns to identify key sampling areas, thereby reducing estimation errors. Similarly, Oger et al. (2021) investigated the potential for optimising the number of sampled vines to minimise errors, emphasising the value of systematic approaches for more accurately capturing spatial variability. The adoption of emerging technologies has further transformed yield estimation practices. Torres-Sánchez et al. (2021) demonstrated how unmanned aerial vehicles (UAVs) equipped with high-resolution cameras and photogrammetric point cloud analysis can provide detailed spatial data on cluster distribution across extensive vineyard areas. In a further development of the techniques described above, Meyers et al. (2011) devised a dynamic spatial optimisation model which enhances the representativeness of the samples taken while reducing the costs of the operation. Moreover, Nuske et al. (2011) implemented computer vision algorithms for automated cluster detection and counting, thereby eliminating the necessity for destructive sampling. The integration of machine learning has expanded the scope of these technologies. Palacios et al. (2023) applied computer vision and machine learning to enable early yield predictions across different grapevine varieties, facilitating adaptive management strategies early in the growth cycle. Similarly, Íñiguez et al. (2024) developed deep learning models capable of detecting grape clusters even under complex occlusion conditions, improving data accuracy in challenging environments.In this context, all these new methodologies and technologies can help to optimise the sampling strategy. To achieve a satisfactory yield estimation from punctual measurements, the number of measurements must reflect the expected yield variance at the desired scale. However, field measurements represent a significant effort in terms of labour and time, logistics and cost associated with equipment and the technology used. Therefore, a proper definition of sampling size is a key aspect of the success of the yield estimation approach used.",OpenAlex,Q3;Q7,yes,medium,retain because of mechanism signal: operation on a named target; full-text review required,164,58,64,18,0,0,20,0,A,core_identity_or_inventory,3D reconstruction; depth or point cloud; counting or inventory; ripeness or variety attribute; fruit target; horticultural setting; fruit instance operation; transfer geometry mechanism,,priority-v1.0-title-abstract-scored-diversified,pending,pending,pending,4097
97,quota:core_identity_or_inventory,112,R-bc62480585282eea,10.1016/j.plaphe.2026.100230,BN-NeRF: A fast 3D reconstruction and phenotyping framework for banana plants using handheld devices,2026,Plant Phenomics,"Xu, Xing (56969836200); Chen, Shangcun (60117696400); Liu, Yu (60685463900); Duan, Jieli (37123703800); Jin, Mohui (55971908500); Fu, Han (57191909553); Yang, Zhou (55522618700)","High-fidelity 3D reconstruction and precise phenotypic parameter extraction of banana plants are critical for crop growth monitoring and yield estimation in precision agriculture. However, traditional methods encounter significant bottlenecks: LiDAR systems are cost-prohibitive for widespread adoption, while traditional photogrammetry often fails to handle the complex canopy structures, severe occlusions, and weak texture features characteristic of banana leaves. To address these limitations, this article proposes a novel framework for 3D reconstruction and automatic phenotyping based on multi-view images captured by mobile phones. We introduce BN-NeRF, an enhanced Neural Radiance Field method built upon Instant-NGP. Specifically, we integrate three key technical improvements: (1) frame-level geometric calibration to correct camera pose drift caused by handheld motion; (2) sparse geometric anchoring to explicitly constrain depth and scale using sparse point clouds; and (3) thin-leaf prior regularization to suppress artifacts and improve the geometric accuracy of leaf surfaces. Building on this reconstruction, we establish a complete pipeline to recover explicit metric geometry from implicit radiance fields. By combining mesh topological analysis with geodesic algorithms, we achieve automated and precise extraction of key morphological parameters. Extensive experiments were conducted on a dataset of 90 banana plants in a real-world orchard. The results demonstrate that BN-NeRF achieves superior rendering quality (PSNR of 32.4 dB, SSIM of 0.951, and LPIPS of 0.152) while maintaining inference speeds comparable to Instant-NGP. Furthermore, the extracted phenotypic parameters showed strong agreement with manual ground truth across both leaf-level and structural traits. In addition to trait-specific regression performance, the evaluation also includes normalized completeness analysis, calibration-cube-based scale validation, and Bland-Altman agreement analysis, supporting the measurement reliability of BN-NeRF for field phenotyping. This study demonstrates that low-cost smartphone-based acquisition, combined with BN-NeRF, can support accurate field phenotyping of banana plants. In addition, an implemented mobile-cloud system was functionally validated through repeated end-to-end runs on an iPhone 13 client and a cloud workstation.",Scopus;OpenAlex,Q1;Q3,yes,medium,retain because of mechanism signal: broad visual target-operation evidence; full-text review required,164,76,40,0,5,12,20,0,A,core_identity_or_inventory,cross-view association; 3D reconstruction; depth or point cloud; fruit target; horticultural setting; quantitative evaluation; benchmark or dataset; transfer geometry mechanism,,priority-v1.0-title-abstract-scored-diversified,pending,pending,pending,723
98,quota:fruit_multiview_or_3d,108,M-97fd10a1d52da34d,10.1109/access.2024.3378261,Immature Green Apple Detection and Sizing in Commercial Orchards Using YOLOv8 and Shape Fitting Techniques,2024,IEEE Access,"Sapkota, Ranjan (57765294400); Ahmed, Dawood (57766374500); Churuvija, Martin (58260371000); Karkee, Manoj (22950337200)","Detecting and estimating size of apples during the early stages of growth is crucial for predicting yield, pest management, and making informed decisions related to crop-load management, harvest and post-harvest logistics, and marketing. Traditional fruit size measurement methods are laborious and time-consuming. This study employs the state-of-the-art YOLOv8 object detection and instance segmentation algorithm in conjunction with geometric shape fitting techniques on 3D point cloud data to accurately determine the size of immature green apples (or fruitlet) in a commercial orchard environment. The methodology utilized two RGB-D sensors: Intel RealSense D435i and Microsoft Azure Kinect DK. Notably, the YOLOv8 instance segmentation models exhibited proficiency in immature green apple detection, with the YOLOv8m-seg model achieving the highest AP@0.5 and AP@0.75 scores of 0.94 and 0.91, respectively. Using the ellipsoid fitting technique on images from the Azure Kinect, we achieved an RMSE of 2.35 mm, MAE of 1.66 mm, MAPE of 6.15 mm, and an R-squared value of 0.9 in estimating the size of apple fruitlets. Challenges such as partial occlusion caused some error in accurately delineating and sizing green apples using the YOLOv8-based segmentation technique, particularly in fruit clusters. In a comparison with 102 outdoor samples, the size estimation technique performed better on the images acquired with Microsoft Azure Kinect than the same with Intel Realsense D435i. This superiority is evident from the metrics: the RMSE values (2.35 mm for Azure Kinect vs. 9.65 mm for Realsense D435i), MAE values (1.66 mm for Azure Kinect vs. 7.8 mm for Realsense D435i), and the R-squared values (0.9 for Azure Kinect vs. 0.77 for Realsense D435i). This study demonstrated the feasibility of accurately sizing immature green fruit in early growth stages using the combined 3D sensing and shape-fitting technique, which shows promise for improved precision agricultural operations such as optimal crop-load management in orchards.",Scopus;OpenAlex,Q3;Q7,yes,medium,retain because of mechanism signal: object or instance perception; full-text review required,164,22,64,0,23,24,20,0,B,fruit_multiview_or_3d,depth or point cloud; fruit target; horticultural setting; fruit instance operation; instance perception; quantitative evaluation; prior review; transfer geometry mechanism,,priority-v1.0-title-abstract-scored-diversified,pending,pending,pending,413
99,quota:fruit_multiview_or_3d,114,R-eaddcca9f3f79a29,10.1016/j.ecoinf.2024.102691,Improving real-time apple fruit detection: Multi-modal data and depth fusion with non-targeted background removal,2024,Ecological Informatics,"Kaukab, Shaghaf (57211624210); Komal (59184993800); Ghodki, Bhupendra M (57189492264); Ray, Hena (7006100869); Kalnar, Yogesh B. (57220177258); Narsaiah, Kairam (15128061600); Brar, Jaskaran S. (59185600600)","In automated fruit detection, RGB-Depth (RGB-D) images aid the detection model with additional depth information to enhance detection accuracy. However, outdoor depth images are usually of low quality; this limits the quality of depth data. In this study, an approach/technique for real-time apple fruit detection in a high-density orchard environment by using multi-modal data is presented. Non-targeted background removal using the depth fusion (NBR-DF) method was developed to reduce the high noise condition of depth images. The noise occurred due to the uncontrolled lighting condition and holes with incomplete depth information in depth images. NBR-DF technique follows three primary steps: pre-processing of depth images (point cloud generation), target object extraction, and background removal. The NBR-DF method serves as a pipeline to pre-process multi-modal data to enhance features of depth images by filling holes to eliminate noise generated by depth holes. Further, the NBR-DF implemented with the YOLOv5 enhances the detection accuracy in dense orchard conditions by using multi-modal information as input. An attention-based depth fusion module that adaptively fuses the multi-modal features was developed. The integration of the depth-attention matrix involved pooling operations and sigmoid normalization, both of which are efficient methods for summarizing and normalizing depth information. The fusion module improves the identification of multiscale objects and strengthens the network resistance to noise. The network then detects the fruit position using multiscale information from the RGB-D images in highly complex orchard environments. The detection results were compared and validated with other methods using different input modals and fusion strategies. The results showed that the detection accuracy using the NBR-DF approach achieved an average precision rate of 0.964 in real-time. The performance comparison with other state-of-the-art methods and the model generalization study also establishes that the present advanced depth-fusion attention mechanism and effective preprocessing steps in NBR-DF-YOLOv5 significantly surpass those in performance. In conclusion, the developed NBR-DF technique showed the potential to improve real-time apple fruit detection using multi-modal information.",Scopus;OpenAlex,Q3,yes,medium,"retain because of mechanism signal: target-specific detection, segmentation, tracking, or counting; full-text review required",164,22,64,0,23,24,20,0,B,fruit_multiview_or_3d,depth or point cloud; fruit target; horticultural setting; fruit instance operation; instance perception; quantitative evaluation; prior review; transfer geometry mechanism,,priority-v1.0-title-abstract-scored-diversified,pending,pending,pending,2231
100,quota:fruit_multiview_or_3d,116,R-2268d6f1d015a3ae,10.1109/iccae64891.2025.10980575,Optimizing Fruit Yield Prediction: Evaluating Multiobject Tracking Algorithms for Calamansi Fruit Detection Using Yolov8m,2025,"2025 17th International Conference on Computer and Automation Engineering, ICCAE 2025","Ponce-Machete, Regine A. (58965172300); Fajardo, Arnel (57202941004)","Accurate fruit yield prediction is necessary for enhancing agricultural methods and providing quality output. This work analyzes the efficacy of multi-object tracking (MOT) algorithms in detecting calamansi fruits from drone-captured video footage, using the YOLOv8m object detection model. Data were gathered from a commercial calamansi farm in Naujan, Philippines, and prepared for model training. Three MOT algorithms-SORT, DeepSORT, and ByteTrack-were evaluated using performance metrics such as Multiple Object Tracking Accuracy (MOTA), Higher Order Tracking Accuracy (HOTA), and ID F1 Score (IDF1). ByteTrack achieved exceptional performance with MOTA, HOTA, and IDF1 ratings of 59.67 %, <tex xmlns:mml=""http://www.w3.org/1998/Math/MathML"" xmlns:xlink=""http://www.w3.org/1999/xlink"">$\mathbf{6 5. 4 2 \%}$</tex>, and <tex xmlns:mml=""http://www.w3.org/1998/Math/MathML"" xmlns:xlink=""http://www.w3.org/1999/xlink"">$\mathbf{7 3. 7 2 \%}$</tex> respectively. The integration of YOLOv8m for detection with ByteTrack for tracking significantly reduced double-counting while ensuring good computational efficiency. The results underscore ByteTrack's capability in real-time fruit monitoring and its significance for improving yield estimate and agricultural production.",Scopus;OpenAlex,Q1;Q7,yes,medium,retain because of mechanism signal: object or instance perception; full-text review required,163,77,54,0,23,0,28,-30,B,fruit_multiview_or_3d,duplicate resolution; tracking identity; counting or inventory; fruit target; fruit instance operation; instance perception; quantitative evaluation; transfer identity mechanism,global output,priority-v1.0-title-abstract-scored-diversified,pending,pending,pending,539
101,quota:fruit_multiview_or_3d,120,R-ec75c069000d5d14,10.1016/j.compag.2023.107834,ORB-Livox: A real-time dynamic system for fruit detection and localization,2023,Computers and Electronics in Agriculture,"Liu, Tianhao (57999891100); Kang, Hanwen (57196344650); Chen, Chao (57104066200)","Accurate fruit localization plays an essential role in many agricultural tasks and is one of the most vital components of an autonomous harvesting robot. Although fruit localization in stationary conditions has been extensively studied, the method to perform fruit localization in dynamic conditions is rarely studied. Fruit localization under dynamic conditions is much more challenging, since movement will introduce continuously irregular ego-motion on visual sensors, which can lead to considerable accuracy degeneration or even system failure. However, fruit localization under dynamic conditions is an essential task since it can significantly improve the harvesting efficiency. In this study, a fruit localization method is proposed to perform accurate fruit localization under dynamic conditions. Firstly, an ORB-SLAM3 SLAM algorithm is utilized to estimate the camera’s pose under dynamic conditions. Secondly, YOLO-V5 is used to identify apples in RGB images. Moreover, Lidar is used to measure the depth of each apple accurately. Finally, a clustering technique based on the Gaussian distribution is proposed to mitigate the accuracy loss under dynamic conditions to optimize apple positions. Our method is extensively evaluated in indoor and outdoor experiments. The results of indoor experiments show that the average localization error is 21.1 mm, with 90% of the errors are less than 30 mm. The experimental result in an orchard environment demonstrates that our proposed method can detect and localize apples under dynamic conditions in unstructured natural environments.",Scopus;OpenAlex,Q3,yes,medium,"retain because of mechanism signal: target-specific detection, segmentation, tracking, or counting; full-text review required",163,22,64,0,18,0,48,0,B,fruit_multiview_or_3d,depth or point cloud; fruit target; horticultural setting; fruit instance operation; instance perception; transfer identity mechanism; transfer geometry mechanism,,priority-v1.0-title-abstract-scored-diversified,pending,pending,pending,3241
102,quota:prior_review_or_positioning,119,R-b155bf01efda3170,,Simultaneous Localization and Mapping (SLAM) in Dynamic Environments: State-of-the-Art and Simulation Benchmarking,2026,,"Lim, Chen-Kim; Institute for Environment and Development (LESTARI), 
Universiti Kebangsaan Malaysia (UKM), Bangi 43600, Selangor,","Traditional SLAM algorithms assume static environments, yet real-world unmanned systems must navigate spaces populated with moving objects—pedestrians, vehicles, and other robots—requiring dynamic SLAM approaches that distinguish static structure from transient elements. This paper provides a comprehensive state-of-the-art review of dynamic SLAM methods and presents extensive simulation benchmarking across diverse scenarios. We systematically categorize dynamic SLAM approaches into geometric methods that detect motion through multi-view geometry, semantic methods leveraging object recognition to identify potentially dynamic entities, and learning-based methods that implicitly model scene dynamics through neural networks. The review examines detection strategies for dynamic objects including motion segmentation via optical flow, background subtraction techniques, and deep learning-based instance segmentation, analyzing their computational complexity and accuracy trade-offs. We evaluate tracking and mapping strategies that handle dynamic elements: filtering approaches that reject dynamic features, dual-layer maps separating static and dynamic components, and probabilistic frameworks that model object motion patterns. Particular emphasis is placed on semantic SLAM systems integrating object detection networks (YOLO, Mask R-CNN) with traditional SLAM pipelines, examining how semantic understanding improves robustness in crowded environments. The paper presents a comprehensive simulation benchmarking framework implementing twelve prominent dynamic SLAM algorithms across standardized datasets and custom scenarios with controlled dynamic content. Benchmark environments span indoor navigation with pedestrian traffic, urban driving with vehicular motion, and warehouse operations with mobile robots, systematically varying the proportion of dynamic content (10-70% of visible scene). Performance evaluation encompasses localization accuracy, map consistency, computational efficiency, and robustness to different motion patterns (linear, erratic, occluding). Simulation results reveal that semantic approaches achieve superior accuracy in highly dynamic scenes but require significant computational resources, while geometric methods offer better efficiency with degraded performance as dynamic content increases. We investigate failure modes including dynamic object misclassification, map corruption from undetected motion, and tracking loss during rapid scene changes. The benchmarking examines sensor modality impacts, comparing camera-based, LiDAR-based, and multi-modal dynamic SLAM across varying lighting and weather conditions.",OpenAlex,Q2,yes,medium,retain because of mechanism signal: object or instance perception; full-text review required,163,52,0,0,23,36,48,0,D,prior_review_or_positioning,cross-view association; depth or point cloud; instance perception; quantitative evaluation; prior review; benchmark or dataset; transfer identity mechanism; transfer geometry mechanism,,priority-v1.0-title-abstract-scored-diversified,pending,pending,pending,8217
103,quota:oil_palm_direct,122,R-d7373d17df6a72e1,10.1109/icoias69065.2025.00011,Concatenated Image Technique Approach to Optimize AI Detection Inference Time and Resource Utilization,2025,"Proceedings - 2025 7th International Conference on Intelligent Autonomous Systems, ICoIAS 2025","Jailani, Bayhaqi Mohd (59716534400); Mustafa, Muhammad Farhan (57219541470); Hamzah, Amirullah (60579167800); Hasan, Hasmarina (59123088200); Kadim, Zulaikha (36717665100)","The rapid development of deep learning has significantly improved object detection performance, particularly in agricultural automation and robotics. However, real-time inference across multiple camera inputs in autonomous systems remains challenging due to high computational demands and limited processing resources. This research presents a comparative analysis of three inference strategies, which were conventional single-image inference, batch-9 inference, and a novel Concatenated Image Technique (CIT) by using the YOLOv11 object detection model for Fresh Fruit Bunch (FFB) detection in oil palm plantations. Two YOLOv11 models were trained using different data configurations, one with single images and another with concatenated 3 times 3 image grids. The conventional model achieved an F1-score of 0.98, while the concatenated model achieved 0.95, with an 81% reduction in training time. Inference performance was evaluated on both GPU and CPU platforms using 900 test images. On GPU, the batch-9 method achieved the highest throughput (77.56 images/s) but required higher GPU utilization (23.5%) and VRAM usage (1385.21 MB). In contrast, the CIT achieved comparable throughput (69.63 images/s) with the lowest GPU utilization (5.6%) and memory usage (1121.31 MB). Under CPU-only inference, CIT demonstrated superior performance with a 3.3 times faster processing speed and reduced CPU utilization (28.6%) compared to other methods. The findings show that the CIT offers a balanced trade-off between accuracy, processing speed, and hardware efficiency, making it highly suitable for lowpower, multi-camera autonomous systems operating in agricultural environments.",Scopus;OpenAlex,Q6,yes,medium,retain because of mechanism signal: object or instance perception; full-text review required,162,30,54,44,23,0,0,0,B,oil_palm_direct,cross-view association; oil-palm target; fruit target; fruit instance operation; instance perception; quantitative evaluation,,priority-v1.0-title-abstract-scored-diversified,pending,pending,pending,1612
104,quota:core_identity_or_inventory,126,R-61b361a858d0af71,10.1007/s11119-023-10000-4,Biologically inspired robotic perception-action for soft fruit harvesting in vertical growing environments,2023,Precision Agriculture,"Wang, Fuli (57204677333); Urquizo, Rodolfo Cuan (58140197700); Roberts, Penelope (57251499000); Mohan, Vishwanathan (14919475400); Newenham, Chris (8907403300); Ivanov, Andrey (58139116600); Dowling, Robin (57951342600)","Multiple interlinked factors like demographics, migration patterns, and economics are presently leading to the critical shortage of labour available for low-skilled, physically demanding tasks like soft fruit harvesting. This paper presents a biomimetic robotic solution covering the full 'Perception-Action' loop targeting harvesting of strawberries in a state-of-the-art vertical growing environment. The novelty emerges from both dealing with crop/environment variance as well as configuring the robot action system to deal with a range of runtime task constraints. Unlike the commonly used deep neural networks, the proposed perception system uses conditional Generative Adversarial Networks to identify the ripe fruit using synthetic data. The network can effectively train the synthetic data using the image-to-image translation concept, thereby avoiding the tedious work of collecting and labelling the real dataset. Once the harvest-ready fruit is localised using point cloud data generated by a stereo camera, our platform's action system can coordinate the arm to reach/cut the stem using the Passive Motion Paradigm framework inspired by studies on neural control of movement in the brain. Results from field trials for strawberry detection, reaching/cutting the stem of the fruit, and extension to analysing complex canopy structures/bimanual coordination (searching/picking) are presented. While this article focuses on strawberry harvesting, ongoing research towards adaptation of the architecture to other crops such as tomatoes and sweet peppers is briefly described. Supplementary Information: The online version contains supplementary material available at 10.1007/s11119-023-10000-4.",Scopus;OpenAlex,Q3,yes,medium,"retain because of mechanism signal: target-specific detection, segmentation, tracking, or counting; full-text review required",161,22,54,18,0,36,20,0,A,core_identity_or_inventory,depth or point cloud; ripeness or variety attribute; fruit target; fruit instance operation; prior review; benchmark or dataset; transfer geometry mechanism,,priority-v1.0-title-abstract-scored-diversified,pending,pending,pending,5744
105,quota:fruit_multiview_or_3d,128,R-8ad1a7749c1d571e,10.1109/siu59756.2023.10223805,SEGMENTATION of PLANT POINT CLOUDS for PHENOTYPING; [BITKI NOKTA BULUTLARININ FENOTIPLENDIRME AMAÇLI BÖLÜTLENMES],2023,"31st IEEE Conference on Signal Processing and Communications Applications, SIU 2023","Yavuz, Ahmetcan (58634300400); Arda, Berke (58634540700); Dutagaci, Helin (8583578000); Sankur, Bulent (7003845878)","In this paper, we consider semantic segmentation of 3D plant point clouds. We propose various modifications to improve the performance of two main state-of-the-art methods for semantic segmentation of plants. In the first method, we consider the classical machine learning approach where local geometric features are classified via SVM. We propose to process the point cloud in two stages: The points classified, in the first stage, with high confidence are removed to enable retraining of the SVM in the second stage. Furthermore, we apply a multi-resolution approach to feature extraction. The second state-of-the-art method is PointNet++, which is a widely used deep learning architecture for plant segmentation. We propose alternative approaches, based on critical points and guide points, for data preprocessing for PointNet++. We observed that these modifications improved the segmentation performance on the tomato models of the Pheno4D data set.",Scopus;OpenAlex,Q3,yes,medium,"retain because of mechanism signal: target-specific detection, segmentation, tracking, or counting; full-text review required",161,22,54,0,18,36,20,0,B,fruit_multiview_or_3d,depth or point cloud; fruit target; fruit instance operation; instance perception; prior review; benchmark or dataset; transfer geometry mechanism,,priority-v1.0-title-abstract-scored-diversified,pending,pending,pending,3167
106,quota:fruit_multiview_or_3d,129,R-bfe4c8b0af8c5f9b,10.48550/arxiv.2401.08629,Immature Green Apple Detection and Sizing in Commercial Orchards using YOLOv8 and Shape Fitting Techniques,2023,arXiv (Cornell University),Ranjan Sapkota; Dawood Ahmed; Martin Churuvija; Manoj Karkee,"Detecting and estimating size of apples during the early stages of growth is crucial for predicting yield, pest management, and making informed decisions related to crop-load management, harvest and post-harvest logistics, and marketing. Traditional fruit size measurement methods are laborious and timeconsuming. This study employs the state-of-the-art YOLOv8 object detection and instance segmentation algorithm in conjunction with geometric shape fitting techniques on 3D point cloud data to accurately determine the size of immature green apples (or fruitlet) in a commercial orchard environment. The methodology utilized two RGB-D sensors: Intel RealSense D435i and Microsoft Azure Kinect DK. Notably, the YOLOv8 instance segmentation models exhibited proficiency in immature green apple detection, with the YOLOv8m-seg model achieving the highest AP@0.5 and AP@0.75 scores of 0.94 and 0.91, respectively. Using the ellipsoid fitting technique on images from the Azure Kinect, we achieved an RMSE of 2.35 mm, MAE of 1.66 mm, MAPE of 6.15 mm, and an R-squared value of 0.9 in estimating the size of apple fruitlets. Challenges such as partial occlusion caused some error in accurately delineating and sizing green apples using the YOLOv8-based segmentation technique, particularly in fruit clusters. In a comparison with 102 outdoor samples, the size estimation technique performed better on the images acquired with Microsoft Azure Kinect than the same with Intel Realsense D435i. This superiority is evident from the metrics: the RMSE values (2.35 mm for Azure Kinect vs. 9.65 mm for Realsense D435i), MAE values (1.66 mm for Azure Kinect vs. 7.8 mm for Realsense D435i), and the R-squared values (0.9 for Azure Kinect vs. 0.77 for Realsense D435i).",OpenAlex,Q3;Q7,yes,medium,retain because of mechanism signal: object or instance perception; full-text review required,161,22,64,0,23,24,20,0,B,fruit_multiview_or_3d,depth or point cloud; fruit target; horticultural setting; fruit instance operation; instance perception; quantitative evaluation; prior review; transfer geometry mechanism,,priority-v1.0-title-abstract-scored-diversified,pending,pending,pending,390
107,quota:fruit_instance_baseline,130,R-c493309c90f547fa,10.1109/icrai68431.2025.11396727,AI-Driven Delta Robot System for Automated Loose Fruitlet Collection,2025,"2025 11th International Conference on Robotics and Artificial Intelligence, ICRAI 2025","Hamzah, Amirullah (60579167800); Mustafa, Farhan (60579729200); Jailani, Bayhaqi (59716534400); Hasan, Hasmarina (59123088200); Kadim, Zulaikha (36717665100)","Loose fruitlet collection in oil palm plantations remains a labor-intensive process that contributes to significant yield losses when fruitlets are left uncollected. This work presents an AI-driven delta robot system that capable of real-time detection, localization, and collection of loose fruitlets. A monocular camera captures tray images, which are rectified using homography and processed with a convolutional detector trained on a curated oil palm fruitlets dataset. Detected centroids are transformed into robot coordinates through a zone-based calibration scheme, enabling precise targeting within the robot’s workspace. The delta robot executes a simplified pick-and-place sequence with fixed vertical states for approach and retraction, combined with a vacuum end-effector ensure reliable pickup. A verification stage provides an accurate fruitlet counting and failure handling. The system operates entirely on an embedded platform, achieving detection to actuation latencies under 0.5s and pick cycles within 2s. Experimental evaluation demonstrates practical accuracy more than 85% accuracy, robustness under variable lighting, and throughput exceeding 50 fruitlets per minute, indicating a strong potential for deployment in plantation environments.",Scopus;OpenAlex,Q6;Q7,yes,medium,"retain because of mechanism signal: target-specific detection, segmentation, tracking, or counting; full-text review required",161,12,64,44,18,12,0,0,C,fruit_instance_baseline,counting or inventory; oil-palm target; fruit target; horticultural setting; fruit instance operation; instance perception; benchmark or dataset,,priority-v1.0-title-abstract-scored-diversified,pending,pending,pending,1590
108,quota:fruit_multiview_or_3d,133,R-a656cec07a039843,10.1109/scisisis61014.2024.10759923,Tomato Fruit Evolution and Maturity estimation from RGB Time-lapse Observation via Modern Structure from Motion and Instance Segmentation,2024,"2024 Joint 13th International Conference on Soft Computing and Intelligent Systems and 25th International Symposium on Advanced Intelligent Systems, SCIS and ISIS 2024","Baar, Stefan (56816684200); Kobayashi, Yosuke (7408647732); Watanabe, Shinya (35450302800)","In various cultivation environments, monitoring fruit development, such as phenotyping, is crucial to optimise and enhance plant and environmental conditions. A statistical approach is introduced in combination with computer vision to estimate tomato fruit maturity features, such as size and shape, from a set of sequential RGB images. An novel end-to-end routine has been implemented to locate and measure the size and colour of tomato fruit from handheld image sequences. This is achieved through a combination of instance segmentation and modern Structure from Motion (SfM) methods. Our approach is time-efficient and easy to implement in both small gardens and large greenhouse environments. Measuring tomato fruit size by hand, for example with a calliper, is limited by the symmetry of the fruit shape. In addition to estimating the fruit diameter, we can measure deviations from the targeted spherical topology with millimetre precision and incorporate any morphological abnormalities.",Scopus;OpenAlex,Q3;Q4,yes,medium,retain because of mechanism signal: object or instance perception; full-text review required,160,24,64,18,23,0,20,0,B,fruit_multiview_or_3d,3D reconstruction; ripeness or variety attribute; fruit target; horticultural setting; fruit instance operation; instance perception; quantitative evaluation; transfer geometry mechanism,,priority-v1.0-title-abstract-scored-diversified,pending,pending,pending,3400
109,quota:fruit_multiview_or_3d,135,R-d5f196d4032e034f,10.1016/j.compag.2023.108051,Object detection and tracking on UAV RGB videos for early extraction of grape phenotypic traits,2023,Computers and Electronics in Agriculture,"Ariza-Sentís, Mar (56964491300); Baja, Hilmy (57864451400); Vélez, Sergio (57215185725); Valente, João (42062501000)","Grapevine phenotyping is the process of determining the physical properties (e.g., size, shape, and number) of grape bunches and berries. Grapevine phenotyping information provides valuable characteristics to monitor the sanitary status of the vine. Knowing the number and dimensions of bunches and berries at an early stage of development provides relevant information to the winegrowers about the yield to be harvested. However, the process of counting and measuring is usually done manually, which is laborious and time-consuming. Previous studies have attempted to implement bunch detection on red bunches in vineyards with leaf removal and surveys have been done using ground vehicles and handled cameras. However, Unmanned Aerial Vehicles (UAV) mounted with RGB cameras, along with computer vision techniques offer a cheap, robust, and timesaving alternative. Therefore, Multi-object tracking and segmentation (MOTS) is utilized in this study to determine the traits of individual white grape bunches and berries from RGB videos obtained from a UAV acquired over a commercial vineyard with a high density of leaves. To achieve this goal two datasets with labelled images and phenotyping measurements were created and made available in a public repository. PointTrack algorithm was used for detecting and tracking the grape bunches, and two instance segmentation algorithms - YOLACT and Spatial Embeddings - have been compared for finding the most suitable approach to detect berries. It was found that the detection performs adequately for cluster detection with a MODSA of 93.85. For tracking, the results were not sufficient when trained with 679 frames.This study provides an automated pipeline for the extraction of several grape phenotyping traits described by the International Organization of Vine and Wine (OIV) descriptors. The selected OIV descriptors are the bunch length, width, and shape (codes 202, 203, and 208, respectively) and the berry length, width, and shape (codes 220, 221, and 223, respectively). Lastly, the comparison regarding the number of detected berries per bunch indicated that Spatial Embeddings assessed berry counting more accurately (79.5%) than YOLACT (44.6%).",Scopus;OpenAlex,Q1;Q7,yes,medium,retain because of mechanism signal: object or instance perception; full-text review required,160,39,64,0,18,0,28,0,B,fruit_multiview_or_3d,tracking identity; counting or inventory; fruit target; horticultural setting; fruit instance operation; instance perception; transfer identity mechanism,,priority-v1.0-title-abstract-scored-diversified,pending,pending,pending,398
110,quota:fruit_multiview_or_3d,138,R-14a7897a227f6c5a,10.3390/agronomy13092339,Tomato Recognition and Localization Method Based on Improved YOLOv5n-seg Model and Binocular Stereo Vision,2023,Agronomy,"Zheng, Shuhe (55604268100); Liu, Yang (59647035900); Weng, Wuxiong (57203956081); Jia, Xuexin (58622493100); Yu, Shilong (58622611100); Wu, Zuoxun (58164001300)","Recognition and localization of fruits are key components to achieve automated fruit picking. However, current neural-network-based fruit recognition algorithms have disadvantages such as high complexity. Traditional stereo matching algorithms also have low accuracy. To solve these problems, this study targeting greenhouse tomatoes proposed an algorithm framework based on YOLO-TomatoSeg, a lightweight tomato instance segmentation model improved from YOLOv5n-seg, and an accurate tomato localization approach using RAFT-Stereo disparity estimation and least squares point cloud fitting. First, binocular tomato images were captured using a binocular camera system. The left image was processed by YOLO-TomatoSeg to segment tomato instances and generate masks. Concurrently, RAFT-Stereo estimated image disparity for computing the original depth point cloud. Then, the point cloud was clipped by tomato masks to isolate tomato point clouds, which were further preprocessed. Finally, a least squares sphere fitting method estimated the 3D centroid co-ordinates and radii of tomatoes by fitting the tomato point clouds to spherical models. The experimental results showed that, in the tomato instance segmentation stage, the YOLO-TomatoSeg model replaced the Backbone network of YOLOv5n-seg with the building blocks of ShuffleNetV2 and incorporated an SE attention module, which reduced model complexity while improving model segmentation accuracy. Ultimately, the YOLO-TomatoSeg model achieved an AP of 99.01% with a size of only 2.52 MB, significantly outperforming mainstream instance segmentation models such as Mask R-CNN (98.30% AP) and YOLACT (96.49% AP). The model size was reduced by 68.3% compared to the original YOLOv5n-seg model. In the tomato localization stage, at the range of 280 mm to 480 mm, the average error of the tomato centroid localization was affected by occlusion and sunlight conditions. The maximum average localization error was ±5.0 mm, meeting the localization accuracy requirements of the tomato-picking robots. This study developed a lightweight tomato instance segmentation model and achieved accurate localization of tomato, which can facilitate research, development, and application of fruit-picking robots.",Scopus;OpenAlex,Q3,yes,medium,retain because of mechanism signal: object or instance perception; full-text review required,159,46,64,0,18,0,20,0,B,fruit_multiview_or_3d,3D reconstruction; depth or point cloud; fruit target; horticultural setting; fruit instance operation; instance perception; transfer geometry mechanism,,priority-v1.0-title-abstract-scored-diversified,pending,pending,pending,5609
111,quota:fruit_instance_baseline,140,R-5f9ab2db60900edf,10.1109/lra.2020.2965061,MinneApple: A Benchmark Dataset for Apple Detection and Segmentation,2020,IEEE Robotics and Automation Letters,"Hani, Nicolai (57201378591); Roy, Pravakar (57191913312); Isler, Volkan (23009022100)","In this work, we present a new dataset to advance the state-of-the-art in fruit detection, segmentation, and counting in orchard environments. While there has been significant recent interest in solving these problems, the lack of a unified dataset has made it difficult to compare results. We hope to enable direct comparisons by providing a large variety of high-resolution images acquired in orchards, together with human annotations of the fruit on trees. The fruits are labeled using polygonal masks for each object instance to aid in precise object detection, localization, and segmentation. Additionally, we provide data for patch-based counting of clustered fruits. Our dataset contains over 41'0000 annotated object instances in 1000 images. We present a detailed overview of the dataset together with baseline performance analysis for bounding box detection, segmentation, and fruit counting as well as representative results for yield estimation. We make this dataset publicly available and host a CodaLab challenge to encourage a comparison of results on a common dataset. To download the data and learn more about the MinneApple dataset, please see the project website: http://rsn.cs.umn.edu/index.php/MinneApple. Up to date information is available online.",Scopus;OpenAlex,Q4;Q7,yes,medium,retain because of mechanism signal: object or instance perception; full-text review required,159,12,64,18,18,36,0,0,C,fruit_instance_baseline,counting or inventory; ripeness or variety attribute; fruit target; horticultural setting; fruit instance operation; instance perception; prior review; benchmark or dataset,,priority-v1.0-title-abstract-scored-diversified,pending,pending,pending,193
112,quota:core_identity_or_inventory,141,R-1e55cecc212f3a4e,10.1109/aihcir65563.2024.00067,A Method for Zero-Label 3D Stem-Leaf Segmentation of Tomato Plants Based on Point Cloud Optimization,2024,"Proceedings - 2024 3rd International Conference on Artificial Intelligence, Human-Computer Interaction and Robotics, AIHCIR 2024","Zhang, Wenli (56440513600); Wang, Chenhuizi (58866655800); Jiang, Ting (59894146400); Guo, Wei (54414194300)","Tomatoes are an important economic crop in modern smart agriculture, and acquiring three-dimensional phenotypic traits is highly valuable. A critical step in this process is segmenting plant stems and leaves from point cloud data. However, current methods face challenges such as high manual labeling costs and low-quality point cloud data, making accurate segmentation difficult. This paper proposes a zero-label tomato stem-leaf segmentation method that includes a self-supervised training-based point cloud optimization module and a standard segmentation module. Using a publicly available labeled indoor high-quality point cloud dataset, we train the proposed network, TP-PCONet, to optimize the unlabeled, low-quality point cloud data acquired from the actual tomato greenhouse. TP-PCONet utilizes the snowflake diffusion-based completion module, the progressive refinement-based upsampling module, and the edge heat value-based refinement module. The proposed TP-PCONet achieves a CD distance of 8.45 and an F1 score of 73.5%, respectively. In addition, using the standard segmentation models, the performance on point cloud data optimized by TP-PCONet is also better than that of other state-of-the-art optimization models. These results demonstrate the potential of the proposed method to significantly improve the accuracy and efficiency of plant stem and leaf segmentation in smart agriculture applications.",Scopus;OpenAlex,Q3,yes,medium,"retain because of mechanism signal: target-specific detection, segmentation, tracking, or counting; full-text review required",158,22,64,0,5,36,20,0,A,core_identity_or_inventory,depth or point cloud; fruit target; horticultural setting; fruit instance operation; quantitative evaluation; prior review; benchmark or dataset; transfer geometry mechanism,,priority-v1.0-title-abstract-scored-diversified,pending,pending,pending,2150
113,quota:core_identity_or_inventory,143,R-62d676197094f50b,10.23919/ccc64809.2025.11179457,Fruitgaussian: 3D Gaussian Splatting for Automated Fruit Counting in Natural Orchard,2025,"Chinese Control Conference, CCC","Hong, Xiangyu (59199880000); Qin, Linlin (36818566400); Shi, Chun (55263339600); Wu, Gang (56531058500)","Automatic fruit counting in natural orchard environments remains challenging due to foliage occlusion, illumination variations, and inefficient 3D reconstruction methods. To address these limitations, we propose FruitGaussian, a novel 3D Gaussian Splatting (3DGS)-based framework for high-fidelity orchard scene understanding and fruit counting. Our approach introduces two key innovations: a hierarchical semantic embedding mechanism that fuses multimodal features (RGB, semantics, depth) for precise fruit instance encoding, and a depth-aware regularization constraint that leverages monocular depth priors to suppress boundary artifacts and floating noise. By integrating explicit 3D Gaussian representations with differentiable rendering, FruitGaussian achieves real-time high-fidelity rendering and geometric fidelity while enabling direct point cloud extraction within seconds. Evaluations on real-world persimmon orchard datasets demonstrate a 96 % counting accuracy, surpassing Neural Radiance Fields (NeRF)-based methods by 16 %. The explicit Gaussian representation enables efficient point cloud extraction within seconds, significantly advancing the practicality and robustness of vision-based yield estimation in precision agriculture.",Scopus;OpenAlex,Q1;Q3,yes,medium,"retain because of mechanism signal: target-specific detection, segmentation, tracking, or counting; full-text review required",158,58,64,0,5,0,20,0,A,core_identity_or_inventory,3D reconstruction; depth or point cloud; counting or inventory; fruit target; horticultural setting; fruit instance operation; quantitative evaluation; transfer geometry mechanism,,priority-v1.0-title-abstract-scored-diversified,reviewed,not_found_or_restricted,exclude,58
114,quota:core_identity_or_inventory,144,R-97003608b250cdc5,10.17576/jkukm-2018-30(1)-12,A Rapid and Non-Destructive Technique in Determining The Ripeness of Oil Palm Fresh Fruit Bunch (FFB),2018,Jurnal Kejuruteraan,Fazida Hanim Hashim; Zuhaira Mohd Zulkifli; Thinal Raj; Aqilah Baseri Huddin,"Oil palm industry is one of the main industries in Malaysia that contributes to the country's gross domestic product (GDP). In the oil palm industrial sector, methods of planting, detection and assessment are very important to produce high quality palm oil. Currently, the ripeness of oil palm fresh fruit bunch (FFB) is estimated using eyesight (most common), computer vision, hyperspectral imaging, light detection and ranging (LiDAR), near infrared (NIR) spectroscopy, and magnetic resonance imaging. The objective of this research is to introduce a rapid and non-destructive technique in determining and assessing the ripeness of oil palm fresh fruit bunch (FFB) by using a LiDAR scanning system. The LiDAR scanning system is used to scan three types of oil palm fruits at different level of ripeness which is under ripe, ripe, and over ripe. The reflectance intensity that bounces off the fruits are gathered and analysed to determine the different level or ripeness. Even though the intensity value is purely relative, it is proportional to the reflectance or absorption rate from the LiDAR sensor. A rapid method to determine the ripeness of palm fruits using a LiDAR sensor was proposed by calculating the reflectance percentage from 0% to 100% using the concept of linearity.",OpenAlex,Q3;Q6,yes,medium,retain because of mechanism signal: broad visual target-operation evidence; full-text review required,158,22,54,54,0,0,20,0,A,core_identity_or_inventory,depth or point cloud; oil-palm target; ripeness or variety attribute; fruit target; fruit instance operation; transfer geometry mechanism,,priority-v1.0-title-abstract-scored-diversified,reviewed,retrieved,include,10
115,quota:fruit_multiview_or_3d,145,R-a05b137f7539d9ae,10.3390/agriculture14050784,Simultaneous Localization and Mapping System for Agricultural Yield Estimation Based on Improved VINS-RGBD: A Case Study of a Strawberry Field,2024,Agriculture (Switzerland),"Yuan, Quanbo (35779677800); Wang, Penggang (59046962700); Luo, Wei (57677752400); Zhou, Yongxu (59145777600); Chen, Hongce (59128620500); Meng, Zhaopeng (7201894900)","Crop yield estimation plays a crucial role in agricultural production planning and risk management. Utilizing simultaneous localization and mapping (SLAM) technology for the three-dimensional reconstruction of crops allows for an intuitive understanding of their growth status and facilitates yield estimation. Therefore, this paper proposes a VINS-RGBD system incorporating a semantic segmentation module to enrich the information representation of a 3D reconstruction map. Additionally, image matching using L_SuperPoint feature points is employed to achieve higher localization accuracy and obtain better map quality. Moreover, Voxblox is proposed for storing and representing the maps, which facilitates the storage of large-scale maps. Furthermore, yield estimation is conducted using conditional filtering and RANSAC spherical fitting. The results show that the proposed system achieves an average relative error of 10.87% in yield estimation. The semantic segmentation accuracy of the system reaches 73.2% mIoU, and it can save an average of 96.91% memory for point cloud map storage. Localization accuracy tests on public datasets demonstrate that, compared to Shi–Tomasi corner points, using L_SuperPoint feature points reduces the average ATE by 1.933 and the average RPE by 0.042. Through field experiments and evaluations in a strawberry field, the proposed system demonstrates reliability in yield estimation, providing guidance and support for agricultural production planning and risk management.",Scopus;OpenAlex,Q1,yes,medium,"retain because of mechanism signal: cross-view, association, reconstruction, or point-cloud evidence; full-text review required",158,46,30,0,23,0,48,0,B,fruit_multiview_or_3d,3D reconstruction; depth or point cloud; fruit target; instance perception; quantitative evaluation; transfer identity mechanism; transfer geometry mechanism,,priority-v1.0-title-abstract-scored-diversified,pending,pending,pending,488
116,quota:core_identity_or_inventory,147,R-7a3a474585c13bbe,10.1109/ecmr59166.2023.10256338,An EKF-Based Multi-Object Tracking Framework for a Mobile Robot in a Precision Agriculture Scenario,2023,"Proceedings of the 11th European Conference on Mobile Robots, ECMR 2023","Arlotta, Andrea (58534947300); Lippi, Martina (57206755145); Gasparri, Andrea (22957893200)","Many robotic applications require the ability to locate multiple objects in the environment, but the use of instant-by-instant identification techniques may be unreliable in variable and poorly structured contexts, such as for the majority of precision agriculture settings. Inspired by the needs of the H2020 CANOPIES projects, where robotic platforms are required to perform harvesting operations in table-grape vineyards, in this paper, we propose a framework for tracking objects of interest over time using a mobile robotic platform equipped with RGB-D camera. Specifically, we design a multi-object tracking module based on an Extended Kalman Filter (EKF) which takes into account the motion of the robot to update the estimate of the localization of the objects. We validate the approach in a realistic Unity-based simulator, where a mobile robot is tasked with tracking table-grape bunches within a vineyard environment. Additionally, we conduct preliminary tests in a laboratory setup.",Scopus;OpenAlex,Q3,yes,medium,retain because of mechanism signal: object or instance perception; full-text review required,157,49,64,0,5,0,28,0,A,core_identity_or_inventory,tracking identity; depth or point cloud; fruit target; horticultural setting; fruit instance operation; quantitative evaluation; transfer identity mechanism,,priority-v1.0-title-abstract-scored-diversified,pending,pending,pending,5787
117,quota:core_identity_or_inventory,148,R-8c812fec0760a375,,Improving Image Based Fruitcount Estimates Using Multiple View-Points,2016,KTH Publication Database DiVA (KTH Royal Institute of Technology),Madeleine Stein,"This master-thesis presents an approach to track and count the number of fruit incommercial mango orchards. The algorithm is intended to enable precision agri-culture and to facilitate labour and post-harvest storage planning. The primary objective is to develop an multi-view algorithm and investigate how it can beused to mitigate the effects of visual occlusion, to improve upon estimates frommethods that use a single central or two opposite viewpoints. Fruit are detectedin images by using two classification methods: dense pixel-wise cnn and regionbased r-cnn detection. Pair-wise fruit correspondences are established between images by using geometry provided by navigation data, and lidar data is used to generate image masks for each separate tree, to isolate fruit counts to individual trees. The tracked fruit are triangulated to locate them in 3D space, and spatial statistics are calculated over whole orchard blocks. The estimated tree counts are compared to single view estimates and validated against ground truth data of 16 mango trees from a Bundaberg mango orchard in Queensland, Australia. The results show a high R2-value of 0.99335 for four hand labelled trees and a highest R2-value of 0.9165 for the machine labelled images using the r-cnn classifier forthe 16 target trees.",OpenAlex,Q1;Q2;Q3,yes,medium,retain because of mechanism signal: operation on a named target; full-text review required,157,64,64,0,5,0,20,0,A,core_identity_or_inventory,cross-view association; depth or point cloud; counting or inventory; fruit target; horticultural setting; fruit instance operation; quantitative evaluation; transfer geometry mechanism,,priority-v1.0-title-abstract-scored-diversified,pending,pending,pending,4038
118,quota:core_identity_or_inventory,149,R-e45176683c2b8430,10.12133/j.smartag.sa202207002,Three-Dimensional Virtual Orchard Construction Method Based on Laser Point Cloud; [基于激光点云的三维虚拟果园构建方法],2022,Smart Agriculture,"Feng, Han (57949908100); Zhang, Hao (57192488252); Wang, Zi (58164850800); Jiang, Shijie (57220024571); Liu, Weihong (57219182009); Zhou, Linghui (58164406800); Wang, Yaxiong (56422569400); Kang, Feng (55556093000); Liu, Xingxing (57195314626); Zheng, Yongjun (55823482100)","To solve the problems of low level of digitalization of orchard management and relatively single construction method, a three-dimensional virtual orchard construction method based on laser point cloud was proposed in this research. First, the hand-held 3D point cloud acquistion equipment (3D-BOX) combined with the lidar odometry and mapping (SLAM-LOAM) algorithm was used to complete the acquisition of the point cloud data set of orchard; then the outliers and noise points of the point cloud data were removed by using the statistical filtering algorithm, which was based on the K-neighbor distance statistical method. To achieve this, a distance threshold model for removing noise points was established. When a discrete point exceeded, it would be marked as an outlier, and the point was separated from the point cloud dataset to achieve the effect of discrete point filtering. The VoxelGrid filter was used for down sampling, the cloth simulation filtering (CSF) cloth simulation algorithm was used to calculate the distance between the cloth grid points and the corresponding laser point cloud, and the distinction between ground points and non-ground points was achieved by dividing the distance threshold, and when combined with the density-based spatial clustering of applications with noise (DBSCAN) clustering algorithm, ground removal and cluster segmentation of orchard were realized; finally, the Unity3D engine was used to build a virtual orchard roaming scene, and convert the real-time GPS data of the operating equipment from the WGS-84 coordinate system to the Gauss projection plane coordinate system through Gaussian projection forward calculation. The real-time trajectory of the equipment was displayed through the LineRenderer, which realized the visual display of the motion trajectory control and operation trajectory of the working machine. In order to verify the effectiveness of the virtual orchard construction method, the test of orchard construction method was carried out in the Begonia fruit and the mango orchard. The results showed that the proposed point cloud data processing method could achieve the accuracy of cluster segmentation of Begonia fruit trees and mango trees 95.3% and 98.2%, respectively. Compared with the row spacing and plant spacing of fruit trees in the actual mango orchard, the average inter-row error of the virtual mango orchard was about 3.5%, and the average inter-plant error was about 6.6%. And compared the virtual orchard constructed by Unity3D with the actual orchard, the proposed method can effectively reproduce the actual three-dimensional situation of the orchard, and obtain a better visualization effect, which provides a technical solution for the digital modeling and management of the orchard.",Scopus;OpenAlex,Q3,yes,medium,retain because of mechanism signal: operation on a named target; full-text review required,157,22,64,0,0,12,48,0,A,core_identity_or_inventory,depth or point cloud; fruit target; horticultural setting; fruit instance operation; benchmark or dataset; transfer identity mechanism; transfer geometry mechanism,,priority-v1.0-title-abstract-scored-diversified,pending,pending,pending,3042
119,quota:fruit_multiview_or_3d,153,R-9e1316b934e66409,10.3390/s23083810,Recognition and Counting of Apples in a Dynamic State Using a 3D Camera and Deep Learning Algorithms for Robotic Harvesting Systems,2023,Sensors,"Abeyrathna, R. M. Rasika D. (59157040200); Nakaguchi, Victor Massaki (57853537400); Minn, Arkar (58198583400); Ahamed, Tofael (9269729600)","Recognition and 3D positional estimation of apples during harvesting from a robotic platform in a moving vehicle are still challenging. Fruit clusters, branches, foliage, low resolution, and different illuminations are unavoidable and cause errors in different environmental conditions. Therefore, this research aimed to develop a recognition system based on training datasets from an augmented, complex apple orchard. The recognition system was evaluated using deep learning algorithms established from a convolutional neural network (CNN). The dynamic accuracy of the modern artificial neural networks involving 3D coordinates for deploying robotic arms at different forward-moving speeds from an experimental vehicle was investigated to compare the recognition and tracking localization accuracy. In this study, a Realsense D455 RGB-D camera was selected to acquire 3D coordinates of each detected and counted apple attached to artificial trees placed in the field to propose a specially designed structure for ease of robotic harvesting. A 3D camera, YOLO (You Only Look Once), YOLOv4, YOLOv5, YOLOv7, and EfficienDet state-of-the-art models were utilized for object detection. The Deep SORT algorithm was employed for tracking and counting detected apples using perpendicular, 15°, and 30° orientations. The 3D coordinates were obtained for each tracked apple when the on-board camera in the vehicle passed the reference line and was set in the middle of the image frame. To optimize harvesting at three different speeds (0.052 ms−1, 0.069 ms−1, and 0.098 ms−1), the accuracy of 3D coordinates was compared for three forward-moving speeds and three camera angles (15°, 30°, and 90°). The mean average precision (mAP@0.5) values of YOLOv4, YOLOv5, YOLOv7, and EfficientDet were 0.84, 0.86, 0.905, and 0.775, respectively. The lowest root mean square error (RMSE) was 1.54 cm for the apples detected by EfficientDet at a 15° orientation and a speed of 0.098 ms−1. In terms of counting apples, YOLOv5 and YOLOv7 showed a higher number of detections in outdoor dynamic conditions, achieving a counting accuracy of 86.6%. We concluded that the EfficientDet deep learning algorithm at a 15° orientation in 3D coordinates can be employed for further robotic arm development while harvesting apples in a specially designed orchard.",Scopus;OpenAlex,Q1;Q3;Q7,yes,medium,retain because of mechanism signal: object or instance perception; full-text review required,156,34,64,0,23,24,0,0,B,fruit_multiview_or_3d,depth or point cloud; counting or inventory; fruit target; horticultural setting; fruit instance operation; instance perception; quantitative evaluation; prior review,,priority-v1.0-title-abstract-scored-diversified,reviewed,retrieved,include,36
120,quota:fruit_multiview_or_3d,155,R-e3c4c009f7c28a23,10.1016/j.compag.2023.107854,Looking behind occlusions: A study on amodal segmentation for robust on-tree apple fruit size estimation,2023,Computers and Electronics in Agriculture,"Gené-Mola, Jordi (57208647898); Ferrer-Ferrer, Mar (58188569600); Gregorio, Eduard (15834312900); Blok, Pieter M. (57191916592); Hemming, Jochen (7003308189); Morros, Josep-Ramon (35587745500); Rosell-Polo, Joan R. (36839827400); Vilaplana, Verónica (23394280500); Ruiz-Hidalgo, Javier (34969474900)","The detection and sizing of fruits with computer vision methods is of interest because it provides relevant information to improve the management of orchard farming. However, the presence of partially occluded fruits limits the performance of existing methods, making reliable fruit sizing a challenging task. While previous fruit segmentation works limit segmentation to the visible region of fruits (known as modal segmentation), in this work we propose an amodal segmentation algorithm to predict the complete shape, which includes its visible and occluded regions. To do so, an end-to-end convolutional neural network (CNN) for simultaneous modal and amodal instance segmentation was implemented. The predicted amodal masks were used to estimate the fruit diameters in pixels. Modal masks were used to identify the visible region and measure the distance between the apples and the camera using the depth image. Finally, the fruit diameters in millimetres (mm) were computed by applying the pinhole camera model. The method was developed with a Fuji apple dataset consisting of 3925 RGB-D images acquired at different growth stages with a total of 15,335 annotated apples, and was subsequently tested in a case study to measure the diameter of Elstar apples at different growth stages. Fruit detection results showed an F1-score of 0.86 and the fruit diameter results reported a mean absolute error (MAE) of 4.5 mm and R2 = 0.80 irrespective of fruit visibility. Besides the diameter estimation, modal and amodal masks were used to automatically determine the percentage of visibility of measured apples. This feature was used as a confidence value, improving the diameter estimation to MAE = 2.93 mm and R2 = 0.91 when limiting the size estimation to fruits detected with a visibility higher than 60%. The main advantages of the present methodology are its robustness for measuring partially occluded fruits and the capability to determine the visibility percentage. The main limitation is that depth images were generated by means of photogrammetry methods, which limits the efficiency of data acquisition. To overcome this limitation, future works should consider the use of commercial RGB-D sensors. The code and the dataset used to evaluate the method have been made publicly available at https://github.com/GRAP-UdL-AT/Amodal_Fruit_Sizing.",Scopus;OpenAlex,Q3;Q7,yes,medium,retain because of mechanism signal: object or instance perception; full-text review required,156,46,64,0,23,12,0,0,B,fruit_multiview_or_3d,3D reconstruction; depth or point cloud; fruit target; horticultural setting; fruit instance operation; instance perception; quantitative evaluation; benchmark or dataset,,priority-v1.0-title-abstract-scored-diversified,pending,pending,pending,400
121,quota:core_identity_or_inventory,160,R-b112851afd9253c3,,Field Deployable Mobile Manipulator for Autonomous Apple Harvesting,2025,DigitalCommons - CalPoly (California State Polytechnic University),"Basus, Gabriel K; Bowen, Antonio; Daouda, Andrew","Increasing labor costs and agricultural demands have created a need for automated apple harvesting. However, automated apple harvesting via robotic manipulation must overcome certain challenges to be an effective and efficient method. First, the system must compete with or perform better than manual human labor. Second, it must safely and accurately navigate an apple orchard autonomously. Third, the robotic manipulator must be able to securely grasp and pick apples without causing damage. To address these challenges, this project utilizes a Husky UGV equipped with a 2D LiDAR sensor, an RGB-D camera, an IMU, an OpenManipulator-X robot arm, and a soft robotic gripper with tactile sensing. Incoming data from the LiDAR sensor and the odometry are processed using SLAM algorithms to enable the robot to map its environment in real time. Then, localization algorithms such as Adaptive Monte Carlo Localization integrate LiDAR and odometry data to precisely position the robot within the map. Using this localization, the robot navigates to each apple tree using the NAV2 stack. Meanwhile, the RGB-D camera data, in combination with YOLOv3 computer vision algorithms, allows the system to detect and locate apples. Finally, the soft robotic gripper samples each apple grasp using force-resistive sensors and analog-to-digital conversion. A convolutional neural network, trained on a custom-collected dataset, classifies each grasp to ensure apples are only harvested under suitable conditions. This complete system is powered by an onboard battery pack with an approximate runtime of 4 hours. This project explores the many subfields of robotics. It demonstrates the successful application of autonomous navigation and robotic manipulation alongside signal processing, sensor integration, and computer vision to enable efficient apple harvesting.",OpenAlex,Q3,yes,medium,retain because of mechanism signal: operation on a named target; full-text review required,155,22,64,0,5,12,48,0,A,core_identity_or_inventory,depth or point cloud; fruit target; horticultural setting; fruit instance operation; quantitative evaluation; benchmark or dataset; transfer identity mechanism; transfer geometry mechanism,,priority-v1.0-title-abstract-scored-diversified,pending,pending,pending,7982
122,quota:fruit_multiview_or_3d,158,R-50f7bc4d906aa8bb,10.13031/aim.202100831,In-field apple size and location tracking using machine vision to assist fruit thinning and harvest decision-making,2021,"American Society of Agricultural and Biological Engineers Annual International Meeting, ASABE 2021","Mirbod, Omeed (57191916074); Choi, Daeun (56424633600); Heinemann, Paul (7003692038); He, Long (55541756200); Schupp, James (7007032880)","<b><sc>Abstract.</sc></b> Monitoring of fruit size development has important implications for apple orchard management decision making such as scheduling for fruitlet chemical thinning and allocating resources for harvest. The current method for tracking fruit size development is by tagging a sample of fruits and using calipers or sizing rings to make measurements, which can be labor-intensive and time-consuming. In this study, a stereo vision system was developed which sized fruits on a tree and kept track of their growth during the season by matching fruit in images across time. Neural network models including Faster R-CNN and Mask R-CNN were used for fruit detection and on-tree fruit sizing. Camera pose estimation using feature matching of apples was used for tracking individual fruit growth. The best performance on fruit matching for the âGolden Delicious‘ variety during the growing season in an apple orchard was observed in September and October; 74% of all detected fruits which were fully visible were matched between the two months. Fruitlets averaging 25 mm in diameter also had a matching accuracy of 73% during two imaging trials performed on the same day for the month of June.",Scopus;OpenAlex,Q3;Q4,yes,medium,"retain because of mechanism signal: target-specific detection, segmentation, tracking, or counting; full-text review required",155,24,64,18,18,0,20,0,B,fruit_multiview_or_3d,3D reconstruction; ripeness or variety attribute; fruit target; horticultural setting; fruit instance operation; instance perception; transfer geometry mechanism,,priority-v1.0-title-abstract-scored-diversified,pending,pending,pending,2829
123,quota:fruit_multiview_or_3d,161,R-b7712c82264d8a1b,10.1016/j.compag.2025.110266,Multiple object tracking with multi-view active vision to effectively find plant nodes in a cluttered tomato greenhouse,2025,Computers and Electronics in Agriculture,"Wang, Xin (58476725900); Burusa, Akshay K. (57779132700); Rapado-Rincón, David (58346952700); Versmissen, Thomas A.W. (59699217400); van Henten, Eldert J. (6602318643); Kootstra, Gert (24537424000)","Agricultural robots can alleviate the challenges of increasing food demand and worsening labor shortages. However, agricultural environments are typically cluttered, challenging robotic perception to find all relevant objects, as these are often hidden from view. For instance, for leaf removal and whole-truss tomato harvesting, a robot needs to efficiently detect and accurately localize the petiole and peduncle nodes of a tomato plant, which are often hidden behind leaves or tomato trusses. In this study, an integration of multiview active vision (MAV) and multiple object tracking (MOT) algorithms is proposed to improve the detection and localization of tomato plant nodes in an occluded greenhouse environment. This paper details how the system is able to collect information in a cluttered 3D environment, to generate a 3D representations and based on that effectively pinpoints plant nodes through an active-vision strategy. This study tested the MOT-MAV perception system on ten randomly selected tomato plants in an unmodified cluttered tomato greenhouse. The integration perception system was compared to a baseline experiment, which uses predefined sets of camera viewpoints and a clustering method to combine node observations from different viewpoints. Three different versions of experiments were evaluated: “MOT Exp”, “MAV Exp” and the combined “MOT-MAV Exp”. Under the same camera viewpoints and routes, the “MOT Exp” improved recall by 0.09 over the “Baseline Exp,” confirming MOT’s effectiveness in enhancing object detection. After six viewpoints, the “MAV Exp” achieved a PCO of 77%, 11 p.p. higher than the “Baseline Exp,” demonstrating faster object detection with active vision. The “MOT-MAV Exp” outperformed all setups in detection efficiency and accuracy. After six viewpoints, it reached 90% of the final detection result (10 viewpoints), 17 p.p. higher than the “Baseline Exp,” highlighting its faster detection speed. Additionally, its PCO reached 84%, exceeding the “Baseline Exp” by 18 p.p., showcasing improved detection accuracy. These results demonstrate that integrating MOT with next-best-view (NBV) planning enables robots to handle cluttered greenhouse environments more effectively, which improving the perception capabilities of agro-food robotic systems is essential for promoting the development of efficient tomato de-leafing and harvesting robots. • MOT-MAV effectively addresses the occlusion perception issue. • MAV provides less occluded views, enhancing MOT tracking performance. • MOT benefits the accurate setting of RoIs for MAV, improving object searching speed. • MOT-MAV enhances perception capabilities of tomato de-leafing and harvesting robot.",Scopus;OpenAlex,Q2,yes,medium,retain because of mechanism signal: object or instance perception; full-text review required,155,57,64,0,23,0,0,0,B,fruit_multiview_or_3d,cross-view association; tracking identity; fruit target; horticultural setting; fruit instance operation; instance perception; quantitative evaluation,,priority-v1.0-title-abstract-scored-diversified,pending,pending,pending,3696
124,quota:core_identity_or_inventory,167,R-36b69163a7137b07,10.1117/12.3057785,Research on virtual fruit tree reconstruction method based on multiview stereo 3D reconstruction,2025,Proceedings of SPIE - The International Society for Optical Engineering,"Mingxuan, Zhou (59562119600); Wei, Ying (58726601700); Luchao, Bi (59561940400); Hongjun, Wang (15053223700)","Aiming at the problems of low fidelity, long time-consuming and high cost of constructing fruit tree models in the virtual orchard scene, this paper proposes a 3D reconstruction method of virtual fruit trees based on Structure from motion-Multi-view stereo (SFM-MVS). First, the fruit tree image acquisition is carried out by using camera, the SFM algorithm is used to calculate the camera parameters of the fruit tree pictures and the positional relationship between the cameras, the image segmentation is carried out by combining the Convolutional Neural Networks (CNN) of the deep learning, and the segmentation of the fruit tree and the background of the environment in the image is completed by using the DeepLab algorithm. Secondly, the MVS algorithm is used to fuse the segmented fruit tree information and the associated camera position information to automatically construct a high-precision 3D model of the fruit tree. Finally, the mesh information and texture mapping of the 3D model are imported into the Unity3D virtual simulation platform, and the attribute fusion is realized by Albedo, which realizes the rapid digital model construction of real fruit trees.",Scopus;OpenAlex,Q3,yes,medium,retain because of mechanism signal: operation on a named target; full-text review required,154,54,64,0,5,0,20,0,A,core_identity_or_inventory,cross-view association; 3D reconstruction; fruit target; horticultural setting; fruit instance operation; quantitative evaluation; transfer geometry mechanism,,priority-v1.0-title-abstract-scored-diversified,pending,pending,pending,3558
125,quota:fruit_multiview_or_3d,162,M-3f8f02033fe9db3a,10.1109/cvprw67362.2025.00541,"AppleGrowthVision: A Large-Scale Stereo Dataset for Phenological Analysis, Fruit Detection, and 3D Reconstruction in Apple Orchards",2025,IEEE Computer Society Conference on Computer Vision and Pattern Recognition Workshops,"Von Hirschhausen, Laura-Sophia (59539414800); Magnusson, Jannes S. (57221307049); Kovalenko, Mykyta (56585590300); Boye, Fredrik (25930736700); Rawat, Tanay (59939932200); Eisert, Peter (55892485300); Hilsmann, Anna (24830180600); Pretzsch, Sebastian (57515289100); Bosse, Sebstian (60127388700)","Deep learning has transformed computer vision for precision agriculture, yet apple orchard monitoring remains limited by dataset constraints. The lack of diverse, realistic datasets and the difficulty of annotating dense, heterogeneous scenes. Existing datasets overlook different growth stages and stereo imagery, both essential for realistic 3D modeling of orchards and tasks like fruit localization, yield estimation, and structural analysis. To address these gaps, we present AppleGrowthVision, a largescale dataset comprising two subsets. The first includes 9,317 high resolution stereo images collected from a farm in Brandenburg (Germany), covering six agriculturally validated growth stages over a full growth cycle. The second subset consists of 1,125 densely annotated images from the same farm in Brandenburg and one in Pillnitz (Germany), containing a total of 31,084 apple labels. Apple-GrowthVision provides stereo-image data with agriculturally validated growth stages, enabling precise phenological analysis and 3D reconstructions. Extending MinneApple with our data improves YOLOv8 performance by 7.69 % in terms of F1-score, while adding it to MinneApple and MAD boosts Faster R-CNN F1-score by 31.06 %. Additionally, six BBCH stages were predicted with over 95 % accuracy using VGG16, ResNet152, DenseNet201, and MobileNetv2. AppleGrowthVision bridges the gap between agricultural science and computer vision, by enabling the development of robust models for fruit detection, growth modeling, and 3D analysis in precision agriculture. Future work includes improving annotation, enhancing 3D reconstruction, and extending multimodal analysis across all growth stages.",Scopus;OpenAlex,Q1;Q3;Q7,yes,medium,"retain because of mechanism signal: target-specific detection, segmentation, tracking, or counting; full-text review required",154,24,64,0,23,12,20,0,B,fruit_multiview_or_3d,3D reconstruction; fruit target; horticultural setting; fruit instance operation; instance perception; quantitative evaluation; benchmark or dataset; transfer geometry mechanism,,priority-v1.0-title-abstract-scored-diversified,reviewed,retrieved,include,1
126,quota:fruit_multiview_or_3d,163,M-6e813d7e7e578e65,10.1016/j.atech.2025.101402,Robust real-time blueberry counting in greenhouses using small-object detection and mamba-driven multi-step trajectory completion,2025,Smart Agricultural Technology,"Zhang, Naiqi (59256018900); Cao, Jianhua (56359220400)","Accurate counting is essential for enabling automated blueberry harvesting and logistics decision-making in greenhouse environments. However, the features of small size, dense distribution, and frequent occlusion of blueberries result in severe missed detections and duplicate counting, making accurate counting highly challenging for yield estimation. To address these challenges, we propose an effective technical framework for real-time accurate counting of ripe blueberries in greenhouse environments, including specific deep-learning algorithms of lightweight small-object detection and mamba-based trajectory completion. First we introduce a hybrid loss function and a multi-scale feature fusion module, both integrated into the YOLOv12n model to enhance small object detection performance. Then in the trajectory prediction phase, we design encoders based on KAN and decoders based on Mamba, integrating multi-target positions and trajectories to achieve efficient and accurate position prediction. Thereafter we put forward a prediction-driven two-stage matching strategy based on ByteTrack, which effectively reduces duplicate counting caused by missed detections. Experimental results demonstrate the validity and robustness of the framework, and also highlight the algorithms’ performance advantages. The proposed lightweight small-object detection method increases precision by 8.3% and mAP@50 by 2.9% compared to the baseline on the public PEST24 dataset, and achieves an object detection mAP@50 of 0.877 on the real blueberry greenhouse dataset, The trajectory prediction based on our mamba-based trajectory completion algorithm results in an ADE of 15.4 pixels and an FDE of 24.8 pixels over 6 frames, and a single-frame ADE of 3.68 pixels. For blueberry greenhouse counting task, the overall pipeline achieves an accuracy of 92.5% and a processing speed of 35 FPS on the edge device. It effectively addresses repeated counting caused by occlusion and small target size, thereby achieving reliable fruit detection and accurate counting.",Scopus;OpenAlex,Q1;Q4;Q7,yes,medium,retain because of mechanism signal: object or instance perception; full-text review required,154,50,40,18,23,12,0,0,B,fruit_multiview_or_3d,duplicate resolution; counting or inventory; ripeness or variety attribute; fruit target; horticultural setting; instance perception; quantitative evaluation; benchmark or dataset,,priority-v1.0-title-abstract-scored-diversified,pending,pending,pending,1420
127,quota:fruit_multiview_or_3d,164,R-0656de611801dd30,10.3390/agriculture16080847,Autonomous Tomato Harvesting System Integrating AI-Controlled Robotics in Greenhouses,2026,Agriculture (Switzerland),"Matache, Mihai Gabriel (55010190400); Marin, Florin Bogdan (35090097500); Persu, Catalin Ioan (55258296400); Cristea, Robert Dorin (57221591414); Nenciu, Florin (55938383200); Atanasov, Atanas Z. (57222401573)","Labor shortages and the need for increased productivity have accelerated the development of robotic harvesting systems for greenhouse crops; however, reliable operation under fruit occlusion and clustered arrangements remains a major challenge, particularly due to the limited integration between perception and motion planning modules. The paper presents the design and experimental validation of an autonomous robotic system for greenhouse tomato harvesting. The proposed platform integrates a rail-guided mobile base, a six-degrees-of-freedom robotic manipulator, and an adaptive end effector with a hybrid vision framework that combines convolutional neural networks and watershed-based segmentation to enable robust fruit detection and localization under occluded conditions. The proposed approach enables improved separation of overlapping fruits and provides accurate spatial localization through stereo vision combined with IMU-assisted camera-to-robot coordinate transformation. An occlusion-aware trajectory planning strategy was developed to generate collision-free manipulation paths in the presence of leaves and stems, enhancing harvesting safety and reliability. The system was trained and evaluated using a dataset of real greenhouse images supplemented with synthetic data augmentation. Experimental trials conducted under practical greenhouse conditions demonstrated a fruit detection precision of 96.9%, recall of 93.5%, and mean Intersection-over-Union of 79.2%. The robotic platform achieved an overall harvesting success rate of 78.5%, reaching 85% for unobstructed fruits, with an average cycle time of 15 s per fruit in direct harvesting scenarios. The rail-guided mobility significantly improved positioning stability and repeatability during manipulation compared with fully mobile platforms. The results confirm that integrating hybrid perception with occlusion-aware motion planning can substantially improve the functionality of robotic harvesting systems in protected cultivation environments. The proposed solution contributes to the advancement of automation technologies for greenhouse vegetable production and supports the transition toward more sustainable and labor-efficient agricultural practices.",Scopus;OpenAlex,Q3,yes,medium,"retain because of mechanism signal: target-specific detection, segmentation, tracking, or counting; full-text review required",154,24,64,0,23,12,20,0,B,fruit_multiview_or_3d,3D reconstruction; fruit target; horticultural setting; fruit instance operation; instance perception; quantitative evaluation; benchmark or dataset; transfer geometry mechanism,,priority-v1.0-title-abstract-scored-diversified,pending,pending,pending,7457
128,quota:fruit_multiview_or_3d,170,R-b20386d6a6733a45,10.1016/j.atech.2025.101063,High-throughput 3D reconstruction of plants and its application to plant feature segmentation,2025,Smart Agricultural Technology,"Pham, Dong Thanh (57284663200); Iwakuma, Takaya (59748769400); Jiang, Zaifei (59748769500); Sar, Santy (59748786400); Yasutake, Daisuke (18438989800); Ozaki, Takenori (59426616100); Koga, Masaharu (59426810900); Hirai, Yasumaru (7202984110); Mitsuoka, Muneshi (37089154800); Mamun, Muhammad Rashed Al (59953581200); Nomura, Koichi (57210567757); Vo, Hien Bich (57394034400); Okayasu, Takashi (8081565100)","This study explores the development and evaluation of high-throughput 3D plant reconstruction and 2D feature detection and segmentation methods for plant phenotyping. A robotic system was employed to collect datasets of individual cucumber plants, utilizing automated mechanisms for efficient, high-throughput data acquisition. Three types of 3D reconstruction methods called Instant-NGP, Nerfacto, and 3D Gaussian Splatting were adopted and compared in terms of rendering quality and speed.Among them, 3D Gaussian Splatting performed the best, achieving PSNR: 25, SSIM: 0.84, LPIPS: 0.20, and also an impressive rendering speed of 6.39 FPS. Novel viewpoint renderings and depth maps further demonstrated its ability to generate accurate and photo-realistic representations of plants. Additionally, rendered images were utilized for training YOLO models to segment plant features into two classes: leaf and fruit. The YOLOv11s model achieved the highest F1 Score (0.932), balancing speed and accuracy. Ultra-view renderings and segmentation provided valuable insights into plant morphology, including leaf and fruit counts, paving the way for scalable, automated phenotyping applications. This study highlights the potential of integrating 3D Gaussian Splatting with advanced segmentation models for precise and efficient plant phenotyping.",Scopus;OpenAlex,Q1;Q7,yes,medium,"retain because of mechanism signal: target-specific detection, segmentation, tracking, or counting; full-text review required",154,46,54,0,23,0,20,0,B,fruit_multiview_or_3d,3D reconstruction; depth or point cloud; fruit target; fruit instance operation; instance perception; quantitative evaluation; transfer geometry mechanism,,priority-v1.0-title-abstract-scored-diversified,pending,pending,pending,623
129,quota:prior_review_or_positioning,169,R-9ab617589c09d5c9,10.1016/j.compag.2025.111219,"3D sensing and perception for precision weed management: a review of modalities, reconstruction pipelines, and context-aware detection",2026,Computers and Electronics in Agriculture,"Malik, Muneeb Elahi (59363155100); Mahmud, Md Sultan (57225945756)","• LiDAR-RGB fusion gives most reliable outdoor 3D weed detection in dense crop canopies. • SfM with MVS delivered the lowest reconstruction error in dense crop scenes. • Neural implicit modeling and volumetric fusion captured fine leaf and stem structures. • Generalization fails across fields with crop variety, soil, occlusion, and weed stages. • Multi-site RGB-D with SEP labels improve sensing across diverse weeds and crop types. Weeds are known for rapidly invading crops, draining vital resources, and causing major yield losses, yet it remains difficult to control them without herbicides. Intensive herbicide use leaves residues, promotes weed resistance, and poses risks to the environment and human health. Manual weed removal is effective but labor-intensive and unsustainable in large-scale farming. Precision weed management offers a sustainable alternative but relies on accurate three-dimensional (3D) detection and localization to identify weeds within dense canopies. Capturing depth, shape, and position enables precise targeting, minimal crop injury, and supports autonomous control. This review seeks to investigate how existing 3D reconstruction technologies and perception techniques contribute to precision weed control. It integrates studies across sensors such as light detection and ranging (LiDAR), stereo vision, and monocular RGB, and algorithmic pipelines including Structure-from-Motion (SfM), Multi-View Stereo (MVS), volumetric fusion, and neural implicit models. Literature was gathered through selective searches in leading scientific databases using Boolean keyword combinations and strict inclusion criteria for weed-focused 3D applications. Comparative and functional analysis then measured sensor capability, algorithmic accuracy, and readiness for field deployment. Key challenges identified were limited annotated datasets, poor transfer across crop stages, occlusion in dense canopies, and high computational demands that slow field deployment. Further advances in sensor fusion, lightweight neural models, real-time mapping, and standardized metrics will enable field-ready 3D vision technologies for weed management.",Scopus;OpenAlex,Q3,yes,medium,retain because of mechanism signal: broad visual target-operation evidence; full-text review required,154,76,0,18,5,24,20,0,D,prior_review_or_positioning,cross-view association; 3D reconstruction; depth or point cloud; ripeness or variety attribute; quantitative evaluation; prior review; transfer geometry mechanism,,priority-v1.0-title-abstract-scored-diversified,pending,pending,pending,3963
130,quota:fruit_multiview_or_3d,175,R-4d09eb83eea41b2f,10.3390/su172210120,Tomato Growth Monitoring and Phenological Analysis Using Deep Learning-Based Instance Segmentation and 3D Point Cloud Reconstruction,2025,Sustainability (Switzerland),"Timprae, Warut (57437513200); Sagawa, Tatsuki (60212719000); Baar, Stefan (56816684200); Kondo, Satoshi (35956448800); Okada, Yoshifumi (59963267400); Sato, Kazuhiko (7406411489); Rumahorbo, Poltak Sandro (59508987800); Lyu, Yan (60213234400); Shibuya, Kyuki (60213105200); Gama, Yoshiki (60213492400); Hatanaka, Yoshiki (60212588800); Watanabe, Shinya (35450302800)","Accurate and nondestructive monitoring of tomato growth is essential for large-scale greenhouse production; however, it remains challenging for small-fruited cultivars such as cherry tomatoes. Traditional 2D image analysis often fails to capture precise morphological traits, limiting its usefulness in growth modeling and yield estimation. This study proposes an automated phenotyping framework that integrates deep learning-based instance segmentation with high-resolution 3D point cloud reconstruction and ellipsoid fitting to estimate fruit size and ripeness from daily video recordings. These techniques enable accurate camera pose estimation and dense geometric reconstruction (via SfM and MVS), while Nerfacto enhances surface continuity and photorealistic fidelity, resulting in highly precise and visually consistent 3D representations. The reconstructed models are followed by CIELAB color analysis and logistic curve fitting to characterize the growth dynamics. When applied to real greenhouse conditions, the method achieved an average size estimation error of 8.01% compared to manual caliper measurements. During summer, the maximum growth rate (gmax) of size and ripeness were 24.14%, and 95.24% higher than in winter, respectively. Seasonal analysis revealed that winter-grown tomatoes matured approximately 10 days later than summer-grown fruits, highlighting environmental influences on phenological development. By enabling precise, noninvasive tracking of size and ripeness progression, this approach is a novel tool for smart and sustainable agriculture.",Scopus;OpenAlex,Q1;Q3;Q4;Q7,yes,medium,retain because of mechanism signal: object or instance perception; full-text review required,153,46,40,18,18,0,20,0,B,fruit_multiview_or_3d,3D reconstruction; depth or point cloud; ripeness or variety attribute; fruit target; horticultural setting; instance perception; transfer geometry mechanism,,priority-v1.0-title-abstract-scored-diversified,reviewed,retrieved,include,56
131,quota:core_identity_or_inventory,180,R-499e744ea10c0c6b,10.3390/agronomy14010198,A Method for Tomato Plant Stem and Leaf Segmentation and Phenotypic Extraction Based on Skeleton Extraction and Supervoxel Clustering,2024,Agronomy,"Wang, Yaxin (59653985300); Liu, Qi (58672475900); Yang, Jie (58372879100); Ren, Guihong (58843563500); Wang, Wenqi (58261638300); Zhang, Wuping (14619990700); Li, Fuzhong (55494497700)","To address the current problem of the difficulty of extracting the phenotypic parameters of tomato plants in a non-destructive and accurate way, we proposed a method of stem and leaf segmentation and phenotypic extraction of tomato plants based on skeleton extraction and supervoxel clustering. To carry out growth and cultivation experiments on tomato plants in a solar greenhouse, we obtained multi-view image sequences of the tomato plants to construct three-dimensional models of the plant. We used Laplace’s skeleton extraction algorithm to extract the skeleton of the point cloud after removing the noise points using a multi-filtering algorithm, and, based on the plant skeleton, searched for the highest point path, height constraints, and radius constraints to separate the stem from the leaf. At the same time, a supervoxel segmentation method based on Euclidean distance was used to segment each leaf. We extracted a total of six phenotypic parameters of the plant: height, stem diameter, leaf angle, leaf length, leaf width and leaf area, using the segmented organs, which are important for the phenotype. The results showed that the average accuracy, average recall and average F1 scores of the stem and leaf segmentation were 0.88, 0.80 and 0.84, and the segmentation indexes were better than the other four segmentation algorithms; the coefficients of determination between the measurement values of the phenotypic parameters and the real values were 0.97, 0.84, 0.88, 0.94, 0.92 and 0.93; and the root-mean-square errors were 2.17 cm, 0.346 cm, 5.65°, 3.18 cm, 2.99 cm and 8.79 cm2. The measurement values of the proposed method had a strong correlation with the actual values, which could satisfy the requirements of daily production and provide technical support for the extraction of high-throughput phenotypic parameters of tomato plants in solar greenhouses.",Scopus;OpenAlex,Q3,yes,medium,"retain because of mechanism signal: target-specific detection, segmentation, tracking, or counting; full-text review required",152,52,64,0,5,0,20,0,A,core_identity_or_inventory,cross-view association; depth or point cloud; fruit target; horticultural setting; fruit instance operation; quantitative evaluation; transfer geometry mechanism,,priority-v1.0-title-abstract-scored-diversified,pending,pending,pending,6197
132,quota:core_identity_or_inventory,181,R-588daa9117f61d32,10.13031/aim.202301474,Neural Implicit Representation-based Tree Crop Plant 3D Reconstruction,2023,2023 ASABE Annual International Meeting,"Qiu, Tian (57245271800); Moon, Jonathan (58785961800); Cheng, Lailiang (7403337037); Kuehn, Kaspar (58852782700); Jiang, Yu (56422732600)","<b><sc>Abstract.</sc></b> Tree architecture is crucial to both tree crop breeding and precision management and operations such as crop thinning and harvesting. While 3D imaging-based methods have been increasingly explored for tree architecture characterization, most efforts assume or rely on the decent quality of collected 3D images. Achieving decent 3D image quality is non-trivial and has been a long-lasting factor limiting the use of 3D imaging in agricultural applications. Neural representations that are capable of reconstructing scenes with unprecedented fidelity offer new opportunity for 3D reconstruction. The overarching goal of this study was to investigate neural implicit representations to the 3D reconstruction of potted apple trees in controlled and field conditions. Two potted apple trees with heavily pruned branches were selected for data acquisition and comparison of the reconstruction. Each potted apple tree was captured in the form of multi-view 2D images using a consumer grade mobile phone from 360-degree as well as in the form of point cloud using an industry-level laser scanner. While the collection of 2D images were used as the input for classic multi-view reconstruction and neural implicit 3D reconstruction, the processed point cloud from the laser scanner was regarded as the reference of the 3D geometry. Point cloud data generated by multi-view algorithms and neural implicit representations were visually assessed in terms of the correctness and structure completeness and compared with the reference point cloud. Preliminary experiments showed that neural implicit representations considerably outperformed classic multi-view algorithms for 3D reconstruction in both controlled and field conditions. The high-resolution reconstructed point cloud can be used for tree architecture characterization effectively.",Scopus;OpenAlex,Q3,yes,medium,retain because of mechanism signal: operation on a named target; full-text review required,152,76,40,0,5,0,20,0,A,core_identity_or_inventory,cross-view association; 3D reconstruction; depth or point cloud; fruit target; horticultural setting; quantitative evaluation; transfer geometry mechanism,,priority-v1.0-title-abstract-scored-diversified,pending,pending,pending,3136
133,quota:core_identity_or_inventory,183,R-80951e15ac47c398,10.3389/fpls.2026.1753706,VGDS-PointNet++ for organ segmentation and phenotypic trait estimation in greenhouse tomato seedlings,2026,Frontiers in Plant Science,"Wang, Feiyi (59612130600); Zhu, Tianyu (59446794500); Huang, Lyuwen (55497575600); Feng, Ce (60584196900); Lu, Xi (60583211500); Min, Wenchong (59446698900); Wang, Zheng (58382689500); Hu, Xiaohui (55625226600); Nie, Yanming (35119150000)","Introduction To accurately segment point clouds and quickly calculate leaf length and stem diameter, thereby enabling phenotypic analysis and variety selection of greenhouse tomato plants, this paper proposes a voxel grid downsampling (VGDS)–PointNet++-based model for point cloud segmentation and trait calculation. Methods The point clouds of the tomato canopy were acquired using a depth camera. After labeling, point cloud augmentation was performed, and the tomato point cloud dataset (TPCD) containing 1,552 sets of data was rebuilt. Voxel grid downsampling was applied to replace the original sampling strategy of PointNet++. Models of PointNet, PointNet++, VGDS-PointNet++, and Point Transformer were trained with the TPCD and compared on segmentation quality with accuracy and mean Intersection over Union (mIoU). After segmentation, skeletal morphology was fitted for non-occluded leaves by applying a series of surface fitting techniques. The leaf lengths and stem diameters were automatically calculated and compared with the manually measured values. Results The validation results showed that the average runtime of voxel grid downsampling was 0.132 s, which was lower than under the same number of sampled points. Compared to the other three models, the proposed model had higher accuracy and mIoU, reaching up to 96.80% and 88.95%, respectively. The proposal’s accuracy and mIoU increased by 3.9% and 4.45% over PointNet++, respectively. The determination coefficient R 2 between the automatic calculation and manual measurement values of leaf length and stem diameter was 0.93 and 0.87, respectively. Discussion This can help extract phenotypic traits of tomatoes using depth cameras.",Scopus;OpenAlex,Q3,yes,medium,retain because of mechanism signal: broad visual target-operation evidence; full-text review required,152,22,64,18,5,12,20,0,A,core_identity_or_inventory,depth or point cloud; ripeness or variety attribute; fruit target; horticultural setting; fruit instance operation; quantitative evaluation; benchmark or dataset; transfer geometry mechanism,,priority-v1.0-title-abstract-scored-diversified,pending,pending,pending,7673
134,quota:core_identity_or_inventory,185,R-937917c0fb965459,10.1016/j.compag.2021.106556,Smart tree crop sprayer utilizing sensor fusion and artificial intelligence,2021,Computers and Electronics in Agriculture,"Partel, Victor (57205375945); Costa, Lucas (57215859659); Ampatzidis, Yiannis (25648879400)","Delivering the appropriate amount of chemicals for each plant based on their needs is essential for reducing costs, waste, and labor. Smart agricultural machinery can provide variable-rate technologies using artificial intelligence (AI) and machine vision to optimize spraying applications. In this research, a low-cost smart sensing system for controlling airblast tree crop sprayers was designed and evaluated using citrus as a case study. The prototype comprised a LiDAR, machine vision, GPS, flow meters, sensor fusion, and AI to scan trees for tree height, tree classification, and fruit counting. Specifically, this smart sensing system can detect and classify objects to tree or non-tree (e.g., human, field constructions), measure tree height and canopy density, and detect and count fruit. Based on this information, it controls spraying nozzles to optimize spraying applications. A novel software was written in C++ and ran on an Nvidia Jetson Xavier NX embedded computer to process and control the data utilizing data fusion and AI techniques. The smart sensing system's results for tree height estimate indicated a relatively low average error of 6%. A convolutional neural network (CNN) was used to perform tree classification with an average accuracy of 84% in classifying the collected imagery into mature, young, dead, and non-tree objects. The fruit count module (also a CNN) had an F1 score of 89%, compared to ground-truth labeled images of mature and immature citrus fruits. Finally, the adoption of this new sensing method reduced spraying volume by 28%, compared to traditional spraying applications.",Scopus;OpenAlex,Q3;Q7,yes,medium,"retain because of mechanism signal: target-specific detection, segmentation, tracking, or counting; full-text review required",152,34,64,18,5,0,20,0,A,core_identity_or_inventory,depth or point cloud; counting or inventory; ripeness or variety attribute; fruit target; horticultural setting; fruit instance operation; quantitative evaluation; transfer geometry mechanism,,priority-v1.0-title-abstract-scored-diversified,pending,pending,pending,1049
135,quota:core_identity_or_inventory,186,R-96f1184a643ce0e7,10.1002/rob.21583,A pipeline for trunk detection in trellis structured apple orchards,2015,Journal of Field Robotics,"Bargoti, Suchet (56811452600); Underwood, James P. (17347180400); Nieto, Juan I. (7103127889); Sukkarieh, Salah (6602844626)","The ability of robots to meticulously cover large areas while gathering sensor data has widespread applications in precision agriculture. For autonomous operations in orchards, a suitable information management system is required, within which we can gather and process data relating to the state and performance of the crop over time, such as distinct yield count, canopy volume, and crop health. An efficient way to structure an information system is to discretize it to the individual tree, for which tree segmentation/detection is a key component. This paper presents a tree trunk detection pipeline for identifying individual trees in a trellis structured apple orchard, using ground‐based lidar and image data. A coarse observation of trunk candidates is initially made using a Hough transformation on point cloud lidar data. These candidates are projected into the camera images, where pixelwise classification is used to update their likelihood of being a tree trunk. Detection is achieved by using a hidden semi‐Markov model to leverage from contextual information provided by the repetitive structure of an orchard. By repeating this over individual orchard rows, we are able to build a tree map over the farm, which can be either GPS localized or represented topologically by the row and tree number. The pipeline was evaluated at a commercial apple orchard near Melbourne, Australia. Data were collected at different times of year, covering an area of 1.6 ha containing different apple varieties planted on two types of trellis systems: a vertical I‐trellis structure and a Güttingen V‐trellis structure. The results show good trunk detection performance for both apple varieties and trellis structures during the preharvest season (87– accuracy) and near perfect trunk detection performance (99% accuracy) during the flowering season.",Scopus;OpenAlex,Q3,yes,medium,"retain because of mechanism signal: target-specific detection, segmentation, tracking, or counting; full-text review required",152,34,64,18,5,0,20,0,A,core_identity_or_inventory,depth or point cloud; counting or inventory; ripeness or variety attribute; fruit target; horticultural setting; fruit instance operation; quantitative evaluation; transfer geometry mechanism,,priority-v1.0-title-abstract-scored-diversified,pending,pending,pending,2479
136,quota:core_identity_or_inventory,189,R-d02415830a41df64,10.1016/j.atech.2026.102082,A deep learning-based VMSNet for high-precision point cloud segmentation and ripe tomato diameter phenotyping in greenhouses,2026,Smart Agricultural Technology,"Wang, Feiyi (59612130600); Zhu, Tianyu (59446794500); Feng, Ce (60584196900); Huang, Lyuwen (55497575600); Mou, Quanbo (60583211400); Lu, Xi (60583211500); Min, Wenchong (59446698900); Hu, Xiaohui (55625226600)","Ripe tomato fruit display diverse 3D morphologies driven by genetics, environment, and management, yet these differences remain hard to quantify in the absence of precise point-cloud segmentation tools. This paper proposes the VMSNet to accurately segment tomato fruits and extract phenotypic traits based on the segmentation results, including horizontal and vertical diameters. Point clouds are obtained through depth cameras. After preprocessing and labeling the fruits, a dataset is established using global enhancement and local enhancement. On the base framework of PointNet++, the downsampling method was replaced, a multi-scale attention module (MS_A) was integrated, the combination scheduling strategy was optimized, and VMSNet was constructed. Following segmentation, the fruit growth direction is estimated by density-weighted method, and principal component analysis (PCA) is used to establish a rotation plane. By rotating according to the slicing angle, the fruit point cloud is completed and fitted into an ellipsoid. Random Sample Consensus (RANSAC) is used to smooth the outliers. The OBB is applied to extract the horizontal and vertical diameters, which are compared with measurement to verify the algorithm’s accuracy. The results indicate that the accuracy of VMSNet in segmenting ripe tomato fruits is 97.96%. The correlation coefficients R 2 between the calculated and measured values of the horizontal and vertical diameters reached 0.89 and 0.86, respectively. This proposed proposal provides robust point cloud segmentation and completion for phenotypic analysis for other same species greenhouse crop.",Scopus;OpenAlex,Q3,yes,medium,retain because of mechanism signal: operation on a named target; full-text review required,152,22,64,18,5,12,20,0,A,core_identity_or_inventory,depth or point cloud; ripeness or variety attribute; fruit target; horticultural setting; fruit instance operation; quantitative evaluation; benchmark or dataset; transfer geometry mechanism,,priority-v1.0-title-abstract-scored-diversified,pending,pending,pending,3996
137,quota:fruit_multiview_or_3d,178,M-bc204a1d53793c9d,10.3390/agriculture16040455,3D Semantic Map Reconstruction for Orchard Environments Using Multi-Sensor Fusion,2026,Agriculture (Switzerland),"Wang, Quanchao (59344735900); Chen, Yiheng (60418737300); Li, Jiaxiang (60418088900); Chen, Yongxing (60418089000); Wang, Hongjun (56331529900)","Semantic point cloud maps play a pivotal role in smart agriculture. They provide not only core three-dimensional data for orchard management but also empower robots with environmental perception, enabling safer and more efficient navigation and planning. However, traditional point cloud maps primarily model surrounding obstacles from a geometric perspective, failing to capture distinctions and characteristics between individual obstacles. In contrast, semantic maps encompass semantic information and even topological relationships among objects in the environment. Furthermore, existing semantic map construction methods are predominantly vision-based, making them ill-suited to handle rapid lighting changes in agricultural settings that can cause positioning failures. Therefore, this paper proposes a positioning and semantic map reconstruction method tailored for orchards. It integrates visual, LiDAR, and inertial sensors to obtain high-precision pose and point cloud maps. By combining open-vocabulary detection and semantic segmentation models, it projects two-dimensional detected semantic information onto the three-dimensional point cloud, ultimately generating a point cloud map enriched with semantic information. The resulting 2D occupancy grid map is utilized for robotic motion planning. Experimental results demonstrate that on a custom dataset, the proposed method achieves 74.33% mIoU for semantic segmentation accuracy, 12.4% relative error for fruit recall rate, and 0.038803 m mean translation error for localization. The deployed semantic segmentation network Fast-SAM achieves a processing speed of 13.36 ms per frame. These results demonstrate that the proposed method combines high accuracy with real-time performance in semantic map reconstruction. This exploratory work provides theoretical and technical references for future research on more precise localization and more complete semantic mapping, offering broad application prospects and providing key technological support for intelligent agriculture.",Scopus;OpenAlex,Q3,yes,medium,retain because of mechanism signal: broad visual target-operation evidence; full-text review required,152,22,64,0,23,12,20,0,B,fruit_multiview_or_3d,depth or point cloud; fruit target; horticultural setting; fruit instance operation; instance perception; quantitative evaluation; benchmark or dataset; transfer geometry mechanism,,priority-v1.0-title-abstract-scored-diversified,pending,pending,pending,3831
138,quota:fruit_multiview_or_3d,184,R-88592d9a8850e5f2,10.3390/electronics14132545,Detection of Trees and Objects in Apple Orchard from LiDAR Point Cloud Data Using a YOLOv5 Framework,2025,Electronics (Switzerland),"Karim, Md Rejaul (58896006100); Reza, Md Nasim (57204066445); Ahmed, Shahriar (58905457000); Lee, Kyu-Ho (56422714000); Sung, Joonjea (59362632400); Chung, Sun-Ok (7404293469)","Object detection is crucial for smart apple orchard management using agricultural machinery to avoid obstacles. The objective of this study was to detect apple trees and other objects in an apple orchard using LiDAR and the YOLOv5 algorithm. A commercial LiDAR was attached to a tripod to collect apple tree trunk data, which were then pre-processed and converted into PNG images. A pre-processed set of 1500 images was manually annotated with bounding boxes and class labels (trees, water tanks, and others) to train and validate the YOLOv5 object detection algorithm. The model, trained over 100 epochs, resulted in 90% precision, 87% recall, mAP@0.5 of 0.89, and mAP@0.5:0.95 of 0.48. The accuracy reached 89% with a low classification loss of 0.001. Class-wise accuracy was high for water tanks (96%) and trees (95%), while the “others” category had lower accuracy (82%) due to inter-class similarity. Accurate object detection is challenging since the apple orchard environment is complex and unstructured. Background misclassifications highlight the need for improved dataset balance, better feature discrimination, and refinement in detecting ambiguous objects.",Scopus;OpenAlex,Q3,yes,medium,retain because of mechanism signal: object or instance perception; full-text review required,152,22,64,0,23,12,20,0,B,fruit_multiview_or_3d,depth or point cloud; fruit target; horticultural setting; fruit instance operation; instance perception; quantitative evaluation; benchmark or dataset; transfer geometry mechanism,,priority-v1.0-title-abstract-scored-diversified,pending,pending,pending,2301
139,quota:fruit_multiview_or_3d,187,R-9c5ead73e3d715ae,10.1117/12.3061446,A 3D point cloud instance segmentation method for strawberry based on SGC,2025,Proceedings of SPIE - The International Society for Optical Engineering,"Li, Zhipeng (59553711300); Su, Yuanping (55900891500)","With effective protective covering and microclimate control, greenhouse crops offer significant advantages, such as high yield and quality, remaining unaffected by seasonal variations and meeting the demand for diverse agricultural products. Leaf area is a critical growth parameter influencing the indoor microclimate and the transport of nutrients within plants. This study introduces a strawberry 3D point cloud instance segmentation method based on SGC to address the challenge of stem and leaf instance segmentation in calculating plant leaf area using 3D point cloud data. High-quality point cloud data were obtained using a 3D scanner, and feature enhancement was achieved through the Leaf Vein and Boundary Preserving Sampling (LVBPS) method. The SGC network achieved an average precision of 90.41% (AP25) and 89.47% (AP50) for instance segmentation, with the precision of leaf segmentation reaching 93.63% (AP25) and 92.80% (AP50). These findings provide valuable technical support and references for greenhouse cultivation and smart agriculture applications. The source code and dataset can be accessed at https://github.com/suyangsuluo/SGC.",Scopus;OpenAlex,Q3,yes,medium,retain because of mechanism signal: object or instance perception; full-text review required,152,22,64,0,23,12,20,0,B,fruit_multiview_or_3d,depth or point cloud; fruit target; horticultural setting; fruit instance operation; instance perception; quantitative evaluation; benchmark or dataset; transfer geometry mechanism,,priority-v1.0-title-abstract-scored-diversified,pending,pending,pending,2305
140,quota:fruit_multiview_or_3d,190,R-ef035c5bd77e28e7,10.1016/j.plaphe.2026.100228,Dynamic sparse point voxel transformer for 3D point cloud instance segmentation of dormant apple trees,2026,Plant Phenomics,"Du, Ruiming (57788761800); Li, Sinuo (60763113800); Xu, Kenong (7403282024); Cheng, Lailiang (7403337037); Jiang, Yu (56422732600)","Three dimensional (3D) instance segmentation is essential for precision characterization of tree architecture at the branch level, which supports both tree fruit crop breeding and the development of robotic systems for orchard management. Existing methods usually use sparse convolution-based operation, which requires a coordinate quantization preprocess to generate sparse tensors, risking the loss of geometric details for fine-grained downstream phenotyping tasks. To overcome this challenge, we developed the dynamic sparse point-voxel transformer (DSPVFormer) model for the efficient and accurate 3D instance segmentation of high-resolution point clouds for dormant apple trees. Our hybrid DSPVFormer architecture maximizes the use of raw point features by dynamically mapping and aggregating the raw point features into the sparse voxel embeddings, capturing strong geometric features that may be discarded during quantization. Evaluations demonstrate that DSPVFormer achieved statistically significant improvements over baseline models on most instance segmentation metrics, which are further translated into more accurate phenotyping evaluation including branch counting and pruning map generation. These advances directly benefit downstream applications in plant phenotyping and robotic pruning for tree crops such as apples. Meanwhile, experimental results on phenotyping tasks suggested that phenotyping-specific evaluation metrics should be prioritized over upstream computer vision performance metrics to realize the full potential of high-throughput phenotyping for real-world applications.",Scopus;OpenAlex,Q3;Q7,yes,medium,retain because of mechanism signal: object or instance perception; full-text review required,152,34,64,0,23,0,20,0,B,fruit_multiview_or_3d,depth or point cloud; counting or inventory; fruit target; horticultural setting; fruit instance operation; instance perception; quantitative evaluation; transfer geometry mechanism,,priority-v1.0-title-abstract-scored-diversified,needs_manual_retrieval,not_found_or_restricted,pending,3
141,quota:core_identity_or_inventory,199,R-aed32515ea06289c,,Drone-based 3D Mapping and Measurement of Apple Tree Morphology for Phenotyping in Orchard,2020,한국농업기계학회 학술발표논문집,동슈아; 이경환,"Measuring tree morphology for phenotyping is an essential but labor-intensive activity in horticulture. Researchers often rely on manual measurements which may not be accurate for example when measuring canopy volume and tree height. Therefore, the objective of this study was to adopt drone-based photogrammetry and 3D reconstruction technology to make accurate 3D point cloud of fruit trees in orchard and estimate the tree morphology based on 3D point cloud. This study proposed 3D point cloud layering method and concave hull algorithm to calculate the sub-volume of each layer. The canopy volume is calculated by accumulation of all sub-volumes. Three Sony cameras and DJI drone were used to constitute the oblique photography system. And the Ground Control Points (GCPs) were evenly distributed in orchard to assist the Aerial Triangulation (AT). The experiment results indicated the reconstructed resolution and reprojection error of fruit tree are 2.87 mm/pixel and 0.72 pixels, respectively. And the RMSE of tree height of 3D model is 0.093 m and the accuracy of canopy volume estimation is 91.53%. With this new approach, a highly accurate measurement can be achieved. In the future we will count the number of fruit based on the 3D model.",OpenAlex,Q1;Q3,yes,medium,retain because of mechanism signal: operation on a named target; full-text review required,151,58,64,0,5,0,20,0,A,core_identity_or_inventory,3D reconstruction; depth or point cloud; counting or inventory; fruit target; horticultural setting; fruit instance operation; quantitative evaluation; transfer geometry mechanism,,priority-v1.0-title-abstract-scored-diversified,pending,pending,pending,850
142,quota:core_identity_or_inventory,204,R-486fe236cbe8704b,10.1109/access.2024.3408467,A Fruit-Tree Mapping System for Semi-Structured Orchards Based on Multi-Sensor-Fusion SLAM,2024,IEEE Access,"Tang, Bingjie (59000751600); Guo, Zhiyang (59000674900); Huang, Chuanrong (59000519200); Huai, Shuo (59163580900); Gai, Jingyao (56423385600)","Robots have been increasingly applied in orchard management, with fruit tree localization and mapping being crucial for precision and automation. Existing methods require real-time kinematic (RTK) global navigation satellite system (GNSS) receivers. However, signal strength is diminished in orchards due to being occluded by tree canopies. Therefore, this study proposes a novel system for global fruit tree positioning and mapping in semi-structured orchards based on multi-sensor fusion simultaneous localization and mapping (SLAM), without dependence of positioning signals from satellites. As the specific contributions, firstly, a SLAM system which fuse a camera, an inertial measurement unit (IMU), and a light detection and ranging (LiDAR) sensor was constructed to improve the accuracy of robot odometry estimation in complex orchard environments. Secondly, a fruit tree localization algorithm was developed to localize the fruit trees around the robot using both images and LiDAR point clouds, after which the global positions of the detected fruit trees were optimized using the SLAM-derived robot pose real-time. Our method has been extensively evaluated in real pear and persimmon orchards. The results showed that the average root mean square error (RMSE) for odometry was 6.04 cm and 14.59 cm in pear and persimmon orchards, respectively, and the positioning errors of the detected fruit trees were 0.57 cm and 3.23 cm, respectively. The results indicate that our method can achieve accurate positioning and mapping of fruit trees in complex environments and build fruit-tree maps.",Scopus;OpenAlex,Q3,yes,medium,"retain because of mechanism signal: target-specific detection, segmentation, tracking, or counting; full-text review required",150,22,64,0,5,0,48,0,A,core_identity_or_inventory,depth or point cloud; fruit target; horticultural setting; fruit instance operation; quantitative evaluation; transfer identity mechanism; transfer geometry mechanism,,priority-v1.0-title-abstract-scored-diversified,pending,pending,pending,6190
143,quota:core_identity_or_inventory,205,R-520280772ebce38d,10.48550/arxiv.2312.16724,A pipeline for multiple orange detection and tracking with 3-D fruit relocalization and neural-net based yield regression in commercial citrus orchards,2023,arXiv (Cornell University),Thiago Teixeira Santos; Kleber Xavier Sampaio de Souza; João Camargo Neto; Luciano Vieira Koenigkan,"Traditionally, sweet orange crop forecasting has involved manually counting fruits from numerous trees, which is a labor-intensive process. Automatic systems for fruit counting, based on proximal imaging, computer vision, and machine learning, have been considered a promising alternative or complement to manual counting. These systems require data association components that prevent multiple counting of the same fruit observed in different images. However, there is a lack of work evaluating the accuracy of multiple fruit counting, especially considering (i) occluded and re-entering green fruits on leafy trees, and (ii) counting ground-truth data measured in the crop field. We propose a non-invasive alternative that utilizes fruit counting from videos, implemented as a pipeline. Firstly, we employ CNNs for the detection of visible fruits. Inter-frame association techniques are then applied to track the fruits across frames. To handle occluded and re-appeared fruit, we introduce a relocalization component that employs 3-D estimation of fruit locations. Finally, a neural network regressor is utilized to estimate the total number of fruit, integrating image-based fruit counting with other tree data such as crop variety and tree size. The results demonstrate that the performance of our approach is closely tied to the quality of the field-collected videos. By ensuring that at least 30% of the fruit is accurately detected, tracked, and counted, our yield regressor achieves an impressive coefficient of determination of 0.85. To the best of our knowledge, this study represents one of the few endeavors in fruit estimation that incorporates manual fruit counting as a reference point for evaluation. We also introduce annotated datasets for multiple orange tracking (MOrangeT) and detection (OranDet), publicly available to foster the development of novel methods for image-based fruit counting.",OpenAlex,Q1,yes,medium,"retain because of mechanism signal: target-specific detection, segmentation, tracking, or counting; full-text review required",150,70,54,18,0,0,0,0,A,core_identity_or_inventory,cross-view association; association; counting or inventory; ripeness or variety attribute; fruit target; fruit instance operation,,priority-v1.0-title-abstract-scored-diversified,pending,pending,pending,351
144,quota:core_identity_or_inventory,206,R-69fb05134d86ab45,10.1108/ir-06-2025-0194,GoLE-SLAM: ground optimization and loop closure enhancement for multimodal SLAM in orchards,2026,Industrial Robot,"Yang, Hongcheng (60250326500); Gong, Liang (36637488200); Sun, Yefeng (57607373600); Gao, Bishu (57480028900); Ren, Xuan (60251341800); Li, Yanming (55943815800); Liu, Chengliang (7409795747)","Purpose In expansive apple orchards, autonomous mobile robots encounter substantial obstacles in achieving high-precision environmental mapping and real-time pose estimation; primarily due to uneven terrain, elevated environmental noise; and repetitive scene features. This paper aims to introduce GoLE-SLAM, an innovative LiDAR-based Simultaneous Localization and Mapping (SLAM) system tailored for such challenging outdoor environments. Design/methodology/approach To mitigate the impact of rugged orchard terrain, GoLE-SLAM uses a seed-growth algorithm leveraging LiDAR scan-line structures; coupled with a one-dimensional composite filtering strategy; This approach effectively segments the ground while filtering out prominent weeds, and surface irregularities. Furthermore, capitalizing on the availability of reliable GPS signals in outdoor settings, a GPS-Informed Selective Correspondence weighted matching strategy is implemented to optimize computational efficiency during loop-closure detection. Findings Extensive field tests in apple orchards demonstrate that GoLE-SLAM achieves efficient processing with minimal computational overhead, robust terrain segmentation for nonplanar surfaces and effective drift compensation in localization trajectories through its loop-closure module. Originality/value A tightly coupled SLAM framework, termed GoLE-SLAM, is proposed, integrating LIDAR, GPS and inertial measurement unit (IMU). This framework combines ground-assisted LiDAR odometry, IMU preintegration and loop closure enhancement to achieve superior state estimation and mapping performance.",Scopus;OpenAlex,Q3,yes,medium,retain because of mechanism signal: broad visual target-operation evidence; full-text review required,150,22,64,0,5,0,48,0,A,core_identity_or_inventory,depth or point cloud; fruit target; horticultural setting; fruit instance operation; quantitative evaluation; transfer identity mechanism; transfer geometry mechanism,,priority-v1.0-title-abstract-scored-diversified,pending,pending,pending,7629
145,quota:core_identity_or_inventory,214,R-e7e87c0cdf97c8fb,10.1016/j.isprsjprs.2025.11.013,UAV-based monocular 3D panoptic mapping for fruit shape completion in orchard,2026,ISPRS Journal of Photogrammetry and Remote Sensing,"Wang, Kaiwen (57813839300); Pan, Yue (58361264100); Magistri, Federico (57208212994); Kooistra, Lammert (6603894270); Stachniss, Cyrill (6507517732); Wang, Wensheng (55713937300); Valente, João (42062501000)","Accurate fruit shape reconstruction under real-world field conditions is essential for high-throughput phenotyping, sensor-based yield estimation, and orchard management. Existing approaches based on 2D imaging or explicit 3D reconstruction often suffer from occlusions, sparse views, and complex scene dynamics as a result of the plant geometries. This paper presents a novel UAV-based monocular 3D panoptic mapping framework for robust and scalable fruit shape completion in orchards. The proposed method integrates (1) Grounded-SAM2 for multi-object tracking and segmentation (MOTS), (2) photogrammetric structure-from-motion for 3D scene reconstruction, and (3) DeepSDF, an implicit neural representation, for completing occluded fruit geometries with a neural network. We furthermore propose a new MOTS evaluation protocol to assess tracking performance without requiring ground truth annotations. Experiments conducted in both controlled laboratory conditions and an operational apple orchard demonstrate the accuracy of our 3D fruit reconstruction at the centimeter level. The Chamfer distance error of the proposed shape completion method using the DeepSDF shape prior reduces this to the millimeter level, and outperforms the traditional method, while Grounded-SAM2 enables robust fruit tracking across challenging viewpoints. The approach is highly scalable and applicable to real-world agricultural scenarios, offering a promising solution to reconstruct complete fruits with visibility higher than 10% for precise 3D fruit phenotyping at a large scale under occluded conditions.",Scopus;OpenAlex,Q1;Q3,yes,medium,retain because of mechanism signal: object or instance perception; full-text review required,150,51,40,0,0,0,48,0,A,core_identity_or_inventory,tracking identity; 3D reconstruction; fruit target; horticultural setting; transfer identity mechanism; transfer geometry mechanism,,priority-v1.0-title-abstract-scored-diversified,pending,pending,pending,745
146,quota:fruit_multiview_or_3d,202,R-093b3b35a52faee9,10.13031/aim.202001338,Blueberry harvestability trait extraction from 2D images and 3D point clouds based on deep learning and photogrammetric reconstruction,2020,ASABE 2020 Annual International Meeting,"Ni, Xueping (57204040871); Li, Changying (57203273426); Jiang, Huanyu (8276183500)","<sc>Abstract.</sc> Blueberry cluster compactness, maturity, berry number, and berry size are four important traits associated with harvestability and yield. In this study, a deep learning instance segmentation model Mask R-CNN was used to segment individual blueberries for four cultivars (âEmeraldâ, âFarthingâ, âMeadowlarkâ, and âStarâ) with mature properties in 2D images with an iterative annotation strategy. The mean average precision for the test dataset was 71.6% under a 0.5 intersection over union (IOU) threshold, and the corresponding mask accuracy was 90.4%. Furthermore, an image-capturing system was developed to scan fresh blueberry clusters and photogrammetric method was used for 3D reconstruction. To obtain 3D-2D mask correspondence, 3D faces were projected to 2D masks. The berry number, cluster maturity, and compactness were extracted from both 2D images and 3D point clouds, while berry size was estimated from 3D point clouds using sphere fitting. The accuracy of the counting number from 3D point clouds was above 97%. ANOVA of the traits was conducted both in 2D and 3D. The analysis of variance (ANOVA) for the four cultivars showed consistent results in maturity of 2D and 3D, while the berry number and compactness showed inconsistent results. This study developed an effective method for extracting 2D and 3D blueberry traits for blueberry development monitoring, which will help breeders, growers, and packers to objectively evaluate fruit traits related to harvestability and yield.",Scopus;OpenAlex,Q1;Q3;Q4;Q7,yes,medium,retain because of mechanism signal: object or instance perception; full-text review required,150,36,30,18,23,12,20,0,B,fruit_multiview_or_3d,3D reconstruction; counting or inventory; ripeness or variety attribute; fruit target; instance perception; quantitative evaluation; benchmark or dataset; transfer geometry mechanism,,priority-v1.0-title-abstract-scored-diversified,reviewed,not_found_or_restricted,exclude,14
147,quota:fruit_multiview_or_3d,209,R-9991c1fb47336452,10.3390/su15054329,The Design and Evaluation of an Orange-Fruit Detection Model in a Dynamic Environment Using a Convolutional Neural Network,2023,Sustainability (Switzerland),"Zeeshan, Sadaf (57784633900); Aized, Tauseef (22033674000); Riaz, Fahid (56610065900)","Agricultural robots play a crucial role in ensuring the sustainability of agriculture. Fruit detection is an essential part of orange-harvesting robot design. Ripe oranges need to be detected accurately in an orchard so they can be successfully picked. Accurate fruit detection in the orchard is significantly hindered by the challenges posed by the illumination and occlusion of fruit. Hence, it is important to detect fruit in a dynamic environment based on real-time data. This paper proposes a deep-learning convolutional neural network model for orange-fruit detection using a universal real-time dataset, specifically designed to detect oranges in a complex dynamic environment. Data were annotated and a dataset was prepared. A Keras sequential convolutional neural network model was prepared with a convolutional layer-activation function, maximum pooling, and fully connected layers. The model was trained using the dataset then validated by the test data. The model was then assessed using the image acquired from the orchard using Kinect RGB-D camera. The model was then run and its performance evaluated. The proposed CNN model shows an accuracy of 93.8%, precision of 98%, recall of 94.8%, and F1 score of 96.5%. The accuracy was mainly affected by the occlusion of oranges and leaves in the orchard’s trees. Varying illumination was another factor affecting the results. Overall, the orange-detection model presents good results and can effectively identify oranges in a complex real-time environment, like an orchard.",Scopus;OpenAlex,Q3,yes,medium,"retain because of mechanism signal: target-specific detection, segmentation, tracking, or counting; full-text review required",150,22,64,18,23,12,0,0,B,fruit_multiview_or_3d,depth or point cloud; ripeness or variety attribute; fruit target; horticultural setting; fruit instance operation; instance perception; quantitative evaluation; benchmark or dataset,,priority-v1.0-title-abstract-scored-diversified,pending,pending,pending,3184
148,quota:fruit_multiview_or_3d,210,R-a564ec5d2b8eeb62,10.1016/j.atech.2024.100614,Synthetic meets authentic: Leveraging LLM generated datasets for YOLO11 and YOLOv10-based apple detection through machine vision sensors,2024,Smart Agricultural Technology,"Sapkota, Ranjan (57765294400); Meng, Zhichao (57245468100); Karkee, Manoj (22950337200)","Training machine learning (ML) models for artificial intelligence (AI) and computer vision-based object detection process typically requires large, labeled datasets, a process often burdened by significant human effort and high costs associated with imaging systems and image acquisition. This research aimed to simplify image data collection for object detection in orchards by avoiding traditional fieldwork with different imaging sensors. Utilizing OpenAI's DALLE, a large language model (LLM) for realistic image generation, we generated and annotated a cost-effective dataset. This dataset, exclusively generated by LLM, was then utilized to train two state-of-the-art deep learning models: YOLOV10 and YOLO11. The YOLO11 model for apple detection was trained with its five configurations (YOLO11n, YOLO11 s, YOLO11 m, YOLO11l and YOLO11x), and YOLOv10 model with its six configurations (YOLOv10n, YOLOv10 s, YOLOv10 m, YOLOv10b, YOLOv10l and YOLOv10x), which was then tested with real-world (outdoor orchard) images captured by a digital (Nikon D5100) camera and a consumer RGB-D camera (Microsoft Azure Kinect). YOLO11 outperformed YOLOv10 as YOLO11x and YOLO11n exhibited superior precision of 0.917 and 0.916, respectively. Furthermore, YOLO11l demonstrated the highest recall among its counterparts, achieving a recall of 0.889. Likewise, the YOLO11n variant excelled in terms of mean average precision (mAP@50), achieving the highest value of 0.958. Validation tests against actual images collected through a digital camera (Nikon D5100) over Scilate apple variety in a commercial orchard environment showed a highest precision of 0.874 for YOLO11 s, recall of 0.877 for YOLO11l and mAP@50 of 0.91 for YOLO11x. Additionally, validation test against actual images collected through a Microsoft Azure camera over the same orchard showed a highest precision, recall and mAP@50 respectively of 0.924, 0.781 and 0.855 with YOLO11x. All variants of YOLO11 surprisingly demonstrated a pre-processing time of just 0.2 milliseconds (ms), which was faster than any variant of YOLOv10. The fastest inference time for the YOLO11n model using the training dataset generated by the language model was 3.2 ms, while YOLOv10n, fastest among YOLOv10 variants, had a longer inference time of 5.5 ms. Likewise, the fastest inference time for the sensor-based images was 7.1 ms (for Nikon D5100 camera images) and 4.7 ms (for Azure images) with YOLO11n. This study presents a pathway for generating large image datasets using LLM in challenging agricultural fields with minimal or no labor-intensive efforts in field data-collection, which could accelerate the development and deployment of computer vision and robotic technologies in orchard environments.",Scopus;OpenAlex,Q3,yes,medium,retain because of mechanism signal: object or instance perception; full-text review required,150,22,40,18,23,36,0,0,B,fruit_multiview_or_3d,depth or point cloud; ripeness or variety attribute; fruit target; horticultural setting; instance perception; quantitative evaluation; prior review; benchmark or dataset,,priority-v1.0-title-abstract-scored-diversified,pending,pending,pending,3399
149,quota:prior_review_or_positioning,208,R-94d3dabd89d93498,10.3390/a19040249,Recent Advances in Multi-Camera Computer Vision for Industry 4.0 and Smart Cities: A Systematic Review,2026,Algorithms,"Fierro-Silva, Carlos Julio (60604170700); Del-Valle-Soto, Carolina (56257456700); Mostafa, Samih M. (56278605900); Varela-Aldás, José (57848246800)","The rapid deployment of surveillance cameras in urban, industrial, and domestic environments has intensified the need for intelligent systems capable of analyzing video streams beyond the limitations of single-camera setups. Unlike traditional single-camera approaches, multi-camera systems expand spatial coverage, reduce blind spots, and enable consistent tracking of people and objects across non-overlapping views, thereby improving robustness against occlusions and viewpoint changes. This article presents a comprehensive review of multi-camera vision systems published between 2020 and 2025, covering application domains including public security and biometrics, intelligent transportation, smart cities and IoT, healthcare monitoring, precision agriculture, industry and robotics, pan–tilt–zoom (PTZ) camera networks, and emerging areas such as retail and forensic analysis. The review synthesizes predominant technical approaches, including deep-learning-based detection, multi-target multi-camera tracking (MTMCT), re-identification (Re-ID), spatiotemporal fusion, and edge computing architectures. Persistent challenges are identified, particularly in inter-camera data association, scalability, computational efficiency, privacy preservation, and dataset availability. Emerging trends such as distributed edge AI, cooperative camera networks, and active perception are discussed to outline future research directions toward scalable, privacy-aware, and intelligent multi-camera infrastructures.",Scopus;OpenAlex,Q5,yes,medium,"retain because of mechanism signal: target-specific detection, segmentation, tracking, or counting; full-text review required",150,98,0,0,5,36,0,0,D,prior_review_or_positioning,re-identification; cross-view association; association; quantitative evaluation; prior review; benchmark or dataset,,priority-v1.0-title-abstract-scored-diversified,pending,pending,pending,8244
150,quota:core_identity_or_inventory,219,R-5eeb5da82658d2aa,10.1101/2021.11.09.467984,4DPhenoMVS: A Low-Cost 3D Tomato Phenotyping Pipeline Using a 3D Reconstruction Point Cloud Based on Multiview Images,2021,bioRxiv (Cold Spring Harbor Laboratory),Ruifang Zhai; Yinghua Wang; HU Song-tao; Wanneng Yang,"Abstract Manual phenotyping of tomato plants is time consuming and labor intensive. Due to the lack of low-cost and open-access 3D phenotyping tools, the dynamic 3D growth of tomato plants during all growth stages has not been fully explored. In this study, based on the 3D structural data points generated by employing structures from motion algorithms on multiple-view images, we proposed a dynamic 3D phenotyping pipeline, 4DPhenoMVS, to calculate and analyze 14 phenotypic traits of tomato plants covering the whole life cycle. The results showed that the R 2 values between the phenotypic traits and the manual measurements stem length, plant height, and internode length were more than 0.8. In addition, to investigate the environmental influence on tomato plant growth and yield in the greenhouse, eight tomato plants were chosen and phenotyped during 7 growth stages according to different light intensities, temperatures, and humidities. The results showed that stronger light intensity and moderate temperature and humidity contribute to a higher growth rate and higher yield. In conclusion, we developed a low-cost and open-access 3D phenotyping pipeline for tomato plants, which will benefit tomato breeding, cultivation research, and functional genomics in the future. Highlights Based on the 3D structural data points generated by employing structures from motion algorithms on multiple-view images, we developed a low-cost and open-access 3D phenotyping tool for tomato plants during all growth stages.",OpenAlex,Q3,yes,medium,"retain because of mechanism signal: cross-view, association, reconstruction, or point-cloud evidence; full-text review required",149,76,40,0,5,0,20,0,A,core_identity_or_inventory,cross-view association; 3D reconstruction; depth or point cloud; fruit target; horticultural setting; quantitative evaluation; transfer geometry mechanism,,priority-v1.0-title-abstract-scored-diversified,pending,pending,pending,778
151,quota:core_identity_or_inventory,221,R-77234f1a26ed4cde,10.1145/3469213.3470321,3D Reconstruction of Camellia Oleifera Fruit Recognition and Fruit Branch based on Kinect Camera,2021,ACM International Conference Proceeding Series,"Xu, Danqi (57232703700); Chen, Lintao (57192171932); Mou, Xiangwei (33767843300); Wu, Qian (57232243900); Sun, Guoqi (57232473700)","In order to study the design of the 3D vision system of the camellia fruit picking robot and realize the outdoor operation of the camellia fruit picking robot, this paper takes the mature camellia fruit as the research object to identify the mature camellia fruit within the field of view of the image collection device, and use point cloud data to identify the camellia. Fit the contour of the camellia fruit, and the 3D model of the connected branches, determine the position of the picking center point of the camellia fruit in the 3D space, and finally determine the direction angle of the camellia fruit to provide it to the camellia fruit picking robot. The posture angle can smoothly avoid the fruit branches and achieve the purpose of picking mature camellia fruits by imitation. Experimental results show that the algorithm in this paper realizes the three-dimensional reconstruction of branches while realizing the precise segmentation of fruits, which provides ideas and methods for outdoor branch segmentation.",Scopus;OpenAlex,Q3,yes,medium,"retain because of mechanism signal: target-specific detection, segmentation, tracking, or counting; full-text review required",149,46,54,18,0,0,20,0,A,core_identity_or_inventory,3D reconstruction; depth or point cloud; ripeness or variety attribute; fruit target; fruit instance operation; transfer geometry mechanism,,priority-v1.0-title-abstract-scored-diversified,pending,pending,pending,2846
152,quota:oil_palm_direct,220,R-673ecfa1664481fe,10.21894/jopr.2022.0029,COUNTING OF OIL PALM FRESH FRUIT BUNCHES USING COMPUTER VISION,2023,Journal of Oil Palm Research,"Shiddiq, Minarni (8725594300); Arief, Dodi Sofyan (57208466987); Defrianto (54896326100); Dasta, Vicky Vernando (57216279266); Panjaitan, Deborah Margaretha (58306972700); Saputra, Doni (57213519278)","Oil palm fresh fruit bunches (FFB) are the sources of crude palm oil (CPO). CPO is one of the largest export commodities for Indonesia and Malaysia. Automation or mechanisation in CPO processes is crucial to saving time, labour and cost. This study used the computer vision method to count moving oil palm FFB using video frames. It is possible to implement this counting method in the oil palm FFB sorting and grading stage to estimate the CPO mill capacity. Video recordings used an RGB camera with a frame rate of 20 FPS for 117 oil palm FFB of Tenera varieties. The counting program consisted of two parts, a detector and a tracker. The detector algorithm was self-developed by adding a colour feature, converting the RGB images of oil palm FFB to HSV colour space. The counting results were validated using the confusion matrix method. The results showed that the counting accuracy could reach 100.00%. However, the counting accuracy depends on the colour of the FFB and room light intensity. The confusion matrix validation resulted in average counting accuracy of 79.35% for 10 videos. The results showed the potential use of computer vision in counting moving oil palm FFB.",Scopus;OpenAlex,Q1;Q6,yes,medium,retain because of mechanism signal: operation on a named target; full-text review required,149,12,54,54,18,0,0,0,B,oil_palm_direct,counting or inventory; oil-palm target; ripeness or variety attribute; fruit target; fruit instance operation; instance perception,,priority-v1.0-title-abstract-scored-diversified,reviewed,retrieved,include,34
153,quota:fruit_multiview_or_3d,216,M-5906b793565d9c89,10.1016/j.atech.2025.101017,"SASP: Segment any strawberry plant, an end-to-end strawberry canopy volume estimation",2025,Smart Agricultural Technology,"Huang, Zijing (59362518900); Lee, Won Suk (16240657800); Zhang, Peigeng (59513791400); Jeon, Hongyoung (34879832200); Zhu, Heping (7404663658)","This study presents an end-to-end workflow Segment Any Strawberry Plant (SASP) for estimating strawberry canopy volume from multi-view images. The approach utilizes several recent advances in computer vision and 3D reconstruction. First, a Planar-based Gaussian Splatting Reconstruction (PGSR) method is employed to generate high-fidelity 3D point clouds of strawberry plants, offering improved geometric consistency compared to standard 3D Gaussian Splatting. Next, the Segment Any 3D Gaussians (SAGA) framework is adapted with fully automated prompts derived from YOLO (You Only Look Once) detection and color-based prompt selection which can eliminate the need for manual user input in the segmentation process. The resulting point clouds of plant canopies are calculated via concave hull to estimate their volumes. A reference box of known volume is included in the scene as a calibration object, mapping computed volumes from the virtual 3D space into real-world measurements. Experimental evaluations show that the proposed method achieves high segmentation quality and offers volume estimates across multiple plant shapes. This end-to-end pipeline addresses both the labor-intensive nature of manual canopy measurements and the computational complexity of large-scale 3D reconstructions, offering a potential for high-throughput phenotyping and yield prediction in future strawberry cultivation studies.",Scopus;OpenAlex,Q3,yes,medium,retain because of mechanism signal: operation on a named target; full-text review required,149,76,54,0,18,0,20,-30,B,fruit_multiview_or_3d,cross-view association; 3D reconstruction; depth or point cloud; fruit target; fruit instance operation; instance perception; transfer geometry mechanism,global output,priority-v1.0-title-abstract-scored-diversified,pending,pending,pending,6566
154,quota:fruit_multiview_or_3d,218,R-550b54caf0b7e63e,10.3390/agriculture15242574,Capsicum Counting Algorithm Using Infrared Imaging and YOLO11,2025,Agriculture (Switzerland),"Mendez, Enrico (58010301400); Escobedo Cabello, Jesús Arturo (56032443500); Gómez-Espinosa, Alfonso (55633912300); Cantoral-Ceballos, Jose Antonio (54789443800); Ochoa, Oscar (58388197000)","Fruit detection and counting is a key component of data-driven resource management and yield estimation in greenhouses. This work presents a novel infrared-based approach to capsicum counting in greenhouses that takes advantage of the light penetration of infrared (IR) imaging to enhance detection under challenging lighting conditions. The proposed capsicum counting pipeline integrates the YOLO11 detection model for capsicum identification and the BoT-SORT multi-object tracker to track detections across a video stream, enabling accurate fruit counting. The detector model is trained on a dataset of 1000 images, with 11,916 labeled capsicums, captured with an OAK-D pro camera mounted on a mobile robot inside a capsicum greenhouse. On the IR test set, the YOLO11m model achieved an F1-score of 0.82, while the tracker obtained a multiple object tracking accuracy (MOTA) of 0.85, correctly counting 67 of 70 capsicums in a representative greenhouse row. The results demonstrate the effectiveness of this IR-based approach in automating fruit counting in greenhouse environments, offering potential applications in yield estimation.",Scopus;OpenAlex,Q1;Q7,yes,medium,retain because of mechanism signal: object or instance perception; full-text review required,149,39,64,0,23,12,0,0,B,fruit_multiview_or_3d,tracking identity; counting or inventory; fruit target; horticultural setting; fruit instance operation; instance perception; quantitative evaluation; benchmark or dataset,,priority-v1.0-title-abstract-scored-diversified,pending,pending,pending,1502
155,quota:core_identity_or_inventory,229,R-3e4232d04a36d226,10.3390/agronomy12020440,Culling Double Counting in Sequence Images for Fruit Yield Estimation,2022,Agronomy,"Xia, Xue (55873545200); Chai, Xiujuan (7006781144); Zhang, Ning (57192297986); Zhang, Zhao (57205199609); Sun, Qixin (57295601800); Sun, Tan (57211914927)","Exact yield estimation of fruits on plants guaranteed fine and timely decisions on harvesting and marketing practices. Automatic yield estimation based on unmanned agriculture offers a viable solution for large orchards. Recent years have witnessed notable progress in computer vision with deep learning for yield estimation. Yet, the current practice of vision-based yield estimation with successive frames may engender fairly great error because of the double counting of repeat fruits in different images. The goal of this study is to provide a wise framework for fruit yield estimation in sequence images. Specifically, the anchor-free detection architecture (CenterNet) is utilized to detect fruits in sequence images from videos collected in the apple orchard and orange orchard. In order to avoid double counts of a single fruit between different images in an image sequence, the patch matching model is designed with the Kuhn–Munkres algorithm to optimize the paring process of repeat fruits in a one-to-one assignment manner for the sound performance of fruit yield estimation. Experimental results show that the CenterNet model can successfully detect fruits, including apples and oranges, in sequence images and achieved a mean Average Precision (mAP) of 0.939 under an IoU of 0.5. The designed patch matching model obtained an F1-Score of 0.816 and 0.864 for both apples and oranges with good accuracy, precision, and recall, which outperforms the performance of the reference method. The proposed pipeline for the fruit yield estimation in the test image sequences agreed well with the ground truth, resulting in a squared correlation coefficient of R2apple = 0.9737 and R2orange = 0.9562, with a low Root Mean Square Error (RMSE) for these two varieties of fruit.",Scopus;OpenAlex,Q1;Q7,yes,medium,retain because of mechanism signal: operation on a named target; full-text review required,148,50,64,18,5,0,0,0,A,core_identity_or_inventory,duplicate resolution; counting or inventory; ripeness or variety attribute; fruit target; horticultural setting; fruit instance operation; quantitative evaluation,,priority-v1.0-title-abstract-scored-diversified,pending,pending,pending,1113
156,quota:core_identity_or_inventory,238,R-fcd82d87d4baded4,10.3390/app16073227,Tomato Maturity Classification and Fruit Counting Based on RGB and Multispectral Images †,2026,Applied Sciences (Switzerland),"Lin, Huei-Yung (8430638100); Pai, Chu-An (59169887800); Chang, Chin-Chen (56538936200)","Accurate monitoring of tomato maturity and fruit number is essential for improving crop management and supporting accurate yield estimation in greenhouse environments. However, variations in lighting conditions, occlusions, and overlapping fruits often make reliable maturity classification and fruit counting challenging. This paper presents an integrated approach for tomato maturity classification and fruit number estimation using RGB and multispectral images. The proposed approach consists of tomato detection, tomato tracking and counting, and maturity classification of tomatoes. The detection model identifies tomatoes in each frame, the tracking module associates individual tomatoes across image sequences to avoid duplicate counting, and the classification models determine maturity levels. Experiments are conducted on three tomato datasets collected in greenhouse environments. The results show that the proposed method achieves a maximum maturity classification accuracy of 81%. In addition, the proposed approach facilitates consistent fruit counting across image sequences, supporting practical applications in greenhouse monitoring. These findings demonstrate the potential of integrating RGB and multispectral information for automated tomato maturity classification and fruit counting in precision agriculture.",Scopus;OpenAlex,Q1;Q7,yes,medium,"retain because of mechanism signal: target-specific detection, segmentation, tracking, or counting; full-text review required",148,50,64,18,5,0,0,0,A,core_identity_or_inventory,duplicate resolution; counting or inventory; ripeness or variety attribute; fruit target; horticultural setting; fruit instance operation; quantitative evaluation,,priority-v1.0-title-abstract-scored-diversified,pending,pending,pending,753
157,quota:oil_palm_direct,226,R-00f8ffcaa188dad0,10.1016/j.atech.2023.100364,Hyperparameter optimization of YOLOv4 tiny for palm oil fresh fruit bunches maturity detection using genetics algorithms,2023,Smart Agricultural Technology,"Salim, Edy (58706329500); Suharjito (55390566600)","Indonesia's economic progress is closely linked to palm oil, a crucial plantation commodity. The price of this oil relies on the oil content found in the fruit of the oil palm, which is gauged by the fruit's maturity level, a task usually undertaken by experts. The maturity of oil palm FFB is generally divided into several classes, commonly unripe, under-ripe, ripe, and over-ripe. However, the detection of maturity still uses human vision, which causes detection errors. Therefore, this research will use the computer vision method with the YOLOv4 model to detect the maturity of the oil palm fruit. YOLOv4 itself is a real-time object detection model that has been widely used to detect fruit maturity, including oil palm fruit; this research uses 4,160 images of oil palm fruit maturity which is divided into six categories, namely empty fruit, underripe, abnormal, ripe, under-ripe, and over-ripe. The YOLOv4 model trained using the dataset will be optimized using GA for looking at the optimal hyperparameter to produce a better model. The result is YOLOv4 model experienced an increase in mAP compared to before using GA hyperparameter optimization.",Scopus;OpenAlex,Q4;Q6,yes,medium,retain because of mechanism signal: object or instance perception; full-text review required,148,0,56,46,23,12,0,0,B,oil_palm_direct,oil-palm target; ripeness or variety attribute; fruit target; horticultural setting; fruit instance operation; instance perception; quantitative evaluation; benchmark or dataset,,priority-v1.0-title-abstract-scored-diversified,pending,pending,pending,328
158,quota:oil_palm_direct,235,R-e60832a4b3e19c48,10.1109/roma66616.2025.11155279,Comparative Study of Different YOLO Variants for Ripeness Detection of Palm Oil Fresh Fruit Bunches,2025,"2025 IEEE 6th International Conference in Robotics and Manufacturing Automation, ROMA 2025","Chowdhury, Alvi Khan (59274959600); Saruchi, Sarah 'Atifah (56274638900); Said, Wan Zailah Wan (60145510700); Ul Rehman, Ateeq (59147906800); Lie, Louis Gautama (60145618600); Izni, Nor Aziyatul (57351300100); Jahan, Mohammad Saukat (58446751500)","Palm oil Fresh Fruit Bunches (FFBs) ripeness detection is the key to precision agriculture, allowing ideal harvesting as well as post-harvesting handling. Multiple deep-learning methods for palm oil FFB ripeness detection were reviewed in the literature. However, the current research challenge is training the deep-learning models using images collected from plantations directly, and hence, detecting palm oil FFBs in real-time with reasonably sound detection accuracies. Hence, this study explored three You Only Look Once (YOLO) algorithm versions to address this challenge: YOLOv5, YOLOv6, and YOLOv7. Notably, no prior research has utilized at least three YOLO versions to recognize the ripeness levels of palm oil FFBs in real-time. This research aims to identify the most effective algorithm among these YOLO versions for this specific task. The methods involved creating a model utilizing a custom dataset as well as conducting training and testing. A custom dataset of 2000 images was obtained from a palm oil plantation in the Selangor region of Malaysia to train and test models. The dataset was trained with YOLOv5s (small), YOLOv5m (medium), YOLOv6s (small), YOLOv6m (medium), and YOLOv7 models. The YOLOv5s model proved the most effective for real-time detection of palm oil FFBs, with a 98.5% F1-score and a solid 35.76 Frames per Second (FPS). Finally, performance analysis showed that the YOLOv5s model outperformed existing methods, offering a dependable solution for palm oil FFB ripening detection in real-time scenarios right at the locations of palm oil plantations.",Scopus;OpenAlex,Q4;Q5;Q6,yes,medium,retain because of mechanism signal: operation on a named target; full-text review required,148,0,56,46,23,12,0,0,B,oil_palm_direct,oil-palm target; ripeness or variety attribute; fruit target; horticultural setting; fruit instance operation; instance perception; quantitative evaluation; benchmark or dataset,,priority-v1.0-title-abstract-scored-diversified,pending,pending,pending,650
159,quota:core_identity_or_inventory,245,R-fcf76a3c66af92a5,10.1016/j.atech.2025.101432,BBNeuS: Segmentation and accurate 3D reconstruction of banana bunches from complex plantation environments,2025,Smart Agricultural Technology,"Fu, Lanhui (58066620100); Qiao, Weilai (59662619800); Deng, Fuqin (57305280400); Hou, Jianfeng (59662328700); Chen, Jianle (59196557700); Zhou, Lei (59195770000)","Accurate 3D reconstruction provides essential spatial information for orchard robots and serves as a critical foundation for crop phenotypic analysis. However, most existing studies have focused on industrial scenarios and are typically conducted in interference-free indoor environments. In this study, we propose a novel 3D reconstruction method called BBNeuS, which achieves accurate reconstruction of banana bunches in real-world orchard conditions. To accurately separate banana bunches from orchards, this study proposes a multi-view extraction framework (MVExt), which alleviates occlusion and interference caused by the complex banana orchard environment by combining multiple views and point cloud projection. BBNeuS combines Signed Distance Field (SDF) supervision with bias consistency, which not only reduces deviations in volumetric rendering but also alleviates viewpoint discrepancies caused by unstable lighting conditions. We conducted segmentation experiments across various scenarios, with all evaluation metrics showing improvement, achieving up to a 12 % increase. In reconstruction experiments, the evaluation scores for PSNR, SSIM, and LPIPS reached 21.17, 0.89, and 0.27, respectively, representing improvements of 21.4 %, 20.3 %, and 20.6 % compared to baseline methods. The MAE metric was well balanced. These results demonstrate that BBNeuS can accurately extract banana-related information and significantly enhance the reconstruction of banana bunches. This research provides valuable insights for 3D phenotypic analysis of banana bunches and holds great significance for the development of intelligent banana orchards.",Scopus;OpenAlex,Q3,yes,medium,retain because of mechanism signal: broad visual target-operation evidence; full-text review required,147,76,40,0,0,0,20,0,A,core_identity_or_inventory,cross-view association; 3D reconstruction; depth or point cloud; fruit target; horticultural setting; transfer geometry mechanism,,priority-v1.0-title-abstract-scored-diversified,pending,pending,pending,3783
160,quota:fruit_instance_baseline,243,R-c19538e20cde7cbc,,Combinando métodos de detecção de objetos com sistema de localização e mapeamento simultâneos,2024,LA Referencia (Red Federada de Repositorios Institucionales de Publicaciones Científicas),Rodrigo Silva,"This work explored the combination of Deep Learning (DL) and Simultaneous Localization and Mapping (SLAM) to enhance precision agriculture, with a focus on detecting and estimating the distance to apples in orchards. A thorough literature review was conducted, analyzing approaches that integrate deep neural networks with traditional SLAM methods, identifying promising applications in various fields, including agriculture. Data collection was performed using a stereoscopic camera, capturing images with depth information. Bounding boxes were manually annotated around visible apples, and the MinneApple dataset was added to enhance model generalization. We trained 12 variations of the YOLO architecture, with YOLOv5x achieving the best performance, reaching 0.861 in F1-Score on the validation set. An algorithm was developed to estimate the distance to each detected apple, integrating it into the YOLO detection pipeline. The results demonstrated the accuracy and real-time viability of the system, allowing efficient detection and distance estimation of apples. This work contributes to the evolution of the combination of DL and SLAM, opening new research prospects for automation and robotics, particularly in fruit orchard monitoring and harvesting applications.",OpenAlex,Q5,yes,medium,retain because of mechanism signal: broad visual target-operation evidence; full-text review required,147,0,56,0,23,36,28,0,C,fruit_instance_baseline,fruit target; horticultural setting; fruit instance operation; instance perception; quantitative evaluation; prior review; benchmark or dataset; transfer identity mechanism,,priority-v1.0-title-abstract-scored-diversified,pending,pending,pending,8616
161,quota:core_identity_or_inventory,247,R-25ac242060be8ccb,10.3389/fpls.2024.1439086,NeRF-based 3D reconstruction pipeline for acquisition and analysis of tomato crop morphology,2024,Frontiers in Plant Science,"Choi, Hong-Beom (57205546241); Park, Jae-Kun (59403853000); Park, Soo Hyun (57205063566); Lee, Taek Sung (7501441271)","Recent advancements in digital phenotypic analysis have revolutionized the morphological analysis of crops, offering new insights into genetic trait expressions. This manuscript presents a novel 3D phenotyping pipeline utilizing the cutting-edge Neural Radiance Fields (NeRF) technology, aimed at overcoming the limitations of traditional 2D imaging methods. Our approach incorporates automated RGB image acquisition through unmanned greenhouse robots, coupled with NeRF technology for dense Point Cloud generation. This facilitates non-destructive, accurate measurements of crop parameters such as node length, leaf area, and fruit volume. Our results, derived from applying this methodology to tomato crops in greenhouse conditions, demonstrate a high correlation with traditional human growth surveys. The manuscript highlights the system's ability to achieve detailed morphological analysis from limited viewpoint of camera, proving its suitability and practicality for greenhouse environments. The results displayed an R-squared value of 0.973 and a Mean Absolute Percentage Error (MAPE) of 0.089 for inter-node length measurements, while segmented leaf point cloud and reconstructed meshes showed an R-squared value of 0.953 and a MAPE of 0.090 for leaf area measurements. Additionally, segmented tomato fruit analysis yielded an R-squared value of 0.96 and a MAPE of 0.135 for fruit volume measurements. These metrics underscore the precision and reliability of our 3D phenotyping pipeline, making it a highly promising tool for modern agriculture.",Scopus;OpenAlex,Q3,yes,medium,retain because of mechanism signal: broad visual target-operation evidence; full-text review required,146,46,64,0,5,0,20,0,A,core_identity_or_inventory,3D reconstruction; depth or point cloud; fruit target; horticultural setting; fruit instance operation; quantitative evaluation; transfer geometry mechanism,,priority-v1.0-title-abstract-scored-diversified,pending,pending,pending,3307
162,quota:core_identity_or_inventory,253,R-a778521530840a8e,10.3390/rs13173437,Canopy volume extraction of citrus reticulate blanco cv. Shatangju trees using UAV image-based point cloud deep learning,2021,Remote Sensing,"Qi, Yuan (57220184076); Dong, Xu-Hua (57242785500); Chen, Pengchao (57204477498); Lee, Kyeong-Hwan (55671368800); Lan, Yubin (7102083954); Lu, Xiaoyang (57223397211); Jia, Ruichang (35213384300); Deng, Jizhong (35730959300); Zhang, Yali (34769213500)","Automatic acquisition of the canopy volume parameters of the Citrus reticulate Blanco cv. Shatangju tree is of great significance to precision management of the orchard. This research combined the point cloud deep learning algorithm with the volume calculation algorithm to segment the canopy of the Citrus reticulate Blanco cv. Shatangju trees. The 3D (Three-Dimensional) point cloud model of a Citrus reticulate Blanco cv. Shatangju orchard was generated using UAV tilt photogrammetry images. The segmentation effects of three deep learning models, PointNet++, MinkowskiNet and FPConv, on Shatangju trees and the ground were compared. The following three volume algorithms: convex hull by slices, voxel-based method and 3D convex hull were applied to calculate the volume of Shatangju trees. Model accuracy was evaluated using the coefficient of determination (R2) and Root Mean Square Error (RMSE). The results show that the overall accuracy of the MinkowskiNet model (94.57%) is higher than the other two models, which indicates the best segmentation effect. The 3D convex hull algorithm received the highest R2 (0.8215) and the lowest RMSE (0.3186 m3) for the canopy volume calculation, which best reflects the real volume of Citrus reticulate Blanco cv. Shatangju trees. The proposed method is capable of rapid and automatic acquisition for the canopy volume of Citrus reticulate Blanco cv. Shatangju trees.",Scopus;OpenAlex,Q3,yes,medium,retain because of mechanism signal: operation on a named target; full-text review required,146,46,64,0,5,0,20,0,A,core_identity_or_inventory,3D reconstruction; depth or point cloud; fruit target; horticultural setting; fruit instance operation; quantitative evaluation; transfer geometry mechanism,,priority-v1.0-title-abstract-scored-diversified,pending,pending,pending,1973
163,quota:fruit_instance_baseline,248,R-2e2d8ee42a7a3ac3,10.1109/metroagrifor63043.2024.10948864,Comparative Analysis and Optimization of Detection Algorithms for Apples on Orchards with Complex Backgrounds,2024,"2024 IEEE International Workshop on Metrology for Agriculture and Forestry, MetroAgriFor 2024 - Proceedings","Kevric, Ermin (59754190500); Wei, Jiahua (59754190600); Braun, Philipp (57203136390); Rose, Hendrik Wilhem (58587870600)","Developing systems for accurate apple detection plays a significant role in precision agriculture tasks and orchard management practices, hence having a direct impact on the economics of orchard fields. Thus, this research compares between different detection algorithms as it plays the baseline for subsequent tasks of counting, apple grasping and growth monitoring. In this work, four different state-of-the-art (SOTA) object detection models have been compared for apple detection: Faster R-CNN, YOLOv5, YOLOv8 and RT-DETR. The models were examined for their accuracy in apple detection and their invariance to the background apples. As Faster R-CNN and YOLOv5 are commonly used algorithms in this domain, they were chosen alongside YOLOv8. Furthermore, as the transformer-based detectors like RT-DETR outperform YOLO on large datasets, their comparison for apple detection is also warranted. The models are evaluated on the MinneApple dataset and a manually collected dataset. In addition, the effect of attention mechanisms in YOLOv8 architecture, hyperparameter optimization and data augmentation were explored. The evaluation showed that RT-DETR outperformed all models for <tex xmlns:mml=""http://www.w3.org/1998/Math/MathML"" xmlns:xlink=""http://www.w3.org/1999/xlink"">$\mathbf{mAP}_{\mathbf{0.50}:\mathbf{0.95}}$</tex> on the MinneApple and custom dataset for the trained image size. Furthermore, given the smaller background interference at a larger mAP, the RT-DETR model not only outperformed YOLO and Faster R-CNN models, but was also more background invariant.",Scopus;OpenAlex,Q7,yes,medium,retain because of mechanism signal: object or instance perception; full-text review required,146,12,64,0,23,36,0,0,C,fruit_instance_baseline,counting or inventory; fruit target; horticultural setting; fruit instance operation; instance perception; quantitative evaluation; prior review; benchmark or dataset,,priority-v1.0-title-abstract-scored-diversified,pending,pending,pending,433
164,quota:core_identity_or_inventory,287,R-0c0fe4d20c4919ea,10.1109/icist66592.2025.11306661,3D Reconstruction Method for Strawberry Plants Based on 3D Gaussian Splatting and Edge Detection,2025,"2025 15th International Conference on Information Science and Technology, ICIST 2025","Li, Jiayin (60497420500); Guan, Mingyu (59749694300); Gao, Jie (60497739700); Dai, Xiangguang (57200269153); Wang, Jun (60030829600)","During the 3D reconstruction of strawberry plants, methods based on 3D Gaussian Splatting (3DGS) face significant challenges due to motion-induced image blur. Such blurring substantially reduces the feature matching accuracy in Structure from Motion (SfM) algorithms and compromises the reliability of camera pose estimation, thereby degrading the quality of subsequent 3DGS reconstruction. This ultimately manifests as geometric distortion and loss of texture details in the reconstructed models. The issue is particularly severe on the surface of strawberry fruits: under blurred image conditions, point cloud registration fails, resulting in the loss of high-frequency details in the high-density achene regions, which blurs seed contours and degrades reconstruction accuracy. To address this technical bottleneck, this study proposes an optimized reconstruction scheme integrated with 3DGS. By incorporating the Canny edge detection algorithm to filter h i gh-quality i n put i m ages, t h e a c curacy of the reconstructed model is significantly improved. The optimized approach achieves remarkable results on the strawberry plant dataset: the average Peak Signal-To-Noise Ratio (PSNR) of the 3DGS model reaches 35.99, representing a 15.2% improvement over the baseline 3DGS. The morphology of high-density achenes on the fruit surface is clearly distinguishable, supporting the accurate monitoring of phenotypic parameters in strawberry plants.",Scopus;OpenAlex,Q3,yes,medium,retain because of mechanism signal: operation on a named target; full-text review required,143,46,54,0,0,12,20,0,A,core_identity_or_inventory,3D reconstruction; depth or point cloud; fruit target; fruit instance operation; benchmark or dataset; transfer geometry mechanism,,priority-v1.0-title-abstract-scored-diversified,pending,pending,pending,3513
165,quota:core_identity_or_inventory,289,R-3b91679645992cf2,10.1109/ccris65764.2025.11193128,Three-dimensional Reconstruction and Picking Point Localization Method of Cucumber Fruit Based on Point Cloud Completion,2025,"CCRIS 2025 - 2025 6th International Conference on Control, Robotics and Intelligent System, Conference Proceedings","Gao, Zhangjie (60203220400); Wang, Jinlong (60203225900); Min, Huasong (36572270900)","In practical cucumber harvesting scenarios, the presence of direct sunlight and occlusion in greenhouses poses significant challenges for depth cameras to provide sufficient three-dimensional environmental information for harvesting robots. To address this issue, this study innovatively applies point cloud completion techniques to picking point localization, proposing a novel method for cucumber picking point localization based on a point cloud completion network. This method aligns the completed point cloud with the two-dimensional coordinates of picking points identified in RGB images, enabling precise acquisition of the 3D coordinates and pose information of the picking points. A new point cloud completion network is introduced, incorporating a Dual Attention-based Feature Extraction Module (DA-FEM) that weights and filters features to effectively capture local information while suppressing interference, thereby reducing noise. Additionally, to overcome the limitations of traditional fusion methods that restrict the model’s receptive field, a Multi-Scale Hierarchical Feature Fusion Module (MS-HFFM) is proposed, complemented by a pyramid-structured point cloud generator to enhance detail recovery. Furthermore, a joint loss function based on Chamfer Distance (CD) and Earth Mover Distance (EMD) is designed to minimize stitching artifacts in the completed point cloud, thereby improving its quality. Experimental results demonstrate that the proposed model achieves average CD and EMD values of 0.82×10<sup xmlns:mml=""http://www.w3.org/1998/Math/MathML"" xmlns:xlink=""http://www.w3.org/1999/xlink"">–3</sup> and 2.712×10<sup xmlns:mml=""http://www.w3.org/1998/Math/MathML"" xmlns:xlink=""http://www.w3.org/1999/xlink"">–3</sup>, respectively, on an augmented ShapeNetCore dataset, with the picking point localization method attaining an average accuracy of 90.40%. These findings provide robust support for the development of cucumber harvesting robots.",Scopus;OpenAlex,Q3,yes,medium,"retain because of mechanism signal: target-specific detection, segmentation, tracking, or counting; full-text review required",143,46,54,0,0,12,20,0,A,core_identity_or_inventory,3D reconstruction; depth or point cloud; fruit target; fruit instance operation; benchmark or dataset; transfer geometry mechanism,,priority-v1.0-title-abstract-scored-diversified,pending,pending,pending,3564
166,quota:oil_palm_direct,291,R-6e1d565f9000a240,10.1109/icitcom62788.2024.10762053,"Comparison of the Latest Version of Deep Learning YOLO Model in Automatically Detecting the Ripeness Level of Oil Palm Fruit in PTPN IV, North Sumatra, Indonesia",2024,"Proceedings - 2024 International Conference on Information Technology and Computing, ICITCOM 2024","Purba, Samdo Jumar (59509902900); Ferdinandz Tandion, William (59509221700); Irwansyah, Edy (55669431700)","This research explores the capability of the Deep Learning models YOLOv8 and YOLOv9 in detecting the ripeness level of oil palm fruit. The purpose of this research is to compare the accuracy results between YOLOv8 and YOLOv9 in detecting the ripeness level of oil palm fruit and to find out whether there is an improvement in the accuracy of YOLOv9 compared to the previous version, YOLOv8. This research uses datasets sourced from the oil palm plantation repository of PTPN IV Medan, North Sumatra, Indonesia. The dataset collected for this research consists of 180 images with a size of 640x640 and a camera resolution of 12 Mega Pixel. The dataset was uploaded into Roboflow and underwent pre-processing and augmentation. After obtaining the API from Roboflow and inputting it into Google Colab for YOLOv8 and YOLOv9 training, testing was carried out on the provided images. The results show that both YOLOv8 and YOLOv9 successfully detected ripe, rotten, and unripe oil palm fruit with an accuracy of 0.984 (98.4<sup xmlns:mml=""http://www.w3.org/1998/Math/MathML"" xmlns:xlink=""http://www.w3.org/1999/xlink"">%</sup>) and 0.99 (99<sup xmlns:mml=""http://www.w3.org/1998/Math/MathML"" xmlns:xlink=""http://www.w3.org/1999/xlink"">%</sup>). The results show that YOLOv9 has higher accuracy than YOLOv8 in detecting the ripeness level of oil palm fruit. The potential use of the latest version of the YOLO model in detecting the ripeness level of oil palm fruit in plantations can serve as a basis for developing more effective and efficient automatic detection systems in the future.",Scopus;OpenAlex,Q4;Q6,yes,medium,retain because of mechanism signal: broad visual target-operation evidence; full-text review required,143,0,56,46,18,12,0,0,B,oil_palm_direct,oil-palm target; ripeness or variety attribute; fruit target; horticultural setting; fruit instance operation; instance perception; benchmark or dataset,,priority-v1.0-title-abstract-scored-diversified,pending,pending,pending,467
167,quota:fruit_instance_baseline,288,R-143d70deec8d2b1d,10.48550/arxiv.1610.08120,Image Segmentation for Fruit Detection and Yield Estimation in Apple Orchards,2016,arXiv (Cornell University),Suchet Bargoti; James Underwood,"Ground vehicles equipped with monocular vision systems are a valuable source of high resolution image data for precision agriculture applications in orchards. This paper presents an image processing framework for fruit detection and counting using orchard image data. A general purpose image segmentation approach is used, including two feature learning algorithms; multi-scale Multi-Layered Perceptrons (MLP) and Convolutional Neural Networks (CNN). These networks were extended by including contextual information about how the image data was captured (metadata), which correlates with some of the appearance variations and/or class distributions observed in the data. The pixel-wise fruit segmentation output is processed using the Watershed Segmentation (WS) and Circular Hough Transform (CHT) algorithms to detect and count individual fruits. Experiments were conducted in a commercial apple orchard near Melbourne, Australia. The results show an improvement in fruit segmentation performance with the inclusion of metadata on the previously benchmarked MLP network. We extend this work with CNNs, bringing agrovision closer to the state-of-the-art in computer vision, where although metadata had negligible influence, the best pixel-wise F1-score of $0.791$ was achieved. The WS algorithm produced the best apple detection and counting results, with a detection F1-score of $0.858$. As a final step, image fruit counts were accumulated over multiple rows at the orchard and compared against the post-harvest fruit counts that were obtained from a grading and counting machine. The count estimates using CNN and WS resulted in the best performance for this dataset, with a squared correlation coefficient of $r^2=0.826$.",OpenAlex,Q7,yes,medium,"retain because of mechanism signal: target-specific detection, segmentation, tracking, or counting; full-text review required",143,12,64,0,23,36,0,0,C,fruit_instance_baseline,counting or inventory; fruit target; horticultural setting; fruit instance operation; instance perception; quantitative evaluation; prior review; benchmark or dataset,,priority-v1.0-title-abstract-scored-diversified,reviewed,retrieved,include,4
168,quota:core_identity_or_inventory,300,M-83d105eb229254b4,10.1016/j.atech.2026.102260,A lightweight multi-view detection and counting method for real-time cherry tomato yield estimation using greenhouse inspection robots,2026,Smart Agricultural Technology,"Xing, Xushuo (60593408000); Gao, Jin (57205197239); Deng, Xue (57993441700); Wang, Shubo (51061727700); Qi, Peng (60594006600); Wang, Fangyan (24492615700); Hou, Xiuning (57210817859); Gao, Junfeng (55790778000)","Crop yield prediction is one of the key measures for dynamically adjusting harvest schedules and minimizing production losses. To address the production requirements for multi-object real-time detection and accurate counting of tomatoes in complex greenhouse environments, this study proposes a lightweight “detection–tracking–counting–compensation” cascaded network framework, optimized for deployment on inspection robots. First, a sparse convolution module (G-FConv) and a lightweight multi-scale feature aggregation module (L-MFA) were designed, and a lightweight feature extraction network was constructed to reduce computational load and complexity. Second, a lightweight asymmetric decoupled head incorporating the SimAM attention mechanism was developed to enhance critical feature extraction while further reducing parameter count. Third, a multi-view cooperative detection and compensation method was proposed to optimize multi-object tracking performance in dense and occluded scenes. Finally, TensorRT-based inference acceleration was applied to improve the robot’s real-time processing capability. The proposed model achieves high detection (90.8%) and counting (95.2%) accuracy with a compact size of 3.98 MB and 5.3 GFLOPs, while the proposed MVC method reduces counting errors by 95.6%. This study provides an effective technical solution for precise tomato yield prediction in greenhouses, offering significant practical value for optimizing harvest schedules and reducing production losses.",Scopus;OpenAlex,Q1;Q2,yes,medium,retain because of mechanism signal: object or instance perception; full-text review required,142,69,64,0,0,0,28,-30,A,core_identity_or_inventory,cross-view association; tracking identity; counting or inventory; fruit target; horticultural setting; fruit instance operation; transfer identity mechanism,global output,priority-v1.0-title-abstract-scored-diversified,pending,pending,pending,669
169,quota:core_identity_or_inventory,306,R-3e45c6dc2566f46b,10.1109/icics52457.2021.9464575,Distribution map of oil palm fresh fruit bunch using LiDAR*,2021,"2021 12th International Conference on Information and Communication Systems, ICICS 2021","Husin, Husna Sarirah (60763685800); Amar, Nurnasuha (57238665800); Bakar Sajak, Aznida Abu (56029277200); Sallehin Mohd Kassim, Mohd (57219127469)","Oil palm tree has been the key to Malaysia's economic expansion, where it has become the most important, national agricultural crop. Techniques of planting, assessment, and detection are crucial to harvest a good quality of palm oil. At present, the ripeness of oil palm fresh fruit bunch (FFB) is determined using computer vision, eyesight, near-infrared (NIR) spectroscopy, light detection and ranging (LiDAR), and Hue, Saturation, and Intensity (HSI) techniques. This research objective is to categorize the ripeness of oil palm FFB from data received from the sensor and to create a distribution map. The methodology chosen to develop this project is the waterfall model, while the findings of this study will be the classified ripeness of oil palm FFB are either under-ripe, ripe, or overripe, and the map of distribution.",Scopus;OpenAlex,Q3;Q6,yes,medium,retain because of mechanism signal: broad visual target-operation evidence; full-text review required,142,22,30,54,5,0,20,0,A,core_identity_or_inventory,depth or point cloud; oil-palm target; ripeness or variety attribute; fruit target; quantitative evaluation; transfer geometry mechanism,,priority-v1.0-title-abstract-scored-diversified,reviewed,retrieved,include,19
170,quota:core_identity_or_inventory,314,R-d06683dd58165dfb,10.13031/aim.201700427,Branch detection with apple trees trained in fruiting wall architecture using stereo vision and Regions-Convolutional Neural Network(R-CNN),2017,2017 ASABE Annual International Meeting,"Zhang, Jing (56178865700); He, Long (55541756200); Karkee, Manoj (22950337200); Zhang, Qin (35106461100); Zhang, Xin (56542830800); Gao, Zongmei (57197854792)","<abstract> Abstract. Due to the rising cost and decreasing availability of labor, manual picking is becoming increasingly challenging for apple and other tree fruit growers. A targeted shake-and-catch apple harvesting machine is under development at Washington State University to address this challenge. This machine is showing a promise for harvesting some varieties of apples. However, the performance and productivity of such a harvesting system could greatly be increased if the shaking process could be automated. First step towards automated shaking is the detection of branches and localization of shaking points according to the position of branches in real world. A branch detection method was developed in this work for apple trees trained in fruiting wall architecture using a stereo vision system and a Regions-Convolutional Neural Network (R-CNN). A stereo vision camera was used to acquire RGB images, depth images as well as index images in natural orchard environment. The R-CNN composed of improved AlexNet, which was trained to detect the apple tree branches. In this study, a fusion detection method called Depth & Index (D&I) was proposed to fuse the detection results of branches from both depth images and index images. The results showed that the value of average recall and Average Accuracy (AA) from the D&I method was 70.5% and 63.3% when the R-CNN confidence of depth image was 50.0%. However, in the same conditions, the average recall and AA was only 62.7% and 59.2% using the depth images alone. Furthermore, the D&I method also had better performance in terms of the morphology fitting of apple tree branches. This study showed a great potential using both of depth and index images to detect and fit apple tree branches in real-time.",Scopus;OpenAlex,Q3,yes,medium,retain because of mechanism signal: operation on a named target; full-text review required,142,24,64,18,5,0,20,0,A,core_identity_or_inventory,3D reconstruction; ripeness or variety attribute; fruit target; horticultural setting; fruit instance operation; quantitative evaluation; transfer geometry mechanism,,priority-v1.0-title-abstract-scored-diversified,pending,pending,pending,2550
171,quota:oil_palm_direct,322,R-2f74666962b7903d,10.1038/s41597-025-05227-x,Oil Palm Fruits Dataset in Plantations for Harvest Estimation Using Digital Census and Smartphone,2025,Scientific Data,"Suharjito (55390566600); Naftali, Martinus Grady (57866665500); Hugo, Gregory (58028586700); Priyadi, Muhammad Reza Azhar (58703889000); Asrol, Muhammad (57195960392); Utama, Ditdit Nugeraha (55016662200)","This article presents a dataset of oil palm Fresh Fruit Bunches (FFBs) images from commercial plantations in Central Kalimantan, Indonesia, focusing on five maturity stages: Unripe, Underripe, Ripe, Flower, and Abnormal. The data collection involved smartphone video recordings of unharvested trees from multiple angles under varying conditions. Video frames were extracted and expertly annotated using Computer Vision Annotation Tool (CVAT), with annotations exported in Common Objects in Context (COCO) format suitable for object detection tasks. It has 10,207 images in its training set, 2,896 in the validation set, and 1,400 in the test set, which are supplemented using data augmentation to handle class imbalance and increase variation. These images have real-world complications arising from partial visibility, low contrast, occlusion, and blurriness. It forms the basis that will support the development of deep learning models for detection and classification of FFB, particularly for monitoring of harvest times, yield prediction, and optimization of resources in plantation operations.",Scopus;OpenAlex,Q4;Q6,yes,medium,retain because of mechanism signal: object or instance perception; full-text review required,141,12,64,54,18,12,0,-30,B,oil_palm_direct,counting or inventory; oil-palm target; ripeness or variety attribute; fruit target; horticultural setting; fruit instance operation; instance perception; benchmark or dataset,global output,priority-v1.0-title-abstract-scored-diversified,pending,pending,pending,552
172,quota:fruit_instance_baseline,327,R-51afe61e7e5f451a,10.1109/iros.2018.8594304,Apple Counting using Convolutional Neural Networks,2018,IEEE International Conference on Intelligent Robots and Systems,"Häni, Nicolai (57201378591); Roy, Pravakar (57191913312); Isler, Volkan (23009022100)","Estimating accurate and reliable fruit and vegetable counts from images in real-world settings, such as orchards, is a challenging problem that has received significant recent attention. Estimating fruit counts before harvest provides useful information for logistics planning. While considerable progress has been made toward fruit detection, estimating the actual counts remains challenging. In practice, fruits are often clustered together. Therefore, methods that only detect fruits fail to offer general solutions to estimate accurate fruit counts. Furthermore, in horticultural studies, rather than a single yield estimate, finer information such as the distribution of the number of apples per cluster is desirable. In this work, we formulate fruit counting from images as a multi-class classification problem and solve it by training a Convolutional Neural Network. We first evaluate the per-image accuracy of our method and compare it with a state of the art method based on Gaussian Mixture Models over four test datasets. Even though the parameters of the Gaussian Mixture Model based method are specifically tuned for each dataset, our network outperforms it in three out of four datasets with a maximum of 94% accuracy. Next, we use the method to estimate the yield for two datasets for which we have ground truth. Our method achieved 96-97% accuracies. For additional details please see our video here: https://www.youtube.com/watch?v=Le0mb5P-SYc.",Scopus;OpenAlex,Q1;Q7,yes,medium,"retain because of mechanism signal: target-specific detection, segmentation, tracking, or counting; full-text review required",141,12,64,0,18,36,0,0,C,fruit_instance_baseline,counting or inventory; fruit target; horticultural setting; fruit instance operation; instance perception; prior review; benchmark or dataset,,priority-v1.0-title-abstract-scored-diversified,pending,pending,pending,132
173,quota:fruit_instance_baseline,329,R-a8d2fa0be6721078,10.3390/agriculture15101028,YOLO-MSNet: Real-Time Detection Algorithm for Pomegranate Fruit Improved by YOLOv11n,2025,Agriculture (Switzerland),"Xu, Liang (59387796800); Li, Bing (57212399532); Fu, Xue (59916575500); Lu, Zhe (59387739500); Li, Zelong (59476806600); Jiang, Bai (59477327900); Jia, Siye (59387917100)","In complex orchard environments, rapidly and accurately identifying pomegranate fruits at various growth stages remains a significant challenge. Therefore, we propose YOLO-MSNet, a lightweight and enhanced pomegranate fruit detection model developed using YOLOv11. Firstly, the C3k2_UIB module is elegantly designed by integrating the Universal Inverted Bottleneck (UIB) structure into the model, while convolutional modules within the model are seamlessly replaced by AKConv units, thereby markedly reducing the overall complexity of the model. Subsequently, a novel parallel cascaded attention module called SSAM is designed as a way to improve the model’s ability to clearly see small details of the fruit against the background of a complex orchard. Additionally, a Dynamic Adaptive Bidirectional Feature Pyramid Network (DA-BiFPN) that employs adaptive sampling strategies to optimize multi-scale feature fusion is designed. The C3k2_UIB module complements this by reinforcing feature interactions and information aggregation across various scales, thereby enhancing the model’s perception of multi-scale objects. Furthermore, integrating VFLoss and ShapeIOU further refines the model’s ability to distinguish between overlapping and differently sized targets. Finally, comparative evaluations conducted on a publicly available pomegranate fruit dataset against state-of-the-art models demonstrate that YOLO-MSNet achieves a 1.7% increase in mAP50, a 21.5% reduction in parameter count, and a 21.8% decrease in model size. Further comparisons with mainstream YOLO models confirm that YOLO-MSNet has a superior detection accuracy despite being significantly lighter, making it especially suitable for deployment in resource-constrained edge devices, effectively addressing real-world requirements for fruit detection in complex orchard environments.",Scopus;OpenAlex,Q7,yes,medium,"retain because of mechanism signal: target-specific detection, segmentation, tracking, or counting; full-text review required",141,12,64,0,18,36,0,0,C,fruit_instance_baseline,counting or inventory; fruit target; horticultural setting; fruit instance operation; instance perception; prior review; benchmark or dataset,,priority-v1.0-title-abstract-scored-diversified,pending,pending,pending,1570
174,quota:core_identity_or_inventory,350,R-dea2b94b3a4d2ba0,10.1016/j.compag.2022.107611,In-situ fruit analysis by means of LiDAR 3D point cloud of normalized difference vegetation index (NDVI),2023,Computers and Electronics in Agriculture,"Tsoulias, Nikos (57204039498); Saha, Kowshik Kumar (57220742602); Zude-Sasse, Manuela (16305972400)","A feasible method to analyse fruit at the tree is requested in precise production management. The employment of light detection and ranging (LiDAR) was approached aimed at measuring the number of fruit, quality-related size, and ripeness-related chlorophyll of fruit skin. During fruit development (65 – 130 day after full bloom, DAFB), apples were harvested and analysed in the laboratory (n = 225) with two LiDAR laser scanners measuring at 660 and 905 nm. From these two 3D point clouds, the normalized difference vegetation index (NDVILiDAR) was calculated. The correlation analysis of NDVILiDAR and chemically analysed fruit chlorophyll content showed R2 = 0.81 and RMSE = 3.63 % on the last measuring date, when fruit size reached 76 mm. The method was tested on 3D point clouds of 12 fruit trees measured directly in the orchard, during fruit growth on five measuring dates, and validated with manual fruit analysis in the orchard (n = 4632). Point clouds of individual apples were segmented from 3D point clouds of trees and fruit NDVILiDAR were calculated. The non-invasively obtained field data showed good calibration performance capturing number of fruit, fruit size, fruit NDVILiDAR, and chemically analysed chlorophyll content of R2 = 0.99, R2 = 0.98 with RMSE = 3.02 %, R2 = 0.65 with RMSE = 0.65 %, R2 = 0.78 with RMSE = 1.31 %, respectively, considering the related reference data at last measuring date 130 DAFB. The new approach of non-invasive laser scanning provided physiologically and agronomically valuable time series data on differences in fruit chlorophyll affected by the leaf area to number of fruit and leaf area to fruit fresh mass ratios. Concluding, the method provides a tool for gaining production-relevant plant data for, e.g., crop load management and selective harvesting by harvest robots.",Scopus;OpenAlex,Q3,yes,medium,retain because of mechanism signal: broad visual target-operation evidence; full-text review required,140,22,64,18,5,0,20,0,A,core_identity_or_inventory,depth or point cloud; ripeness or variety attribute; fruit target; horticultural setting; fruit instance operation; quantitative evaluation; transfer geometry mechanism,,priority-v1.0-title-abstract-scored-diversified,pending,pending,pending,2131
175,quota:fruit_instance_baseline,339,R-3729e7ba683ae755,10.3389/fpls.2026.1824558,YOLO-FLBM: a lightweight and high-performance model for tomato ripeness detection in complex greenhouse environments,2026,Frontiers in Plant Science,"Su, Yuting (59524359200); Zhang, Peijun (60730803300); Li, Huicheng (59524578900); Kang, Feng (59524470500); Zhao, Pushi (60351565600); Wang, Lijin (60418779100)","Real-time detection of tomato ripeness in complex greenhouse environments presents a significant dual challenge: the interference caused by foliage occlusion and fruit overlapping demands high detection accuracy, while the limited computational resources of harvesting robots necessitate model lightweighting. To address this, we propose YOLO-FLBM, a lightweight, high-performance model based on the enhanced YOLOv8s architecture. First, the backbone network was reconstructed using FasterNet to minimize redundancy, establishing a streamlined foundation for edge deployment. Second, an innovative neck architecture, designated as the LB Neck, was constructed by integrating the C2f-LS module with the BiFPN structure. Crucially, a novel Multi-scale Coordinate Dynamic Attention (MCDA) mechanism was developed. By integrating hybrid perception pooling with full-rank kernel generation, MCDA dynamically captures spatial dependencies to resolve occlusion issues. Experimental results on a custom tomato dataset demonstrated that YOLO-FLBM achieved comprehensive performance enhancements: precision, recall, mAP@50, and mAP@50-95 reached 95.2%, 91.9%, 97.4%, and 78.9%, respectively, representing improvements of 3.7%, 2.5%, 1.9%, and 1.7% over the baseline model. Meanwhile, the model's parameter count was reduced to 3.743 M, a substantial 61.9% reduction compared to the original model. These results confirm the model's efficiency and accuracy, offering a valuable reference for automated tomato harvesting robots.",Scopus;OpenAlex,Q4;Q7,yes,medium,"retain because of mechanism signal: target-specific detection, segmentation, tracking, or counting; full-text review required",140,12,64,18,23,12,0,0,C,fruit_instance_baseline,counting or inventory; ripeness or variety attribute; fruit target; horticultural setting; fruit instance operation; instance perception; quantitative evaluation; benchmark or dataset,,priority-v1.0-title-abstract-scored-diversified,pending,pending,pending,1705
176,quota:fruit_instance_baseline,340,R-37adbc00ff8e0a99,10.3389/fpls.2025.1682024,Maturity detection and counting of blueberries in real orchards using a 1novel STF-YOLO model integrated with ByteTrack algorithm,2025,Frontiers in Plant Science,"Wu, Na (59789761000); Wu, Jie (60237569100); Wang, Zhechen (60009593900); Zhao, Yun (35308262200); Xu, Xing (56707732700); Wang, Yali (60009594000); Skobelev, Petr (60010618300); Mi, Yanan (60009765000)","Introduction: Blueberries are highly prized for their nutritional value and economic importance. However, their small size, dense clustering, and brief ripening period make them difficult to harvest efficiently. Manual picking is costly and error-prone, so there is an urgent need for automated, high-precision solutions in real orchards. Methods: We proposed an integrated framework that combined the STF-YOLO model with the ByteTrack algorithm to detect blueberry maturity and perform counting. Together with ByteTrack, it provided consistent fruit counts in video streams. STF-YOLO replaced the YOLOv8 C2f block with a Detail Situational Awareness Attention (DSAA) module to enable more precise discrimination of maturity. It also incorporated an Adaptive Edge Fusion (AEF) neck to enhance edge cues under leaf occlusion and a Multi-scale Neck Structure (MNS) to aggregate richer context. Additionally, it adopted a Shared Differential Convolution Head (SDCH) to reduce parameters while preserving accuracy. Results: On our orchard dataset, the model achieved an mAP50 of 79.7%, representing a 3.5% improvement over YOLOv8. When combined with ByteTrack, it attained an average counting accuracy of 72.49% across blue, purple, and green maturity classes in video sequences. Cross-dataset tests further confirmed its robustness. On the MegaFruit benchmark (close-range images), STF-YOLO achieved the highest mAP50 for peaches (91.6%), strawberries (70.5%), and blueberries (90.6%). On the heterogeneous PASCAL VOC2007 dataset, it achieved 66.3% mAP50, outperforming all lightweight YOLO variants across 20 everyday object categories. Discussion: Overall, these results suggest that the STF-YOLO integrated with the ByteTrack framework can accurately detect and count blueberries in orchards. This lays a solid foundation for the future development of automated blueberry harvesting machinery and improvements in harvest efficiency.",Scopus;OpenAlex,Q1;Q7,yes,medium,retain because of mechanism signal: broad visual target-operation evidence; full-text review required,140,12,64,18,23,12,0,0,C,fruit_instance_baseline,counting or inventory; ripeness or variety attribute; fruit target; horticultural setting; fruit instance operation; instance perception; quantitative evaluation; benchmark or dataset,,priority-v1.0-title-abstract-scored-diversified,pending,pending,pending,1482
177,quota:fruit_instance_baseline,344,R-5a63e3505e2dc40b,10.13031/aea.16247,DEVELOPMENT AND PRELIMINARY EVALUATION OF A YOLO-BASED FRUIT COUNTING AND MATURITY EVALUATION MOBILE APPLICATION FOR BLUEBERRIES,2025,Applied Engineering in Agriculture,"Deng, Boyang (58778551400); Lu, Yuzhen (57116702400); Vander Weide, Josh (60033429600)","Highlights An iOS-based app (BlueberryCounter) was developed for blueberry detection, counting, and maturity assessment. The BlueberryCounter features a simple, user-friendly interface that integrates with YOLOv8-based fruit detectors. Field testing validated the operational functionalities of the mobile app installed on a smartphone. The BlueberryCounter offers a handy, useful tool for blueberry growers. Abstract. Harvest maturity and yield estimation of blueberries are important for growers to optimize crop production and stay competitive. It is extremely labor-intensive and infeasible to assess fruit maturity and count fruit for yield estimation manually. The pervasive use of smartphones and the recent advancements in deep learning and edge computing open new opportunities for automated, inexpensive approaches to image-based blueberry detection and counting. This study presents a new, simple mobile application (app) developed using Swift in iOS (version 16), i.e., BlueberryCounter, which enables growers to assess fruit maturity and count rapidly. The app features a user-friendly interface and supports real-time blueberry detection, counting, and maturity estimation based on two YOLOv8-based fruit detectors: YOLOv8m (Fast) and YOLOv8l (Accurate), which offer users flexibility in choosing between speed and accuracy. A live window visualizes real-time detection results alongside the detection logging statistics displayed. The fruit detectors deployed on the app were trained and evaluated on a blueberry canopy image dataset consisting of 17,809 annotated blueberry instances, including 6,958 instances of ripe (“Blue”) and 10,851 unripe (“Unblue”) fruit. The in-season testing showed better accuracy than the cross-season testing, implying more efforts are needed to improve model robustness across different seasons. The operational functionalities of the app were verified on a smartphone in preliminary field testing. The BlueberryCounter, which will be made publicly available, promises to evolve into a useful tool on mobile devices for blueberry growers. Keywords: Artificial intelligence, Blueberry, Fruit counting, Mobile application, Precision horticulture.",Scopus;OpenAlex,Q7,yes,medium,"retain because of mechanism signal: target-specific detection, segmentation, tracking, or counting; full-text review required",140,12,64,18,23,12,0,0,C,fruit_instance_baseline,counting or inventory; ripeness or variety attribute; fruit target; horticultural setting; fruit instance operation; instance perception; quantitative evaluation; benchmark or dataset,,priority-v1.0-title-abstract-scored-diversified,pending,pending,pending,573
178,quota:fruit_instance_baseline,347,R-a49a98c40ac1568a,10.1016/j.atech.2024.100620,"Detection, counting, and maturity assessment of blueberries in canopy images using YOLOv8 and YOLOv9",2024,Smart Agricultural Technology,"Deng, Boyang (58778551400); Lu, Yuzhen (57116702400); Li, Zhaojian (57202421579)","Blueberry growers currently rely on manual or subjective approaches to harvest decision-making and yield estimation. Canopy image-based, pre-harvest blueberry detection provides a promising means for automated harvest maturity assessment, fruit counting, and yield estimation to optimize crop management and reduce labor costs. Data-driven deep-learning-based object detectors, especially the YOLO (You Only Look Once) series models, have emerged as a powerful tool for a diversity of computer vision tasks in agriculture. However, the detection of such small, densely populated objects as blueberries in unstructured scenes can pose great challenges, especially given the lack of dedicated datasets for model development. This study, therefore, presents the first publicly available dataset of blueberry canopy images with 17,955 ripe and unripe blueberries, which were captured in diverse orchard conditions, and performance evaluation of YOLOv8l (large) and YOLOv9-c (compact) with comparable complexity for blueberry detection and whereby fruit counting and ripe fruit percentage estimation. At the input image resolution of 2560 × 2560 pixels, both models performed similarly in terms of detection accuracy with around 91 % mAP@50, except that YOLOv9-c was far more time-consuming to train. Trained with the input of higher resolution images of 3520 × 3520 pixels, YOLOv8l achieved an overall mAP@50 of nearly 93 %, and an RMSEs (root-mean-square errors) of 10.4 in fruit counting and 3.62 % in estimating the percentage of ripe fruit of each image. Both the blueberry dataset 1 1 https://zenodo.org/records/14002517 and software programs 2 2 https://github.com/vicdxxx/BlueberryDetectionAndCounting of this study have been or will be made publicly available, which are expected to be useful for promoting greater community efforts for further algorithm development.",Scopus;OpenAlex,Q7,yes,medium,"retain because of mechanism signal: target-specific detection, segmentation, tracking, or counting; full-text review required",140,12,64,18,23,12,0,0,C,fruit_instance_baseline,counting or inventory; ripeness or variety attribute; fruit target; horticultural setting; fruit instance operation; instance perception; quantitative evaluation; benchmark or dataset,,priority-v1.0-title-abstract-scored-diversified,pending,pending,pending,1361
179,quota:fruit_instance_baseline,349,R-d1514d7780929a2e,10.1109/iceca66444.2025.11383116,Fruit Detection and Yield Estimation using Path Aggregation Feature Pyramid Network and Deep SORT Algorithm: A Case Study on Orange Fruit,2025,"Proceedings of the 9th International Conference on Electronics, Communication and Aerospace Technology, ICECA 2025","Vaishnavi, M. (59000951000); Bharaniharan, A. (60559751300); Mohanapriya, S. (57193838092); Thanush, P. (58410260000)","Accurate fruit detection and yield estimation are critical for precision agriculture and automated harvesting systems, yet traditional methods remain prone to errors and inefficiencies, this paper presents a novel approach combining the Masked Region-based Convolutional Neural Network (Mask R-CNN) with the Path Aggregation Feature Pyramid Network (PA-FPN) and the Deep SORT algorithm for enhanced orange fruit analysis. The proposed system addresses key challenges in agricultural computer vision, including small object detection, effective occlusion handling, and preventing overcounting issues. The PA-FPN enhances feature representation through bidirectional information flow, enabling accurate localization of fruits across multiple scales. Deep SORT provides robust tracking capabilities, utilizing motion and appearance descriptors to maintain consistent object identities across video frames, thereby minimizing counting errors. The system successfully distinguishes between ripe and unripe oranges, visualizing separate yield counts with bounding box segmentation. Experimental results demonstrate superior performance compared to existing methods, achieving 95.8% detection accuracy and 92.3% counting precision on the complex orange orchard dataset. This innovative framework offers significant practical improvements for automated yield estimation in citrus orchards, contributing directly to the advancement of smart agriculture technologies.",Scopus;OpenAlex,Q1;Q4;Q7,yes,medium,retain because of mechanism signal: object or instance perception; full-text review required,140,12,64,18,23,12,0,0,C,fruit_instance_baseline,counting or inventory; ripeness or variety attribute; fruit target; horticultural setting; fruit instance operation; instance perception; quantitative evaluation; benchmark or dataset,,priority-v1.0-title-abstract-scored-diversified,pending,pending,pending,641
180,quota:core_identity_or_inventory,372,R-5279fa6a2d8a7d79,10.1109/cvprw56347.2022.00175,Pseudo-label Generation for Agricultural Robotics Applications,2022,IEEE Computer Society Conference on Computer Vision and Pattern Recognition Workshops,"Ciarfuglia, Thomas A. (55516650300); Marian Motoi, Ionut (58069026000); Saraceni, Leonardo (57214321771); Nardi, Daniele (7006582655)","In the context of table grape cultivation there is rising interest in robotic solutions for harvesting, pruning, precision spraying and other agronomic tasks. Perception algorithms at the core of these systems require large amounts of labelled data, which in this context is often not available.In this work, we propose a semi-supervised solution to reduce the data needed to get state-of-the-art detection and segmentation of fruits in orchards. We present the case of table grape vineyards in southern Lazio (Italy) since grapes are a difficult fruit to segment due to occlusion, color and general illumination conditions. We consider the concrete scenario where the source labelled data is wine grape, while the target data is table grape, with considerable covariate shift. Starting from a simple video input, our method generates first bounding box labels, leveraging the structure from motion information, then segmentation masks, using the same weakly generated bounding box labels and a refining step based on Grabcut.This system is able to produce labels that considerably reduce the covariate shift from source to target data and that requires very limited data acquisition effort. Comparisons with State-of-the-art supervised solutions show how our methods are able to train new models that achieve high performances with few labelled images, with very simple labelling.",Scopus;OpenAlex,Q3,yes,medium,retain because of mechanism signal: operation on a named target; full-text review required,138,24,54,0,5,24,20,0,A,core_identity_or_inventory,3D reconstruction; fruit target; fruit instance operation; quantitative evaluation; prior review; transfer geometry mechanism,,priority-v1.0-title-abstract-scored-diversified,pending,pending,pending,5304
181,quota:oil_palm_direct,370,R-361c83a6f8639dc3,10.1155/acis/6263757,Optimizing an Object Detection Algorithm for Detecting Oil Palm Fruit Bunches and Their Ripeness,2025,Applied Computational Intelligence and Soft Computing,"Chotikawanid, Piyanart (56829448400); Saeleung, Pattanapong (59944051000); Pianroj, Yutthapong (35074774100); Jumrat, Saysunee (36768044700); Punvichai, Teerasak (16507462500); Muangprathub, Jirapond (55432888400)","The detection and classification of oil palm fruit bunches are critical for optimizing palm oil yield and quality. Traditional methods relying on human visual inspection are prone to errors and inconsistencies. To address these challenges, this study proposes an optimized You Only Look Once Version 7 (YOLOv7) algorithm for real‐time detection and classification of oil palm fruit bunches. By leveraging a comprehensive dataset and implementing strategic fine‐tuning techniques, we significantly improved the model’s performance. The optimized model achieved a classification accuracy of 92.55% and a mean average precision (mAP) of 95.08%, demonstrating its effectiveness in real‐world applications. The model was integrated into web application, allowing farmers and processing facilities to assess the ripeness of palm fruit in real time, thereby improving decision‐making and operational efficiency. This research highlights the potential of advanced deep learning models in agricultural applications, promising a transformative impact on the palm oil industry by ensuring consistent quality assessments and optimizing production processes.",Scopus;OpenAlex,Q4;Q6,yes,medium,retain because of mechanism signal: object or instance perception; full-text review required,138,0,46,46,23,12,0,0,B,oil_palm_direct,oil-palm target; ripeness or variety attribute; fruit target; fruit instance operation; instance perception; quantitative evaluation; benchmark or dataset,,priority-v1.0-title-abstract-scored-diversified,pending,pending,pending,557
182,quota:oil_palm_direct,376,R-7f6870377fa68ad0,10.1109/iciss59129.2023.10291928,Comparison of YOLOv8 and EfficientDet4 Algorithms in Detecting the Ripeness of Oil Palm Fruit Bunch,2023,"10th International Conference on ICT for Smart Society, ICISS 2023 - Proceeding","Priyadi, Muhammad Reza Azhar (58703889000); Suharjito (55390566600)","Despite Indonesia's leading position in palm oil processing, the inaccurate assessment of oil palm fruit maturity poses challenges in determining the optimal harvest timing and maintaining product quality. With advancements in information technology, including image processing and object detection techniques like YOLO and EfficientDet, there is potential for automated and precise identification of palm fruit maturity. To explore this, the authors conducted research to identify the most suitable algorithm for detecting the ripeness of palm oil fruit. The study utilized a dataset consisting of 8299 images with six maturity levels, employing augmentation techniques to increase image variability. Results show that YOLO V8s outperformed EfficientDet Lite 4 in terms of object detection precision, achieving higher mean average precision (mAP) scores. YOLO V8s showed a 4% improvement in mAP@50 and a 16% improvement in mAP@50-95 compared to EfficientDet Lite 4. YOLO V8s achieved a mAP of 0.978 for mAP@50 and 0.765 for mAP@50-95, surpassing EfficientDet Lite 4. However, EfficientDet Lite 4 had an advantage in terms of class accuracy and bounding box placement, as indicated by smaller box loss and cIs_ loss values. YOLO V8s also demonstrated better frames per second (FPS) performance, ranging from 10 to 15 FPS, compared to EfficientDet Lite 4.",Scopus;OpenAlex,Q4;Q6,yes,medium,retain because of mechanism signal: object or instance perception; full-text review required,138,0,46,46,23,12,0,0,B,oil_palm_direct,oil-palm target; ripeness or variety attribute; fruit target; fruit instance operation; instance perception; quantitative evaluation; benchmark or dataset,,priority-v1.0-title-abstract-scored-diversified,pending,pending,pending,366
183,quota:oil_palm_direct,378,R-8831ab527b55805f,10.1109/access.2023.3285537,Real-Time Oil Palm Fruit Grading System Using Smartphone and Modified YOLOv4,2023,IEEE Access,"Suharjito (55390566600); Asrol, Muhammad (57195960392); Utama, Ditdit Nugeraha (55016662200); Junior, Franz Adeta (58090676900); Marimin (7409682197)","The classification of the ripeness degree of oil palm fruit has attracted the attention of numerous researchers. However, there are still many challenges due to constraints in the dataset, methodologies used, and variations in the use of data categories. Detecting oil palm fruit bunches accurately is crucial, given their complex shape and characteristics, particularly when different ripeness categories are present in a pile of oil palm. Most studies utilize oil palm images or the color spectrum of oil palm fruit to classify the level of ripeness. However, these methods are not real-time and lack efficiency. This study proposes a real-time model for determining the ripeness degree of oil palm using a smartphone and video data as input, incorporating modifications to the object detection approach. The research process involves collecting videos of palm oil piles using smartphones in the grading area of the palm oil industry. The videos are then pre-processed and labelled for the object detection and classification process. A detection and classification model is developed using the YOLOv4 approach with several performance improvements, enabling implementation on smartphones. The best-performing model is tested for detecting and classifying the ripeness of fresh fruit bunches using an android-based smartphone. The testing results, based on the mAP value, demonstrate that the YOLOv4 model with 16 quantization performs 12% better than YOLOv4 Tiny. Based on the test results at the grading location, this model can efficiently detect fruit bunches that do not meet the quality standards.",Scopus;OpenAlex,Q4;Q6,yes,medium,retain because of mechanism signal: object or instance perception; full-text review required,138,0,46,46,23,12,0,0,B,oil_palm_direct,oil-palm target; ripeness or variety attribute; fruit target; fruit instance operation; instance perception; quantitative evaluation; benchmark or dataset,,priority-v1.0-title-abstract-scored-diversified,pending,pending,pending,371
184,quota:oil_palm_direct,381,R-e09ace2a8dbcaf3c,10.1109/icosci66700.2026.11447538,Detecting Ripeness of Oil Palm Fruit Using YOLO,2026,"2026 International Conference on Cognitive Systems and Computer Interaction, ICoSCI 2026 - Proceedings","Dahlan, Azlin Binti (60591059500); Jasman, Wan Azra Sofea Batrisyia Binti (60607304500); Ghazalli, Hajar Izzati Mohd (57222118110)","The detection of oil palm fresh fruit bunches (FFB) by ripeness stage is crucial to maximizing oil yield and maintaining quality in the palm oil industry. Manual grading of FFB which relies on human vision is often time-consuming, inconsistent, and prone to error, especially when performed under challenging field conditions. This research aims to detect real-time oil palm fruit ripeness using the You Only Look Once (YOLO) object detection model, evaluate its accuracy, and assess its overall performance. Both YOLOv9 and YOLO11 models were evaluated to identify the most suitable version for field deployment, as YOLO11 offers improved speed and accuracy over earlier YOLO versions. The dataset contains annotated images categorized into four classes which are unripe, underripe, ripe, and overripe from multiple sources. Model training and testing were conducted using the Ultralytics framework and Roboflow for preprocessing and augmentation. During validation, the YOLO11n model achieved a mean Average Precision (mAP50) of <tex xmlns:mml=""http://www.w3.org/1998/Math/MathML"" xmlns:xlink=""http://www.w3.org/1999/xlink"">$\mathbf{8 8 \%}$</tex> and mAP50-95 of <tex xmlns:mml=""http://www.w3.org/1998/Math/MathML"" xmlns:xlink=""http://www.w3.org/1999/xlink"">$\mathbf{6 8. 3 \%}$</tex>. In the future, aim to further improve detection accuracy and expand the dataset for greater robustness in diverse field conditions.",Scopus;OpenAlex,Q4;Q6,yes,medium,retain because of mechanism signal: object or instance perception; full-text review required,138,0,46,46,23,12,0,0,B,oil_palm_direct,oil-palm target; ripeness or variety attribute; fruit target; fruit instance operation; instance perception; quantitative evaluation; benchmark or dataset,,priority-v1.0-title-abstract-scored-diversified,pending,pending,pending,738
185,quota:core_identity_or_inventory,387,R-1ea2944fe82ff5ad,10.1109/tensymp52854.2021.9550981,Development of Virescens Fresh Fruit Bunch Ripeness Prediction using LiDAR for Smart Agriculture,2021,TENSYMP 2021 - 2021 IEEE Region 10 Symposium,"Bin Mat Seri, Abdul Dzuljalal Ikram (57302215300); Bin Mohd Kassim, Mohd Sallehin (57215314944); Binti Abdul Rahman, Siti Rahmah (57302531400); Sajak, Aznida Abu Bakar (56029277200)","Smart Agriculture is a part of Humanitarian Technology. Oil palm fruit is one of the leading agricultural product exports by Malaysia. At present, the general methods used to determine the ripeness of oil palm fresh fruit bunch are using human vision, computer vision and laser-based imaging techniques. This research aims to design and build a scanning system based on a LiDAR sensor and servo motors and obtain point cloud data from oil palm fresh fruit bunch (FFB). The proposed project consists of LiDAR Lite V3, Arduino UNO and two servo motors as its main component. LiDAR sensor is used to collect the intensity value that reflects from the Virescens oil palm FFB, and the data collected are saved in a CSV file for further analysis. The methodology used in this research is the Iterative Waterfall model. This model supports redesign if there are any improvements needed in this project, and the phase can be looped back to the previous iteration if the process faces any errors. The system proposed works successfully to produce point clouds from oil palm fresh fruit bunch, and it is found that ripe oil palm fruit has a lower mean intensity value than unripe oil palm fresh fruit bunch.",Scopus;OpenAlex,Q6,yes,medium,"retain because of mechanism signal: cross-view, association, reconstruction, or point-cloud evidence; full-text review required",137,22,30,54,0,0,20,0,A,core_identity_or_inventory,depth or point cloud; oil-palm target; ripeness or variety attribute; fruit target; transfer geometry mechanism,,priority-v1.0-title-abstract-scored-diversified,reviewed,not_found_or_restricted,exclude,17
186,quota:core_identity_or_inventory,411,R-bb27811ae0f4356f,10.3390/electronics11172677,Grape Maturity Detection and Visual Pre-Positioning Based on Improved YOLOv4,2022,Electronics (Switzerland),"Qiu, Chang (57885571900); Tian, Guangzhao (37052719800); Zhao, Jiawei (57886029600); Liu, Qin (57739490000); Xie, Shangjie (57739352900); Zheng, Kui (57886505800)","To guide grape picking robots to recognize and classify the grapes with different maturity quickly and accurately in the complex environment of the orchard, and to obtain the spatial position information of the grape clusters, an algorithm of grape maturity detection and visual pre-positioning based on improved YOLOv4 is proposed in this study. The detection algorithm uses Mobilenetv3 as the backbone feature extraction network, uses deep separable convolution instead of ordinary convolution, and uses the h-swish function instead of the swish function to reduce the number of model parameters and improve the detection speed of the model. At the same time, the SENet attention mechanism is added to the model to improve the detection accuracy, and finally the SM-YOLOv4 algorithm based on improved YOLOv4 is constructed. The experimental results of maturity detection showed that the overall average accuracy of the trained SM-YOLOv4 target detection algorithm under the verification set reached 93.52%, and the average detection time was 10.82 ms. Obtaining the spatial position of grape clusters is a grape cluster pre-positioning method based on binocular stereo vision. In the pre-positioning experiment, the maximum error was 32 mm, the mean error was 27 mm, and the mean error ratio was 3.89%. Compared with YOLOv5, YOLOv4-Tiny, Faster_R-CNN, and other target detection algorithms, which have greater advantages in accuracy and speed, have good robustness and real-time performance in the actual orchard complex environment, and can simultaneously meet the requirements of grape fruit maturity recognition accuracy and detection speed, as well as the visual pre-positioning requirements of grape picking robots in the orchard complex environment. It can reliably indicate the growth stage of grapes, so as to complete the picking of grapes at the best time, and it can guide the robot to move to the picking position, which is a prerequisite for the precise picking of grapes in the complex environment of the orchard.",Scopus;OpenAlex,Q3,yes,medium,"retain because of mechanism signal: target-specific detection, segmentation, tracking, or counting; full-text review required",137,24,64,18,0,0,20,0,A,core_identity_or_inventory,3D reconstruction; ripeness or variety attribute; fruit target; horticultural setting; fruit instance operation; transfer geometry mechanism,,priority-v1.0-title-abstract-scored-diversified,pending,pending,pending,3025
187,quota:core_identity_or_inventory,419,R-fa70a4165fea7fcb,10.1101/2022.10.24.513567,3D point cloud of normalized difference vegetation index (NDVI) of segmented fruit and leaves in apple production,2022,bioRxiv (Cold Spring Harbor Laboratory),Nikos Tsoulias; Kowshik Kumar Saha; Manuela Zude-Sasse,"Abstract A feasible method to analyse fruit at the plant considering its position, size, and maturity are requested in precise production management. The present study proposes the employment of light detection and ranging (LiDAR) to measure the position, quality-related size, and maturity-related chlorophyll of fruit. During fuit development, apples were analysed in the laboratory (n = 270) with two LiDAR laser scanners measuring at 660 and 905 nm. From the two 3D point clouds, the normalized difference vegetation index (NDVI) was calculated. The correlation analysis with chemically analysed fruit chlorophyll content showed R 2 = 0.81 and 0.02 % RMSE. The method was validated on 3D point clouds of 12 fruit trees in the orchard. Segmentation of individual apples was carried out during fruit development on five measuring dates, validated with manual rating (n = 4632). The non-invasively obtained field data showed good calibration performance capturing fruit position, fruit size, fruit NDVI of R 2 = 0.99, R 2 = 0.97, R 2 = 0.71, respectively, considering the related reference data. For 3D data of leaves, earlier shown analysis of leaf area and leaf chlorophyll by means of LiDAR was confirmed. The new approach of non-invasive laser scanning provided physiologically and agronomically valuable time series data on differences in fruit chlorophyll affected by the leaf area to fruit ratio, as well as differences of fruit chlorophyll in different growing position at the tree. Resulting, the method provides a tool for production management, e.g. crop load management, and integration in harvest robots.",OpenAlex,Q3,yes,medium,retain because of mechanism signal: operation on a named target; full-text review required,137,22,64,18,5,0,20,0,A,core_identity_or_inventory,depth or point cloud; ripeness or variety attribute; fruit target; horticultural setting; fruit instance operation; quantitative evaluation; transfer geometry mechanism,,priority-v1.0-title-abstract-scored-diversified,pending,pending,pending,796
188,quota:fruit_instance_baseline,388,R-29ac791bfa75ef93,10.1631/jzus.b2500647,Embedding of ripening topology into one-stage detection for tomato cluster phenotyping,2026,Journal of Zhejiang University SCIENCE B,Bingquan Chu; Ruiyuan Wu; Haitao Zhang; Haochuan Qin,"The automated assessment of tomato ripeness is vital for modern greenhouse operations, yet challenges remain due to variable environmental conditions. To provide a solution, we propose rank-aware You Only Look Once (YOLO), a novel detection framework that incorporates the biological prior of top-to-bottom ripening within fruit clusters. This is achieved through two key innovations: an efficient position-aware head for regressing relative height for fruits and a dynamic margin-aware ranking loss (DM-RankLoss) that enforces the correct spatial sequence. Evaluated on a 3500-image dataset from a solar greenhouse, our plug-and-play module could boost the mean average precision (mAP) at intersection over union (IoU) threshold of 0.50 (mAP 50 ) of multiple YOLO architectures by up to 5.66 pecentage points. The model effectively learns the cluster topology, achieving a height-mean absolute error (H-MAE) of 0.107 (normalized) and a pairwise ranking accuracy (PRA) of 84.59%, while it reduces the parameter count by over 10% compared to the baseline for efficient deployment. Visualizations confirm that the model leverages spatial context to resolve color ambiguities. Our work offers a sensor-free, accurate, and efficient solution for in situ phenotyping in agricultural robotics.",OpenAlex,Q7,yes,medium,retain because of mechanism signal: operation on a named target; full-text review required,137,12,64,18,23,12,0,0,C,fruit_instance_baseline,counting or inventory; ripeness or variety attribute; fruit target; horticultural setting; fruit instance operation; instance perception; quantitative evaluation; benchmark or dataset,,priority-v1.0-title-abstract-scored-diversified,pending,pending,pending,1700
189,quota:fruit_instance_baseline,389,R-2cde5578d1aafb16,10.3724/aauj.2025066,A lightweight blueberry maturity detection method based on improved YOLOv8n model,2025,ACTA AGRICULTURAE UNIVERSITATIS JIANGXIENSIS,Yunfeng Xu; J. Liu; Bai-Zhu Li; Hao YIN,<bold>Objective</bold> In complex orchard environments，blueberry fruits exhibit dense distribution，overlapping，and occlusion by leaves，which lead to issues such as slow detection speed and low recognition accuracy when using existing target detection algorithms.Therefore，this study proposes an improved YOLOv8n-based target detection algorithm for identifying the maturity of blueberries（mature，immature，and semi-mature）. <bold>Method</bold> First，the COCO2017 object detection dataset was used as the source domain，and a strawberry dataset as the auxiliary domain in a transfer learning method to train the model.After obtaining pretrained weights，the blueberry dataset was used as the target domain to further train the YOLOv8 model.Subsequently，the following three improvements were made to the YOLOv8n model.Firstly，The Universal Inverted Bottleneck（UIB）module from MobileNetv4 is introduced into the backbone，enhancing the model's detection performance while lightweighting the backbone.Secondly，the Coordinate Attention（CA）mechanism is added to improve feature extraction capabilities，effectively addressing missed and false detections caused by fruit overlap.Finally，a HetConv-based lightweight shared convolutional structure is proposed for the lightweight network detection head，enhancing the model’s ability to capture global information. <bold>Result</bold> Experimental results demonstrated that the improved model for detecting blueberry maturity outperformed other models in terms of mean average precision（mAP），precision，and recall rates，with rates of 98.46%，99.10%，and 96.96%，respectively.Compared with the original YOLOv8n model，these metrics were improved by 2.94%，2.52%，and 3.84% respectively.The model's parameter count and computational complexity decreased by 37.54% and 40.87%，respectively.Compared with other mainstream object detection models such as Faster R-CNN，YOLOv5s，and SSD，The model achieved 6.26，6.1，and 7.98 percentage points higher in average precision，while maintaining the lowest parameter count and model complexity.Furthermore，in visualization detection comparison tests conducted under complex scenarios including varying lighting conditions and overlapping occlusions，the improved model demonstrated certain advantages and high robustness. <bold>Conclusion</bold> This model achieves high recognition accuracy while occupying minimal storage space，demonstrating excellent real-time performance and robustness.It is well-suited for deploymenton embedded devices in harvestingrobots and can serve as a valuable reference for research on blueberry maturity assessment and small-target detection.,OpenAlex,Q4;Q7,yes,medium,retain because of mechanism signal: object or instance perception; full-text review required,137,12,64,18,23,12,0,0,C,fruit_instance_baseline,counting or inventory; ripeness or variety attribute; fruit target; horticultural setting; fruit instance operation; instance perception; quantitative evaluation; benchmark or dataset,,priority-v1.0-title-abstract-scored-diversified,pending,pending,pending,1470
190,quota:fruit_instance_baseline,396,R-4a9ebc9057d064e3,10.1109/tafe.2025.3615644,ADA-Net: A Lightweight Model for Apple Flower Maturity Detection in Horticultural Plant Monitoring,2025,IEEE Transactions on AgriFood Electronics,Rui Xu; Weikuan Jia; Jinqiu Yan; Xiude Chen,"In modern orchards, the pollination process of apple blossoms plays a crucial role in determining both the quality and yield of the fruit. While most current studies concentrate on identifying individual apple flowers, there is limited research on assessing the developmental stages of apple flowers in dynamic and complex orchard settings. Challenges arise due to the intricate environmental factors and subtle color changes in the anthers following the maturation of the apple flowers, which complicate accurate detection. To overcome these challenges, ADA-Net, an efficient YOLOv8n-based detection model, is proposed to evaluate the maturity stages of apple flowers. First, the adaptive downsampling network module replaces the conventional downsampling convolution, which reduces the size of the convolutional kernels and groups input feature mean average precision (maps). This modification helps reduce the model’s parameter count and computational complexity, while simultaneously improving detection of small targets. In addition, inspired by the task alignment technique of the task-aligned one-stage object detection (TOOD) model, a DAD Head is employed to separate the classification from localization tasks, thus minimizing task interference and improving overall accuracy. A custom apple flower dataset is used to test the model, and the results show detection accuracies of 80.7% for mature flowers and 82.4% for immature flowers, with a total model parameter count of just 1.8 million. These results offer important insights for advancing the development of automated pollination systems in orchards.",OpenAlex,Q4;Q7,yes,medium,retain because of mechanism signal: object or instance perception; full-text review required,137,12,64,18,23,12,0,0,C,fruit_instance_baseline,counting or inventory; ripeness or variety attribute; fruit target; horticultural setting; fruit instance operation; instance perception; quantitative evaluation; benchmark or dataset,,priority-v1.0-title-abstract-scored-diversified,pending,pending,pending,566
191,quota:fruit_instance_baseline,398,R-50a01ba9168ffc7b,10.3389/fpls.2025.1682024.s006,Image 7_Maturity detection and counting of blueberries in real orchards using a 1novel STF-YOLO model integrated with ByteTrack algorithm.png,2025,Figshare,Na Wu (240778); Jie Wu (10038); Zhechen Wang (2488672); Yun Zhao (48978),"Introduction Blueberries are highly prized for their nutritional value and economic importance. However, their small size, dense clustering, and brief ripening period make them difficult to harvest efficiently. Manual picking is costly and error-prone, so there is an urgent need for automated, high-precision solutions in real orchards. Methods We proposed an integrated framework that combined the STF-YOLO model with the ByteTrack algorithm to detect blueberry maturity and perform counting. Together with ByteTrack, it provided consistent fruit counts in video streams. STF-YOLO replaced the YOLOv8 C2f block with a Detail Situational Awareness Attention (DSAA) module to enable more precise discrimination of maturity. It also incorporated an Adaptive Edge Fusion (AEF) neck to enhance edge cues under leaf occlusion and a Multi-scale Neck Structure (MNS) to aggregate richer context. Additionally, it adopted a Shared Differential Convolution Head (SDCH) to reduce parameters while preserving accuracy. Results On our orchard dataset, the model achieved an mAP50 of 79.7%, representing a 3.5% improvement over YOLOv8. When combined with ByteTrack, it attained an average counting accuracy of 72.49% across blue, purple, and green maturity classes in video sequences. Cross-dataset tests further confirmed its robustness. On the MegaFruit benchmark (close-range images), STF-YOLO achieved the highest mAP50 for peaches (91.6%), strawberries (70.5%), and blueberries (90.6%). On the heterogeneous PASCAL VOC2007 dataset, it achieved 66.3% mAP50, outperforming all lightweight YOLO variants across 20 everyday object categories. Discussion Overall, these results suggest that the STF-YOLO integrated with the ByteTrack framework can accurately detect and count blueberries in orchards. This lays a solid foundation for the future development of automated blueberry harvesting machinery and improvements in harvest efficiency.",OpenAlex,Q1;Q7,yes,medium,retain because of mechanism signal: broad visual target-operation evidence; full-text review required,137,12,64,18,23,12,0,0,C,fruit_instance_baseline,counting or inventory; ripeness or variety attribute; fruit target; horticultural setting; fruit instance operation; instance perception; quantitative evaluation; benchmark or dataset,,priority-v1.0-title-abstract-scored-diversified,pending,pending,pending,1497
192,quota:fruit_instance_baseline,401,R-7e8aa8df27acbf6f,10.3389/fpls.2025.1682024.s002,Image 11_Maturity detection and counting of blueberries in real orchards using a 1novel STF-YOLO model integrated with ByteTrack algorithm.png,2025,Figshare,Na Wu (240778); Jie Wu (10038); Zhechen Wang (2488672); Yun Zhao (48978),"Introduction Blueberries are highly prized for their nutritional value and economic importance. However, their small size, dense clustering, and brief ripening period make them difficult to harvest efficiently. Manual picking is costly and error-prone, so there is an urgent need for automated, high-precision solutions in real orchards. Methods We proposed an integrated framework that combined the STF-YOLO model with the ByteTrack algorithm to detect blueberry maturity and perform counting. Together with ByteTrack, it provided consistent fruit counts in video streams. STF-YOLO replaced the YOLOv8 C2f block with a Detail Situational Awareness Attention (DSAA) module to enable more precise discrimination of maturity. It also incorporated an Adaptive Edge Fusion (AEF) neck to enhance edge cues under leaf occlusion and a Multi-scale Neck Structure (MNS) to aggregate richer context. Additionally, it adopted a Shared Differential Convolution Head (SDCH) to reduce parameters while preserving accuracy. Results On our orchard dataset, the model achieved an mAP50 of 79.7%, representing a 3.5% improvement over YOLOv8. When combined with ByteTrack, it attained an average counting accuracy of 72.49% across blue, purple, and green maturity classes in video sequences. Cross-dataset tests further confirmed its robustness. On the MegaFruit benchmark (close-range images), STF-YOLO achieved the highest mAP50 for peaches (91.6%), strawberries (70.5%), and blueberries (90.6%). On the heterogeneous PASCAL VOC2007 dataset, it achieved 66.3% mAP50, outperforming all lightweight YOLO variants across 20 everyday object categories. Discussion Overall, these results suggest that the STF-YOLO integrated with the ByteTrack framework can accurately detect and count blueberries in orchards. This lays a solid foundation for the future development of automated blueberry harvesting machinery and improvements in harvest efficiency.",OpenAlex,Q1;Q7,yes,medium,retain because of mechanism signal: broad visual target-operation evidence; full-text review required,137,12,64,18,23,12,0,0,C,fruit_instance_baseline,counting or inventory; ripeness or variety attribute; fruit target; horticultural setting; fruit instance operation; instance perception; quantitative evaluation; benchmark or dataset,,priority-v1.0-title-abstract-scored-diversified,pending,pending,pending,1535
193,quota:fruit_instance_baseline,402,R-805ba6cd3d4d066b,10.3389/fpls.2025.1682024.s009,Image 4_Maturity detection and counting of blueberries in real orchards using a 1novel STF-YOLO model integrated with ByteTrack algorithm.jpeg,2025,Figshare,Na Wu (240778); Jie Wu (10038); Zhechen Wang (2488672); Yun Zhao (48978),"Introduction Blueberries are highly prized for their nutritional value and economic importance. However, their small size, dense clustering, and brief ripening period make them difficult to harvest efficiently. Manual picking is costly and error-prone, so there is an urgent need for automated, high-precision solutions in real orchards. Methods We proposed an integrated framework that combined the STF-YOLO model with the ByteTrack algorithm to detect blueberry maturity and perform counting. Together with ByteTrack, it provided consistent fruit counts in video streams. STF-YOLO replaced the YOLOv8 C2f block with a Detail Situational Awareness Attention (DSAA) module to enable more precise discrimination of maturity. It also incorporated an Adaptive Edge Fusion (AEF) neck to enhance edge cues under leaf occlusion and a Multi-scale Neck Structure (MNS) to aggregate richer context. Additionally, it adopted a Shared Differential Convolution Head (SDCH) to reduce parameters while preserving accuracy. Results On our orchard dataset, the model achieved an mAP50 of 79.7%, representing a 3.5% improvement over YOLOv8. When combined with ByteTrack, it attained an average counting accuracy of 72.49% across blue, purple, and green maturity classes in video sequences. Cross-dataset tests further confirmed its robustness. On the MegaFruit benchmark (close-range images), STF-YOLO achieved the highest mAP50 for peaches (91.6%), strawberries (70.5%), and blueberries (90.6%). On the heterogeneous PASCAL VOC2007 dataset, it achieved 66.3% mAP50, outperforming all lightweight YOLO variants across 20 everyday object categories. Discussion Overall, these results suggest that the STF-YOLO integrated with the ByteTrack framework can accurately detect and count blueberries in orchards. This lays a solid foundation for the future development of automated blueberry harvesting machinery and improvements in harvest efficiency.",OpenAlex,Q1;Q7,yes,medium,retain because of mechanism signal: broad visual target-operation evidence; full-text review required,137,12,64,18,23,12,0,0,C,fruit_instance_baseline,counting or inventory; ripeness or variety attribute; fruit target; horticultural setting; fruit instance operation; instance perception; quantitative evaluation; benchmark or dataset,,priority-v1.0-title-abstract-scored-diversified,pending,pending,pending,1538
194,quota:fruit_instance_baseline,404,R-871acdca8286dfd5,10.3389/fpls.2025.1682024.s005,Image 8_Maturity detection and counting of blueberries in real orchards using a 1novel STF-YOLO model integrated with ByteTrack algorithm.png,2025,Figshare,Na Wu (240778); Jie Wu (10038); Zhechen Wang (2488672); Yun Zhao (48978),"Introduction Blueberries are highly prized for their nutritional value and economic importance. However, their small size, dense clustering, and brief ripening period make them difficult to harvest efficiently. Manual picking is costly and error-prone, so there is an urgent need for automated, high-precision solutions in real orchards. Methods We proposed an integrated framework that combined the STF-YOLO model with the ByteTrack algorithm to detect blueberry maturity and perform counting. Together with ByteTrack, it provided consistent fruit counts in video streams. STF-YOLO replaced the YOLOv8 C2f block with a Detail Situational Awareness Attention (DSAA) module to enable more precise discrimination of maturity. It also incorporated an Adaptive Edge Fusion (AEF) neck to enhance edge cues under leaf occlusion and a Multi-scale Neck Structure (MNS) to aggregate richer context. Additionally, it adopted a Shared Differential Convolution Head (SDCH) to reduce parameters while preserving accuracy. Results On our orchard dataset, the model achieved an mAP50 of 79.7%, representing a 3.5% improvement over YOLOv8. When combined with ByteTrack, it attained an average counting accuracy of 72.49% across blue, purple, and green maturity classes in video sequences. Cross-dataset tests further confirmed its robustness. On the MegaFruit benchmark (close-range images), STF-YOLO achieved the highest mAP50 for peaches (91.6%), strawberries (70.5%), and blueberries (90.6%). On the heterogeneous PASCAL VOC2007 dataset, it achieved 66.3% mAP50, outperforming all lightweight YOLO variants across 20 everyday object categories. Discussion Overall, these results suggest that the STF-YOLO integrated with the ByteTrack framework can accurately detect and count blueberries in orchards. This lays a solid foundation for the future development of automated blueberry harvesting machinery and improvements in harvest efficiency.",OpenAlex,Q1;Q7,yes,medium,retain because of mechanism signal: broad visual target-operation evidence; full-text review required,137,12,64,18,23,12,0,0,C,fruit_instance_baseline,counting or inventory; ripeness or variety attribute; fruit target; horticultural setting; fruit instance operation; instance perception; quantitative evaluation; benchmark or dataset,,priority-v1.0-title-abstract-scored-diversified,pending,pending,pending,1541
195,quota:fruit_instance_baseline,405,R-88488fdb029c1430,10.3389/fpls.2025.1682024.s012,Image 1_Maturity detection and counting of blueberries in real orchards using a 1novel STF-YOLO model integrated with ByteTrack algorithm.jpeg,2025,Figshare,Na Wu (240778); Jie Wu (10038); Zhechen Wang (2488672); Yun Zhao (48978),"Introduction Blueberries are highly prized for their nutritional value and economic importance. However, their small size, dense clustering, and brief ripening period make them difficult to harvest efficiently. Manual picking is costly and error-prone, so there is an urgent need for automated, high-precision solutions in real orchards. Methods We proposed an integrated framework that combined the STF-YOLO model with the ByteTrack algorithm to detect blueberry maturity and perform counting. Together with ByteTrack, it provided consistent fruit counts in video streams. STF-YOLO replaced the YOLOv8 C2f block with a Detail Situational Awareness Attention (DSAA) module to enable more precise discrimination of maturity. It also incorporated an Adaptive Edge Fusion (AEF) neck to enhance edge cues under leaf occlusion and a Multi-scale Neck Structure (MNS) to aggregate richer context. Additionally, it adopted a Shared Differential Convolution Head (SDCH) to reduce parameters while preserving accuracy. Results On our orchard dataset, the model achieved an mAP50 of 79.7%, representing a 3.5% improvement over YOLOv8. When combined with ByteTrack, it attained an average counting accuracy of 72.49% across blue, purple, and green maturity classes in video sequences. Cross-dataset tests further confirmed its robustness. On the MegaFruit benchmark (close-range images), STF-YOLO achieved the highest mAP50 for peaches (91.6%), strawberries (70.5%), and blueberries (90.6%). On the heterogeneous PASCAL VOC2007 dataset, it achieved 66.3% mAP50, outperforming all lightweight YOLO variants across 20 everyday object categories. Discussion Overall, these results suggest that the STF-YOLO integrated with the ByteTrack framework can accurately detect and count blueberries in orchards. This lays a solid foundation for the future development of automated blueberry harvesting machinery and improvements in harvest efficiency.",OpenAlex,Q1;Q7,yes,medium,retain because of mechanism signal: broad visual target-operation evidence; full-text review required,137,12,64,18,23,12,0,0,C,fruit_instance_baseline,counting or inventory; ripeness or variety attribute; fruit target; horticultural setting; fruit instance operation; instance perception; quantitative evaluation; benchmark or dataset,,priority-v1.0-title-abstract-scored-diversified,pending,pending,pending,1542
196,quota:fruit_instance_baseline,406,R-8f91b887893a443e,10.3389/fpls.2025.1682024.s004,Image 9_Maturity detection and counting of blueberries in real orchards using a 1novel STF-YOLO model integrated with ByteTrack algorithm.png,2025,Figshare,Na Wu (240778); Jie Wu (10038); Zhechen Wang (2488672); Yun Zhao (48978),"Introduction Blueberries are highly prized for their nutritional value and economic importance. However, their small size, dense clustering, and brief ripening period make them difficult to harvest efficiently. Manual picking is costly and error-prone, so there is an urgent need for automated, high-precision solutions in real orchards. Methods We proposed an integrated framework that combined the STF-YOLO model with the ByteTrack algorithm to detect blueberry maturity and perform counting. Together with ByteTrack, it provided consistent fruit counts in video streams. STF-YOLO replaced the YOLOv8 C2f block with a Detail Situational Awareness Attention (DSAA) module to enable more precise discrimination of maturity. It also incorporated an Adaptive Edge Fusion (AEF) neck to enhance edge cues under leaf occlusion and a Multi-scale Neck Structure (MNS) to aggregate richer context. Additionally, it adopted a Shared Differential Convolution Head (SDCH) to reduce parameters while preserving accuracy. Results On our orchard dataset, the model achieved an mAP50 of 79.7%, representing a 3.5% improvement over YOLOv8. When combined with ByteTrack, it attained an average counting accuracy of 72.49% across blue, purple, and green maturity classes in video sequences. Cross-dataset tests further confirmed its robustness. On the MegaFruit benchmark (close-range images), STF-YOLO achieved the highest mAP50 for peaches (91.6%), strawberries (70.5%), and blueberries (90.6%). On the heterogeneous PASCAL VOC2007 dataset, it achieved 66.3% mAP50, outperforming all lightweight YOLO variants across 20 everyday object categories. Discussion Overall, these results suggest that the STF-YOLO integrated with the ByteTrack framework can accurately detect and count blueberries in orchards. This lays a solid foundation for the future development of automated blueberry harvesting machinery and improvements in harvest efficiency.",OpenAlex,Q1;Q7,yes,medium,retain because of mechanism signal: broad visual target-operation evidence; full-text review required,137,12,64,18,23,12,0,0,C,fruit_instance_baseline,counting or inventory; ripeness or variety attribute; fruit target; horticultural setting; fruit instance operation; instance perception; quantitative evaluation; benchmark or dataset,,priority-v1.0-title-abstract-scored-diversified,pending,pending,pending,1546
197,quota:fruit_instance_baseline,407,R-962f2190e8300f88,10.3389/fpls.2025.1682024.s001,Image 12_Maturity detection and counting of blueberries in real orchards using a 1novel STF-YOLO model integrated with ByteTrack algorithm.jpeg,2025,Figshare,Na Wu (240778); Jie Wu (10038); Zhechen Wang (2488672); Yun Zhao (48978),"Introduction Blueberries are highly prized for their nutritional value and economic importance. However, their small size, dense clustering, and brief ripening period make them difficult to harvest efficiently. Manual picking is costly and error-prone, so there is an urgent need for automated, high-precision solutions in real orchards. Methods We proposed an integrated framework that combined the STF-YOLO model with the ByteTrack algorithm to detect blueberry maturity and perform counting. Together with ByteTrack, it provided consistent fruit counts in video streams. STF-YOLO replaced the YOLOv8 C2f block with a Detail Situational Awareness Attention (DSAA) module to enable more precise discrimination of maturity. It also incorporated an Adaptive Edge Fusion (AEF) neck to enhance edge cues under leaf occlusion and a Multi-scale Neck Structure (MNS) to aggregate richer context. Additionally, it adopted a Shared Differential Convolution Head (SDCH) to reduce parameters while preserving accuracy. Results On our orchard dataset, the model achieved an mAP50 of 79.7%, representing a 3.5% improvement over YOLOv8. When combined with ByteTrack, it attained an average counting accuracy of 72.49% across blue, purple, and green maturity classes in video sequences. Cross-dataset tests further confirmed its robustness. On the MegaFruit benchmark (close-range images), STF-YOLO achieved the highest mAP50 for peaches (91.6%), strawberries (70.5%), and blueberries (90.6%). On the heterogeneous PASCAL VOC2007 dataset, it achieved 66.3% mAP50, outperforming all lightweight YOLO variants across 20 everyday object categories. Discussion Overall, these results suggest that the STF-YOLO integrated with the ByteTrack framework can accurately detect and count blueberries in orchards. This lays a solid foundation for the future development of automated blueberry harvesting machinery and improvements in harvest efficiency.",OpenAlex,Q1;Q7,yes,medium,retain because of mechanism signal: broad visual target-operation evidence; full-text review required,137,12,64,18,23,12,0,0,C,fruit_instance_baseline,counting or inventory; ripeness or variety attribute; fruit target; horticultural setting; fruit instance operation; instance perception; quantitative evaluation; benchmark or dataset,,priority-v1.0-title-abstract-scored-diversified,pending,pending,pending,1555
198,quota:fruit_instance_baseline,410,R-b7ed5705bf51eed5,10.3389/fpls.2025.1682024.s008,Image 5_Maturity detection and counting of blueberries in real orchards using a 1novel STF-YOLO model integrated with ByteTrack algorithm.jpeg,2025,Figshare,Na Wu (240778); Jie Wu (10038); Zhechen Wang (2488672); Yun Zhao (48978),"Introduction Blueberries are highly prized for their nutritional value and economic importance. However, their small size, dense clustering, and brief ripening period make them difficult to harvest efficiently. Manual picking is costly and error-prone, so there is an urgent need for automated, high-precision solutions in real orchards. Methods We proposed an integrated framework that combined the STF-YOLO model with the ByteTrack algorithm to detect blueberry maturity and perform counting. Together with ByteTrack, it provided consistent fruit counts in video streams. STF-YOLO replaced the YOLOv8 C2f block with a Detail Situational Awareness Attention (DSAA) module to enable more precise discrimination of maturity. It also incorporated an Adaptive Edge Fusion (AEF) neck to enhance edge cues under leaf occlusion and a Multi-scale Neck Structure (MNS) to aggregate richer context. Additionally, it adopted a Shared Differential Convolution Head (SDCH) to reduce parameters while preserving accuracy. Results On our orchard dataset, the model achieved an mAP50 of 79.7%, representing a 3.5% improvement over YOLOv8. When combined with ByteTrack, it attained an average counting accuracy of 72.49% across blue, purple, and green maturity classes in video sequences. Cross-dataset tests further confirmed its robustness. On the MegaFruit benchmark (close-range images), STF-YOLO achieved the highest mAP50 for peaches (91.6%), strawberries (70.5%), and blueberries (90.6%). On the heterogeneous PASCAL VOC2007 dataset, it achieved 66.3% mAP50, outperforming all lightweight YOLO variants across 20 everyday object categories. Discussion Overall, these results suggest that the STF-YOLO integrated with the ByteTrack framework can accurately detect and count blueberries in orchards. This lays a solid foundation for the future development of automated blueberry harvesting machinery and improvements in harvest efficiency.",OpenAlex,Q1;Q7,yes,medium,retain because of mechanism signal: broad visual target-operation evidence; full-text review required,137,12,64,18,23,12,0,0,C,fruit_instance_baseline,counting or inventory; ripeness or variety attribute; fruit target; horticultural setting; fruit instance operation; instance perception; quantitative evaluation; benchmark or dataset,,priority-v1.0-title-abstract-scored-diversified,pending,pending,pending,1584
199,quota:fruit_instance_baseline,413,R-ce6969d387b32571,10.3389/fpls.2025.1682024.s010,Image 3_Maturity detection and counting of blueberries in real orchards using a 1novel STF-YOLO model integrated with ByteTrack algorithm.jpeg,2025,Figshare,Na Wu (240778); Jie Wu (10038); Zhechen Wang (2488672); Yun Zhao (48978),"Introduction Blueberries are highly prized for their nutritional value and economic importance. However, their small size, dense clustering, and brief ripening period make them difficult to harvest efficiently. Manual picking is costly and error-prone, so there is an urgent need for automated, high-precision solutions in real orchards. Methods We proposed an integrated framework that combined the STF-YOLO model with the ByteTrack algorithm to detect blueberry maturity and perform counting. Together with ByteTrack, it provided consistent fruit counts in video streams. STF-YOLO replaced the YOLOv8 C2f block with a Detail Situational Awareness Attention (DSAA) module to enable more precise discrimination of maturity. It also incorporated an Adaptive Edge Fusion (AEF) neck to enhance edge cues under leaf occlusion and a Multi-scale Neck Structure (MNS) to aggregate richer context. Additionally, it adopted a Shared Differential Convolution Head (SDCH) to reduce parameters while preserving accuracy. Results On our orchard dataset, the model achieved an mAP50 of 79.7%, representing a 3.5% improvement over YOLOv8. When combined with ByteTrack, it attained an average counting accuracy of 72.49% across blue, purple, and green maturity classes in video sequences. Cross-dataset tests further confirmed its robustness. On the MegaFruit benchmark (close-range images), STF-YOLO achieved the highest mAP50 for peaches (91.6%), strawberries (70.5%), and blueberries (90.6%). On the heterogeneous PASCAL VOC2007 dataset, it achieved 66.3% mAP50, outperforming all lightweight YOLO variants across 20 everyday object categories. Discussion Overall, these results suggest that the STF-YOLO integrated with the ByteTrack framework can accurately detect and count blueberries in orchards. This lays a solid foundation for the future development of automated blueberry harvesting machinery and improvements in harvest efficiency.",OpenAlex,Q1;Q7,yes,medium,retain because of mechanism signal: broad visual target-operation evidence; full-text review required,137,12,64,18,23,12,0,0,C,fruit_instance_baseline,counting or inventory; ripeness or variety attribute; fruit target; horticultural setting; fruit instance operation; instance perception; quantitative evaluation; benchmark or dataset,,priority-v1.0-title-abstract-scored-diversified,pending,pending,pending,1598
200,quota:fruit_instance_baseline,414,R-d33cce0acc7d15e4,10.3389/fpls.2025.1682024.s011,Image 2_Maturity detection and counting of blueberries in real orchards using a 1novel STF-YOLO model integrated with ByteTrack algorithm.jpeg,2025,Figshare,Na Wu (240778); Jie Wu (10038); Zhechen Wang (2488672); Yun Zhao (48978),"Introduction Blueberries are highly prized for their nutritional value and economic importance. However, their small size, dense clustering, and brief ripening period make them difficult to harvest efficiently. Manual picking is costly and error-prone, so there is an urgent need for automated, high-precision solutions in real orchards. Methods We proposed an integrated framework that combined the STF-YOLO model with the ByteTrack algorithm to detect blueberry maturity and perform counting. Together with ByteTrack, it provided consistent fruit counts in video streams. STF-YOLO replaced the YOLOv8 C2f block with a Detail Situational Awareness Attention (DSAA) module to enable more precise discrimination of maturity. It also incorporated an Adaptive Edge Fusion (AEF) neck to enhance edge cues under leaf occlusion and a Multi-scale Neck Structure (MNS) to aggregate richer context. Additionally, it adopted a Shared Differential Convolution Head (SDCH) to reduce parameters while preserving accuracy. Results On our orchard dataset, the model achieved an mAP50 of 79.7%, representing a 3.5% improvement over YOLOv8. When combined with ByteTrack, it attained an average counting accuracy of 72.49% across blue, purple, and green maturity classes in video sequences. Cross-dataset tests further confirmed its robustness. On the MegaFruit benchmark (close-range images), STF-YOLO achieved the highest mAP50 for peaches (91.6%), strawberries (70.5%), and blueberries (90.6%). On the heterogeneous PASCAL VOC2007 dataset, it achieved 66.3% mAP50, outperforming all lightweight YOLO variants across 20 everyday object categories. Discussion Overall, these results suggest that the STF-YOLO integrated with the ByteTrack framework can accurately detect and count blueberries in orchards. This lays a solid foundation for the future development of automated blueberry harvesting machinery and improvements in harvest efficiency.",OpenAlex,Q1;Q7,yes,medium,retain because of mechanism signal: broad visual target-operation evidence; full-text review required,137,12,64,18,23,12,0,0,C,fruit_instance_baseline,counting or inventory; ripeness or variety attribute; fruit target; horticultural setting; fruit instance operation; instance perception; quantitative evaluation; benchmark or dataset,,priority-v1.0-title-abstract-scored-diversified,pending,pending,pending,1608
201,quota:fruit_instance_baseline,416,R-f292274f1ca63e5f,10.3389/fpls.2025.1682024.s007,Image 6_Maturity detection and counting of blueberries in real orchards using a 1novel STF-YOLO model integrated with ByteTrack algorithm.jpeg,2025,Figshare,Na Wu (240778); Jie Wu (10038); Zhechen Wang (2488672); Yun Zhao (48978),"Introduction Blueberries are highly prized for their nutritional value and economic importance. However, their small size, dense clustering, and brief ripening period make them difficult to harvest efficiently. Manual picking is costly and error-prone, so there is an urgent need for automated, high-precision solutions in real orchards. Methods We proposed an integrated framework that combined the STF-YOLO model with the ByteTrack algorithm to detect blueberry maturity and perform counting. Together with ByteTrack, it provided consistent fruit counts in video streams. STF-YOLO replaced the YOLOv8 C2f block with a Detail Situational Awareness Attention (DSAA) module to enable more precise discrimination of maturity. It also incorporated an Adaptive Edge Fusion (AEF) neck to enhance edge cues under leaf occlusion and a Multi-scale Neck Structure (MNS) to aggregate richer context. Additionally, it adopted a Shared Differential Convolution Head (SDCH) to reduce parameters while preserving accuracy. Results On our orchard dataset, the model achieved an mAP50 of 79.7%, representing a 3.5% improvement over YOLOv8. When combined with ByteTrack, it attained an average counting accuracy of 72.49% across blue, purple, and green maturity classes in video sequences. Cross-dataset tests further confirmed its robustness. On the MegaFruit benchmark (close-range images), STF-YOLO achieved the highest mAP50 for peaches (91.6%), strawberries (70.5%), and blueberries (90.6%). On the heterogeneous PASCAL VOC2007 dataset, it achieved 66.3% mAP50, outperforming all lightweight YOLO variants across 20 everyday object categories. Discussion Overall, these results suggest that the STF-YOLO integrated with the ByteTrack framework can accurately detect and count blueberries in orchards. This lays a solid foundation for the future development of automated blueberry harvesting machinery and improvements in harvest efficiency.",OpenAlex,Q1;Q7,yes,medium,retain because of mechanism signal: broad visual target-operation evidence; full-text review required,137,12,64,18,23,12,0,0,C,fruit_instance_baseline,counting or inventory; ripeness or variety attribute; fruit target; horticultural setting; fruit instance operation; instance perception; quantitative evaluation; benchmark or dataset,,priority-v1.0-title-abstract-scored-diversified,pending,pending,pending,1635
202,quota:fruit_instance_baseline,418,R-f808eef4ea3c3836,10.3389/fpls.2025.1682024.s003,Image 10_Maturity detection and counting of blueberries in real orchards using a 1novel STF-YOLO model integrated with ByteTrack algorithm.png,2025,Figshare,Na Wu (240778); Jie Wu (10038); Zhechen Wang (2488672); Yun Zhao (48978),"Introduction Blueberries are highly prized for their nutritional value and economic importance. However, their small size, dense clustering, and brief ripening period make them difficult to harvest efficiently. Manual picking is costly and error-prone, so there is an urgent need for automated, high-precision solutions in real orchards. Methods We proposed an integrated framework that combined the STF-YOLO model with the ByteTrack algorithm to detect blueberry maturity and perform counting. Together with ByteTrack, it provided consistent fruit counts in video streams. STF-YOLO replaced the YOLOv8 C2f block with a Detail Situational Awareness Attention (DSAA) module to enable more precise discrimination of maturity. It also incorporated an Adaptive Edge Fusion (AEF) neck to enhance edge cues under leaf occlusion and a Multi-scale Neck Structure (MNS) to aggregate richer context. Additionally, it adopted a Shared Differential Convolution Head (SDCH) to reduce parameters while preserving accuracy. Results On our orchard dataset, the model achieved an mAP50 of 79.7%, representing a 3.5% improvement over YOLOv8. When combined with ByteTrack, it attained an average counting accuracy of 72.49% across blue, purple, and green maturity classes in video sequences. Cross-dataset tests further confirmed its robustness. On the MegaFruit benchmark (close-range images), STF-YOLO achieved the highest mAP50 for peaches (91.6%), strawberries (70.5%), and blueberries (90.6%). On the heterogeneous PASCAL VOC2007 dataset, it achieved 66.3% mAP50, outperforming all lightweight YOLO variants across 20 everyday object categories. Discussion Overall, these results suggest that the STF-YOLO integrated with the ByteTrack framework can accurately detect and count blueberries in orchards. This lays a solid foundation for the future development of automated blueberry harvesting machinery and improvements in harvest efficiency.",OpenAlex,Q1;Q7,yes,medium,retain because of mechanism signal: broad visual target-operation evidence; full-text review required,137,12,64,18,23,12,0,0,C,fruit_instance_baseline,counting or inventory; ripeness or variety attribute; fruit target; horticultural setting; fruit instance operation; instance perception; quantitative evaluation; benchmark or dataset,,priority-v1.0-title-abstract-scored-diversified,pending,pending,pending,1641
203,quota:core_identity_or_inventory,420,M-4ca673be4d7e755c,10.25165/j.ijabe.20211405.6258,Rapid estimation of apple phenotypic parameters based on 3d reconstruction,2021,International Journal of Agricultural and Biological Engineering,"Ma, Hao (55511680600); Zhu, Xu (57311364700); Ji, Jiangtao (55186200600); Wang, Hui (57189270543); Jin, Xin (56909205300); Zhao, Kaixuan (57202822252)","In order to obtain the phenotypic parameters of apple quickly and accurately, which were commonly used as the basis of fruit sorting, a fast estimation method of apple phenotypic parameters based on three-dimensional (3D) reconstruction was proposed in this study. In this study, a three-dimensional model was constructed to estimate the phenotypic parameters of apple, such as volume, height, diameter, and fruit shape index. Firstly, an image acquisition system was built to capture sequence images of fruit with a binocular stereo vision system, and the images were extracted and matched using the Accelerated-KAZE algorithm to create the point cloud data. Secondly, the point cloud data were matched with the algorithm of Iterative Closest Point to establish a whole model of apple, and the surface reconstruction model of fruit was obtained by constructing irregular triangulation network. Finally, the apple phenotypic parameters were calculated by means of segmentation, surface complement and integral of the fruit model. Total of 200 apples were used as samples in the experiment. By this method, the phenotypic parameters of the apples were estimated based on their 3D reconstruction model, and the linear regression analysis was carried out between the estimated values and the real values. The results showed that R2 of the linear regression fitting of each parameter was higher than 0.90. Among them, the fitting of volume was the best with R2 of 0.97. In addition, the average errors of apple volume, height, fruit shape index, maximum diameter D and minimum diameter d were 8.73 cm3, 1.43 mm, 1.28%, 0.90 mm, and 1.23 mm, respectively. According to the Chinese national standard of “fresh Apple”, the average error of the estimated result is within the range of allowable error. It indicates that the method of apple phenotypic parameter estimation based on 3D reconstruction has a high accuracy and practicability, and it can be used as the support for fruit sorting. Keywords: apple, 3D reconstruction, phenotypic parameter, stereo vision system, sequence image, sorting DOI: 10.25165/j.ijabe.20211405.6258 Citation: Ma H, Zhu X, Ji J T, Wang H, Jin X, Zhao K X. Rapid estimation of apple phenotypic parameters based on 3D reconstruction. Int J Agric & Biol Eng, 2021; 14(5): 180–188.",Scopus;OpenAlex,Q3,yes,medium,retain because of mechanism signal: operation on a named target; full-text review required,136,46,54,0,5,0,20,0,A,core_identity_or_inventory,3D reconstruction; depth or point cloud; fruit target; fruit instance operation; quantitative evaluation; transfer geometry mechanism,,priority-v1.0-title-abstract-scored-diversified,pending,pending,pending,1929
204,quota:core_identity_or_inventory,429,R-482bf704d7d62994,10.3390/agronomy15020413,Research on Apple Recognition and Localization Method Based on Deep Learning,2025,Agronomy,"Zhao, Zhipeng (59654114300); Yin, Chengkai (58363960600); Guo, Ziliang (58452905300); Zhang, Jian (57951530500); Chen, Qing (55875174500); Gu, Ziyuan (59654921800)","The development of robotic systems for apple picking is indeed a crucial advancement in agricultural technology, particularly in light of the ongoing labor shortages and the continuous evolution of automation technologies. Currently, during apple picking in complex environments, it is difficult to classify and identify the growth pattern of an apple and obtain information on its attitude synchronously. In this paper, through the integration of deep learning and stereo vision technology, the growth pattern and attitude of apples in the natural environment are identified, and three-dimensional spatial positioning is realized. This study proposes a fusion recognition method based on improved YOLOv7 for apple growth morphology classification and fruit position. Firstly, the multi-scale feature fusion network is improved by adding a 160 × 160 feature scale layer in the backbone network, which is used to enhance the model’s sensitivity in the recognition of very small local features. Secondly, the CBAM attention mechanism is introduced to improve the network’s attention to the target region of interest of the input image. Finally, the Soft-NMS algorithm is adopted, which can effectively prevent high-density overlapping targets from being suppressed at one time and thus prevent the occurrence of missed detection. In addition, the UNet segmentation network and the minimum outer circle and rectangle features are combined to obtain the unobstructed apple position. A depth image of the apple is obtained using an RGB-D camera, and the 3D coordinates of the apple picking point are obtained by combining the 2D coordinates in the RGB image with the depth value. The experimental results show that the recognition accuracy, recall and average recognition precision of the improved YOLOv7 are 86.9%, 80.5% and 87.1%, respectively, which are 4.2, 2.2 and 3.7 percentage points higher compared to the original YOLOv7 model; in addition, the average angular error of the apple position detection method is 3.964°, with an accuracy of 94%, and the error in the three-dimensional coordinate positioning of the apple is within the range of 0.01 mm–1.53 mm, which can meet the demands of apple-picking system operation. The deep-learning-based stereo vision system constructed herein for apple picking robots can effectively identify and locate apples and meet the vision system requirements for the automated picking task performed by an apple-picking robot, with a view to laying the foundation for lossless and efficient apple picking.",Scopus;OpenAlex,Q3,yes,medium,"retain because of mechanism signal: target-specific detection, segmentation, tracking, or counting; full-text review required",136,46,54,0,5,0,20,0,A,core_identity_or_inventory,3D reconstruction; depth or point cloud; fruit target; fruit instance operation; quantitative evaluation; transfer geometry mechanism,,priority-v1.0-title-abstract-scored-diversified,pending,pending,pending,3578
205,quota:core_identity_or_inventory,441,R-fbe9dd0bddbc87f5,10.1109/icvr57957.2023.10169303,Research on Crop Fruit Segmentation Method Based on Point Cloud,2023,"2023 9th International Conference on Virtual Reality, ICVR 2023","Wang, Ruiping (58603321200); Yang, Danni (58515864300); Ma, Yuan (57217164992); Liu, Dongfeng (58266123200); Wang, Xin (57192628876); Yang, Huijun (35174104200)","The precise segmentation of point cloud is the basic work of 3D reconstruction, which has important value in scene understanding fields such as unmanned driving, crop phenotype measurement, fruit grading, picking robots and postharvest sorting. At present, there are many effective remedies to improve the speed and accuracy of segmentation on simple scenes. However, due to the complexity of real-world and agricultural environment and the limitations of 3D acquisition devices, it is still challenging to efficiently segment the target object from the chaotic real background. In this paper, we provide a comprehensive review of point cloud segmentation techniques, and classify point cloud segmentation methods based on different mathematical principles to provide insight to inspire further research. To address the problem that point cloud segmentation algorithms are difficult to evaluate, a quantitative evaluation scheme is proposed by combining segmentation precision, recall and F-score. Finally, we analyze the advantages and disadvantages of algorithms for application in the agricultural field through fruit point cloud segmentation experiments. At the same time, potential future research directions is inspired in this rapidly developing field.",Scopus;OpenAlex,Q3,yes,medium,"retain because of mechanism signal: target-specific detection, segmentation, tracking, or counting; full-text review required",136,46,30,0,5,24,20,0,A,core_identity_or_inventory,3D reconstruction; depth or point cloud; fruit target; quantitative evaluation; prior review; transfer geometry mechanism,,priority-v1.0-title-abstract-scored-diversified,pending,pending,pending,3260
206,quota:oil_palm_direct,430,R-6269a140f3c297e2,10.1049/ipr2.12181,An optimized YOLO-based object detection model for crop harvesting system,2021,IET Image Processing,"Junos, Mohamad Haniff (55995713500); Mohd Khairuddin, Anis Salwa (36019257000); Thannirmalai, Subbiah (57222408323); Dahari, Mahidzal (36975118700)","Abstract The adoption of automated crop harvesting system based on machine vision may improve productivity and optimize the operational cost. The scope of this study is to obtain visual information at the plantation which is crucial in developing an intelligent automated crop harvesting system. This paper aims to develop an automatic detection system with high accuracy performance, low computational cost and lightweight model. Considering the advantages of YOLOv3 tiny, an optimized YOLOv3 tiny network namely YOLO‐P is proposed to detect and localize three objects at palm oil plantation which include fresh fruit bunch, grabber and palm tree under various environment conditions. The proposed YOLO‐P model incorporated lightweight backbone based on densely connected neural network, multi‐scale detection architecture and optimized anchor box size. The experimental results demonstrated that the proposed YOLO‐P model achieved good mean average precision and F1 score of 98.68% and 0.97 respectively. Besides, the proposed model performed faster training process and generated lightweight model of 76 MB. The proposed model was also tested to identify fresh fruit bunch of various maturities with accuracy of 98.91%. The comprehensive experimental results show that the proposed YOLO‐P model can effectively perform robust and accurate detection at the palm oil plantation.",Scopus;OpenAlex,Q4;Q6,yes,medium,retain because of mechanism signal: object or instance perception; full-text review required,136,0,56,46,23,0,0,0,B,oil_palm_direct,oil-palm target; ripeness or variety attribute; fruit target; horticultural setting; fruit instance operation; instance perception; quantitative evaluation,,priority-v1.0-title-abstract-scored-diversified,pending,pending,pending,1032
207,quota:fruit_instance_baseline,422,M-e2d7127ecf5dd4db,10.3390/jimaging10060137,PlantSR: Super-Resolution Improves Object Detection in Plant Images,2024,Journal of Imaging,"Jiang, Tianyou (59188998100); Yu, Qun (57224687891); Zhong, Yang (59607375700); Shao, Mingshun (59188535000)","Recent advancements in computer vision, especially deep learning models, have shown considerable promise in tasks related to plant image object detection. However, the efficiency of these deep learning models heavily relies on input image quality, with low-resolution images significantly hindering model performance. Therefore, reconstructing high-quality images through specific techniques will help extract features from plant images, thus improving model performance. In this study, we explored the value of super-resolution technology for improving object detection model performance on plant images. Firstly, we built a comprehensive dataset comprising 1030 high-resolution plant images, named the PlantSR dataset. Subsequently, we developed a super-resolution model using the PlantSR dataset and benchmarked it against several state-of-the-art models designed for general image super-resolution tasks. Our proposed model demonstrated superior performance on the PlantSR dataset, indicating its efficacy in enhancing the super-resolution of plant images. Furthermore, we explored the effect of super-resolution on two specific object detection tasks: apple counting and soybean seed counting. By incorporating super-resolution as a pre-processing step, we observed a significant reduction in mean absolute error. Specifically, with the YOLOv7 model employed for apple counting, the mean absolute error decreased from 13.085 to 5.71. Similarly, with the P2PNet-Soy model utilized for soybean seed counting, the mean absolute error decreased from 19.159 to 15.085. These findings underscore the substantial potential of super-resolution technology in improving the performance of object detection models for accurately detecting and counting specific plants from images. The source codes and associated datasets related to this study are available at Github.",Scopus;OpenAlex,Q7,yes,medium,retain because of mechanism signal: object or instance perception; full-text review required,136,12,54,0,23,36,0,0,C,fruit_instance_baseline,counting or inventory; fruit target; fruit instance operation; instance perception; quantitative evaluation; prior review; benchmark or dataset,,priority-v1.0-title-abstract-scored-diversified,pending,pending,pending,1283
208,quota:fruit_instance_baseline,432,R-93ae8763eb14b112,10.1109/mapr59823.2023.10289072,ViT-FFrCnt: A Few-shot Fruit Counting Approach with Multiscale Vision Transformer,2023,"2023 International Conference on Multimedia Analysis and Pattern Recognition, MAPR 2023 - Proceedings","Quan, Khanh-An C. (57205393474); Vuong, Huy Gia (57147436100); Tran, Minh-Triet (35176729700)","Having prior knowledge about the amount of fruit before harvesting can lead to improved planning and decisionmaking in the agriculture sector. In recent years, several detection-based approaches have been proposed to address the problem of fruit counting. However, employing a detection approach for a specific category of fruit requires a large amount of data, which is very costly. Meanwhile, a trained specific class detection model cannot handle new unseen categories without being trained on a large amount of new data. In this paper, we present a novel approach for class-agnostic fruit counting that can count the number of fruits in an arbitrary category with just a few examples. Compared to other fruit detection methods, our few-shot approach only needs a small amount of data to count on a new novel class. Specifically, our proposed model takes advantage of the vision transformer with multi-scale features to improve the accuracy of the counting result. We evaluated our proposed approach in the DeepFruit dataset, which contains six types of fruits (including mango, capsicum, strawberry, apple, avocado, and orange). We compare our method with several stateof-the-art object detection approaches. Our approach archives the MAE of 1.13 and RMSE of 1.48, respectively, on the DeepFruit dataset. Extensive experiments and qualitative results demonstrate the effectiveness of our approach compared to other detection approaches for fruit counting.",Scopus;OpenAlex,Q7,yes,medium,retain because of mechanism signal: object or instance perception; full-text review required,136,12,54,0,23,36,0,0,C,fruit_instance_baseline,counting or inventory; fruit target; fruit instance operation; instance perception; quantitative evaluation; prior review; benchmark or dataset,,priority-v1.0-title-abstract-scored-diversified,pending,pending,pending,375
209,quota:fruit_instance_baseline,436,R-c20c3f414a18b0b5,10.3389/fpls.2026.1759809,Feature enhancement and fusion-optimized defect detection model for Sanhua plums,2026,Frontiers in Plant Science,"Chen, Yu (60388304100); Zhang, Yuanxia (60047074200)","To achieve precise and efficient detection of abnormal Sanhua plums, this study first constructed a specialized image dataset encompassing five categories: diseased fruit, insect-damaged fruit, bird-pecked fruit, cracked fruit, and normal fruit. To mitigate the initial class imbalance, a multi-weather simulation data augmentation strategy was employed, which expanded the dataset to 10,000 images and achieved a balanced distribution. After systematically evaluating multiple state-of-the-art detection models, YOLOv12 was selected as the baseline model due to its high recall and extreme lightweight nature. To overcome the core challenge of detecting minute defects like insect-damaged fruit, this study innovatively proposed the YOLO-CMA model. This model integrates the C2fCIB module to enhance small-object feature extraction capabilities and incorporates the C3k2_Mambaout module to optimize the discriminative fusion of multi-scale features. Ablation experiments demonstrated that the synergistic operation of C2fCIB and C3k2_Mambaout improved detection performance. For insect-damaged fruit detection, mAP50 and precision were boosted by 2.7% and 5.8%, respectively, compared to the baseline model, reaching 0.639 and 0.91. When compared to other YOLO variants, YOLO-CMA achieved the lowest computational cost (5.9 GFLOPs) and parameter count (2.43 M) while maintaining competitive detection precision, demonstrating significant edge deployment advantages. This study provided a comprehensive technical solution-from data construction to model optimization-for addressing the challenge of detecting minute defects in agricultural products, offering substantial practical value and application potential.",Scopus;OpenAlex,Q4;Q7,yes,medium,"retain because of mechanism signal: target-specific detection, segmentation, tracking, or counting; full-text review required",136,12,54,0,23,36,0,0,C,fruit_instance_baseline,counting or inventory; fruit target; fruit instance operation; instance perception; quantitative evaluation; prior review; benchmark or dataset,,priority-v1.0-title-abstract-scored-diversified,pending,pending,pending,1755
210,quota:oil_palm_direct,455,R-b9abe2a0bccd5e6a,10.1002/aocs.70068,Classifying the Ripeness of Oil Palm Fresh Fruit Bunches Using a Mixed‐Order Relation‐Aware Recurrent Neural Network Approach for Enhanced Agricultural Monitoring and Optimized Crop Management in Agriculture,2026,Journal of the American Oil Chemists Society,S. Devi Mahalakshmi; P. Golda Jeyasheeli; S. Vanitha Sivagami; A. Meenakshi,"ABSTRACT Oil palm production has increased rapidly since 2012, particularly in Guatemala, Malaysia, and Indonesia. Accurate Fresh Fruit Bunch classification is vital for oil yield and quality, but manual grading is inefficient and existing deep learning methods are computationally intensive. To overcome these challenges, this study proposes an optimized Oil Palm Fresh Fruit Bunch Ripeness classification framework based on a Mixed‐Order Relation‐Aware Recurrent Neural Network (OP‐FFBR‐MORA‐RNN). The proposed methodology integrates Confidence Partitioning Sampling Filtering (CPSF) for effective image localization, cropping, and resizing, followed by Revised Tunable Q‐Factor Wavelet Transform (RTQFWT) to extract discriminative features. These features are subsequently classified using a Mixed‐Order Relation‐Aware Recurrent Neural Network (MORA‐RNN), with its parameters optimized via the Fractional Pelican African Vulture Optimization (FPAVO) algorithm to enhance classification accuracy. The model categorizes FFBs into five ripeness classes: overripe, ripe, abnormal, empty fruit, and under‐ripe. Experimental evaluation on an oil palm dataset demonstrates that OP‐FFBR‐MORA‐RNN achieves 97.8% accuracy, 97.6% precision, and a low error rate of 2.4%, outperforming existing methods such as Oil Palm Fresh Fruit Bunch Ripeness categorization on mobile devices using Convolutional Neural Network (OP‐FFBR‐MD‐CNN), Machine Vision for maturity classification using Artificial Neural Network (MVM‐OP‐FFBR‐ANN), and Object Detection for Oil Palm Fruit Bunches using You‐Only‐Look‐Once (OB‐OPFBR‐YOLOv7). These results confirm the framework's effectiveness for reliable, scalable, and efficient ripeness classification, supporting improved agricultural monitoring and optimized crop management.",OpenAlex,Q4;Q6,yes,medium,retain because of mechanism signal: object or instance perception; full-text review required,135,0,46,46,23,12,0,0,B,oil_palm_direct,oil-palm target; ripeness or variety attribute; fruit target; fruit instance operation; instance perception; quantitative evaluation; benchmark or dataset,,priority-v1.0-title-abstract-scored-diversified,pending,pending,pending,83
211,quota:oil_palm_direct,456,R-ba799db67598f216,10.22146/ijccs.111942,A Comparative Deep Learning Approach for Classifying Oil Palm Fruit Ripeness Levels Using YOLOv8s and Faster R-CNN,2025,Indonesian Journal of Biotechnology (Universitas Gadjah Mada),Rasmila Rasmila; Sakbanullah Dwi Oktavian; Rahmat Novrianda Dasmen; Rahayu Amalia,"Assessing oil palm fruit ripeness is essential for optimizing harvest timing and maximizing market value. In many developing regions, harvesting is still performed every 10–15 days through manual visual inspection, a process prone to human error that often causes premature harvesting and reduces selling value by up to 50%. This study explores deep learning-based object detection for automatic classification of oil palm fruit bunches. A dataset of 4,578 annotated high-resolution images was prepared and categorized into six ripeness classes: Empty, Immature, Underripe, Abnormal, Ripe, and Overripe. Two advanced detection models, YOLOv8s and Faster R-CNN with a ResNet-50 backbone, were evaluated under identical conditions using precision, recall, and mean Average Precision (mAP) metrics. YOLOv8s achieved precision and recall above 99%, with a mAP 0.5:0.95 of 0.9254, demonstrating strong reliability and efficiency for real-time use. Faster R-CNN achieved a higher mAP 0.5 of 0.9964, indicating superior localization accuracy but slower computation. Overall, YOLOv8s provides a better trade-off between accuracy and speed, making it more practical for automated harvesting. This research supports precision agriculture by emphasizing AI-driven solutions that improve productivity, minimize losses, and promote sustainable palm oil management.",OpenAlex,Q4;Q6,yes,medium,retain because of mechanism signal: object or instance perception; full-text review required,135,0,46,46,23,12,0,0,B,oil_palm_direct,oil-palm target; ripeness or variety attribute; fruit target; fruit instance operation; instance perception; quantitative evaluation; benchmark or dataset,,priority-v1.0-title-abstract-scored-diversified,pending,pending,pending,627
212,quota:fruit_instance_baseline,444,R-3682aff0ef7c34a8,10.3390/agriculture14030331,Maturity Recognition and Fruit Counting for Sweet Peppers in Greenhouses Using Deep Learning Neural Networks,2024,Agriculture (Switzerland),"Viveros Escamilla, Luis David (58958825400); Gómez-Espinosa, Alfonso (55633912300); Escobedo Cabello, Jesús Arturo (56032443500); Cantoral-Ceballos, Jose Antonio (54789443800)","This study presents an approach to address the challenges of recognizing the maturity stage and counting sweet peppers of varying colors (green, yellow, orange, and red) within greenhouse environments. The methodology leverages the YOLOv5 model for real-time object detection, classification, and localization, coupled with the DeepSORT algorithm for efficient tracking. The system was successfully implemented to monitor sweet pepper production, and some challenges related to this environment, namely occlusions and the presence of leaves and branches, were effectively overcome. We evaluated our algorithm using real-world data collected in a sweet pepper greenhouse. A dataset comprising 1863 images was meticulously compiled to enhance the study, incorporating diverse sweet pepper varieties and maturity levels. Additionally, the study emphasized the role of confidence levels in object recognition, achieving a confidence level of 0.973. Furthermore, the DeepSORT algorithm was successfully applied for counting sweet peppers, demonstrating an accuracy level of 85.7% in two simulated environments under challenging conditions, such as varied lighting and inaccuracies in maturity level assessment.",Scopus;OpenAlex,Q1;Q4;Q7,yes,medium,retain because of mechanism signal: object or instance perception; full-text review required,135,12,64,18,18,12,0,0,C,fruit_instance_baseline,counting or inventory; ripeness or variety attribute; fruit target; horticultural setting; fruit instance operation; instance perception; benchmark or dataset,,priority-v1.0-title-abstract-scored-diversified,pending,pending,pending,440
213,quota:fruit_instance_baseline,450,R-7eb7a82dd00653d0,10.1109/icsima66552.2025.11233648,Automated Muskmelon Counting in Real Farm Environment using YOLOv11n,2025,"Proceeding of the IEEE International Conference on Smart Instrumentation, Measurement and Applications, ICSIMA","Louis, Fourré (60309823500); Ooi, Boon-Yaik (24366995700); Savita, K. Sugathan (36806725100)","Fruit detection and counting in real farm environments remain challenging due to occlusion, variable lighting, and cluttered backgrounds. This study presents a robust computer vision pipeline for accurately detecting, tracking, and counting melons using the You Only Look Once version 11 nano object detection model. To evaluate and enhance performance, multiple dataset versions with different types of annotation (large annotation, front-row strict annotation, and front-row/rear-row annotation distinction) were utilized alongside various image processing pipelines (Roboflow workflows, detection, tracking, and line-counting tracking). Among these, the 4th method, with a line-counting strategy, significantly improved counting accuracy. Our best result was achieved with the front row strict annotation and line counting tracking combination which yielded a counting error rate of just 2.74%. The system was tested on footage captured by an automated guide vehicle in a greenhouse, demonstrating its practical applicability in real-world, non-laboratory agricultural environments. Overall, this work contributes an efficient and accurate melon counting pipeline, laying the foundation for future work such as fruit maturity prediction and disease detection.",Scopus;OpenAlex,Q1;Q4;Q7,yes,medium,retain because of mechanism signal: object or instance perception; full-text review required,135,12,64,18,18,12,0,0,C,fruit_instance_baseline,counting or inventory; ripeness or variety attribute; fruit target; horticultural setting; fruit instance operation; instance perception; benchmark or dataset,,priority-v1.0-title-abstract-scored-diversified,pending,pending,pending,1536
214,quota:oil_palm_direct,502,R-a3b60ddf8a1813c4,10.1155/acis/9241523,Federated Learning for Grading Oil Palm Fruit Ripeness in the Oil Palm Industry,2025,Applied Computational Intelligence and Soft Computing,"Laddawong, Patchanee (59712093300); Pianroj, Yutthapong (35074774100); Chotikawanid, Piyanart (56829448400); Punvichai, Teerasak (16507462500); Jumrat, Saysunee (36768044700); Kham-Ouam, Atitaya (59955797600); Muangprathub, Jirapond (55432888400)","The prevailing method for grading oil palm fruit bunches in mills relies on human graders conducting visual inspections, resulting in frequent errors and inconsistent assessments. This is a significant open problem when developing a detector for oil palm fruit ripeness and oil content, which are related factors. Current trends focus on computer vision techniques based on image processing and machine learning to improve grading of oil palm fruit bunches at an individual factory, resulting in limited diversity of the data used for evaluation. Collecting data from all factories offers informational advantages but raises privacy concerns. Addressing these challenges, this study proposes federated learning (FL) to develop local and global prediction models for grading oil palm fruit ripeness while preserving data privacy. FL facilitates collaborative model training across factories, mitigating privacy risks and enhancing model development efficiency. The proposed model uses the color of palm husks to determine the ripeness stage, which is used as a factor in predicting the yield of oil from the crop. A predictive model was created using FL principles with a training dataset of 5209 images, which was divided into two subsets: single‐palm (2571 images) and multipalm (2638 images). The classification accuracy of a global model was 90.0%, while the local models were expanded to include private data for each of 4 testing clients. The predictive global and local models from FL were used to implement the system in a web application form and to validate its performance in calling the oil palm ripeness stage.",Scopus;OpenAlex,Q6,yes,medium,retain because of mechanism signal: broad visual target-operation evidence; full-text review required,133,0,46,46,18,12,0,0,B,oil_palm_direct,oil-palm target; ripeness or variety attribute; fruit target; fruit instance operation; instance perception; benchmark or dataset,,priority-v1.0-title-abstract-scored-diversified,pending,pending,pending,617
215,quota:oil_palm_direct,509,R-d09b44579d549b8c,10.12720/jait.17.6.1028-1040,Detection the Ripeness of Oil Palm Fresh Fruit Bunch Using Pretrained and Improved Models of YOLOv8,2026,Journal of Advances in Information Technology,"Jumrat, Saysunee (36768044700); Saeleung, Pattanapong (59944051000); Pianroj, Yutthapong (35074774100); Chotikawanid, Piyanart (56829448400); Punvichai, Teerasak (16507462500); Chitcharoen, Doungrat (25631939100); Muangprathub, Jirapond (55432888400)","The ripeness of oil palm fresh fruit bunches significantly impacts the quality and economic value of palm oil production.This study proposes a novel approach using deep learning, particularly You Only Look Once (YOLO)v8, to classify and detect the ripeness of oil palm fruit bunches.By leveraging pretrained models and fine-tuning techniques, this study aims to improve detection accuracy while reducing inference time.The methodology involves data preparation, model training, and evaluation, utilizing a dataset comprising 427 images of oil palm fruit bunches classified into raw, halfripe, and ripe categories.Additionally, the images were augmented to increase the dataset size.The YOLOv8 architecture, known for its scalability and efficiency, is applied to improve the classification process.Results demonstrate that YOLOv8 provides a balance between accuracy and processing speed, making it a suitable tool for real-time applications in the palm oil industry.This study contributes to reducing the reliance on manual techniques, lowering operational costs, and increasing the overall efficiency of the oil palm industry.",Scopus;OpenAlex,Q4;Q6,yes,medium,retain because of mechanism signal: broad visual target-operation evidence; full-text review required,133,0,46,46,18,12,0,0,B,oil_palm_direct,oil-palm target; ripeness or variety attribute; fruit target; fruit instance operation; instance perception; benchmark or dataset,,priority-v1.0-title-abstract-scored-diversified,pending,pending,pending,85
216,quota:fruit_instance_baseline,512,R-e1275bb21076f0d6,10.22067/jam.2025.92068.1339,Detection of Cucumber Fruit on Plant in a Greenhouse Environment Using the YOLOv8 Object Detection Algorithm,2026,DOAJ (DOAJ: Directory of Open Access Journals),A. Soleimanipour,"IntroductionThe increasing demand for automation in agriculture, particularly for repetitive and labor-intensive tasks, has driven the development of robotic harvesting systems. Recent advances in computer vision, deep learning, and the availability of large image datasets have made it possible to create robust object detection models for agricultural applications. Traditional harvesting methods, such as bulk harvesting, often lead to fruit damage and loss owing to non-selective picking. Selective harvesting, particularly with the use of robotic systems, offers a promising alternative by combining the precision of human labor with the efficiency of automation. This study presents a deep learning-based model for detecting cucumber fruits on plants in a real greenhouse environment, which is an essential step towards developing autonomous harvesting robots that selectively pick ripe cucumbers.Materials and MethodsA dedicated image dataset was curated in a commercial greenhouse, comprising 300 images of cucumber plants captured under various lighting conditions (morning, noon, and evening), to ensure robustness against real-world variability. Images were manually labeled to identify the cucumber fruits and their pedicels. To enhance the model training and prevent overfitting, data augmentation techniques were applied to the training set. Several architectures of the YOLO (You Only Look Once) object detection algorithm were evaluated, including the nano-scale versions YOLOv5n and YOLOv8n, and the small-scale YOLOv8s, in addition to the RT-DETR model.The YOLOv8 algorithm is known as one of the state-of-the-art algorithms in computer vision because of its high speed, detection accuracy, and adaptability. The YOLOv8 architecture consists of three main parts: backbone, neck, and head, which are responsible for extracting image features, combining and enriching features, and predicting bounding boxes and object classes, respectively.These models were trained, and their performances were compared based on the detection accuracy and inference time metrics. Training and evaluation were conducted using a suitable computational platform.Results and DiscussionThe performances of different YOLO models and RT-DETR were rigorously evaluated. The results demonstrated that the YOLOv8n model achieved the highest detection accuracy of 87.5%, surpassing the performances of the other tested models. Importantly, the YOLOv8n model also exhibited a favorable balance between the accuracy and inference time, making it suitable for real-time applications. The analysis considered the trade-off between the number of parameters and detection speed, highlighting the efficiency of YOLOv8n.The YOLOv8n model demonstrated superior performance in terms of pedicel detection accuracy compared to YOLOv5n, achieving a fitness score of 91.08% (calculated as a weighted average of mAP@50 and mAP@50-95). While exhibiting strong performance in fruit and pedicel detection (Figure 6), the sensitivity of the model for pedicel detection (88.0%) was comparatively lower than that for fruit detection (96.1%). The highest F1 score (0.89) was observed at a confidence level of 39.5%, indicating the effectiveness of the model in balancing the precision and recall for pedicel detection. Overall, YOLOv8n outperformed the other tested models in identifying the class and location of the fruit pedicel. The superior performance of YOLOv8n can be attributed to its architectural advancements and optimized training processes.ConclusionThis study successfully developed a deep learning-based model for accurate and efficient cucumber fruit detection in a greenhouse environment. The YOLOv8n model demonstrated superior performance compared with the other evaluated architectures, achieving a detection accuracy of 87.5% while maintaining a good processing speed. These findings suggest that the YOLOv8n model has significant potential for integration into autonomous vegetable harvesting robots, contribu",OpenAlex,Q4,yes,medium,retain because of mechanism signal: object or instance perception; full-text review required,133,0,56,10,23,36,0,0,C,fruit_instance_baseline,ripeness or variety attribute; fruit target; horticultural setting; fruit instance operation; instance perception; quantitative evaluation; prior review; benchmark or dataset,,priority-v1.0-title-abstract-scored-diversified,pending,pending,pending,7846
217,quota:oil_palm_direct,551,R-83801b868a246963,,EVALUASI ALGORITMA YOLOV8 DAN YOLOV11 DALAMKLASIFIKASI OTOMATIS TINGKAT KEMATANGAN TANDAN BUAHSEGAR KELAPA SAWIT,2025,Digilib Repository Unila (Lampung University),"Bella , Amelia","Tingkat kematangan tandan buah segar (TBS) menentukan rendemen, asam lemak bebas (ALB), dan stabilitas mutu minyak sawit. Ketidaktepatan panen menimbulkan kerugian nilai dan inefisiensi proses. Penilaian manual terhadap tandan sawit yang akan dipanen masih bersifat subjektif, dipengaruhi pencahayaan, oklusi pelepah, serta variabilitas varietas dan lokasi kebun. Karena itu, algoritma computer vision berbasis one-stage detector menawarkan otomasi yang konsisten dan cepat untuk operasional berskala besar. Penelitian ini mengkaji kelayakan dua backbone computer vision yaitu YOLOv8 dan YOLOv11, untuk klasifikasi otomatis tingkat kematangan TBS, sekaligus mengevaluasi ketahanan lintas domain data. Eksperimen dilakukan pada dua himpunan data yaitu data image dari Roboflow (8.400 citra teranotasi kualitas dan anotasi tertata) dan dataset lapangan (625 citra hasil augmentasi) yang merepresentasikan variasi kondisi nyata. Evaluasi model mencakup precision, recall, F1-score, mean Average Precision (mAP), akurasi, serta kecepatan inferensi (FPS). Uji keadilan ukuran sampel dilakukan dengan menyetarakan jumlah data (625 citra) antara subset Roboflow dan dataset lapangan. Hasil menunjukkan YOLOv8 lebih stabil dan seimbang di beragam skenario. Pada Roboflow, YOLOv8s menjadi pilihan utama dengan akurasi 87,8%, precision (90,5%), recall (90,8%), F1-score 90,7%, mAP 94,8%, dan kecepatan 1.123 FPS. Keunggulan Roboflow ada pada volume besar, kualitas gambar yang lebih baik, dan anotasi rapi. Saat jumlah data disetarakan menjadi 625 citra, subset Roboflow tetap unggul pada mAP (95,2%) dan precision (94,3%), sementara dataset lapangan lebih baik pada recall (87,6%), akurasi (78,1%), dan kecepatan (1.079 FPS), menandakan adaptasi model terhadap kondisi kebun yang beragam. Kelebihan spesifik turut teridentifikasi: YOLOv8m unggul pada precision dan mAP di subset Roboflow, namun nilai recall tinggi untuk dataset lapangan; dilain pihak, YOLOv11s menonjol pada recall dan mAP untuk dataset lapangan meski konsistensinya lebih rendah. Secara keseluruhan, YOLOv8s direkomendasikan untuk implementasi praktis karena konsistensi dan keseimbangan kinerja, sementara YOLOv8m atau YOLOv11s layak dipilih bila prioritasnya presisi maksimum atau cakupan deteksi dalam kondisi tertentu. Kata kunci: Kelapa Sawit, Klasifikasi, YOLOv8, YOLOv11, Deep Learning Fresh fruit bunch (FFB) ripeness strongly determines palm-oil yield, free-fatty-acid formation, and product stability; misgrading at harvest depresses value and propagates inefficiencies downstream. Manual inspection is inherently subjective and sensitive to lighting, frond occlusion, and cultivar/site variability. Consequently, computer vision based on one-stage detectors provides consistent, high-throughput automation for estate-scale operations. This study assesses two state-of-the-art backbones i.e., YOLOv8 and YOLOv11, for automatic FFB ripeness classification and examines cross-domain robustness. This study evaluate two datasets: Roboflow (8,400 annotated images with high visual quality and curated labels) and a field dataset (625 augmented images) representing real-world variability. Metrics include precision, recall, F1-score, mean Average Precision (mAP), accuracy, and inference speed (FPS). A fair-size test is conducted by equalizing sample counts (625 images) between a Roboflow subset and the field dataset. Results indicate that YOLOv8 delivers more stable, balanced performance across scenarios. On Roboflow, YOLOv8s emerges as the primary choice, achieving 87.8% accuracy, 90.7% F1-score, 94.8% mAP, and 1,123 FPS. The advantages of Roboflow, large volume, higher image quality, and clean annotations, resulted into strong precision (90.5%), recall (90.8%), and mAP (94.8%) for YOLOv8s. When data volume is equalized to 625 images, the Roboflow subset still leads in mAP (95.2%) and precision (94.3%), whereas the field dataset yields higher recall (87.6%), accuracy (78.1%), and speed (1,079 FPS), indicating model ad",OpenAlex,Q6;Q7,yes,low,"no high-confidence EC1, EC5, or EC6 exclusion; full-text review required",131,0,22,46,23,36,0,0,B,oil_palm_direct,oil-palm target; ripeness or variety attribute; fruit target; instance perception; quantitative evaluation; prior review; benchmark or dataset,,priority-v1.0-title-abstract-scored-diversified,pending,pending,pending,9719
218,quota:fruit_instance_baseline,552,R-b35aa5743eb8cae3,10.1145/3365109.3368766,Estimating fruit crop yield through deep learning,2019,"BDCAT 2019 - Proceedings of the 6th IEEE/ACM International Conference on Big Data Computing, Applications and Technologies","Yu, Huaqing (57215357284); Song, Shining (57202399793); Ma, Shaoxi (57215349027); Sinnott, Richard O. (55445268400)","Deep learning can bring significant improvements to a range of research areas and application domains. Computer vision is one of the key areas that can benefit from deep learning. In particular, object detection and classification can benefit from such approaches. In this work we focus on counting the number of images of individual fruit that can be used by fruit growers to estimate fruit crop yields. To achieve this, we apply two different state of the art convolutional neural networks (CNNs): Faster R-CNN and Single Shot Detection (SSD). CNNs depend on data for training and tuning of the models. In this paper we establish a dataset containing images for a range of fruit types. Using this data, we apply the models to identify the number of fruit in images and the challenges that are encountered. We present the experimental results of applying these approaches and illustrate their performance including the accuracy, time and loss when counting fruit on trees. We consider the future challenges in scaling this work to deal with more complex issues around fruit estimation at scale.",Scopus;OpenAlex,Q7,yes,medium,retain because of mechanism signal: object or instance perception; full-text review required,131,12,54,0,18,36,0,0,C,fruit_instance_baseline,counting or inventory; fruit target; fruit instance operation; instance perception; prior review; benchmark or dataset,,priority-v1.0-title-abstract-scored-diversified,pending,pending,pending,937
219,quota:fruit_instance_baseline,565,R-131dfca766a7ad0c,10.3390/s23156701,Tomato Maturity Detection and Counting Model Based on MHSA-YOLOv8,2023,Sensors,"Li, Ping (58533786600); Zheng, Jishu (58533228100); Li, Peiyuan (58533705800); Long, Hanwei (58533786700); Li, Mai (58533786800); Gao, Lihong (56422892800)","The online automated maturity grading and counting of tomato fruits has a certain promoting effect on digital supervision of fruit growth status and unmanned precision operations during the planting process. The traditional grading and counting of tomato fruit maturity is mostly done manually, which is time-consuming and laborious work, and its precision depends on the accuracy of human eye observation. The combination of artificial intelligence and machine vision has to some extent solved this problem. In this work, firstly, a digital camera is used to obtain tomato fruit image datasets, taking into account factors such as occlusion and external light interference. Secondly, based on the tomato maturity grading task requirements, the MHSA attention mechanism is adopted to improve YOLOv8's backbone to enhance the network's ability to extract diverse features. The Precision, Recall, F1-score, and mAP50 of the tomato fruit maturity grading model constructed based on MHSA-YOLOv8 were 0.806, 0.807, 0.806, and 0.864, respectively, which improved the performance of the model with a slight increase in model size. Finally, thanks to the excellent performance of MHSA-YOLOv8, the Precision, Recall, F1-score, and mAP50 of the constructed counting models were 0.990, 0.960, 0.975, and 0.916, respectively. The tomato maturity grading and counting model constructed in this study is not only suitable for online detection but also for offline detection, which greatly helps to improve the harvesting and grading efficiency of tomato growers. The main innovations of this study are summarized as follows: (1) a tomato maturity grading and counting dataset collected from actual production scenarios was constructed; (2) considering the complexity of the environment, this study proposes a new object detection method, MHSA-YOLOv8, and constructs tomato maturity grading models and counting models, respectively; (3) the models constructed in this study are not only suitable for online grading and counting but also for offline grading and counting.",Scopus;OpenAlex,Q4;Q7,yes,medium,retain because of mechanism signal: object or instance perception; full-text review required,130,12,54,18,23,12,0,0,C,fruit_instance_baseline,counting or inventory; ripeness or variety attribute; fruit target; fruit instance operation; instance perception; quantitative evaluation; benchmark or dataset,,priority-v1.0-title-abstract-scored-diversified,pending,pending,pending,1179
220,quota:fruit_instance_baseline,566,R-15d08f99884f84c7,10.3390/app13116751,Instance Segmentation and Number Counting of Grape Berry Images Based on Deep Learning,2023,Applied Sciences (Switzerland),"Chen, Yanmin (58073581000); Li, Xiu (59075867800); Jia, Mei (57863547000); Li, Jiuliang (57866010100); Hu, Tianyang (58375518700); Luo, Jun (56555515900)","In order to achieve accurate segmentation of each grape image per berry, we construct a dataset composed of red globe grape samples and use a two-stage “localization–segmentation” framework-based mask region convolutional neural network (Mask R-CNN) and one-stage “pixel classification without localization” framework-based You Only Look At CoefficienTs (YOLACT) and segmenting objects by locations (SOLO) models in the grape segmentation experiments. The optimal performance of the model Mask R-CNN was applied for further study. To address the problem of overlapping and occlusion causing inaccurate fruit detection in this model, the postprocessing algorithm of the Mask R-CNN model was improved by using the linear weighting method, and the experimental results were significantly improved. The model average precision (AP)0.50, AP0.75, the mean average precision (mAP), and the mean intersection of union (mIoU) improved by 1.98%, 2.72%, 4.30%, and 3.55%, respectively. The correlation coefficient was improved from 93.59% to 96.13% by using the improved Mask R-CNN to count the number of red globe grape berries, which also further illustrates that the fruit detection problem was well solved. Using the generalized method on untrained images of different grape varieties in different scenes also achieved good segmentation results. In this study, we provide a method for segmenting and counting grape berries that is useful for automating the grape industry.",Scopus;OpenAlex,Q4;Q7,yes,medium,retain because of mechanism signal: object or instance perception; full-text review required,130,12,54,18,23,12,0,0,C,fruit_instance_baseline,counting or inventory; ripeness or variety attribute; fruit target; fruit instance operation; instance perception; quantitative evaluation; benchmark or dataset,,priority-v1.0-title-abstract-scored-diversified,pending,pending,pending,339
221,quota:fruit_instance_baseline,577,R-4d4bfe34631c03c0,10.3390/agronomy15030687,YOLO-MECD: Citrus Detection Algorithm Based on YOLOv11,2025,Agronomy,"Liao, Yue (59195788700); Li, Lerong (59708627400); Xiao, Huiqiang (59707455200); Xu, Feijian (59707455300); Shan, Bochen (59251681600); Yin, Hua (56540485200)","Accurate quantification of the citrus dropped number plays a vital role in evaluating the disaster resistance capabilities of citrus varieties and selecting superior cultivars. However, research in this critical area remains notably insufficient. To bridge this gap, we conducted in-depth experiments using a custom dataset of 1200 citrus images and proposed a lightweight YOLO-MECD model that is built upon the YOLOv11s architecture. Firstly, the EMA attention mechanism was introduced as a replacement for the traditional C2PSA attention mechanism. This modification not only enhances feature extraction capabilities and detection accuracy for citrus fruits but also achieves a significant reduction in model parameters. Secondly, we implemented a CSPPC module based on partial convolution to replace the original C3K2 module, effectively reducing both parameter count and computational complexity while maintaining mAP values. At last, the MPDIoU loss function was employed, resulting in improved bounding box detection accuracy and accelerated model convergence. Notably, our research reveals that reducing convolution operations in the backbone architecture substantially enhances small object detection capabilities and significantly decreases model parameters, proving more effective than the addition of small object detection heads. The experimental results and comparative analysis with similar network models indicate that the YOLO-MECD model has achieved significant improvements in both detection performance and computational efficiency. This model demonstrates excellent comprehensive performance in citrus object detection tasks, with a precision (P) of 84.4%, a recall rate (R) of 73.3%, and an elevated mean average precision (mAP) of 81.6%. Compared to the baseline, YOLO-MECD has improved by 0.2, 4.1, and 3.9 percentage points in detection precision, recall rate, and mAP value, respectively. Furthermore, the number of model parameters has been substantially reduced from 9,413,574 in YOLOv11s to 2,297,334 (a decrease of 75.6%), and the model size has been compressed from 18.2 MB to 4.66 MB (a reduction of 74.4%). Moreover, YOLO-MECD also demonstrates superior performance against contemporary models, with mAP improvements of 3.8%, 3.2%, and 5.5% compared to YOLOv8s, YOLOv9s, and YOLOv10s, respectively. The model’s versatility is evidenced by its excellent detection performance across various citrus fruits, including pomelos and kumquats. These achievements establish YOLO-MECD as a robust technical foundation for advancing citrus fruit detection systems and the development of smart orchards.",Scopus;OpenAlex,Q4;Q7,yes,medium,retain because of mechanism signal: object or instance perception; full-text review required,130,12,54,18,23,12,0,0,C,fruit_instance_baseline,counting or inventory; ripeness or variety attribute; fruit target; fruit instance operation; instance perception; quantitative evaluation; benchmark or dataset,,priority-v1.0-title-abstract-scored-diversified,pending,pending,pending,568
222,quota:fruit_instance_baseline,578,R-5e91a07486df9633,10.1109/icmlca66850.2025.11336473,SCS-YOLO: A Lightweight Embedded DeepLearning Method for Tomato Fruit Maturity Detection Based on YOLOv11,2025,"2025 6th International Conference on Machine Learning and Computer Application, ICMLCA 2025","Wang, Chuanyi (60514245300); Yu, Yongzhuo (60514579400); Yue, Weiwei (8437602900); Chen, Yuanyuan (60356965800)","Traditional methods for assessing tomato fruit ripeness primarily rely on manual visual inspection, which is inefficient, highly subjective, and poorly adaptable to dynamic environmental conditions. To address these limitations, this study proposes a lightweight model named SCS-YOLO. Specifically, the YOLOv11 backbone network is redesigned by incorporating the ShuffleNetV2 module, which significantly reduces the number of parameters while enhancing feature extraction capabilities. Furthermore, a lightweight Cross-Scale Feature Fusion Module (CCFM) is introduced to facilitate effective fusion and recognition of multi-scale features. Lastly, the bounding box regression loss function is replaced with SIoU, which is more suitable for small object detection and contributes to improved accuracy. Experimental evaluations were conducted on a self-constructed dataset, comprising 13,649 images collected under two lighting conditions, two types of occlusion and three stages of ripeness. The results show that the improved SCS-YOLO model reduces computational complexity (GFLOPs) by 52.4% and parameter count by 64.0%. The model achieves a mean average precision (mAP) of 96.0%, with only a 0.6% drop compared to the baseline. In addition, the model size is reduced from 5.5MB to 2.2MB, representing a 60% reduction. These findings indicate that SCS-YOLO offers a compelling balance between accuracy and efficiency, making it particularly well suited for deployment on resource-constrained platforms such as edge computing devices.",Scopus;OpenAlex,Q4;Q7,yes,medium,retain because of mechanism signal: object or instance perception; full-text review required,130,12,54,18,23,12,0,0,C,fruit_instance_baseline,counting or inventory; ripeness or variety attribute; fruit target; fruit instance operation; instance perception; quantitative evaluation; benchmark or dataset,,priority-v1.0-title-abstract-scored-diversified,pending,pending,pending,1506
223,quota:fruit_instance_baseline,581,R-6cf1fd4ebab884fd,10.3390/agronomy12020319,"Automatic Bunch Detection in White Grape Varieties Using YOLOv3, YOLOv4, and YOLOv5 Deep Learning Algorithms",2022,Agronomy,"Sozzi, Marco (57202641618); Cantalamessa, Silvia (57419565900); Cogato, Alessia (57202649746); Kayad, Ahmed (57189044443); Marinello, Francesco (16230574000)","Over the last few years, several Convolutional Neural Networks for object detection have been proposed, characterised by different accuracy and speed. In viticulture, yield estimation and prediction is used for efficient crop management, taking advantage of precision viticulture techniques. Convolutional Neural Networks for object detection represent an alternative methodology for grape yield estimation, which usually relies on manual harvesting of sample plants. In this paper, six versions of the You Only Look Once (YOLO) object detection algorithm (YOLOv3, YOLOv3-tiny, YOLOv4, YOLOv4-tiny, YOLOv5x, and YOLOv5s) were evaluated for real-time bunch detection and counting in grapes. White grape varieties were chosen for this study, as the identification of white berries on a leaf background is trickier than red berries. YOLO models were trained using a heterogeneous dataset populated by images retrieved from open datasets and acquired on the field in several illumination conditions, background, and growth stages. Results have shown that YOLOv5x and YOLOv4 achieved an F1-score of 0.76 and 0.77, respectively, with a detection speed of 31 and 32 FPS. Differently, YOLO5s and YOLOv4-tiny achieved an F1-score of 0.76 and 0.69, respectively, with a detection speed of 61 and 196 FPS. The final YOLOv5x model for bunch number, obtained considering bunch occlusion, was able to estimate the number of bunches per plant with an average error of 13.3% per vine. The best combination of accuracy and speed was achieved by YOLOv4-tiny, which should be considered for real-time grape yield estimation, while YOLOv3 was affected by a False Positive–False Negative compensation, which decreased the RMSE.",Scopus;OpenAlex,Q4;Q7,yes,medium,retain because of mechanism signal: object or instance perception; full-text review required,130,12,54,18,23,12,0,0,C,fruit_instance_baseline,counting or inventory; ripeness or variety attribute; fruit target; fruit instance operation; instance perception; quantitative evaluation; benchmark or dataset,,priority-v1.0-title-abstract-scored-diversified,pending,pending,pending,294
224,quota:fruit_instance_baseline,584,R-7709f2dc4b801c1f,10.3390/horticulturae10121332,Open-Source High-Throughput Phenotyping for Blueberry Yield and Maturity Prediction Across Environments: Neural Network Model and Labeled Dataset for Breeders,2024,Horticulturae,"Zhang, Jing (56580635800); Maleski, Jerome (55251043600); Ashrafi, Hudson (24402689400); Spencer, Jessica A. (57211976556); Chu, Ye (7403050845)","Time to maturity and yield are important traits for highbush blueberry (Vaccinium corymbosum) breeding. Proper determination of the time to maturity of blueberry varieties and breeding lines informs the harvest window, ensuring that the fruits are harvested at optimum maturity and quality. On the other hand, high-yielding crops bring in high profits per acre of planting. Harvesting and quantifying the yield for each blueberry breeding accession are labor-intensive and impractical. Instead, visual ratings as an estimation of yield are often used as a faster way to quantify the yield, which is categorical and subjective. In this study, we developed and shared a high-throughput phenotyping method using neural networks to predict blueberry time to maturity and to provide a proxy for yield, overcoming the labor constraints of obtaining high-frequency data. We aim to facilitate further research in computer vision and precision agriculture by publishing the labeled image dataset and the trained model. In this research, true-color images of blueberry bushes were collected, annotated, and used to train a deep neural network object detection model [You Only Look Once (YOLOv11)] to detect mature and immature berries. Different versions of YOLOv11 were used, including nano, small, and medium, which had similar performance, while the medium version had slightly higher metrics. The YOLOv11m model shows strong performance for the mature berry class, with a precision of 0.90 and an F1 score of 0.90. The precision and recall for detecting immature berries were 0.81 and 0.79. The model was tested on 10 blueberry bushes by hand harvesting and weighing blueberries. The results showed that the model detects approximately 25% of the berries on the bushes, and the correlation coefficients between model-detected and hand-harvested traits were 0.66, 0.86, and 0.72 for mature fruit count, immature fruit count, and mature ratio, respectively. The model applied to 91 blueberry advance selections and categorized them into groups with diverse levels of maturity and productivity using principal component analysis (PCA). These results inform the harvest window and yield of these breeding lines with precision and objectivity through berry classification and quantification. This model will be helpful for blueberry breeders, enabling more efficient selection, and for growers, helping them accurately estimate optimal harvest windows. This open-source tool can potentially enhance research capabilities and agricultural productivity.",Scopus;OpenAlex,Q4;Q7,yes,medium,retain because of mechanism signal: object or instance perception; full-text review required,130,12,54,18,23,12,0,0,C,fruit_instance_baseline,counting or inventory; ripeness or variety attribute; fruit target; fruit instance operation; instance perception; quantitative evaluation; benchmark or dataset,,priority-v1.0-title-abstract-scored-diversified,pending,pending,pending,1336
225,quota:oil_palm_direct,696,R-9cf5d8aba4346c36,10.1109/icdxa69105.2025.11329640,Utilization of Machine Learning in Identifying Oil Palm Fruit Ripeness to Enhance the Efficiency of Oil Palm Plantations,2025,"2025 4th International Conference on Digital Transformation and Applications, ICDXA 2025","Cindra, Jason Ananda (60517299200); Miranda, Eka (56241215100); Natawijaya, Yoga Khantisena (60517698000); Rahman, Fajrul (60517299300)","The palm oil industry is crucial for tropical economies like Indonesia, where the success of Fresh Fruit Bunches (FFB) harvesting significantly impacts Crude Palm Oil (CPO) quality. One challenge is accurately assessing fruit ripeness, typically done manually, which is prone to errors due to subjectivity and environmental factors. This study develops an automated detection system using machine learning and computer vision to classify FFB ripeness. Convolutional Neural Networks (CNN) and YOLO object detection were utilized, delivering real-time, high-accuracy results despite varying conditions. The YOLOv10n model achieved the best performance, with Precision <tex xmlns:mml=""http://www.w3.org/1998/Math/MathML"" xmlns:xlink=""http://www.w3.org/1999/xlink"">$=0.9453$</tex>, Recall <tex xmlns:mml=""http://www.w3.org/1998/Math/MathML"" xmlns:xlink=""http://www.w3.org/1999/xlink"">$=0.8504$</tex>, and Inference Speed <tex xmlns:mml=""http://www.w3.org/1998/Math/MathML"" xmlns:xlink=""http://www.w3.org/1999/xlink"">$=7.34 \text{ms} /$</tex> img. This demonstrates AI's potential to enhance harvesting efficiency, reduce costs, and improve CPO quality, offering a promising solution for palm oil industry digitalization.",Scopus;OpenAlex,Q4;Q6,yes,medium,retain because of mechanism signal: object or instance perception; full-text review required,126,0,46,46,23,0,0,0,B,oil_palm_direct,oil-palm target; ripeness or variety attribute; fruit target; fruit instance operation; instance perception; quantitative evaluation,,priority-v1.0-title-abstract-scored-diversified,pending,pending,pending,612
226,quota:oil_palm_direct,699,R-a8df75b497bf01c7,10.1016/j.atech.2024.100643,Unharvested palm fruit bunch ripeness detection with hybrid color correction,2024,Smart Agricultural Technology,"Chang, Cheng (59416612900); Parthiban, Rajendran (57205934210); Kalavally, Vineetha (14031684600); Hung, Yew Mun (56271086100); Wang, Xin (36349035500)","Unharvested palm fruit bunch (PFB) ripeness detection is crucial for efficient palm oil production as labor costs rise and worker shortages grow. Challenges remain under varying illumination, affecting detection performance. Although the deep learning-based color constancy model shows promise, the limitation lies in the lack of data. This paper addresses these issues by proposing a hybrid color correction method that combines the learning-based and the physical-based color constancy technique, then trains with YOLOv8 to enhance unharvested PFB detection performance. Specifically, the captured images and their corresponding simultaneous spectra are used to generate the ground truth images , then map the images to other ambient spectra to train the color constancy model, and finally, train the YOLOv8 with the corrected images for ripeness detection. Results demonstrate a 1.5% improvement in the mean Average Precision (mAP) @0.5 of YOLOv8, increasing from 88.2% to 89.7% after applying the proposed hybrid color correction method. For each ripeness category, the mAP@0.5 for unripe and ripe bunches increased by 1.7% and 1.8%, respectively. Underripe bunches exhibit the most increment in mAP of 2.1%, while the overripe bunch gives the least increase of 0.4%. The qualitative results show that the model has enhanced the ability to distinguish subtle differences in PFB ripeness. Consequently, it advances the effectiveness and reliability of PFB ripeness detection in practical palm oil production scenarios, especially for unripe to ripe bunches wherein color gives the most information. This research demonstrates potential in object detection tasks that incorporate illumination-based color correction methods.",Scopus;OpenAlex,Q4,yes,medium,retain because of mechanism signal: object or instance perception; full-text review required,126,0,46,46,23,0,0,0,B,oil_palm_direct,oil-palm target; ripeness or variety attribute; fruit target; fruit instance operation; instance perception; quantitative evaluation,,priority-v1.0-title-abstract-scored-diversified,pending,pending,pending,6371
227,quota:oil_palm_direct,705,R-c80a072820d18422,10.1109/icecce63537.2024.10823630,YOLO-Based Oil Palm FFB Ripeness Detection,2024,"5th International Conference on Electrical, Communication and Computer Engineering, ICECCE 2024","Naghipour, Mohammadmahdi (59155114200); Ling, Lew Sook (56069803500); Connie, Tee (6508018670)",The palm oil industry is a huge contributor to Malaysia's economic growth. Adopting new technologies such as AI to optimize the different processes involved in the palm oil industry and minimizing the problems such as high time consumption and labor intensiveness associated with the traditional ways of handling fruits in the industry will further assist the economic growth of Malaysia and will help reduce negative environmental effects. This research offers insights on the related literature and employs a YOLOv10-S model with mAP (mean average precision) of 0.95 for detecting ripe FFB (fresh fruit bunch) from unripe FFB. After the completion of the training the model was exported and used in an interface.,Scopus;OpenAlex,Q6,yes,medium,retain because of mechanism signal: broad visual target-operation evidence; full-text review required,126,0,46,46,23,0,0,0,B,oil_palm_direct,oil-palm target; ripeness or variety attribute; fruit target; fruit instance operation; instance perception; quantitative evaluation,,priority-v1.0-title-abstract-scored-diversified,pending,pending,pending,506
228,quota:oil_palm_direct,739,R-dca19f4d67131311,10.1016/j.dib.2021.107116,Dataset for localization and classification of Medjool dates in digital images,2021,Data in Brief,"Pérez-Pérez, Dalila Blanca (57223396583); Salomón-Torres, Ricardo (56287816500); García-Vázquez, Juan Pablo (25930849300)","Nowadays, harvesting, sorting, and packaging fruit and vegetables are still done manually, despite the hard work this represents. The features that experts commonly use to sorting the date palm fruit are size, color, shape, and texture. Recently, it has started to design and develop artificial vision systems that consider the criteria of size, color, shape, and texture to automate these processes. However, the development of these systems is complex due to the lack of labeled datasets that facilitate the creation of models to locate, recognize and classify palm date fruit. This dataset is entitled Medjool, an image dataset of different sizes and maturity levels of Medjool dates. Researchers may use this data to develop a model for automatic location, recognition, classification, and visual counting of the Medjool dates on trays taking into account their visual features such as shape, color, size, and texture. This dataset was collected from the first-round harvest at Palmeras RQ Ranch in Mexicali, Mexico. Images acquisition was performed in natural light. The dataset comprises 2,576 annotated images in two formats, YOLO and PascalVOC format.",Scopus;OpenAlex,Q4;Q7,yes,low,"no high-confidence EC1, EC5, or EC6 exclusion; full-text review required",125,12,54,18,18,12,0,0,B,oil_palm_direct,counting or inventory; ripeness or variety attribute; fruit target; fruit instance operation; instance perception; benchmark or dataset,,priority-v1.0-title-abstract-scored-diversified,pending,pending,pending,9075
229,quota:oil_palm_direct,773,R-134385f2faed38a6,10.35631/ijirev.720001,ENHANCING OIL PALM FRUIT DETECTION: A COMPARATIVE ANALYSIS OF YOLO ALGORITHMS,2025,International Journal of Innovation and Industrial Revolution,Ainul Hakim Fizal Sabillah; Hafizal Mohamad; Sagaya Sabestinal Amalathas; Hwan Won Seung,"The oil palm industry is pivotal in agricultural research because of its importance. The central focus of this study, however, revolves around elevating cutting-edge intelligent techniques in agriculture, specifically for the improved detection of Fresh Fruit Bunches within oil palm plantations. Moreover, Malaysia’s economic impact on oil palm production is explored, emphasizing its position as a leading producer and exporter of palm oil. The study compares and corroborates the performances among a series of YOLO algorithm models, namely YOLOv3, YOLOv4, YOLOv7, and YOLOv8, by exploiting diverse essential metrics that embrace mean Average Precision, precision, recall, and F1-score. Through the rigorous evaluations of these models, the research contributes to the precision agricultural field, underscoring the superior performance of YOLOv8 in accurately detecting FFBs and facilitating its realization of advanced computer vision techniques for optimal oil palm plantation management and enhanced productivity.",OpenAlex,Q6,yes,medium,"retain because of mechanism signal: target-specific detection, segmentation, tracking, or counting; full-text review required",123,0,56,36,23,0,0,0,B,oil_palm_direct,oil-palm target; fruit target; horticultural setting; fruit instance operation; instance perception; quantitative evaluation,,priority-v1.0-title-abstract-scored-diversified,reviewed,retrieved,include,54
230,quota:oil_palm_direct,779,R-5d574e8a97e39b85,10.21467/proceedings.141.8,Automatic Object Detection in Oil Palm Plantation using a Hybrid Feature Extractor of YOLO-based Model,2022,AIJR Proceedings,Mohamad Haniff Junos; Anis Salwa Binti Mohd Khairuddin; Muhammad Izhar Kairi; Yosri Mohd Siran,"The current manual harvesting process is very laborious and time-consuming. Implementing a machine vision-based automated crop harvesting system may minimize operational costs and increase productivity. This paper aims to develop a one-stage object detection model with high accuracy, lightweight size, and low computing cost. A novel PalmYOLO model is proposed by modifying the architecture of the YOLOv3 tiny model to localize and detect oil palm tree, grabber and Fresh Fruit Bunch (FFB) in varied environmental conditions. The PalmYOLO model employed a lightweight-hybrid feature extractor composed of densely connected neural network and mobile inverted bottleneck module, multi-scale detection architecture, Mish activation function and complete intersection over union loss function. The proposed PalmYOLO model obtained an excellent mAP and F1 score of 97.20% and 0.91. Moreover, the proposed model generated a lower BFLOPS value of 26.732 and a lightweight model size of 46.7MB. The extensive results demonstrate the PalmYOLO model’s ability to accurately detect objects in palm oil plantations.",OpenAlex,Q6,yes,medium,retain because of mechanism signal: object or instance perception; full-text review required,123,0,56,36,23,0,0,0,B,oil_palm_direct,oil-palm target; fruit target; horticultural setting; fruit instance operation; instance perception; quantitative evaluation,,priority-v1.0-title-abstract-scored-diversified,pending,pending,pending,287
231,quota:oil_palm_direct,847,R-152b5c85cd96c284,10.1109/icssa54161.2022.9870945,Image Detection and Classification of Oil Palm Fruit Bunches,2022,"4th International Conference on Smart Sensors and Application: Digitalization for Societal Well-Being, ICSSA 2022","Robi, Siti Nur Aisyah Binti Mohd (57904764900); Izhar, Mohd Azri Bin Mohd (55515744600); Sahrim, Mus'Ab Bin (57200505665); Ahmad, Norulhusna Binti (35316795700)","Many computer vision approaches, such as deep learning and machine learning, can be employed in agriculture in this era of artificial intelligence (AI). These computer vision techniques are frequently utilized in product categorization, identification, and estimation. Implementing computer vision in agriculture will boost agricultural output and quality by assisting farmers in monitoring agricultural activities. Currently, the oil palm harvester judges oil palm maturity manually using natural signs like oil palm colour appearance and the number of oil palm loose fruit drops under the tree. This paper focuses on developing automated detection systems using a deep learning model to detect and classify oil palm fruit bunch based on their ripeness level. The ripeness of oil palm can be classified into four maturity levels: unripe, under ripe, ripe, and over ripe. There are two approaches in this paper namely detection of oil palm fruit bunches and classification of oil palm fruit bunches. This paper employes several types of YOLO algorithms such as YOLOv3, YOLOv3-tiny, YOLOv4, and YOLOv4-tiny to compare the performance and accuracy of different versions of YOLO. It is shown that YOLOv4 has a higher accuracy of 98.70% in detecting and classifying oil fruit bunches based on their ripeness level compared to YOLOv3, YOLOv3-tiny, and YOLOv4-tiny.",Scopus;OpenAlex,Q6,yes,medium,retain because of mechanism signal: operation on a named target; full-text review required,121,0,46,46,18,0,0,0,B,oil_palm_direct,oil-palm target; ripeness or variety attribute; fruit target; fruit instance operation; instance perception,,priority-v1.0-title-abstract-scored-diversified,pending,pending,pending,271
232,quota:oil_palm_direct,849,R-19d96439ecdda18d,10.14716/ijtech.v13i6.5932,Object Detection Algorithms for Ripeness Classification of Oil Palm Fresh Fruit Bunch,2022,International Journal of Technology,"Mansour, Mohamed Yasser Mohamed Ahmed (57971643900); Dambul, Katrina D. (23008328200); Choo, Kan Yeep (7102083264)","Ripe oil palm fresh fruit bunch allows extraction of high-quality crude palm oil and kernel palm oil. As the fruit ripens, its surface color changes from black (unripe) or dark purple (unripe) to dark red (ripe). Thus, the surface color of the oil",Scopus;OpenAlex,Q4;Q6,yes,medium,retain because of mechanism signal: object or instance perception; full-text review required,121,0,46,46,18,0,0,0,B,oil_palm_direct,oil-palm target; ripeness or variety attribute; fruit target; fruit instance operation; instance perception,,priority-v1.0-title-abstract-scored-diversified,reviewed,retrieved,include,22
233,quota:oil_palm_direct,873,R-b689009cc3b0a33e,10.66053/dtcs.v3i2.894,Classification of Oil Palm Fresh Fruit Bunch Ripeness Levels Using the YOLOv11n Algorithm,2026,Journal of Digital Technology and Computer Science,Ananda Apri Anata; Ratu Mutiara Siregar; Andi Prayogi,"Purpose – Manual assessment of oil palm fresh fruit bunch (FFB) ripeness remains subjective and may reduce harvest quality consistency. This study aims to evaluate YOLOv11n for six-class FFB ripeness detection using instance-level object detection metrics. Methods – A Roboflow dataset of 17,437 augmented images was split into training, validation, and held-out test subsets across six classes: Empty Bunch, Less Ripe, Abnormal FFB, Ripe FFB, Unripe FFB, and Overripe. A qualitative consistency check was conducted by one harvest foreman. Findings – Evaluation on 1,756 held-out test images containing 6,372 FFB instances achieved precision of 0.968, recall of 0.980, F1-score of 0.974, mAP50 of 0.988, and mAP50-95 of 0.901. Overripe was the weakest class, with mAP50-95 of 0.846. Research implications – The results indicate that YOLOv11n has strong potential to support automated FFB ripeness grading. However, broader field validation, multi-annotator agreement analysis, and testing under more diverse plantation conditions are still required. Originality – This study contributes a six-class YOLOv11n-based FFB ripeness detection evaluation using held-out test-set instance-level metrics and strict localization assessment through mAP50-95.",OpenAlex,Q4;Q6,yes,medium,retain because of mechanism signal: object or instance perception; full-text review required,121,0,32,46,23,12,0,0,B,oil_palm_direct,oil-palm target; ripeness or variety attribute; fruit target; horticultural setting; instance perception; quantitative evaluation; benchmark or dataset,,priority-v1.0-title-abstract-scored-diversified,pending,pending,pending,82
234,quota:oil_palm_direct,1018,R-3230821a793b484a,10.1109/isitia66279.2025.11137494,A Hybrid Approach for Handling Occlusion in UAV Images of Fresh Oil Palm Fruit Bunches Based on Computer Vision,2025,"Proceedings - International Seminar on Intelligent Technology and its Applications, ISITIA","Zaman, Baizul (56925078100); Indrabayu (36606118800); Nurtanio, Ingrid (55746722900)","This paper presents a method that integrates Loss Rank Mining (LRM) into the YOLOv11 object detection framework to enhance training efficiency by focusing on harder examples. A key issue in detecting Fresh Fruit Bunches (FFB) in UAV imagery is occlusion, caused by overlapping fronds, clustered bunches, and inconsistent viewing angles, which often leads to undetected or misclassified objects. By prioritizing instances with elevated loss values, the model is guided to learn from complex and informative cases, particularly those related to partial occlusions a prevalent challenge in oil palm plantations. We evaluated the proposed YOLOv11-LRM model against other YOLOv11 variants using standard object detection metrics, specifically focusing on mean Average Precision (mAP). Experimental results show that YOLOv11LRM outperformed the other models, achieving an mAP50 of 99.2 % and mAP50-95 of 85.6 %. These findings demonstrate that LRM is effective in improving object detection under challenging agricultural conditions, making it especially suitable for UAV-based FFB monitoring systems.",Scopus;OpenAlex,Q6,yes,medium,retain because of mechanism signal: object or instance perception; full-text review required,116,0,46,36,23,0,0,0,B,oil_palm_direct,oil-palm target; fruit target; fruit instance operation; instance perception; quantitative evaluation,,priority-v1.0-title-abstract-scored-diversified,pending,pending,pending,554
235,quota:oil_palm_direct,1027,R-7bef179a470ead65,10.1109/aims66189.2025.11229503,Integration of Single Shot Multibox Detector and Single Scale Retinex in Detecting Oil Palm Fruit Bunches in Low Light Conditions,2025,"2025 IEEE International Conference on Artificial Intelligence and Mechatronics Systems, AIMS 2025","Sukma, Erwin (60249576900); Indrabayu (36606118800)","This research develops a computer vision-based system to detect oil palm fruit bunches in low light conditions. The main contribution of this study is to integrate two methods that can be used to detect oil palm bunches in low light conditions caused by cloudy weather conditions and dense foliage. The proposed approach is to integrate Single Scale Retinex (SSR) to improve the quality of light intensity in the image, then the detection process is carried out by Single Shot Multibox Detector (SSD). The experiment was carried out using images of oil palm fruit bunches taken directly on the tree using a resolution of 1920x1080 pixels and a shutter speed of 1/400 and ISO 400. The tests were divided into three categories based on light intensity level (lux) and data acquisition time, each consisting of 104 images for 245 bunches. In the first category (1000–1600 lux, daytime), the detection results achieved 100% precision, 85.31% recall, and 92.07% F1 score. The second category (500–999 lux, morning) recorded a precision score of 99.52%, a recall of 84.08%, and an F1 score of 91.15%. Meanwhile, the third category (200–499 lux, afternoon) produced a precision of 98.55%, a recall of 84.30%, and an F1 score of 90.87%. A comparative analysis with ISO 3200 camera settings without an image enhancement algorithm shows that the combination of ISO 400 and SSR provides a 16.75% performance improvement at 1000–1600 lux light intensity, by 48.2% at 500–999 lux light intensity and 69.21% at 200–499 lux and. A comparison was also made with SSDs integrated with MSR, the results showed that SSDs integrated with SSR had a high F1 Score. These results confirm that integrating SSR with the detection model can improve the detection performance of the model in low and uneven light conditions.",Scopus;OpenAlex,Q6,yes,medium,retain because of mechanism signal: operation on a named target; full-text review required,116,0,46,36,23,0,0,0,B,oil_palm_direct,oil-palm target; fruit target; fruit instance operation; instance perception; quantitative evaluation,,priority-v1.0-title-abstract-scored-diversified,pending,pending,pending,592
236,quota:oil_palm_direct,1080,R-07e42b379ea04a91,10.55981/j.mev.2025.1220,Real-time FFB ripeness detection using IoT-enabled YOLOv8n on Raspberry Pi 4 edge devices for precision agriculture,2025,"Journal of Mechatronics, Electrical Power, and Vehicular Technology","Noordin, Nurul Hazlina (26428300400); Samad, Rosdiyana (8546771300); Malek, Abdul Haikal Abdul (60416969200)","This paper presents the development of an edge device for cost-effective implementation in agricultural environments. Experimental evaluations demonstrate accuracy and real-time performance, showcasing its potential for adoption in the industry. The proposed system provides a reliable tool for timely and accurate monitoring of fresh fruit bunch (FFB) ripeness, facilitating optimized crop management practices. The system employs the YOLOv8n model, renowned for its efficiency in real-time object detection tasks, and is adapted to run on the resource-constrained Raspberry Pi 4. To ensure seamless operation on edge devices, model optimization techniques such as quantization and hardware acceleration are implemented, enabling rapid decision-making based on live data feeds. A dataset comprising 4,194 annotated FFB images was utilized, with a [3,681:348:165] training-validation-test split. Performance evaluation demonstrated an average precision of 0.898 and a mean average precision (mAP) of 0.952. The system potentially enhances yield quality and sustainability while supporting data-driven decision-making in precision agriculture.",Scopus;OpenAlex,Q4;Q6,yes,medium,retain because of mechanism signal: object or instance perception; full-text review required,114,0,22,46,23,12,0,0,B,oil_palm_direct,oil-palm target; ripeness or variety attribute; fruit target; instance perception; quantitative evaluation; benchmark or dataset,,priority-v1.0-title-abstract-scored-diversified,pending,pending,pending,1438
237,quota:oil_palm_direct,1084,R-17fca8f6a32d1911,10.3390/agriengineering8070296,Lightweight Deep Learning with Intra-Class Half-Mixing and Geometric Augmentation for Imbalanced Oil Palm Fresh Fruit Bunch Ripeness Classification,2026,AgriEngineering,"Madadum, Hadee (57201857684); Nasir, Fazal E. (56426010700); Haruehansapong, Kanjana (57476518500)","The precision of oil palm fresh fruit bunch (FFB) ripeness classification directly determines the extraction efficiency and chemical quality of the resulting crude palm oil (CPO). Traditional manual inspection at reception ramps remains labour-intensive, time-consuming, and subjective. To address these issues, this study presents a lightweight deep learning framework for automated oil palm FFB ripeness classification trained on a field-collected dataset of 857 images covering four ripeness classes (Over-ripe, Ripe, Under-ripe, and Unripe). Six lightweight classification backbones are evaluated, including MobileNetV2, EfficientNetV2B0/B1, and YOLO variants. An intra-class half-mixing augmentation with geometric transformation is proposed to address minority-class imbalance. Overall, YOLOv8n-cls achieved the highest accuracy (95.6%), followed by EfficientNetV2B0/B1, YOLO11n-cls, YOLO26n-cls, and MobileNetV2, respectively. In addition, all YOLO-family models achieved a recall score of 1.00 for the minority class while obtaining the highest F1 scores for the other classes. The experimental results suggest that the proposed augmentation method enables lightweight deep learning models to achieve promising classification performance on an imbalanced field-collected FFB dataset while improving minority-class detection.",Scopus;OpenAlex,Q6,yes,medium,retain because of mechanism signal: broad visual target-operation evidence; full-text review required,114,0,22,46,23,12,0,0,B,oil_palm_direct,oil-palm target; ripeness or variety attribute; fruit target; instance perception; quantitative evaluation; benchmark or dataset,,priority-v1.0-title-abstract-scored-diversified,pending,pending,pending,73
238,quota:oil_palm_direct,1095,R-82f0822638f30474,10.1063/5.0208643,Segmentation of outdoor oil palm fruit images for ripeness detection using YOLO algorithm and features thresholding,2025,AIP conference proceedings,Munirah Rosbi; Zaid Omar,,OpenAlex,Q6,no,not_assessed,abstract unavailable; do not exclude automatically,114,0,46,46,18,0,0,0,B,oil_palm_direct,oil-palm target; ripeness or variety attribute; fruit target; fruit instance operation; instance perception,,priority-v1.0-title-abstract-scored-diversified,pending,pending,pending,10078
239,quota:oil_palm_direct,1104,R-b47830c3ce981d4f,10.3390/su15020901,Enhancing Image Annotation Technique of Fruit Classification Using a Deep Learning Approach,2023,Sustainability (Switzerland),"Mamat, Normaisharah (57200984973); Othman, Mohd Fauzi (24734123300); Abdulghafor, Rawad (55776630200); Alwan, Ali A. (24478345700); Gulzar, Yonis (57191033584)","An accurate image retrieval technique is required due to the rapidly increasing number of images. It is important to implement image annotation techniques that are fast, simple, and, most importantly, automatically annotate. Image annotation has recently received much attention due to the massive rise in image data volume. Focusing on the agriculture field, this study implements automatic image annotation, namely, a repetitive annotation task technique, to classify the ripeness of oil palm fruit and recognize a variety of fruits. This approach assists farmers to enhance the classification of fruit methods and increase their production. This study proposes simple and effective models using a deep learning approach with You Only Look Once (YOLO) versions. The models were developed through transfer learning where the dataset was trained with 100 images of oil fruit palm and 400 images of a variety of fruit in RGB images. Model performance and accuracy of automatically annotating the images with 3500 fruits were examined. The results show that the annotation technique successfully annotated a large number of images accurately. The mAP result achieved for oil palm fruit was 98.7% and the variety of fruit was 99.5%.",Scopus;OpenAlex,Q6,yes,low,"no high-confidence EC1, EC5, or EC6 exclusion; full-text review required",114,0,22,46,23,12,0,0,B,oil_palm_direct,oil-palm target; ripeness or variety attribute; fruit target; instance perception; quantitative evaluation; benchmark or dataset,,priority-v1.0-title-abstract-scored-diversified,pending,pending,pending,9212
240,quota:oil_palm_direct,1123,R-1523d290bdb3dfb3,10.1088/1742-6596/3186/1/012026,Machine vision for detection of defective oil palm fresh fruit bunches using YOLO Algorithm,2026,Journal of Physics Conference Series,Dodi Sofyan Arief; Minarni Shiddiq; Jahrizal Jahrizal; M Dalil,"Abstract In the last couple of years, machine vision with object detection methods has been applied in agriculture, especially using deep learning with the You Only Look Once (YOLO) algorithm. It has gained attention for rapid in-line sorting machine vision, where efficiency in time and labor cost is crucial. This study designed and built a real-time machine vision system and a YOLOv4 tiny algorithm to identify defective oil palm fresh fruit bunches (FFBs) moving in a roller conveyor. Oil palm FFBs are the source of crude palm oil (CPO), which is the export commodity for countries of Indonesia and Malaysia. Sorting FFB is a daily process when an oil palm FFB transporting truck arrives at an oil palm refinery mill. This process is usually done manually and traditionally by two experienced workers who sort for unqualified and defective FFBs, such as long stalk, rotten, empty, and thorny or spiky FFBs. We developed a two-class model to detect normal and defective FFBs. The model has obtained the average precision (AP) of 98% for normal and 96% for defective oil palm FFBs. The accuracy validation using the confusion matrix resulted in an mAP of 99.7%. The results exhibited the potential of machine vision and YOLOv4 tiny to detect defective FFBs.",OpenAlex,Q6,yes,medium,retain because of mechanism signal: object or instance perception; full-text review required,113,0,46,36,23,0,0,0,B,oil_palm_direct,oil-palm target; fruit target; fruit instance operation; instance perception; quantitative evaluation,,priority-v1.0-title-abstract-scored-diversified,pending,pending,pending,72
241,quota:oil_palm_direct,1247,R-1c0c53e09539907f,10.47065/josh.v5i1.4408,Klasifikasi Tingkat Kematangan Buah Sawit Berbasis Deep Learning dengan Menggunakan Arsitektur Yolov5,2023,Journal of Information System Research (JOSH),Rudi Kurniawan; A. Taqwa Martadinata; Sandy Dwi Cahyo,"Object identification and recognition in the field of computer vision is undergoing rapid development and is applied to various fields, ranging from industry to the health sector. This is reflected in the amount of research conducted, including a focus on the application and personalization of machine learning, as well as the development of new models to solve specific problems and challenges. In the palm oil industry, fruit maturity is divided into two categories, namely immature and ripe. Traditionally, fruit maturity is determined visually by experienced workers based on the number of fruits falling from the bunch or the color of the bunch. However, this technique has disadvantages such as the reduced amount of oil when many fruits fall from the bunch and the subjective assessment of fruit color. Therefore, the purpose of this research is to create an oil palm fruit maturity classification system based on YOLO v5. The dataset used consists of 1500 photos and the annotation data is created with roboflow. The final result is divided into three categories, namely ripe, immature, and rotten. The YOLOv5s algorithm was used to train the dataset. Based on the model estimation results, mAP reached 92%, accuracy reached 97%, and recall reached 96%. The last step is real-time system testing.",OpenAlex,Q6,yes,medium,"retain because of mechanism signal: target-specific detection, segmentation, tracking, or counting; full-text review required",111,0,22,46,23,12,0,0,B,oil_palm_direct,oil-palm target; ripeness or variety attribute; fruit target; instance perception; quantitative evaluation; benchmark or dataset,,priority-v1.0-title-abstract-scored-diversified,pending,pending,pending,1186
242,quota:oil_palm_direct,1257,R-9d2519642b26335f,10.1109/icsima55652.2022.9929099,Analysis Of Ground FFB Detection Via Real Sense Camera,2022,"8th IEEE International Conference on Smart Instrumentation, Measurement and Applications, ICSIMA 2022","Kadir, K. (37079357500); Hasan, W.Z.W. (57219410727); Zaidi, M.S.A.A (59066463600); Kassim, M.S.M (55205598600); Mustafa, M.F. (57219541470)","Applications utilizing 3D Camera technologies for detecting fruit in the agriculture sector continue to expand. The Intel RealSense is one of the leading 3D depth sensing cameras, currently available on the market and aligns itself for use in many applications, including robotics, automation, and agriculture sectors. University Putra Malaysia, in collaboration with oil palm industries, has developed an autonomous fresh fruit bunch (FFB) collector machine equipped with an object detection system capable of detecting and collecting the FFB on the ground using RealSense camera technologies. We applied deep learning models to detect and collect oil palm fresh fruits bunch (FFB). Our FFB datasets were trained using the open-source YOLOv4, and the trained weight file was sent to our tractor to detect and collect the FFB autonomously. This research focuses on the performance of the detection method of YOLOv4 in detecting and collecting FFB on the ground via a RealSense camera. Based on the research carried out, we found that the reduce in network architecture will reduce the total detection time. The recognition performance is improved significantly from YOLOv4 to YOLOv4-tiny in term of the FPS and the time taken for the detection.",Scopus;OpenAlex,Q6,yes,medium,retain because of mechanism signal: object or instance perception; full-text review required,111,0,46,36,18,0,0,0,B,oil_palm_direct,oil-palm target; fruit target; fruit instance operation; instance perception,,priority-v1.0-title-abstract-scored-diversified,pending,pending,pending,1146
243,quota:oil_palm_direct,1270,R-f73fa7faa88c6ea5,10.1109/iceei52609.2021.9611111,An Oil Palm Loose Fruits Image Detection System using Faster R -CNN and Jetson TX2,2021,Proceedings of the International Conference on Electrical Engineering and Informatics,"Xiang, Ang Jin (57413479300); Huddin, Aqilah Baseri (56469885100); Ibrahim, Mohd Faisal (57189292118); Hashim, Fazida Hanim (23094411600)","Palm oil is an essential world vegetable oil. The oil palm is reported to have the highest oil yield compared to other major world crops. Palm oil can be extracted from two main sources that are fresh fruit bunches and loose fruits. Although the main focus of the oil producer is to collect fruit bunches, the loose fruit has relatively higher oil content. However, the condition of scattered loose fruits at the farm wastes the farmers' time and energy in the loose fruit collecting process, and it leads to the lower back pain and spine fatigue of the workers. The conventional methods for collecting loose fruit such as manual hand-picked or a roller-type fruit collector are still less efficient. Hence, this work proposes a system for oil palm loose fruits detection using Faster R-CNN, a deep learning algorithm and NVIDIA Jetson TX2 hardware. In this study, 500 images of loose fruits were collected from an oil palm farm at Bukit Bangkong, Selangor during the harvesting process. The data were pre-processed using few techniques such as image resizing, cropping, data augmentation and data labelling. Faster R-CNN, a deep learning algorithm is used to train the model of the detection system by using 400 images from the acquired sample. The trained model was validated and tested with the remaining 100 images from the sample. The model performance showed that the loose fruit detection system is built successfully when it achieved accuracy for about 94 <sup xmlns:mml=""http://www.w3.org/1998/Math/MathML"" xmlns:xlink=""http://www.w3.org/1999/xlink"">%</sup> , 94 % and 91 % for intersection-of-union thresholds equal to 0.5, 0.7 and 0.9, respectively. The result showed that the developed system is able to detect oil palm loose fruits accurately and has the potential in contributing to the development of oil palm loose fruit automatic harvesting system.",Scopus;OpenAlex,Q6,yes,medium,"retain because of mechanism signal: target-specific detection, segmentation, tracking, or counting; full-text review required",111,0,46,36,18,0,0,0,B,oil_palm_direct,oil-palm target; fruit target; fruit instance operation; instance perception,,priority-v1.0-title-abstract-scored-diversified,pending,pending,pending,261
244,quota:oil_palm_direct,1358,R-7d6c11165d89a9f3,10.21894/jopr.2023.0059,OIL PALM LEVEL OF RIPENESS CLASSIFICATION USING EFFICIENTDET-LITE CNN ARCHITECTURE,2024,Journal of Oil Palm Research,"Soetrisno, Yosua Alvin Adi (57203060243); Handoyo, Eko (35795214200); Sumardi (55005274100); Sinuraya, Enda Wista (57189351517)","Determining the category of ripeness of oil palm fresh fruit bunches (FFB) based on maturity is essential in estimating suitable fruit for processing.Ripeness classification could prevent the oil palm from becoming over-ripe.When the oil palm becomes over-ripe, the quality of oil extracted is not optimal because of the increase in free-fatty acid level.The deep learning approach usually used in object detection could help in object classification based on the model trained with the oil palm dataset.Many kinds of research used shared convolutional neural network (CNN) architecture to detect the ripeness of oil palms fruits.This research contributes to finding the suitable CNN model specialised in oil palm FFB ripeness using an unequal scalable feature known as EfficientDet.We propose the most proper coefficient for object detection scaling with the following configuration.The compound coefficient D2's resolution is used as EfficientDet-Lite2 input size.EfficientDet-Lite2's backbone network is nearly identical to EfficientDet using D2.The bi-directional feature pyramid network (Bi-FPN) layer is five, and the box class per layer is three.The accuracy of the proposed EfficientDet-Lite2 using EfficientDet D2 input is 84% and has been tested in Indonesian plantations.",Scopus;OpenAlex,Q4;Q6,yes,medium,retain because of mechanism signal: object or instance perception; full-text review required,109,0,22,46,18,12,0,0,B,oil_palm_direct,oil-palm target; ripeness or variety attribute; fruit target; instance perception; benchmark or dataset,,priority-v1.0-title-abstract-scored-diversified,pending,pending,pending,472
245,quota:oil_palm_direct,1499,M-e8e8180cf3cf7742,10.5281/zenodo.21153337,"Bounding Box-Annotated Oil Palm Fresh Fruit Bunch (FFB) Ripeness Dataset from Central Kalimantan, Indonesia",2026,Zenodo (CERN European Organization for Nuclear Research),Wahyu Nurkholis Hadi Syahputra; Chatchawan Chaichana; Damorn Bundhurat; Patiwet Wuttisarnwattana,"This dataset presents a bounding box-annotated image collection of oil palm Fresh Fruit Bunches (FFB) captured under natural illumination at post-harvest stages in Barunang Miri Village, Kotawaringin Timur Regency, Central Kalimantan, Indonesia. It comprises 557 RGB images of the Tenera variety (Elaeis guineensis Jacq.) across four quality classes: underripe, ripe, overripe, and empty bunch, defined per the IOPRI (1997) FFB ripeness fraction classification. Images were acquired using an OPPO Reno 7 (64 MP) and a Realme 9i (50 MP), and annotated in Roboflow using YOLO (.txt) format with an accompanying data.yaml configuration file. The dataset is split into training (70%), validation (20%), and test (10%) subsets via stratified random sampling.",OpenAlex,Q4;Q6,yes,low,"no high-confidence EC1, EC5, or EC6 exclusion; full-text review required",106,0,22,46,18,12,0,0,B,oil_palm_direct,oil-palm target; ripeness or variety attribute; fruit target; instance perception; benchmark or dataset,,priority-v1.0-title-abstract-scored-diversified,pending,pending,pending,8640
246,quota:oil_palm_direct,1709,R-8fc65b2d290a1169,10.35760/ik.2025.v30i1.14007,TINJAUAN LITERATUR SISTEMATIS PENDEKATAN DEEP LEARNING UNTUK DETEKSI DAN PERHITUNGAN POHON KELAPA SAWIT,2025,Jurnal Ilmiah Informatika Komputer,Raden Gafur Wijayanto; Reza Fauzi; Anton Satria Prabuwono,"Kelapa sawit merupakan komoditas utama dalam industri perkebunan yang membutuhkan manajemen efektif, terutama dalam pendeteksian dan penghitungan pohon guna meningkatkan produktivitas dan efisiensi operasional. Pendekatan manual memiliki keterbatasan dalam akurasi dan efisiensi, sehingga deep learning menjadi solusi yang menjanjikan. Penelitian ini menerapkan metode Systematic Literature Review (SLR) untuk mengidentifikasi teknik terbaru dalam deteksi dan penghitungan pohon kelapa sawit menggunakan citra penginderaan jauh. Dari 15 artikel yang dianalisis (2019–2024), berbagai metode ditemukan, termasuk Multi-level Attention Domain Adaptation Network (MADAN), Multi-class Oil Palm Detection Approach (MOPAD), YOLO, CNN, ANN, dan ResNet, dengan sumber data dari Google Earth, citra satelit, serta UAV. YOLOv4 mencatat F1-Score tertinggi 97,74%, sedangkan ANN mencapai akurasi 98,29%. Pemanfaatan UAV terbukti meningkatkan akurasi deteksi dibandingkan citra satelit. Tantangan utama meliputi kebutuhan dataset berkualitas tinggi, variabilitas kondisi lingkungan, serta integrasi ke dalam sistem manajemen perkebunan. Studi ini menyimpulkan bahwa deep learning efektif dalam otomatisasi deteksi dan penghitungan pohon kelapa sawit, namun optimalisasi model dan pengembangan teknik baru masih diperlukan untuk meningkatkan akurasi serta penerapan dalam skala industri guna mendukung pertanian presisi dan keberlanjutan sektor perkebunan",OpenAlex,Q5;Q6,yes,medium,retain because of mechanism signal: broad visual target-operation evidence; full-text review required,103,0,0,36,23,36,0,0,B,oil_palm_direct,oil-palm target; instance perception; quantitative evaluation; prior review; benchmark or dataset,,priority-v1.0-title-abstract-scored-diversified,pending,pending,pending,1547
247,quota:oil_palm_direct,1765,R-5b71ab35e6518085,10.1088/1742-6596/1748/4/042011,Research on Spatial Positioning System of Fruits to be Picked in Field Based on Binocular Vision and SSD Model,2021,Journal of Physics Conference Series,Xing Zhang; Qiaoming Gao; Dong Pan; Peng Cheng Cao,"Abstract The accurate fruit recognition in the field was one of the key technologies of fruit picking agricultural robots. An improved Single Shot Multi-Box Detector (SSD) model based on the color and morphological characteristics of fruit was proposed in this paper when aimed at the large collection workload and low secondary transfer efficiency of fruit such as palm fruit, durian, pineapple and other fruits grown in a complex field environment. A binocular depth camera RealSense D435i was used to collect images of the fruit to be picked in the field. Meanwhile, the MobileNet was replaced with the VGG16 basic network based on the Tensor-flow deep learning framework to reduce the amount of convolution operations for extracting image features in the SSD model, and a spatial positioning system for pineapple fruit was designed. Furtherly, experiments showed that the improved SSD depth detection model had a smaller size and it was more convenient to be deployed on the mobile end of agricultural robots, which the model had a high accuracy in the effective recognition of the fruits to be picked under the weed occlusion and overlapping scenes. The frame rate of the video reading and detection for the binocular depth camera reached 16.74 Frames Per Second (FPS), which had good robustness and real-time, and a good solution for the automatic picking of agricultural picking robots could be provided in the field.",OpenAlex,Q3,yes,medium,"retain because of mechanism signal: target-specific detection, segmentation, tracking, or counting; full-text review required",102,22,54,0,18,0,0,0,B,oil_palm_direct,depth or point cloud; fruit target; fruit instance operation; instance perception,,priority-v1.0-title-abstract-scored-diversified,pending,pending,pending,5034
248,quota:oil_palm_direct,1981,R-3322a23d2d8d5e4c,10.1109/ispacs62486.2024.10867934,Fresh Fruit Bunch Detection Performance: A Comparative Evaluation of Training Strategies,2024,"Proceedings of the International Symposium on Intelligent Signal Processing and Communication Systems, ISPACS","Jailani, Bayhaqi Mohd (59716534400); Mustafa, Muhammad Farhan (57219541470); Kadim, Zulaikha (36717665100); Woon, Hon Hock (55583168200); Chie, Lee Chia (57217077986)","In this study, we evaluate the impact of different training methodologies on the performance of YOLOv5s, a popular object detection model, by comparing training time, GPU memory usage, and detection accuracy. We explore four distinct approaches: single batch training, multiple batch training, single batch training with concatenated images, and multiple batch training with concatenated images. The objective is to determine whether using concatenated images can reduce training time while assessing its effects on GPU utilization and detection accuracy, all while using the same dataset.Our experiments reveal that training with concatenated images significantly reduces the overall training time. Interestingly, GPU memory usage remains consistent with that of traditional training methods without concatenation. However, this approach leads to a slight reduction in detection accuracy compared to the native methods that do not involve image concatenation.In conclusion, for applications where reducing training time is crucial and a marginal decrease in accuracy is acceptable, training with concatenated images presents a more efficient alternative to conventional methods.",Scopus;OpenAlex,Q6,yes,medium,retain because of mechanism signal: object or instance perception; full-text review required,99,0,22,36,18,12,0,0,B,oil_palm_direct,oil-palm target; fruit target; instance perception; benchmark or dataset,,priority-v1.0-title-abstract-scored-diversified,pending,pending,pending,436
249,quota:oil_palm_direct,2100,R-e4eeb2d14b2229cd,10.66003/inteksis.v11i2.10424,SISTEM DETEKSI CITRA UNTUK IDENTIFIKASI PENYAKIT TANAMAN KELAPA SAWIT BERBASIS KECERDASAN BUATAN,2024,INTEKSIS,Edo Wardus; Riyadi J. Iskandar; Susana Susana,"Palm oil is one of the main agricultural commodities in Indonesia. Oil palms are inseparable from disease attacks which can cause their growth to decrease. Limited information and knowledge of farmers hinders disease control. This research focuses on the need for a system that can help identify palm oil diseases. This research begins with collecting a dataset, then the data preprocessing stage is carried out. Next, the AI ​​model is developed, then the model is trained, validated and evaluated. After that, the model is implemented and tested and documentation and reports are created. During the 20 epochs carried out, there were variations in performance improvements. Although initially the model accuracy was still low, over time the model accuracy began to increase. The test results show that the process of detecting types of oil palm disease is very dependent on image quality, shooting distance, lighting conditions and noise in the image. Test results on a dataset consisting of 6 classes show an accuracy level of 98.63 percent. This image detection system provides good test results for recognizing new data. Thus, this system has proven to be effective and can be used to detect oil palm plant diseases. Keywords: Artificial Intelligence, Image Detection, Classification of Oil Palm Diseases, Object Detection",OpenAlex,Q6,yes,medium,retain because of mechanism signal: object or instance perception; full-text review required,98,0,24,36,18,12,0,0,B,oil_palm_direct,oil-palm target; fruit instance operation; instance perception; benchmark or dataset,,priority-v1.0-title-abstract-scored-diversified,pending,pending,pending,1398
250,quota:oil_palm_direct,2135,R-68c1120e14890f91,10.23919/ascc56756.2022.9828345,Comparison of Palm Oil Fresh Fruit Bunches (FFB) Ripeness Classification Technique using Deep Learning Method,2022,"ASCC 2022 - 2022 13th Asian Control Conference, Proceedings","Khamis, Nurulaqilla (57054183600); Selamat, Hazlina (35615708300); Ghazalli, Shuwaibatulaslamiah (57215772885); Md Saleh, Nurul Izrin (57835557200); Yusoff, Nooraini (35199085400)","The ripeness of palm oil fruit is currently determined through manual visual inspection by palm oil estate workers that could result inconsistent and inaccurate fruit grading. Moreover, the manual inspection is time-consuming and exhausting duty for humans to complete the daily repetitive task. To overcome this issue, this paper proposes an automatic fruit grading classification by utilizing computer vision technologies. A comparison using image classification (ResNet50) and object detection (YOLOv3) technique is analysed in this work. It is clearly demonstrated that object detection model is remarkable in improving ripeness category based on the finer level of feature that has been extracted during the convolutional process.",Scopus;OpenAlex,Q4;Q6,yes,medium,retain because of mechanism signal: object or instance perception; full-text review required,97,0,22,46,18,0,0,0,B,oil_palm_direct,oil-palm target; ripeness or variety attribute; fruit target; instance perception,,priority-v1.0-title-abstract-scored-diversified,pending,pending,pending,292
