{
 "video": "VID_20260205_090556.mp4",
 "n_frames": 16,
 "ckpt": "depth-anything/da3-large",
 "process_res": 504,
 "seconds": 2.2281694412231445,
 "depth_shape": [
  16,
  280,
  504
 ],
 "is_metric": {},
 "orbit": {
  "ok": true,
  "n_cameras": 16,
  "radius": 0.9333437626924477,
  "radius_rel": 1.0208325559608995,
  "circle_resid_mean_rel": 0.08260453505458928,
  "circle_resid_max_rel": 0.20913706765543844,
  "off_plane_rms_rel": 0.09842411661872459,
  "angular_span_deg": 293.90875244140625,
  "step_deg_mean": 30.619089126586914,
  "step_deg_std": 32.84899139404297,
  "monotonic_sweep": false,
  "pca_singular_values": [
   2.7915515899658203,
   2.406475305557251,
   0.3674541413784027
  ],
  "planarity_ratio": 0.1316307932138443
 },
 "camera_centers": [
  [
   -0.5710914134979248,
   0.8192209005355835,
   1.5190508365631104
  ],
  [
   -0.39143961668014526,
   0.8025322556495667,
   1.4755523204803467
  ],
  [
   -0.32698777318000793,
   1.022684097290039,
   0.9813187718391418
  ],
  [
   -0.21824520826339722,
   0.8818864822387695,
   0.38622385263442993
  ],
  [
   -0.05565394461154938,
   0.5188277959823608,
   0.1320066899061203
  ],
  [
   0.00141060259193182,
   -0.0004418184980750084,
   -0.0002076570235658437
  ],
  [
   -0.21225784718990326,
   -0.34104597568511963,
   -0.032373689115047455
  ],
  [
   -0.21996134519577026,
   -0.3512997031211853,
   -0.016640793532133102
  ],
  [
   -0.11335133016109467,
   -0.6045076847076416,
   0.15063908696174622
  ],
  [
   -0.08704975247383118,
   -0.9133535623550415,
   0.4567488729953766
  ],
  [
   -0.05906493961811066,
   -0.9784990549087524,
   1.2081369161605835
  ],
  [
   -0.27786490321159363,
   -0.7675883769989014,
   1.0543999671936035
  ],
  [
   -0.18229031562805176,
   -0.6312056183815002,
   1.2229950428009033
  ],
  [
   -0.43152129650115967,
   0.18426832556724548,
   1.543386697769165
  ],
  [
   -0.2632949650287628,
   -0.7159636616706848,
   1.1179200410842896
  ],
  [
   -0.4742010831832886,
   -0.2560321092605591,
   1.691866397857666
  ]
 ],
 "layering": {
  "per_frame": [
   {
    "min": 0.7501497864723206,
    "max": 3.89432954788208,
    "p1": 0.7808884638547897,
    "p50": 1.1148242354393005,
    "p99": 3.1237074613571165,
    "std": 0.4754381775856018,
    "dyn_range_ratio": 2.101514232491663
   },
   {
    "min": 0.7201977968215942,
    "max": 3.9697160720825195,
    "p1": 0.7585945481061935,
    "p50": 1.0721752047538757,
    "p99": 3.020980160236355,
    "std": 0.4418800175189972,
    "dyn_range_ratio": 2.110089472409974
   },
   {
    "min": 0.6937555074691772,
    "max": 2.683583974838257,
    "p1": 0.7429461741447448,
    "p50": 1.0433382391929626,
    "p99": 2.160158348083496,
    "std": 0.3024766445159912,
    "dyn_range_ratio": 1.3583439393872743
   },
   {
    "min": 0.6828301548957825,
    "max": 2.1430490016937256,
    "p1": 0.7345145988464356,
    "p50": 1.0174420475959778,
    "p99": 2.1103033113479612,
    "std": 0.2989147901535034,
    "dyn_range_ratio": 1.3522035144431597
   },
   {
    "min": 0.5117733478546143,
    "max": 2.1218276023864746,
    "p1": 0.5710021132230758,
    "p50": 0.9019774794578552,
    "p99": 2.0287517166137694,
    "std": 0.33954551815986633,
    "dyn_range_ratio": 1.61617073218601
   },
   {
    "min": 0.5381500124931335,
    "max": 2.4648592472076416,
    "p1": 0.5961061930656433,
    "p50": 0.8329034149646759,
    "p99": 2.3351044607162477,
    "std": 0.4300961494445801,
    "dyn_range_ratio": 2.087875060188529
   },
   {
    "min": 0.6015397310256958,
    "max": 3.1687839031219482,
    "p1": 0.649098568558693,
    "p50": 0.8967143595218658,
    "p99": 2.8608223271369932,
    "std": 0.4572456181049347,
    "dyn_range_ratio": 2.4664752327124617
   },
   {
    "min": 0.6203240752220154,
    "max": 2.9387898445129395,
    "p1": 0.6570048385858536,
    "p50": 0.8859964609146118,
    "p99": 2.647025797367096,
    "std": 0.48986539244651794,
    "dyn_range_ratio": 2.2460822887790646
   },
   {
    "min": 0.46367982029914856,
    "max": 2.6373701095581055,
    "p1": 0.547963700890541,
    "p50": 0.811146080493927,
    "p99": 2.491094355583191,
    "std": 0.41654184460639954,
    "dyn_range_ratio": 2.3955372545342626
   },
   {
    "min": 0.42691558599472046,
    "max": 2.3790528774261475,
    "p1": 0.4600826188921928,
    "p50": 0.7714825570583344,
    "p99": 2.0712551164627073,
    "std": 0.3660743832588196,
    "dyn_range_ratio": 2.0884107914428043
   },
   {
    "min": 0.5007611513137817,
    "max": 1.8551925420761108,
    "p1": 0.5294450497627259,
    "p50": 0.8220561444759369,
    "p99": 1.7969952237606048,
    "std": 0.33627790212631226,
    "dyn_range_ratio": 1.5419265247460023
   },
   {
    "min": 0.6215330362319946,
    "max": 3.1526455879211426,
    "p1": 0.6852228206396103,
    "p50": 0.9251035153865814,
    "p99": 2.561197791099547,
    "std": 0.3640553951263428,
    "dyn_range_ratio": 2.027854114980858
   },
   {
    "min": 0.612973690032959,
    "max": 2.357215642929077,
    "p1": 0.6381084930896759,
    "p50": 0.8453691601753235,
    "p99": 2.1819037938117978,
    "std": 0.33846092224121094,
    "dyn_range_ratio": 1.8261788736200761
   },
   {
    "min": 0.6247411966323853,
    "max": 2.6479368209838867,
    "p1": 0.6588916462659836,
    "p50": 0.8779651522636414,
    "p99": 2.292181746959686,
    "std": 0.3126850724220276,
    "dyn_range_ratio": 1.8603131302906735
   },
   {
    "min": 0.5252392292022705,
    "max": 3.0798418521881104,
    "p1": 0.5653912597894668,
    "p50": 0.9512525796890259,
    "p99": 2.8090083193778983,
    "std": 0.448142409324646,
    "dyn_range_ratio": 2.3585923523296963
   },
   {
    "min": 0.326503723859787,
    "max": 2.8512179851531982,
    "p1": 0.4991100126504898,
    "p50": 1.046221673488617,
    "p99": 2.7343021726608274,
    "std": 0.46497076749801636,
    "dyn_range_ratio": 2.1364422250564825
   }
  ],
  "dyn_range_ratio_mean": 1.973375608724937,
  "p50_across_frames_std": 0.10081712854935514,
  "conf_mean": 1.8084867000579834,
  "conf_frac_low": 0.1999813988095238
 }
}