no,idx,key,tahun,judul,doi,abstrak,dasar_keputusan_ai,mekanisme_ai,akuisisi_ai,per_kelas_ai,hasil_ringkas_ai,pdf_ada,path_teks,hanya_judul,konfirmasi_C1,kode_benar,catatan,catatan_skrip
1,91,blondet2026counting,2026,Counting Avocados in Orchard Videos Using a YOLO and BoT-SORT-Based Architecture,10.1007/978-3-032-20322-9_36,,judul,M3,V,N,"alpukat, BoT-SORT (judul)",N,,Y,,,,tanpa abstrak dan tanpa PDF: cari abstrak/teks lengkap lewat DOI
2,64,feng2026greenhouse,2026,Greenhouse Tomato Fruit Inspection and Counting Method Based on Improved YOLO v8n ByteTrack,10.6041/j.issn.1000-1298.2026.05.011,,judul,M3,V,N,"tomat rumah kaca, ByteTrack (judul)",N,,Y,,,,tanpa abstrak dan tanpa PDF: cari abstrak/teks lengkap lewat DOI
3,2901,hu2026calibration,2026,Calibration-enhanced multi-view RGB-D vision for robust recognition and 3D localization of strawberries under occlusions,10.1016/j.compag.2025.111221,,judul,M4,D,N,stroberi; RGB-D multipandang dengan kalibrasi untuk pengenalan dan lokalisasi 3D di bawah oklusi (judul),N,,Y,,,,tanpa abstrak dan tanpa PDF: cari abstrak/teks lengkap lewat DOI
4,10,huang2026mfft,2026,MFFT: an improved method for stable ID tracking and counting of multi-class mango segmentation with multi-feature fusion in complex occlusion scenarios,10.1016/j.compag.2026.112149,,judul,M3,V,Y,mangga multikelas; pelacakan ID stabil dengan fusi fitur (judul),N,,Y,,,,tanpa abstrak dan tanpa PDF: cari abstrak/teks lengkap lewat DOI
5,73,park2026incremental,2026,Incremental 3D Crop Model Association for Real-Time Counting in Dense Orchards,10.1109/lra.2026.3662648,,judul,M4,V,N,"asosiasi model tanaman 3D inkremental dengan GIoU 3D; kebun padat (judul, TLDR)",N,,Y,,,,tanpa abstrak dan tanpa PDF: cari abstrak/teks lengkap lewat DOI
6,47,tu2026passion,2026,Passion Fruit Counting Method Based on Lightweight YOLO lln CLL and BoT SORT,10.6041/j.issn.1000-1298.2026.10.021,,judul,M3,V,N,"markisa, BoT-SORT (judul)",N,,Y,,,,tanpa abstrak dan tanpa PDF: cari abstrak/teks lengkap lewat DOI
7,55,weng2026citrus,2026,Citrus tracking and counting using UAV remote sensing video imagery with improved YOLO11,10.11975/j.issn.1002-6819.202508166,,judul,M3,V,N,jeruk dari video UAV (judul),N,,Y,,,,tanpa abstrak dan tanpa PDF: cari abstrak/teks lengkap lewat DOI
8,170,lyu2025counting,2025,Counting bagging grape using improved YOLOv9s and adaptive Kalman filter,10.11975/j.issn.1002-6819.202412026,,judul,M3,V,N,anggur berkantong; Kalman adaptif (judul),N,,Y,,,,tanpa abstrak dan tanpa PDF: cari abstrak/teks lengkap lewat DOI
9,161,lyu2025real,2025,Real-time detecting and counting dual-association bagged grape clusters using EMO-YOLOv5s,10.11975/j.issn.1002-6819.202412150,,judul,M3,V,N,anggur berkantong; asosiasi ganda (judul),N,,Y,,,,tanpa abstrak dan tanpa PDF: cari abstrak/teks lengkap lewat DOI
10,246,matos2025apple,2025,An Apple Counting System Robust to Multiple Intermittent Occlusions,10.1007/978-3-031-73497-7_15,,judul,M3,V,N,apel dengan oklusi berselang (judul),N,,Y,,,,tanpa abstrak dan tanpa PDF: cari abstrak/teks lengkap lewat DOI
11,158,pichhika2025enhanced,2025,Enhanced YOLO-Based Mango Detection and Centroid Tracking for Precise Yield Estimation,10.1007/s10341-025-01385-9,,judul,M3,V,N,"mangga; pelacakan sentroid (judul, TLDR)",N,,Y,,,,tanpa abstrak dan tanpa PDF: cari abstrak/teks lengkap lewat DOI
12,188,tu2025estimation,2025,Estimation of passion fruit yield based on YOLOv8n + OC-SORT + CRCM algorithm,10.1016/j.compag.2024.109727,,judul,M3,V,N,markisa; OC-SORT + metode hitung CRCM (judul),N,,Y,,,,tanpa abstrak dan tanpa PDF: cari abstrak/teks lengkap lewat DOI
13,137,zhang2025row,2025,Row-based kiwifruit counting pipeline for smartphone-captured videos using fruit tracking and detection region adaptation guided by support-post,10.1016/j.compag.2025.110476,,judul,M3,V,N,kiwi dari video ponsel; wilayah deteksi dipandu tiang penyangga (judul),N,,Y,,,,tanpa abstrak dan tanpa PDF: cari abstrak/teks lengkap lewat DOI
14,278,an2024stratracker,2024,StraTracker: A dynamic counting method for growing strawberries based on multi-target tracking,10.1016/j.compag.2024.109564,,judul,M3,V,N,stroberi tumbuh; pelacakan multi-target (judul),N,,Y,,,,tanpa abstrak dan tanpa PDF: cari abstrak/teks lengkap lewat DOI
15,286,hernandez2024multi,2024,Multi-Object Tracking in Agricultural Applications using a Vision Transformer for Spatial Association,10.1016/j.compag.2024.109379,,judul,M3,V,N,pelacakan dengan vision transformer untuk asosiasi spasial (judul),N,,Y,,,,tanpa abstrak dan tanpa PDF: cari abstrak/teks lengkap lewat DOI
16,336,qi2024improved,2024,An improved framework based on tracking-by-detection for simultaneous estimation of yield and maturity level in cherry tomatoes,10.1016/j.measurement.2024.114117,,judul,M3,V,Y,tomat ceri; hasil dan tingkat kematangan serentak berbasis pelacakan (judul),N,,Y,,,,tanpa abstrak dan tanpa PDF: cari abstrak/teks lengkap lewat DOI
17,319,safre2024advanced,2024,Advanced methods for yield mapping in tart cherries: tank change tracking and YOLO-DeepSort fruit counting,10.17660/actahortic.2024.1395.38,,judul,M2+M3,V,N,ceri asam; YOLO-DeepSORT + pelacakan pergantian tangki (judul),N,,Y,,,,tanpa abstrak dan tanpa PDF: cari abstrak/teks lengkap lewat DOI
18,295,santos2024multiple,2024,Multiple orange detection and tracking with 3-D fruit relocalization and neural-net based yield regression in commercial sweet orange orchards,10.1016/j.compag.2024.109199,,judul,M3+M4,V,N,jeruk manis; pelacakan + relokalisasi 3D + regresi hasil jaringan saraf (judul),N,,Y,,,,tanpa abstrak dan tanpa PDF: cari abstrak/teks lengkap lewat DOI
19,1060,scalisi2024detecting,2024,"Detecting, mapping and digitising canopy geometry, fruit number and peel colour in pear trees with different architecture",10.1016/j.scienta.2023.112737,,judul,M4,V,Y,pir; platform komersial memetakan jumlah buah dan warna kulit per pohon (judul),N,,Y,,,,tanpa abstrak dan tanpa PDF: cari abstrak/teks lengkap lewat DOI
20,312,tu2024passion,2024,A passion fruit counting method based on the lightweight YOLOv5s and improved DeepSORT,10.1007/s11119-024-10132-1,,judul,M2+M3,V,N,markisa; DeepSORT termodifikasi (judul),N,,Y,,,,tanpa abstrak dan tanpa PDF: cari abstrak/teks lengkap lewat DOI
21,296,villacres2024assessing,2024,Assessing a multi-camera system to enhance fruit visibility for robotic harvesting in a V-trellised apple orchard,10.1016/j.compag.2024.109164,,judul,M0,D,N,apel V-trellis; sistem multikamera untuk visibilitas buah bagi robot panen (judul),N,,Y,,,,tanpa abstrak dan tanpa PDF: cari abstrak/teks lengkap lewat DOI
22,325,wang2024camellia,2024,Camellia oleifera Fruit Static and Dynamic Detection Counting Based on Improved COF-YOLO v8n,10.6041/j.issn.1000-1298.2024.04.019,,judul,M3,V,N,camellia; hitung statis dan dinamis (judul),N,,Y,,,,tanpa abstrak dan tanpa PDF: cari abstrak/teks lengkap lewat DOI
23,297,wang2024slam,2024,"SLAM-PYE: Tightly coupled GNSS-binocular-inertial fusion for pitaya positioning, counting, and yield estimation",10.1016/j.compag.2024.109177,,judul,M4,V,N,"pitaya; GNSS-stereo-inersia SLAM untuk posisi, hitung, hasil (judul)",N,,Y,,,,tanpa abstrak dan tanpa PDF: cari abstrak/teks lengkap lewat DOI
24,381,xia2024kiwifruit,2024,Kiwifruit Counting Using Kiwidetector and Kiwitracker,10.1007/978-3-031-47724-9_41,,judul,M3,V,N,kiwi; Kiwitracker (judul),N,,Y,,,,tanpa abstrak dan tanpa PDF: cari abstrak/teks lengkap lewat DOI
25,334,zheng2024robust,2024,A robust and efficient citrus counting approach for large-scale unstructured orchards,10.1016/j.agsy.2024.103867,,judul,M3,V,N,jeruk kebun tak terstruktur skala besar (judul),N,,Y,,,,tanpa abstrak dan tanpa PDF: cari abstrak/teks lengkap lewat DOI
26,462,guo2023real,2023,Real-time Production Prediction of Kiwifruit in Orchard Based on Video Tracking Algorithm,10.6041/j.issn.1000-1298.2023.06.018,,judul,M3,V,N,kiwi; prediksi produksi berbasis pelacakan video (judul),N,,Y,,,,tanpa abstrak dan tanpa PDF: cari abstrak/teks lengkap lewat DOI
27,422,lyu2023method,2023,Method for estimation of bagged grape yield using a self-correcting NMS-ByteTrack,10.11975/j.issn.1002-6819.202304116,,judul,M3,V,N,anggur berkantong; NMS-ByteTrack koreksi diri (judul),N,,Y,,,,tanpa abstrak dan tanpa PDF: cari abstrak/teks lengkap lewat DOI
28,469,parico2023real,2023,Real-Time Pear Fruit Detection and Counting Using YOLOv4 Models and Deep SORT,10.1007/978-981-19-8113-5_11,,judul,M2+M3,V,N,pir; YOLOv4 + DeepSORT (judul; versi prosiding dari 592),N,,Y,,,,tanpa abstrak dan tanpa PDF: cari abstrak/teks lengkap lewat DOI
29,433,shen2023real,2023,Real-time tracking and counting of grape clusters in the field based on channel pruning with YOLOv5s,10.1016/j.compag.2023.107662,,judul,M3,V,N,anggur; YOLOv5s dipangkas + pelacakan (judul),N,,Y,,,,tanpa abstrak dan tanpa PDF: cari abstrak/teks lengkap lewat DOI
30,464,villacres2023apple,2023,Apple orchard production estimation using deep learning strategies: A comparison of tracking-by-detection algorithms,10.1016/j.compag.2022.107513,,judul,M3,V,N,apel; perbandingan algoritme pelacakan-dengan-deteksi (judul),N,,Y,,,,tanpa abstrak dan tanpa PDF: cari abstrak/teks lengkap lewat DOI
31,555,dai2022tracking,2022,Tracking and Counting Method for Tomato Fruits Scouting Robot in Greenhouse,10.1007/978-3-031-13844-7_6,,judul,M3,V,N,"tomat, robot pengintai rumah kaca (judul)",N,,Y,,,,tanpa abstrak dan tanpa PDF: cari abstrak/teks lengkap lewat DOI
32,522,gao2022novel,2022,A novel apple fruit detection and counting methodology based on deep learning and trunk tracking in modern orchard,10.1016/j.compag.2022.107000,,judul,M3,V,N,apel; pelacakan batang pohon sebagai acuan gerak (judul),N,,Y,,,,tanpa abstrak dan tanpa PDF: cari abstrak/teks lengkap lewat DOI
33,509,he2022cascade,2022,Cascade-SORT: A robust fruit counting approach using multiple features cascade matching,10.1016/j.compag.2022.107223,,judul,M3,V,N,Cascade-SORT; pencocokan kaskade banyak fitur (judul),N,,Y,,,,tanpa abstrak dan tanpa PDF: cari abstrak/teks lengkap lewat DOI
34,495,tureckova2022slicing,2022,Slicing aided large scale tomato fruit detection and counting in 360-degree video data from a greenhouse,10.1016/j.measurement.2022.111977,,judul,M3,V,N,"tomat, video 360 derajat rumah kaca; deteksi berbantuan irisan (judul)",Y,literature/scopus-2026-09/teks/tureckova2022slicing.txt,Y,,,,
35,3641,vulpi2022rgb,2022,An RGB-D multi-view perspective for autonomous agricultural robots,10.1016/j.compag.2022.107419,,judul,M4,D,N,robot pertanian; perspektif multipandang RGB-D (judul),N,,Y,,,,tanpa abstrak dan tanpa PDF: cari abstrak/teks lengkap lewat DOI
36,525,zhu2022identification,2022,Identification and Counting Method of Potted Kumquat Fruits Based on Point Cloud Registration,10.6041/j.issn.1000-1298.2022.05.021,,judul,M4,D,N,kumquat pot; registrasi awan titik (judul),N,,Y,,,,tanpa abstrak dan tanpa PDF: cari abstrak/teks lengkap lewat DOI
37,572,gao2021apple,2021,Apple detection and counting using real-time video based on deep learning and object tracking,10.11975/j.issn.1002-6819.2021.21.025,,judul,M3,V,N,apel; video waktu nyata + pelacakan (judul),N,,Y,,,,tanpa abstrak dan tanpa PDF: cari abstrak/teks lengkap lewat DOI
38,617,kirk2021robust,2021,Robust Counting of Soft Fruit Through Occlusions with Re-identification,10.1007/978-3-030-87156-7_17,,judul,M2,V,N,stroberi; re-identifikasi untuk menembus oklusi (judul),N,,Y,,,,tanpa abstrak dan tanpa PDF: cari abstrak/teks lengkap lewat DOI
39,1215,scalisi2021reliability,2021,"Reliability of a commercial platform for estimating flower cluster and fruit number, yield, tree geometry and light interception in apple trees under different rootstocks and row orientations",10.1016/j.compag.2021.106519,,judul,M4,V,N,apel; keandalan platform komersial untuk jumlah bunga dan buah per pohon (judul),N,,Y,,,,tanpa abstrak dan tanpa PDF: cari abstrak/teks lengkap lewat DOI
40,1361,roy2017vision,2017,Vision-Based Apple Counting and Yield Estimation,10.1007/978-3-319-50115-4_42,,judul,M4,D,N,"apel; hitung dan hasil berbasis visi (Roy dan Isler; judul, TLDR)",N,,Y,,,,tanpa abstrak dan tanpa PDF: cari abstrak/teks lengkap lewat DOI
41,818,gongal2014identification,2014,Identification of repetitive apples for improved crop-load estimation with dual-side imaging,,,judul,M4,D,N,apel; identifikasi apel berulang pada citra dua sisi (judul; pendahulu 777),N,,Y,,,,tanpa abstrak dan tanpa PDF: cari abstrak/teks lengkap lewat DOI
42,1419,qian2013yield,2013,Yield estimation model of single tree of Fuji apples based on bilateral image identification,10.3969/j.issn.1002-6819.2013.11.017,,judul,M1,D,N,apel Fuji; model hasil pohon tunggal dari identifikasi citra dua sisi (judul),N,,Y,,,,tanpa abstrak dan tanpa PDF: cari abstrak/teks lengkap lewat DOI
43,52,bharti2026geo,2026,Geo-Referenced Factor-Graph SLAM for Orchard-Scale 3D Apple Reconstruction and Yield Estimation,10.3390/agriculture16070764,"Accurate and spatially resolved yield estimation is a critical requirement for precision agriculture and orchard management. This paper presents a geometrically consistent, orchard-scale apple yield estimation framework that integrates GNSS–visual-inertial odometry (VIO) fusion, deep learning-based object detection, multi-frame tracking, three-dimensional triangulation, and incremental factor-graph optimization. Camera poses are obtained using ZED GNSS–VIO fusion and subsequently refined using an iSAM2-based nonlinear smoothing approach that incorporates strong relative-motion constraints and soft global ENU (East-North-Up) translation priors. Apples are detected using a YOLO-based model and associated across frames via CoTracker3, enabling robust multi-view landmark reconstruction. Reprojection factors and landmark priors are incorporated into a unified nonlinear factor graph to jointly optimize camera trajectories and 3D apple positions. The reconstructed apples are spatially aggregated into a grid-based mass map, where individual fruit volumes are estimated assuming spherical geometry and converted to mass using density models. The resulting ENU-referenced yield plot provides a structured representation of orchard production variability. Experimental results demonstrate significant reductions in reprojection error after optimization and improved global consistency of the trajectory, leading to stable and spatially coherent 3D reconstructions. The proposed pipeline bridges perception, geometry, and optimization, providing a scalable solution for orchard-scale yield mapping and decision support in precision agriculture.",abstrak,M3+M4,V,N,apel; CoTracker3 + GNSS-VIO + graf faktor; peta massa terreferensi,Y,literature/scopus-2026-09/teks/bharti2026geo.txt,N,,,,
44,57,chen2026research,2026,Research on Lightweight Apple Detection and 3D Accurate Yield Estimation for Complex Orchard Environments,10.3390/horticulturae12030393,"Severe foliage occlusion and dynamically changing lighting conditions in complex orchard environments pose significant challenges for visual perception systems in automated apple harvesting, including low detection accuracy, poor robustness, and insufficient real-time performance. To address these issues, this study proposes an improved lightweight detection network based on YOLOv11, named YOLO-WBL, along with a precise yield estimation algorithm based on 3D point clouds, termed CLV. The YOLO-WBL network is optimized in three aspects: (1) A C3K2_WT module integrating wavelet transform is introduced into the backbone network to enhance multi-scale feature extraction capability; (2) A weighted bidirectional feature pyramid network (BiFPN) is adopted in the neck network to improve the efficiency of multi-scale feature fusion; (3) A lightweight shared convolution separated batch normalization detection head (Detect-SCGN) is designed to significantly reduce the parameter count while maintaining accuracy. Based on this detection model, the CLV algorithm deeply integrates depth camera point cloud information through 3D coordinate mapping, irregular point cloud reconstruction, and convex hull volume calculation to achieve accurate estimation of individual fruit volume and total yield. Experimental results demonstrate that: (1) The YOLO-WBL model achieves a precision of 93.8%, recall of 79.3%, and mean average precision (mAP@0.5) of 87.2% on the apple test set; (2) The model size is only 3.72 MB, a reduction of 28.87% compared to the baseline model; (3) When deployed on an NVIDIA Jetson Xavier NX edge device, its inference speed reaches 8.7 FPS, meeting real-time requirements; (4) In scenarios with an occlusion rate below 40%, the mean absolute percentage error (MAPE) of yield estimation can be controlled within 8%. Experimental validation was conducted using apple images selected from the dataset under varying lighting intensities and fruit occlusion conditions. The results demonstrate that the CLV algorithm significantly outperforms traditional average-weight-based estimation methods. This study provides an efficient, accurate, and deployable visual solution for intelligent apple harvesting and yield estimation in complex orchard environments, offering practical reference value for advancing smart orchard production.",abstrak,M0,1,N,apel; volume dari awan titik kamera depth per citra; bukan asosiasi lintas pandang,Y,literature/scopus-2026-09/teks/chen2026research.txt,N,,,,
45,2,farhoud2026instance,2026,Instance segmentation and multi-object tracking for fruit quality grading and dynamic yield estimation in Egyptian citrus orchards,10.1016/j.atech.2026.102529,"Egypt ranks among the world’s leading citrus producers and exporters; however, orchard operations remain constrained by subjective, labor-intensive manual quality grading and time-consuming yield estimation that require specialized expertise. This study presents an AI-driven orchard-intelligence framework for automated fruit quality grading and dynamic yield estimation under the unstructured conditions of Egyptian orange farms. To address the lack of in-field public datasets, a domain-specific instance-segmentation dataset of 618 original pixel-level annotated images, expanded to 1,545 augmented training images, and 15 videos was constructed. This dataset was used to benchmark single-stage segmentation models (YOLOv8, YOLOv11) against a two-stage (Mask R-CNN), alongside a transformer-based bounding-box detection (RT-DETR), under dense canopy occlusion, clustered fruit instances, and variable natural illumination. Each fine-tuned model was evaluated across two stages: static quality grading and dynamic yield estimation. For static grading (Good vs. Defective), YOLOv11l ranked among the top tier of evaluated segmenters, reaching mean Average Precision (mAP) of 0.932 with balanced precision-recall behavior, while maintaining real-time feasibility at 26.1 ms per image. For dynamic yield estimation, a multi-object tracking pipeline was implemented using BoT-SORT with camera-motion compensation and a virtual line-crossing counting mechanism. The evaluation reveals a three-way dissociation: the highest-mAP static segmenter (YOLOv11l), the best dynamic total counter (RT-DETR, WMAPE = 5.66%, despite the lowest box-level static accuracy), and the best quality-resolved dynamic grader (YOLOv11s, WMAPE = 6.97% at 14.2 ms per frame) are three different systems; RT-DETR did not resolve fruit quality reliably under motion. Counting accuracy and grading capability are thus separable properties requiring separate evaluation. Overall, the framework enables objective fruit quality assessment and actionable in-field fruit counting to support harvest logistics and labor planning, providing a practical foundation for smart agriculture in the Egyptian citrus sector.",abstrak,M3,V,Y,"jeruk, 15 video; BoT-SORT + kompensasi gerak kamera + garis hitung; mAP grading 0,932",N,,N,,,,
46,1,felippomes2026video,2026,Video-based fruit detection and tracking: effects of scanning conditions on fruit load estimation,10.1016/j.compag.2026.112330,"Automated fruit counting and yield estimation systems are necessary for efficient orchard management. This study presents a computer vision system based on video multi-object-tracking for fruit load estimation in apple orchards and provides a comprehensive analysis of the system performance under diverse scanning conditions. The system integrates fruit detection, tracking, localization within orchard, and fruit load map generation. Experiments were carried out in an experimental apple orchard containing 420 apple trees. Data was collected with two different RGB-D sensors (Azure Kinect DK and ZED 2) at three different scanning distances (125 cm, 175 cm, and 225 cm) on two different dates prior to the harvest. Comparing the two evaluated sensors, Azure Kinect provided more consistent performance across different dates. Results also show that the longer scanning distance improves accuracy due to seeing the full tree view gives better fruit counts than close partial views. Between the two dates, best results were achieved near harvest due to fruit color at this stage, achieving a Mean Absolute Percentage Error (MAPE) of 6.91 % and a determination coefficient (R 2 ) of 0.733 (using ZED2 sensor at 225 cm distance). Finally, a test comparing scanning from one or both sides of the tree row showed that bilateral scanning improved fruit load estimation at the stretch level by incorporating information from both sides of the canopy. The results of this work demonstrate the effectiveness of the video fruit tracking systems as a useful tool for automating fruit load estimation.",abstrak,M3+M4,V,N,"420 pohon apel, dua kamera RGB-D, tiga jarak; MAPE 6,91%, R2 0,733 (ZED 2, 225 cm); pemindaian dua sisi memperbaiki estimasi per segmen",N,,N,,,,
47,37,fusaro2026horticultural,2026,Horticultural temporal fruit monitoring via 3D instance segmentation and re-identification using colored point clouds,10.1016/j.compag.2026.111723,"Accurate and consistent fruit monitoring over time is a key step toward automated agricultural production systems. However, this task is inherently difficult due to variations in fruit size, shape, occlusion, orientation, and the dynamic nature of orchards where fruits may appear or disappear between observations. In this article, we propose a novel method for fruit instance segmentation and re-identification on 3D terrestrial point clouds collected over time. Our approach directly operates on dense colored point clouds, capturing fine-grained 3D spatial detail. We segment individual fruits using a learning-based instance segmentation method applied directly to the point cloud. For each segmented fruit, we extract a compact and discriminative descriptor using a 3D sparse convolutional neural network. To track fruits across different times, we introduce an attention-based matching network that associates fruits with their counterparts from previous sessions. Matching is performed using a probabilistic assignment scheme, selecting the most likely associations across time. We evaluate our approach on real-world datasets of strawberries and apples, demonstrating that it outperforms existing methods in both instance segmentation and temporal re-identification, enabling robust and precise fruit monitoring across complex and dynamic orchard environments. Keywords = Agricultural Robotics, 3D Fruit Tracking, Instance Segmentation, Deep Learning , Point Clouds, Sparse Convolutional Networks, Temporal Monitoring",abstrak,M5,T,N,pindaian laser berwarna antarsesi; jaringan pencocokan berbasis atensi; stroberi dan apel,Y,literature/scopus-2026-09/teks/fusaro2026horticultural.txt,N,,,,
48,81,gao2026vision,2026,Vision-Based 3D Fruit Localization for Robotic Harvesting Using Recursive State Estimation,10.1109/aiea70743.2026.11633088,"Precision agriculture is increasingly reliant on autonomous robotic systems with advanced perception capabilities for tasks such as yield estimation and automated harvesting. However, accurate 3D localization of crops, particularly fragile fruits that are prone to bruising and require gentle handling, remains challenging due to occlusions, variable lighting, and dynamic field conditions. To address this, we propose a novel framework for fruit 3D localization that leverages temporal associations between consecutive video frames, and employs a Recursive Least Squares (RLS) estimator. This approach enables robust and precise position tracking of individual fruits, facilitating both non-invasive yield prediction and targeted harvesting operations. The proposed algorithm was extensively validated in both simulated environments and real-world scenarios using an autonomously mobile robot platform equipped with multi-sensor fusion. Experimental results demonstrate the system's effectiveness in improving localization accuracy and reliability, offering a practical solution for precision agriculture applications. This research contributes to bridging the technological gap in agricultural robotics, particularly in enhancing 3D perception for fruit monitoring and harvesting.",abstrak,M3+M4,V,N,lokalisasi 3D rekursif (RLS) lintas bingkai; robot bergerak,N,,N,,,,
49,24,indriani2026sawitmvc,2026,SawitMVC: A multi-view oil palm fruit bunch dataset for detection and counting,10.1016/j.dib.2026.112990,"Oil palm (Elaeis guineensis) plantation yield is estimated periodically through the Black Bunch Census (BBC), a field practice in which trained staff count and classify fruit bunches to project output for the coming months. Photographing each tree from multiple positions captures all visible bunches but introduces a cross-view deduplication problem: the same bunch appears in several images, and naive summation of detections far exceeds the true unique count. No publicly available oil palm dataset addresses this problem with annotated ground truth. SawitMVC contains 3992 smartphone images of 953 oil palm trees collected from two commercial plantations in Kabupaten Tanah Laut, Kalimantan, Indonesia (DAMIMAS plantation: 854 trees; LONSUM plantation: 99 trees), each photographed from four sides at 90-degree intervals or eight sides at 45-degree intervals. Bunches are annotated across four BBC maturity classes by estimated months until harvest: B1 (≤1 month), B2 (∼2 months), B3 (∼3 months), and B4 (∼4 months), in YOLO bounding box format for detection and classification tasks. A separate per-tree JSON ground truth layer records 9823 unique bunches with their cross-view appearance links, supporting direct evaluation of counting algorithms independently of detection performance.",abstrak,DATA,D,Y,"SawitMVC: 3.992 citra, 953 pohon sawit, 4 atau 8 sisi; 9.823 tandan unik dengan tautan lintas pandang; kelas B1–B4",N,,N,,,,
50,53,lee2026lidarcamera,2026,LiDAR–Camera Fusion for 3D Fruit Counting and Density Mapping in Horizontal Trellis Orchards,10.20965/jrm.2026.p0449,"This study presents a real-time fruit monitoring system that integrates light detection and ranging (LiDAR) and RGB camera data for 3D fruit counting and spatial density mapping in horizontal trellis pear orchards. The system employs instance-level sensor fusion, combining YOLO-based 2D fruit detection with SLAM-generated 3D point clouds to localize and track individual fruits. A customized temporal tracking algorithm mitigates duplicate counts, while center-based spatial filtering improves detection accuracy. Among the four evaluated YOLO models, YOLOv11s was selected based on its F1-score, lowest false negatives (FN) count, and real-time performance. Field validation in a 6 m × 70 m orchard plot demonstrated high counting accuracy (96.2%) and reliable spatial density estimation, with a mean absolute error of 0.64 fruits/m
 2
 . The system effectively identified yield variations across different orchard regions. These findings support the use of LiDAR–camera fusion for scalable, high-precision fruit monitoring in orchard environments, particularly in labor-intensive horizontal trellis systems.",abstrak,M3+M4,V,N,"pir; fusi LiDAR-kamera + SLAM; akurasi hitung 96,2%; MAE densitas 0,64 buah/m2",Y,literature/scopus-2026-09/teks/lee2026lidarcamera.txt,N,,,,
51,51,lin2026tomato,2026,Tomato Maturity Classification and Fruit Counting Based on RGB and Multispectral Images †,10.3390/app16073227,"Accurate monitoring of tomato maturity and fruit number is essential for improving crop management and supporting accurate yield estimation in greenhouse environments. However, variations in lighting conditions, occlusions, and overlapping fruits often make reliable maturity classification and fruit counting challenging. This paper presents an integrated approach for tomato maturity classification and fruit number estimation using RGB and multispectral images. The proposed approach consists of tomato detection, tomato tracking and counting, and maturity classification of tomatoes. The detection model identifies tomatoes in each frame, the tracking module associates individual tomatoes across image sequences to avoid duplicate counting, and the classification models determine maturity levels. Experiments are conducted on three tomato datasets collected in greenhouse environments. The results show that the proposed method achieves a maximum maturity classification accuracy of 81%. In addition, the proposed approach facilitates consistent fruit counting across image sequences, supporting practical applications in greenhouse monitoring. These findings demonstrate the potential of integrating RGB and multispectral information for automated tomato maturity classification and fruit counting in precision agriculture.",abstrak,M3,V,Y,"tomat rumah kaca, RGB + multispektral; akurasi kematangan 81%",Y,literature/scopus-2026-09/teks/lin2026tomato.txt,N,,,,
52,36,nguyen2026modular,2026,A Modular UAV-Based Framework for Apple Detection and Yield Extrapolation from 3D Point Clouds,10.1145/3748522.3779768,"Precision agriculture increasingly relies on unoccupied aerial vehicles (UAVs) and machine learning to automate fruit monitoring and improve sustainability. While 2D imaging approaches face challenges of occlusion, clustering, and calibration, UAV-derived 3D point clouds offer richer structural information. This paper presents a modular framework for automated apple detection, counting, and yield estimation. The framework integrates (1) color-based segmentation (HSV and ExR-LAB), (2) regression and clustering (DBSCAN) for apple count estimation, and (3) geometric approximations (minimum bounding box, sphere, and ellipsoid) for validation and volume modeling. Experiments on UAV imagery from a commercial orchard using human-annotated section-level counts as reference ground truth show that regression achieves high accuracy (R2 ≈ 0.99, relative error ≤ 0.03) for apple-count estimation, while clustering with geometric validation provides spatial localization and per-fruit morphology for downstream yield assessment. Beyond counting, per-fruit volume and harvest mass are estimated by approximating each apple with sphere or ellipsoid models and scaling to the field level using density and coverage ratios. Together, regression and clustering form a hybrid estimation strategy that delivers both accurate counts and indicative yield forecasts. The proposed open-source framework demonstrates strong potential for scalable, UAV-assisted orchard management.",abstrak,M4+M1,S,N,"awan titik UAV apel; regresi R2 ~0,99 terhadap hitungan per seksi; DBSCAN untuk lokasi",N,,N,,,,
53,23,pardobeainy2026maturity,2026,Maturity and size estimation with yield mapping for hydroponic strawberries using machine vision,10.1016/j.atech.2026.102416,"Strawberry production in hydroponic systems requires precise and spatially explicit information on fruit load, maturity, and size to support harvest planning and quality control. This study presents an integrated computer vision and GNSS RTK framework that detects individual strawberries, estimates their maturity and physical dimensions, assigns fruits to operational size–maturity categories, and generates high-resolution yield maps in an open-field hydroponic system. RGB-D images are processed with YOLOv8-seg and a BoT-SORT-based tracking module to obtain instance-level masks, from which a color-based ripeness index and 3D point clouds are derived. After DBSCAN-based filtering, fruit length and width are computed in metric space and combined with ripeness percentage to assign each strawberry to one of nine operational size–maturity categories using predefined threshold rules. The system was evaluated in a commercial hydroponic crop in Arcabuco, Boyacá, Colombia, achieving accurate segmentation, with median IoU values up to 0.83 for bounding boxes and 0.71 for masks, and mean absolute errors of 2.51 mm in length and 1.85 mm in width with respect to Vernier caliper measurements. Yield maps aggregated in 1 m2 cells and by crop row revealed marked spatial variability in fruit density, maturity state, and size–maturity composition, allowing the identification of zones with a high concentration of fruits ready for harvest versus areas dominated by immature fruits. The proposed framework provides a practical and low-cost decision support tool for hydroponic strawberry management and may be adapted to other high-value horticultural crops after recalibration under different crop architectures, cultivars, and environmental conditions.",abstrak,M3+M4,V,Y,"stroberi; BoT-SORT + GNSS RTK; sembilan kategori ukuran-kematangan; MAE panjang 2,51 mm",N,,N,,,,
54,50,piazolo2026enhanced,2026,Enhanced grape tracking (using deep neural networks) with an extended matching algorithm for SORT and DeepSORT,10.1016/j.compag.2026.111529,"Vineyard managers traditionally count grape clusters manually for yield estimation, a process that is both time-consuming and labor-intensive. Recent advances in computer vision enable autonomous tracking, yet state-of-the-art methods often rely on re-identification networks that require expensive, hard-to-obtain instance ID annotations. This study addresses this challenge by evaluating the real-time tracking performance and counting accuracy of SORT, DeepSORT, ByteTrack, and the newly proposed SORT+ and DeepSORT+ algorithms. SORT+ and DeepSORT+ incorporate a novel matching cascade that leverages the complementary strengths of Mahalanobis, IoU, and Euclidean distances. Crucially, this approach allows SORT+ to achieve robust performance without the need for additional training data. The extended matching cascade offers large improvements for SORT, making the training-free SORT+ comparable to the deep-learning-based DeepSORT. It increases MOTA and IDF1 by 5% to 6%, while decreasing ID switches by 62%. SORT+ improves the counting accuracy from 33% to 96%. DeepSORT+ shows further performance gains, decreasing ID switches by 12% compared to DeepSORT. This work illustrates the feasibility of using unmanned aerial vehicles (UAVs) to autonomously track and count grape clusters in challenging real-world vineyard settings. By potentially improving yield estimation and non-destructive robotic farming, these findings support sustainable farming practices and economic growth.",abstrak,M3,V,N,"anggur dari UAV; SORT+ menaikkan akurasi hitung 33% menjadi 96%, ID switch turun 62% tanpa data latih re-ID",N,,N,,,,
55,85,santos2026multi,2026,Multi-Fruit Tracking and 3-D Structure Recovery via CoTracker,10.22456/2175-2745.150960,"In agricultural robotics and orchard automation, tasks such as fruit detection, tracking, and spatial localization are essential for applications like yield prediction and harvesting. However, these tasks are challenging due to the similar appearance of fruits, occlusions, and the inherent difficulties of field robotics, including uncontrolled lighting conditions and the variability in orchard environments. This work leverages CoTracker, a transformer-based model for point tracking using cross-track/cross-time attention, to simultaneously perform multiple fruit tracking, 3-D fruit localization, and camera pose estimation. The proposed approach demonstrates promising results in fruit counting, tracking, and scene reconstruction, highlighting its potential in agricultural automation.",abstrak,M3+M4,V,N,"CoTracker untuk pelacakan buah, lokasi 3D, dan pose kamera sekaligus",N,,N,,,,
56,45,si2026citrus,2026,Citrus yield estimation based on multi- object tracking in video streams using an improved YOLOv8n model,10.13925/j.cnki.gsxb.20250487,"【Objective】Accurate citrus yield estimation is a critical component of precision agricultural management, essential for optimizing production and ensuring economic benefits for growers. Traditional manual sampling methods are labor-intensive, time-consuming, and prone to subjective errors, failing to meet the demands of modern horticulture. While deep learning-based object detection has shown promise in fruit recognition from static images, its application in real-world orchard environments is hindered by challenges such as fruit occlusion, varying illumination, and perspective limitations, which lead to counting inaccuracies. Most existing video-based methods rely on linear, inter-row scanning, a technique suitable for trellis-trained orchards but ineffective for citrus trees, which typically grow in a standalone, three-dimensional crown shape. To address these limitations, this study aimed to develop and validate a robust and automated yield estimation system for individual citrus trees during the fruit expansion period. The primary objective was to establish an end-to-end pipeline that combines a novel data acquisition strategy—360° rotational video capture—with an improved object detection model (YOLOv8n-SC) and a multi-object tracking algorithm (DeepSORT). The research scope included a systematic investigation into the influence of different environmental factors, specifically lighting conditions (sunny, overcast, and artificial light) and camera perspectives (high-angle, straight-angle, and low-angle), on the overall accuracy and stability of the yield estimation system.【Methods】The methodology encompassed data acquisition, model development, and a multi-stage experimental evaluation. For data acquisition, a handheld imaging system was used to capture 360° rotational video streams around 20 individual citrus trees in a high-density orchard under three distinct lighting conditions and three different vertical camera angles, resulting in 180 video clips. A comprehensive dataset of 9000 images was created by extracting frames, which were then meticulously annotated and partitioned into training (80%) and testing (20%) sets. For model development, the baseline YOLOv8n was enhanced to create the YOLOv8n-SC model by implementing three key improvements: integrating a fourth, high-resolution (160×160) detection head to improve sensitivity to small targets; embedding the Convolutional Block Attention Module (CBAM) within the backbone network to enhance feature distinction between fruits and leaves; and replacing the original CIoU loss function with the Wise-IoU (WIoU) v3 loss function to accelerate convergence and improve bounding box precision. For tracking and counting, the DeepSORT algorithm was employed to process detection outputs from the video stream. Its workflow involves a Kalman filter for motion prediction, a cascaded matching strategy combining motion and appearance features for reliable identity association, and a track management system to assign unique IDs. The final fruit count was determined by the maximum unique ID assigned during the video sequence.【Results】The proposed YOLOv8n-SC model significantly outperformed other contemporary models. On the comprehensive dataset, it achieved a recall of 97.6% and a mean Average Precision at an IoU threshold of 0.5 (mAP50) of 93.7%, marking improvements of 2.0 and 3.5 percentage points over the baseline YOLOv8n, respectively. It also showed clear advantages over Faster R-CNN and the light-weight YOLOv10n. A detailed ablation study confirmed that each of the three modifications—the additional detection head, the CBAM module, and the WIoU loss function—contributed positively to the model's overall performance. Lighting proved to be a critical factor, as the artificial light source yielded the best detection results with an mAP50 of 98.2%, markedly superior to overcast (96.1%) and sunny (83.5%) conditions. The camera angle also had a significant impact, with the straight-angle perspective providing the most balanced and comprehensive view, achieving the highest Multi-Object Tracking Accuracy (MOTA) of 90.8% and a high Multi-Object Tracking Precision (MOTP) of 94.0%. When comparing tracking algorithms, the combination of YOLOv8n-SC with DeepSORT provided the most accurate counts. For the optimal configuration (straight-angle video under artificial light), the system achieved an Average Counting Precision (ACP) of 89.46%, with a Root Mean Square Error (RMSE) of 10.83 and a Mean Absolute Error (MAE) of 9.98. This level of accuracy was superior to that achieved when pairing YOLOv8n-SC with either the SORT algorithm (ACP of 84.81%) or the Tracktor algorithm (ACP of 86.37%).【Conclusion】This study successfully demonstrates the viability of an automated citrus yield estimation system based on rotational video streams and deep learning. The specifically developed YOLOv8n-SC object detector proves highly effective for identifying green citrus fruits in complex orchard environments. The complete pipeline, integrating this detector with the DeepSORT tracking algorithm, provides reliable fruit counts for individual trees. Key findings indicate that data acquisition conditions are paramount; a stable, artificial light source is optimal for detection, and a straight-angle camera trajectory is superior for comprehensive tracking. The optimized system achieved a final counting accuracy of 89.46%, providing a strong technical foundation and a practical reference for the implementation of precision yield forecasting in modern citrus cultivation. This research makes two primary contributions to the field. First, it introduces a novel data acquisition paradigm—360° rotational video capture—tailored specifically for fruit trees with complex 3D crown structures, offering a more comprehensive alternative to conventional linear scanning methods. Second, it presents a purposebuilt detector, YOLOv8n-SC, whose targeted enhancements are systematically validated to address the specific challenges of detecting small, low-contrast fruits in visually cluttered agricultural settings.",abstrak,M2+M3,V,N,"jeruk pohon tunggal, video rotasi 360 derajat, DeepSORT",N,,N,,,,
57,74,wang2026semantic,2026,Semantic NeRF-Oriented 3-D Object Counting for Industrial Fruit Harvesting,10.1109/tase.2026.3700861,"Object counting is the core of perception components in the industry system. Nevertheless, real-world occlusion and dense clustering pose significant challenges to fruit harvesting. Existing methods closely rely on physics-agnostic 2D clustering with rigid thresholds, neglecting critical 3D geometric cues in complex scenes. Thus, they suffer from the multi-view double-counting issue. In this paper, we propose a 3D object counting framework that integrates semantic Neural Radiance Fields (NeRF) with a physics-guided adaptive clustering algorithm. In particular, we employ a semantic NeRF to achieve implicit 3D scene reconstruction, which effectively isolates target objects from the background. Based on the semantic NeRF, we introduce a physics-guided adaptive clustering algorithm that exploits physically interpretable features, including surface normals and elevation gradients, for accurate unsupervised point cloud segmentation. Subsequently, an energy function optimization mechanism is utilized to autonomously aggregate multi-dimensional features for dynamically adjusting clustering thresholds, which enables the 3D counting to adapt to diverse fruit morphologies without manual parameter tuning. Extensive experiments on both synthetic and real-world datasets demonstrate the superiority of the proposed framework, which improves counting accuracy by an average of 9.0 percentage points (6.9 pp on synthetic, 7.2 pp on real-world, and 12.9 pp on Fuji) over the state-of-the-art 3-D baseline. Note to Practitioners—This work targets the challenge of accurate fruit counting in orchards where heavy occlusion and dense clustering often cause double-counting and unreliable yield estimation. Conventional 2D vision systems depend on hand-tuned thresholds and lack spatial awareness. To address this, we propose a 3D counting framework that integrates a semantic Neural Radiance Field (NeRF) with a physics-guided adaptive clustering algorithm. The framework reconstructs the orchard scene in 3D, isolates fruits from the background, and adaptively segments point clouds by analyzing geometric cues such as surface normals and elevation gradients. This approach eliminates the need for manual calibration and improves counting accuracy under varying lighting and viewing conditions. For practitioners, the method can be incorporated into automated yield-estimation or robotic-harvesting systems to enhance reliability and reduce labor costs. The current pipeline targets offline pre-harvest yield estimation within an edge–cloud workflow, where a UAV or ground robot captures imagery in the field and a remote server performs NeRF reconstruction and counting. The current limitation lies in the computational load of NeRF reconstruction. Future work will explore efficient 3D representations such as Gaussian Splatting for real-time deployment in field robots.",abstrak,M4,D,N,"NeRF semantik + klaster adaptif; akurasi hitung +9,0 poin persentase terhadap garis dasar 3D",N,,N,,,,
58,79,wang2026uav,2026,UAV-based monocular 3D panoptic mapping for fruit shape completion in orchard,10.1016/j.isprsjprs.2025.11.013,"Accurate fruit shape reconstruction under real-world field conditions is essential for high-throughput phenotyping, sensor-based yield estimation, and orchard management. Existing approaches based on 2D imaging or explicit 3D reconstruction often suffer from occlusions, sparse views, and complex scene dynamics as a result of the plant geometries. This paper presents a novel UAV-based monocular 3D panoptic mapping framework for robust and scalable fruit shape completion in orchards. The proposed method integrates (1) Grounded-SAM2 for multi-object tracking and segmentation (MOTS), (2) photogrammetric structure-from-motion for 3D scene reconstruction, and (3) DeepSDF, an implicit neural representation, for completing occluded fruit geometries with a neural network. We furthermore propose a new MOTS evaluation protocol to assess tracking performance without requiring ground truth annotations. Experiments conducted in both controlled laboratory conditions and an operational apple orchard demonstrate the accuracy of our 3D fruit reconstruction at the centimeter level. The Chamfer distance error of the proposed shape completion method using the DeepSDF shape prior reduces this to the millimeter level, and outperforms the traditional method, while Grounded-SAM2 enables robust fruit tracking across challenging viewpoints. The approach is highly scalable and applicable to real-world agricultural scenarios, offering a promising solution to reconstruct complete fruits with visibility higher than 10% for precise 3D fruit phenotyping at a large scale under occluded conditions.",abstrak,M3+M4,V,N,apel dari UAV monokular; Grounded-SAM2 MOTS + SfM + DeepSDF; galat bentuk tingkat milimeter,Y,literature/scopus-2026-09/teks/wang2026uav.txt,N,,,,
59,35,woo2026geometry,2026,Geometry-Driven Triangulation and Differentiable Semantic Gaussian Refinement for 3D Grape Bunch Model Reconstruction in the Field,10.1145/3803291.3803356,"Berry thinning in table-grape production requires estimating berry count and bunch structure under severe occlusion. While existing 3D reconstruction and neural rendering pipelines can recover dense geometry or enable novel view synthesis, they rarely produce compact, instance-level models for densely packed grape bunches. We propose a geometry-aware, three-stage framework that reconstructs a semantic 3D model of individual berries from handheld field video. Each berry is represented as an opaque 3D Gaussian ellipsoid with a 3D center, principal radii, and orientation. Stage 1 applies a berry detection/segmentation network together with a lightweight structure-from-motion (SfM) COLMAP method run to obtain multi-view 2D attributes (centers, circle/ellipse parameters, masks, and visibility labels) and initial camera poses; these 2D observations later act as supervision for optimizing the 3D model. Stage 2 forms multi-view tracks using epipolar constraints, azimuth-based neighborhood restriction, and radius consistency (without appearance descriptors), then triangulates and consolidates 3D berry centers via geometric gating and 3D non-maximum suppression. Stage 3 refines the compact semantic model by differentiable rendering under multi-head 2D losses, with conservative clone–prune topology updates driven by persistent unmatched evidence. On 30 real-field bunches with labelled point-cloud ground truth converted to 3D ellipsoids, the refined models achieve F1 scores of 78.7–88.5% at oriented bounding box Intersection of Union (OBB-IoU) threshold \(( \tau ) \) at 0.10 and 64.5–74.9% at \(\tau = 0.25 \), while Stage 3 runs in 1.8–5.1 minutes per bunch for 10–30 selected views. These results show that combining geometry-driven initialization with differentiable, instance-level refinement yields robust and interpretable per-berry 3D reconstructions from unconstrained vineyard video.",abstrak,M4,V,N,"anggur; jejak multipandang dengan kendala epipolar tanpa deskriptor penampilan; F1 78,7–88,5% pada 30 tandan",N,,N,,,,
60,22,xing2026lightweight,2026,A lightweight multi-view detection and counting method for real-time cherry tomato yield estimation using greenhouse inspection robots,10.1016/j.atech.2026.102260,"Crop yield prediction is one of the key measures for dynamically adjusting harvest schedules and minimizing production losses. To address the production requirements for multi-object real-time detection and accurate counting of tomatoes in complex greenhouse environments, this study proposes a lightweight “detection–tracking–counting–compensation” cascaded network framework, optimized for deployment on inspection robots. First, a sparse convolution module (G-FConv) and a lightweight multi-scale feature aggregation module (L-MFA) were designed, and a lightweight feature extraction network was constructed to reduce computational load and complexity. Second, a lightweight asymmetric decoupled head incorporating the SimAM attention mechanism was developed to enhance critical feature extraction while further reducing parameter count. Third, a multi-view cooperative detection and compensation method was proposed to optimize multi-object tracking performance in dense and occluded scenes. Finally, TensorRT-based inference acceleration was applied to improve the robot’s real-time processing capability. The proposed model achieves high detection (90.8%) and counting (95.2%) accuracy with a compact size of 3.98 MB and 5.3 GFLOPs, while the proposed MVC method reduces counting errors by 95.6%. This study provides an effective technical solution for precise tomato yield prediction in greenhouses, offering significant practical value for optimizing harvest schedules and reducing production losses.",abstrak,M3,V,N,"tomat ceri, robot; kompensasi multipandang menurunkan galat hitung 95,6%; akurasi hitung 95,2%",N,,N,,,,
61,58,yang2026real,2026,A real-time semantic 3D vineyard mapping and fruit localization system for yield estimation in dynamic vineyards,10.1016/j.atech.2026.101784,"• Proposed a real-time 3D mapping and grape localization system for dynamic vineyard. • A lightweight EFSegNet network enables high-precision grape bunch segmentation. • Proposed a three-stage filtering method for point cloud optimization • Implement DBSCAN clustering and PCA for fruit localization and yield estimation. In precision viticulture, autonomous systems are increasingly deployed for inspection and yield estimation. However, mapping 3D vineyard environments and monitoring fruit distribution presents challenges due to fruit occlusion, moving objects, and unstructured backgrounds. To address these issues, this study presents a semantic 3D mapping and fruit localization system designed for yield estimation in dynamic environments. The proposed framework integrates the ORB-SLAM3 backend with a lightweight semantic segmentation model, named Edge Fusion Segmentation Network (EFSegNet). Derived from the PIDNet baseline, EFSegNet introduces a Gradient Feature Fusion Block (GFFM) and a Deformable Spatial Attention (DSA) module. These components are designed to refine fruit boundaries and separate overlapping grape bunches, a requirement for individual counting. The generated semantic masks guide the removal of dynamic feature points to maintain map consistency, while enabling semantic mapping of fruit clusters. Additionally, a three-stage point cloud filtering strategy is applied to refine the global map, followed by DBSCAN clustering and PCA-based modeling to extract the 3D location and quantity of grape bunches. Validation experiments in a real-world dynamic vineyard indicate that the system operated at 23.1 FPS, with an average 3D localization error of 21.02 mm. The average counting error was 5.95%, demonstrating the system’s applicability for automated yield estimation.",abstrak,M4,V,N,anggur; ORB-SLAM3 semantik + DBSCAN; lingkungan dinamis,N,,N,,,,
62,39,yoshida2026cross,2026,Cross-Day Grape Cluster Tracking Using Branch-Based 3D Alignment in Vineyards,10.20965/jrm.2026.p0953,"In Japan, the quantity of domestically produced fruit has been gradually decreasing, while wholesale prices have continued to rise due to declining production volumes and a shift toward high-quality varieties. To address these trends, improving quality and reducing labor through automation have become urgent challenges. In precision viticulture, monitoring the growth of grape clusters plays a key role in yield estimation, disease management, and optimal harvest timing. Although recent advances in deep learning and 3D reconstruction have enabled accurate fruit detection and modeling in vineyards, tracking the same clusters on different days remains challenging because of branch movement, fruit growth, and varying imaging conditions. This study proposes a
 branch-based 3D alignment framework
 for the cross-day tracking of grape clusters. Stable vine structures, such as trunks and main branches, are reconstructed using Structure from Motion, and their spatial correspondences are estimated through SIFT-based matching and similarity transformation. Once the coordinate systems of different days are aligned, the grape clusters detected by CenterNet are associated based on spatial proximity in the unified 3D space. Experiments over multiple observation days demonstrated that the proposed method successfully maintained the consistent tracking of grape clusters throughout the growth period. These results indicate that branch-based alignment effectively stabilizes multi-day observations and facilitates the temporal monitoring of fruit growth, supporting automated phenotyping and future field robot applications in viticulture.",abstrak,M4,T,N,anggur lintas hari; penyelarasan 3D berbasis cabang (SfM + SIFT); asosiasi kedekatan spasial,N,,N,,,,
63,4,zhao2026adapting,2026,Adapting SAM3 for 3D fruit counting with cross-view contrastive learning and Hough voting,10.1016/j.compag.2026.112325,"Fruit detection and 3D localization have been shown to be critical for precision agriculture applications, such as yield estimation and robot harvesting tasks. However, real-world agricultural settings can be associated with high density of fruits, strong occlusions, and variable illumination, leading to difficulty in accurately detecting and localizing fruits. Although there exist 2D approaches dedicated for fruit counting, these approaches may easily merge adjacent fruits due to projection effects in dense occlusions, thus limiting their effectiveness. Motivated by this, in this paper, we explore the problem of 3D fruit detection and localization with vision foundation model adaptation and 3D Gaussian-based scene representation. Particularly, we use low-rank adaptation to leverage SAM3 to generate high-quality instance masks with different crops and illuminations. Meanwhile, to address noisy pseudo label issue, we adopt cross-view contrastive learning with uncertainty weighting for enhanced 3D feature representation. Moreover, we devise a Hough voting procedure in the 3D Gaussian space to integrate multi-view evidence of occluded fruits, followed by clustering to estimate the number of fruits as well as their 3D locations. The proposed approach has been extensively tested with thousands of fruits from synthetic orchard scenes, real apple orchard datasets, as well as greenhouse sweet pepper scenes. Experiment results show significant performance gains for densely occluded cases, with the F1-scores reaching 0.971 and 0.977 for plum and mango, respectively. Meanwhile, our approach can achieve more than a twofold boost for 3D instance segmentation over FruitNeRF. More notably, the adapted weights and the post-processing settings transfer from the open-field apple orchard to greenhouse sweet pepper scenes, where only the SAM3 text prompt is changed and the 3D Gaussian representation is still optimized for each new scene.",abstrak,M4,D,N,"pemungutan suara Hough dalam ruang Gaussian 3D; apel, paprika, sintetis; keuntungan terbesar pada oklusi padat",N,,N,,,,
64,0,zhao2026two,2026,A two-stage fine-tuning strategy for 3D object segmentation from multi-view images,10.1016/j.atech.2026.102443,"Neural Radiance Fields (NeRF) have been widely adopted for reconstructing high-quality 3D scenes from 2D RGB images. However, achieving accurate 3D object segmentation within these reconstructed scenes remains challenging. Existing NeRF-based segmentation methods either rely on post-processing (SA3D), which produces noisy point clouds due to the absence of density field optimization, or employ joint training with additional segmentation heads (FruitNeRF), which can lead to suboptimal performance due to conflicting learning objectives. In this work, we propose InvNeRF-Seg (Input-substitution NeRF for Segmentation), a two-stage fine-tuning strategy for 3D object segmentation that preserves the original NeRF architecture and loss function entirely. We first train a standard NeRF on RGB images and then fine-tune it using 2D segmentation masks formatted as RGB-like inputs, without introducing any architectural modifications or additional loss functions. This input-substitution approach reshapes the density field to align with object regions while suppressing background density. We validate InvNeRF-Seg through comprehensive ablation studies examining the roles of density and color MLPs, loss function choices, and training strategies. Field density analysis reveals consistent semantic refinement: densities of object regions increase while background densities are suppressed. Experiments on synthetic fruit datasets and real-world soybean imagery demonstrate that InvNeRF-Seg produces cleaner 3D segmented point clouds compared to both SA3D and FruitNeRF, enabling more accurate downstream object counting. The method is further validated on a self-collected soybean dataset to demonstrate its applicability in real-world agricultural scenarios. Our code is available at https://github.com/ZJiangsan/InvNeRF-Seg .",abstrak,M4,D,N,"NeRF disetel dengan topeng 2D; buah sintetis dan kedelai; segmentasi 3D, bukan pencacahan utama",N,,N,,,,
65,108,zhu2026research,2026,Research on Greenhouse Eggplant Fruit Detection and Tracking-Based Counting Using an Improved YOLOv5s-DeepSORT,10.3390/agriculture16020253,"Accurate fruit counting is essential for yield evaluation and automated management in greenhouse eggplant production. This study presents a lightweight detection and counting method based on an improved YOLOv5s–DeepSORT framework. To reduce computational cost while preserving accuracy, we replace the YOLOv5s backbone with MobileNetV3, insert an Efficient Channel Attention (ECA) module to enhance discriminative fruit features, and substitute the neck C3 block with C2f to strengthen multi-scale feature fusion. Compared with the original YOLOv5s, our improved YOLOv5s increases precision by 2.3% while reducing the number of parameters and FLOPs by 37.0% and 50.9%, respectively. For counting, we integrate DeepSORT with a counting-zone strategy that increments the count once per target when the bounding-box center first enters the counting zone, thereby mitigating identity switches (ID switches) and suppressing duplicate counts. Experimental results demonstrate that the proposed method enables accurate and real-time eggplant fruit counting in complex greenhouse scenes, providing practical support for automated yield assessment on inspection robots.",abstrak,M2+M3,V,N,terung; DeepSORT + zona hitung untuk menekan hitung ganda,Y,literature/scopus-2026-09/teks/zhu2026research.txt,N,,,,
66,202,akella2025deep,2025,Deep Learning-Based Coconut Ripeness Classification and Yield Estimation using YOLO and Kalman Filtering,10.1109/sennet64220.2025.11136053,"Accurate detection and classification of coconuts according to their ripeness stages are essential for optimizing agricultural harvesting practices, reducing manual labor, and increasing economic efficiency. The ripeness of coconuts significantly influences their commercial value, nutritional content, and suitability for various products such as coconut water, coconut milk, and oil extraction. However, manual inspection for ripeness determination is labor-intensive, subjective, and prone to inaccuracies. To address these challenges, this paper proposes a deep learning-based methodology employing YOLOv11 integrated with the Kalman Filter-Hungarian Algorithm, YOLOv8, and a custom-designed Convolutional Neural Network (CNN) to accurately identify coconuts at three distinct ripeness stages: immature, mid-ripe, and fully ripe. An open-source coconut dataset was utilized and enhanced through data augmentation techniques, including rotation, scaling, and color adjustments, to improve the robustness and generalization capabilities of the models across varying environmental and lighting conditions. The models were trained and rigorously evaluated using standard object detection metrics, specifically mean Average Precision (mAP50 and mAP50:95). Furthermore, the proposed approach was extended to facilitate automated counting of coconuts using different tracking methodologies, demonstrating practical applicability and potential integration into real-time agricultural monitoring systems. Experimental results illustrate that the proposed deep learning models effectively differentiate coconut ripeness stages, providing a significant advancement for precision agriculture and automation in coconut farming.",abstrak,M3,V,Y,kelapa tiga tahap kematangan; Kalman-Hungarian,N,,N,,,,
67,178,arizasentis2025comparative,2025,Comparative analysis of single-view and multiple-view data collection strategies for detecting partially-occluded grape bunches: Field trials,10.1016/j.jafr.2025.101736,"Extracting phenotypic traits of grape bunch is crucial for accurately monitoring grape quality, health, and yield estimation. This is important for optimising resources, enhancing marketing strategies, and boosting overall agricultural productivity. While most research concentrates on data processing algorithms, this study focused on the preceding step: collecting reliable data. Object detection and tracking enable precise monitoring and quantification of fruit, facilitating agricultural management. This study compares two data acquisition methodologies for grape bunch detection and tracking in a commercial vineyard where leaf removal was not performed: a traditional single-view approach and a multiple-viewing method designed to mitigate fruit occlusion issues. The PointTrack algorithm, trained and validated using MOTS annotations, was employed to evaluate detection and tracking performance through metrics of three trials. The multiple-view method achieved i) higher ratio between tracked and GT detections of 74 % compared to 23 % for the single-view approach and ii) enhanced tracking metrics, with the multiple viewing trials metrics ranging from −1.35 to 3.84 for MOTSA (Multiple Object Tracking and Segmentation Accuracy) and sMOTSA (soft MOTSA), and iii) higher correlation and lower RMSE of grape bunch phenotypic traits (OIV codes 202 and 203) compared to ground truth measurements (R 2 = 0.53, RMSE = 19.13). Nonetheless, the multi-view technique was compromised by motion blur due to UAV movements, complicating the tracking process. This study underscores the importance of strategic data acquisition in improving performance for fruit detection and tracking. Future work should extend this methodology to other fruit varieties and environments to validate its broader applicability, enhancing the reliability of yield estimation in precision agriculture.",abstrak,M3,D,N,anggur tanpa perompesan daun; multipandang vs satu pandang; rasio jejak terlacak/GT 74% vs 23%; buram gerak pada multipandang,Y,literature/scopus-2026-09/teks/arizasentis2025comparative.txt,N,,,,
68,183,cao2025research,2025,Research on Apple Detection and Tracking Count in Complex Scenes Based on the Improved YOLOv7-Tiny-PDE,10.3390/agriculture15050483,"Accurately detecting apple fruit can crucially assist in estimating the fruit yield in apple orchards in complex scenarios. In such environments, the factors of density, leaf occlusion, and fruit overlap can affect the detection and counting accuracy. This paper proposes an improved YOLOv7-Tiny-PDE network model based on the YOLOv7-Tiny model to detect and count apples from data collected by drones, considering various occlusion and lighting conditions. First, within the backbone network, we replaced the simplified efficient layer aggregation network (ELAN) with partial convolution (PConv), reducing the network parameters and computational redundancy while maintaining the detection accuracy. Second, in the neck network, we used a dynamic detection head to replace the original detection head, effectively suppressing the background interference and capturing the background information more comprehensively, thus enhancing the detection accuracy for occluded targets and improving the fruit feature extraction. To further optimize the model, we replaced the boundary box loss function from CIOU to EIOU. For fruit counting across video frames in complex occlusion scenes, we integrated the improved model with the DeepSort tracking algorithm based on Kalman filtering and motion trajectory prediction with a cascading matching algorithm. According to experimental results, compared with the baseline YOLOv7-Tiny, the improved model reduced the total parameters by 22.2% and computation complexity by 18.3%. Additionally, in data testing, the p-value improved by 0.5%; the R-value rose by 2.7%; the mAP and F1 scores rose by 4% and 1.7%, respectively; and the MOTA value improved by 2%. The improved model is more lightweight and can preserve a high detection accuracy well, and hence, it can be applied to detection and counting tasks in complex orchards and provides a new solution for fruit yield estimation using lightweight devices.",abstrak,M2+M3,V,N,apel dari drone; DeepSORT,Y,literature/scopus-2026-09/teks/cao2025research.txt,N,,,,
69,118,dong2025fruit,2025,Fruit detection and yield estimation in Camellia oleifera based on improved YOLOv8 and ByteTrack algorithm,10.1016/j.atech.2025.101435,"Camellia oleifera , an essential woody oil tree species, produces camellia oil, which is highly nutritious and edible after seed pressing. The demand for camellia oil has increased in recent years, so accurate estimates of camellia oil production are key to fruit harvesting and price setting. The rapid development of computer vision and deep learning techniques has found wide applications in agriculture, demonstrating significant fruit detection capabilities. This study proposes a surface fruit detection algorithm in C.oleifera based on the improved YOLOv8 model, with lightweight RepViT as the backbone of the model, a small object detection layer with p2 layer added on the multi-scale basis of FPN and PAN, and a network structure optimized by Shape IoU loss function. Meanwhile, the improved ByteTrack algorithm based on ByteTrack is utilized for multi-scale small-target tracking. Using LightGBM and linear regression to establish the relationship between the number of surface fruits and the number of individual fruits, combined with the number of typical sample trees and the average single fruit quality in the dataset, a production estimation model for the automatic detection of C.oleifera is constructed. The mAP value of the improved YOLOv8 algorithm on the C.oleifera fruit dataset reached 86.21%, an improvement of 4.51% compared to the original model. Combined with average single-fruit mass and the number of representative sample trees, these counts yielded whole-tree production estimates.The approach produced a fruit-number prediction R ²of 0.945 and a yield- estimation R ²of 0.902 across our sample trees, demonstrating strong linear relationships and validating the pipeline for automated C. oleifera yield forecasting.",abstrak,M3+M1,V,N,camellia; ByteTrack + regresi buah permukaan ke buah total,N,,N,,,,
70,222,garg2025autonomous,2025,Autonomous UAV Navigation and Mapping for Accurate Fruit Detection and Counting in Controlled Environments: Simulation and Real-World Validation,10.1109/icuas65942.2025.11007888,"This paper presents a solution for high accuracy fruit counting in a Controlled Environment Agriculture (CEA) settings using Unmanned Aerial Vehicles (UAV) implemented in simulation and real-world scenarios. Using the fine-tuned YOLOv8 [1] model for precise object detection and classification along with a custom path planning algorithm for simulation. This approach integrates a hybrid A* Traveling Salesman Problem (TSP) algorithm for efficient 3D path planning. The solution is further extended to the real-life scenario using LiDAR based mapping and point-cloud filtering techniques to avoid recounting of fruits. The suggested methodology increases operating efficiency, reduces dependency on human labor, and improves accuracy. Experimental results, derived from both simulations and real-world testing, achieving a fruitcount accuracy of 98 % and 90 % respectively, demonstrate the effectiveness of this integrated approach. This solution was implemented in the International Conference of Unmanned Aircraft System (ICUAS) [2] UAV Competition 2024, securing$2^{\text {nd }}$position in the simulation phase (out of 24 teams) and$3^{\text {rd }}$overall in the real-world phase.",abstrak,M4,V,N,"UAV di lingkungan terkendali; pemetaan LiDAR untuk mencegah hitung ulang; akurasi 98% simulasi, 90% nyata",N,,N,,,,
71,116,hassan2025orange,2025,Orange yield estimation using object tracking and 3D reconstruction,10.1016/j.atech.2025.101088,"The labor-intensive nature of agriculture, particularly in tasks such as yield estimation of fruits, is a significant challenge. Yield estimation is crucial for the better management of the resources and for taking adequate measures for the transportation, storage, and export of the fruits. It also helps the farmers to estimate the total pricing of the yield. However, counting fruits directly on trees for yield estimation presents an obstacle due to their dispersed nature and often dense foliage. Therefore, we propose that reasonably accurate fruit yield estimation can be automated with a handheld camera. The dataset is curated by capturing and annotating 1451 images of orange trees. The dataset is augmented and processed in different ways to evaluate the performance of YOLOv8 for the detection of oranges. Then the Byte tracker is deployed to track oranges in consecutive video frames. Further, we have classified the fruits into two categories, ripe and unripe using MobileVit. The 2D fruits detected by YOLOv8 are projected to a 3D space for a more detailed analysis of the scene. Subsequently, the clustering algorithm is applied to the 3D projections of the detected objects to estimate per tree yield. On images, YOLOv8 nano has achieved a precision of 78.2% and recall of 69.7% on the test set. Moreover, for ripeness stage classification, MobileVit has achieved an accuracy of 97.8% and 86.7% on a test set containing 2 classes and 3 classes, respectively. Testing our proposed solution on videos shows that the algorithm is achieving good results on trees with less leaf occlusion. This paper demonstrates that preprocessing techniques can aid the detection model to achieve high detection rates. Furthermore, per tree yield of an orange orchard can be estimated by using video input. This offers an automated solution to the laborious task of fruit yield estimation in agricultural settings, that can help to optimize orange production.",abstrak,M3+M4,V,Y,"jeruk kamera genggam; ByteTrack + proyeksi 3D + klaster; akurasi kematangan 97,8% (2 kelas)",Y,literature/scopus-2026-09/teks/hassan2025orange.txt,N,,,,
72,209,hobart2025fruit,2025,Fruit Detection and Yield Mass Estimation from a UAV Based RGB Dense Cloud for an Apple Orchard,10.3390/drones9010060,"Precise photogrammetric mapping of preharvest conditions in an apple orchard can help determine the exact position and volume of single apple fruits. This can help estimate upcoming yields and prevent losses through spatially precise cultivation measures. These parameters also are the basis for effective storage management decisions, post-harvest. These spatial orchard characteristics can be determined by low-cost drone technology with a consumer grade red-green-blue (RGB) sensor. Flights were conducted in a specified setting to enhance the signal-to-noise ratio of the orchard imagery. Two different altitudes of 7.5 m and 10 m were tested to estimate the optimum performance. A multi-seasonal field campaign was conducted on an apple orchard in Brandenburg, Germany. The test site consisted of an area of 0.5 ha with 1334 trees, including the varieties ‘Gala’ and ‘Jonaprince’. Four rows of trees were tested each season, consisting of 14 blocks with eight trees each. Ripe apples were detected by their color and structure from a photogrammetrically created three-dimensional point cloud with an automatic algorithm. The detection included the position, number, volume and mass of apples for all blocks over the orchard. Results show that the identification of ripe apple fruit is possible in RGB point clouds. Model coefficients of determination ranged from 0.41 for data captured at an altitude of 7.5 m for 2018 to 0.40 and 0.53 for data from a 10 m altitude, for 2018 and 2020, respectively. Model performance was weaker for the last captured tree rows because data coverage was lower. The model underestimated the number of apples per block, which is reasonable, as leaves cover some of the fruits. However, a good relationship to the yield mass per block was found when the estimated apple volume per block was combined with a mean apple density per variety. Overall, coefficients of determination of 0.56 (for the 7.5 m altitude flight) and 0.76 (for the 10 m flights) were achieved. Therefore, we conclude that mapping at an altitude of 10 m performs better than 7.5 m, in the context of low-altitude UAV flights for the estimation of ripe apple parameters directly from 3D RGB dense point clouds.",abstrak,M4,S,N,"apel; awan titik fotogrametri UAV; R2 0,40–0,53 terhadap massa per blok",Y,literature/scopus-2026-09/teks/hobart2025fruit.txt,N,,,,
73,197,hong2025fruitgaussian,2025,Fruitgaussian: 3D Gaussian Splatting for Automated Fruit Counting in Natural Orchard,10.23919/ccc64809.2025.11179457,"Automatic fruit counting in natural orchard environments remains challenging due to foliage occlusion, illumination variations, and inefficient 3D reconstruction methods. To address these limitations, we propose FruitGaussian, a novel 3D Gaussian Splatting (3DGS)-based framework for high-fidelity orchard scene understanding and fruit counting. Our approach introduces two key innovations: a hierarchical semantic embedding mechanism that fuses multimodal features (RGB, semantics, depth) for precise fruit instance encoding, and a depth-aware regularization constraint that leverages monocular depth priors to suppress boundary artifacts and floating noise. By integrating explicit 3D Gaussian representations with differentiable rendering, FruitGaussian achieves real-time high-fidelity rendering and geometric fidelity while enabling direct point cloud extraction within seconds. Evaluations on real-world persimmon orchard datasets demonstrate a 96 % counting accuracy, surpassing Neural Radiance Fields (NeRF)-based methods by 16 %. The explicit Gaussian representation enables efficient point cloud extraction within seconds, significantly advancing the practicality and robustness of vision-based yield estimation in precision agriculture.",abstrak,M4,D,N,"kesemek; 3D Gaussian Splatting; akurasi hitung 96%, 16% di atas metode NeRF",N,,N,,,,
74,180,isobe2025mandarin,2025,Mandarin count estimation with 360-degree tree video and transformer-based deep learning,10.1016/j.atech.2025.100874,"In mandarin orange production, knowing the number of mandarins on a tree is crucial for performing appropriate thinning operations. This is necessary to prevent overbearing and to maintain the size and quality of individual mandarins. However, the dense foliage of mandarin trees often obscures many fruits. Before thinning, a tree can have several hundred to several thousand mandarins, making manual counting not only labor-intensive but also exceedingly difficult. This study proposes a novel technology for automatically estimating the number of small, unripe mandarins before thinning operations using 360-degree videos of the trees. A deep neural network model leveraging Transformer architecture is designed to fuse features from various viewing angles. State-of-the-art (SOTA) unsupervised pre-training techniques, along with a custom-designed loss function, are employed to tackle the challenge of limited training data and to enhance the model's capability to capture global contextual features from images taken at multiple angles. Experimental results demonstrate that the proposed method significantly outperforms existing methods.",abstrak,M5,V,N,"jeruk mandarin, video 360 derajat; transformer memadukan fitur lintas sudut untuk regresi jumlah",N,,N,,,,
75,230,issad2025real,2025,Real-Time Fruit Detection and Counting,10.1109/icrami64946.2025.11472714,"In agriculture, detecting and counting fruits are prominent tasks that facilitate harvesting and yield estimation. Since traditional methods such as manual counting are tedious and error-prone, developing a real time system to automatically and accurately detect, classify, and count fruits in an agricultural environment is required. The aim of this paper is to propose a system based on cutting-edge technologies, YOLOv8 and ByteTrack, to accurately detect and count fruits in real time. Consequentially, farmers will have access to precise information about the quantity and variety of fruits in their fields, enabling them to make informed decisions and maximize the profitability of their agricultural operations. Furthermore, the system will enable them to enhance the efficiency of agricultural work and reduce the required workforce. In this paper, a dataset containing 20 classes of fruits with diverse backgrounds and lighting conditions is constructed to train and assess the model's performance. The validation results of the detection and counting model showed an mAP 0.5 value of 94.2 %, a recall of 87.6 %, and a precision of 91.5 %. The comparison between the manual counting and the model showed an accuracy of 75.33 %.",abstrak,M3,V,N,"20 kelas buah umum; ByteTrack; akurasi 75,33% terhadap hitung manual",N,,N,,,,
76,196,jiang2025neural,2025,Neural Radiance Fields for Plot-level Cotton Crop Three-dimensional Reconstruction and Yield Estimation,10.13031/aim.202500502,"Abstract. Cotton boll counting is a critical component of cotton yield prediction and plays a key role in advancing plant phenomics and precision agriculture. However, the complex distribution of cotton bolls and occlusions in 2D images pose significant challenges to fast and accurate counting. To overcome these challenges, a novel Neural Radiance Fields (NeRF)-based workflow was developed, integrating data acquisition, 3D reconstruction, and cotton boll mapping at the field-plot level. Two methods were employed for red-green-blue (RGB) image collection. The first used 10 cameras arranged in a single row and evenly mounted on a custom robotic platform to scan the cotton plants. The second utilized a smartphone for multi-angle scanning around plot-level cotton plants to capture complete plant videos. NeRF was then applied to reconstruct 3D models of plot-level cotton plants using the RGB images and export point clouds, and the reconstruction quality of the two data collection methods was compared. Next, an efficient data annotation method based on the Segment Anything Model (SAM) was designed to generate 2D masks of cotton bolls. Finally, cotton boll counting for each plot was achieved using improved FruitNeRF. In the experimental results, both data acquisition methods enabled effective 3D reconstruction. For the 3D reconstruction from smartphone data, the Peak Signal-to-Noise Ratio (PSNR) was 16.21, the Structural Similarity Index Measure (SSIM) was 0.34, and the Learned Perceptual Image Patch Similarity (LPIPS) was 0.49. The semi-automatic 2D mask annotation designed in this experiment reduced the labeling workload, and the final mean Average Precision at IoU 0.50 (mAP50) for cotton boll segmentation was 0.85. In yield estimation, the Mean Absolute Percentage Error (MAPE) between the predicted and ground truth number of cotton bolls was 4.41%, while the MAPE between the predicted number and the ground truth boll weight was 8.83%. This approach provides a low-cost and efficient solution for generating high-quality plot-level cotton point clouds, offering a valuable tool for field-based cotton phenotyping and precision management.",abstrak,M4,D,N,"kapas, NeRF tingkat plot; FruitNeRF termodifikasi; dua cara akuisisi",N,,N,,,,
77,232,kemper2025performance,2025,Performance Evaluation of Detection and Tracking Algorithms for Automated Grape Cluster Counting,10.1109/c366505.2025.11340275,"The accurate estimation of crop yield is crucial in modern agriculture; however, traditional methods, such as manual counting of grape clusters, often result in errors exceeding 20% and are impractical for large-scale monitoring under variable environmental and climatic conditions. While object detection techniques have been successfully implemented in realworld agricultural scenarios, the integration and performance of multi-object tracking (MOT) algorithms in such dynamic and unstructured environments remains underexplored. This article provides a comparative evaluation of state-of-the-art object detection and tracking methodologies for use in vineyard conditions. Here, two detection methods-YOLOv12 and RF-DETR-were compared in combination with two tracking algorithms-BoTSORT and ByteTrack-to generate four distinct configurations aimed at the automatic counting of grape clusters. Experimental results on a video dataset recorded in agroindustrial vineyards showed that the combination of YOLOv12 with BoT-SORT achieved the highest average relative counting accuracy, with 84.31%. These findings confirm the potential of AI-based techniques for precision agriculture, offering greater accuracy in yield estimation, optimized resource management, and a substantial reduction in reliance on manual labor.",abstrak,M3,V,N,"anggur; YOLOv12 + BoT-SORT terbaik, akurasi hitung relatif 84,31%",N,,N,,,,
78,978,kutyrev2025uav,2025,UAV-based sustainable orchard management: deep learning for apple detection and yield estimation,10.1051/e3sconf/202561403021,"This article presents a method for automated apple counting using high-resolution images obtained from unmanned aerial vehicles (UAVs). The YOLO11 architecture, specifically models from YOLO11n to YOLO11x, was employed for fruit detection. Key steps included creating orthophotos, segmenting data into tiles, training a convolutional neural network (CNN) with transfer learning and data augmentation, and merging results. Images were captured using a DJI Mavic 3 Multispectral drone with a 20 MP RGB camera. Data augmentation including flipping, hue adjustment, blurring, and Tile 8×8 transformation increased the dataset from 11 to 2,000 images with 51,797 objects (34,383 apples and 17,414 fallen apples). The YOLO11x model achieved the highest performance metrics: mAP@50 = 0.816, mAP@50-95 = 0.547, Precision = 0.852, and Recall = 0.766, demonstrating its effectiveness in complex, high-density orchards. The YOLO11n model, with lower computational demands, is suitable for resource-limited environments. The method maintains geospatial alignment and visualizes fruit distribution across the orchard. An experimentally determined correction coefficient will account for fruits hidden from the camera, enhancing the accuracy of yield estimation. A Tkinter interface displays detection results and summary data for each orchard section. Future work includes integrating multispectral data and 3D modeling to enhance precision. These findings highlight the potential of deep learning to automate orchard monitoring and yield assessment.",abstrak,M1,D,N,apel dari ortofoto UAV; koefisien koreksi eksperimental untuk buah tersembunyi (direncanakan),N,,N,,,,
79,231,lei2025spatio,2025,Spatio-Temporal Metric-Semantic Mapping for Persistent Orchard Monitoring: Method and Dataset,10.1109/lra.2025.3588037,"Monitoring orchards at the individual tree or fruit level throughout the growth season is crucial for plant phenotyping and horticultural resource optimization, such as chemical use and yield estimation. We present a 4D spatio-temporal metric-semantic mapping system that integrates multi-session measurements to track fruit growth over time. Our approach combines a LiDAR-RGB fusion module for 3D fruit localization with a 4D fruit association method leveraging positional, visual, and topology information for improved data association precision. Evaluated on real orchard data, our method achieves a 96.9% fruit counting accuracy for 1,790 apples across 60 trees, a mean fruit size estimation error of 1.1 cm, and a 23.7% improvement in 4D data association precision over baselines. We publicly release a multimodal dataset covering five fruit species across their growth seasons athttps://4d-metric-semantic-mapping.org/",abstrak,M4+M2,T,N,"pemetaan 4D multisesi apel; LiDAR-RGB; asosiasi posisi, visual, topologi; akurasi hitung 96,9% (1.790 apel, 60 pohon); presisi asosiasi +23,7%",N,,N,,,,
80,241,louis2025automated,2025,Automated Muskmelon Counting in Real Farm Environment using YOLOv11n,10.1109/icsima66552.2025.11233648,"Fruit detection and counting in real farm environments remain challenging due to occlusion, variable lighting, and cluttered backgrounds. This study presents a robust computer vision pipeline for accurately detecting, tracking, and counting melons using the You Only Look Once version 11 nano object detection model. To evaluate and enhance performance, multiple dataset versions with different types of annotation (large annotation, front-row strict annotation, and front-row/rear-row annotation distinction) were utilized alongside various image processing pipelines (Roboflow workflows, detection, tracking, and line-counting tracking). Among these, the 4th method, with a line-counting strategy, significantly improved counting accuracy. Our best result was achieved with the front row strict annotation and line counting tracking combination which yielded a counting error rate of just 2.74%. The system was tested on footage captured by an automated guide vehicle in a greenhouse, demonstrating its practical applicability in real-world, non-laboratory agricultural environments. Overall, this work contributes an efficient and accurate melon counting pipeline, laying the foundation for future work such as fruit maturity prediction and disease detection.",abstrak,M3,V,N,"melon rumah kaca, AGV; garis hitung; galat hitung 2,74% dengan anotasi baris depan",N,,N,,,,
81,266,lu2025iot,2025,IoT-Based Precision Litchi Tracking and Counting Method Using Gated Metrics,10.1109/jiot.2025.3561130,"Accurate and efficient multi-object tracking and counting methods are designed to address the challenges of counting in complex environments.This study presents a novel tracking and counting method called LitchiCount, integrating the multi-object tracking detection model LitchiDet with a counting module to address issues such as missing counts, repeated counts, and the lack of interpretability commonly found in traditional machine learning approaches. The method is designed with the guidance of the visual interpretable method Grad-CAM++, as well as the experimental validation method based on important features. To improve the detection accuracy of small targets under dense occlusion and overlapping, we proposed LitchiDet, which combines a small target detection layer, a decoupled fully connected attention with C3Ghost module (DFC-C3Ghost) and an efficient layer aggregation network block (ELANB). Our counting module improves target tracking accuracy and robustness in dense occlusion scenes while reducing counting errors from scene changes. We propose a Distance-generalized Intersection over Union association metric using a gating mechanism(DG-GM) and an AreaC counting strategy tailored to field intricate scenes. Finally, to enhance IoT deployment, we migrated LitchiCount to the Jetson AGX Xavier platform and optimized the model with TensorRT, significantly improving computational efficiency and real-time performance, particularly in resource-limited IoT environments, meeting real-time and low-power demands. The results demonstrated that our proposed method outperforms state-of-the-art detection models, as well as DeepSort-based counting methods in detection and counting. Importantly, by applying our method to the scenario of detecting and counting litchi from multiple perspectives in a field setting, we achieved low-repetitive and reliable counting, demonstrating the robust performance of this approach in real-world applications.",abstrak,M2+M3,V,N,leci; metrik asosiasi DIoU bergerbang + strategi hitung AreaC,N,,N,,,,
82,236,majdalawieh2025optimizing,2025,"Optimizing Fruit Harvesting Through a High-Performance Deep Learning Framework for Detection, Tracking, and Automated Counting.",10.1109/hpcc67675.2025.00132,"Current approaches to automating fruit harvesting face challenges in accuracy, speed, and adaptability under varying field conditions. Traditional methods often suffer from limited precision, slow performance, and a lack of robustness, which can lead to suboptimal yield and increased labor costs. This study addresses these shortcomings by developing a real-time deep learning architecture that enhances fruit harvesting automation. Our proposed system comprises two primary phases: fruit detection and fruit counting. Utilizing the cutting-edge YOLO V7 for detection and integrating it with DeepSORT and an ROI line-based method for counting, the architecture achieves an unprecedented balance of speed and accuracy, particularly suited for the demands of agricultural sciences. The YOLO-V7 model demonstrated exceptional efficacy in fruit detection, achieving a mean average precision (mAP@0.50) of 97.5%. It also surpassed real-time processing speed expectations, maintaining an evaluation rate of 30 frames per second (FPS), which is beyond the real-time requirement of 24 FPS. When compared to previous iterations like YOLO-V5 and YOLO-V4, our model's overall precision improved by 1.9% and 3.8%, respectively, and exhibited greater recall by margins of 0.7% and 2.3%. Notably, YOLO V7's mAP was higher by 0.8% and 3.2% compared to YOLO V5 and V4. Even with a high confidence threshold of 95%, YOLO V7 outperformed the earlier models by 3.6% and 8.7%, validating its superior capability for agricultural applications.",abstrak,M2+M3,V,N,buah umum; DeepSORT + garis ROI,N,,N,,,,
83,119,mendez2025capsicum,2025,Capsicum Counting Algorithm Using Infrared Imaging and YOLO11,10.3390/agriculture15242574,"Fruit detection and counting is a key component of data-driven resource management and yield estimation in greenhouses. This work presents a novel infrared-based approach to capsicum counting in greenhouses that takes advantage of the light penetration of infrared (IR) imaging to enhance detection under challenging lighting conditions. The proposed capsicum counting pipeline integrates the YOLO11 detection model for capsicum identification and the BoT-SORT multi-object tracker to track detections across a video stream, enabling accurate fruit counting. The detector model is trained on a dataset of 1000 images, with 11,916 labeled capsicums, captured with an OAK-D pro camera mounted on a mobile robot inside a capsicum greenhouse. On the IR test set, the YOLO11m model achieved an F1-score of 0.82, while the tracker obtained a multiple object tracking accuracy (MOTA) of 0.85, correctly counting 67 of 70 capsicums in a representative greenhouse row. The results demonstrate the effectiveness of this IR-based approach in automating fruit counting in greenhouse environments, offering potential applications in yield estimation.",abstrak,M3,V,N,"paprika inframerah; BoT-SORT; MOTA 0,85; 67 dari 70 buah terhitung",Y,literature/scopus-2026-09/teks/mendez2025capsicum.txt,N,,,,
84,223,meyer2025fruitnerf,2025,FruitNeRF++: A Generalized Multi-Fruit Counting Method Utilizing Contrastive Learning and Neural Radiance Fields,10.1109/iros60139.2025.11247341,"We introduce FruitNeRF++, a novel fruit-counting approach that combines contrastive learning with neural radiance fields to count fruits from unstructured input photographs of orchards. Our work is based on FruitNeRF [6], which employs a neural semantic field combined with a fruit-specific clustering approach. The requirement for adaptation for each fruit type limits the applicability of the method, and makes it difficult to use in practice. To lift this limitation, we design a shape-agnostic multi-fruit counting framework, that complements the RGB and semantic data with instance masks predicted by a vision foundation model. The masks are used to encode the identity of each fruit as instance embeddings into a neural instance field. By volumetrically sampling the neural fields, we extract a point cloud embedded with the instance features, which can be clustered in a fruit-agnostic manner to obtain the fruit count. We evaluate our approach using a synthetic dataset containing apples, plums, lemons, pears, peaches, and mangoes, as well as a real-world benchmark apple dataset. Our results demonstrate that FruitNeRF++ is easier to control and compares favorably to other state-of-the-art methods.",abstrak,M4,D,N,FruitNeRF++; medan instans dengan embedding kontras; enam buah sintetis + apel nyata,N,,N,,,,
85,189,mollineda2025estimation,2025,Estimation of orange tree production by regression from video segments under uncontrolled conditions,10.1007/s00521-024-10772-4,"Precision agriculture covers a wide range of information and communications technologies aimed at supporting current challenges in crop estimation, productivity increase, and food security. In particular, crop yield estimation can provide very valuable information on crop distribution, with the aim of optimising logistics and harvest timing. This paper focuses on deep learning-based regression solutions for estimating the number of visible oranges on trees, from real-world crop row videos captured by a camera placed on a farm vehicle. Count predictions based on individual frames were compared with those based on variable size sequences of frames centred on each tree (video segments). The performance of three deep neural networks designed for regression was evaluated in terms of the regression error and the uncertainty of the estimates, and differences were analysed using nonparametric hypothesis testing. Experiments were conducted on a new dataset composed of annotated video segments of orange tree rows acquired under uncontrolled conditions, which has been made publicly available. Results statistically prove the value of considering multiple frames and the feasibility of yield estimation by regression in the wild. These findings are expected to contribute to optimising decision-making in crop resource management. Unlike most efforts so far, which involve counting fruits by detection in tree images usually captured manually, this work explores counting fruits by regression on trees from real-world video data.",abstrak,M1,V,N,jeruk; regresi jumlah dari segmen video; banyak bingkai lebih baik secara statistik dari satu bingkai; set data publik,N,,N,,,,
86,142,ogundele2025real,2025,Real-Time Strawberry Ripeness Classification and Counting: An Optimized YOLOv8s Framework with Class-Aware Multi-Object Tracking,10.3390/agriculture15181906,"Accurate fruit counting is crucial for data-driven decision-making in modern precision agriculture. In strawberry cultivation, a labor-intensive sector, automated, scalable yield estimation is especially critical. However, dense foliage, variable lighting, visual ambiguity of ripeness stages, and fruit clustering pose significant challenges. To overcome these, we developed a real-time multi-stage framework for strawberry detection and counting by optimizing a YOLOv8s detector and integrating a class-aware tracking system. The detector was enhanced with a lightweight C3x module, an additional detection head for small objects, and the Wise-IOU (WIoU) loss function, thereby improving performance against occlusion. Our final model achieved a 92.5% mAP@0.5, outperforming the baseline while reducing the number of parameters by 27.9%. This detector was integrated with the ByteTrack multiple object tracking (MOT) algorithm. Our system enabled accurate, automated fruit counting in complex greenhouse environments. When validated on video data, results showed a strong correlation with ground-truth counts (R2 = 0.914) and a low mean absolute percentage error (MAPE) of 9.52%. Counting accuracy was highest for ripe strawberries (R2 = 0.950), confirming the value for harvest-ready estimation. This work delivers an efficient, accurate, and resource-conscious solution for automated yield monitoring in commercial strawberry production.",abstrak,M3,V,Y,"stroberi; ByteTrack sadar kelas; R2 0,914, MAPE 9,52%; R2 0,950 untuk kelas matang",Y,literature/scopus-2026-09/teks/ogundele2025real.txt,N,,,,
87,195,poncemachete2025optimizing,2025,Optimizing Fruit Yield Prediction: Evaluating Multiobject Tracking Algorithms for Calamansi Fruit Detection Using Yolov8m,10.1109/iccae64891.2025.10980575,"Accurate fruit yield prediction is necessary for enhancing agricultural methods and providing quality output. This work analyzes the efficacy of multi-object tracking (MOT) algorithms in detecting calamansi fruits from drone-captured video footage, using the YOLOv8m object detection model. Data were gathered from a commercial calamansi farm in Naujan, Philippines, and prepared for model training. Three MOT algorithms-SORT, DeepSORT, and ByteTrack-were evaluated using performance metrics such as Multiple Object Tracking Accuracy (MOTA), Higher Order Tracking Accuracy (HOTA), and ID F1 Score (IDF1). ByteTrack achieved exceptional performance with MOTA, HOTA, and IDF1 ratings of 59.67 %, $\mathbf{6 5. 4 2 \%}$, and $\mathbf{7 3. 7 2 \%}$ respectively. The integration of YOLOv8m for detection with ByteTrack for tracking significantly reduced double-counting while ensuring good computational efficiency. The results underscore ByteTrack's capability in real-time fruit monitoring and its significance for improving yield estimate and agricultural production.",abstrak,M3+M2,V,N,"calamansi dari drone; ByteTrack terbaik (MOTA 59,67%, HOTA 65,42%, IDF1 73,72%) dibanding SORT dan DeepSORT",N,,N,,,,
88,120,qi2025assessment,2025,Assessment of the tomato cluster yield estimation algorithms via tracking-by-detection approaches,10.1016/j.inpa.2025.02.005,"• A database with more than 165,172 tomato cluster instances was built for tracking. • Two SOTA real-time object detection algorithms were compared. • Motion tracking and appearance tracking algorithms were compared in MOT datasets. • MOT trackers were compared by reducing the frame rate of the camera. Automated vision-based detection and counting are critical for accurate tomato yield estimation, which contribute to precise yield management strategies and an efficient food supply chains. Special conditions, including background clutter, occlusion, and varying sunlight, affect the accuracy of crop detection and counting. To determine the most suitable algorithms for this yield estimation context, we herein establish a public multi-object tracking (MOT) dataset for tomato cluster counts, while evaluating and comparing state-of-the-art target detection and MOT-based algorithms. The evaluated detectors consist of YOLOv8 and RT-DETR, which represent algorithms that achieve a balance between accuracy and speed. The tracking algorithms included state-of-the-art methodologies such as SORT, DeepSort, ByteTrack, and BotSort. Initially, the performance of the detectors was rigorously evaluated, followed by a comprehensive assessment of the four tracking algorithms within a multi-target tracking database tailored for this research and structured in the MOT context. The findings reveal that YOLOv8 and RT-DETR achieve 93.6% and 94.9% results at mAP@75, respectively, with RT-DETR exhibiting fewer false detections. When combined with the RT-DETR detector, the ByteTrack-based algorithm registers the highest counting accuracy at 95.5%, whereas BotSort achieves the highest MOTA score with 84.6%. Notably, the trackers without the ReID module (i.e., SORT and ByteTrack) demonstrate greater adaptability to frame rate variations in the test videos. At a 30-fps frame rate, the incorporation of ReID modules in DeepSort and BotSort algorithms significantly enhances the MOTA metric. Looking ahead, we plan to leverage these algorithms into an autonomous inspection platform that aims to estimate crop yield in real-time.",abstrak,M3+M2,V,N,"tomat tandan; banding SORT, DeepSORT, ByteTrack, BoT-SORT dan laju bingkai; set data MOT publik 165.172 instans",N,,N,,,,
89,228,sasse2025object,2025,An Object-Tracking Technique for Counting Grape Clusters in Brazilian Northeast's Pergola Vineyards,10.23919/fusion65864.2025.11124157,"In precision viticulture, deep learning and computer vision have been increasingly employed to automate grape cluster counting, a crucial task for yield estimation and farm management. However, existing methods fail to address the unique challenges posed by the pergola vine training system - a widely used but understudied method, particularly in Brazil's Northeast, where viticulture plays a key role in economic and social development. To address these limitations, we propose a novel, lightweight approach that combines object detection (YOLOv8) and tracking (ByteTrack) to count grape clusters in handheld smartphone videos captured under diverse environmental conditions. Unlike previous works, our technique is applied to the unique layout of the pergola system, where occlusions, perspective variations, and irregular cluster distributions complicate automated counting. We evaluate our method on real-world vineyard footage, achieving $75.1 \% \text{mAP} {@} 50$ and a 69.9 % F1-score for cluster detection, with a final cluster count only 27 % above the actual value-establishing the first baseline for this challenging task. By enabling cost-effective, accessible yield estimation, our work contributes to improving efficiency and equity in viticulture. We publicly release our implementation to encourage further research and practical adoption (https://github.com/artsasse/pergola-grape-count/blob/main/grape_cluster_count.ipynb).",abstrak,M3,V,N,"anggur pergola, video ponsel; ByteTrack; hitungan 27% di atas nilai sebenarnya",N,,N,,,,
90,207,vaishnavi2025fruit,2025,Fruit Detection and Yield Estimation using Path Aggregation Feature Pyramid Network and Deep SORT Algorithm: A Case Study on Orange Fruit,10.1109/iceca66444.2025.11383116,"Accurate fruit detection and yield estimation are critical for precision agriculture and automated harvesting systems, yet traditional methods remain prone to errors and inefficiencies, this paper presents a novel approach combining the Masked Region-based Convolutional Neural Network (Mask R-CNN) with the Path Aggregation Feature Pyramid Network (PA-FPN) and the Deep SORT algorithm for enhanced orange fruit analysis. The proposed system addresses key challenges in agricultural computer vision, including small object detection, effective occlusion handling, and preventing overcounting issues. The PA-FPN enhances feature representation through bidirectional information flow, enabling accurate localization of fruits across multiple scales. Deep SORT provides robust tracking capabilities, utilizing motion and appearance descriptors to maintain consistent object identities across video frames, thereby minimizing counting errors. The system successfully distinguishes between ripe and unripe oranges, visualizing separate yield counts with bounding box segmentation. Experimental results demonstrate superior performance compared to existing methods, achieving 95.8% detection accuracy and 92.3% counting precision on the complex orange orchard dataset. This innovative framework offers significant practical improvements for automated yield estimation in citrus orchards, contributing directly to the advancement of smart agriculture technologies.",abstrak,M2+M3,V,Y,"jeruk matang/mentah; DeepSORT; presisi hitung 92,3%",N,,N,,,,
91,152,wang2025tomato,2025,Tomato Yield Estimation Using an Improved Lightweight YOLO11n Network and an Optimized Region Tracking-Counting Method,10.3390/agriculture15131353,"Accurate and effective fruit tracking and counting are crucial for estimating tomato yield. In complex field environments, occlusion and overlap of tomato fruits and leaves often lead to inaccurate counting. To address these issues, this study proposed an improved lightweight YOLO11n network and an optimized region tracking-counting method, which estimates the quantity of tomatoes at different maturity stages. An improved lightweight YOLO11n network was employed for tomato detection and semantic segmentation, which was combined with the C3k2-F, Generalized Intersection over Union (GIoU), and Depthwise Separable Convolution (DSConv) modules. The improved lightweight YOLO11n model is adaptable to edge computing devices, enabling tomato yield estimation while maintaining high detection accuracy. An optimized region tracking-counting method was proposed, combining target tracking and region detection to count the detected fruits. The particle swarm optimization (PSO) algorithm was used to optimize the detection region, thus enhancing the counting accuracy. In terms of network lightweighting, compared to the original, the improved YOLO11n network significantly reduces the number of parameters and Giga Floating-point Operations Per Second (GFLOPs) by 0.22 M and 2.5 G, while achieving detection and segmentation accuracies of 91.3% and 90.5%, respectively. For fruit counting, the results showed that the proposed region tracking-counting method achieved a mean counting error (MCE) of 6.6%, representing a reduction of 5.0% and 2.1% compared to the Bytetrack and cross-line counting methods, respectively. Therefore, the proposed method provided an effective approach for non-contact, accurate, efficient, and real-time intelligent yield estimation for tomatoes.",abstrak,M3,V,Y,tomat per tahap kematangan; wilayah hitung dioptimasi PSO,Y,literature/scopus-2026-09/teks/wang2025tomato.txt,N,,,,
92,203,wei2025multi,2025,Multi-Object Tracking for Apple Counting in Orchards Using Stereo Vision,10.1109/metroagrifor66923.2025.11512512,"Quantitative fruit counting at the individual tree level is a fundamental requirement in data-driven precision agriculture and a critical input for yield estimation models. However, achieving consistent tracking and accurate detection of fruits in unstructured outdoor environments remains a challenging task due to factors such as occlusion, varying illumination and sensor noise. Moreover, conventional 2D image-based methods are prone to scale ambiguity and duplicate detections from multiple viewpoints. To overcome these challenges, this work presents a 3D fruit counting framework based on stereo cameras in which each detection is localized within a georeferenced spatial coordinate system using GPS and visual odometry. The fruits are detected using a YOLOv8x model to identify object positions within individual images. To enable tracking across multiple consecutive frames, two state-of-the-art algorithms, OC-SORT and ByteTrack, are benchmarked against each other. OC-SORT, with incorporated optical flow, achieved the best performance on the validation dataset, with HOTA = 0.59, MOTA = 0.52, and IDF1 = 0.67, while the detection model reached a mAP0.5:0.95 = 0.56. The proposed fruit counting framework demonstrated promising performance on Elstar trees, yielding an estimated total counting error of 20 apples, corresponding to a RMSE of 6.24 % and an R2 score of 0.96. Given that fruit count is a key parameter to yield prediction, these results support accurate yield mapping and informed precision orchard management.",abstrak,M3+M4,V,N,"apel, stereo + GPS + odometri visual; OC-SORT terbaik (HOTA 0,59); RMSE 6,24%, R2 0,96",N,,N,,,,
93,240,wu2025maturity,2025,Maturity detection and counting of blueberries in real orchards using a 1novel STF-YOLO model integrated with ByteTrack algorithm,10.3389/fpls.2025.1682024,"Introduction Blueberries are highly prized for their nutritional value and economic importance. However, their small size, dense clustering, and brief ripening period make them difficult to harvest efficiently. Manual picking is costly and error-prone, so there is an urgent need for automated, high-precision solutions in real orchards. Methods We proposed an integrated framework that combined the STF-YOLO model with the ByteTrack algorithm to detect blueberry maturity and perform counting. Together with ByteTrack, it provided consistent fruit counts in video streams. STF-YOLO replaced the YOLOv8 C2f block with a Detail Situational Awareness Attention (DSAA) module to enable more precise discrimination of maturity. It also incorporated an Adaptive Edge Fusion (AEF) neck to enhance edge cues under leaf occlusion and a Multi-scale Neck Structure (MNS) to aggregate richer context. Additionally, it adopted a Shared Differential Convolution Head (SDCH) to reduce parameters while preserving accuracy. Results On our orchard dataset, the model achieved an mAP50 of 79.7%, representing a 3.5% improvement over YOLOv8. When combined with ByteTrack, it attained an average counting accuracy of 72.49% across blue, purple, and green maturity classes in video sequences. Cross-dataset tests further confirmed its robustness. On the MegaFruit benchmark (close-range images), STF-YOLO achieved the highest mAP50 for peaches (91.6%), strawberries (70.5%), and blueberries (90.6%). On the heterogeneous PASCAL VOC2007 dataset, it achieved 66.3% mAP50, outperforming all lightweight YOLO variants across 20 everyday object categories. Discussion Overall, these results suggest that the STF-YOLO integrated with the ByteTrack framework can accurately detect and count blueberries in orchards. This lays a solid foundation for the future development of automated blueberry harvesting machinery and improvements in harvest efficiency.",abstrak,M3,V,Y,"blueberry tiga kelas kematangan; ByteTrack; akurasi hitung rata-rata 72,49%",Y,literature/scopus-2026-09/teks/wu2025maturity.txt,N,,,,
94,227,xieli2025pinesort,2025,PineSORT: A Simple Online Real-Time Tracking Framework for Drone Videos in Agriculture,10.1109/cvprw67362.2025.00012,"We introduce PineSORT, a novel Multiple Object Tracking (MOT) system for drone-based agricultural monitoring, specifically tracking pineapples for yield estimation. Our approach tackles key challenges such as repetitive patterns, similar object appearances, low frame rates, and drone motion effects. PineSORT enhances the tracking accuracy with motion direction cost, camera motion compensation, a three-stage association strategy, and overlap management. To handle large displacements, we propose an ORBbased camera compensation technique that significantly improves the Association Accuracy (AssA). Evaluated via 5-fold cross-validation against BoTSORT and AgriSORT, PineSORT achieves statistically significant gains in our Identity-Switch Penalized IDF1 (ISP-IDF1) metric, along with gains in IDF1 (Identity F1 Score), HOTA (Higher Order Tracking Accuracy) and AssA. These results confirm its effectiveness in tracking low-FPS drone footage, making it a valuable tool for precision agriculture.",abstrak,M3,V,N,nanas dari drone laju bingkai rendah; kompensasi gerak kamera ORB; metrik ISP-IDF1 baru,N,,N,,,,
95,204,xing2025cb,2025,CB-YOLO-DeepSORT: Real-Time Yield Estimation for Tomatoes in Greenhouses,10.1109/cyber67662.2025.11168194,"To address the challenge of maturity monitoring and fruit quantity estimation in tomato yield prediction under greenhouse conditions, this paper proposes the CB- YOLO-DeepSORT framework for continuous tracking and dynamic yield estimation. Built upon YOLOv5s, the framework incorporates the CBAM attention mechanism to enhance tomato maturity recognition in occluded environments and integrates the CIo U loss function to improve localization accuracy, ensuring precise ripeness mapping for reliable yield estimation. Then, the DeepSORT -based multi-object tracking algorithm is applied to continuously monitor tomatoes at different maturity stages, maintaining identity consistency to enhance the stability of real-time tomato yield estimation. Validation confirms the enhanced CB- YOLO attains 99.5% mAP@O.5 on test data, surpassing YOLOv5s by 2.5 percentage points. The proposed system achieved MOTA and MOTP scores of 82.350/0 and 84.5% in medium-density scenarios, demonstrating robust tracking performance under moderate target congestion. Finally, a web-based monitoring system deploys autonomous robots with depth cameras to track tomato maturity in greenhouses. Real-time data is visualized through daily snapshots (pie charts and counts of ripe/unripe fruits) and weekly maturation trends (line charts and histograms), providing actionable insights to optimize harvest scheduling and resource allocation for precision agriculture.",abstrak,M2+M3,V,Y,"tomat rumah kaca, robot kamera depth; DeepSORT per tahap kematangan; MOTA 82,35%",N,,N,,,,
96,175,yan2025research,2025,Research on an Apple Recognition and Yield Estimation Model Based on the Fusion of Improved YOLOv11 and DeepSORT,10.3390/agriculture15070765,"Accurate apple yield estimation is essential for effective orchard management, market planning, and ensuring growers’ income. However, complex orchard conditions, such as dense foliage occlusion and overlapping fruits, present challenges to large-scale yield estimation. This study introduces APYOLO, an enhanced apple detection algorithm based on an improved YOLOv11, integrated with the DeepSORT tracking algorithm to improve both detection accuracy and operational speed. APYOLO incorporates a multi-scale channel attention (MSCA) mechanism and an enhanced multi-scale prior distribution intersection over union (EnMPDIoU) loss function to enhance target localization and recognition under complex environments. Experimental results demonstrate that APYOLO outperforms the original YOLOv11 by improving mAP@0.5, mAP@0.5–0.95, accuracy, and recall by 2.2%, 2.1%, 0.8%, and 2.3%, respectively. Additionally, the combination of a unique ID with the region of line (ROL) strategy in DeepSORT further boosts yield estimation accuracy to 84.45%, surpassing the performance of the unique ID method alone. This study provides a more precise and efficient system for apple yield estimation, offering strong technical support for intelligent and refined orchard management.",abstrak,M2+M3,V,N,"apel; DeepSORT + garis wilayah; akurasi estimasi hasil 84,45%",Y,literature/scopus-2026-09/teks/yan2025research.txt,N,,,,
97,247,yang2025hierarchical,2025,Hierarchical 3D Scene Graph based Semantic-Metric SLAM for Plant Inspection and Fruit Counting in Intelligent Hydroponics System,10.1109/jiot.2025.3600531,"The synergistic development of Internet of Things(IoT), robotics, and Artificial Intelligence (AI) is reshaping the technological paradigms of interdisciplinary laboratories and industrial ecosystems. IoT-enabled vertical farming systems demonstrate significant advantages, achieving yield enhancement while reducing carbon emissions compared to traditional agriculture, thereby providing innovative solutions for sustainable food production. The advancement of robotic technologies further expands the application dimensions of mobile intelligent sensors in vertical farm IoT networks. Based on an autonomous farming system that integrates Unmanned Aerial Vehicle (UAV), sensors, and modular vertical farming units, this study proposes a three dimensional Scene Graph (3DSG)-based hierarchical mapping method for the dynamic monitoring of plant and fruit growth. Through feedback mechanisms, the system optimizes growth conditions by adjusting lighting and nutrient delivery, while the hierarchical mapping architecture reduces detection errors and enables comprehensive 3D visualization. The main contributions of this research include: 1) Pioneering application of 3DSG technology to establish a multi-dimensional spatiotemporal representation model for plant growth processes, supporting interpretable analysis and traceable monitoring; 2) Establishing an uncertainty model through error propagation by systematically analyzing sensor models (covering various common sensor combinations) and integrating these models into 3D object pose estimation algorithms. This highlights the necessity of hierarchical abstraction levels. The system is validated through simulations and real-world experiments, providing a quantitative evaluation of object pose estimation; and 3) An IoT-driven intelligent vertical farming architecture that integrating mobile robotic perception networks and environmental regulation devices, enabling dynamic acquisition and closed-loop control of plant growth parameters. Open-source code is available at https://github.com/allenthreee/scene_graph, video link: https://youtu.be/dhc8RLmX7hc.",abstrak,M4,V,N,hidroponik vertikal; SLAM semantik-metrik berbasis graf adegan 3D; model ketidakpastian sensor,N,,N,,,,
98,1019,yang2025safe,2025,Towards Safe and Efficient Through-the-Canopy Autonomous Fruit Counting with UAVs,10.1109/icra55743.2025.11127839,"We present an autonomous aerial system for safe and efficient through-the-canopy fruit counting. Aerial robot applications in large-scale orchards face significant challenges due to the complexity of fine-tuning flight paths based on orchard layouts, canopy density, and plant variability. Through-the-canopy navigation is crucial for minimizing occlusion by leaves and branches but is more challenging due to the complex and dense environment compared to traditional over-the-canopy flights. Our system addresses these challenges by integrating: i) a high-fidelity simulation framework for global path planning, ii) a low-cost autonomy stack for canopy-level navigation and data collection, and iii) a robust workflow for fruit detection and counting using RGB images. We validate our approach through fruit counting with canopy-level aerial images and by demonstrating the autonomous navigation capabilities of our experimental vehicle.",abstrak,M0,V,N,UAV menembus kanopi; perencanaan jalur untuk mengurangi oklusi; hitung dari citra tingkat kanopi,N,,N,,,,
99,153,zhai2025dynamic,2025,A Dynamic Kalman Filtering Method for Multi-Object Fruit Tracking and Counting in Complex Orchards,10.3390/s25134138,"With the rapid development of agricultural intelligence in recent years, automatic fruit detection and counting technologies have become increasingly significant for optimizing orchard management and advancing precision agriculture. However, existing deep learning-based models are primarily designed to process static and single-frame images, thereby failing to meet the large-scale detection and counting demands in the dynamically changing scenes of modern orchards. To address these challenges, this paper proposes a multi-object fruit tracking and counting method, which integrates an improved YOLO-based object detection algorithm with a dynamically optimized Kalman filter. By optimizing the network structure, the improved YOLO detection model provides high-quality detection results for subsequent tracking tasks. Then a modified Kalman filter with a variable forgetting factor is integrated to dynamically adjust the weighting of historical data, enabling the model to adapt to changes in observation and motion noise. Moreover, fruit targets are associated using a combined strategy based on Intersection over Union (IoU) and Re-Identification (Re-ID) features, improving the accuracy and stability of object matching. Consequently, the continuous tracking and precise counting of fruits in video sequences are achieved. Experimental results with image frames of fruits in video sequence are demonstrated, showing that the proposed method performs robust and continuous tracking (MOTA of 95.0% and HOTA of 82.4%). For fruit counting, the method attains a high coefficient-of-determination of 0.85 and a low root-mean-square error (RMSE) of 1.57, exhibiting high accuracy and stability of fruit detection, tracking and counting in video sequences under complex orchard environments.",abstrak,M2+M3,V,N,Kalman dinamis + IoU + fitur re-ID,Y,literature/scopus-2026-09/teks/zhai2025dynamic.txt,N,,,,
100,123,zhang2025robust,2025,Robust real-time blueberry counting in greenhouses using small-object detection and mamba-driven multi-step trajectory completion,10.1016/j.atech.2025.101402,"Accurate counting is essential for enabling automated blueberry harvesting and logistics decision-making in greenhouse environments. However, the features of small size, dense distribution, and frequent occlusion of blueberries result in severe missed detections and duplicate counting, making accurate counting highly challenging for yield estimation. To address these challenges, we propose an effective technical framework for real-time accurate counting of ripe blueberries in greenhouse environments, including specific deep-learning algorithms of lightweight small-object detection and mamba-based trajectory completion. First we introduce a hybrid loss function and a multi-scale feature fusion module, both integrated into the YOLOv12n model to enhance small object detection performance. Then in the trajectory prediction phase, we design encoders based on KAN and decoders based on Mamba, integrating multi-target positions and trajectories to achieve efficient and accurate position prediction. Thereafter we put forward a prediction-driven two-stage matching strategy based on ByteTrack, which effectively reduces duplicate counting caused by missed detections. Experimental results demonstrate the validity and robustness of the framework, and also highlight the algorithms’ performance advantages. The proposed lightweight small-object detection method increases precision by 8.3% and mAP@50 by 2.9% compared to the baseline on the public PEST24 dataset, and achieves an object detection mAP@50 of 0.877 on the real blueberry greenhouse dataset, The trajectory prediction based on our mamba-based trajectory completion algorithm results in an ADE of 15.4 pixels and an FDE of 24.8 pixels over 6 frames, and a single-frame ADE of 3.68 pixels. For blueberry greenhouse counting task, the overall pipeline achieves an accuracy of 92.5% and a processing speed of 35 FPS on the edge device. It effectively addresses repeated counting caused by occlusion and small target size, thereby achieving reliable fruit detection and accurate counting.",abstrak,M3,V,N,blueberry; ByteTrack + penyelesaian lintasan untuk menekan hitung ganda akibat deteksi hilang,N,,N,,,,
101,167,zheng2025robust,2025,A Robust Tomato Counting Framework for Greenhouse Inspection Robots Using YOLOv8 and Inter-Frame Prediction,10.3390/agronomy15051135,"Accurate tomato yield estimation and ripeness monitoring are critical for optimizing greenhouse management. While manual counting remains labor-intensive and error-prone, this study introduces a novel vision-based framework for automated tomato counting in standardized greenhouse environments. The proposed method integrates YOLOv8-based detection, depth filtering, and an inter-frame prediction algorithm to address key challenges such as background interference, occlusion, and double-counting. Our approach achieves 97.09% accuracy in tomato cluster detection, with mature and immature single fruit recognition accuracies of 92.03% and 91.79%, respectively. The multi-target tracking algorithm demonstrates a MOTA (Multiple Object Tracking Accuracy) of 0.954, outperforming conventional methods like YOLOv8 + DeepSORT. By fusing odometry data from an inspection robot, this lightweight solution enables real-time yield estimation and maturity classification, offering practical value for precision agriculture.",abstrak,M3+M4,V,Y,"tomat rumah kaca, robot; penyaringan depth + prediksi antarbingkai + odometri; MOTA 0,954, lebih baik dari YOLOv8+DeepSORT",Y,literature/scopus-2026-09/teks/zheng2025robust.txt,N,,,,
102,168,zhou2025yield,2025,Yield Estimation in Banana Orchards Based on DeepSORT and RGB-Depth Images,10.3390/agronomy15051119,"Orchard yield estimation is one of the key indicators of precision agriculture. The traditional random sampling yield estimation method has strict requirements for the laborer experience and scale of orchards. Intelligent orchard management enables growers to use resources more effectively and make wiser decisions to optimize orchard inputs. This study proposes a banana bunch counting and yield estimation method based on the DeepSORT tracking algorithm. This method involves obtaining RGB-D images and calculating the weight of an individual bunch of bananas, which was promoted in our previous work. Building on this, the DeepSORT was used to solve the repeated counting based on the Hungarian algorithm and Kalman filtering. Three constraints were set to improve the statistical accuracy, and a yield estimation system was designed for orchard management monitoring. This system provides managers with bunch weight predictions and statistical plant information to achieve real-time yield estimations for banana orchards. The experimental results showed that the accuracy of the yield estimations reached 97.25% and that banana bunch counting had a success rate of 96.82%. This demonstrates that the effective integration of RGB-D technology and the DeepSORT algorithm can be successfully applied to the intelligent management and harvesting of banana orchards.",abstrak,M2+M3,V,N,"pisang, RGB-D; DeepSORT dengan tiga kendala; keberhasilan hitung tandan 96,82%",Y,literature/scopus-2026-09/teks/zhou2025yield.txt,N,,,,
103,363,ahmad2024enabling,2024,Enabling Consumer UAVs for Precision Agriculture Applications: A Case Study of Yield Estimation,10.1109/icce59016.2024.10444191,"Unmanned aerial vehicles (UAVs) equipped with various sensors and onboard processing capabilities have emerged as a promising means to acquire field data for precision agriculture applications. However, such UAVs are costly, restricting their deployment in small-to-medium-sized fields, particularly in developing countries. In contrast, consumer-grade UAVs have high-resolution RGB cameras and video streaming abilities at affordable prices. This paper presents an efficient processing pipeline to analyze video streams from consumer-grade UAVs on smartphones. The processing pipeline consists of preprocessing, object detection, and yield estimation. The object detector, being the most computationally expensive module, is invoked every nth frame due to video redundancy and the target platform’s limited resources. The yield estimation task on a smartphone requires efficient and accurate fruit detection, which a modified YOLOv8n model achieved. We evaluate our pipeline on datasets of apple and peach trees and demonstrate that it can process UAV-captured images to collect yield-related statistics. We also discuss the lessons learned and outline future directions for consumer-grade UAV-based precision agriculture applications.",abstrak,M0,V,N,apel dan persik dari UAV konsumen; deteksi setiap bingkai ke-n tanpa asosiasi eksplisit,N,,N,,,,
104,361,ahmedtaristizabal2024field,2024,An In-Field Dynamic Vision-Based Analysis for Vineyard Yield Estimation,10.1109/access.2024.3431244,"Accurately predicting grape yield in vineyards is essential for strategic decision-making in the wine industry. Current methods are labour-intensive, costly, and lack spatial coverage, reducing accuracy and cost-efficiency. Efforts to automate and enhance yield estimation focus on scaling fruit weight assessments. Machine learning, particularly deep learning, shows promise in improving accuracy through automatic feature extraction and hierarchical representation. However, most of these methods have been developed for analyses at a particular time point and solutions able to consider temporal information captured across sequential frames are currently poorly developed. This paper addresses this gap by introducing a system for yield estimation, utilising publicly available data repositories, such as Embrapa WGISD, alongside an in-house dataset collected by a Blackmagic camera at the pre-harvest stage. We introduce a system that utilises bunch weight regression to estimate grape yield. Bunch weight estimates are obtained by summing samples randomly drawn from the grape bunch weight distribution through empirical calibration. Grapevine bunches are identified and segmented using Mask R-CNN with Swin Transformer, and a SiamFC-based tracking mechanism is employed to estimate the number of unique bunches per panel or row. The number of berries for each tracked bunch is determined using a density approach known as multitask point supervision. In our experiments, we demonstrate the effectiveness of the proposed system for yield estimation, achieving harvested weight errors of less than 5% in two of the three vineyard panels. Larger harvest weight errors (around 15%) were observed due to inaccuracies in tracking certain bunches caused by dense concentration of bunches in one panel. However, these errors should be contrasted with the current practice error of up to 30%, highlighting the potential of machine vision for hands-off yield estimation at scale.",abstrak,M3+M1,V,N,anggur; SiamFC untuk tandan unik per panel; bobot dari distribusi kalibrasi empiris,N,,N,,,,
105,311,arizasentis2024grapemots,2024,GrapeMOTS: UAV vineyard dataset with MOTS grape bunch annotations recorded from multiple perspectives for enhanced object detection and tracking,10.1016/j.dib.2024.110432,"Object Detection and Tracking have provided a valuable tool for many tasks, mostly time-consuming and prone-to-error jobs, including fruit counting while in the field, among others. Fruit counting can be a challenging assignment for humans due to the large quantity of fruit available, which turns it into a mentally-taxing operation. Hence, it is relevant to use technology to ease the task of farmers by implementing Object Detection and Tracking algorithms to facilitate fruit counting. However, those algorithms suffer undercounting due to occlusion, which means that the fruit is hidden behind a leaf or a branch, complicating the detection task. Consequently, gathering the datasets from multiple viewing angles is essential to boost the likelihood of recording the images and videos from the most visible point of view. Furthermore, the most critical open-source datasets do not include labels for certain fruits, such as grape bunches. This study aims to unravel the scarcity of public datasets, including labels, to train algorithms for grape bunch Detection and Tracking by considering multiple angles acquired with a UAV to overcome fruit occlusion challenges.",abstrak,DATA,V,N,GrapeMOTS: video UAV multi-perspektif dengan anotasi MOTS tandan anggur,Y,literature/scopus-2026-09/teks/arizasentis2024grapemots.txt,N,,,,
106,322,ashokan2024fruit,2024,Fruit yield estimation and forecasting for precision agriculture,10.1063/5.0196960,"Precision agriculture is an ever-growing domain.Fruit yield estimation and forecasting is a necessary step towards precision agriculture.Reliable and accurate estimation of fruit yield in an orchard help the farmers to make suitable arrangements.Fruit yield estimation is performed on video footage in which fruits are detected and tracked in each frame of the input video.YOLO V5 (You Only Look Once Version 5) neural network are applied to detect fruits in an orchard.Bounding boxes are extracted from detection and Non-Maximum Suppression (NMS) is performed to avoid multiple detections.Then the results are input into the tracking pipeline.DeepSORT algorithm is used for tracking the fruits.By keeping track of the fruits throughout the video frames, it is ensured that we are estimating the total fruit count appropriately when they are detected.Future fruit yield prediction is also carried out using time series forecasting by ARIMA model.This work may greatly help the needy farmers in yield estimation and predicting the future yields for sustainable growth.",abstrak,M2+M3,V,N,buah umum; DeepSORT + peramalan ARIMA,N,,N,,,,
107,371,du2024green,2024,Green pepper fruits counting based on improved DeepSort and optimized Yolov5s,10.3389/fpls.2024.1417682,"Introduction Green pepper yield estimation is crucial for establishing harvest and storage strategies. Method This paper proposes an automatic counting method for green pepper fruits based on object detection and multi-object tracking algorithm. Green pepper fruits have colors similar to leaves and are often occluded by each other, posing challenges for detection. Based on the YOLOv5s, the CS_YOLOv5s model is specifically designed for green pepper fruit detection. In the CS_YOLOv5s model, a Slim-Nick combined with GSConv structure is utilized in the Neck to reduce model parameters while enhancing detection speed. Additionally, the CBAM attention mechanism is integrated into the Neck to enhance the feature perception of green peppers at various locations and enhance the feature extraction capabilities of the model. Result According to the test results, the CS_YOLOv5s model of mAP, Precision and Recall, and Detection time of a single image are 98.96%, 95%, 97.3%, and 6.3 ms respectively. Compared to the YOLOv5s model, the Detection time of a single image is reduced by 34.4%, while Recall and mAP values are improved. Additionally, for green pepper fruit tracking, this paper combines appearance matching algorithms and track optimization algorithms from SportsTrack to optimize the DeepSort algorithm. Considering three different scenarios of tracking, the MOTA and MOTP are stable, but the ID switch is reduced by 29.41%. Based on the CS_YOLOv5s model, the counting performance before and after DeepSort optimization is compared. For green pepper counting in videos, the optimized DeepSort algorithm achieves ACP (Average Counting Precision), MAE (Mean Absolute Error), and RMSE (Root Mean Squared Error) values of 95.33%, 3.33, and 3.74, respectively. Compared to the original algorithm, ACP increases by 7.2%, while MAE and RMSE decrease by 6.67 and 6.94, respectively. Additionally, Based on the optimized DeepSort, the fruit counting results using YOLOv5s model and CS_YOLOv5s model were compared, and the results show that using the better object detector CS_YOLOv5s has better counting accuracy and robustness.",abstrak,M2+M3,V,N,"cabai hijau; DeepSORT dioptimasi; ID switch turun 29,41%",Y,literature/scopus-2026-09/teks/du2024green.txt,N,,,,
108,338,feng2024approach,2024,Approach of Dynamic Tracking and Counting for Obscured Citrus in Smart Orchard Based on Machine Vision,10.3390/app14031136,"The approach of dynamic tracking and counting for obscured citrus based on machine vision is a key element to realizing orchard yield measurement and smart orchard production management. In this study, focusing on citrus images and dynamic videos in a modern planting mode, we proposed the citrus detection and dynamic counting method based on the lightweight target detection network YOLOv7-tiny, Kalman filter tracking, and the Hungarian algorithm. The YOLOv7-tiny model was used to detect the citrus in the video, and the Kalman filter algorithm was used for the predictive tracking of the detected fruits. In order to realize optimal matching, the Hungarian algorithm was improved in terms of Euclidean distance and overlap matching and the two stages life filter was added; finally, the drawing lines counting strategy was proposed. ln this study, the detection performance, tracking performance, and counting effect of the algorithms are tested respectively; the results showed that the average detection accuracy of the YOLOv7-tiny model reached 97.23%, the detection accuracy in orchard dynamic detection reached 95.12%, the multi-target tracking accuracy and the precision of the improved dynamic counting algorithm reached 67.14% and 74.65% respectively, which were higher than those of the pre-improvement algorithm, and the average counting accuracy of the improved algorithm reached 81.02%. The method was proposed to effectively help fruit farmers grasp the number of citruses and provide a technical reference for the study of yield measurement in modernized citrus orchards and a scientific decision-making basis for the intelligent management of orchards.",abstrak,M3,V,N,"jeruk terhalang; Kalman + Hungarian diperbaiki + garis hitung; akurasi hitung 81,02%",Y,literature/scopus-2026-09/teks/feng2024approach.txt,N,,,,
109,344,garderes2024apple,2024,Apple Detection and Counting Using Neural Networks,10.1109/clei64178.2024.10700174,"It is important to estimate the number of fruits which are going to be harvested, since that information allows farmers to make key decisions regarding the production, distribution and commercialization of crops. In this project, solutions for detecting and counting apples are explored, by using detection and tracking algorithms based on neural networks. Four neural network object detection models were trained: YOLOv5, YOLOv8 and two variants of Faster R-CNN, using public as well as self-made datasets. Three tracking algorithms (StrongSort, ByteTrack and OCSort) were tested using the trained models and labeled video datasets. These datasets were developed with recordings of a real-world orchard and recordings generated with a ROS-based apple field simulator, developed as part of this project. Finally, two fitting models based on linear regression were evaluated in order to minimize prediction errors. As a conclusion of this research, it was found that the YOLOv5 and YOLOv8 performances were better than the other two, achieving a mAP50 of 0.87 and 0.85. In terms of apple tracking, the performance of OCSort stands out, reaching a HOTA metric of 60.24% and running times in the order of 30 ms.",abstrak,M3+M1,V,N,"apel; OCSort HOTA 60,24%; regresi linear untuk menekan galat prediksi; simulator ROS",N,,N,,,,
110,340,ishizuka2024eggplant,2024,Eggplant Detection and Counting Across the Entire Greenhouse Using Deep Learning and Motion Parallax,10.1109/isc260477.2024.11004199,"To address labor shortages and population growth, the importance of maximizing productivity through precision agriculture is increasing. As part of precision agriculture, counting the number of fruits on crops is conducted to monitor growth conditions and predict yields. Manual counting is inaccurate and costly, so methods using object detection technologies to count fruits have been proposed. However, existing methods count all visible fruits in the frame, leading to duplicate counts and inaccuracies in measuring the total number of fruits throughout the greenhouse. In this paper, we propose a method for accurately counting the number of eggplants in an agricultural greenhouse by using an object detection model and an object tracking model. Our method utilizes the principle of motion parallax to prevent double counting and ensure accurate counts of each ridge. This approach leads to a more precise estimate of the total number of fruits in the greenhouse. The proposed method was evaluated using object tracking metrics and a comparison with the actual fruit count, and the results showed superior performance compared to existing methods. This demonstrates that our approach is more suitable for estimating the total number of fruits throughout the entire greenhouse.",abstrak,M3+M4,V,N,terung rumah kaca; paralaks gerak untuk mencegah hitung ganda per bedengan,N,,N,,,,
111,376,kang2024real,2024,Toward Real Scenery: A Lightweight Tomato Growth Inspection Algorithm for Leaf Disease Detection and Fruit Counting,10.34133/plantphenomics.0174,"The deployment of intelligent surveillance systems to monitor tomato plant growth poses substantial challenges due to the dynamic nature of disease patterns and the complexity of environmental conditions such as background and lighting. In this study, an integrated cascade framework that synergizes detectors and trackers was introduced for the simultaneous identification of tomato leaf diseases and fruit counting. We applied an autonomous robot with smartphone camera to collect images for leaf disease and fruits in greenhouses. Further, we improved the deep learning network YOLO-TGI by incorporating Ghost and CBAM modules, which was trained and tested in conjunction with premier lightweight detection models like YOLOX and NanoDet in evaluating leaf health conditions. For the cascading with various base detectors, we integrated state-of-the-art trackers such as Byte-Track, Motpy, and FairMot to enable fruit counting in video streams. Experimental results indicated that the combination of YOLO-TGI and Byte-Track achieved the most robust performance. Particularly, YOLO-TGI-N emerged as the model with the least computational demands, registering the lowest FLOPs at 2.05 G and checkpoint weights at 3.7 M, while still maintaining a mAP of 0.72 for leaf disease detection. Regarding the fruit counting, the combination of YOLO-TGI-S and Byte-Track achieved the best R2 of 0.93 and the lowest RMSE of 9.17, boasting an inference speed that doubles that of the YOLOX series, and is 2.5 times faster than the NanoDet series. The developed network framework is a potential solution for researchers facilitating the deployment of similar surveillance models for a broad spectrum of fruit and vegetable crops.",abstrak,M3,V,N,"tomat; ByteTrack terbaik dibanding Motpy dan FairMOT; R2 0,93, RMSE 9,17",N,,N,,,,
112,3294,magalhaes2024monovisual3dfilter,2024,MonoVisual3DFilter: 3D tomatoes' localisation with monocular cameras using histogram filters,10.1017/s0263574724000936,"Abstract Performing tasks in agriculture, such as fruit monitoring or harvesting, requires perceiving the objects’ spatial position. RGB-D cameras are limited under open-field environments due to lightning interferences. So, in this study, we state to answer the research question: “How can we use and control monocular sensors to perceive objects’ position in the 3D task space?” Towards this aim, we approached histogram filters (Bayesian discrete filters) to estimate the position of tomatoes in the tomato plant through the algorithm MonoVisual3DFilter. Two kernel filters were studied: the square kernel and the Gaussian kernel. The implemented algorithm was essayed in simulation, with and without Gaussian noise and random noise, and in a testbed at laboratory conditions. The algorithm reported a mean absolute error lower than 10 mm in simulation and 20 mm in the testbed at laboratory conditions with an assessing distance of about 0.5 m. So, the results are viable for real environments and should be improved at closer distances.",abstrak,M4,V,N,tomat; filter histogram Bayes untuk posisi 3D dari kamera monokular; MAE <20 mm di laboratorium,Y,literature/scopus-2026-09/teks/magalhaes2024monovisual3dfilter.txt,N,,,,
113,365,matos2024tracking,2024,Tracking and Counting Apples in Orchards under Intermittent Occlusions and Low Frame Rates,10.1109/cvprw63382.2024.00550,"Estimating what will be the fruit yield in an orchard helps farmers to better plan the resources needed for harvesting, storing, and commercialising the crop, and also to take some agricultural decisions (like pruning) that may increase the quality of the yield and increase profits. Therefore, over the last years, several methods based on computer vision were proposed to automate this task, by directly counting the fruits on trees using a video camera. However, existing works and methods usually assume ideal conditions, and may fail under more challenging scenarios with unconstrained camera motion and intermittent occlusions of fruits. Here we show that combining Structure-from-Motion (SfM) with a bipartite graph matching has the potential to address those challenges. We found that our approach applied to real-world datasets, with unconstrained camera motion and low frame rates, outperforms existing methods by a large margin. Our results demonstrate that the proposed method is robust to multiple intermittent occlusions under challenging conditions, and thus suitable to be used in diverse real-world scenarios in orchards, either with a camera operated by hand or mounted on an agricultural vehicle. Although not shown here, we believe that the proposed method can also be applied to other object tracking problems besides counting fruits, under similar settings — i.e. static objects and a freely moving camera.",abstrak,M4+M3,V,N,apel; SfM + pencocokan graf bipartit; tahan oklusi berselang dan laju bingkai rendah,N,,N,,,,
114,341,meyer2024fruitnerf,2024,FruitNeRF: A Unified Neural Radiance Field based Fruit Counting Framework,10.1109/iros58592.2024.10802065,"We introduce FruitNeRF, a unified novel fruit counting framework that leverages state-of-the-art view synthesis methods to count any fruit type directly in 3D. Our framework takes an unordered set of posed images captured by a monocular camera and segments fruit in each image. To make our system independent of the fruit type, we employ a foundation model that generates binary segmentation masks for any fruit. Utilizing both modalities, RGB and semantic, we train a semantic neural radiance field. Through uniform volume sampling of the implicit Fruit Field, we obtain fruit-only point clouds. By applying cascaded clustering on the extracted point cloud, our approach achieves precise fruit count. The use of neural radiance fields provides significant advantages over conventional methods such as object tracking or optical flow, as the counting itself is lifted into 3D. Our method prevents double counting fruit and avoids counting irrelevant fruit. We evaluate our methodology using both real-world and synthetic datasets. The real-world dataset consists of three apple trees with manually counted ground truths, a benchmark apple dataset with one row and ground truth fruit location, while the synthetic dataset comprises various fruit types including apple, plum, lemon, pear, peach, and mango. Additionally, we assess the performance of fruit counting using the foundation model compared to a U-Net.",abstrak,M4,D,N,FruitNeRF; medan semantik dari citra berpose + klaster; apel nyata dan enam buah sintetis,N,,N,,,,
115,367,muzaddid2024ntrack,2024,NTrack: A Multiple-Object Tracker and Dataset for Infield Cotton Boll Counting,10.1109/tase.2023.3342791,"In agriculture, automating the accurate tracking of fruits, vegetables, and fiber is a very tough problem. The issue becomes extremely challenging in dynamic field environments. Yet, this information is critical for making day-to-day agricultural decisions, assisting breeding programs, and much more. To tackle this dilemma, we introduce NTrack, a novel multiple object tracking framework based on the linear relationship between the locations of neighboring tracks. NTrack computes dense optical flow and utilizes particle filtering to guide each tracker. Correspondences between detections and tracks are found through data association via direct observations and indirect cues, which are then combined to obtain an updated observation. Our modular multiple object tracking system is independent of the underlying detection method, thus allowing for the interchangeable use of any off-the-shelf object detector. We show the efficacy of our approach on the task of tracking and counting infield cotton bolls. Experimental results show that our system exceeds contemporary tracking and cotton boll-based counting methods by a large margin. Furthermore, we publicly release the first annotated cotton boll video dataset to the research community. Note to Practitioners—This work is motivated by the need to provide highly-accurate estimates of the total number of cotton bolls across an entire farm. We provide a multiple object tracking framework for automating the counting process using a dynamic motion model that can reidentify severely occluded objects. This information is immensely beneficial to agronomists and breeders. For example, it can allow them to accelerate the selection of genotypes and identify cotton cultivars that exhibit tolerance to adverse environmental conditions (e.g., drought, poor soil quality, etc.) via yield prediction. Since the performance of our tracker is tied to the accuracy of the object detector, the ability to swap detectors is important for enhancing the usability of the system. Our dataset structure was modeled after similar multiple object tracking datasets for the purpose of increasing adoption among practitioners. To implement our system, it is assumed that the image/video capture device is of high resolution and data is acquired under ideal lighting conditions. The framework can be run on any commercial-off-the-shelf platform (e.g., ground-based robots, unmanned aerial vehicles, etc.), with sufficient computing and memory resources, using a vision-based sensor.",abstrak,M3,V,N,kapas; NTrack dengan aliran optik padat + filter partikel; set data video publik,Y,literature/scopus-2026-09/teks/muzaddid2024ntrack.txt,N,,,,
116,288,nenavath2024tree,2024,On-Tree Mango Fruit Count Using Live Video-Split Image Dataset to Predict Better Yield at Pre-Harvesting Stage,10.32985/ijeces.15.9.5,"This study introduces a method for fruit counting in agricultural settings using video capture and the YOLOv7 object detection model. By splitting captured videos into frames and strategically selecting representative frames, the approach aims to accurately estimate fruit counts while minimizing the risk of double counting. YOLOv7, known for its efficiency and accuracy in object detection, is employed to analyze selected frames and detect fruits on trees. Demonstrated the method's effectiveness through its ability to provide farmers with precise yield estimations, optimize resource management, and facilitate early detection of orchard issues such as pest infestations or nutrient deficiencies. This technological integration reduces labor costs and supports sustainable agricultural practices by improving productivity and decision-making capabilities. The scalability of the approach makes it suitable for diverse orchard sizes and types, offering a promising tool for enhancing agricultural efficiency and profitability. The researcher compared YOLOv5n, YOLOv5s, YOLOv7, and YOLOv7-tiny with eight-sided imaging techniques around the tree. The experimental results of YOLOv7 with the eight-sided technique performed best and achieved a count accuracy of 97.7% on a single tree in just 17.112 ms of average inference time. On multiple trees, it is 95.48% in just 17 ms of average inference time, with the help of an eight- sided method on tree images.",abstrak,M0,D,N,"mangga; delapan sisi pohon; pemilihan bingkai representatif; akurasi hitung 97,7% pohon tunggal",Y,literature/scopus-2026-09/teks/nenavath2024tree.txt,N,,,,
117,357,pai2024maturity,2024,Maturity and Yield Estimation of Tomatoes Using RGB and Multispectral Images,10.1109/icit58233.2024.10540838,"Due to the rising cost of labor, smart agriculture is regarded as the trend of future agricultural development. In this work, we propose a system for maturity and yield estimation of tomatoes using RGB and multispectral images. The tomatoes are identified using object detection and tracking networks, followed by ripeness classification into the categories “mature”, “almost mature” and “immature”. In the experiment, the image sequence is used to detect tomatoes, and assign an ID to each of them. The principal component analysis is then performed using multispectral indices including NDVI, GRRI and GNDVI. Finally, tomato tracking and maturity classification are integrated, and the number of tomatoes with various maturity in each group is counted. Through this research, we can more effectively monitor and manage tomato growth and improve agricultural production efficiency.",abstrak,M3,V,Y,tomat tiga tingkat kematangan; RGB + multispektral; hitung per kelas per kelompok,N,,N,,,,
118,392,saraceni2024agrisort,2024,AgriSORT: A Simple Online Real-time Tracking-by-Detection framework for robotics in precision agriculture,10.1109/icra57147.2024.10610231,"The problem of multi-object tracking (MOT) consists in detecting and tracking all the objects in a video sequence while keeping a unique identifier for each object. It is a challenging and fundamental problem for robotics. In precision agriculture the challenge of achieving a satisfactory solution is amplified by extreme camera motion, sudden illumination changes, and strong occlusions. Most modern trackers rely on the appearance of objects rather than motion for association, which can be ineffective when most targets are static objects with the same appearance, as in the agricultural case. To this end, on the trail of SORT [5], we propose AgriSORT, a simple, online, real-time tracking-by-detection pipeline for precision agriculture based only on motion information that allows for accurate and fast propagation of tracks between frames. The main focuses of AgriSORT are efficiency, flexibility, minimal dependencies, and ease of deployment on robotic platforms. We test the proposed pipeline on a novel MOT benchmark specifically tailored for the agricultural context, based on video sequences taken in a table grape vineyard, particularly challenging due to strong self-similarity and density of the instances. Both the code and the dataset are available for future comparisons at: https://github.com/Lio320/AgriSORT",abstrak,M3,V,N,"AgriSORT hanya gerak, tanpa penampilan; tolok ukur MOT anggur meja publik",Y,literature/scopus-2026-09/teks/saraceni2024agrisort.txt,N,,,,
119,335,sekharamantry2024seamless,2024,"A Seamless Deep Learning Approach for Apple Detection, Depth Estimation, and Tracking Using YOLO Models Enhanced by Multi-Head Attention Mechanism",10.3390/computers13030083,"Considering precision agriculture, recent technological developments have sparked the emergence of several new tools that can help to automate the agricultural process. For instance, accurately detecting and counting apples in orchards is essential for maximizing harvests and ensuring effective resource management. However, there are several intrinsic difficulties with traditional techniques for identifying and counting apples in orchards. To identify, recognize, and detect apples, apple target detection algorithms, such as YOLOv7, have shown a great deal of reflection and accuracy. But occlusions, electrical wiring, branches, and overlapping pose severe issues for precisely detecting apples. Thus, to overcome these issues and accurately recognize apples and find the depth of apples from drone-based videos in complicated backdrops, our proposed model combines a multi-head attention system with the YOLOv7 object identification framework. Furthermore, we provide the ByteTrack method for apple counting in real time, which guarantees effective monitoring of apples. To verify the efficacy of our suggested model, a thorough comparison assessment is performed with several current apple detection and counting techniques. The outcomes adequately proved the effectiveness of our strategy, which continuously surpassed competing methods to achieve exceptional accuracies of 0.92, 0.96, and 0.95 with respect to precision, recall, and F1 score, and a low MAPE of 0.027, respectively.",abstrak,M3,V,N,"apel dari video drone; ByteTrack + estimasi depth; MAPE 0,027",Y,literature/scopus-2026-09/teks/sekharamantry2024seamless.txt,N,,,,
120,331,viveros2024maturity,2024,Maturity Recognition and Fruit Counting for Sweet Peppers in Greenhouses Using Deep Learning Neural Networks,10.3390/agriculture14030331,"This study presents an approach to address the challenges of recognizing the maturity stage and counting sweet peppers of varying colors (green, yellow, orange, and red) within greenhouse environments. The methodology leverages the YOLOv5 model for real-time object detection, classification, and localization, coupled with the DeepSORT algorithm for efficient tracking. The system was successfully implemented to monitor sweet pepper production, and some challenges related to this environment, namely occlusions and the presence of leaves and branches, were effectively overcome. We evaluated our algorithm using real-world data collected in a sweet pepper greenhouse. A dataset comprising 1863 images was meticulously compiled to enhance the study, incorporating diverse sweet pepper varieties and maturity levels. Additionally, the study emphasized the role of confidence levels in object recognition, achieving a confidence level of 0.973. Furthermore, the DeepSORT algorithm was successfully applied for counting sweet peppers, demonstrating an accuracy level of 85.7% in two simulated environments under challenging conditions, such as varied lighting and inaccuracies in maturity level assessment.",abstrak,M2+M3,V,Y,"paprika empat warna kematangan; DeepSORT; akurasi hitung 85,7% di lingkungan simulasi",Y,literature/scopus-2026-09/teks/viveros2024maturity.txt,N,,,,
121,284,yang2024automatic,2024,Automatic Apple Detection and Counting with AD-YOLO and MR-SORT,10.3390/s24217012,"In the production management of agriculture, accurate fruit counting plays a vital role in the orchard yield estimation and appropriate production decisions. Although recent tracking-by-detection algorithms have emerged as a promising fruit-counting method, they still cannot completely avoid fruit occlusion and light variations in complex orchard environments, and it is difficult to realize automatic and accurate apple counting. In this paper, a video-based multiple-object tracking method, MR-SORT (Multiple Rematching SORT), is proposed based on the improved YOLOv8 and BoT-SORT. First, we propose the AD-YOLO model, which aims to reduce the number of incorrect detections during object tracking. In the YOLOv8s backbone network, an Omni-dimensional Dynamic Convolution (ODConv) module is used to extract local feature information and enhance the model’s ability better; a Global Attention Mechanism (GAM) is introduced to improve the detection ability of a foreground object (apple) in the whole image; a Soft Spatial Pyramid Pooling Layer (SSPPL) is designed to reduce the feature information dispersion and increase the sensory field of the network. Then, the improved BoT-SORT algorithm is proposed by fusing the verification mechanism, SURF feature descriptors, and the Vector of Local Aggregate Descriptors (VLAD) algorithm, which can match apples more accurately in adjacent video frames and reduce the probability of ID switching in the tracking process. The results show that the mAP metrics of the proposed AD-YOLO model are 3.1% higher than those of the YOLOv8 model, reaching 96.4%. The improved tracking algorithm has 297 fewer ID switches, which is 35.6% less than the original algorithm. The multiple-object tracking accuracy of the improved algorithm reached 85.6%, and the average counting error was reduced to 0.07. The coefficient of determination R2 between the ground truth and the predicted value reached 0.98. The above metrics show that our method can give more accurate counting results for apples and even other types of fruit.",abstrak,M2+M3,V,N,apel; MR-SORT (BoT-SORT + SURF/VLAD rematching),Y,literature/scopus-2026-09/teks/yang2024automatic.txt,N,,,,
122,314,yuan2024simultaneous,2024,Simultaneous Localization and Mapping System for Agricultural Yield Estimation Based on Improved VINS-RGBD: A Case Study of a Strawberry Field,10.3390/agriculture14050784,"Crop yield estimation plays a crucial role in agricultural production planning and risk management. Utilizing simultaneous localization and mapping (SLAM) technology for the three-dimensional reconstruction of crops allows for an intuitive understanding of their growth status and facilitates yield estimation. Therefore, this paper proposes a VINS-RGBD system incorporating a semantic segmentation module to enrich the information representation of a 3D reconstruction map. Additionally, image matching using L_SuperPoint feature points is employed to achieve higher localization accuracy and obtain better map quality. Moreover, Voxblox is proposed for storing and representing the maps, which facilitates the storage of large-scale maps. Furthermore, yield estimation is conducted using conditional filtering and RANSAC spherical fitting. The results show that the proposed system achieves an average relative error of 10.87% in yield estimation. The semantic segmentation accuracy of the system reaches 73.2% mIoU, and it can save an average of 96.91% memory for point cloud map storage. Localization accuracy tests on public datasets demonstrate that, compared to Shi–Tomasi corner points, using L_SuperPoint feature points reduces the average ATE by 1.933 and the average RPE by 0.042. Through field experiments and evaluations in a strawberry field, the proposed system demonstrates reliability in yield estimation, providing guidance and support for agricultural production planning and risk management.",abstrak,M4,V,N,"stroberi; VINS-RGBD semantik + pencocokan L_SuperPoint + Voxblox; galat relatif hasil 10,87%",Y,literature/scopus-2026-09/teks/yuan2024simultaneous.txt,N,,,,
123,359,zhang2024stablesort,2024,StableSort-CMC: a tracking algorithm for robot dog based orchard fruit counting,10.1109/cac63892.2024.10865478,"In recent years, the utilization of deep learning technology for fruit yield prediction methods using robot dogs equipped with cameras, along with target detection and tracking algorithms, has emerged as a research focus. However, the movement of robot dogs through undulating orchard terrain often induces vibration in the mounted cameras, which can significantly impact the performance of tracking algorithms. To address this issue, this paper proposes a tracking algorithm integrated with a camera motion compensation module. This module applies image rotation, scaling, and translation parameters to the tracking algorithm, enhancing its performance and counting accuracy in vibrated scenes. Utilizing nectarine data collected by a robot dog equipped with a gimbal camera, the proposed algorithm achieves a Multiple Object Tracking Accuracy (MOTA) of 63.4%. In ablation experiments, integrating the camera motion compensation module into the tracking algorithm improves MOTA by 2.9%. These results validate the efficacy of the proposed algorithm in mitigating the effects of camera vibration and enhancing tracking performance in dynamic orchard environments",abstrak,M3,V,N,"nektarin, robot anjing; kompensasi gerak kamera menaikkan MOTA 2,9% (MOTA 63,4%)",N,,N,,,,
124,276,zhou2024advancing,2024,Advancing tracking-by-detection with MultiMap: Towards occlusion-resilient online multiclass strawberry counting,10.1016/j.eswa.2024.124587,"Despite the economic importance and research relevance of strawberries, advances in agricultural engineering for this crop have been hampered by pervasive occlusion challenges. Accurate fruit counting is crucial for both yield prediction and genotype selection; however, current fruit counting techniques fall short in large-scale strawberry farms. Leveraging computer vision, a refined strawberry detection network that integrates YOLOv5s with the attention mechanism identifies and locates both ripe and unripe strawberries in videos from strawberry farms. By utilizing tracking-by-detection algorithms, this system is able to trace multiple fruits from their first appearance to their final disappearance in real-time footage. To strengthen its resilience against occlusion, we have enhanced the tracking-by-detection algorithms with a multiple mapping algorithm. Without compromising its real-time performance, this implementation not only strengthens the robustness to occlusion but also segregates and tallies each strawberry class, presenting multiclass counts to the users. Within prevalent tracking frameworks, our approach records a mere 6.7% relative counting error rate. Furthermore, the lowest error rates for the classes of ripe and unripe strawberries were 8.7% and 9.9%, respectively. We contend that our method furnishes accurate counting data for digital agriculture, with the potential for broader applications. The code is open-source at https://github.com/Xuehaiz/MultiMap.",abstrak,M3,V,Y,"stroberi matang/mentah; MultiMap untuk ketahanan oklusi; galat hitung relatif 6,7%; per kelas 8,7% dan 9,9%",N,,N,,,,
125,372,zhou2024utilizing,2024,Utilizing NeRF-Based Rays for Spatial Perception in Fruit Counting Deduplication,10.1109/isitsc64373.2024.00013,"Accurate fruit counting is essential for effective management in orchards and plantations. Traditionally, quantifying fruits like citrus on trees involves labor-intensive manual counting. Recently, computer vision-based automated methods have emerged as a viable alternative. However, these methods often struggle with issues like occlusion by leaves and duplicate counts due to multiple appearances in the image frame. This study proposes the integration of 2D detection techniques with 3D reconstruction technologies, utilizing Rays in Neural Radiance Fields(NeRF) to overcome these challenges and enhance the precision of fruit counting on individual trees. The implementation involves targeted training of the YOLOv8 model, combined with NVIDIA's instant-ngp for swift NeRF reconstruction, and further refined by data clustering via the DBSCAN algorithm. This approach markedly increases the detection accuracy especially for a single fruit tree, resulting in a mean absolute error (MAE) of 1.5 oranges with a prediction accuracy of 90.625%, effectively refining fruit counting evaluations for a single fruit tree.",abstrak,M4,D,N,"jeruk; sinar NeRF + DBSCAN untuk deduplikasi; MAE 1,5 buah per pohon",N,,N,,,,
126,1036,zhu2024citrus,2024,Citrus yield estimation for individual trees integrating pruning intensity and image views,10.1016/j.eja.2024.127349,"Accurately estimating the yield of citrus fruit on individual trees is essential for precise orchard management and the income of producers. However, estimating the yield of citrus fruit from images of trees remains challenging among different processes of tree pruning and image acquisition. This study adopted a deep learning based detection model to count fruit in tree images and machine learning models to estimate the yield of individual trees from the fruit count. Trees under four levels of pruning intensity (no pruning, 0–5 %, 5–10 %, and 10–15 % of new sprouts pruned) and imaged from three different views (two, four, and six images per tree) to determine the optimal conditions for yield estimation. The variables considered for yield estimation included fruit count, pruning intensity and image views. Dataset containing 1200 tree images were used to train and test four machine learning models: random forest, support vector machine , extreme gradient boosting (XGBoost), and generalized linear model. The XGBoost model achieved the lowest errors in both training and testing. The optimal yield estimation occurs when there are two, four, and six image views and trees that have been pruned >10 %, 5–10 %, and ≤5 %, respectively. The findings can enhance the accuracy of image based citrus fruit yield estimation for individual trees and reveal the influences of pruning and image views.",abstrak,M1,D,N,"jeruk per pohon; 2, 4, atau 6 pandang + intensitas pemangkasan; XGBoost; jumlah pandang optimal bergantung pada pemangkasan",N,,N,,,,
127,431,abeyrathna2023recognition,2023,Recognition and Counting of Apples in a Dynamic State Using a 3D Camera and Deep Learning Algorithms for Robotic Harvesting Systems,10.3390/s23083810,"Recognition and 3D positional estimation of apples during harvesting from a robotic platform in a moving vehicle are still challenging. Fruit clusters, branches, foliage, low resolution, and different illuminations are unavoidable and cause errors in different environmental conditions. Therefore, this research aimed to develop a recognition system based on training datasets from an augmented, complex apple orchard. The recognition system was evaluated using deep learning algorithms established from a convolutional neural network (CNN). The dynamic accuracy of the modern artificial neural networks involving 3D coordinates for deploying robotic arms at different forward-moving speeds from an experimental vehicle was investigated to compare the recognition and tracking localization accuracy. In this study, a Realsense D455 RGB-D camera was selected to acquire 3D coordinates of each detected and counted apple attached to artificial trees placed in the field to propose a specially designed structure for ease of robotic harvesting. A 3D camera, YOLO (You Only Look Once), YOLOv4, YOLOv5, YOLOv7, and EfficienDet state-of-the-art models were utilized for object detection. The Deep SORT algorithm was employed for tracking and counting detected apples using perpendicular, 15°, and 30° orientations. The 3D coordinates were obtained for each tracked apple when the on-board camera in the vehicle passed the reference line and was set in the middle of the image frame. To optimize harvesting at three different speeds (0.052 ms−1, 0.069 ms−1, and 0.098 ms−1), the accuracy of 3D coordinates was compared for three forward-moving speeds and three camera angles (15°, 30°, and 90°). The mean average precision (mAP@0.5) values of YOLOv4, YOLOv5, YOLOv7, and EfficientDet were 0.84, 0.86, 0.905, and 0.775, respectively. The lowest root mean square error (RMSE) was 1.54 cm for the apples detected by EfficientDet at a 15° orientation and a speed of 0.098 ms−1. In terms of counting apples, YOLOv5 and YOLOv7 showed a higher number of detections in outdoor dynamic conditions, achieving a counting accuracy of 86.6%. We concluded that the EfficientDet deep learning algorithm at a 15° orientation in 3D coordinates can be employed for further robotic arm development while harvesting apples in a specially designed orchard.",abstrak,M2+M3+M4,V,N,apel pada pohon buatan; DeepSORT pada tiga kecepatan dan tiga sudut; koordinat 3D dari RGB-D,Y,literature/scopus-2026-09/teks/abeyrathna2023recognition.txt,N,,,,
128,445,arizasentis2023dataset,2023,Dataset on UAV RGB videos acquired over a vineyard including bunch labels for object detection and tracking,10.1016/j.dib.2022.108848,"Counting the number of grape bunches at an early stage of development offers relevant information to the winegrower about the potential yield to be harvested. However, manual counting on the fields is laborious and time-consuming. Remote sensing, and more precisely unmanned aerial vehicles mounted with RGB or multispectral cameras, facilitate this task rapidly and accurately. This dataset contains 40 RGB videos from a 1.06-ha vineyard located in northern Spain. Moreover, the dataset includes mask labels of visible grape bunches. The videos were acquired throughout four UAV flights with an RGB camera tilted at 60 degrees. Each flight recorded one side of a row of the vineyard. The grape berries were between pea-size (BBCH75) and bunch closure (BBCH79) stage, which is two months before harvesting. No operations other than those usual in a commercial vineyard, such as pruning, cane tying, fertilization, and pest treatment, have been carried out, hence, the dataset presents leaf occlusion. The dataset was gathered and labelled to train object detection and tracking algorithms for grape bunch counting. Furthermore, it eases the work of winegrowers to check the sanitary status of the vineyard.",abstrak,DATA,V,N,"40 video UAV kebun anggur 1,06 ha dengan label topeng tandan",Y,literature/scopus-2026-09/teks/arizasentis2023dataset.txt,N,,,,
129,417,arizasentis2023object,2023,Object detection and tracking on UAV RGB videos for early extraction of grape phenotypic traits,10.1016/j.compag.2023.108051,"Grapevine phenotyping is the process of determining the physical properties (e.g., size, shape, and number) of grape bunches and berries. Grapevine phenotyping information provides valuable characteristics to monitor the sanitary status of the vine. Knowing the number and dimensions of bunches and berries at an early stage of development provides relevant information to the winegrowers about the yield to be harvested. However, the process of counting and measuring is usually done manually, which is laborious and time-consuming. Previous studies have attempted to implement bunch detection on red bunches in vineyards with leaf removal and surveys have been done using ground vehicles and handled cameras. However, Unmanned Aerial Vehicles (UAV) mounted with RGB cameras, along with computer vision techniques offer a cheap, robust, and timesaving alternative. Therefore, Multi-object tracking and segmentation (MOTS) is utilized in this study to determine the traits of individual white grape bunches and berries from RGB videos obtained from a UAV acquired over a commercial vineyard with a high density of leaves. To achieve this goal two datasets with labelled images and phenotyping measurements were created and made available in a public repository. PointTrack algorithm was used for detecting and tracking the grape bunches, and two instance segmentation algorithms - YOLACT and Spatial Embeddings - have been compared for finding the most suitable approach to detect berries. It was found that the detection performs adequately for cluster detection with a MODSA of 93.85. For tracking, the results were not sufficient when trained with 679 frames.This study provides an automated pipeline for the extraction of several grape phenotyping traits described by the International Organization of Vine and Wine (OIV) descriptors. The selected OIV descriptors are the bunch length, width, and shape (codes 202, 203, and 208, respectively) and the berry length, width, and shape (codes 220, 221, and 223, respectively). Lastly, the comparison regarding the number of detected berries per bunch indicated that Spatial Embeddings assessed berry counting more accurately (79.5%) than YOLACT (44.6%).",abstrak,M3,V,N,anggur putih dari UAV; PointTrack MOTS; set data publik,N,,N,,,,
130,3604,arlotta2023ekf,2023,An EKF-Based Multi-Object Tracking Framework for a Mobile Robot in a Precision Agriculture Scenario,10.1109/ecmr59166.2023.10256338,"Many robotic applications require the ability to locate multiple objects in the environment, but the use of instant-by-instant identification techniques may be unreliable in variable and poorly structured contexts, such as for the majority of precision agriculture settings. Inspired by the needs of the H2020 CANOPIES projects, where robotic platforms are required to perform harvesting operations in table-grape vineyards, in this paper, we propose a framework for tracking objects of interest over time using a mobile robotic platform equipped with RGB-D camera. Specifically, we design a multi-object tracking module based on an Extended Kalman Filter (EKF) which takes into account the motion of the robot to update the estimate of the localization of the objects. We validate the approach in a realistic Unity-based simulator, where a mobile robot is tasked with tracking table-grape bunches within a vineyard environment. Additionally, we conduct preliminary tests in a laboratory setup.",abstrak,M3+M4,V,N,"anggur meja; pelacakan multiobjek EKF dengan gerak robot, RGB-D; simulator dan laboratorium",N,,N,,,,
131,438,ciarfuglia2023weakly,2023,"Weakly and semi-supervised detection, segmentation and tracking of table grapes with limited and noisy data",10.1016/j.compag.2023.107624,"Detection, segmentation and tracking of fruits and vegetables are three fundamental tasks for precision agriculture, enabling robotic harvesting and yield estimation applications. However, modern algorithms are data hungry and it is not always possible to gather enough data to apply the best performing supervised approaches. Since data collection is an expensive and cumbersome task, the enabling technologies for using computer vision in agriculture are often out of reach for small businesses. Following previous work in this context, where we proposed an initial weakly supervised solution to reduce the data needed to get state-of-the-art detection and segmentation in precision agriculture applications, here we improve that system and explore the problem of tracking fruits in orchards. We present the case of vineyards of table grapes in southern Lazio (Italy) since grapes are a difficult fruit to segment due to occlusion, color and general illumination conditions. We consider the case in which there is some initial labelled data that could work as source data (\eg wine grape data), but it is considerably different from the target data (e.g. table grape data). To improve detection and segmentation on the target data, we propose to train the segmentation algorithm with a weak bounding box label, while for tracking we leverage 3D Structure from Motion algorithms to generate new labels from already labelled samples. Finally, the two systems are combined in a full semi-supervised approach. Comparisons with state-of-the-art supervised solutions show how our methods are able to train new models that achieve high performances with few labelled images and with very simple labelling.",abstrak,M3+M4,V,N,anggur meja; label pelacakan dari SfM; pelatihan lemah dan semi-terawasi,Y,literature/scopus-2026-09/teks/ciarfuglia2023weakly.txt,N,,,,
132,449,genemola2023video,2023,Video-Based Fruit Detection and Tracking for Apple Counting and Mapping,10.1109/metroagrifor58484.2023.10424135,"Automatic fruit counting systems have garnered interest from farmers and agronomists to monitor fruit production, predict yields in advance, and identify production variability across orchards. However, accurately counting fruits poses challenges, particularly due to occlusions. This study proposes a multi-view sensing approach using continuous motion videos captured by a camera moved along the row of trees, followed by fruit detection in all video frames and application of Multi-Object Tracking (MOT) algorithms to prevent double-counting. Three tracking methods, namely SORT, DeepSORT, and ByteTrack, are compared for fruit counting using the YOLOv5x object detector. The methodology is applied to map fruit production in an experimental apple orchard at two different dates: four weeks and one week before harvest. The results demonstrate that ByteTrack (MOTA=0.682; IDF1=0.837; HOTA=0.689) outperforms SORT and DeepSORT, indicating its superior tracking performance. Computational efficiency analysis reveals similar processing times between SORT and ByteTrack (about 15 ms), while DeepSORT requires significantly more processing time per image (128 ms). Fruit counting evaluation shows reasonably accurate yield predictions on both dates, with reduced errors and improved performance closer to the harvest date (MAPE=7.47 %; $R^{2}$=0.70). The system proves effective in estimating orchard fruit production using computer vision technology, offering valuable insights for yield forecasting. These findings contribute to optimizing fruit production and supporting precision agriculture practices. The code and the dataset have been made publicly available and a video visualization of results is accessible at http://www.grap.udl.cat/en/publications/video_fruit_counting.",abstrak,M3+M2,V,N,"apel; ByteTrack (HOTA 0,689) vs SORT dan DeepSORT; DeepSORT 128 ms per citra; MAPE 7,47% seminggu sebelum panen",N,,N,,,,
133,400,gremes2023system,2023,System of Counting Green Oranges Directly from Trees Using Artificial Intelligence,10.3390/agriengineering5040111,"Agriculture is one of the most essential activities for humanity. Systems capable of automatically harvesting a crop using robots or performing a reasonable production estimate can reduce costs and increase production efficiency. With the advancement of computer vision, image processing methods are becoming increasingly viable in solving agricultural problems. Thus, this work aims to count green oranges directly from trees through video footage filmed in line along a row of orange trees on a plantation. For the video image processing flow, a solution was proposed integrating the YOLOv4 network with object-tracking algorithms. In order to compare the performance of the counting algorithm using the YOLOv4 network, an optimal object detector was simulated in which frame-by-frame corrected detections were used in which all oranges in all video frames were detected, and there were no erroneous detections. Being the scientific and technological innovation the possibility of distinguishing the green color of the fruits from the green color of the leaves. The use of YOLOv4 together with object detectors managed to reduce the number of double counting errors and obtained a count close to the actual number of oranges visible in the video. The results were promising, with an mAP50 of 80.16%, mAP50:95 of 53.83%, precision of 0.92, recall of 0.93, F1-score of 0.93, and average IoU of 82.08%. Additionally, the counting algorithm successfully identified and counted 204 oranges, closely approaching the actual count of 208. The study also resulted in a database with an amount of 644 images containing 43,109 orange annotations that can be used in future works.",abstrak,M3,V,N,jeruk hijau; YOLOv4 + pelacak; 204 buah terhitung mendekati jumlah terlihat,Y,literature/scopus-2026-09/teks/gremes2023system.txt,N,,,,
134,424,hu2023fruit,2023,Fruit Detection and Counting in Apple Orchards Based on Improved Yolov7 and Multi-Object Tracking Methods,10.3390/s23135903,"With the increasing popularity of online fruit sales, accurately predicting fruit yields has become crucial for optimizing logistics and storage strategies. However, existing manual vision-based systems and sensor methods have proven inadequate for solving the complex problem of fruit yield counting, as they struggle with issues such as crop overlap and variable lighting conditions. Recently CNN-based object detection models have emerged as a promising solution in the field of computer vision, but their effectiveness is limited in agricultural scenarios due to challenges such as occlusion and dissimilarity among the same fruits. To address this issue, we propose a novel variant model that combines the self-attentive mechanism of Vision Transform, a non-CNN network architecture, with Yolov7, a state-of-the-art object detection model. Our model utilizes two attention mechanisms, CBAM and CA, and is trained and tested on a dataset of apple images. In order to enable fruit counting across video frames in complex environments, we incorporate two multi-objective tracking methods based on Kalman filtering and motion trajectory prediction, namely SORT, and Cascade-SORT. Our results show that the Yolov7-CA model achieved a 91.3% mAP and 0.85 F1 score, representing a 4% improvement in mAP and 0.02 improvement in F1 score compared to using Yolov7 alone. Furthermore, three multi-object tracking methods demonstrated a significant improvement in MAE for inter-frame counting across all three test videos, with an 0.642 improvement over using yolov7 alone achieved using our multi-object tracking method. These findings suggest that our proposed model has the potential to improve fruit yield assessment methods and could have implications for decision-making in the fruit industry.",abstrak,M3,V,N,apel; SORT dan Cascade-SORT menurunkan MAE hitung antarbingkai,Y,literature/scopus-2026-09/teks/hu2023fruit.txt,N,,,,
135,407,lawal2023simplified,2023,"A simplified network topology for fruit detection, counting and mobile-phone deployment",10.1371/journal.pone.0292600,"The complex network topology, deployment unfriendliness, computation cost, and large parameters, including the natural changeable environment are challenges faced by fruit detection. Thus, a Simplified network topology for fruit detection, tracking and counting was designed to solve these problems. The network used common networks of Conv, Maxpool, feature concatenation and SPPF as new backbone and a modified decoupled head of YOLOv8 as head network. At the same time, it was validated on a dataset of images encompassing strawberry, jujube, and cherry fruits. Having compared to YOLO-mainstream variants, the params of Simplified network is 32.6%, 127%, and 50.0% lower than YOLOv5n, YOLOv7-tiny, and YOLOv8n, respectively. The results of mAP@50% tested using test-set show that the 82.4% of Simplified network is 0.4%, -0.2%, and 0.2% respectively more accurate than 82.0% of YOLOv5n, 82.6% of YOLOv7-tiny, and 82.2% of YOLOv8n. Furthermore, the Simplified network is 12.8%, 17.8%, and 11.8% respectively faster than YOLOv5n, YOLOv7-tiny, and YOLOv8n, including outperforming in tracking, counting, and mobile-phone deployment process. Hence, the Simplified network is robust, fast, accurate, easy-to-understand, fewer in parameters and deployable friendly.",abstrak,M3,V,N,"stroberi, jujube, ceri; jaringan ringkas untuk deteksi, pelacakan, hitung",Y,literature/scopus-2026-09/teks/lawal2023simplified.txt,N,,,,
136,463,li2023blueberry,2023,Blueberry Yield Estimation Through Multi-View Imagery with YOLOv8 Object Detection,10.13031/aim.202300883,"Abstract. Accurately estimating blueberry yields is crucial for farmers aiming to optimize crop management practices and enhance agricultural profitability. However, the inherent challenges posed by blueberries growing in clusters and being frequently occluded by leaves or other fruits make direct counting of individual blueberries nearly impossible. Existing approaches rely on sampling a few plants or clusters to estimate yields based on expert knowledge or employ indirect regression analysis using yield-related features as inputs for predictive models. With recent advancements in deep learning technologies, there has been a growing interest in leveraging machine vision techniques to directly count fruits for yield estimation. In this paper, we propose a novel approach for blueberry yield estimation utilizing multi-view imagery in conjunction with the state-of-the-art YOLOv8 object detection framework. Our methodology involves a customized mobile platform equipped with a multi-camera sensing system that captures images of blueberry plants from three distinct views (top, left, and right) to ensure comprehensive coverage. We train a YOLOv8x model as the detector to accurately detect and localize individual blueberries within the images. Accounting for the overlapping information from the three views, we employ a regression model to estimate the total number of blueberries per plant. To evaluate the effectiveness of our approach, we compare single-view and multi-view methodologies and assess their estimation performance on 12 individual blueberry plants with varying genotypes. The multi-view imagery approach demonstrates promising results, exhibiting a mean absolute percentage error of 24.6% and an R2 value of 0.77. These figures represent a substantial improvement of 5.2% to 15.7% when compared to single-view approaches. Additionally, leveraging the predicted bounding boxes of blueberries, we are able to generate density maps that facilitate further phenotyping analysis. The methodology presented in this study holds significant potential for accurately and autonomously estimating blueberry fields, enabling the generation of high-resolution yield density maps, even at the individual plant level, with the aid of mobile robots.",abstrak,M1,D,N,"blueberry; tiga pandang (atas, kiri, kanan) dari platform multikamera; regresi untuk tumpang tindih antarpandang",N,,N,,,,
137,423,lin2023citrus,2023,Citrus Identification and Counting Algorithm Based on Improved YOLOv5s and DeepSort,10.3390/agronomy13071674,"A method for counting the number of citrus fruits based on the improved YOLOv5s algorithm combined with the DeepSort tracking algorithm is proposed to address the problem of the low accuracy of counting citrus fruits due to shading and lighting factors in videos taken in orchards. In order to improve the recognition of citrus fruits, the attention module CBAM is fused with the backbone part of the YOLOv5s network, and the Contextual Transformer self-attention module is incorporated into the backbone network; meanwhile, SIoU is used as the new loss function instead of GIoU to further improve the accuracy of detection and to better keep the model in real time. Then, it is combined with the DeepSort algorithm to realize the counting of citrus fruits. The experimental results demonstrated that the average recognition accuracy of the improved YOLOv5s algorithm for citrus fruits improved by 3.51% compared with the original algorithm, and the average multi-target tracking accuracy for citrus fruits combined with the DeepSort algorithm was 90.83%, indicating that the improved algorithm has a higher recognition accuracy and counting precision in a complex environment, and has a better real-time performance, which can effectively achieve the real-time detection and tracking counting of citrus fruits. However, the improved algorithm has a reduced real-time performance and has difficulty in distinguishing whether or not the fruit is ripe.",abstrak,M2+M3,V,N,"jeruk; DeepSORT; akurasi pelacakan 90,83%; sulit membedakan kematangan",Y,literature/scopus-2026-09/teks/lin2023citrus.txt,N,,,,
138,471,qureshi2023seeing,2023,Seeing the Fruit for the Leaves: Robotically Mapping Apple Fruitlets in a Commercial Orchard,10.1109/iros55552.2023.10341502,"Aotearoa New Zealand has a strong and growing apple industry but struggles to access workers to complete skilled, seasonal tasks such as thinning. To ensure effective thinning and make informed decisions on a per-tree basis, it is crucial to accurately measure the crop load of individual apple trees. However, this task poses challenges due to the dense foliage that hides the fruitlets within the tree structure. In this paper, we introduce the vision system of an automated apple fruitlet thinning robot, developed to tackle the labor shortage issue. This paper presents the initial design, implementation, and evaluation specifics of the system. The platform straddles the 3.4 m tall 2D apple canopy structures to create an accurate map of the fruitlets on each tree. We show that this platform can measure the fruitlet load on an apple tree by scanning through both sides of the branch. The requirement of an overarching platform was justified since two-sided scans had a higher counting accuracy of 81.17% than one-sided scans at 73.7%. The system was also demonstrated to produce size estimates within 5.9% RMSE of their true size.",abstrak,M4,D,N,"buah kecil apel, robot mengangkangi kanopi; pindaian dua sisi 81,17% vs satu sisi 73,7%; galat ukuran 5,9% RMSE",N,,N,,,,
139,421,rapadorincon2023development,2023,Development and evaluation of automated localisation and reconstruction of all fruits on tomato plants in a greenhouse based on multi-view perception and 3D multi-object tracking,10.1016/j.biosystemseng.2023.06.003,"The ability to accurately represent and localise relevant objects is essential for robots to carry out tasks effectively. Traditional approaches, where robots simply capture an image, process that image to take an action, and then forget the information, have proven to struggle in the presence of occlusions. Methods using multi-view perception, which have the potential to address some of these problems, require a world model that guides the collection, integration and extraction of information from multiple viewpoints. Furthermore, constructing a generic representation that can be applied in various environments and tasks is a difficult challenge. In this paper, a novel approach for building generic representations in occluded agro-food environments using multi-view perception and 3D multi-object tracking is introduced. The method is based on a detection algorithm that generates partial point clouds for each detected object, followed by a 3D multi-object tracking algorithm that updates the representation over time. The accuracy of the representation was evaluated in a real-world environment, where successful representation and localisation of tomatoes in tomato plants were achieved, despite high levels of occlusion, with the total count of tomatoes estimated with a maximum error of 5.08% and the tomatoes tracked with an accuracy up to 71.47%. Novel tracking metrics were introduced, demonstrating that valuable insight into the errors in localising and representing the fruits can be provided by their use. This approach presents a novel solution for building representations in occluded agro-food environments, demonstrating potential to enable robots to perform tasks effectively in these challenging environments.",abstrak,M4+M3,V,N,"tomat; persepsi multipandang + pelacakan multiobjek 3D; galat hitung maksimum 5,08%; akurasi pelacakan 71,47%",Y,literature/scopus-2026-09/teks/rapadorincon2023development.txt,N,,,,
140,440,vijayakumar2023tree,2023,Tree-level citrus yield prediction utilizing ground and aerial machine vision and machine learning,10.1016/j.atech.2022.100077,"Yield prediction of citrus provides critical information before harvest to growers and allied industry to predict the resources required for workers, storage, and transportation of the harvest. In this study, three machine learning (ML) based models were developed for tree-level citrus yield prediction: (i) Model-1 utilized UAV imagery; (ii) Model-2 utilized UAV imagery and ground-based fruit detection and counts from images taken from one side of the tree; and (iii) Model-3 utilized UAV imagery and ground-based fruit detection and counts from images taken from two sides of the tree. The UAV images were used as input to a novel cloud-based technology, Agroview, to get the tree health, height, and canopy area information. The multispectral bands and the tree structural parameters were the input for Model-1. Two images per tree were captured from the ground using an RGB camera (one from each side) and were used for fruit count using an object detection algorithm, YOLOv3. Harvest data was collected manually per tree (fruit count and weight). Four ML algorithms - gradient boosting regression (GBR), random forest regression (RFR), linear regression (LR), and partial least squares regression (PLSR) were used to generate the models. Model-2 (MAPE of 23.45%) performed similarly to Model-3 (MAPE of 25.72%) and significantly better than Model-1 (MAPE of 35.59%). Model-2 was selected as the best model because of its low MAPE value in predicting yield at the tree level, and data collection simplicity (compared to Model-3).",abstrak,M1,D,N,"jeruk per pohon; citra UAV + hitung darat satu sisi atau dua sisi; MAPE 23,45% (satu sisi) vs 25,72% (dua sisi)",N,,N,,,,
141,406,wu2023twice,2023,Twice matched fruit counting system: An automatic fruit counting pipeline in modern apple orchard using mutual and secondary matches,10.1016/j.biosystemseng.2023.09.005,"Fruit counting, as one of the essential parts of yield estimation, is an important factor in production process planning. In the case of apple crops, it is useful in orchard management and as guidance for farmers, showing a decisive role in product market strategies and cultivation practices. Although some machine vision based studies have exhibited notable fruit counting ability, they still need to be improved for clustered fruit. This study proposes an automatic fruit counting pipeline called twice matched fruit counting system to overcome this limitation. The twice matched fruit counting system consists of three sub-algorithms: i) object detection model based on You Only Look Once Version 4-tiny; ii) fruit tracking with mutual match; iii) and fruit counting with ID assignment. The object detection model was developed based on You Only Look Once Version 4-tiny, which quickly and accurately detect fruit and trunks with mean average precision of 96.4% and detection speed of 16 ms. The fruit tracking with mutual match was designed to alleviate match errors associated with the clustered fruit, which achieved superior performance with average ID Switch Rate of 3.9%, Multiple Object Tracking Accuracy of 89.9% and Multiple Object Tracking Precision of 93.5%. The fruit counting was implemented by ID assignment, where each fruit was assigned with a unique ID based on fruit tracking results and direction of camera motion. The root mean squared error and coefficient of determination were 16.3 fruit per video and 0.93, respectively, which indicate a high correlation between fruit count results from the proposed approach and ground truth counting results. The twice matched fruit counting system was implemented on Central Processing Unit at 3–5 frames per second. These results demonstrate a potential of the twice matched fruit counting system for estimating fruit yield in modern apple orchards, which could provide technical support for orchard management.",abstrak,M3,V,N,"apel; pencocokan timbal balik dan sekunder; ID switch 3,9%, MOTA 89,9%",N,,N,,,,
142,3565,xie2023fruit,2023,Fruit Distribution Acquisition with Multi-Vision for Multi-Arm Harvesting Robots,10.1109/crc60659.2023.10488608,"This study focuses on the precise localization of fruits using multiple stereo visual perception units in a multi-arm collaborative harvesting robot. Fruit localization in overlapping camera fields is challenging in complex and unstructured orchard environments. This is due to the inaccuracies in estimating the fruit centroid of the same target fruit under different camera perspectives, making it difficult to determine whether different centroid positions belong to the same fruit. To address this issue, a novel fruit localization method based on multiple visual units is proposed in this work to reduce mislocalization of fruits in overlapping camera fields. Firstly, a target-based multi-camera extrinsic calibration method is employed to obtain accurate external parameter matrices between multiple cameras and the robot base coordinate system. Secondly, to enhance the recognition and localization accuracy of fruits under a single camera, a multitask fruit detection and segmentation model is used, along with a frustum-based fruit localization method. Finally, to reduce the problem of repeated detections of the same fruit in overlapping camera fields, a filtering method based on fruit surface point cloud matching is proposed. Experimental results demonstrate that the proposed method improves fruit localization accuracy and reduces the probability of repeated false detections. Visualized point cloud information generated by the stereo cameras is provided to showcase the effectiveness of the proposed method.",abstrak,M4,D,N,robot panen multilengan; kalibrasi ekstrinsik multikamera + pencocokan awan titik permukaan buah untuk menghapus deteksi berulang,N,,N,,,,
143,3588,zaenker2023graph,2023,Graph-Based View Motion Planning for Fruit Detection,10.1109/iros55552.2023.10342532,"Crop monitoring is crucial for maximizing agricultural productivity and efficiency. However, monitoring large and complex structures such as sweet pepper plants presents significant challenges, especially due to frequent occlusions of the fruits. Traditional next-best view planning can lead to unstructured and inefficient coverage of the crops. To address this, we propose a novel view motion planner that builds a graph network of viable view poses and trajectories between nearby poses, thereby considering robot motion constraints. The planner searches the graphs for view sequences with the highest accumulated information gain, allowing for efficient pepper plant monitoring while minimizing occlusions. The generated view poses aim at both sufficiently covering already detected and discovering new fruits. The graph and the corresponding best view pose sequence are computed with a limited horizon and are adaptively updated in fixed time intervals as the system gathers new information. We demonstrate the effectiveness of our approach through simulated and real-world experiments using a robotic arm equipped with an RGB-D camera and mounted on a trolley. As the experimental results show, our planner produces view pose sequences to systematically cover the crops and leads to increased fruit coverage when given a limited time in comparison to a state-of-the-art single next-best view planner.",abstrak,M4,D,N,paprika; perencanaan gerak pandang berbasis graf untuk cakupan buah,N,,N,,,,
144,428,zheng2023efficient,2023,An efficient online citrus counting system for large-scale unstructured orchards based on the unmanned aerial vehicle,10.1002/rob.22147,"The accurate detection and counting of fruits in natural environments are key steps for the early yield estimation of orchards and the realization of smart orchard production management. However, existing citrus counting algorithms have two primary limitations: the performance of counting algorithms needs to be improved, and their system operation efficiency is low in practical applications. Therefore, in this paper, we propose a novel end‐to‐end orchard fruit counting pipeline that can be used by multiple unmanned aerial vehicles (UAVs) in parallel to help overcome the above problems. First, to obtain on‐board camera images online, an innovative UAV live broadcast platform was developed for the orchard scene. Second, for this challenging specific scene, a detection network named Citrus‐YOLO was designed to detect fruits in the video stream in real‐time. Then, the DeepSort algorithm was used to assign a specific ID to each citrus fruit in the online UAV scene and track the fruits across video frames. Finally, a nonuniform distributed counter was proposed to correct the fruit count during the tracking process, and this can significantly reduce the counting errors caused by tracking failure. This is the first work to realize online and end‐to‐end counting in a field orchard environment. The experimental results show that the F1 score and mean absolute percentage error of the method are 89.07% and 12.75%, respectively, indicating that the system can quickly and accurately achieve fruit counting in large‐scale unstructured citrus orchards. Although our work is discussed in the context of fruit counting, it can be extended to the detection, tracking and counting of a variety of other objects of interest in UAV application scenarios",abstrak,M2+M3,V,N,"jeruk dari banyak UAV; DeepSORT + penghitung terdistribusi tak seragam; F1 89,07%, MAPE 12,75%",N,,N,,,,
145,411,zheng2023object,2023,Object-Detection from Multi-View remote sensing Images: A case study of fruit and flower detection and counting on a central Florida strawberry farm,10.1016/j.jag.2023.103457,"Object detection in remote sensing images is one of the most critical computer vision tasks for various earth observation applications. Previous studies applied object detection models to orthomosaic images generated from the SfM (Structure-from-Motion) analysis to perform object detection and counting. However, some small objects that are occluded from the vertical view but observable in raw images from the oblique views cannot be detected in the orthomosaic image, leading to an occlusion issue that cannot be resolved with the traditional orthophoto-based approach. Taking strawberry detection as a case study, the objective of this study is to detect small objects directly from multi-view raw images. Firstly, an object-detection model (Faster R-CNN in this study) was applied to each raw image to identify strawberry fruit and flower objects. Each unique strawberry object on the ground can be detected multiple times in the raw images because images have forward- and side overlap. To find the unique objects from the step one detection results, an improved FaceNet model was proposed to combine the image and position information to calculate the feature distance between those objects, and a clustering algorithm was used to associate the cluster with each unique strawberry using the object distance output from the FaceNet model, from which the final position and number of strawberry fruits and flowers were obtained. Compared with the orthomosaic image alone, this approach using multi-view images effectively solved the occlusion problem and improved overall recognition accuracy of strawberry flowers, unripe fruits, and ripe fruits from 76.28% to 96.98%, 71.64% to 99.09%, and 69.81% to 97.17%, respectively, highlighting the potential of multi-view stereovision (MVS) in small object detection.",abstrak,M5+M4,D,N,stroberi dari citra UAV mentah multipandang; FaceNet + posisi lalu klaster untuk objek unik; lebih baik dari ortomosaik,N,,N,,,,
146,461,zhou2023dynamic,2023,A Dynamic Object Counting Method for Strawberry Fruits using Vision Transformer Networks and Kalman Filter Tracking,10.13031/aim.202301450,"Abstract. Strawberries are an important economic crop. Precise counting of strawberry fruits can assist growers in estimating yield and arranging product flow into the market in advance. In this study, we proposed a dynamic object counting method for strawberry fruits from videos captured using a cell phone. Firstly, an improved YOLOv5s was developed by integrating a vision transformer layer to detect strawberry fruits in each frame from the input video. Secondly, we then proposed a dynamic counting algorithm to count the total number of fruits in the video. The counting algorithm consists of two modules: StrongSORT tracking and DynCount. The StrongSORT framework, a state-of-the-art tracking algorithm based on Kalman filter and Hungarian matching, is used to track the identities of strawberry fruits in the video data, while the DynCount algorithm maps the tracking IDs to counting numbers, and displays the counting numbers along with bounding boxes. Experimental results with ten videos showed that our approach achieved an average counting accuracy of 92.05%. Our method provides accurate and timely strawberry counting information, which can alleviate the labor burden and provide important reference indicators for yield prediction and market planning.",abstrak,M3,V,N,"stroberi video ponsel; StrongSORT + DynCount; akurasi hitung 92,05%",N,,N,,,,
147,521,ge2022tracking,2022,Tracking and Counting of Tomato at Different Growth Period Using an Improving YOLO-Deepsort Network for Inspection Robot,10.3390/machines10060489,"To realize tomato growth period monitoring and yield prediction of tomato cultivation, our study proposes a visual object tracking network called YOLO-deepsort to identify and count tomatoes in different growth periods. Based on the YOLOv5s model, our model uses shufflenetv2, combined with the CBAM attention mechanism, to compress the model size from the algorithm level. In the neck part of the network, the BiFPN multi-scale fusion structure is used to improve the prediction accuracy of the network. When the target detection network completes the bounding box prediction of the target, the Kalman filter algorithm is used to predict the target’s location in the next frame, which is called the tracker in this paper. Finally, calculate the bounding box error between the predicted bounding box and the bounding box output by the object detection network to update the parameters of the Kalman filter and repeat the above steps to achieve the target tracking of tomato fruits and flowers. After getting the tracking results, we use OpenCV to create a virtual count line to count the targets. Our algorithm achieved a competitive result based on the above methods: The mean average precision of flower, green tomato, and red tomato was 93.1%, 96.4%, and 97.9%. Moreover, we demonstrate the tracking ability of the model and the counting process by counting tomato flowers. Overall, the YOLO-deepsort model could fulfill the actual requirements of tomato yield forecast in the greenhouse scene, which provide theoretical support for crop growth status detection and yield forecast.",abstrak,M2+M3,V,Y,tomat per fase tumbuh; DeepSORT + garis hitung virtual,Y,literature/scopus-2026-09/teks/ge2022tracking.txt,N,,,,
148,540,marangoz2022fruit,2022,Fruit Mapping with Shape Completion for Autonomous Crop Monitoring,10.1109/case49997.2022.9926466,"Autonomous crop monitoring is a difficult task due to the complex structure of plants. Occlusions from leaves can make it impossible to obtain complete views about all fruits of, e.g., pepper plants. Therefore, accurately estimating the shape and volume of fruits from partial information is crucial to enable further advanced automation tasks such as yield estimation and automated fruit picking. In this paper, we present an approach for mapping fruits on plants and estimating their shape by matching superellipsoids. Our system segments fruits in images and uses their masks to generate point clouds of the fruits. To combine sequences of acquired point clouds, we utilize a real-time 3D mapping framework and build up a fruit map based on truncated signed distance fields. We cluster fruits from this map and use optimized superellipsoids for matching to obtain accurate shape estimates. In our experiments, we show in various simulated scenarios with a robotic arm equipped with an RGB-D camera that our approach can accurately estimate fruit volumes. Additionally, we provide qualitative results of estimated fruit shapes from data recorded in a commercial glasshouse environment.",abstrak,M4,V,N,paprika; peta TSDF dari RGB-D + klaster + superelipsoid; volume buah dalam simulasi,Y,literature/scopus-2026-09/teks/marangoz2022fruit.txt,N,,,,
149,549,wang2022research,2022,Research on UAV Online Visual Tracking Algorithm based on YOLOv5 and FlowNet2 for Apple Yield Inspection,10.1109/wrcsara57040.2022.9903925,"Accurate monitoring of fruit quantity in apple orchards will allow growers to manage their orchards more efficiently, leading to higher yields. In addition, the rapid and accurate inspection of fruit in the orchard is also one of the basic technologies needed for smart agriculture. This paper proposes a real-time method for apple tracking and yield estimation. UAV carrying RGB camera is used as an inspection platform, which analyzes the video in real time during the inspection. The algorithm is built according to the Tracking-by-Detecting framework, where YOLOV5 target detection model is used to obtain apples’ exact position. Meanwhile, the apples’ position in next frame is estimated according to the optical flow calculated from FlowNet2 model. Then, the predicted position and detected position is matched by the Hungarian algorithm. A dataset close to the actual situation in the orchard is constructed to verify the effectiveness of the proposed method. To improve the detection accuracy of apple under actual scene, the data enhancement strategy of random occlusion and mosaic enhancement is used for model training. As a result, the accuracy of apple detection achieved by the algorithm in this paper is 85.5%, which is 11% higher than previous studies. Besides, it can keep well tracking of detected apples even under the influence of complex occlusion or other factors, and achieve an accuracy of 90.39% in apple yield estimation. More importantly, this algorithm can reach a speed of 20FPS on the experimental platform, which meets the real-time requirements of UAV inspection.",abstrak,M3,V,N,"apel dari UAV; aliran optik FlowNet2 + Hungarian; akurasi hasil 90,39%",N,,N,,,,
150,533,xia2022culling,2022,Culling Double Counting in Sequence Images for Fruit Yield Estimation,10.3390/agronomy12020440,"Exact yield estimation of fruits on plants guaranteed fine and timely decisions on harvesting and marketing practices. Automatic yield estimation based on unmanned agriculture offers a viable solution for large orchards. Recent years have witnessed notable progress in computer vision with deep learning for yield estimation. Yet, the current practice of vision-based yield estimation with successive frames may engender fairly great error because of the double counting of repeat fruits in different images. The goal of this study is to provide a wise framework for fruit yield estimation in sequence images. Specifically, the anchor-free detection architecture (CenterNet) is utilized to detect fruits in sequence images from videos collected in the apple orchard and orange orchard. In order to avoid double counts of a single fruit between different images in an image sequence, the patch matching model is designed with the Kuhn–Munkres algorithm to optimize the paring process of repeat fruits in a one-to-one assignment manner for the sound performance of fruit yield estimation. Experimental results show that the CenterNet model can successfully detect fruits, including apples and oranges, in sequence images and achieved a mean Average Precision (mAP) of 0.939 under an IoU of 0.5. The designed patch matching model obtained an F1-Score of 0.816 and 0.864 for both apples and oranges with good accuracy, precision, and recall, which outperforms the performance of the reference method. The proposed pipeline for the fruit yield estimation in the test image sequences agreed well with the ground truth, resulting in a squared correlation coefficient of R2apple = 0.9737 and R2orange = 0.9562, with a low Root Mean Square Error (RMSE) for these two varieties of fruit.",abstrak,M2,V,N,"apel dan jeruk; pencocokan tambalan + Kuhn-Munkres untuk buah berulang; F1 0,816 dan 0,864",Y,literature/scopus-2026-09/teks/xia2022culling.txt,N,,,,
151,535,zhang2022deep,2022,Deep-learning-based in-field citrus fruit detection and tracking,10.1093/hr/uhac003,"Abstract Fruit yield estimation is crucial for establishing fruit harvest and marketing strategies. Recently, computer vision and deep learning techniques have been used to estimate citrus fruit yield and have exhibited notable fruit detection ability. However, computer-vision-based citrus fruit counting has two key limitations: inconsistent fruit detection accuracy and double-counting of the same fruit. Using oranges as the experimental material, this paper proposes a deep-learning-based orange counting algorithm using video sequences to help overcome these problems. The algorithm consists of two sub-algorithms, OrangeYolo for fruit detection and OrangeSort for fruit tracking. The OrangeYolo backbone network is partially based on the YOLOv3 algorithm, which has been improved upon to detect small objects (fruits) at multiple scales. The network structure was adjusted to detect small-scale targets while enabling multiscale target detection. A channel attention and spatial attention multiscale fusion module was introduced to fuse the semantic features of the deep network with the shallow textural detail features. OrangeYolo can achieve mean Average Precision (mAP) values of 0.957 in the citrus dataset, higher than the 0.905, 0.911, and 0.917 achieved with the YOLOv3, YOLOv4, and YOLOv5 algorithms. OrangeSort was designed to alleviate the double-counting problem associated with occluded fruits. A specific tracking region counting strategy and tracking algorithm based on motion displacement estimation were established. Six video sequences taken from two fields containing 22 trees were used as the validation dataset. The proposed method showed better performance (Mean Absolute Error (MAE) = 0.081, Standard Deviation (SD) = 0.08) than video-based manual counting and produced more accurate results than the existing standards Sort and DeepSort (MAE = 0.45 and 1.212; SD = 0.4741 and 1.3975).",abstrak,M3+M2,V,N,"jeruk; OrangeSort wilayah hitung + gerak; mAP OrangeYolo 0,957; MAE hitung 0,081 vs SORT 0,45 dan DeepSORT 1,212",N,,N,,,,
152,543,zhang2022yield,2022,Yield and maturity estimation of apples in orchards using a 3-step deep learning-based method,10.15586/qas.v14i2.1008,"Yield and maturity estimation of apples in orchards before harvest is essential for labor resource management. Current yield and maturity estimation are usually manually conducted, which is neither accurate nor efficient. In this paper, a 3-step deep learning–based approach for yield estimation and maturity classification is presented to address these issues. The proposed framework included an optimized detection network to count the visible fruits from both sides of a tree, a classification network to filter out mis-detected objects and perform maturity estimation, and a fruit load estimation algorithm to obtain the total fruit count of a tree. Images from three differ-ent apple orchards were collected to evaluate the performance of the proposed method. According to a series of comparative experiments, the proposed method outperformed several detection networks regarding the counting accuracy, indicating that an optimized architecture of the detection network combined with a fine classification network is necessary for enhanced precision of yield estimation. The presented workflow can be readily extended to other fruit crops for automation yield and maturity estimation featuring high efficiency and accuracy.",abstrak,M1,D,Y,apel; hitung buah terlihat dari dua sisi + klasifikasi kematangan + algoritme beban buah,Y,literature/scopus-2026-09/teks/zhang2022yield.txt,N,,,,
153,581,anderson2021estimation,2021,Estimation of fruit load in australian mango orchards using machine vision,10.3390/agronomy11091711,"The performance of a multi-view machine vision method was documented at an orchard level, relative to packhouse count. High repeatability was achieved in night-time imaging, with an absolute percentage error of 2% or less. Canopy architecture impacted performance, with reasonable estimates achieved on hedge, single leader and conventional systems (3.4, 5.0, and 8.2 average percentage error, respectively) while fruit load of trellised orchards was over-estimated (at 25.2 average percentage error). Yield estimations were made for multiple orchards via: (i) human count of fruit load on ~5% of trees (FARM), (ii) human count of 18 trees randomly selected within three NDVI stratifications (CAL), (iii) multi-view counts (MV-Raw) and (iv) multi-view corrected for occluded fruit using manual counts of CAL trees (MV-CAL). Across the nine orchards for which results for all methods were available, the FARM, CAL, MV-Raw and MV-CAL methods achieved an average percentage error on packhouse counts of 26, 13, 11 and 17%, with SD of 11, 8, 11 and 9%, respectively, in the 2019–2020 season. The absolute percentage error of the MV-Raw estimates was 10% or less in 15 of the 20 orchards assessed. Greater error in load estimation occurred in the 2020–2021 season due to the time-spread of flowering. Use cases for the tree level data on fruit load was explored in context of fruit load density maps to inform early harvesting and to interpret crop damage, and tree frequency distributions based on fruit load per tree.",abstrak,M1,D,N,"mangga; multipandang per pohon terhadap hitungan rumah kemas; galat rata-rata 11% (MV-Raw) vs 17% (MV-CAL); kebun teralis over-estimasi 25,2%",Y,literature/scopus-2026-09/teks/anderson2021estimation.txt,N,,,,
154,623,gao2021appleb,2021,Apple fruit detection and counting based on deep learning and trunk tracking,10.13031/aim.202100193,"Abstract. Accurate estimation of apple yield is important for producers to make informed decisions when managing their orchards and be competitive when selling their products. Yield estimation is a key for predicting stock volumes, allocating needed labor, and planning harvesting operations. Manual visual yield estimation has traditionally been employed, resulting in inaccurate and misleading information. Although some studies have developed related algorithms based on machine vision to count fruits in tree images, they are difficult to apply in large orchards. The main goal of this study is to develop an automated video processing methodology to detect and count the apple fruits in modern vertical fruiting-wall architecture using deep learning techniques and object tracking. Existing researches using tracking technology to count fruits based on videos have all put the tracking target on the tracking fruit target itself. However, the small size and large number of video fruit targets have brought great obstacles to the realization of tracking technology. Therefore, according to the fact that all relatively stationary targets in the video have the same displacement trajectory, this study select tree trunk as the tracking target to obtain the displacement trajectories of all detected fruits. A detection model of apples and tree trunks was trained used YOLOv4-tiny network, which integrated with the tracking algorithm to develop a counting algorithm for video fruits. Combining the detected position information of the apple and the trunk with the displacement track obtained by tracking can establish the connection between the fruits in the video frame, thereby realizing the counting of fruits. The developed counting method was used to detect and count the images and videos in testing dataset, respectively. An AP of 99.35% for apple and trunk detection was obtained in this study, and over 90% apples were counted correctly using proposed method compared with manual counting results. These promising results demonstrate the potential of the present method to provide yield estimates for apple fruits or even other types of fruit.",abstrak,M3,V,N,apel; pelacakan batang pohon; dinding buah vertikal,N,,N,,,,
155,601,itakura2021automatic,2021,Automatic pear and apple detection by videos using deep learning and a Kalman filter,10.1364/osac.424583,"Pears and apples in videos recorded while walking were detected automatically using a deep-learning-based method referred to as YOLO. The same fruits in the successive video frames were then identified using a Kalman filter. The average precision of the pear detection was 0.97, while the number of correctly counted pears was 226, out of 234. A YOLO v2 network with a larger input image size and data augmentation method contributed to the high accuracy in the counting. The pears and apples in the videos were counted automatically, within an absolute error of 10% under unstable light conditions and with greenish fruits.",abstrak,M3,V,N,"pir dan apel, video berjalan; Kalman; 226 dari 234 pir terhitung",N,,N,,,,
156,577,osman2021yield,2021,Yield estimation and visualization solution for precision agriculture,10.3390/s21196657,"We present an end-to-end smart harvesting solution for precision agriculture. Our proposed pipeline begins with yield estimation that is done through the use of object detection and tracking to count fruit within a video. We use and train You Only Look Once model (YOLO) on video clips of apples, oranges and pumpkins. The bounding boxes obtained through objection detection are used as an input to our selected tracking model, DeepSORT. The original version of DeepSORT is unusable with fruit data, as the appearance feature extractor only works with people. We implement ResNet as DeepSORT’s new feature extractor, which is lightweight, accurate and generically works on different fruits. Our yield estimation module shows accuracy between 91–95% on real footage of apple trees. Our modification successfully works for counting oranges and pumpkins, with an accuracy of 79% and 93.9% with no need for training. Our framework additionally includes a visualization of the yield. This is done through the incorporation of geospatial data. We also propose a mechanism to annotate a set of frames with a respective GPS coordinate. During counting, the count within the set of frames and the matching GPS coordinate are recorded, which we then visualize on a map. We leverage this information to propose an optimal container placement solution. Our proposed solution involves minimizing the number of containers to place across the field before harvest, based on a set of constraints. This acts as a decision support system for the farmer to make efficient plans for logistics, such as labor, equipment and gathering paths before harvest. Our work serves as a blueprint for future agriculture decision support systems that can aid in many other aspects of farming.",abstrak,M2+M3,V,N,"apel, jeruk, labu; DeepSORT dengan ekstraktor ResNet; akurasi 91–95% apel; GPS untuk peta",Y,literature/scopus-2026-09/teks/osman2021yield.txt,N,,,,
157,595,osman2021yieldb,2021,Yield Estimation using Deep Learning for Precision Agriculture,10.1109/wf-iot51360.2021.9595143,"We perform fruit counting on video footage by following a two-stage pipeline that consists of detecting the fruits, then tracking them frame-by-frame. Detection is done through the use of You Only Look Once model (YOLO). Bounding boxes are extracted from detection and Non Max Suppression (NMS) is performed to get final detections. The boxes are then input into the tracking pipeline. For tracking, we apply a custom-developed DeepSORT algorithm to work with fruits. Using the box coordinates, every detected object is cropped out of the original image, and a separate feature extraction using a convolutional neural network (CNN) called ResNet is performed on that image crop to get the feature map. New detections are associated with old detections by comparing their features as a distance metric, where two objects with minimal distance are associated together. Input objects with no association are treated as new objects to be tracked. By keeping track of the fruits throughout the video frames, we ensure that we’re counting them appropriately when they are first detected. We demonstrate the approach on videos from an apple orchard to test the performance of the proposed pipeline in natural light. Experimental results show high accuracy of fruit counting on real-time video feeds. The new approach can be efficiently applied on any type of fruit and vegetables with no changes in the algorithms.",abstrak,M2+M3,V,N,apel; DeepSORT dengan fitur ResNet,N,,N,,,,
158,592,parico2021real,2021,Real time pear fruit detection and counting using yolov4 models and deep sort,10.3390/s21144803,"This study aimed to produce a robust real-time pear fruit counter for mobile applications using only RGB data, the variants of the state-of-the-art object detection model YOLOv4, and the multiple object-tracking algorithm Deep SORT. This study also provided a systematic and pragmatic methodology for choosing the most suitable model for a desired application in agricultural sciences. In terms of accuracy, YOLOv4-CSP was observed as the optimal model, with an AP@0.50 of 98%. In terms of speed and computational cost, YOLOv4-tiny was found to be the ideal model, with a speed of more than 50 FPS and FLOPS of 6.8–14.5. If considering the balance in terms of accuracy, speed and computational cost, YOLOv4 was found to be most suitable and had the highest accuracy metrics while satisfying a real time speed of greater than or equal to 24 FPS. Between the two methods of counting with Deep SORT, the unique ID method was found to be more reliable, with an F1count of 87.85%. This was because YOLOv4 had a very low false negative in detecting pear fruits. The ROI line is more reliable because of its more restrictive nature, but due to flickering in detection it was not able to count some pears despite their being detected.",abstrak,M2+M3,V,N,"pir; DeepSORT; metode ID unik F1count 87,85% lebih andal dari garis ROI",Y,literature/scopus-2026-09/teks/parico2021real.txt,N,,,,
159,602,torressanchez2021grape,2021,Grape cluster detection using uav photogrammetric point clouds as a low‐cost tool for yield forecasting in vineyards,10.3390/s21093083,"Yield prediction is crucial for the management of harvest and scheduling wine production operations. Traditional yield prediction methods rely on manual sampling and are time-consuming, making it difficult to handle the intrinsic spatial variability of vineyards. There have been significant advances in automatic yield estimation in vineyards from on-ground imagery, but terrestrial platforms have some limitations since they can cause soil compaction and have problems on sloping and ploughed land. The analysis of photogrammetric point clouds generated with unmanned aerial vehicles (UAV) imagery has shown its potential in the characterization of woody crops, and the point color analysis has been used for the detection of flowers in almond trees. For these reasons, the main objective of this work was to develop an unsupervised and automated workflow for detection of grape clusters in red grapevine varieties using UAV photogrammetric point clouds and color indices. As leaf occlusion is recognized as a major challenge in fruit detection, the influence of partial leaf removal in the accuracy of the workflow was assessed. UAV flights were performed over two commercial vineyards with different grape varieties in 2019 and 2020, and the photogrammetric point clouds generated from these flights were analyzed using an automatic and unsupervised algorithm developed using free software. The proposed methodology achieved R2 values higher than 0.75 between the harvest weight and the projected area of the points classified as grapes in vines when partial two-sided removal treatment, and an R2 of 0.82 was achieved in one of the datasets for vines with untouched full canopy. The accuracy achieved in grape detection opens the door to yield prediction in red grape vineyards. This would allow the creation of yield estimation maps that will ease the implementation of precision viticulture practices. To the authors’ knowledge, this is the first time that UAV photogrammetric point clouds have been used for grape clusters detection.",abstrak,M4,S,N,"anggur dari awan titik fotogrametri UAV; R2 >0,75 terhadap bobot panen",Y,literature/scopus-2026-09/teks/torressanchez2021grape.txt,N,,,,
160,3912,zaenker2021viewpoint,2021,Viewpoint Planning for Fruit Size and Position Estimation,10.1109/iros51168.2021.9636701,"Modern agricultural applications require knowledge about the position and size of fruits on plants. However, occlusions from leaves typically make obtaining this information difficult. We present a novel viewpoint planning approach that builds up an octree of plants with labeled regions of interest (ROIs), i.e., fruits. Our method uses this octree to sample viewpoint candidates that increase the information around the fruit regions and evaluates them using a heuristic utility function that takes into account the expected information gain. Our system automatically switches between ROI targeted sampling and exploration sampling, which considers general frontier voxels, depending on the estimated utility. When the plants have been sufficiently covered with the RGB-D sensor, our system clusters the ROI voxels and estimates the position and size of the detected fruits. We evaluated our approach in simulated scenarios and compared the resulting fruit estimations with the ground truth. The results demonstrate that our combined approach outperforms a sampling method that does not explicitly consider the ROIs to generate viewpoints in terms of the number of discovered ROI cells. Furthermore, we show the real-world applicability by testing our framework on a robotic arm equipped with an RGB-D camera installed on an automated pipe-rail trolley in a capsicum glasshouse.",abstrak,M4,D,N,paprika; perencanaan sudut pandang berbasis octree ROI; posisi dan ukuran buah,Y,literature/scopus-2026-09/teks/zaenker2021viewpoint.txt,N,,,,
161,614,zhang2021method,2021,A method for organs classification and fruit counting on pomegranate trees based on multi-features fusion and support vector machine by 3D point cloud,10.1016/j.scienta.2020.109791,"Abstract Organs classification and fruit counting on pomegranate trees are of great significance for horticulture works and robotic picking. However, there are still some challenges: (1) illumination is uncontrollable in the natural environment; (2) traditional 2D image-based methods for classification and recognition are limited by occlusion on pomegranate trees. In this paper, a method for organs classification and fruit counting on pomegranate trees based on multi-features fusion and Support Vector Machine (SVM) was proposed. It was constructed by the following steps: (1) Three-dimensional point clouds of pomegranate trees were obtained by an RGB-D camera; (2) Three-dimensional point clouds were preprocessed; (3) Color and shape features were extracted to train the SVM classifier; (4) The obtained classifier model was used for organs classification on pomegranate trees; (5) A K-nearest neighbor (KNN) smoothing based on weighted Euclidean distance was used to improve the accuracy of classification; (6) An agglomerative-divisive hierarchical clustering was used to count pomegranate fruit. The experiment results showed that the SVM classifier based on color and shape feature had an accuracy of 0.75 for fruit and 0.99 for non-fruit. The fruit counting based on agglomerative-divisive hierarchical clustering had a recall of 87.74 % and a precision of 78.15 %. Compared with density-based spatial clustering of applications with noise (DBSCAN), the recall has improved significantly. This method was aimed at the whole fruit tree, so it has advantages in the completeness of information. The results indicated that the proposed method was effective and feasible for organs classification and yield estimation on pomegranate trees in the natural environment.",abstrak,M4,1,N,"delima; awan titik RGB-D per pohon + SVM + klaster hierarkis; recall 87,74%, presisi 78,15%",N,,N,,,,
162,580,zineelabidine2021assigning,2021,Assigning apples to individual trees in dense orchards using 3D colour point clouds,10.1016/j.biosystemseng.2021.06.015,"We propose a 3D colour point cloud processing pipeline to count apples on individual apple trees in trellis structured orchards. Fruit counting at the tree level requires separating trees, which is challenging in dense orchards. We employ point clouds acquired from the leaf-off orchard in winter period, where the branch structure is visible, to delineate tree crowns. We localise apples in point clouds acquired in harvest period. Alignment of the two point clouds enables mapping apple locations to the delineated winter cloud and assigning each apple to its bearing tree. Our apple assignment method achieves an accuracy rate higher than 95%. In addition to presenting a first proof of feasibility, we also provide suggestions for further improvement on our apple assignment pipeline.",abstrak,M4,S,N,apel; penyelarasan awan titik musim panen dengan awan titik musim dingin untuk menetapkan buah ke pohon; akurasi >95%,Y,literature/scopus-2026-09/teks/zineelabidine2021assigning.txt,N,,,,
163,1265,apoloapolo2020cloud,2020,A Cloud-Based Environment for Generating Yield Estimation Maps From Apple Orchards Using UAV Imagery and a Deep Learning Technique,10.3389/fpls.2020.01086,"Farmers require accurate yield estimates, since they are key to predicting the volume of stock needed at supermarkets and to organizing harvesting operations. In many cases, the yield is visually estimated by the crop producer, but this approach is not accurate or time efficient. This study presents a rapid sensing and yield estimation scheme using off-the-shelf aerial imagery and deep learning. A Region-Convolutional Neural Network was trained to detect and count the number of apple fruit on individual trees located on the orthomosaic built from images taken by the unmanned aerial vehicle (UAV). The results obtained with the proposed approach were compared with apple counts made in situ by an agrotechnician, and an R2 value of 0.86 was acquired (MAE: 10.35 and RMSE: 13.56). As only parts of the tree fruits were visible in the top-view images, linear regression was used to estimate the number of total apples on each tree. An R2 value of 0.80 (MAE: 128.56 and RMSE: 130.56) was obtained. With the number of fruits detected and tree coordinates two shapefile using Python script in Google Colab were generated. With the previous information two yield maps were displayed: one with information per tree and another with information per tree row. We are confident that these results will help to maximize the crop producers' outputs via optimized orchard management.",abstrak,M1,D,N,"apel dari ortomosaik UAV; regresi linear dari buah terlihat ke total per pohon; R2 0,80",Y,literature/scopus-2026-09/teks/apoloapolo2020cloud.txt,N,,,,
164,675,dong2020semantic,2020,Semantic mapping for orchard environments by merging two-sides reconstructions of tree rows,10.1002/rob.21876,"Measuring semantic traits for phenotyping is an essential but labor‐intensive activity in horticulture. Researchers often rely on manual measurements which may not be accurate for tasks, such as measuring tree volume. To improve the accuracy of such measurements and to automate the process, we consider the problem of building coherent three‐dimensional (3D) reconstructions of orchard rows. Even though 3D reconstructions of side views can be obtained using standard mapping techniques, merging the two side‐views is difficult due to the lack of overlap between the two partial reconstructions. Our first main contribution in this paper is a novel method that utilizes global features and semantic information to obtain an initial solution aligning the two sides. Our mapping approach then refines the 3D model of the entire tree row by integrating semantic information common to both sides, and extracted using our novel robust detection and fitting algorithms. Next, we present a vision system to measure semantic traits from the optimized 3D model that is built from the RGB or RGB‐D data captured by only a camera. Specifically, we show how canopy volume, trunk diameter, tree height, and fruit count (FC) can be automatically obtained in real orchard environments. The experiment results from multiple data sets quantitatively demonstrate the high accuracy and robustness of our method.",abstrak,M4,D,N,apel; penggabungan rekonstruksi dua sisi baris dengan fitur global dan semantik; jumlah buah dari model 3D,Y,literature/scopus-2026-09/teks/dong2020semantic.txt,N,,,,
165,672,genemola2020fruit,2020,"Fruit detection, yield prediction and canopy geometric characterization using LiDAR with forced air flow",10.1016/j.compag.2019.105121,"Abstract Yield monitoring and geometric characterization of crops provide information about orchard variability and vigor, enabling the farmer to make faster and better decisions in tasks such as irrigation, fertilization, pruning, among others. When using LiDAR technology for fruit detection, fruit occlusions are likely to occur leading to an underestimation of the yield. This work is focused on reducing the fruit occlusions for LiDAR-based approaches, tackling the problem from two different approaches: applying forced air flow by means of an air-assisted sprayer, and using multi-view sensing. These approaches are evaluated in fruit detection, yield prediction and geometric crop characterization. Experimental tests were carried out in a commercial Fuji apple (Malus domestica Borkh. cv. Fuji) orchard. The system was able to detect and localize more than 80% of the visible fruits, predict the yield with a root mean square error lower than 6% and characterize canopy height, width, cross-section area and leaf area. The forced air flow and multi-view approaches helped to reduce the number of fruit occlusions, locating 6.7% and 6.5% more fruits, respectively. Therefore, the proposed system can potentially monitor the yield and characterize the geometry in apple trees. Additionally, combining trials with and without forced air flow and multi-view sensing presented significant advantages for fruit detection as they helped to reduce the number of fruit occlusions.",abstrak,M4,S,N,"apel; LiDAR multipandang dan aliran udara paksa masing-masing menambah 6,5% dan 6,7% buah terlokalisasi; RMSE hasil <6%",N,,N,,,,
166,4032,genemola2020fruitb,2020,Fruit detection and 3D location using instance segmentation neural networks and structure-from-motion photogrammetry,10.1016/j.compag.2019.105165,"Abstract The development of remote fruit detection systems able to identify and 3D locate fruits provides opportunities to improve the efficiency of agriculture management. Most of the current fruit detection systems are based on 2D image analysis. Although the use of 3D sensors is emerging, precise 3D fruit location is still a pending issue. This work presents a new methodology for fruit detection and 3D location consisting of: (1) 2D fruit detection and segmentation using Mask R-CNN instance segmentation neural network; (2) 3D point cloud generation of detected apples using structure-from-motion (SfM) photogrammetry; (3) projection of 2D image detections onto 3D space; (4) false positives removal using a trained support vector machine. This methodology was tested on 11 Fuji apple trees containing a total of 1455 apples. Results showed that, by combining instance segmentation with SfM the system performance increased from an F1-score of 0.816 (2D fruit detection) to 0.881 (3D fruit detection and location) with respect to the total amount of fruits. The main advantages of this methodology are the reduced number of false positives and the higher detection rate, while the main disadvantage is the high processing time required for SfM, which makes it presently unsuitable for real-time work. From these results, it can be concluded that the combination of instance segmentation and SfM provides high performance fruit detection with high 3D data precision. The dataset has been made publicly available and an interactive visualization of fruit detection results is accessible at http://www.grap.udl.cat/documents/photogrammetry_fruit_detection.html .",abstrak,M4,D,N,"apel 11 pohon, 1.455 buah; Mask R-CNN + SfM + SVM; F1 0,816 (2D) menjadi 0,881 (3D); SfM lambat",N,,N,,,,
167,649,genemola2020fuji,2020,Fuji-SfM dataset: A collection of annotated images and point clouds for Fuji apple detection and location using structure-from-motion photogrammetry,10.1016/j.dib.2020.105591,"The present dataset contains colour images acquired in a commercial Fuji apple orchard (Malus domestica Borkh. cv. Fuji) to reconstruct the 3D model of 11 trees by using structure-from-motion (SfM) photogrammetry. The data provided in this article is related to the research article entitled “Fruit detection and 3D location using instance segmentation neural networks and structure-from-motion photogrammetry” [1]. The Fuji-SfM dataset includes: (1) a set of 288 colour images and the corresponding annotations (apples segmentation masks) for training instance segmentation neural networks such as Mask-RCNN; (2) a set of 582 images defining a motion sequence of the scene which was used to generate the 3D model of 11 Fuji apple trees containing 1455 apples by using SfM; (3) the 3D point cloud of the scanned scene with the corresponding apple positions ground truth in global coordinates. With that, this is the first dataset for fruit detection containing images acquired in a motion sequence to build the 3D model of the scanned trees with SfM and including the corresponding 2D and 3D apple location annotations. This data allows the development, training, and test of fruit detection algorithms either based on RGB images, on coloured point clouds or on the combination of both types of data.",abstrak,DATA,D,N,"Fuji-SfM: 582 citra berurutan, model 3D 11 pohon, 1.455 apel dengan lokasi 3D",N,,N,,,,
168,655,genemola2020lfuji,2020,LFuji-air dataset: Annotated 3D LiDAR point clouds of Fuji apple trees for fruit detection scanned under different forced air flow conditions,10.1016/j.dib.2020.105248,"This article presents the LFuji-air dataset, which contains LiDAR based point clouds of 11 Fuji apples trees and the corresponding apples location ground truth. A mobile terrestrial laser scanner (MTLS) comprised of a LiDAR sensor and a real-time kinematics global navigation satellite system was used to acquire the data. The MTLS was mounted on an air-assisted sprayer used to generate different air flow conditions. A total of 8 scans per tree were performed, including scans from different LiDAR sensor positions (multi-view approach) and under different air flow conditions. These variability of the scanning conditions allows to use the LFuji-air dataset not only for training and testing new fruit detection algorithms, but also to study the usefulness of the multi-view approach and the application of forced air flow to reduce the number of fruit occlusions. The data provided in this article is related to the research article entitled “Fruit detection, yield prediction and canopy geometric characterization using LiDAR with forced air flow” [1].",abstrak,DATA,S,N,"LFuji-air: awan titik LiDAR 11 pohon apel, 8 pindaian per pohon, multipandang dan aliran udara",N,,N,,,,
169,658,santos2020grape,2020,"Grape detection, segmentation, and tracking using deep neural networks and three-dimensional association",10.1016/j.compag.2020.105247,"Agricultural applications as yield prediction, precision agriculture and automated harvesting need systems able to infer the culture state from low cost sensing devices. Proximal sensing using affordable cameras combined to computer vision have seen a promising alternative, strengthened after the advent of convolutional neural networks (CNNs) as an alternative for challenging pattern recognition problems in natural images. Considering fruit growing monitoring and automation, a fundamental problem is the detection, segmentation and counting of individual fruits in orchards. Here we show that for grape wines, a crop presenting large variability in shape, color, size and compactness, grape clusters can be successfully detected, segmented and tracked using state-of-the-art CNNs. In a dataset containing 408 grape clusters from images taken on field, we have reached a F1-score up to 0.91 for instance segmentation, a fine separation of each cluster from other structures in the image that allows a more accurate assessment of fruit size and shape. We have also shown as clusters can be identified and tracked along video sequences recording orchards rows. We also present a public dataset containing grape clusters properly annotated in 300 images and a novel annotation methodology for segmentation of complex objects in natural images. The presented pipeline for annotation, training, evaluation and tracking of agricultural patterns in images can be replicated for different crops and production systems. It can be employed on the development of sensing components for several agricultural and environmental applications.",abstrak,M3+M4,V,N,"anggur; segmentasi instans F1 0,91; pelacakan dengan asosiasi 3D; set data publik 300 citra",Y,literature/scopus-2026-09/teks/santos2020grape.txt,N,,,,
170,640,serafino2020detection,2020,Detection and Counting of Lemons using Artificial Vision and Tracking Techniques for Real Time Harvest Estimation,10.1109/clei52000.2020.00064,"Nowadays, estimating the amount of fruit harvested is an important process for a farmer, providing a significant tool for making decisions about production. This work aims to automate the counting of lemons in real time during the harvesting process, using low processing vision equipment and low resolution cameras mounted on a lemon harvester. Different techniques were used, such as color-based image processing, vegetation and contrast index, mathematical morphology and object tracking based on the Kuhn-Munkres algorithm. To evaluate the performance of the algorithm, six harvest videos with a resolution of 640x480 pixels were tested, resulting in a success rate of over 95% between the visual count and the count provided by the algorithm.",abstrak,M3,V,N,lemon pada mesin panen; Kuhn-Munkres; kesesuaian >95% dengan hitung visual,N,,N,,,,
171,664,sun2020three,2020,Three-dimensional photogrammetric mapping of cotton bolls in situ based on point cloud segmentation and clustering,10.1016/j.isprsjprs.2019.12.011,"Abstract Three-dimensional high throughput plant phenotyping techniques provide an opportunity to measure plant organ-level traits which can be highly useful to plant breeders. The number and locations of cotton bolls, which are the fruit of cotton plants and an important component of fiber yield, are arguably among the most important phenotypic traits but are complex to quantify manually. Hence, there is a need for effective and efficient cotton boll phenotyping solutions to support breeding research and monitor the crop yield leading to better production management systems. We developed a novel methodology for 3D cotton boll mapping within a plot in situ. Point clouds were reconstructed from multi-view images using the structure from motion algorithm. The method used a region-based classification algorithm that successfully accounted for noise due to sunlight. The developed density-based clustering method could estimate boll counts for this situation, in which bolls were in direct contact with other bolls. By applying the method to point clouds from 30 plots of cotton plants, boll counts, boll volume and position data were derived. The average accuracy of boll counting was up to 90% and the R2 values between fiber yield and boll number, as well as fiber yield and boll volume were 0.87 and 0.66, respectively. The 3D boll spatial distribution could also be analyzed using this method. This method, which was low-cost and provided improved site-specific data on cotton bolls, can also be applied to other plant/fruit mapping analysis after some modification.",abstrak,M4,D,N,kapas; SfM dari citra multipandang + klaster densitas; akurasi hitung buah kapas hingga 90%,N,,N,,,,
172,711,huang2019high,2019,"High-throughput image analysis framework for fruit detection, localization and measurement from video streams",10.13031/aim.201900487,"Abstract. Food crises and security issues are getting worse due to climate change and population growth. One of the solutions being sought is the use of efficient breeding systems, which requires accurate and detailed phenotyping of fruits and plants. However, traditional phenotyping methods are time consuming, labor intensive and prone to human error. Therefore, measuring the morphological and physiological parameters of fruits automatically is highly recommended. In this work, a high-throughput technique for fruits detection, localization and measurement from video streams using computer vision and deep neural networks is proposed. In contrast with other works that were developed for single type of fruits, a versatile method is proposed herein that can be applied for different types of fruits using a vision system to scan through plants row by row in a greenhouse. A real-time object detection algorithm using YOLOv2, a deep neural network-based detector, is used for fruit detection and localization on video frames with a hit rate of 84.98%. An individual fruit tracking algorithm is applied throughout the video stream to perform tracking of multiple fruits. The online tracking algorithm includes feature matching, optical flow and projective transformation optimized by occlusion handling techniques such as by applying threshold indices and denoising. On the other hand, the offline tracking algorithm uses a voting method to reduce the false alarms caused by the object detector. Finally, phenotyping information such as fruit counts, ripening stage, fruit size, and 2D spatial distribution maps were obtained. The proposed framework has demonstrated its efficacy in obtaining satisfactory phenotyping information that is useful for production management as well as its potential utilization in robotic operations.",abstrak,M2+M3,V,N,rumah kaca banyak jenis buah; pencocokan fitur + aliran optik + transformasi proyektif,N,,N,,,,
173,717,jarvinen2019tree,2019,Tree trunk position estimation for accurate fruit counts in apple yield mapping,10.13031/aim.201900918,"Abstract. In apple fruit production, inexpensive enumeration of fruit on trees is an important goal with applications in many orchard planning tasks. Yield mapping, the combination of fruit enumeration with highly granular spatial information, is an important extension of this task with potential applications in the development of spatially targeted agronomic measures. Ideally, yield maps should have single-tree granularity with a one-to-one correspondence between each apple detected and the tree to which that apple is attached. This study proposes that mapping each detected apple to the most spatially proximal tree trunk provides a strong biological basis for yield mapping with single-tree granularity. A deep learning object detector was developed to locate fruit and trunk position in images. To produce consistent yield maps, a multiple–object-tracking method was combined with known information about tree spacing to estimate the position of each trunk across video sequences. The resulting position estimates were used to generate partitions between adjacent trees across each frame of the video sequences which are suitable for integration with a video-based fruit counting system. On the test dataset, all trunks are successfully detected. For the subset of images where ground truth data was available, the root mean square error (RMSE) for trunk position was 15.6 pixels.",abstrak,M3,V,N,"apel; estimasi posisi batang untuk partisi per pohon; RMSE posisi batang 15,6 piksel",N,,N,,,,
174,699,liu2019monocular,2019,Monocular Camera Based Fruit Counting and Mapping with Semantic Data Association,10.1109/lra.2019.2901987,"In this letter, we present a cheap, lightweight, and fast fruit counting pipeline. Our pipeline relies only on a monocular camera, and achieves counting performance comparable to a state-of-the-art fruit counting system that utilizes an expensive sensor suite including a monocular camera, LiDAR and GPS/INS on a mango dataset. Our pipeline begins with a fruit and tree trunk detection component that uses state-of-the-art convolutional neural networks (CNNs). It then tracks fruits and tree trunks across images, with a Kalman Filter fusing measurements from the CNN detectors and an optical flow estimator. Finally, fruit count and map are estimated by an efficient fruit-as-feature semantic structure from motion algorithm that converts two-dimensional (2-D) tracks of fruits and trunks into 3-D landmarks, and uses these landmarks to identify double counting scenarios. There are many benefits of developing such a low cost and lightweight fruit counting system, including applicability to agriculture in developing countries, where monetary constraints or unstructured environments necessitate cheaper hardware solutions.",abstrak,M3+M4,V,N,"mangga; Kalman + aliran optik, lalu SfM semantik buah-sebagai-fitur untuk mengenali hitung ganda; setara sistem LiDAR+GPS/INS",Y,literature/scopus-2026-09/teks/liu2019monocular.txt,N,,,,
175,702,nellithimaru2019rols,2019,ROLS : Robust object-level SLAM for grape counting,10.1109/cvprw.2019.00321,"Camera based Simultaneous Localization and Mapping (SLAM) in an agricultural field can be used by crop growers to count fruits and estimate yield. It is challenging due to dynamics, illumination conditions and limited texture inherent in an outdoor environment. We propose a pipeline that combines the recent advances in deep learning with traditional 3D processing techniques to achieve fast and accurate SLAM in vineyards. We use images captured by a stereo camera and their 3D reconstruction to detect objects of interest and divide them into classes: grapes, leaves and branches. The accuracy of these detections is improved by leveraging information about objects' local neighborhood in 3D. We achieve a F1 score of 0.977 with ground truth grape counts from images. Our method builds a dense 3D model of the scene with a localization accuracy in centimeters without any assumption of constant illumination conditions or scene dynamics. This method can be easily generalized to other crops such as oranges and apples with minor modifications in the pipeline.",abstrak,M4,V,N,"anggur; SLAM tingkat objek dari stereo; F1 0,977 terhadap hitung citra",N,,N,,,,
176,694,roy2019vision,2019,Vision-based preharvest yield mapping for apple orchards,10.1016/j.compag.2019.104897,"We present an end-to-end computer vision system for mapping yield in an apple orchard using images captured from a single camera. Our proposed system is platform independent and does not require any specific lighting conditions. Our main technical contributions are 1)~a semi-supervised clustering algorithm that utilizes colors to identify apples and 2)~an unsupervised clustering method that utilizes spatial properties to estimate fruit counts from apple clusters having arbitrarily complex geometry. Additionally, we utilize camera motion to merge the counts across multiple views. We verified the performance of our algorithms by conducting multiple field trials on three tree rows consisting of $252$ trees at the University of Minnesota Horticultural Research Center. Results indicate that the detection method achieves $F_1$-measure $.95 -.97$ for multiple color varieties and lighting conditions. The counting method achieves an accuracy of $89\%-98\%$. Additionally, we report merged fruit counts from both sides of the tree rows. Our yield estimation method achieves an overall accuracy of $91.98\% - 94.81\%$ across different datasets.",abstrak,M4+M1,V,N,"apel 252 pohon; klaster spasial + gerak kamera untuk menggabungkan hitung lintas pandang dan dua sisi; akurasi 91,98–94,81%",Y,literature/scopus-2026-09/teks/roy2019vision.txt,N,,,,
177,700,wang2019mango,2019,Mango fruit load estimation using a video based MangoYOLO—Kalman filter—hungarian algorithm method,10.3390/s19122742,"Pre-harvest fruit yield estimation is useful to guide harvesting and marketing resourcing, but machine vision estimates based on a single view from each side of the tree (“dual-view”) underestimates the fruit yield as fruit can be hidden from view. A method is proposed involving deep learning, Kalman filter, and Hungarian algorithm for on-tree mango fruit detection, tracking, and counting from 10 frame-per-second videos captured of trees from a platform moving along the inter row at 5 km/h. The deep learning based mango fruit detection algorithm, MangoYOLO, was used to detect fruit in each frame. The Hungarian algorithm was used to correlate fruit between neighbouring frames, with the improvement of enabling multiple-to-one assignment. The Kalman filter was used to predict the position of fruit in following frames, to avoid multiple counts of a single fruit that is obscured or otherwise not detected with a frame series. A “borrow” concept was added to the Kalman filter to predict fruit position when its precise prediction model was absent, by borrowing the horizontal and vertical speed from neighbouring fruit. By comparison with human count for a video with 110 frames and 192 (human count) fruit, the method produced 9.9% double counts and 7.3% missing count errors, resulting in around 2.6% over count. In another test, a video (of 1162 frames, with 42 images centred on the tree trunk) was acquired of both sides of a row of 21 trees, for which the harvest fruit count was 3286 (i.e., average of 156 fruit/tree). The trees had thick canopies, such that the proportion of fruit hidden from view from any given perspective was high. The proposed method recorded 2050 fruit (62% of harvest) with a bias corrected Root Mean Square Error (RMSE) = 18.0 fruit/tree while the dual-view image method (also using MangoYOLO) recorded 1322 fruit (40%) with a bias corrected RMSE = 21.7 fruit/tree. The video tracking system is recommended over the dual-view imaging system for mango orchard fruit count.",abstrak,M3,V,N,"mangga; MangoYOLO + Kalman + Hungarian multi-ke-satu; 9,9% hitung ganda dan 7,3% terlewat pada video 192 buah",Y,literature/scopus-2026-09/teks/wang2019mango.txt,N,,,,
178,723,liu2018robust,2018,"Robust Fruit Counting: Combining Deep Learning, Tracking, and Structure from Motion",10.1109/iros.2018.8594239,"We present a novel fruit counting pipeline that combines deep segmentation, frame to frame tracking, and 3D localization to accurately count visible fruits across a sequence of images. Our pipeline works on image streams from a monocular camera, both in natural light, as well as with controlled illumination at night. We first train a Fully Convolutional Network (FCN) and segment video frame images into fruit and non-fruit pixels. We then track fruits across frames using the Hungarian Algorithm where the objective cost is determined from a Kalman Filter corrected Kanade-Lucas-Tomasi (KLT) Tracker. In order to correct the estimated count from tracking process, we combine tracking results with a Structure from Motion (SfM) algorithm to calculate relative 3D locations and size estimates to reject outliers and double counted fruit tracks. We evaluate our algorithm by comparing with ground-truth human-annotated visual counts. Our results demonstrate that our pipeline is able to accurately and reliably count fruits across image sequences, and the correction step can significantly improve the counting accuracy and robustness. Although discussed in the context of fruit counting, our work can extend to detection, tracking, and counting of a variety of other stationary features of interest such as leaf-spots, wilt, and blossom.",abstrak,M3+M4,V,N,"mangga dan jeruk; FCN + KLT/Kalman/Hungarian, lalu SfM untuk menolak jejak ganda dan pencilan; siang dan malam",N,,N,,,,
179,1344,roy2017active,2017,Active view planning for counting apples in orchards,10.1109/iros.2017.8206500,"We consider an agricultural automation scenario where a robot, equipped with a camera mounted on a manipulator, is charged with counting the number of apples in an orchard. We focus on the subtask of planning views so as to accurately estimate the number of apples in an apple cluster. We present a method to efficiently enumerate combinatorially distinct world models and to compute the most likely model from one or more views. These are incorporated into single and multi-step planners. We evaluate these planners in simulation as well as with experiments on a real robot.",abstrak,M4,D,N,apel; perencanaan pandang aktif untuk menghitung apel dalam klaster; model dunia kombinatorial,N,,N,,,,
180,777,gongal2016apple,2016,Apple crop-load estimation with over-the-row machine vision system,10.1016/j.compag.2015.10.022,"Accurate crop-load estimation is important for efficient management of pre- and post-harvest operations. This information is crucial for the planning of labor and equipment requirement for harvesting and transporting fruit from the orchard to packing house. Current machine vision-based techniques for crop-load estimation have achieved only limited success mostly due to: (i) occlusion of apples by branches, leaves and/or other apples, and (ii) variable outdoor lighting conditions. In order to minimize the effect of these factors, a new sensor system was developed with an over-the-row platform integrated with a tunnel structure which acquired images from opposite sides of apple trees. The tunnel structure minimized illumination of apples with direct sunlight and reduced the variability in lighting condition. Images captured in a tall spindle orchard were processed for identifying apples, which achieved an identification accuracy of 79.8%. The location of apples in three-dimensional (3D) space was used to eliminate duplicate counting of apples that were visible to cameras from both sides of the tree canopy. The error on identifying duplicate apples was found to be 21.1%. Overall, the method achieved an accuracy of 82% on estimating crop-load on trees with dual side imaging compared to 58% with single side imaging. Over-the-row machine vision system showed promise for accurate and reliable apple crop-load estimation in the apple orchards.",abstrak,M4,D,N,"apel, terowongan over-the-row dua sisi; lokasi 3D untuk menghapus apel ganda; galat identifikasi duplikat 21,1%; akurasi 82% (dua sisi) vs 58% (satu sisi)",N,,N,,,,
181,767,roy2016surveying,2016,Surveying apple orchards with a monocular vision system,10.1109/coase.2016.7743500,We present computer vision algorithms to collect yield related information in an apple orchard using images collected from a single camera. The goal of our system is to give farmers the capability to use their phones or digital cameras to record images and obtain yield related parameters. There are two challenges in this setup which necessitate novel methods: (i) It is very difficult to generate dense matches using standard image features. (ii) The constrained geometry of the setup causes existing structure from motion algorithms to fail. We present a novel piecewise incremental structure from motion technique to register and reconstruct the apples which is used for extracting count and diameter information. We validate our approach by presenting results from multiple field trials.,abstrak,M4,D,N,apel dengan kamera tunggal; SfM inkremental sepotong demi sepotong untuk registrasi dan hitung,N,,N,,,,
182,766,stein2016image,2016,"Image based mango fruit detection, localisation and yield estimation using multiple view geometry",10.3390/s16111915,"This paper presents a novel multi-sensor framework to efficiently identify, track, localise and map every piece of fruit in a commercial mango orchard. A multiple viewpoint approach is used to solve the problem of occlusion, thus avoiding the need for labour-intensive field calibration to estimate actual yield. Fruit are detected in images using a state-of-the-art faster R-CNN detector, and pair-wise correspondences are established between images using trajectory data provided by a navigation system. A novel LiDAR component automatically generates image masks for each canopy, allowing each fruit to be associated with the corresponding tree. The tracked fruit are triangulated to locate them in 3D, enabling a number of spatial statistics per tree, row or orchard block. A total of 522 trees and 71,609 mangoes were scanned on a Calypso mango orchard near Bundaberg, Queensland, Australia, with 16 trees counted by hand for validation, both on the tree and after harvest. The results show that single, dual and multi-view methods can all provide precise yield estimates, but only the proposed multi-view approach can do so without calibration, with an error rate of only 1.36% for individual trees.",abstrak,M4,V,N,"mangga 522 pohon, 71.609 buah; korespondensi berpasangan dari data navigasi + triangulasi; LiDAR memisahkan pohon; galat 1,36% per pohon tanpa kalibrasi; satu dan dua pandang memerlukan kalibrasi",Y,literature/scopus-2026-09/teks/stein2016image.txt,N,,,,
183,792,linker2015estimation,2015,Estimation of apple orchard yield using night time imaging,10.3920/978-90-8686-814-8_66,"This work investigates the potential of night time imaging for estimating apple orchard yield. Forty two trees were photographed from two sides with cameras mounted at three heights. Each image was analyzed and the results of the six images associated with each tree were summed up to provide a 'tree count'. Fourteen trees were selected randomly in order to calibrate a relationship between the 'tree count' estimate and the actual tree yield. This relationship was then applied to the 'tree count' results of the remaining trees. Although the yield estimate error for a single tree was sometimes large, the overall yield estimate was within 10% of the actual yield.",abstrak,M1,D,N,"apel, citra malam dua sisi tiga ketinggian; jumlah enam citra dikalibrasi terhadap 14 pohon; total hasil dalam 10%",Y,literature/scopus-2026-09/teks/linker2015estimation.txt,N,,,,
184,1406,nuske2014automated,2014,Automated visual yield estimation in vineyards,10.1002/rob.21541,"We present a vision system that automatically predicts yield in vineyards accurately and with high resolution. Yield estimation traditionally requires tedious hand measurement, which is destructive, sparse in sampling, and inaccurate. Our method is efficient, high‐resolution, and it is the first such system evaluated in realistic experimentation over several years and hundreds of vines spread over several acres of different vineyards. Other existing research is limited to small test sets of 10 vines or less, or just isolated grape clusters, with tightly controlled image acquisition and with artificially induced yield distributions. The system incorporates cameras and illumination mounted on a vehicle driving through the vineyard. We process images by exploiting the three prominent visual cues of texture, color, and shape into a strong classifier that detects berries even when they are of similar color to the vine leaves. We introduce methods to maximize the spatial and the overall accuracy of the yield estimates by optimizing the relationship between image measurements and yield. Our experimentation is conducted over four growing seasons in several wine and table‐grape vineyards. These are the first such results from experimentation that is sufficiently sized for fair evaluation against true yield variation and real‐world imaging conditions from a moving vehicle. Analysis of the results demonstrates yield estimates that capture up to 75% of spatial yield variance and with an average error between 3% and 11% of total yield.",abstrak,M1,V,N,anggur empat musim; citra terregistrasi dari kendaraan; kalibrasi ukuran citra ke hasil; hingga 75% variansi spasial,N,,N,,,,
185,1403,nuske2014modeling,2014,Modeling and calibrating visual yield estimates in vineyards,10.1007/978-3-642-40686-7_23,"Accurate yield estimates are of great value to vineyard growers to make informed management decisions such as crop thinning, shoot thinning, irrigation and nutrient delivery, preparing for harvest and planning for market. Current methods are labor intensive because they involve destructive hand sampling and are practically too sparse to capture spatial variability in large vineyard blocks. Here we report on an approach to predict vineyard yield automatically and non-destructively using images collected from vehicles driving along vineyard rows. Computer vision algorithms are applied to detect grape berries in images that have been registered together to generate high-resolution estimates. We propose an underlying model relating image measurements to harvest yield and study practical approaches to calibrate the two. We report on results on datasets of several hundred vines collected both early and in the middle of the growing season. We find that it is possible to estimate yield to within 4 % using calibration data from prior harvest data and 3 % using calibration data from destructive hand samples at the time of imaging.",abstrak,M1,V,N,anggur; pemodelan dan kalibrasi hitung visual ke hasil; galat 3–4% dengan data kalibrasi,N,,N,,,,
186,1405,song2014automatic,2014,Automatic fruit recognition and counting from multiple images,10.1016/j.biosystemseng.2013.12.008,"In our post-genomic world, where we are deluged with genetic information, the bottleneck to scientific progress is often phenotyping, i.e. measuring the observable characteristics of living organisms, such as counting the number of fruits on a plant. Image analysis is one route to automation. In this paper we present a method for recognising and counting fruits from images in cluttered greenhouses. The plants are 3-m high peppers with fruits of complex shapes and varying colours similar to the plant canopy. Our calibration and validation datasets each consist of over 28,000 colour images of over 1000 experimental plants. We describe a new two-step method to locate and count pepper fruits: the first step is to find fruits in a single image using a bag-of-words model, and the second is to aggregate estimates from multiple images using a novel statistical approach to cluster repeated, incomplete observations. We demonstrate that image analysis can potentially yield a good correlation with manual measurement (94.6%) and our proposed method achieves a correlation of 74.2% without any linear adjustment for a large dataset.",abstrak,M1,D,N,"paprika rumah kaca, >28.000 citra; agregasi statistik pengamatan berulang tak lengkap; korelasi 74,2% tanpa penyesuaian",N,,N,,,,
187,838,wang2013automated,2013,Automated Crop Yield Estimation for Apple Orchards,10.1007/978-3-319-00065-7_50,"Crop yield estimation is an important task in apple orchard management. The current manual sampling-based yield estimation is time-consuming, labor-intensive and inaccurate. To deal with this challenge, we developed a computer vision-based system for automated, rapid and accurate yield estimation. The system uses a two-camera stereo rig for image acquisition. It works at nighttime with controlled artificial lighting to reduce the variance of natural illumination. An autonomous orchard vehicle is used as the support platform for automated data collection. The system scans both sides of each tree row in orchards. A computer vision algorithm detects and registers apples from acquired sequential images, and then generates apple counts as crop yield estimation. We deployed the yield estimation system in Washington state in September, 2011. The results show that the system works well with both red and green apples in the tall-spindle planting system. The crop yield estimation errors are -3.2% for a red apple block with about 480 trees, and 1.2% for a green apple block with about 670 trees.",abstrak,M4,V,N,"apel; stereo malam dari kendaraan otonom; registrasi citra berurutan; galat −3,2% dan 1,2% per blok",N,,N,,,,
