tanggal,berkas,idx_atau_key,kolom,nilai_lama,nilai_baru,alasan,oleh
2026-10-01,topik/bukti/mekanisme_C1.txt,0,sumber_kode,,abstrak,putaran kedua (AI-2),AI-2
2026-10-01,topik/bukti/mekanisme_C1.txt,0,referensi_hitung,,anotasi,putaran kedua (AI-2),AI-2
2026-10-01,topik/bukti/mekanisme_C1.txt,0,tingkat_metrik,,hitung,putaran kedua (AI-2),AI-2
2026-10-01,topik/bukti/mekanisme_C1.txt,0,berubah,,tidak,putaran kedua (AI-2),AI-2
2026-10-01,topik/bukti/mekanisme_C1.txt,1,sumber_kode,,abstrak,putaran kedua (AI-2),AI-2
2026-10-01,topik/bukti/mekanisme_C1.txt,1,referensi_hitung,,pohon,putaran kedua (AI-2),AI-2
2026-10-01,topik/bukti/mekanisme_C1.txt,1,tingkat_metrik,,hitung,putaran kedua (AI-2),AI-2
2026-10-01,topik/bukti/mekanisme_C1.txt,1,berubah,,tidak,putaran kedua (AI-2),AI-2
2026-10-01,topik/bukti/mekanisme_C1.txt,2,sumber_kode,,abstrak,putaran kedua (AI-2),AI-2
2026-10-01,topik/bukti/mekanisme_C1.txt,2,referensi_hitung,,anotasi,putaran kedua (AI-2),AI-2
2026-10-01,topik/bukti/mekanisme_C1.txt,2,tingkat_metrik,,hitung;deteksi,putaran kedua (AI-2),AI-2
2026-10-01,topik/bukti/mekanisme_C1.txt,2,cara_kelas,,tidak dinyatakan,putaran kedua (AI-2),AI-2
2026-10-01,topik/bukti/mekanisme_C1.txt,2,berubah,,tidak,putaran kedua (AI-2),AI-2
2026-10-01,topik/bukti/mekanisme_C1.txt,4,mekanisme,M4,M4+M5,"Putaran kedua benar pada mekanisme. Abstrak menyatakan secara eksplisit pembelajaran kontrastif lintas pandang untuk representasi fitur 3D, yaitu komponen asosiasi yang dipelajari (M5), di samping pemungutan suara Hough dan pengelompokan dalam ruang Gaussian 3D (M4). Keyakinan sedang karena peran fitur kontrastif dalam penentuan instans hanya terbaca dari abstrak.",AI-2
2026-10-01,topik/bukti/mekanisme_C1.txt,4,sumber_kode,,abstrak,putaran kedua (AI-2),AI-2
2026-10-01,topik/bukti/mekanisme_C1.txt,4,referensi_hitung,,anotasi,putaran kedua (AI-2),AI-2
2026-10-01,topik/bukti/mekanisme_C1.txt,4,tingkat_metrik,,hitung;deteksi,putaran kedua (AI-2),AI-2
2026-10-01,topik/bukti/mekanisme_C1.txt,4,berubah,,ya (lama: mekanisme=M4),putaran kedua (AI-2),AI-2
2026-10-01,topik/bukti/mekanisme_C1.txt,10,sumber_kode,,judul,putaran kedua (AI-2),AI-2
2026-10-01,topik/bukti/mekanisme_C1.txt,10,referensi_hitung,,tidak ada,putaran kedua (AI-2),AI-2
2026-10-01,topik/bukti/mekanisme_C1.txt,10,tingkat_metrik,,hitung;identitas,putaran kedua (AI-2),AI-2
2026-10-01,topik/bukti/mekanisme_C1.txt,10,cara_kelas,,tidak dinyatakan,putaran kedua (AI-2),AI-2
2026-10-01,topik/bukti/mekanisme_C1.txt,10,berubah,,tidak,putaran kedua (AI-2),AI-2
2026-10-01,topik/penyaringan/abstrak_T00.txt,12,dasar_keputusan,judul,abstrak (web),putaran kedua menemukan abstrak atau teks; baris tidak dipindah,AI-2
2026-10-01,topik/bukti/mekanisme_C1.txt,22,sumber_kode,,abstrak,putaran kedua (AI-2),AI-2
2026-10-01,topik/bukti/mekanisme_C1.txt,22,referensi_hitung,,tidak ada,putaran kedua (AI-2),AI-2
2026-10-01,topik/bukti/mekanisme_C1.txt,22,tingkat_metrik,,hitung;deteksi,putaran kedua (AI-2),AI-2
2026-10-01,topik/bukti/mekanisme_C1.txt,22,berubah,,tidak,putaran kedua (AI-2),AI-2
2026-10-01,topik/bukti/mekanisme_C1.txt,23,sumber_kode,,abstrak,putaran kedua (AI-2),AI-2
2026-10-01,topik/bukti/mekanisme_C1.txt,23,referensi_hitung,,tidak ada,putaran kedua (AI-2),AI-2
2026-10-01,topik/bukti/mekanisme_C1.txt,23,tingkat_metrik,,deteksi,putaran kedua (AI-2),AI-2
2026-10-01,topik/bukti/mekanisme_C1.txt,23,cara_kelas,,tidak dinyatakan,putaran kedua (AI-2),AI-2
2026-10-01,topik/bukti/mekanisme_C1.txt,23,berubah,,tidak,putaran kedua (AI-2),AI-2
2026-10-01,topik/bukti/mekanisme_C1.txt,24,mekanisme,DATA,M1,"Putaran kedua benar pada mekanisme. Kode DATA hanya berlaku bagi makalah dataset tanpa metode asosiasi, sedangkan versi PMC memuat validasi teknis yang mengevaluasi faktor koreksi global k dan regresi SVR terhadap jumlah tandan unik. Kedua baseline itu adalah koreksi statistik tanpa identifikasi tandan individual, sehingga kodenya M1.",AI-2
2026-10-01,topik/bukti/mekanisme_C1.txt,24,hasil_ringkas,"SawitMVC: 3.992 citra, 953 pohon sawit, 4 atau 8 sisi; 9.823 tandan unik dengan tautan lintas pandang; kelas B1–B4","Dataset 3.992 citra dari 953 pohon (4 atau 8 sisi) dengan 9.823 tandan unik bertaut lintas pandang. Baseline: YOLO26m AP50 0,531; pencacahan SVR mencapai Class ±1 96,81% dengan kotak anotasi dan 75,35% dengan deteksi YOLO26m (Tree ±1 88,65% dan 33,33%).",putaran kedua (AI-2),AI-2
2026-10-01,topik/bukti/mekanisme_C1.txt,24,sumber_kode,,teks lengkap,putaran kedua (AI-2),AI-2
2026-10-01,topik/bukti/mekanisme_C1.txt,24,referensi_hitung,,anotasi,putaran kedua (AI-2),AI-2
2026-10-01,topik/bukti/mekanisme_C1.txt,24,tingkat_metrik,,hitung;deteksi,putaran kedua (AI-2),AI-2
2026-10-01,topik/bukti/mekanisme_C1.txt,24,cara_kelas,,tidak dinyatakan,putaran kedua (AI-2),AI-2
2026-10-01,topik/bukti/mekanisme_C1.txt,24,berubah,,ya (lama: mekanisme=DATA),putaran kedua (AI-2),AI-2
2026-10-01,topik/bukti/mekanisme_C1.txt,35,sumber_kode,,abstrak,putaran kedua (AI-2),AI-2
2026-10-01,topik/bukti/mekanisme_C1.txt,35,referensi_hitung,,anotasi,putaran kedua (AI-2),AI-2
2026-10-01,topik/bukti/mekanisme_C1.txt,35,tingkat_metrik,,deteksi,putaran kedua (AI-2),AI-2
2026-10-01,topik/bukti/mekanisme_C1.txt,35,berubah,,tidak,putaran kedua (AI-2),AI-2
2026-10-01,topik/bukti/mekanisme_C1.txt,36,sumber_kode,,abstrak,putaran kedua (AI-2),AI-2
2026-10-01,topik/bukti/mekanisme_C1.txt,36,referensi_hitung,,anotasi,putaran kedua (AI-2),AI-2
2026-10-01,topik/bukti/mekanisme_C1.txt,36,tingkat_metrik,,hitung,putaran kedua (AI-2),AI-2
2026-10-01,topik/bukti/mekanisme_C1.txt,36,berubah,,tidak,putaran kedua (AI-2),AI-2
2026-10-01,topik/bukti/mekanisme_C1.txt,37,mekanisme,M5,M2+M4+M5,"Putaran kedua benar pada mekanisme. Teks lengkap menunjukkan tiga komponen: deskriptor re-identifikasi per buah dari jaringan konvolusi jarang 3D (M2), posisi relatif 3D antarsesi dengan jarak pencocokan maksimum 0,05 m pada awan titik (M4), dan jaringan pencocok berbasis atensi yang dilatih (M5). Putaran pertama hanya mencatat M5 dari abstrak, yang benar tetapi tidak lengkap.",AI-2
2026-10-01,topik/bukti/mekanisme_C1.txt,37,hasil_ringkas,pindaian laser berwarna antarsesi; jaringan pencocokan berbasis atensi; stroberi dan apel,"Pada data stroberi (tiga pemindaian berselang sekitar satu minggu), re-identifikasi dengan segmentasi MinkPanoptic mencapai rerata mF1 65,1%, lebih tinggi 9,8 poin daripada metode terbaik kedua; dengan Superpoint Transformer rerata mF1 51,7%.",putaran kedua (AI-2),AI-2
2026-10-01,topik/bukti/mekanisme_C1.txt,37,sumber_kode,,teks lengkap,putaran kedua (AI-2),AI-2
2026-10-01,topik/bukti/mekanisme_C1.txt,37,halaman,,h. 9,putaran kedua (AI-2),AI-2
2026-10-01,topik/bukti/mekanisme_C1.txt,37,referensi_hitung,,anotasi,putaran kedua (AI-2),AI-2
2026-10-01,topik/bukti/mekanisme_C1.txt,37,tingkat_metrik,,identitas;deteksi,putaran kedua (AI-2),AI-2
2026-10-01,topik/bukti/mekanisme_C1.txt,37,berubah,,ya (lama: mekanisme=M5),putaran kedua (AI-2),AI-2
2026-10-01,topik/bukti/mekanisme_C1.txt,39,sumber_kode,,abstrak,putaran kedua (AI-2),AI-2
2026-10-01,topik/bukti/mekanisme_C1.txt,39,referensi_hitung,,tidak ada,putaran kedua (AI-2),AI-2
2026-10-01,topik/bukti/mekanisme_C1.txt,39,tingkat_metrik,,tidak ada,putaran kedua (AI-2),AI-2
2026-10-01,topik/bukti/mekanisme_C1.txt,39,berubah,,tidak,putaran kedua (AI-2),AI-2
2026-10-01,topik/bukti/mekanisme_C1.txt,45,sumber_kode,,abstrak,putaran kedua (AI-2),AI-2
2026-10-01,topik/bukti/mekanisme_C1.txt,45,referensi_hitung,,pohon,putaran kedua (AI-2),AI-2
2026-10-01,topik/bukti/mekanisme_C1.txt,45,tingkat_metrik,,hitung;identitas;deteksi,putaran kedua (AI-2),AI-2
2026-10-01,topik/bukti/mekanisme_C1.txt,45,berubah,,tidak,putaran kedua (AI-2),AI-2
2026-10-01,topik/penyaringan/abstrak_T00.txt,47,dasar_keputusan,judul,abstrak (web),putaran kedua menemukan abstrak atau teks; baris tidak dipindah,AI-2
2026-10-01,topik/bukti/mekanisme_C1.txt,47,hasil_ringkas,"markisa, BoT-SORT (judul)","Detektor mencapai mAP@0,5 87,0% (5,0 MB); BoT-SORT mencapai HOTA 62,4% dan MOTA 68,4%; pencacahan berbasis wilayah mencapai akurasi rata-rata 92,8%, lebih tinggi 8,8 dan 29,9 poin persentase daripada metode garis dan akumulasi ID.",putaran kedua (AI-2),AI-2
2026-10-01,topik/bukti/mekanisme_C1.txt,47,sumber_kode,,abstrak,putaran kedua (AI-2),AI-2
2026-10-01,topik/bukti/mekanisme_C1.txt,47,referensi_hitung,,anotasi,putaran kedua (AI-2),AI-2
2026-10-01,topik/bukti/mekanisme_C1.txt,47,tingkat_metrik,,hitung;identitas;deteksi,putaran kedua (AI-2),AI-2
2026-10-01,topik/bukti/mekanisme_C1.txt,47,berubah,,tidak,putaran kedua (AI-2),AI-2
2026-10-01,topik/bukti/mekanisme_C1.txt,50,mekanisme,M3,M2+M3,"Putaran kedua benar pada mekanisme. Abstrak menyatakan bahwa DeepSORT dievaluasi dan DeepSORT+ diusulkan, dan menurut konvensi DeepSORT dikodekan M2+M3, sehingga kajian ini memuat pencocokan penampilan di samping pelacakan temporal. Kode M3 saja pada putaran pertama hanya mencakup SORT+, SORT, dan ByteTrack.",AI-2
2026-10-01,topik/bukti/mekanisme_C1.txt,50,sumber_kode,,abstrak,putaran kedua (AI-2),AI-2
2026-10-01,topik/bukti/mekanisme_C1.txt,50,referensi_hitung,,anotasi,putaran kedua (AI-2),AI-2
2026-10-01,topik/bukti/mekanisme_C1.txt,50,tingkat_metrik,,hitung;identitas,putaran kedua (AI-2),AI-2
2026-10-01,topik/bukti/mekanisme_C1.txt,50,berubah,,ya (lama: mekanisme=M3),putaran kedua (AI-2),AI-2
2026-10-01,topik/bukti/mekanisme_C1.txt,51,mekanisme,M3,M2+M3,"Putaran kedua benar pada mekanisme. Teks lengkap menyatakan pelacak yang dipakai adalah StrongSORT, yang menggabungkan informasi gerak dengan asosiasi berbasis penampilan, sehingga menurut konvensi kodenya M2+M3, bukan M3. Putaran pertama hanya membaca abstrak yang tidak menyebut nama pelacak.",AI-2
2026-10-01,topik/bukti/mekanisme_C1.txt,51,hasil_ringkas,"tomat rumah kaca, RGB + multispektral; akurasi kematangan 81%","YOLOv8 dan StrongSORT menghitung tomat per tingkat kematangan pada sekuens citra rumah kaca dan dibandingkan dengan hitungan acuan per kelas (selisih total dan RMSE per sekuens, Tabel 6). Akurasi klasifikasi kematangan tertinggi 81%.",putaran kedua (AI-2),AI-2
2026-10-01,topik/bukti/mekanisme_C1.txt,51,sumber_kode,,teks lengkap,putaran kedua (AI-2),AI-2
2026-10-01,topik/bukti/mekanisme_C1.txt,51,halaman,,15,putaran kedua (AI-2),AI-2
2026-10-01,topik/bukti/mekanisme_C1.txt,51,referensi_hitung,,anotasi,putaran kedua (AI-2),AI-2
2026-10-01,topik/bukti/mekanisme_C1.txt,51,tingkat_metrik,,hitung,putaran kedua (AI-2),AI-2
2026-10-01,topik/bukti/mekanisme_C1.txt,51,cara_kelas,,voting antarpandang,putaran kedua (AI-2),AI-2
2026-10-01,topik/bukti/mekanisme_C1.txt,51,berubah,,ya (lama: mekanisme=M3),putaran kedua (AI-2),AI-2
2026-10-01,topik/bukti/mekanisme_C1.txt,52,hasil_ringkas,apel; CoTracker3 + GNSS-VIO + graf faktor; peta massa terreferensi,"Pipeline menghasilkan 9.739 landmark apel terhadap 9.985 apel hasil panen (selisih 246, kurang hitung 2,46%); galat per baris 3,20% sampai 30,77%. CoTracker3 mencapai HOTA 42,63% dan IDF1 50,75%.",putaran kedua (AI-2),AI-2
2026-10-01,topik/bukti/mekanisme_C1.txt,52,sumber_kode,,teks lengkap,putaran kedua (AI-2),AI-2
2026-10-01,topik/bukti/mekanisme_C1.txt,52,halaman,,"Seksi 4.4, h. 22; Tabel A1, h. 30; Tabel 1, h. 12",putaran kedua (AI-2),AI-2
2026-10-01,topik/bukti/mekanisme_C1.txt,52,referensi_hitung,,panen;anotasi,putaran kedua (AI-2),AI-2
2026-10-01,topik/bukti/mekanisme_C1.txt,52,tingkat_metrik,,hitung;identitas,putaran kedua (AI-2),AI-2
2026-10-01,topik/bukti/mekanisme_C1.txt,52,berubah,,tidak,putaran kedua (AI-2),AI-2
2026-10-01,topik/bukti/mekanisme_C1.txt,53,mekanisme,M3+M4,M4,"Putaran kedua benar pada mekanisme. Bagian 4.2 menyatakan asosiasi dilakukan hanya dengan pencarian tetangga terdekat pada koordinat 3D di peta SLAM (ambang 0,075 m) dan menyebut pelacakan 2D antarframe tidak memadai. Tidak ada pelacak berbasis gerak atau tumpang-tindih antarframe, sehingga M3 tidak didukung teks.",AI-2
2026-10-01,topik/bukti/mekanisme_C1.txt,53,hasil_ringkas,"pir; fusi LiDAR-kamera + SLAM; akurasi hitung 96,2%; MAE densitas 0,64 buah/m2","Sistem menghitung 1.963 buah pir terhadap 1.891 buah acuan (galat 3,8%, akurasi 96,2%) dengan MAE kerapatan 0,64 buah/m2. Sebanyak 53 hitungan ganda tersisa, 23 di antaranya akibat drift SLAM.",putaran kedua (AI-2),AI-2
2026-10-01,topik/bukti/mekanisme_C1.txt,53,sumber_kode,,teks lengkap,putaran kedua (AI-2),AI-2
2026-10-01,topik/bukti/mekanisme_C1.txt,53,halaman,,"Bagian 4.2, h. 6; Bagian 6.2.1, h. 9",putaran kedua (AI-2),AI-2
2026-10-01,topik/bukti/mekanisme_C1.txt,53,referensi_hitung,,anotasi,putaran kedua (AI-2),AI-2
2026-10-01,topik/bukti/mekanisme_C1.txt,53,tingkat_metrik,,hitung;deteksi,putaran kedua (AI-2),AI-2
2026-10-01,topik/bukti/mekanisme_C1.txt,53,berubah,,ya (lama: mekanisme=M3+M4),putaran kedua (AI-2),AI-2
2026-10-01,topik/penyaringan/abstrak_T00.txt,55,dasar_keputusan,judul,abstrak (web),putaran kedua menemukan abstrak atau teks; baris tidak dipindah,AI-2
2026-10-01,topik/bukti/mekanisme_C1.txt,55,hasil_ringkas,jeruk dari video UAV (judul),"YOLO11-PMSL menaikkan presisi 3,3 dan mAP0,5 9,3 poin persentase; ByteTrack-DIoU menaikkan MOTA 5,5, 5,7, dan 4,3 poin persentase terhadap SORT, DeepSORT, dan BoT-SORT; akurasi rerata hitung berbasis pelacakan 88,4%.",putaran kedua (AI-2),AI-2
2026-10-01,topik/bukti/mekanisme_C1.txt,55,sumber_kode,,abstrak,putaran kedua (AI-2),AI-2
2026-10-01,topik/bukti/mekanisme_C1.txt,55,referensi_hitung,,anotasi,putaran kedua (AI-2),AI-2
2026-10-01,topik/bukti/mekanisme_C1.txt,55,tingkat_metrik,,hitung;identitas;deteksi,putaran kedua (AI-2),AI-2
2026-10-01,topik/bukti/mekanisme_C1.txt,55,berubah,,tidak,putaran kedua (AI-2),AI-2
2026-10-01,topik/penyaringan/abstrak_T00.txt,56,dasar_keputusan,judul,abstrak (web),putaran kedua menemukan abstrak atau teks; baris tidak dipindah,AI-2
2026-10-01,topik/penyaringan/abstrak_00.txt,57,kode,C1,C5,"Putaran kedua benar pada grup. Teks lengkap menunjukkan volume dan massa buah dihitung dari awan titik satu bingkai kamera depth dan dibandingkan dengan massa hasil panen, sedangkan fusi multipandang hanya disebut sebagai pekerjaan lanjutan. Putaran pertama sendiri mengodekan M0 dan akuisisi 1, yang menurut definisi bukan C1; kajian ini memenuhi C5 (sensor depth dengan pengukuran buah yang dievaluasi).",AI-2
2026-10-01,topik/bukti/mekanisme_C1.txt,57,mekanisme,M0,,"baris dihapus: rekaman keluar dari C1 (Putaran kedua benar pada grup. Teks lengkap menunjukkan volume dan massa buah dihitung dari awan titik satu bingkai kamera depth dan dibandingkan dengan massa hasil panen, sedangkan fusi multipandang hanya disebut sebagai pekerjaan lanjutan. Putaran pertama sendiri mengodekan M0 dan akuisisi 1, yang menurut definisi bukan C1; kajian ini memenuhi C5 (sensor depth dengan pengukuran buah yang dievaluasi).)",AI-2
2026-10-01,topik/bukti/mekanisme_C1.txt,57,akuisisi,1,,"baris dihapus: rekaman keluar dari C1 (Putaran kedua benar pada grup. Teks lengkap menunjukkan volume dan massa buah dihitung dari awan titik satu bingkai kamera depth dan dibandingkan dengan massa hasil panen, sedangkan fusi multipandang hanya disebut sebagai pekerjaan lanjutan. Putaran pertama sendiri mengodekan M0 dan akuisisi 1, yang menurut definisi bukan C1; kajian ini memenuhi C5 (sensor depth dengan pengukuran buah yang dievaluasi).)",AI-2
2026-10-01,topik/bukti/mekanisme_C1.txt,57,per_kelas,N,,"baris dihapus: rekaman keluar dari C1 (Putaran kedua benar pada grup. Teks lengkap menunjukkan volume dan massa buah dihitung dari awan titik satu bingkai kamera depth dan dibandingkan dengan massa hasil panen, sedangkan fusi multipandang hanya disebut sebagai pekerjaan lanjutan. Putaran pertama sendiri mengodekan M0 dan akuisisi 1, yang menurut definisi bukan C1; kajian ini memenuhi C5 (sensor depth dengan pengukuran buah yang dievaluasi).)",AI-2
2026-10-01,topik/bukti/mekanisme_C1.txt,57,hasil_ringkas,apel; volume dari awan titik kamera depth per citra; bukan asosiasi lintas pandang,,"baris dihapus: rekaman keluar dari C1 (Putaran kedua benar pada grup. Teks lengkap menunjukkan volume dan massa buah dihitung dari awan titik satu bingkai kamera depth dan dibandingkan dengan massa hasil panen, sedangkan fusi multipandang hanya disebut sebagai pekerjaan lanjutan. Putaran pertama sendiri mengodekan M0 dan akuisisi 1, yang menurut definisi bukan C1; kajian ini memenuhi C5 (sensor depth dengan pengukuran buah yang dievaluasi).)",AI-2
2026-10-01,topik/bukti/mekanisme_C1.txt,58,sumber_kode,,abstrak,putaran kedua (AI-2),AI-2
2026-10-01,topik/bukti/mekanisme_C1.txt,58,referensi_hitung,,pohon,putaran kedua (AI-2),AI-2
2026-10-01,topik/bukti/mekanisme_C1.txt,58,tingkat_metrik,,hitung,putaran kedua (AI-2),AI-2
2026-10-01,topik/bukti/mekanisme_C1.txt,58,berubah,,tidak,putaran kedua (AI-2),AI-2
2026-10-01,topik/penyaringan/abstrak_T00.txt,64,dasar_keputusan,judul,abstrak (web),putaran kedua menemukan abstrak atau teks; baris tidak dipindah,AI-2
2026-10-01,topik/bukti/mekanisme_C1.txt,64,hasil_ringkas,"tomat rumah kaca, ByteTrack (judul)","YOLO v8n-MAFP mencapai mAP 96,9% (naik 2,4 poin persentase); pelacak ALRM-Track berbasis ByteTrack mencapai MOTA 88,2% dengan 2 pergantian ID. Pencacahan dengan pencocokan wilayah berurutan pada 5 video rumah kaca memberi MAE 1,4 dan akurasi hitung rata-rata 96,6%.",putaran kedua (AI-2),AI-2
2026-10-01,topik/bukti/mekanisme_C1.txt,64,sumber_kode,,abstrak,putaran kedua (AI-2),AI-2
2026-10-01,topik/bukti/mekanisme_C1.txt,64,referensi_hitung,,tidak ada,putaran kedua (AI-2),AI-2
2026-10-01,topik/bukti/mekanisme_C1.txt,64,tingkat_metrik,,hitung;identitas;deteksi,putaran kedua (AI-2),AI-2
2026-10-01,topik/bukti/mekanisme_C1.txt,64,berubah,,tidak,putaran kedua (AI-2),AI-2
2026-10-01,topik/penyaringan/abstrak_T00.txt,73,dasar_keputusan,judul,abstrak (web),putaran kedua menemukan abstrak atau teks; baris tidak dipindah,AI-2
2026-10-01,topik/bukti/mekanisme_C1.txt,73,hasil_ringkas,"asosiasi model tanaman 3D inkremental dengan GIoU 3D; kebun padat (judul, TLDR)",Tiap buah dimodelkan sebagai kotak pembatas 3D berorientasi dalam kerangka global yang diperbarui secara inkremental; asosiasi antarbingkai memakai GIoU 3D dan penyaringan berbasis keyakinan untuk menekan hitungan ganda secara waktu nyata. Abstrak tidak memuat angka.,putaran kedua (AI-2),AI-2
2026-10-01,topik/bukti/mekanisme_C1.txt,73,sumber_kode,,abstrak,putaran kedua (AI-2),AI-2
2026-10-01,topik/bukti/mekanisme_C1.txt,73,referensi_hitung,,tidak ada,putaran kedua (AI-2),AI-2
2026-10-01,topik/bukti/mekanisme_C1.txt,73,tingkat_metrik,,hitung,putaran kedua (AI-2),AI-2
2026-10-01,topik/bukti/mekanisme_C1.txt,73,berubah,,tidak,putaran kedua (AI-2),AI-2
2026-10-01,topik/bukti/mekanisme_C1.txt,74,sumber_kode,,abstrak,putaran kedua (AI-2),AI-2
2026-10-01,topik/bukti/mekanisme_C1.txt,74,referensi_hitung,,anotasi,putaran kedua (AI-2),AI-2
2026-10-01,topik/bukti/mekanisme_C1.txt,74,tingkat_metrik,,hitung,putaran kedua (AI-2),AI-2
2026-10-01,topik/bukti/mekanisme_C1.txt,74,berubah,,tidak,putaran kedua (AI-2),AI-2
2026-10-01,topik/bukti/mekanisme_C1.txt,79,hasil_ringkas,apel dari UAV monokular; Grounded-SAM2 MOTS + SfM + DeepSDF; galat bentuk tingkat milimeter,"Grounded-SAM2 pada mode terbang A mencapai MOTSA 34,84% dan sMOTSA 14,95%; 2.729 apel pada satu baris direkonstruksi, dan RMSE diameter 120 apel sampel terhadap pengukuran manual adalah 1,85 cm.",putaran kedua (AI-2),AI-2
2026-10-01,topik/bukti/mekanisme_C1.txt,79,sumber_kode,,teks lengkap,putaran kedua (AI-2),AI-2
2026-10-01,topik/bukti/mekanisme_C1.txt,79,halaman,,"Tabel 2, h. 8; Seksi 4.3, h. 9",putaran kedua (AI-2),AI-2
2026-10-01,topik/bukti/mekanisme_C1.txt,79,referensi_hitung,,tidak ada,putaran kedua (AI-2),AI-2
2026-10-01,topik/bukti/mekanisme_C1.txt,79,tingkat_metrik,,identitas,putaran kedua (AI-2),AI-2
2026-10-01,topik/bukti/mekanisme_C1.txt,79,berubah,,tidak,putaran kedua (AI-2),AI-2
2026-10-01,topik/bukti/mekanisme_C1.txt,81,sumber_kode,,abstrak,putaran kedua (AI-2),AI-2
2026-10-01,topik/bukti/mekanisme_C1.txt,81,referensi_hitung,,tidak ada,putaran kedua (AI-2),AI-2
2026-10-01,topik/bukti/mekanisme_C1.txt,81,tingkat_metrik,,tidak ada,putaran kedua (AI-2),AI-2
2026-10-01,topik/bukti/mekanisme_C1.txt,81,berubah,,tidak,putaran kedua (AI-2),AI-2
2026-10-01,topik/bukti/mekanisme_C1.txt,85,mekanisme,M3+M4,M3+M4+M5,"Putaran kedua benar pada mekanisme. Teks lengkap menunjukkan bahwa asosiasi data antarframe dilakukan oleh CoTracker, yaitu jaringan transformer terlatih untuk korespondensi titik (M5), dalam jendela video berurutan (M3), dan digabung dengan odometri visual, triangulasi, serta relokalisasi buah yang muncul kembali (M4). Putaran pertama hanya mencatat M3+M4.",AI-2
2026-10-01,topik/bukti/mekanisme_C1.txt,85,hasil_ringkas,"CoTracker untuk pelacakan buah, lokasi 3D, dan pose kamera sekaligus","Pada tujuh sekuens MOrangeT, HOTA gabungan 47,457 dan hitungan 978 terhadap 879 buah beranotasi (galat 11,26%); hasil ini tidak melampaui karya penulis sebelumnya (HOTA 56,039, median galat hitung 6,95%).",putaran kedua (AI-2),AI-2
2026-10-01,topik/bukti/mekanisme_C1.txt,85,sumber_kode,,teks lengkap,putaran kedua (AI-2),AI-2
2026-10-01,topik/bukti/mekanisme_C1.txt,85,halaman,,"Tabel 2, h. 5",putaran kedua (AI-2),AI-2
2026-10-01,topik/bukti/mekanisme_C1.txt,85,referensi_hitung,,anotasi,putaran kedua (AI-2),AI-2
2026-10-01,topik/bukti/mekanisme_C1.txt,85,tingkat_metrik,,hitung;identitas,putaran kedua (AI-2),AI-2
2026-10-01,topik/bukti/mekanisme_C1.txt,85,berubah,,ya (lama: mekanisme=M3+M4),putaran kedua (AI-2),AI-2
2026-10-01,topik/penyaringan/abstrak_T00.txt,91,dasar_keputusan,judul,abstrak (web),putaran kedua menemukan abstrak atau teks; baris tidak dipindah,AI-2
2026-10-01,topik/bukti/mekanisme_C1.txt,91,hasil_ringkas,"alpukat, BoT-SORT (judul)","YOLOv8m dengan BoT-SORT menghitung alpukat pada video kebun dengan Absolute Counting Precision 92,68%, MAE 2,0, dan RMSE 3,16; detektor mencapai mAP@0,5 0,953, recall 0,888, dan F1 0,919.",putaran kedua (AI-2),AI-2
2026-10-01,topik/bukti/mekanisme_C1.txt,91,sumber_kode,,abstrak,putaran kedua (AI-2),AI-2
2026-10-01,topik/bukti/mekanisme_C1.txt,91,referensi_hitung,,anotasi,putaran kedua (AI-2),AI-2
2026-10-01,topik/bukti/mekanisme_C1.txt,91,tingkat_metrik,,hitung;deteksi,putaran kedua (AI-2),AI-2
2026-10-01,topik/bukti/mekanisme_C1.txt,91,berubah,,tidak,putaran kedua (AI-2),AI-2
2026-10-01,topik/bukti/mekanisme_C1.txt,108,hasil_ringkas,terung; DeepSORT + zona hitung untuk menekan hitung ganda,"YOLOv5s yang diperbaiki mencapai mAP@0,5 99,2%; pencacahan DeepSORT dengan zona hitung pada tiga video uji menghasilkan 50/60, 56/68, dan 55/58 buah (akurasi 83,3%, 82,4%, 94,8%), sedangkan pada sepuluh video akurasi rerata 86,82% dengan R2 0,9677.",putaran kedua (AI-2),AI-2
2026-10-01,topik/bukti/mekanisme_C1.txt,108,sumber_kode,,teks lengkap,putaran kedua (AI-2),AI-2
2026-10-01,topik/bukti/mekanisme_C1.txt,108,halaman,,"Tabel 4, h. 17",putaran kedua (AI-2),AI-2
2026-10-01,topik/bukti/mekanisme_C1.txt,108,referensi_hitung,,anotasi,putaran kedua (AI-2),AI-2
2026-10-01,topik/bukti/mekanisme_C1.txt,108,tingkat_metrik,,hitung;deteksi,putaran kedua (AI-2),AI-2
2026-10-01,topik/bukti/mekanisme_C1.txt,108,berubah,,tidak,putaran kedua (AI-2),AI-2
2026-10-01,topik/bukti/mekanisme_C1.txt,116,per_kelas,Y,N,"Putaran kedua benar pada per_kelas. Teks lengkap menunjukkan bahwa kematangan diklasifikasi per objek dengan MobileViT dan dievaluasi sebagai akurasi klasifikasi, sedangkan Tabel 4 dan Tabel 5 (halaman 9) hanya memuat hitungan total per video dan per pohon tanpa rincian per kelas. Mekanisme M3+M4 dan akuisisi V dari putaran pertama terkonfirmasi.",AI-2
2026-10-01,topik/bukti/mekanisme_C1.txt,116,hasil_ringkas,"jeruk kamera genggam; ByteTrack + proyeksi 3D + klaster; akurasi kematangan 97,8% (2 kelas)","Hitungan prediksi 303 dari 358 jeruk (84,6%) pada Video 1 dan 441 dari 589 (74,8%) pada Video 2; hitungan per pohon berkisar 58,8% sampai 90,2%. YOLOv8 nano pada citra berubin mencapai presisi 78,2%, recall 69,7%, dan mAP50 76% pada set uji.",putaran kedua (AI-2),AI-2
2026-10-01,topik/bukti/mekanisme_C1.txt,116,sumber_kode,,teks lengkap,putaran kedua (AI-2),AI-2
2026-10-01,topik/bukti/mekanisme_C1.txt,116,halaman,,9,putaran kedua (AI-2),AI-2
2026-10-01,topik/bukti/mekanisme_C1.txt,116,referensi_hitung,,anotasi,putaran kedua (AI-2),AI-2
2026-10-01,topik/bukti/mekanisme_C1.txt,116,tingkat_metrik,,hitung;deteksi,putaran kedua (AI-2),AI-2
2026-10-01,topik/bukti/mekanisme_C1.txt,116,berubah,,ya (lama: per_kelas=Y),putaran kedua (AI-2),AI-2
2026-10-01,topik/bukti/mekanisme_C1.txt,118,sumber_kode,,abstrak,putaran kedua (AI-2),AI-2
2026-10-01,topik/bukti/mekanisme_C1.txt,118,referensi_hitung,,pohon;panen,putaran kedua (AI-2),AI-2
2026-10-01,topik/bukti/mekanisme_C1.txt,118,tingkat_metrik,,hitung;deteksi,putaran kedua (AI-2),AI-2
2026-10-01,topik/bukti/mekanisme_C1.txt,118,berubah,,tidak,putaran kedua (AI-2),AI-2
2026-10-01,topik/bukti/mekanisme_C1.txt,119,mekanisme,M3,M2+M3,"Putaran kedua benar pada mekanisme. Putaran pertama hanya membaca abstrak yang menyebut BoT-SORT, sedangkan teks lengkap pada bagian metode menyatakan bahwa pencocokan deteksi dengan lintasan memakai fitur penampilan dari penyandi ResNeSt50 beserta jarak IoU, sehingga konvensi BoT-SORT dengan modul re-ID (M2+M3) berlaku. Keyakinan sedang karena tabel parameter pelacak tidak menyebut pengaktifan re-ID.",AI-2
2026-10-01,topik/bukti/mekanisme_C1.txt,119,hasil_ringkas,"paprika inframerah; BoT-SORT; MOTA 0,85; 67 dari 70 buah terhitung","Pada video inframerah satu lajur rumah kaca, pelacak menghitung 67 dari 70 paprika dengan MOTA 0,85 dan 1 pertukaran ID; aliran RGB hanya menghitung 25 dari 70 (MOTA 0,34). F1 deteksi YOLO11m pada set uji inframerah 0,82.",putaran kedua (AI-2),AI-2
2026-10-01,topik/bukti/mekanisme_C1.txt,119,sumber_kode,,teks lengkap,putaran kedua (AI-2),AI-2
2026-10-01,topik/bukti/mekanisme_C1.txt,119,halaman,,"Tabel 6, h. 14",putaran kedua (AI-2),AI-2
2026-10-01,topik/bukti/mekanisme_C1.txt,119,referensi_hitung,,anotasi,putaran kedua (AI-2),AI-2
2026-10-01,topik/bukti/mekanisme_C1.txt,119,tingkat_metrik,,hitung;identitas;deteksi,putaran kedua (AI-2),AI-2
2026-10-01,topik/bukti/mekanisme_C1.txt,119,berubah,,ya (lama: mekanisme=M3),putaran kedua (AI-2),AI-2
2026-10-01,topik/bukti/mekanisme_C1.txt,120,sumber_kode,,abstrak,putaran kedua (AI-2),AI-2
2026-10-01,topik/bukti/mekanisme_C1.txt,120,referensi_hitung,,anotasi,putaran kedua (AI-2),AI-2
2026-10-01,topik/bukti/mekanisme_C1.txt,120,tingkat_metrik,,hitung;identitas;deteksi,putaran kedua (AI-2),AI-2
2026-10-01,topik/bukti/mekanisme_C1.txt,120,berubah,,tidak,putaran kedua (AI-2),AI-2
2026-10-01,topik/bukti/mekanisme_C1.txt,123,sumber_kode,,abstrak,putaran kedua (AI-2),AI-2
2026-10-01,topik/bukti/mekanisme_C1.txt,123,referensi_hitung,,anotasi,putaran kedua (AI-2),AI-2
2026-10-01,topik/bukti/mekanisme_C1.txt,123,tingkat_metrik,,hitung;deteksi,putaran kedua (AI-2),AI-2
2026-10-01,topik/bukti/mekanisme_C1.txt,123,berubah,,tidak,putaran kedua (AI-2),AI-2
2026-10-01,topik/penyaringan/abstrak_00.txt,125,kode,X,C1,"Putaran kedua benar pada grup. Teks lengkap di PMC menyatakan stroberi matang diberi ID, dilacak, dan dihitung dengan garis hitung pada video dari UAV yang bergerak, lalu dibandingkan dengan hitungan acuan (45 dari 47, 46 dari 49, 44 dari 49). Hal itu memenuhi C1 dengan pelacakan temporal, sedangkan E5 putaran pertama hanya bersandar pada abstrak.",AI-2
2026-10-01,topik/penyaringan/abstrak_00.txt,125,alasan,E5,,"Putaran kedua benar pada grup. Teks lengkap di PMC menyatakan stroberi matang diberi ID, dilacak, dan dihitung dengan garis hitung pada video dari UAV yang bergerak, lalu dibandingkan dengan hitungan acuan (45 dari 47, 46 dari 49, 44 dari 49). Hal itu memenuhi C1 dengan pelacakan temporal, sedangkan E5 putaran pertama hanya bersandar pada abstrak.",AI-2
2026-10-01,topik/bukti/mekanisme_C1.txt,125,mekanisme,,M3,"Putaran kedua benar pada grup. Teks lengkap di PMC menyatakan stroberi matang diberi ID, dilacak, dan dihitung dengan garis hitung pada video dari UAV yang bergerak, lalu dibandingkan dengan hitungan acuan (45 dari 47, 46 dari 49, 44 dari 49). Hal itu memenuhi C1 dengan pelacakan temporal, sedangkan E5 putaran pertama hanya bersandar pada abstrak.",AI-2
2026-10-01,topik/bukti/mekanisme_C1.txt,125,akuisisi,,V,"Putaran kedua benar pada grup. Teks lengkap di PMC menyatakan stroberi matang diberi ID, dilacak, dan dihitung dengan garis hitung pada video dari UAV yang bergerak, lalu dibandingkan dengan hitungan acuan (45 dari 47, 46 dari 49, 44 dari 49). Hal itu memenuhi C1 dengan pelacakan temporal, sedangkan E5 putaran pertama hanya bersandar pada abstrak.",AI-2
2026-10-01,topik/bukti/mekanisme_C1.txt,125,per_kelas,,N,"Putaran kedua benar pada grup. Teks lengkap di PMC menyatakan stroberi matang diberi ID, dilacak, dan dihitung dengan garis hitung pada video dari UAV yang bergerak, lalu dibandingkan dengan hitungan acuan (45 dari 47, 46 dari 49, 44 dari 49). Hal itu memenuhi C1 dengan pelacakan temporal, sedangkan E5 putaran pertama hanya bersandar pada abstrak.",AI-2
2026-10-01,topik/bukti/mekanisme_C1.txt,125,hasil_ringkas,,"Hitungan stroberi matang dengan garis hitung pada video UAV di rumah kaca: 45 dari 47 (95,7%), 46 dari 49 (93,8%), dan 44 dari 49 (89,7%) pada tiga waktu uji.",putaran kedua (AI-2),AI-2
2026-10-01,topik/bukti/mekanisme_C1.txt,125,sumber_kode,,teks lengkap,putaran kedua (AI-2),AI-2
2026-10-01,topik/bukti/mekanisme_C1.txt,125,referensi_hitung,,pohon,putaran kedua (AI-2),AI-2
2026-10-01,topik/bukti/mekanisme_C1.txt,125,tingkat_metrik,,hitung;deteksi,putaran kedua (AI-2),AI-2
2026-10-01,topik/bukti/mekanisme_C1.txt,125,berubah,,tidak,putaran kedua (AI-2),AI-2
2026-10-01,topik/bukti/mekanisme_C1.txt,137,sumber_kode,,judul,putaran kedua (AI-2),AI-2
2026-10-01,topik/bukti/mekanisme_C1.txt,137,referensi_hitung,,tidak ada,putaran kedua (AI-2),AI-2
2026-10-01,topik/bukti/mekanisme_C1.txt,137,tingkat_metrik,,hitung,putaran kedua (AI-2),AI-2
2026-10-01,topik/bukti/mekanisme_C1.txt,137,berubah,,tidak,putaran kedua (AI-2),AI-2
2026-10-01,topik/bukti/mekanisme_C1.txt,142,hasil_ringkas,"stroberi; ByteTrack sadar kelas; R2 0,914, MAPE 9,52%; R2 0,950 untuk kelas matang","YOLOv8s yang dioptimalkan (mAP@0,5 92,5%) dengan ByteTrack dan ROI penghitung pada 20 video rumah kaca menghasilkan R2 0,914, MAE 8,55 buah, dan MAPE 9,52% terhadap hitungan manual; per kelas R2 0,950 (matang), 0,752 (setengah matang), dan 0,910 (mentah).",putaran kedua (AI-2),AI-2
2026-10-01,topik/bukti/mekanisme_C1.txt,142,sumber_kode,,teks lengkap,putaran kedua (AI-2),AI-2
2026-10-01,topik/bukti/mekanisme_C1.txt,142,halaman,,"Tabel 10, h. 22",putaran kedua (AI-2),AI-2
2026-10-01,topik/bukti/mekanisme_C1.txt,142,referensi_hitung,,pohon,putaran kedua (AI-2),AI-2
2026-10-01,topik/bukti/mekanisme_C1.txt,142,tingkat_metrik,,hitung;deteksi,putaran kedua (AI-2),AI-2
2026-10-01,topik/bukti/mekanisme_C1.txt,142,cara_kelas,,saat pelacakan,putaran kedua (AI-2),AI-2
2026-10-01,topik/bukti/mekanisme_C1.txt,142,berubah,,tidak,putaran kedua (AI-2),AI-2
2026-10-01,topik/penyaringan/abstrak_00.txt,146,kode,X,C1,"Putaran kedua benar pada grup: abstrak menyatakan jumlah buah tomat diestimasi dengan pencocokan bola pada peta awan titik semantik hasil RGB-D SLAM dan melaporkan galat hitung 14,36%, sehingga kajian ini bukan fenotipe tanaman tanpa buah (E1). Buah dihitung pada peta gabungan dari banyak bingkai, sehingga kode C1 dengan mekanisme M4 dan akuisisi V didukung bukti.",AI-2
2026-10-01,topik/penyaringan/abstrak_00.txt,146,alasan,E1,,"Putaran kedua benar pada grup: abstrak menyatakan jumlah buah tomat diestimasi dengan pencocokan bola pada peta awan titik semantik hasil RGB-D SLAM dan melaporkan galat hitung 14,36%, sehingga kajian ini bukan fenotipe tanaman tanpa buah (E1). Buah dihitung pada peta gabungan dari banyak bingkai, sehingga kode C1 dengan mekanisme M4 dan akuisisi V didukung bukti.",AI-2
2026-10-01,topik/bukti/mekanisme_C1.txt,146,mekanisme,,M4,"Putaran kedua benar pada grup: abstrak menyatakan jumlah buah tomat diestimasi dengan pencocokan bola pada peta awan titik semantik hasil RGB-D SLAM dan melaporkan galat hitung 14,36%, sehingga kajian ini bukan fenotipe tanaman tanpa buah (E1). Buah dihitung pada peta gabungan dari banyak bingkai, sehingga kode C1 dengan mekanisme M4 dan akuisisi V didukung bukti.",AI-2
2026-10-01,topik/bukti/mekanisme_C1.txt,146,akuisisi,,V,"Putaran kedua benar pada grup: abstrak menyatakan jumlah buah tomat diestimasi dengan pencocokan bola pada peta awan titik semantik hasil RGB-D SLAM dan melaporkan galat hitung 14,36%, sehingga kajian ini bukan fenotipe tanaman tanpa buah (E1). Buah dihitung pada peta gabungan dari banyak bingkai, sehingga kode C1 dengan mekanisme M4 dan akuisisi V didukung bukti.",AI-2
2026-10-01,topik/bukti/mekanisme_C1.txt,146,per_kelas,,N,"Putaran kedua benar pada grup: abstrak menyatakan jumlah buah tomat diestimasi dengan pencocokan bola pada peta awan titik semantik hasil RGB-D SLAM dan melaporkan galat hitung 14,36%, sehingga kajian ini bukan fenotipe tanaman tanpa buah (E1). Buah dihitung pada peta gabungan dari banyak bingkai, sehingga kode C1 dengan mekanisme M4 dan akuisisi V didukung bukti.",AI-2
2026-10-01,topik/bukti/mekanisme_C1.txt,146,hasil_ringkas,,"Sistem rekonstruksi semantik 3D berbasis ORB-SLAM3 dengan BiSeNetV2 (mIoU 95,37%) pada kendaraan tanpa awak menghasilkan galat relatif jumlah buah tomat 14,36% dan volume buah 14,25%.",putaran kedua (AI-2),AI-2
2026-10-01,topik/bukti/mekanisme_C1.txt,146,sumber_kode,,abstrak,putaran kedua (AI-2),AI-2
2026-10-01,topik/bukti/mekanisme_C1.txt,146,referensi_hitung,,pohon,putaran kedua (AI-2),AI-2
2026-10-01,topik/bukti/mekanisme_C1.txt,146,tingkat_metrik,,hitung,putaran kedua (AI-2),AI-2
2026-10-01,topik/bukti/mekanisme_C1.txt,146,berubah,,tidak,putaran kedua (AI-2),AI-2
2026-10-01,topik/penyaringan/abstrak_T00.txt,147,dasar_keputusan,judul,abstrak (web),putaran kedua menemukan abstrak atau teks; baris tidak dipindah,AI-2
2026-10-01,topik/bukti/mekanisme_C1.txt,152,hasil_ringkas,tomat per tahap kematangan; wilayah hitung dioptimasi PSO,"Metode region tracking-counting (ByteTrack dan wilayah hitung selebar 876 piksel hasil PSO) mencapai MCE 6,6% untuk semua buah pada 9 video uji, dibandingkan 11,6% (ByteTrack) dan 8,7% (garis hitung); MCE per kelas: matang 12,3%, setengah matang 16,9%, mentah 17,3%.",putaran kedua (AI-2),AI-2
2026-10-01,topik/bukti/mekanisme_C1.txt,152,sumber_kode,,teks lengkap,putaran kedua (AI-2),AI-2
2026-10-01,topik/bukti/mekanisme_C1.txt,152,halaman,,"Tabel 5, h. 17",putaran kedua (AI-2),AI-2
2026-10-01,topik/bukti/mekanisme_C1.txt,152,referensi_hitung,,anotasi,putaran kedua (AI-2),AI-2
2026-10-01,topik/bukti/mekanisme_C1.txt,152,tingkat_metrik,,hitung;deteksi,putaran kedua (AI-2),AI-2
2026-10-01,topik/bukti/mekanisme_C1.txt,152,cara_kelas,,saat pelacakan,putaran kedua (AI-2),AI-2
2026-10-01,topik/bukti/mekanisme_C1.txt,152,berubah,,tidak,putaran kedua (AI-2),AI-2
2026-10-01,topik/bukti/mekanisme_C1.txt,153,hasil_ringkas,Kalman dinamis + IoU + fitur re-ID,"Pelacak Kalman dinamis dengan asosiasi IoU dan Re-ID mencapai MOTA 95,0% dan HOTA 82,4% pada video apel 250 bingkai; pencacahan mencapai R2 0,85 dan RMSE 1,57, sedangkan YOLOv8 + BoTSORT mencapai R2 0,72 dan RMSE 2,13.",putaran kedua (AI-2),AI-2
2026-10-01,topik/bukti/mekanisme_C1.txt,153,sumber_kode,,teks lengkap,putaran kedua (AI-2),AI-2
2026-10-01,topik/bukti/mekanisme_C1.txt,153,halaman,,"Tabel 3, h. 16",putaran kedua (AI-2),AI-2
2026-10-01,topik/bukti/mekanisme_C1.txt,153,referensi_hitung,,anotasi,putaran kedua (AI-2),AI-2
2026-10-01,topik/bukti/mekanisme_C1.txt,153,tingkat_metrik,,hitung;identitas;deteksi,putaran kedua (AI-2),AI-2
2026-10-01,topik/bukti/mekanisme_C1.txt,153,berubah,,tidak,putaran kedua (AI-2),AI-2
2026-10-01,topik/penyaringan/abstrak_T00.txt,155,dasar_keputusan,judul,abstrak (web),putaran kedua menemukan abstrak atau teks; baris tidak dipindah,AI-2
2026-10-01,topik/penyaringan/abstrak_T00.txt,158,dasar_keputusan,judul,abstrak (web),putaran kedua menemukan abstrak atau teks; baris tidak dipindah,AI-2
2026-10-01,topik/bukti/mekanisme_C1.txt,158,hasil_ringkas,"mangga; pelacakan sentroid (judul, TLDR)","MangoYOLO5 termodifikasi digabung dengan pelacakan sentroid yang ditingkatkan mencapai mAP 93,6% dan hitungan yang dilaporkan mendekati kebenaran dasar hasil pelabelan manual.",putaran kedua (AI-2),AI-2
2026-10-01,topik/bukti/mekanisme_C1.txt,158,sumber_kode,,abstrak,putaran kedua (AI-2),AI-2
2026-10-01,topik/bukti/mekanisme_C1.txt,158,referensi_hitung,,anotasi,putaran kedua (AI-2),AI-2
2026-10-01,topik/bukti/mekanisme_C1.txt,158,tingkat_metrik,,hitung;deteksi,putaran kedua (AI-2),AI-2
2026-10-01,topik/bukti/mekanisme_C1.txt,158,berubah,,tidak,putaran kedua (AI-2),AI-2
2026-10-01,topik/penyaringan/abstrak_T00.txt,161,dasar_keputusan,judul,abstrak (web),putaran kedua menemukan abstrak atau teks; baris tidak dipindah,AI-2
2026-10-01,topik/bukti/mekanisme_C1.txt,161,hasil_ringkas,anggur berkantong; asosiasi ganda (judul),"EMO-YOLOv5s mencapai AP 96,5% pada 77 fps; pelacakan asosiasi ganda mencapai HOTA 58,6%, MOTA 64,7%, dan IDF1 80,0%; presisi hitung rata-rata 93,1% dengan MAE 1,3%.",putaran kedua (AI-2),AI-2
2026-10-01,topik/bukti/mekanisme_C1.txt,161,sumber_kode,,abstrak,putaran kedua (AI-2),AI-2
2026-10-01,topik/bukti/mekanisme_C1.txt,161,referensi_hitung,,anotasi,putaran kedua (AI-2),AI-2
2026-10-01,topik/bukti/mekanisme_C1.txt,161,tingkat_metrik,,hitung;identitas;deteksi,putaran kedua (AI-2),AI-2
2026-10-01,topik/bukti/mekanisme_C1.txt,161,berubah,,tidak,putaran kedua (AI-2),AI-2
2026-10-01,topik/bukti/mekanisme_C1.txt,167,hasil_ringkas,"tomat rumah kaca, robot; penyaringan depth + prediksi antarbingkai + odometri; MOTA 0,954, lebih baik dari YOLOv8+DeepSORT","MOTA pelacakan tandan tomat 0,954-0,980 (YOLOv8 + DeepSORT 0,524-0,600) dan akurasi hitung tandan rata-rata 97,30%; akurasi hitung buah matang 92,03-93,22% dan buah mentah 89,74-92,55% terhadap hitung manual pada tiga bedengan.",putaran kedua (AI-2),AI-2
2026-10-01,topik/bukti/mekanisme_C1.txt,167,sumber_kode,,teks lengkap,putaran kedua (AI-2),AI-2
2026-10-01,topik/bukti/mekanisme_C1.txt,167,halaman,,"Tabel 4, h. 14; Tabel 6, h. 17",putaran kedua (AI-2),AI-2
2026-10-01,topik/bukti/mekanisme_C1.txt,167,referensi_hitung,,pohon,putaran kedua (AI-2),AI-2
2026-10-01,topik/bukti/mekanisme_C1.txt,167,tingkat_metrik,,hitung;identitas,putaran kedua (AI-2),AI-2
2026-10-01,topik/bukti/mekanisme_C1.txt,167,cara_kelas,,saat pelacakan,putaran kedua (AI-2),AI-2
2026-10-01,topik/bukti/mekanisme_C1.txt,167,berubah,,tidak,putaran kedua (AI-2),AI-2
2026-10-01,topik/bukti/mekanisme_C1.txt,168,hasil_ringkas,"pisang, RGB-D; DeepSORT dengan tiga kendala; keberhasilan hitung tandan 96,82%","Pencacahan tandan pisang dengan YOLO-Banana dan DeepSORT pada video RGB-D mencapai rerata akurasi 96,82% per baris (6 baris, 61 tandan); estimasi bobot total 1.195,69 kg terhadap 1.163,69 kg aktual (akurasi 97,25%, RMSE 12,81 kg).",putaran kedua (AI-2),AI-2
2026-10-01,topik/bukti/mekanisme_C1.txt,168,sumber_kode,,teks lengkap,putaran kedua (AI-2),AI-2
2026-10-01,topik/bukti/mekanisme_C1.txt,168,halaman,,"Gambar 8 dan Tabel 1, h. 11",putaran kedua (AI-2),AI-2
2026-10-01,topik/bukti/mekanisme_C1.txt,168,referensi_hitung,,pohon;panen,putaran kedua (AI-2),AI-2
2026-10-01,topik/bukti/mekanisme_C1.txt,168,tingkat_metrik,,hitung,putaran kedua (AI-2),AI-2
2026-10-01,topik/bukti/mekanisme_C1.txt,168,berubah,,tidak,putaran kedua (AI-2),AI-2
2026-10-01,topik/penyaringan/abstrak_T00.txt,170,dasar_keputusan,judul,abstrak (web),putaran kedua menemukan abstrak atau teks; baris tidak dipindah,AI-2
2026-10-01,topik/bukti/mekanisme_C1.txt,170,hasil_ringkas,anggur berkantong; Kalman adaptif (judul),"Akurasi hitung rata-rata 80,0%; HOTA, MOTA, dan IDF1 naik masing-masing 4,3, 2,2, dan 2,5 poin persentase; parameter YOLOv9s berkurang 29,6% dengan kecepatan 70 frame/s.",putaran kedua (AI-2),AI-2
2026-10-01,topik/bukti/mekanisme_C1.txt,170,sumber_kode,,abstrak,putaran kedua (AI-2),AI-2
2026-10-01,topik/bukti/mekanisme_C1.txt,170,referensi_hitung,,anotasi,putaran kedua (AI-2),AI-2
2026-10-01,topik/bukti/mekanisme_C1.txt,170,tingkat_metrik,,hitung;identitas;deteksi,putaran kedua (AI-2),AI-2
2026-10-01,topik/bukti/mekanisme_C1.txt,170,berubah,,tidak,putaran kedua (AI-2),AI-2
2026-10-01,topik/bukti/mekanisme_C1.txt,175,hasil_ringkas,"apel; DeepSORT + garis wilayah; akurasi estimasi hasil 84,45%","APYOLO (YOLOv11 yang diperbaiki) mencapai mAP@0.5 82,0%; DeepSORT dengan ID unik dan garis ROL pada 10 video pohon apel memberi koefisien kecocokan 0,96556 terhadap hitungan manual dan akurasi estimasi sekitar 84,45%; IDF1 DeepSORT 79,682.",putaran kedua (AI-2),AI-2
2026-10-01,topik/bukti/mekanisme_C1.txt,175,sumber_kode,,teks lengkap,putaran kedua (AI-2),AI-2
2026-10-01,topik/bukti/mekanisme_C1.txt,175,halaman,,"Gambar 18-19, h. 20-21",putaran kedua (AI-2),AI-2
2026-10-01,topik/bukti/mekanisme_C1.txt,175,referensi_hitung,,pohon,putaran kedua (AI-2),AI-2
2026-10-01,topik/bukti/mekanisme_C1.txt,175,tingkat_metrik,,hitung;identitas;deteksi,putaran kedua (AI-2),AI-2
2026-10-01,topik/bukti/mekanisme_C1.txt,175,berubah,,tidak,putaran kedua (AI-2),AI-2
2026-10-01,topik/bukti/mekanisme_C1.txt,178,mekanisme,M3,M2+M3,"Putaran kedua benar pada akuisisi: teks lengkap menyatakan kedua metode merekam video MP4 dari UAV yang bergerak sepanjang kanopi dan 5.958 frame dianotasi gaya MOTS, sehingga kodenya V, bukan D. Putaran kedua juga lebih tepat pada mekanisme: PointTrack dilatih sebagai komponen pelacakan berbasis embedding instans (penampakan) pada frame berurutan, sehingga M2+M3; keyakinan sedang karena makalah tidak menguraikan langkah asosiasinya.",AI-2
2026-10-01,topik/bukti/mekanisme_C1.txt,178,akuisisi,D,V,"Putaran kedua benar pada akuisisi: teks lengkap menyatakan kedua metode merekam video MP4 dari UAV yang bergerak sepanjang kanopi dan 5.958 frame dianotasi gaya MOTS, sehingga kodenya V, bukan D. Putaran kedua juga lebih tepat pada mekanisme: PointTrack dilatih sebagai komponen pelacakan berbasis embedding instans (penampakan) pada frame berurutan, sehingga M2+M3; keyakinan sedang karena makalah tidak menguraikan langkah asosiasinya.",AI-2
2026-10-01,topik/bukti/mekanisme_C1.txt,178,hasil_ringkas,anggur tanpa perompesan daun; multipandang vs satu pandang; rasio jejak terlacak/GT 74% vs 23%; buram gerak pada multipandang,"Rasio tandan anggur terlacak terhadap anotasi 27-74 % pada akuisisi multipandang dan 13-23 % pada pandangan tunggal. Korelasi dimensi tandan terhadap ukuran acuan naik dari R2 0,39 (RMSE 28,05) menjadi R2 0,53 (RMSE 19,13).",putaran kedua (AI-2),AI-2
2026-10-01,topik/bukti/mekanisme_C1.txt,178,sumber_kode,,teks lengkap,putaran kedua (AI-2),AI-2
2026-10-01,topik/bukti/mekanisme_C1.txt,178,halaman,,h. 3 (PointTrack); h. 5 (hasil),putaran kedua (AI-2),AI-2
2026-10-01,topik/bukti/mekanisme_C1.txt,178,referensi_hitung,,anotasi,putaran kedua (AI-2),AI-2
2026-10-01,topik/bukti/mekanisme_C1.txt,178,tingkat_metrik,,hitung;identitas,putaran kedua (AI-2),AI-2
2026-10-01,topik/bukti/mekanisme_C1.txt,178,berubah,,ya (lama: mekanisme=M3; akuisisi=D),putaran kedua (AI-2),AI-2
2026-10-01,topik/bukti/mekanisme_C1.txt,180,sumber_kode,,abstrak,putaran kedua (AI-2),AI-2
2026-10-01,topik/bukti/mekanisme_C1.txt,180,referensi_hitung,,pohon,putaran kedua (AI-2),AI-2
2026-10-01,topik/bukti/mekanisme_C1.txt,180,tingkat_metrik,,hitung,putaran kedua (AI-2),AI-2
2026-10-01,topik/bukti/mekanisme_C1.txt,180,berubah,,tidak,putaran kedua (AI-2),AI-2
2026-10-01,topik/bukti/mekanisme_C1.txt,183,hasil_ringkas,apel dari drone; DeepSORT,"Pada lima video, YOLOv7-Tiny-PDE+DeepSort mencapai MOTA 91,3%, IDF1 0,91, dan IDSW 5,7 (dasar: 89,3%; 0,82; 12,3). Galat relatif hitung rata-rata 0,127 untuk model perbaikan dan 0,089 untuk model dasar; mAP@0.5 deteksi 97,90%.",putaran kedua (AI-2),AI-2
2026-10-01,topik/bukti/mekanisme_C1.txt,183,sumber_kode,,teks lengkap,putaran kedua (AI-2),AI-2
2026-10-01,topik/bukti/mekanisme_C1.txt,183,halaman,,"Tabel 7 dan Tabel 8, h. 22",putaran kedua (AI-2),AI-2
2026-10-01,topik/bukti/mekanisme_C1.txt,183,referensi_hitung,,anotasi,putaran kedua (AI-2),AI-2
2026-10-01,topik/bukti/mekanisme_C1.txt,183,tingkat_metrik,,hitung;identitas;deteksi,putaran kedua (AI-2),AI-2
2026-10-01,topik/bukti/mekanisme_C1.txt,183,berubah,,tidak,putaran kedua (AI-2),AI-2
2026-10-01,topik/penyaringan/abstrak_T00.txt,188,dasar_keputusan,judul,abstrak (web),putaran kedua menemukan abstrak atau teks; baris tidak dipindah,AI-2
2026-10-01,topik/bukti/mekanisme_C1.txt,188,hasil_ringkas,markisa; OC-SORT + metode hitung CRCM (judul),"YOLOv8n mencapai mAP@0.5 86,3% dengan ukuran model 6,2 MB; pelacak OC-SORT mencapai HOTA 67,10%, melampaui BoT-SORT, ByteTrack, dan StrongSORT; penghitungan memakai metode wilayah tengah (CRCM) pada 24 video berdurasi 1 menit.",putaran kedua (AI-2),AI-2
2026-10-01,topik/bukti/mekanisme_C1.txt,188,sumber_kode,,abstrak,putaran kedua (AI-2),AI-2
2026-10-01,topik/bukti/mekanisme_C1.txt,188,referensi_hitung,,anotasi,putaran kedua (AI-2),AI-2
2026-10-01,topik/bukti/mekanisme_C1.txt,188,tingkat_metrik,,hitung;identitas;deteksi,putaran kedua (AI-2),AI-2
2026-10-01,topik/bukti/mekanisme_C1.txt,188,berubah,,tidak,putaran kedua (AI-2),AI-2
2026-10-01,topik/bukti/mekanisme_C1.txt,189,hasil_ringkas,jeruk; regresi jumlah dari segmen video; banyak bingkai lebih baik secara statistik dari satu bingkai; set data publik,"Hitung jeruk tampak per pohon diperoleh dengan meringkas estimasi regresi per bingkai (rerata atau median) atas segmen video 3, 7 dan 11 bingkai; MedAE turun dari 2,79-3,20 (1 bingkai) menjadi 2,31-2,51 (11 bingkai, tingkat pohon), dengan penurunan 22% (EfficientNetB0) dan 25% (FPN-map).",putaran kedua (AI-2),AI-2
2026-10-01,topik/bukti/mekanisme_C1.txt,189,sumber_kode,,teks lengkap,putaran kedua (AI-2),AI-2
2026-10-01,topik/bukti/mekanisme_C1.txt,189,halaman,,"Persamaan 2, h. 7; Tabel 4, h. 11",putaran kedua (AI-2),AI-2
2026-10-01,topik/bukti/mekanisme_C1.txt,189,referensi_hitung,,anotasi,putaran kedua (AI-2),AI-2
2026-10-01,topik/bukti/mekanisme_C1.txt,189,tingkat_metrik,,hitung,putaran kedua (AI-2),AI-2
2026-10-01,topik/bukti/mekanisme_C1.txt,189,berubah,,tidak,putaran kedua (AI-2),AI-2
2026-10-01,topik/bukti/mekanisme_C1.txt,195,sumber_kode,,abstrak,putaran kedua (AI-2),AI-2
2026-10-01,topik/bukti/mekanisme_C1.txt,195,referensi_hitung,,anotasi,putaran kedua (AI-2),AI-2
2026-10-01,topik/bukti/mekanisme_C1.txt,195,tingkat_metrik,,identitas,putaran kedua (AI-2),AI-2
2026-10-01,topik/bukti/mekanisme_C1.txt,195,berubah,,tidak,putaran kedua (AI-2),AI-2
2026-10-01,topik/bukti/mekanisme_C1.txt,196,akuisisi,D,V,"Putaran kedua benar pada akuisisi. Abstrak menyebut dua cara pengambilan citra, yaitu deret 10 kamera pada platform robot yang memindai tanaman dan ponsel yang merekam video mengelilingi plot. Keduanya adalah urutan citra dari kamera yang bergerak, bukan beberapa foto diskret dari posisi tetap, sehingga kodenya V.",AI-2
2026-10-01,topik/bukti/mekanisme_C1.txt,196,sumber_kode,,abstrak,putaran kedua (AI-2),AI-2
2026-10-01,topik/bukti/mekanisme_C1.txt,196,referensi_hitung,,pohon;panen,putaran kedua (AI-2),AI-2
2026-10-01,topik/bukti/mekanisme_C1.txt,196,tingkat_metrik,,hitung;deteksi,putaran kedua (AI-2),AI-2
2026-10-01,topik/bukti/mekanisme_C1.txt,196,berubah,,ya (lama: akuisisi=D),putaran kedua (AI-2),AI-2
2026-10-01,topik/bukti/mekanisme_C1.txt,197,sumber_kode,,abstrak,putaran kedua (AI-2),AI-2
2026-10-01,topik/bukti/mekanisme_C1.txt,197,referensi_hitung,,pohon,putaran kedua (AI-2),AI-2
2026-10-01,topik/bukti/mekanisme_C1.txt,197,tingkat_metrik,,hitung,putaran kedua (AI-2),AI-2
2026-10-01,topik/bukti/mekanisme_C1.txt,197,berubah,,tidak,putaran kedua (AI-2),AI-2
2026-10-01,topik/bukti/mekanisme_C1.txt,202,sumber_kode,,abstrak,putaran kedua (AI-2),AI-2
2026-10-01,topik/bukti/mekanisme_C1.txt,202,referensi_hitung,,tidak ada,putaran kedua (AI-2),AI-2
2026-10-01,topik/bukti/mekanisme_C1.txt,202,tingkat_metrik,,deteksi,putaran kedua (AI-2),AI-2
2026-10-01,topik/bukti/mekanisme_C1.txt,202,cara_kelas,,tidak dinyatakan,putaran kedua (AI-2),AI-2
2026-10-01,topik/bukti/mekanisme_C1.txt,202,berubah,,tidak,putaran kedua (AI-2),AI-2
2026-10-01,topik/bukti/mekanisme_C1.txt,203,sumber_kode,,abstrak,putaran kedua (AI-2),AI-2
2026-10-01,topik/bukti/mekanisme_C1.txt,203,referensi_hitung,,pohon,putaran kedua (AI-2),AI-2
2026-10-01,topik/bukti/mekanisme_C1.txt,203,tingkat_metrik,,hitung;identitas;deteksi,putaran kedua (AI-2),AI-2
2026-10-01,topik/bukti/mekanisme_C1.txt,203,berubah,,tidak,putaran kedua (AI-2),AI-2
2026-10-01,topik/bukti/mekanisme_C1.txt,204,sumber_kode,,abstrak,putaran kedua (AI-2),AI-2
2026-10-01,topik/bukti/mekanisme_C1.txt,204,referensi_hitung,,tidak ada,putaran kedua (AI-2),AI-2
2026-10-01,topik/bukti/mekanisme_C1.txt,204,tingkat_metrik,,identitas;deteksi,putaran kedua (AI-2),AI-2
2026-10-01,topik/bukti/mekanisme_C1.txt,204,cara_kelas,,saat pelacakan,putaran kedua (AI-2),AI-2
2026-10-01,topik/bukti/mekanisme_C1.txt,204,berubah,,tidak,putaran kedua (AI-2),AI-2
2026-10-01,topik/bukti/mekanisme_C1.txt,207,sumber_kode,,abstrak,putaran kedua (AI-2),AI-2
2026-10-01,topik/bukti/mekanisme_C1.txt,207,referensi_hitung,,anotasi,putaran kedua (AI-2),AI-2
2026-10-01,topik/bukti/mekanisme_C1.txt,207,tingkat_metrik,,hitung;deteksi,putaran kedua (AI-2),AI-2
2026-10-01,topik/bukti/mekanisme_C1.txt,207,cara_kelas,,tidak dinyatakan,putaran kedua (AI-2),AI-2
2026-10-01,topik/bukti/mekanisme_C1.txt,207,berubah,,tidak,putaran kedua (AI-2),AI-2
2026-10-01,topik/bukti/mekanisme_C1.txt,209,akuisisi,S,V,"Putaran kedua benar pada akuisisi. Masukan mentah adalah ratusan hingga ribuan foto RGB beruntun dari UAV yang terbang sepanjang baris pohon dengan tumpang-tindih 90-96%, lalu direkonstruksi menjadi awan titik; tidak ada pemindai LiDAR atau laser. Kode S pada putaran pertama dibuat dari abstrak yang hanya menyebut awan titik, sedangkan teks lengkap menunjukkan urutan citra dari kamera bergerak (V).",AI-2
2026-10-01,topik/bukti/mekanisme_C1.txt,209,hasil_ringkas,"apel; awan titik fotogrametri UAV; R2 0,40–0,53 terhadap massa per blok","Jumlah apel per blok dari awan titik fotogrametri UAV mencapai R2 sekitar 0,41 (ketinggian 7,5 m) serta 0,40 dan 0,53 (10 m); estimasi massa panen per blok mencapai R2 0,56 (7,5 m) dan 0,76 (10 m).",putaran kedua (AI-2),AI-2
2026-10-01,topik/bukti/mekanisme_C1.txt,209,sumber_kode,,teks lengkap,putaran kedua (AI-2),AI-2
2026-10-01,topik/bukti/mekanisme_C1.txt,209,halaman,,"h. 4 (akuisisi), h. 11 (hasil)",putaran kedua (AI-2),AI-2
2026-10-01,topik/bukti/mekanisme_C1.txt,209,referensi_hitung,,panen,putaran kedua (AI-2),AI-2
2026-10-01,topik/bukti/mekanisme_C1.txt,209,tingkat_metrik,,hitung,putaran kedua (AI-2),AI-2
2026-10-01,topik/bukti/mekanisme_C1.txt,209,berubah,,ya (lama: akuisisi=S),putaran kedua (AI-2),AI-2
2026-10-01,topik/penyaringan/abstrak_00.txt,215,alasan,E5,E3,"Putaran kedua benar pada alasan eksklusi. Abstrak menggambarkan sistem inventaris GIS berbasis web dengan kalkulator hasil dan tidak memuat deteksi buah dari citra, sehingga E5 tidak berlaku; E3 (hasil dimodelkan tanpa mendeteksi buah) paling sesuai.",AI-2
2026-10-01,topik/bukti/mekanisme_C1.txt,222,sumber_kode,,abstrak,putaran kedua (AI-2),AI-2
2026-10-01,topik/bukti/mekanisme_C1.txt,222,referensi_hitung,,pohon,putaran kedua (AI-2),AI-2
2026-10-01,topik/bukti/mekanisme_C1.txt,222,tingkat_metrik,,hitung,putaran kedua (AI-2),AI-2
2026-10-01,topik/bukti/mekanisme_C1.txt,222,berubah,,tidak,putaran kedua (AI-2),AI-2
2026-10-01,topik/bukti/mekanisme_C1.txt,223,mekanisme,M4,M4+M5,"Putaran kedua benar pada mekanisme. Teks lengkap menyatakan mask 2D yang tidak konsisten antarpandang diangkat ke 3D melalui embedding instans yang dioptimalkan dengan pembelajaran kontrastif dan berfungsi sebagai pengenal buah, lalu dikelompokkan pada awan titik NeRF. Komponen terlatih yang menetapkan korespondensi itu menambah M5 pada M4.",AI-2
2026-10-01,topik/bukti/mekanisme_C1.txt,223,hasil_ringkas,FruitNeRF++; medan instans dengan embedding kontras; enam buah sintetis + apel nyata,"Pada data sintetis enam jenis buah, rerata F1 pencacahan 0,925 dengan mask acuan, 0,832 dengan mask Grounded-SAM, dan 0,776 dengan mask Detic. Pada set apel Fuji nyata, F1 0,765, di bawah metode khusus-buah Gené-Mola dkk. sebesar 0,881.",putaran kedua (AI-2),AI-2
2026-10-01,topik/bukti/mekanisme_C1.txt,223,sumber_kode,,teks lengkap,putaran kedua (AI-2),AI-2
2026-10-01,topik/bukti/mekanisme_C1.txt,223,halaman,,"Tabel II, h. 6; h. 7 (PDF arXiv)",putaran kedua (AI-2),AI-2
2026-10-01,topik/bukti/mekanisme_C1.txt,223,referensi_hitung,,anotasi,putaran kedua (AI-2),AI-2
2026-10-01,topik/bukti/mekanisme_C1.txt,223,tingkat_metrik,,hitung,putaran kedua (AI-2),AI-2
2026-10-01,topik/bukti/mekanisme_C1.txt,223,berubah,,ya (lama: mekanisme=M4),putaran kedua (AI-2),AI-2
2026-10-01,topik/bukti/mekanisme_C1.txt,227,hasil_ringkas,nanas dari drone laju bingkai rendah; kompensasi gerak kamera ORB; metrik ISP-IDF1 baru,"Pada 10 video drone kebun nanas (validasi silang 5 lipatan), PineSORT pada kamera vertikal dengan pelatihan gabungan mencapai MOTA 0,723, HOTA 0,669, IDF1 0,858, dan 218 IDSW, sedangkan BoTSORT mencapai IDF1 0,811 dan 795 IDSW.",putaran kedua (AI-2),AI-2
2026-10-01,topik/bukti/mekanisme_C1.txt,227,sumber_kode,,teks lengkap,putaran kedua (AI-2),AI-2
2026-10-01,topik/bukti/mekanisme_C1.txt,227,halaman,,"Tabel 2, h. 6",putaran kedua (AI-2),AI-2
2026-10-01,topik/bukti/mekanisme_C1.txt,227,referensi_hitung,,anotasi,putaran kedua (AI-2),AI-2
2026-10-01,topik/bukti/mekanisme_C1.txt,227,tingkat_metrik,,identitas,putaran kedua (AI-2),AI-2
2026-10-01,topik/bukti/mekanisme_C1.txt,227,berubah,,tidak,putaran kedua (AI-2),AI-2
2026-10-01,topik/bukti/mekanisme_C1.txt,228,sumber_kode,,abstrak,putaran kedua (AI-2),AI-2
2026-10-01,topik/bukti/mekanisme_C1.txt,228,referensi_hitung,,pohon,putaran kedua (AI-2),AI-2
2026-10-01,topik/bukti/mekanisme_C1.txt,228,tingkat_metrik,,hitung;deteksi,putaran kedua (AI-2),AI-2
2026-10-01,topik/bukti/mekanisme_C1.txt,228,berubah,,tidak,putaran kedua (AI-2),AI-2
2026-10-01,topik/bukti/mekanisme_C1.txt,230,sumber_kode,,abstrak,putaran kedua (AI-2),AI-2
2026-10-01,topik/bukti/mekanisme_C1.txt,230,referensi_hitung,,anotasi,putaran kedua (AI-2),AI-2
2026-10-01,topik/bukti/mekanisme_C1.txt,230,tingkat_metrik,,hitung;deteksi,putaran kedua (AI-2),AI-2
2026-10-01,topik/bukti/mekanisme_C1.txt,230,berubah,,tidak,putaran kedua (AI-2),AI-2
2026-10-01,topik/bukti/mekanisme_C1.txt,231,sumber_kode,,abstrak,putaran kedua (AI-2),AI-2
2026-10-01,topik/bukti/mekanisme_C1.txt,231,referensi_hitung,,pohon,putaran kedua (AI-2),AI-2
2026-10-01,topik/bukti/mekanisme_C1.txt,231,tingkat_metrik,,hitung;identitas,putaran kedua (AI-2),AI-2
2026-10-01,topik/bukti/mekanisme_C1.txt,231,berubah,,tidak,putaran kedua (AI-2),AI-2
2026-10-01,topik/bukti/mekanisme_C1.txt,232,sumber_kode,,abstrak,putaran kedua (AI-2),AI-2
2026-10-01,topik/bukti/mekanisme_C1.txt,232,referensi_hitung,,anotasi,putaran kedua (AI-2),AI-2
2026-10-01,topik/bukti/mekanisme_C1.txt,232,tingkat_metrik,,hitung,putaran kedua (AI-2),AI-2
2026-10-01,topik/bukti/mekanisme_C1.txt,232,berubah,,tidak,putaran kedua (AI-2),AI-2
2026-10-01,topik/bukti/mekanisme_C1.txt,236,sumber_kode,,abstrak,putaran kedua (AI-2),AI-2
2026-10-01,topik/bukti/mekanisme_C1.txt,236,referensi_hitung,,tidak ada,putaran kedua (AI-2),AI-2
2026-10-01,topik/bukti/mekanisme_C1.txt,236,tingkat_metrik,,deteksi,putaran kedua (AI-2),AI-2
2026-10-01,topik/bukti/mekanisme_C1.txt,236,berubah,,tidak,putaran kedua (AI-2),AI-2
2026-10-01,topik/bukti/mekanisme_C1.txt,240,hasil_ringkas,"blueberry tiga kelas kematangan; ByteTrack; akurasi hitung rata-rata 72,49%","STF-YOLO mencapai mAP50 79,7% (YOLOv8n 76,2%); bersama ByteTrack pada tiga video, akurasi hitung rata-rata 72,49% dengan rincian biru 78,84%, ungu 74,38%, dan hijau 64,24%. OC-SORT memperoleh 72,08% dan StrongSORT 40,31%.",putaran kedua (AI-2),AI-2
2026-10-01,topik/bukti/mekanisme_C1.txt,240,sumber_kode,,teks lengkap,putaran kedua (AI-2),AI-2
2026-10-01,topik/bukti/mekanisme_C1.txt,240,halaman,,"Tabel 4, h. 16",putaran kedua (AI-2),AI-2
2026-10-01,topik/bukti/mekanisme_C1.txt,240,referensi_hitung,,pohon,putaran kedua (AI-2),AI-2
2026-10-01,topik/bukti/mekanisme_C1.txt,240,tingkat_metrik,,hitung;deteksi,putaran kedua (AI-2),AI-2
2026-10-01,topik/bukti/mekanisme_C1.txt,240,cara_kelas,,tidak dinyatakan,putaran kedua (AI-2),AI-2
2026-10-01,topik/bukti/mekanisme_C1.txt,240,berubah,,tidak,putaran kedua (AI-2),AI-2
2026-10-01,topik/bukti/mekanisme_C1.txt,241,sumber_kode,,abstrak,putaran kedua (AI-2),AI-2
2026-10-01,topik/bukti/mekanisme_C1.txt,241,referensi_hitung,,anotasi,putaran kedua (AI-2),AI-2
2026-10-01,topik/bukti/mekanisme_C1.txt,241,tingkat_metrik,,hitung,putaran kedua (AI-2),AI-2
2026-10-01,topik/bukti/mekanisme_C1.txt,241,berubah,,tidak,putaran kedua (AI-2),AI-2
2026-10-01,topik/penyaringan/abstrak_T00.txt,246,dasar_keputusan,judul,abstrak (web),putaran kedua menemukan abstrak atau teks; baris tidak dipindah,AI-2
2026-10-01,topik/bukti/mekanisme_C1.txt,246,hasil_ringkas,apel dengan oklusi berselang (judul),"Sistem deteksi, pelacakan, dan pencacahan apel dengan kamera stereo yang tahan oklusi berselang menghasilkan hitungan apel di kebun dengan galat 15% sampai 57%.",putaran kedua (AI-2),AI-2
2026-10-01,topik/bukti/mekanisme_C1.txt,246,sumber_kode,,abstrak,putaran kedua (AI-2),AI-2
2026-10-01,topik/bukti/mekanisme_C1.txt,246,referensi_hitung,,pohon,putaran kedua (AI-2),AI-2
2026-10-01,topik/bukti/mekanisme_C1.txt,246,tingkat_metrik,,hitung,putaran kedua (AI-2),AI-2
2026-10-01,topik/bukti/mekanisme_C1.txt,246,berubah,,tidak,putaran kedua (AI-2),AI-2
2026-10-01,topik/bukti/mekanisme_C1.txt,247,sumber_kode,,abstrak,putaran kedua (AI-2),AI-2
2026-10-01,topik/bukti/mekanisme_C1.txt,247,referensi_hitung,,tidak ada,putaran kedua (AI-2),AI-2
2026-10-01,topik/bukti/mekanisme_C1.txt,247,tingkat_metrik,,tidak ada,putaran kedua (AI-2),AI-2
2026-10-01,topik/bukti/mekanisme_C1.txt,247,berubah,,tidak,putaran kedua (AI-2),AI-2
2026-10-01,topik/bukti/mekanisme_C1.txt,266,mekanisme,M2+M3,M3,"Putaran kedua benar pada mekanisme. Abstrak menyatakan asosiasi memakai metrik tumpang-tindih dan jarak kotak (Distance-generalized IoU) dengan gerbang serta wilayah hitung, yaitu M3; DeepSort hanya disebut sebagai pembanding, dan tidak ada penyebutan fitur penampilan atau re-ID yang mendukung M2.",AI-2
2026-10-01,topik/bukti/mekanisme_C1.txt,266,sumber_kode,,abstrak,putaran kedua (AI-2),AI-2
2026-10-01,topik/bukti/mekanisme_C1.txt,266,referensi_hitung,,anotasi,putaran kedua (AI-2),AI-2
2026-10-01,topik/bukti/mekanisme_C1.txt,266,tingkat_metrik,,hitung;deteksi,putaran kedua (AI-2),AI-2
2026-10-01,topik/bukti/mekanisme_C1.txt,266,berubah,,ya (lama: mekanisme=M2+M3),putaran kedua (AI-2),AI-2
2026-10-01,topik/bukti/mekanisme_C1.txt,276,mekanisme,M3,M2+M3,"Putaran kedua benar pada mekanisme. README repositori resmi yang dirujuk abstrak menyatakan metode dibangun di atas StrongSORT dan ByteTrack, dan contoh perintahnya memakai StrongSORT dengan bobot re-ID, sehingga menurut konvensi kodenya M2+M3, bukan M3 saja.",AI-2
2026-10-01,topik/bukti/mekanisme_C1.txt,276,sumber_kode,,abstrak,putaran kedua (AI-2),AI-2
2026-10-01,topik/bukti/mekanisme_C1.txt,276,referensi_hitung,,anotasi,putaran kedua (AI-2),AI-2
2026-10-01,topik/bukti/mekanisme_C1.txt,276,tingkat_metrik,,hitung,putaran kedua (AI-2),AI-2
2026-10-01,topik/bukti/mekanisme_C1.txt,276,cara_kelas,,saat pelacakan,putaran kedua (AI-2),AI-2
2026-10-01,topik/bukti/mekanisme_C1.txt,276,berubah,,ya (lama: mekanisme=M3),putaran kedua (AI-2),AI-2
2026-10-01,topik/bukti/mekanisme_C1.txt,278,sumber_kode,,judul,putaran kedua (AI-2),AI-2
2026-10-01,topik/bukti/mekanisme_C1.txt,278,referensi_hitung,,tidak ada,putaran kedua (AI-2),AI-2
2026-10-01,topik/bukti/mekanisme_C1.txt,278,tingkat_metrik,,tidak ada,putaran kedua (AI-2),AI-2
2026-10-01,topik/bukti/mekanisme_C1.txt,278,berubah,,tidak,putaran kedua (AI-2),AI-2
2026-10-01,topik/bukti/mekanisme_C1.txt,284,hasil_ringkas,apel; MR-SORT (BoT-SORT + SURF/VLAD rematching),"AD-YOLO + MR-SORT pada 7 video apel (GT 8.447 buah) menghitung 8.984 buah dengan IDS 538, MOTA 85,6%, galat hitung relatif rata-rata 0,07, dan R2 0,98; mAP detektor 96,4%.",putaran kedua (AI-2),AI-2
2026-10-01,topik/bukti/mekanisme_C1.txt,284,sumber_kode,,teks lengkap,putaran kedua (AI-2),AI-2
2026-10-01,topik/bukti/mekanisme_C1.txt,284,halaman,,"Tabel 10, h. 17",putaran kedua (AI-2),AI-2
2026-10-01,topik/bukti/mekanisme_C1.txt,284,referensi_hitung,,anotasi,putaran kedua (AI-2),AI-2
2026-10-01,topik/bukti/mekanisme_C1.txt,284,tingkat_metrik,,hitung;identitas;deteksi,putaran kedua (AI-2),AI-2
2026-10-01,topik/bukti/mekanisme_C1.txt,284,berubah,,tidak,putaran kedua (AI-2),AI-2
2026-10-01,topik/penyaringan/abstrak_T00.txt,286,dasar_keputusan,judul,abstrak (web),putaran kedua menemukan abstrak atau teks; baris tidak dipindah,AI-2
2026-10-01,topik/bukti/mekanisme_C1.txt,286,mekanisme,M3,M3+M4,"Putaran kedua benar pada mekanisme. Putaran pertama hanya membaca judul, sedangkan parafrasa abstrak menyatakan bahwa posisi global target diestimasi dengan LoFTR dan dipakai untuk mengasosiasikan kembali target yang keluar lalu masuk bidang pandang. Hal itu adalah relokalisasi berbasis posisi di atas pelacak, sehingga kodenya M3+M4 menurut konvensi.",AI-2
2026-10-01,topik/bukti/mekanisme_C1.txt,286,hasil_ringkas,pelacakan dengan vision transformer untuk asosiasi spasial (judul),"Pelacak dengan asosiasi spasial berbasis LoFTR melampaui metode pembanding pada LettuceMOT dengan peningkatan rata-rata hingga 25%; kerangka juga dievaluasi pada AppleMOT, adaptasi AppleMOTS.",putaran kedua (AI-2),AI-2
2026-10-01,topik/bukti/mekanisme_C1.txt,286,sumber_kode,,abstrak,putaran kedua (AI-2),AI-2
2026-10-01,topik/bukti/mekanisme_C1.txt,286,referensi_hitung,,anotasi,putaran kedua (AI-2),AI-2
2026-10-01,topik/bukti/mekanisme_C1.txt,286,tingkat_metrik,,identitas,putaran kedua (AI-2),AI-2
2026-10-01,topik/bukti/mekanisme_C1.txt,286,berubah,,ya (lama: mekanisme=M3),putaran kedua (AI-2),AI-2
2026-10-01,topik/bukti/mekanisme_C1.txt,288,hasil_ringkas,"mangga; delapan sisi pohon; pemilihan bingkai representatif; akurasi hitung 97,7% pohon tunggal","YOLOv7 dengan delapan bingkai sisi pohon menghitung 133 buah terhadap 130 hitungan manual pada satu pohon (akurasi 97,7%); pada 14 pohon akurasi hitung 95,48%. Model empat sisi hanya menghasilkan 60 buah.",putaran kedua (AI-2),AI-2
2026-10-01,topik/bukti/mekanisme_C1.txt,288,sumber_kode,,teks lengkap,putaran kedua (AI-2),AI-2
2026-10-01,topik/bukti/mekanisme_C1.txt,288,halaman,,"Tabel 1, h. 8",putaran kedua (AI-2),AI-2
2026-10-01,topik/bukti/mekanisme_C1.txt,288,referensi_hitung,,pohon,putaran kedua (AI-2),AI-2
2026-10-01,topik/bukti/mekanisme_C1.txt,288,tingkat_metrik,,hitung,putaran kedua (AI-2),AI-2
2026-10-01,topik/bukti/mekanisme_C1.txt,288,berubah,,tidak,putaran kedua (AI-2),AI-2
2026-10-01,topik/penyaringan/abstrak_T00.txt,295,dasar_keputusan,judul,abstrak (web),putaran kedua menemukan abstrak atau teks; baris tidak dipindah,AI-2
2026-10-01,topik/bukti/mekanisme_C1.txt,295,hasil_ringkas,jeruk manis; pelacakan + relokalisasi 3D + regresi hasil jaringan saraf (judul),"Regresor jaringan saraf yang menggabungkan hitungan dari video dengan data pohon mencapai R2 0,85 terhadap hitungan manual di lapangan apabila sedikitnya 30% buah terdeteksi, terlacak, dan terhitung.",putaran kedua (AI-2),AI-2
2026-10-01,topik/bukti/mekanisme_C1.txt,295,sumber_kode,,abstrak,putaran kedua (AI-2),AI-2
2026-10-01,topik/bukti/mekanisme_C1.txt,295,referensi_hitung,,pohon;anotasi,putaran kedua (AI-2),AI-2
2026-10-01,topik/bukti/mekanisme_C1.txt,295,tingkat_metrik,,hitung;identitas,putaran kedua (AI-2),AI-2
2026-10-01,topik/bukti/mekanisme_C1.txt,295,berubah,,tidak,putaran kedua (AI-2),AI-2
2026-10-01,topik/penyaringan/abstrak_T00.txt,296,dasar_keputusan,judul,abstrak (web),putaran kedua menemukan abstrak atau teks; baris tidak dipindah,AI-2
2026-10-01,topik/bukti/mekanisme_C1.txt,296,hasil_ringkas,apel V-trellis; sistem multikamera untuk visibilitas buah bagi robot panen (judul),"Satu kamera tegak lurus kanopi mendeteksi hingga 88,3% buah yang terdeteksi empat kamera; dua kamera hingga 97,5%; tiga kamera 96,0% sampai 99,7%.",putaran kedua (AI-2),AI-2
2026-10-01,topik/bukti/mekanisme_C1.txt,296,sumber_kode,,abstrak,putaran kedua (AI-2),AI-2
2026-10-01,topik/bukti/mekanisme_C1.txt,296,referensi_hitung,,tidak ada,putaran kedua (AI-2),AI-2
2026-10-01,topik/bukti/mekanisme_C1.txt,296,tingkat_metrik,,hitung,putaran kedua (AI-2),AI-2
2026-10-01,topik/bukti/mekanisme_C1.txt,296,berubah,,tidak,putaran kedua (AI-2),AI-2
2026-10-01,topik/penyaringan/abstrak_T00.txt,297,dasar_keputusan,judul,abstrak (web),putaran kedua menemukan abstrak atau teks; baris tidak dipindah,AI-2
2026-10-01,topik/bukti/mekanisme_C1.txt,297,hasil_ringkas,"pitaya; GNSS-stereo-inersia SLAM untuk posisi, hitung, hasil (judul)",Sistem SLAM GNSS-binokular-inersial mengestimasi posisi dan radius buah naga untuk pencacahan tanpa pengulangan dan estimasi hasil rumah kaca; angka hasil tidak tersedia pada sumber web yang terbaca.,putaran kedua (AI-2),AI-2
2026-10-01,topik/bukti/mekanisme_C1.txt,297,sumber_kode,,abstrak,putaran kedua (AI-2),AI-2
2026-10-01,topik/bukti/mekanisme_C1.txt,297,referensi_hitung,,tidak ada,putaran kedua (AI-2),AI-2
2026-10-01,topik/bukti/mekanisme_C1.txt,297,tingkat_metrik,,hitung,putaran kedua (AI-2),AI-2
2026-10-01,topik/bukti/mekanisme_C1.txt,297,berubah,,tidak,putaran kedua (AI-2),AI-2
2026-10-01,topik/bukti/mekanisme_C1.txt,311,hasil_ringkas,GrapeMOTS: video UAV multi-perspektif dengan anotasi MOTS tandan anggur,Dataset berisi 11 video UAV kebun anggur (8 multiperspektif dengan perencanaan jalur ACO dan 3 pandangan frontal) dengan 5.958 frame beranotasi MOTS; ID tandan dipertahankan lintas frame dan lintas perspektif. Tidak ada metode atau hasil pencacahan yang dilaporkan.,putaran kedua (AI-2),AI-2
2026-10-01,topik/bukti/mekanisme_C1.txt,311,sumber_kode,,teks lengkap,putaran kedua (AI-2),AI-2
2026-10-01,topik/bukti/mekanisme_C1.txt,311,halaman,,"Tabel 1, h. 5",putaran kedua (AI-2),AI-2
2026-10-01,topik/bukti/mekanisme_C1.txt,311,referensi_hitung,,tidak ada,putaran kedua (AI-2),AI-2
2026-10-01,topik/bukti/mekanisme_C1.txt,311,tingkat_metrik,,tidak ada,putaran kedua (AI-2),AI-2
2026-10-01,topik/bukti/mekanisme_C1.txt,311,berubah,,tidak,putaran kedua (AI-2),AI-2
2026-10-01,topik/penyaringan/abstrak_T00.txt,312,dasar_keputusan,judul,abstrak (web),putaran kedua menemukan abstrak atau teks; baris tidak dipindah,AI-2
2026-10-01,topik/bukti/mekanisme_C1.txt,312,hasil_ringkas,markisa; DeepSORT termodifikasi (judul),"YOLOv5s-little (mAP 99,5%) dengan DeepSORT yang diperbaiki mencapai HOTA 79,6%, MOTA 92,58%, IDF1 95,02%, dan IDSW 11; rerata akurasi pencacahan 95,1% dan R2 0,96 terhadap hitungan manual.",putaran kedua (AI-2),AI-2
2026-10-01,topik/bukti/mekanisme_C1.txt,312,sumber_kode,,abstrak,putaran kedua (AI-2),AI-2
2026-10-01,topik/bukti/mekanisme_C1.txt,312,referensi_hitung,,anotasi,putaran kedua (AI-2),AI-2
2026-10-01,topik/bukti/mekanisme_C1.txt,312,tingkat_metrik,,hitung;identitas;deteksi,putaran kedua (AI-2),AI-2
2026-10-01,topik/bukti/mekanisme_C1.txt,312,berubah,,tidak,putaran kedua (AI-2),AI-2
2026-10-01,topik/bukti/mekanisme_C1.txt,314,hasil_ringkas,"stroberi; VINS-RGBD semantik + pencocokan L_SuperPoint + Voxblox; galat relatif hasil 10,87%","Pada lima sampel tanaman stroberi (16 sampai 69 buah), jumlah buah dari peta awan titik semantik berbeda rata-rata 10,87% dari jumlah sebenarnya (galat relatif 3,03% sampai 15,94%); mIoU segmentasi 73,2%.",putaran kedua (AI-2),AI-2
2026-10-01,topik/bukti/mekanisme_C1.txt,314,sumber_kode,,teks lengkap,putaran kedua (AI-2),AI-2
2026-10-01,topik/bukti/mekanisme_C1.txt,314,halaman,,"Tabel 5, h. 14",putaran kedua (AI-2),AI-2
2026-10-01,topik/bukti/mekanisme_C1.txt,314,referensi_hitung,,pohon,putaran kedua (AI-2),AI-2
2026-10-01,topik/bukti/mekanisme_C1.txt,314,tingkat_metrik,,hitung,putaran kedua (AI-2),AI-2
2026-10-01,topik/bukti/mekanisme_C1.txt,314,berubah,,tidak,putaran kedua (AI-2),AI-2
2026-10-01,topik/penyaringan/abstrak_T00.txt,319,dasar_keputusan,judul,abstrak (web),putaran kedua menemukan abstrak atau teks; baris tidak dipindah,AI-2
2026-10-01,topik/bukti/mekanisme_C1.txt,319,hasil_ringkas,ceri asam; YOLO-DeepSORT + pelacakan pergantian tangki (judul),"YOLOv8n mencapai mAP50 94% dan mAP50-95 60%, sedangkan YOLOv8x mencapai mAP50 96% dan mAP50-95 67%; waktu inferensi 46,52 ms berbanding 82,88 ms. Abstrak tidak melaporkan galat hitung buah per pohon.",putaran kedua (AI-2),AI-2
2026-10-01,topik/bukti/mekanisme_C1.txt,319,sumber_kode,,abstrak,putaran kedua (AI-2),AI-2
2026-10-01,topik/bukti/mekanisme_C1.txt,319,referensi_hitung,,tidak ada,putaran kedua (AI-2),AI-2
2026-10-01,topik/bukti/mekanisme_C1.txt,319,tingkat_metrik,,deteksi,putaran kedua (AI-2),AI-2
2026-10-01,topik/bukti/mekanisme_C1.txt,319,berubah,,tidak,putaran kedua (AI-2),AI-2
2026-10-01,topik/bukti/mekanisme_C1.txt,322,sumber_kode,,abstrak,putaran kedua (AI-2),AI-2
2026-10-01,topik/bukti/mekanisme_C1.txt,322,referensi_hitung,,tidak ada,putaran kedua (AI-2),AI-2
2026-10-01,topik/bukti/mekanisme_C1.txt,322,tingkat_metrik,,tidak ada,putaran kedua (AI-2),AI-2
2026-10-01,topik/bukti/mekanisme_C1.txt,322,berubah,,tidak,putaran kedua (AI-2),AI-2
2026-10-01,topik/penyaringan/abstrak_T00.txt,324,dasar_keputusan,judul,abstrak (web),putaran kedua menemukan abstrak atau teks; baris tidak dipindah,AI-2
2026-10-01,topik/penyaringan/abstrak_T00.txt,325,dasar_keputusan,judul,abstrak (web),putaran kedua menemukan abstrak atau teks; baris tidak dipindah,AI-2
2026-10-01,topik/bukti/mekanisme_C1.txt,325,mekanisme,M3,M2+M3,"Putaran pertama benar pada grup: menurut aturan operasional a, rekaman dengan judul dan abstrak berbahasa Inggris tetap layak, sehingga E7 dari putaran kedua tidak berlaku. Putaran kedua benar pada mekanisme: abstrak bahasa Inggris di laman jurnal menyebut DeepSORT, yang menurut konvensi dikodekan M2+M3.",AI-2
2026-10-01,topik/bukti/mekanisme_C1.txt,325,hasil_ringkas,camellia; hitung statis dan dinamis (judul),"COF-YOLO v8n mencapai P 97,7%, R 97%, dan mAP 99%; pencacahan dinamis memakai keluaran detektor sebagai masukan DeepSORT. Abstrak tidak memuat angka galat hitung.",putaran kedua (AI-2),AI-2
2026-10-01,topik/bukti/mekanisme_C1.txt,325,sumber_kode,,abstrak,putaran kedua (AI-2),AI-2
2026-10-01,topik/bukti/mekanisme_C1.txt,325,referensi_hitung,,tidak ada,putaran kedua (AI-2),AI-2
2026-10-01,topik/bukti/mekanisme_C1.txt,325,tingkat_metrik,,deteksi,putaran kedua (AI-2),AI-2
2026-10-01,topik/bukti/mekanisme_C1.txt,325,berubah,,ya (lama: mekanisme=M3),putaran kedua (AI-2),AI-2
2026-10-01,topik/bukti/mekanisme_C1.txt,331,per_kelas,Y,N,"Putaran kedua benar pada per_kelas. Teks lengkap hanya melaporkan FP, FN, IDS, dan MOTA per video (Tabel 6) dan tidak memuat jumlah buah per kelas kematangan; makalah menyatakan bahwa tujuan pelacakan adalah menghitung paprika tanpa memperhatikan tingkat kematangan. Karena hitungan per kelas tidak ada, C4 tidak dicantumkan sebagai juga_cocok.",AI-2
2026-10-01,topik/bukti/mekanisme_C1.txt,331,hasil_ringkas,"paprika empat warna kematangan; DeepSORT; akurasi hitung 85,7% di lingkungan simulasi","YOLOv5 dengan DeepSORT mencapai MOTA 0,88 dan 0,87 pada dua video simulasi yang masing-masing disusun dari 70 foto rumah kaca; abstrak menyebut akurasi hitung 85,7% tanpa tabel hitungan.",putaran kedua (AI-2),AI-2
2026-10-01,topik/bukti/mekanisme_C1.txt,331,sumber_kode,,teks lengkap,putaran kedua (AI-2),AI-2
2026-10-01,topik/bukti/mekanisme_C1.txt,331,halaman,,"Tabel 6, h. 26",putaran kedua (AI-2),AI-2
2026-10-01,topik/bukti/mekanisme_C1.txt,331,referensi_hitung,,anotasi,putaran kedua (AI-2),AI-2
2026-10-01,topik/bukti/mekanisme_C1.txt,331,tingkat_metrik,,identitas;deteksi,putaran kedua (AI-2),AI-2
2026-10-01,topik/bukti/mekanisme_C1.txt,331,berubah,,ya (lama: per_kelas=Y),putaran kedua (AI-2),AI-2
2026-10-01,topik/bukti/mekanisme_C1.txt,335,hasil_ringkas,"apel dari video drone; ByteTrack + estimasi depth; MAPE 0,027","YOLOv7 + MAM + ByteTrack menghitung 1.691 apel terhadap 1.645 hitungan manual pada tiga video drone (MAPE 0,027), sedangkan DeepSORT menghitung 1.970 (MAPE 0,197). Deteksi mencapai presisi 0,92, recall 0,96, dan F1 0,95.",putaran kedua (AI-2),AI-2
2026-10-01,topik/bukti/mekanisme_C1.txt,335,sumber_kode,,teks lengkap,putaran kedua (AI-2),AI-2
2026-10-01,topik/bukti/mekanisme_C1.txt,335,halaman,,"Tabel 2, h. 18",putaran kedua (AI-2),AI-2
2026-10-01,topik/bukti/mekanisme_C1.txt,335,referensi_hitung,,anotasi,putaran kedua (AI-2),AI-2
2026-10-01,topik/bukti/mekanisme_C1.txt,335,tingkat_metrik,,hitung;deteksi,putaran kedua (AI-2),AI-2
2026-10-01,topik/bukti/mekanisme_C1.txt,335,berubah,,tidak,putaran kedua (AI-2),AI-2
2026-10-01,topik/bukti/mekanisme_C1.txt,336,sumber_kode,,judul,putaran kedua (AI-2),AI-2
2026-10-01,topik/bukti/mekanisme_C1.txt,336,referensi_hitung,,tidak ada,putaran kedua (AI-2),AI-2
2026-10-01,topik/bukti/mekanisme_C1.txt,336,tingkat_metrik,,tidak ada,putaran kedua (AI-2),AI-2
2026-10-01,topik/bukti/mekanisme_C1.txt,336,cara_kelas,,tidak dinyatakan,putaran kedua (AI-2),AI-2
2026-10-01,topik/bukti/mekanisme_C1.txt,336,berubah,,tidak,putaran kedua (AI-2),AI-2
2026-10-01,topik/bukti/mekanisme_C1.txt,338,mekanisme,M3,M2+M3,"Putaran kedua benar pada mekanisme. Teks lengkap menyatakan secara eksplisit bahwa pelacaknya DeepSORT dengan fitur penampilan Re-ID dan cascade matching, yang ditambah two stages life filter; menurut konvensi, DeepSORT dikode M2+M3. Putaran pertama hanya membaca abstrak yang menyebut Kalman filter dan algoritma Hungarian sehingga memberi M3.",AI-2
2026-10-01,topik/bukti/mekanisme_C1.txt,338,hasil_ringkas,"jeruk terhalang; Kalman + Hungarian diperbaiki + garis hitung; akurasi hitung 81,02%","Pada 10 video jeruk, DeepSORT dengan two stages life filter dan garis hitung mencapai MOTA 67,14% dan MOTP 74,65% serta menurunkan ID switch rate dari 25,97% ke 15,63%. Presisi hitung rata-rata 81,02% terhadap hitung manual video, R2 0,9982, RMSE 32,300.",putaran kedua (AI-2),AI-2
2026-10-01,topik/bukti/mekanisme_C1.txt,338,sumber_kode,,teks lengkap,putaran kedua (AI-2),AI-2
2026-10-01,topik/bukti/mekanisme_C1.txt,338,halaman,,h. 10-11 (Tabel 3 dan hasil hitung),putaran kedua (AI-2),AI-2
2026-10-01,topik/bukti/mekanisme_C1.txt,338,referensi_hitung,,anotasi,putaran kedua (AI-2),AI-2
2026-10-01,topik/bukti/mekanisme_C1.txt,338,tingkat_metrik,,hitung;identitas;deteksi,putaran kedua (AI-2),AI-2
2026-10-01,topik/bukti/mekanisme_C1.txt,338,berubah,,ya (lama: mekanisme=M3),putaran kedua (AI-2),AI-2
2026-10-01,topik/bukti/mekanisme_C1.txt,340,sumber_kode,,abstrak,putaran kedua (AI-2),AI-2
2026-10-01,topik/bukti/mekanisme_C1.txt,340,referensi_hitung,,pohon;anotasi,putaran kedua (AI-2),AI-2
2026-10-01,topik/bukti/mekanisme_C1.txt,340,tingkat_metrik,,hitung;identitas,putaran kedua (AI-2),AI-2
2026-10-01,topik/bukti/mekanisme_C1.txt,340,berubah,,tidak,putaran kedua (AI-2),AI-2
2026-10-01,topik/bukti/mekanisme_C1.txt,341,sumber_kode,,abstrak,putaran kedua (AI-2),AI-2
2026-10-01,topik/bukti/mekanisme_C1.txt,341,referensi_hitung,,pohon;anotasi,putaran kedua (AI-2),AI-2
2026-10-01,topik/bukti/mekanisme_C1.txt,341,tingkat_metrik,,hitung,putaran kedua (AI-2),AI-2
2026-10-01,topik/bukti/mekanisme_C1.txt,341,berubah,,tidak,putaran kedua (AI-2),AI-2
2026-10-01,topik/bukti/mekanisme_C1.txt,344,mekanisme,M3+M1,M1+M2+M3,"Putaran kedua benar pada mekanisme. Abstrak menyebut StrongSort sebagai salah satu dari tiga pelacak yang diuji, dan menurut konvensi StrongSORT dikode M2+M3, sehingga M2 ditambahkan pada M1 (regresi linear) dan M3 (ByteTrack, OCSort) yang sudah dikode putaran pertama. Penghapus duplikat tetap M3 karena pelacak terbaik adalah OCSort.",AI-2
2026-10-01,topik/bukti/mekanisme_C1.txt,344,sumber_kode,,abstrak,putaran kedua (AI-2),AI-2
2026-10-01,topik/bukti/mekanisme_C1.txt,344,referensi_hitung,,anotasi,putaran kedua (AI-2),AI-2
2026-10-01,topik/bukti/mekanisme_C1.txt,344,tingkat_metrik,,hitung;identitas;deteksi,putaran kedua (AI-2),AI-2
2026-10-01,topik/bukti/mekanisme_C1.txt,344,berubah,,ya (lama: mekanisme=M3+M1),putaran kedua (AI-2),AI-2
2026-10-01,topik/bukti/mekanisme_C1.txt,357,sumber_kode,,abstrak,putaran kedua (AI-2),AI-2
2026-10-01,topik/bukti/mekanisme_C1.txt,357,referensi_hitung,,tidak ada,putaran kedua (AI-2),AI-2
2026-10-01,topik/bukti/mekanisme_C1.txt,357,tingkat_metrik,,tidak ada,putaran kedua (AI-2),AI-2
2026-10-01,topik/bukti/mekanisme_C1.txt,357,cara_kelas,,sesudah pelacakan,putaran kedua (AI-2),AI-2
2026-10-01,topik/bukti/mekanisme_C1.txt,357,berubah,,tidak,putaran kedua (AI-2),AI-2
2026-10-01,topik/bukti/mekanisme_C1.txt,359,sumber_kode,,abstrak,putaran kedua (AI-2),AI-2
2026-10-01,topik/bukti/mekanisme_C1.txt,359,referensi_hitung,,anotasi,putaran kedua (AI-2),AI-2
2026-10-01,topik/bukti/mekanisme_C1.txt,359,tingkat_metrik,,identitas,putaran kedua (AI-2),AI-2
2026-10-01,topik/bukti/mekanisme_C1.txt,359,berubah,,tidak,putaran kedua (AI-2),AI-2
2026-10-01,topik/bukti/mekanisme_C1.txt,361,mekanisme,M3+M1,M1+M2+M3,"Putaran kedua benar bahwa pelacak SiamFC yang disebut abstrak bekerja dengan kemiripan penampilan antarframe berurutan, sehingga M2 ditambahkan pada M3. Putaran pertama benar bahwa ada langkah kalibrasi empiris (bobot tandan dari distribusi terkalibrasi) di atas pelacakan, sehingga M1 dipertahankan karena tidak ada bukti yang menolaknya. Nilai akhir adalah M1+M2+M3.",AI-2
2026-10-01,topik/bukti/mekanisme_C1.txt,361,sumber_kode,,abstrak,putaran kedua (AI-2),AI-2
2026-10-01,topik/bukti/mekanisme_C1.txt,361,referensi_hitung,,panen,putaran kedua (AI-2),AI-2
2026-10-01,topik/bukti/mekanisme_C1.txt,361,tingkat_metrik,,hitung,putaran kedua (AI-2),AI-2
2026-10-01,topik/bukti/mekanisme_C1.txt,361,berubah,,ya (lama: mekanisme=M3+M1),putaran kedua (AI-2),AI-2
2026-10-01,topik/bukti/mekanisme_C1.txt,363,sumber_kode,,abstrak,putaran kedua (AI-2),AI-2
2026-10-01,topik/bukti/mekanisme_C1.txt,363,referensi_hitung,,tidak ada,putaran kedua (AI-2),AI-2
2026-10-01,topik/bukti/mekanisme_C1.txt,363,tingkat_metrik,,tidak ada,putaran kedua (AI-2),AI-2
2026-10-01,topik/bukti/mekanisme_C1.txt,363,berubah,,tidak,putaran kedua (AI-2),AI-2
2026-10-01,topik/bukti/mekanisme_C1.txt,365,mekanisme,M4+M3,M4,"Putaran kedua benar pada mekanisme. Teks lengkap menunjukkan bahwa identitas ditetapkan dengan memproyeksikan ulang titik 3D buah (SfM dan peta kedalaman) ke setiap bingkai lalu penugasan Hungarian atas jumlah titik di dalam kotak deteksi, tanpa model gerak atau tumpang-tindih antarbingkai; penulis secara eksplisit menolak pelacakan 2D berbasis Kalman. Karena itu M3 tidak berlaku dan kodenya M4 saja.",AI-2
2026-10-01,topik/bukti/mekanisme_C1.txt,365,hasil_ringkas,apel; SfM + pencocokan graf bipartit; tahan oklusi berselang dan laju bingkai rendah,"Pada empat set data, galat persentase absolut hitungan (APE tersaring) metode ini 12,88%, 4,56%, 0,84%, dan 1,06% dengan MOTA 0,61-0,94; ByteTrack memperoleh APE tersaring 4,26-113,94% dan MOTA 0,16-0,54.",putaran kedua (AI-2),AI-2
2026-10-01,topik/bukti/mekanisme_C1.txt,365,sumber_kode,,teks lengkap,putaran kedua (AI-2),AI-2
2026-10-01,topik/bukti/mekanisme_C1.txt,365,halaman,,"Tabel 2-5, h. 6",putaran kedua (AI-2),AI-2
2026-10-01,topik/bukti/mekanisme_C1.txt,365,referensi_hitung,,anotasi,putaran kedua (AI-2),AI-2
2026-10-01,topik/bukti/mekanisme_C1.txt,365,tingkat_metrik,,hitung;identitas,putaran kedua (AI-2),AI-2
2026-10-01,topik/bukti/mekanisme_C1.txt,365,berubah,,ya (lama: mekanisme=M4+M3),putaran kedua (AI-2),AI-2
2026-10-01,topik/bukti/mekanisme_C1.txt,367,hasil_ringkas,kapas; NTrack dengan aliran optik padat + filter partikel; set data video publik,"Pada TexCot22 (13 sekuens uji) NTrack mencapai IDF1 92,49%, HOTA 73,56%, dan MOTA 89,25%; galat hitung buah kapas MAPE 4,00% dan RMSE 4,73, lebih rendah daripada ByteTrack (15%) dan DeepSORT (55%).",putaran kedua (AI-2),AI-2
2026-10-01,topik/bukti/mekanisme_C1.txt,367,sumber_kode,,teks lengkap,putaran kedua (AI-2),AI-2
2026-10-01,topik/bukti/mekanisme_C1.txt,367,halaman,,"Tabel II-IV, h. 8-9",putaran kedua (AI-2),AI-2
2026-10-01,topik/bukti/mekanisme_C1.txt,367,referensi_hitung,,anotasi,putaran kedua (AI-2),AI-2
2026-10-01,topik/bukti/mekanisme_C1.txt,367,tingkat_metrik,,hitung;identitas,putaran kedua (AI-2),AI-2
2026-10-01,topik/bukti/mekanisme_C1.txt,367,berubah,,tidak,putaran kedua (AI-2),AI-2
2026-10-01,topik/bukti/mekanisme_C1.txt,371,hasil_ringkas,"cabai hijau; DeepSORT dioptimasi; ID switch turun 29,41%","Pada tiga video uji (GT 57, 95, dan 96 buah), DeepSort dengan pencocokan penampilan tambahan dan optimasi lintasan mencapai ACP 95,33%, MAE 3,33, dan RMSE 3,74, dibandingkan ACP 88,13%, MAE 10, dan RMSE 10,68 pada DeepSort asli. ID switch turun dari 68 menjadi 48.",putaran kedua (AI-2),AI-2
2026-10-01,topik/bukti/mekanisme_C1.txt,371,sumber_kode,,teks lengkap,putaran kedua (AI-2),AI-2
2026-10-01,topik/bukti/mekanisme_C1.txt,371,halaman,,"Tabel 8, h. 14",putaran kedua (AI-2),AI-2
2026-10-01,topik/bukti/mekanisme_C1.txt,371,referensi_hitung,,anotasi,putaran kedua (AI-2),AI-2
2026-10-01,topik/bukti/mekanisme_C1.txt,371,tingkat_metrik,,hitung;identitas;deteksi,putaran kedua (AI-2),AI-2
2026-10-01,topik/bukti/mekanisme_C1.txt,371,berubah,,tidak,putaran kedua (AI-2),AI-2
2026-10-01,topik/bukti/mekanisme_C1.txt,372,sumber_kode,,abstrak,putaran kedua (AI-2),AI-2
2026-10-01,topik/bukti/mekanisme_C1.txt,372,referensi_hitung,,pohon,putaran kedua (AI-2),AI-2
2026-10-01,topik/bukti/mekanisme_C1.txt,372,tingkat_metrik,,hitung,putaran kedua (AI-2),AI-2
2026-10-01,topik/bukti/mekanisme_C1.txt,372,berubah,,tidak,putaran kedua (AI-2),AI-2
2026-10-01,topik/bukti/mekanisme_C1.txt,376,mekanisme,M3,M2+M3,"Putaran 2 benar pada mekanisme. Abstrak menyatakan FairMOT termasuk pelacak yang dipadukan dan dievaluasi untuk pencacahan buah, dan menurut konvensi FairMOT berkode M2+M3; Byte-Track dan Motpy berkode M3. Penghapus duplikat utama tetap M3 karena hasil terbaik berasal dari Byte-Track.",AI-2
2026-10-01,topik/bukti/mekanisme_C1.txt,376,sumber_kode,,abstrak,putaran kedua (AI-2),AI-2
2026-10-01,topik/bukti/mekanisme_C1.txt,376,referensi_hitung,,anotasi,putaran kedua (AI-2),AI-2
2026-10-01,topik/bukti/mekanisme_C1.txt,376,tingkat_metrik,,hitung,putaran kedua (AI-2),AI-2
2026-10-01,topik/bukti/mekanisme_C1.txt,376,berubah,,ya (lama: mekanisme=M3),putaran kedua (AI-2),AI-2
2026-10-01,topik/penyaringan/abstrak_T00.txt,381,dasar_keputusan,judul,teks lengkap (web),putaran kedua menemukan abstrak atau teks; baris tidak dipindah,AI-2
2026-10-01,topik/bukti/mekanisme_C1.txt,381,hasil_ringkas,kiwi; Kiwitracker (judul),"KiwiDetector (YOLOv7) mencapai mAP@0.5 0,937 dan mAP@0.5:0.95 0,622; KiwiTracker mencapai average counting precision 0,802 pada 10 video terhadap hitungan manual, dengan hitungan model selalu lebih besar (misalnya 577 terhadap 485).",putaran kedua (AI-2),AI-2
2026-10-01,topik/bukti/mekanisme_C1.txt,381,sumber_kode,,teks lengkap,putaran kedua (AI-2),AI-2
2026-10-01,topik/bukti/mekanisme_C1.txt,381,halaman,,"Tabel 2, h. 10 (PDF versi penulis)",putaran kedua (AI-2),AI-2
2026-10-01,topik/bukti/mekanisme_C1.txt,381,referensi_hitung,,anotasi,putaran kedua (AI-2),AI-2
2026-10-01,topik/bukti/mekanisme_C1.txt,381,tingkat_metrik,,hitung;deteksi,putaran kedua (AI-2),AI-2
2026-10-01,topik/bukti/mekanisme_C1.txt,381,berubah,,tidak,putaran kedua (AI-2),AI-2
2026-10-01,topik/bukti/mekanisme_C1.txt,392,hasil_ringkas,"AgriSORT hanya gerak, tanpa penampilan; tolok ukur MOT anggur meja publik","Pada empat sekuens video anggur meja, AgriSORT mencapai MOTA 65,93/66,13/62,21/45,08, IDF1 72,00/73,00/73,72/56,88, dan HOTA 48,71/56,08/52,74/41,33; unggul pada kedua sekuens CloseUp, sedangkan SORT lebih baik pada Overview2.",putaran kedua (AI-2),AI-2
2026-10-01,topik/bukti/mekanisme_C1.txt,392,sumber_kode,,teks lengkap,putaran kedua (AI-2),AI-2
2026-10-01,topik/bukti/mekanisme_C1.txt,392,halaman,,"Tabel II, h. 5",putaran kedua (AI-2),AI-2
2026-10-01,topik/bukti/mekanisme_C1.txt,392,referensi_hitung,,tidak ada,putaran kedua (AI-2),AI-2
2026-10-01,topik/bukti/mekanisme_C1.txt,392,tingkat_metrik,,identitas,putaran kedua (AI-2),AI-2
2026-10-01,topik/bukti/mekanisme_C1.txt,392,berubah,,tidak,putaran kedua (AI-2),AI-2
2026-10-01,topik/bukti/mekanisme_C1.txt,400,hasil_ringkas,jeruk hijau; YOLOv4 + pelacak; 204 buah terhitung mendekati jumlah terlihat,"YOLOv4 (mAP50 80,16%; mAP50:95 53,83%) dengan pelacakan centroid dan pelacak objek Dlib menghitung 204 jeruk hijau dari 208 yang terlihat pada video uji 10 detik (600 bingkai); tanpa pelacak objek hitungannya 215 dengan 25 hitungan ganda.",putaran kedua (AI-2),AI-2
2026-10-01,topik/bukti/mekanisme_C1.txt,400,sumber_kode,,teks lengkap,putaran kedua (AI-2),AI-2
2026-10-01,topik/bukti/mekanisme_C1.txt,400,halaman,,"Tabel 3, h. 12",putaran kedua (AI-2),AI-2
2026-10-01,topik/bukti/mekanisme_C1.txt,400,referensi_hitung,,anotasi,putaran kedua (AI-2),AI-2
2026-10-01,topik/bukti/mekanisme_C1.txt,400,tingkat_metrik,,hitung;deteksi,putaran kedua (AI-2),AI-2
2026-10-01,topik/bukti/mekanisme_C1.txt,400,berubah,,tidak,putaran kedua (AI-2),AI-2
2026-10-01,topik/bukti/mekanisme_C1.txt,406,sumber_kode,,abstrak,putaran kedua (AI-2),AI-2
2026-10-01,topik/bukti/mekanisme_C1.txt,406,referensi_hitung,,anotasi,putaran kedua (AI-2),AI-2
2026-10-01,topik/bukti/mekanisme_C1.txt,406,tingkat_metrik,,hitung;identitas;deteksi,putaran kedua (AI-2),AI-2
2026-10-01,topik/bukti/mekanisme_C1.txt,406,berubah,,tidak,putaran kedua (AI-2),AI-2
2026-10-01,topik/bukti/mekanisme_C1.txt,407,hasil_ringkas,"stroberi, jujube, ceri; jaringan ringkas untuk deteksi, pelacakan, hitung","Jaringan Simplified mencapai mAP@50 82,4% pada set uji dan menghitung 235 stroberi, 1.562 jujube, dan 7.359 ceri dari video 1.015, 2.345, dan 5.307 frame; hitungan hanya dibandingkan antarjaringan tanpa hitungan acuan.",putaran kedua (AI-2),AI-2
2026-10-01,topik/bukti/mekanisme_C1.txt,407,sumber_kode,,teks lengkap,putaran kedua (AI-2),AI-2
2026-10-01,topik/bukti/mekanisme_C1.txt,407,halaman,,"Tabel 4, h. 10",putaran kedua (AI-2),AI-2
2026-10-01,topik/bukti/mekanisme_C1.txt,407,referensi_hitung,,tidak ada,putaran kedua (AI-2),AI-2
2026-10-01,topik/bukti/mekanisme_C1.txt,407,tingkat_metrik,,deteksi,putaran kedua (AI-2),AI-2
2026-10-01,topik/bukti/mekanisme_C1.txt,407,berubah,,tidak,putaran kedua (AI-2),AI-2
2026-10-01,topik/bukti/mekanisme_C1.txt,411,per_kelas,N,Y,"Untuk mekanisme, putaran pertama dipertahankan: abstrak menyatakan jaringan FaceNet yang dimodifikasi menggabungkan citra dan posisi untuk menghitung jarak antarobjek, yaitu asosiasi terpelajar dengan informasi posisi (M4+M5), dan abstrak tidak cukup untuk menggantinya dengan M2. Untuk per_kelas, putaran kedua benar karena jumlah akhir objek unik dilaporkan dengan akurasi terpisah untuk bunga, buah mentah, dan buah matang.",AI-2
2026-10-01,topik/bukti/mekanisme_C1.txt,411,sumber_kode,,abstrak,putaran kedua (AI-2),AI-2
2026-10-01,topik/bukti/mekanisme_C1.txt,411,referensi_hitung,,anotasi,putaran kedua (AI-2),AI-2
2026-10-01,topik/bukti/mekanisme_C1.txt,411,tingkat_metrik,,hitung,putaran kedua (AI-2),AI-2
2026-10-01,topik/bukti/mekanisme_C1.txt,411,cara_kelas,,tidak dinyatakan,putaran kedua (AI-2),AI-2
2026-10-01,topik/bukti/mekanisme_C1.txt,411,berubah,,ya (lama: per_kelas=N),putaran kedua (AI-2),AI-2
2026-10-01,topik/bukti/mekanisme_C1.txt,417,mekanisme,M3,M2+M3,"Putaran 2 benar pada mekanisme. Abstrak menyebut PointTrack sebagai pelacak, dan PointTrack mengasosiasikan instans dengan embedding penampakan terpelajar di samping kedekatan antarframe, sehingga menurut konvensi pelacak dengan fitur re-ID kodenya M2+M3, bukan M3 saja.",AI-2
2026-10-01,topik/bukti/mekanisme_C1.txt,417,sumber_kode,,abstrak,putaran kedua (AI-2),AI-2
2026-10-01,topik/bukti/mekanisme_C1.txt,417,referensi_hitung,,anotasi,putaran kedua (AI-2),AI-2
2026-10-01,topik/bukti/mekanisme_C1.txt,417,tingkat_metrik,,hitung;identitas;deteksi,putaran kedua (AI-2),AI-2
2026-10-01,topik/bukti/mekanisme_C1.txt,417,berubah,,ya (lama: mekanisme=M3),putaran kedua (AI-2),AI-2
2026-10-01,topik/bukti/mekanisme_C1.txt,421,hasil_ringkas,"tomat; persepsi multipandang + pelacakan multiobjek 3D; galat hitung maksimum 5,08%; akurasi pelacakan 71,47%","Galat hitung (MAPE) terbaik 5,06% dan akurasi pelacakan HOTA tertinggi 71,47% untuk tomat pada tujuh tanaman yang direkam dari 100 sudut pandang berurutan per tanaman.",putaran kedua (AI-2),AI-2
2026-10-01,topik/bukti/mekanisme_C1.txt,421,sumber_kode,,teks lengkap,putaran kedua (AI-2),AI-2
2026-10-01,topik/bukti/mekanisme_C1.txt,421,halaman,,h. 10,putaran kedua (AI-2),AI-2
2026-10-01,topik/bukti/mekanisme_C1.txt,421,referensi_hitung,,anotasi,putaran kedua (AI-2),AI-2
2026-10-01,topik/bukti/mekanisme_C1.txt,421,tingkat_metrik,,hitung;identitas;deteksi,putaran kedua (AI-2),AI-2
2026-10-01,topik/bukti/mekanisme_C1.txt,421,berubah,,tidak,putaran kedua (AI-2),AI-2
2026-10-01,topik/penyaringan/abstrak_T00.txt,422,dasar_keputusan,judul,abstrak (web),putaran kedua menemukan abstrak atau teks; baris tidak dipindah,AI-2
2026-10-01,topik/bukti/mekanisme_C1.txt,422,hasil_ringkas,anggur berkantong; NMS-ByteTrack koreksi diri (judul),"YOLOv5s dengan ByteTrack yang diberi kompensasi gerak kamera, filter Kalman yang diperbaiki, dan penghitungan garis mencapai MOTA 64,6%, MOTP 82,4%, IDF1 80,8%, dan akurasi hitung rata-rata 82,8% pada video anggur berbungkus.",putaran kedua (AI-2),AI-2
2026-10-01,topik/bukti/mekanisme_C1.txt,422,sumber_kode,,abstrak,putaran kedua (AI-2),AI-2
2026-10-01,topik/bukti/mekanisme_C1.txt,422,referensi_hitung,,anotasi,putaran kedua (AI-2),AI-2
2026-10-01,topik/bukti/mekanisme_C1.txt,422,tingkat_metrik,,hitung;identitas,putaran kedua (AI-2),AI-2
2026-10-01,topik/bukti/mekanisme_C1.txt,422,berubah,,tidak,putaran kedua (AI-2),AI-2
2026-10-01,topik/bukti/mekanisme_C1.txt,423,hasil_ringkas,"jeruk; DeepSORT; akurasi pelacakan 90,83%; sulit membedakan kematangan","YOLOv5s yang diperbaiki mencapai AP 95,26% (naik 3,51 poin); bersama DeepSort, rerata MOTA pada sepuluh video naik dari 88,95% menjadi 90,83%.",putaran kedua (AI-2),AI-2
2026-10-01,topik/bukti/mekanisme_C1.txt,423,sumber_kode,,teks lengkap,putaran kedua (AI-2),AI-2
2026-10-01,topik/bukti/mekanisme_C1.txt,423,halaman,,"Tabel 3, h. 12",putaran kedua (AI-2),AI-2
2026-10-01,topik/bukti/mekanisme_C1.txt,423,referensi_hitung,,anotasi,putaran kedua (AI-2),AI-2
2026-10-01,topik/bukti/mekanisme_C1.txt,423,tingkat_metrik,,identitas;deteksi,putaran kedua (AI-2),AI-2
2026-10-01,topik/bukti/mekanisme_C1.txt,423,berubah,,tidak,putaran kedua (AI-2),AI-2
2026-10-01,topik/bukti/mekanisme_C1.txt,424,mekanisme,M3,M2+M3,"Putaran kedua benar pada mekanisme. Teks lengkap (Seksi 2.4) menunjukkan bahwa metode usulan memadukan deskriptor penampilan SURF dengan jarak kosinus dan prediksi filter Kalman serta pencocokan IOU, sehingga kodenya M2+M3. Putaran pertama hanya membaca abstrak yang menyebut SORT dan Cascade-SORT tanpa komponen penampilan.",AI-2
2026-10-01,topik/bukti/mekanisme_C1.txt,424,hasil_ringkas,apel; SORT dan Cascade-SORT menurunkan MAE hitung antarbingkai,"Pada tiga video apel (290 buah menurut hitungan manual), metode usulan (YOLOv7-CA dengan pencocokan kaskade SURF dan filter Kalman) menghitung 310 buah dengan MAE 0,064; SORT 373 (0,286), Cascade-SORT 333 (0,148), YOLOv7 tanpa pelacakan 495 (0,706).",putaran kedua (AI-2),AI-2
2026-10-01,topik/bukti/mekanisme_C1.txt,424,sumber_kode,,teks lengkap,putaran kedua (AI-2),AI-2
2026-10-01,topik/bukti/mekanisme_C1.txt,424,halaman,,"Tabel 3, h. 12",putaran kedua (AI-2),AI-2
2026-10-01,topik/bukti/mekanisme_C1.txt,424,referensi_hitung,,anotasi,putaran kedua (AI-2),AI-2
2026-10-01,topik/bukti/mekanisme_C1.txt,424,tingkat_metrik,,hitung;deteksi,putaran kedua (AI-2),AI-2
2026-10-01,topik/bukti/mekanisme_C1.txt,424,berubah,,ya (lama: mekanisme=M3),putaran kedua (AI-2),AI-2
2026-10-01,topik/bukti/mekanisme_C1.txt,428,sumber_kode,,abstrak,putaran kedua (AI-2),AI-2
2026-10-01,topik/bukti/mekanisme_C1.txt,428,referensi_hitung,,anotasi,putaran kedua (AI-2),AI-2
2026-10-01,topik/bukti/mekanisme_C1.txt,428,tingkat_metrik,,hitung;deteksi,putaran kedua (AI-2),AI-2
2026-10-01,topik/bukti/mekanisme_C1.txt,428,berubah,,tidak,putaran kedua (AI-2),AI-2
2026-10-01,topik/bukti/mekanisme_C1.txt,431,mekanisme,M2+M3+M4,M2+M3,"Putaran kedua benar pada mekanisme. Teks lengkap menunjukkan bahwa asosiasi antarbingkai sepenuhnya dikerjakan Deep SORT (filter Kalman, algoritme Hungarian, dan fitur MobileNetV2) dengan garis hitung vertikal, sedangkan koordinat 3D dari kamera RGB-D hanya dibaca untuk tiap apel yang sudah terlacak dan dievaluasi sebagai galat jarak. Tidak ada asosiasi geometris, sehingga M4 dihapus dan lokalisasi 3D dicatat sebagai juga_cocok C5.",AI-2
2026-10-01,topik/bukti/mekanisme_C1.txt,431,hasil_ringkas,apel pada pohon buatan; DeepSORT pada tiga kecepatan dan tiga sudut; koordinat 3D dari RGB-D,"Pencacahan dengan Deep SORT dan garis ROI vertikal mencapai akurasi hitung maksimum 86,6% (YOLOv5 dan YOLOv7) terhadap 30 apel pada pohon buatan; RMSE jarak terendah 1,54 cm (EfficientDet, 15 derajat, 0,098 m/s); mAP@0.5 YOLOv7 0,905.",putaran kedua (AI-2),AI-2
2026-10-01,topik/bukti/mekanisme_C1.txt,431,sumber_kode,,teks lengkap,putaran kedua (AI-2),AI-2
2026-10-01,topik/bukti/mekanisme_C1.txt,431,halaman,,h. 12-13 (metode); h. 15-17 (Gambar 20 dan pembahasan),putaran kedua (AI-2),AI-2
2026-10-01,topik/bukti/mekanisme_C1.txt,431,referensi_hitung,,pohon,putaran kedua (AI-2),AI-2
2026-10-01,topik/bukti/mekanisme_C1.txt,431,tingkat_metrik,,hitung;deteksi,putaran kedua (AI-2),AI-2
2026-10-01,topik/bukti/mekanisme_C1.txt,431,berubah,,ya (lama: mekanisme=M2+M3+M4),putaran kedua (AI-2),AI-2
2026-10-01,topik/bukti/mekanisme_C1.txt,433,sumber_kode,,judul,putaran kedua (AI-2),AI-2
2026-10-01,topik/bukti/mekanisme_C1.txt,433,referensi_hitung,,tidak ada,putaran kedua (AI-2),AI-2
2026-10-01,topik/bukti/mekanisme_C1.txt,433,tingkat_metrik,,tidak ada,putaran kedua (AI-2),AI-2
2026-10-01,topik/bukti/mekanisme_C1.txt,433,berubah,,tidak,putaran kedua (AI-2),AI-2
2026-10-01,topik/bukti/mekanisme_C1.txt,438,mekanisme,M3+M4,M2+M3+M4,"Putaran kedua benar pada mekanisme. Seksi 2.6.3 dan Tabel 4 menunjukkan bahwa selain pelacak berbasis SfM (M4), makalah juga mengevaluasi DeepSORT untuk estimasi jumlah tandan, dan menurut konvensi DeepSORT dikodekan M2+M3. Putaran pertama hanya membaca abstrak yang tidak menyebut DeepSORT.",AI-2
2026-10-01,topik/bukti/mekanisme_C1.txt,438,hasil_ringkas,anggur meja; label pelacakan dari SfM; pelatihan lemah dan semi-terawasi,"Pada video uji dengan 31 tandan anggur beranotasi, pelacak SfM dengan detektor berlabel semu mencapai MOTA 55,756 dan galat estimasi jumlah 9% (28 ID), sedangkan DeepSORT mencapai MOTA 50,624 dan galat 26% (39 ID).",putaran kedua (AI-2),AI-2
2026-10-01,topik/bukti/mekanisme_C1.txt,438,sumber_kode,,teks lengkap,putaran kedua (AI-2),AI-2
2026-10-01,topik/bukti/mekanisme_C1.txt,438,halaman,,"Tabel 4, h. 12",putaran kedua (AI-2),AI-2
2026-10-01,topik/bukti/mekanisme_C1.txt,438,referensi_hitung,,anotasi,putaran kedua (AI-2),AI-2
2026-10-01,topik/bukti/mekanisme_C1.txt,438,tingkat_metrik,,hitung;identitas;deteksi,putaran kedua (AI-2),AI-2
2026-10-01,topik/bukti/mekanisme_C1.txt,438,berubah,,ya (lama: mekanisme=M3+M4),putaran kedua (AI-2),AI-2
2026-10-01,topik/bukti/mekanisme_C1.txt,440,sumber_kode,,abstrak,putaran kedua (AI-2),AI-2
2026-10-01,topik/bukti/mekanisme_C1.txt,440,referensi_hitung,,panen,putaran kedua (AI-2),AI-2
2026-10-01,topik/bukti/mekanisme_C1.txt,440,tingkat_metrik,,hitung,putaran kedua (AI-2),AI-2
2026-10-01,topik/bukti/mekanisme_C1.txt,440,berubah,,tidak,putaran kedua (AI-2),AI-2
2026-10-01,topik/bukti/mekanisme_C1.txt,445,hasil_ringkas,"40 video UAV kebun anggur 1,06 ha dengan label topeng tandan",Set data berisi 40 video RGB UAV dari empat baris kebun anggur; 29 video dianotasi dengan gaya MOTS (681 bingkai berlabel) dengan identitas tandan yang konsisten sepanjang video. Tidak ada metode atau hasil pencacahan yang dilaporkan.,putaran kedua (AI-2),AI-2
2026-10-01,topik/bukti/mekanisme_C1.txt,445,sumber_kode,,teks lengkap,putaran kedua (AI-2),AI-2
2026-10-01,topik/bukti/mekanisme_C1.txt,445,halaman,,"Tabel 1 dan Subbagian 2.2, h. 4",putaran kedua (AI-2),AI-2
2026-10-01,topik/bukti/mekanisme_C1.txt,445,referensi_hitung,,tidak ada,putaran kedua (AI-2),AI-2
2026-10-01,topik/bukti/mekanisme_C1.txt,445,tingkat_metrik,,tidak ada,putaran kedua (AI-2),AI-2
2026-10-01,topik/bukti/mekanisme_C1.txt,445,berubah,,tidak,putaran kedua (AI-2),AI-2
2026-10-01,topik/bukti/mekanisme_C1.txt,449,sumber_kode,,abstrak,putaran kedua (AI-2),AI-2
2026-10-01,topik/bukti/mekanisme_C1.txt,449,referensi_hitung,,anotasi,putaran kedua (AI-2),AI-2
2026-10-01,topik/bukti/mekanisme_C1.txt,449,tingkat_metrik,,hitung;identitas,putaran kedua (AI-2),AI-2
2026-10-01,topik/bukti/mekanisme_C1.txt,449,berubah,,tidak,putaran kedua (AI-2),AI-2
2026-10-01,topik/bukti/mekanisme_C1.txt,461,mekanisme,M3,M2+M3,"Putaran kedua benar pada mekanisme: abstrak menyebut StrongSORT sebagai pelacak, dan konvensi protokol menetapkan StrongSORT sebagai M2+M3 karena memakai fitur re-ID bersama Kalman filter dan pencocokan Hungarian. Putaran pertama hanya mengode M3.",AI-2
2026-10-01,topik/bukti/mekanisme_C1.txt,461,sumber_kode,,abstrak,putaran kedua (AI-2),AI-2
2026-10-01,topik/bukti/mekanisme_C1.txt,461,referensi_hitung,,anotasi,putaran kedua (AI-2),AI-2
2026-10-01,topik/bukti/mekanisme_C1.txt,461,tingkat_metrik,,hitung,putaran kedua (AI-2),AI-2
2026-10-01,topik/bukti/mekanisme_C1.txt,461,berubah,,ya (lama: mekanisme=M3),putaran kedua (AI-2),AI-2
2026-10-01,topik/penyaringan/abstrak_T00.txt,462,dasar_keputusan,judul,abstrak (web),putaran kedua menemukan abstrak atau teks; baris tidak dipindah,AI-2
2026-10-01,topik/bukti/mekanisme_C1.txt,462,mekanisme,M3,M2+M3,"Putaran pertama benar pada grup: halaman jurnal memuat abstrak bahasa Inggris, sehingga menurut aturan a rekaman tetap layak dan E7 dari putaran kedua tidak berlaku. Putaran kedua benar pada mekanisme: abstrak menyebut DeepSort dengan fitur VGG16, filter Kalman, dan algoritma Hungaria, yang menurut konvensi adalah M2+M3.",AI-2
2026-10-01,topik/bukti/mekanisme_C1.txt,462,hasil_ringkas,kiwi; prediksi produksi berbasis pelacakan video (judul),"YOLO v7 dengan Soft-NMS mencapai F1 deteksi 90,09%; pelacakan DeepSort mencapai akurasi rata-rata 89,87% dan presisi pencocokan 82,34% pada 20,19 f/s. Akurasi hitungan berbasis ID 97,49% pada kondisi pengaruh lingkungan rendah.",putaran kedua (AI-2),AI-2
2026-10-01,topik/bukti/mekanisme_C1.txt,462,sumber_kode,,abstrak,putaran kedua (AI-2),AI-2
2026-10-01,topik/bukti/mekanisme_C1.txt,462,referensi_hitung,,anotasi,putaran kedua (AI-2),AI-2
2026-10-01,topik/bukti/mekanisme_C1.txt,462,tingkat_metrik,,hitung;identitas;deteksi,putaran kedua (AI-2),AI-2
2026-10-01,topik/bukti/mekanisme_C1.txt,462,berubah,,ya (lama: mekanisme=M3),putaran kedua (AI-2),AI-2
2026-10-01,topik/bukti/mekanisme_C1.txt,463,sumber_kode,,abstrak,putaran kedua (AI-2),AI-2
2026-10-01,topik/bukti/mekanisme_C1.txt,463,referensi_hitung,,pohon,putaran kedua (AI-2),AI-2
2026-10-01,topik/bukti/mekanisme_C1.txt,463,tingkat_metrik,,hitung,putaran kedua (AI-2),AI-2
2026-10-01,topik/bukti/mekanisme_C1.txt,463,berubah,,tidak,putaran kedua (AI-2),AI-2
2026-10-01,topik/penyaringan/abstrak_T00.txt,464,dasar_keputusan,judul,abstrak (web),putaran kedua menemukan abstrak atau teks; baris tidak dipindah,AI-2
2026-10-01,topik/bukti/mekanisme_C1.txt,464,mekanisme,M3,M2+M3,"Putaran kedua benar pada mekanisme. Abstrak dari penelusuran web menyebut DeepSORT sebagai salah satu pelacak yang dibandingkan dan sebagai pelacak dengan galat hitung terendah, dan konvensi protokol mengodekan DeepSORT sebagai M2+M3. Putaran pertama hanya berdasar judul sehingga tidak melihat komponen penampilan itu.",AI-2
2026-10-01,topik/bukti/mekanisme_C1.txt,464,hasil_ringkas,apel; perbandingan algoritme pelacakan-dengan-deteksi (judul),"Dengan deteksi sempurna, MHT mencapai akurasi MOT 97,00% dan DeepSORT 93,00%; dengan detektor pembelajaran mendalam, DeepSORT memberi galat hitung terendah, yaitu 20,07% (YOLOv5) dan 31,52% (Faster R-CNN).",putaran kedua (AI-2),AI-2
2026-10-01,topik/bukti/mekanisme_C1.txt,464,sumber_kode,,abstrak,putaran kedua (AI-2),AI-2
2026-10-01,topik/bukti/mekanisme_C1.txt,464,referensi_hitung,,anotasi,putaran kedua (AI-2),AI-2
2026-10-01,topik/bukti/mekanisme_C1.txt,464,tingkat_metrik,,hitung;identitas,putaran kedua (AI-2),AI-2
2026-10-01,topik/bukti/mekanisme_C1.txt,464,berubah,,ya (lama: mekanisme=M3),putaran kedua (AI-2),AI-2
2026-10-01,topik/penyaringan/abstrak_T00.txt,467,dasar_keputusan,judul,teks lengkap (web),putaran kedua menemukan abstrak atau teks; baris tidak dipindah,AI-2
2026-10-01,topik/bukti/kode_C3.txt,467,lokasi,POHON,TANAH,"Putaran kedua benar pada ketiga bidang. Teks lengkap menyatakan objek citra adalah brondolan di tanah dekat pangkal batang (lokasi TANAH), hitungan akhir diambil dari beberapa frame video pohon yang sama (multipandang Y), dan setiap pohon diberi kelas siap panen atau belum (per_kelas Y). Putaran pertama hanya berdasar judul.",AI-2
2026-10-01,topik/bukti/kode_C3.txt,467,multipandang,N,Y,"Putaran kedua benar pada ketiga bidang. Teks lengkap menyatakan objek citra adalah brondolan di tanah dekat pangkal batang (lokasi TANAH), hitungan akhir diambil dari beberapa frame video pohon yang sama (multipandang Y), dan setiap pohon diberi kelas siap panen atau belum (per_kelas Y). Putaran pertama hanya berdasar judul.",AI-2
2026-10-01,topik/bukti/kode_C3.txt,467,per_kelas,N,Y,"Putaran kedua benar pada ketiga bidang. Teks lengkap menyatakan objek citra adalah brondolan di tanah dekat pangkal batang (lokasi TANAH), hitungan akhir diambil dari beberapa frame video pohon yang sama (multipandang Y), dan setiap pohon diberi kelas siap panen atau belum (per_kelas Y). Putaran pertama hanya berdasar judul.",AI-2
2026-10-01,topik/penyaringan/abstrak_T00.txt,469,dasar_keputusan,judul,abstrak (web),putaran kedua menemukan abstrak atau teks; baris tidak dipindah,AI-2
2026-10-01,topik/bukti/mekanisme_C1.txt,469,hasil_ringkas,pir; YOLOv4 + DeepSORT (judul; versi prosiding dari 592),"YOLOv4-CSP mencapai AP@0,50 sebesar 98% dan YOLOv4-tiny berjalan lebih dari 50 FPS; dari dua cara pencacahan dengan Deep SORT, metode ID unik lebih andal dengan F1count 87,85%.",putaran kedua (AI-2),AI-2
2026-10-01,topik/bukti/mekanisme_C1.txt,469,sumber_kode,,abstrak,putaran kedua (AI-2),AI-2
2026-10-01,topik/bukti/mekanisme_C1.txt,469,referensi_hitung,,anotasi,putaran kedua (AI-2),AI-2
2026-10-01,topik/bukti/mekanisme_C1.txt,469,tingkat_metrik,,hitung;deteksi,putaran kedua (AI-2),AI-2
2026-10-01,topik/bukti/mekanisme_C1.txt,469,berubah,,tidak,putaran kedua (AI-2),AI-2
2026-10-01,topik/bukti/mekanisme_C1.txt,471,hasil_ringkas,"buah kecil apel, robot mengangkangi kanopi; pindaian dua sisi 81,17% vs satu sisi 73,7%; galat ukuran 5,9% RMSE","Pada 10 cabang, pindaian dua sisi mencapai akurasi hitung 81,17% (presisi 0,803) dibandingkan 73,7% (presisi 0,907) untuk pindaian satu sisi; RMSE ukuran buah muda 5,9%.",putaran kedua (AI-2),AI-2
2026-10-01,topik/bukti/mekanisme_C1.txt,471,sumber_kode,,teks lengkap,putaran kedua (AI-2),AI-2
2026-10-01,topik/bukti/mekanisme_C1.txt,471,halaman,,"Tabel I, h. 5",putaran kedua (AI-2),AI-2
2026-10-01,topik/bukti/mekanisme_C1.txt,471,referensi_hitung,,pohon,putaran kedua (AI-2),AI-2
2026-10-01,topik/bukti/mekanisme_C1.txt,471,tingkat_metrik,,hitung;deteksi,putaran kedua (AI-2),AI-2
2026-10-01,topik/bukti/mekanisme_C1.txt,471,berubah,,tidak,putaran kedua (AI-2),AI-2
2026-10-01,topik/penyaringan/abstrak_T00.txt,495,dasar_keputusan,judul,teks lengkap,putaran kedua menemukan abstrak atau teks; baris tidak dipindah,AI-2
2026-10-01,topik/bukti/mekanisme_C1.txt,495,mekanisme,M3,M0,"Putaran kedua benar pada mekanisme. Putaran pertama mengodekan M3 hanya dari judul, sedangkan teks lengkap menyatakan secara eksplisit bahwa metode ini menghindari pelacakan objek: potongan vertikal sempit tiap frame disusun menjadi satu panorama dan buah dihitung satu kali pada citra itu. Tidak ada asosiasi buah antarframe, sehingga kodenya M0.",AI-2
2026-10-01,topik/bukti/mekanisme_C1.txt,495,hasil_ringkas,"tomat, video 360 derajat rumah kaca; deteksi berbantuan irisan (judul)","Pada himpunan uji citra panorama baris tomat, selisih mutlak jumlah buah terdeteksi terhadap anotasi sebesar 2,32% dengan presisi 82,12%, recall 84,08%, dan F1 83,09%.",putaran kedua (AI-2),AI-2
2026-10-01,topik/bukti/mekanisme_C1.txt,495,sumber_kode,,teks lengkap,putaran kedua (AI-2),AI-2
2026-10-01,topik/bukti/mekanisme_C1.txt,495,halaman,,h. 15,putaran kedua (AI-2),AI-2
2026-10-01,topik/bukti/mekanisme_C1.txt,495,referensi_hitung,,anotasi,putaran kedua (AI-2),AI-2
2026-10-01,topik/bukti/mekanisme_C1.txt,495,tingkat_metrik,,hitung;deteksi,putaran kedua (AI-2),AI-2
2026-10-01,topik/bukti/mekanisme_C1.txt,495,berubah,,ya (lama: mekanisme=M3),putaran kedua (AI-2),AI-2
2026-10-01,topik/penyaringan/abstrak_01.txt,497,kode,X,C2,"Putaran 2 benar. Abstrak melaporkan evaluasi hitungan tandan anggur terhadap acuan (R2 0,91 dan RMSE 2,4 tandan), sehingga syarat C2 pada aturan d terpenuhi dan E5 dari putaran 1 tidak berlaku.",AI-2
2026-10-01,topik/penyaringan/abstrak_01.txt,497,alasan,E5,,"Putaran 2 benar. Abstrak melaporkan evaluasi hitungan tandan anggur terhadap acuan (R2 0,91 dan RMSE 2,4 tandan), sehingga syarat C2 pada aturan d terpenuhi dan E5 dari putaran 1 tidak berlaku.",AI-2
2026-10-01,topik/bukti/mekanisme_C1.txt,509,sumber_kode,,judul,putaran kedua (AI-2),AI-2
2026-10-01,topik/bukti/mekanisme_C1.txt,509,referensi_hitung,,tidak ada,putaran kedua (AI-2),AI-2
2026-10-01,topik/bukti/mekanisme_C1.txt,509,tingkat_metrik,,hitung,putaran kedua (AI-2),AI-2
2026-10-01,topik/bukti/mekanisme_C1.txt,509,berubah,,tidak,putaran kedua (AI-2),AI-2
2026-10-01,topik/bukti/mekanisme_C1.txt,521,per_kelas,Y,N,"Putaran kedua benar pada per_kelas. Teks lengkap melaporkan mAP per kelas, tetapi bagian 4.3 hanya mendemonstrasikan pencacahan bunga tomat dengan garis hitung virtual dan tidak melaporkan hitungan per kelas apa pun. Putaran pertama menyimpulkan Y dari frasa 'different growth periods' pada abstrak.",AI-2
2026-10-01,topik/bukti/mekanisme_C1.txt,521,hasil_ringkas,tomat per fase tumbuh; DeepSORT + garis hitung virtual,"Detektor YOLOv5s yang diringankan mencapai mAP 93,1% (bunga), 96,4% (tomat hijau), dan 97,9% (tomat merah); pencacahan dengan DeepSORT dan garis hitung virtual hanya didemonstrasikan pada bunga tomat tanpa angka galat hitung.",putaran kedua (AI-2),AI-2
2026-10-01,topik/bukti/mekanisme_C1.txt,521,sumber_kode,,teks lengkap,putaran kedua (AI-2),AI-2
2026-10-01,topik/bukti/mekanisme_C1.txt,521,halaman,,h. 18,putaran kedua (AI-2),AI-2
2026-10-01,topik/bukti/mekanisme_C1.txt,521,referensi_hitung,,tidak ada,putaran kedua (AI-2),AI-2
2026-10-01,topik/bukti/mekanisme_C1.txt,521,tingkat_metrik,,deteksi,putaran kedua (AI-2),AI-2
2026-10-01,topik/bukti/mekanisme_C1.txt,521,berubah,,ya (lama: per_kelas=Y),putaran kedua (AI-2),AI-2
2026-10-01,topik/bukti/mekanisme_C1.txt,522,sumber_kode,,judul,putaran kedua (AI-2),AI-2
2026-10-01,topik/bukti/mekanisme_C1.txt,522,referensi_hitung,,tidak ada,putaran kedua (AI-2),AI-2
2026-10-01,topik/bukti/mekanisme_C1.txt,522,tingkat_metrik,,hitung,putaran kedua (AI-2),AI-2
2026-10-01,topik/bukti/mekanisme_C1.txt,522,berubah,,tidak,putaran kedua (AI-2),AI-2
2026-10-01,topik/penyaringan/abstrak_T00.txt,525,dasar_keputusan,judul,abstrak (web),putaran kedua menemukan abstrak atau teks; baris tidak dipindah,AI-2
2026-10-01,topik/bukti/mekanisme_C1.txt,525,hasil_ringkas,kumquat pot; registrasi awan titik (judul),"Pada 9 tanaman kumkuat pot (149 buah): recall 85,91%, presisi 79,01%, F1 82,32%; R2 jumlah buah prediksi terhadap jumlah sebenarnya 0,97 dan MAPE 16,02%.",putaran kedua (AI-2),AI-2
2026-10-01,topik/bukti/mekanisme_C1.txt,525,sumber_kode,,abstrak,putaran kedua (AI-2),AI-2
2026-10-01,topik/bukti/mekanisme_C1.txt,525,referensi_hitung,,pohon,putaran kedua (AI-2),AI-2
2026-10-01,topik/bukti/mekanisme_C1.txt,525,tingkat_metrik,,hitung;deteksi,putaran kedua (AI-2),AI-2
2026-10-01,topik/bukti/mekanisme_C1.txt,525,berubah,,tidak,putaran kedua (AI-2),AI-2
2026-10-01,topik/bukti/mekanisme_C1.txt,533,mekanisme,M2,M2+M5,"Putaran kedua benar pada mekanisme. Teks lengkap menunjukkan bahwa pasangan potongan citra digabung lalu dimasukkan ke jaringan konvolusi yang dilatih dengan 3.066 pasangan apel dan 6.028 pasangan jeruk untuk mengeluarkan skor kemiripan, kemudian diputuskan dengan penugasan Kuhn-Munkres. Jaringan itu dilatih untuk memutuskan korespondensi (M5) atas dasar penampilan (M2), sehingga M2 saja dari putaran pertama tidak lengkap.",AI-2
2026-10-01,topik/bukti/mekanisme_C1.txt,533,hasil_ringkas,"apel dan jeruk; pencocokan tambalan + Kuhn-Munkres untuk buah berulang; F1 0,816 dan 0,864","Pada 20 sekuens apel dan 20 sekuens jeruk, hitungan setelah pengurangan buah duplikat mencapai R2 0,9737 (apel) dan 0,9562 (jeruk) dengan RMSE 10,0920 dan 4,2544; model pencocokan memperoleh F1 0,816 dan 0,864, dan CenterNet mAP 0,939 pada IoU 0,5.",putaran kedua (AI-2),AI-2
2026-10-01,topik/bukti/mekanisme_C1.txt,533,sumber_kode,,teks lengkap,putaran kedua (AI-2),AI-2
2026-10-01,topik/bukti/mekanisme_C1.txt,533,halaman,,"h. 13 (Gambar 14); Tabel 4, h. 12",putaran kedua (AI-2),AI-2
2026-10-01,topik/bukti/mekanisme_C1.txt,533,referensi_hitung,,anotasi,putaran kedua (AI-2),AI-2
2026-10-01,topik/bukti/mekanisme_C1.txt,533,tingkat_metrik,,hitung;deteksi,putaran kedua (AI-2),AI-2
2026-10-01,topik/bukti/mekanisme_C1.txt,533,berubah,,ya (lama: mekanisme=M2),putaran kedua (AI-2),AI-2
2026-10-01,topik/bukti/mekanisme_C1.txt,535,mekanisme,M3+M2,M3,"Putaran kedua benar pada mekanisme. Abstrak dan teks lengkap menggambarkan OrangeSort sebagai pelacak berbasis estimasi perpindahan gerak dengan wilayah hitung, filter Kalman, dan pencocokan Hungarian; tidak ada deskriptor penampilan atau modul re-ID. DeepSort hanya dipakai sebagai pembanding, sehingga M2 dari putaran pertama tidak didukung.",AI-2
2026-10-01,topik/bukti/mekanisme_C1.txt,535,hasil_ringkas,"jeruk; OrangeSort wilayah hitung + gerak; mAP OrangeYolo 0,957; MAE hitung 0,081 vs SORT 0,45 dan DeepSORT 1,212","OrangeYolo mencapai mAP 0,957; pencacahan dengan OrangeSort pada enam sekuens video (22 pohon) menghasilkan MAE 0,081 dan SD 0,08, lebih baik daripada Sort (MAE 0,45) dan DeepSort (MAE 1,212).",putaran kedua (AI-2),AI-2
2026-10-01,topik/bukti/mekanisme_C1.txt,535,sumber_kode,,teks lengkap,putaran kedua (AI-2),AI-2
2026-10-01,topik/bukti/mekanisme_C1.txt,535,referensi_hitung,,anotasi,putaran kedua (AI-2),AI-2
2026-10-01,topik/bukti/mekanisme_C1.txt,535,tingkat_metrik,,hitung;deteksi,putaran kedua (AI-2),AI-2
2026-10-01,topik/bukti/mekanisme_C1.txt,535,berubah,,ya (lama: mekanisme=M3+M2),putaran kedua (AI-2),AI-2
2026-10-01,topik/bukti/mekanisme_C1.txt,540,akuisisi,V,D,"Putaran kedua benar untuk akuisisi: teks lengkap menyatakan bahwa perencana viewpoint merencanakan viewpoint diskret sehingga pelacakan kontinu antarframe tidak dapat dilakukan, dan pose diambil dari umpan balik lengan robot. Hal itu sesuai dengan D (beberapa posisi tetap terhadap tanaman yang sama), bukan V (video dari kamera yang bergerak), yang diberikan putaran pertama berdasarkan abstrak saja.",AI-2
2026-10-01,topik/bukti/mekanisme_C1.txt,540,hasil_ringkas,paprika; peta TSDF dari RGB-D + klaster + superelipsoid; volume buah dalam simulasi,"Pada tiga skenario simulasi (20 percobaan, masing-masing tiga menit), pencocokan superelipsoid menemukan lebih banyak buah dengan akurasi volume minimum 0,5 daripada pendekatan octree lama; jumlah buah terdeteksi dibandingkan dengan kebenaran dasar simulator. Data rumah kaca nyata hanya kualitatif.",putaran kedua (AI-2),AI-2
2026-10-01,topik/bukti/mekanisme_C1.txt,540,sumber_kode,,teks lengkap,putaran kedua (AI-2),AI-2
2026-10-01,topik/bukti/mekanisme_C1.txt,540,halaman,,"h. 2 (viewpoint diskret); h. 4-5 (evaluasi, Gambar 3)",putaran kedua (AI-2),AI-2
2026-10-01,topik/bukti/mekanisme_C1.txt,540,referensi_hitung,,anotasi,putaran kedua (AI-2),AI-2
2026-10-01,topik/bukti/mekanisme_C1.txt,540,tingkat_metrik,,hitung,putaran kedua (AI-2),AI-2
2026-10-01,topik/bukti/mekanisme_C1.txt,540,berubah,,ya (lama: akuisisi=V),putaran kedua (AI-2),AI-2
2026-10-01,topik/bukti/mekanisme_C1.txt,543,per_kelas,Y,N,"Putaran kedua benar pada per_kelas. Teks lengkap melaporkan hitungan total per pohon dan galat hasil per kebun (Tabel 5 dan 6), sedangkan kelas matang dan belum matang hanya dievaluasi melalui F1 klasifikasi tanpa hitungan per kelas. Mekanisme M1 dan akuisisi D dari kedua putaran terkonfirmasi oleh persamaan Ntotal = r(Nfront + Nback).",AI-2
2026-10-01,topik/bukti/mekanisme_C1.txt,543,hasil_ringkas,apel; hitung buah terlihat dari dua sisi + klasifikasi kematangan + algoritme beban buah,"Hitungan sisi depan dan belakang pohon dijumlahkan lalu dikalikan faktor koreksi per kebun (1,09; 1,04; 0,954). Galat hitung 4,3%, 4,93%, dan 4,25% untuk Kebun A, B, dan C terhadap hitungan manual.",putaran kedua (AI-2),AI-2
2026-10-01,topik/bukti/mekanisme_C1.txt,543,sumber_kode,,teks lengkap,putaran kedua (AI-2),AI-2
2026-10-01,topik/bukti/mekanisme_C1.txt,543,halaman,,8-9,putaran kedua (AI-2),AI-2
2026-10-01,topik/bukti/mekanisme_C1.txt,543,referensi_hitung,,pohon,putaran kedua (AI-2),AI-2
2026-10-01,topik/bukti/mekanisme_C1.txt,543,tingkat_metrik,,hitung;deteksi,putaran kedua (AI-2),AI-2
2026-10-01,topik/bukti/mekanisme_C1.txt,543,berubah,,ya (lama: per_kelas=Y),putaran kedua (AI-2),AI-2
2026-10-01,topik/bukti/mekanisme_C1.txt,549,sumber_kode,,abstrak,putaran kedua (AI-2),AI-2
2026-10-01,topik/bukti/mekanisme_C1.txt,549,referensi_hitung,,anotasi,putaran kedua (AI-2),AI-2
2026-10-01,topik/bukti/mekanisme_C1.txt,549,tingkat_metrik,,hitung;deteksi,putaran kedua (AI-2),AI-2
2026-10-01,topik/bukti/mekanisme_C1.txt,549,berubah,,tidak,putaran kedua (AI-2),AI-2
2026-10-01,topik/penyaringan/abstrak_T00.txt,555,dasar_keputusan,judul,abstrak (web),putaran kedua menemukan abstrak atau teks; baris tidak dipindah,AI-2
2026-10-01,topik/bukti/mekanisme_C1.txt,555,mekanisme,M3,M3+M4,"Putaran kedua benar pada mekanisme. Abstrak di halaman Springer menyatakan bahwa posisi tomat dilacak antarcitra dengan informasi perpindahan spasial robot dan penyaringan kedalaman 3D, yaitu pelacakan yang digabung dengan pencocokan posisi berbasis odometri dan depth (M3+M4), sedangkan putaran pertama hanya berdasar judul.",AI-2
2026-10-01,topik/bukti/mekanisme_C1.txt,555,hasil_ringkas,"tomat, robot pengintai rumah kaca (judul)",Akurasi hitung tandan tomat lebih dari 84% dan buah tunggal lebih dari 86% pada percobaan rumah kaca dengan robot inspeksi.,putaran kedua (AI-2),AI-2
2026-10-01,topik/bukti/mekanisme_C1.txt,555,sumber_kode,,abstrak,putaran kedua (AI-2),AI-2
2026-10-01,topik/bukti/mekanisme_C1.txt,555,referensi_hitung,,pohon,putaran kedua (AI-2),AI-2
2026-10-01,topik/bukti/mekanisme_C1.txt,555,tingkat_metrik,,hitung,putaran kedua (AI-2),AI-2
2026-10-01,topik/bukti/mekanisme_C1.txt,555,berubah,,ya (lama: mekanisme=M3),putaran kedua (AI-2),AI-2
2026-10-01,topik/penyaringan/abstrak_T00.txt,572,dasar_keputusan,judul,abstrak (web),putaran kedua menemukan abstrak atau teks; baris tidak dipindah,AI-2
2026-10-01,topik/bukti/mekanisme_C1.txt,572,hasil_ringkas,apel; video waktu nyata + pelacakan (judul),"Presisi deteksi rerata YOLOv4-tiny 94,47%; MOTA 69,14% dan MOTP 75,60%. Pada 10 video kebun, presisi hitung rerata 81,94% dan R2 0,986 terhadap hitungan pengamatan manual.",putaran kedua (AI-2),AI-2
2026-10-01,topik/bukti/mekanisme_C1.txt,572,sumber_kode,,abstrak,putaran kedua (AI-2),AI-2
2026-10-01,topik/bukti/mekanisme_C1.txt,572,referensi_hitung,,anotasi,putaran kedua (AI-2),AI-2
2026-10-01,topik/bukti/mekanisme_C1.txt,572,tingkat_metrik,,hitung;identitas;deteksi,putaran kedua (AI-2),AI-2
2026-10-01,topik/bukti/mekanisme_C1.txt,572,berubah,,tidak,putaran kedua (AI-2),AI-2
2026-10-01,topik/bukti/mekanisme_C1.txt,577,hasil_ringkas,"apel, jeruk, labu; DeepSORT dengan ekstraktor ResNet; akurasi 91–95% apel; GPS untuk peta","YOLOv3 dan DeepSORT dengan pengekstrak fitur ResNet18 menghitung apel pada video tiga baris penuh dengan akurasi 90,6%, 93,0%, dan 95,8% (4375/4827, 3647/3921, 3530/3683); labu 93,9% (219/233) dan jeruk 79,3% (96/121).",putaran kedua (AI-2),AI-2
2026-10-01,topik/bukti/mekanisme_C1.txt,577,sumber_kode,,teks lengkap,putaran kedua (AI-2),AI-2
2026-10-01,topik/bukti/mekanisme_C1.txt,577,halaman,,"Tabel 6, h. 17",putaran kedua (AI-2),AI-2
2026-10-01,topik/bukti/mekanisme_C1.txt,577,referensi_hitung,,anotasi,putaran kedua (AI-2),AI-2
2026-10-01,topik/bukti/mekanisme_C1.txt,577,tingkat_metrik,,hitung,putaran kedua (AI-2),AI-2
2026-10-01,topik/bukti/mekanisme_C1.txt,577,berubah,,tidak,putaran kedua (AI-2),AI-2
2026-10-01,topik/bukti/mekanisme_C1.txt,580,hasil_ringkas,apel; penyelarasan awan titik musim panen dengan awan titik musim dingin untuk menetapkan buah ke pohon; akurasi >95%,"Apel dideteksi berdasarkan warna pada awan titik berwarna hasil SfM dari 364-382 citra per adegan dengan recall 74,50-90,62% dan presisi 48,64-66,66%; penetapan apel ke pohon induknya mencapai akurasi di atas 95% (100% pada empat dari tujuh adegan).",putaran kedua (AI-2),AI-2
2026-10-01,topik/bukti/mekanisme_C1.txt,580,sumber_kode,,teks lengkap,putaran kedua (AI-2),AI-2
2026-10-01,topik/bukti/mekanisme_C1.txt,580,halaman,,"Tabel 3 dan Gambar 8, h. 20; akuisisi h. 6",putaran kedua (AI-2),AI-2
2026-10-01,topik/bukti/mekanisme_C1.txt,580,referensi_hitung,,anotasi,putaran kedua (AI-2),AI-2
2026-10-01,topik/bukti/mekanisme_C1.txt,580,tingkat_metrik,,deteksi,putaran kedua (AI-2),AI-2
2026-10-01,topik/bukti/mekanisme_C1.txt,580,berubah,,tidak,putaran kedua (AI-2),AI-2
2026-10-01,topik/bukti/mekanisme_C1.txt,581,mekanisme,M1,M1+M3,"Putaran kedua benar pada kedua bidang. Teks lengkap menyatakan video 10 fps dari kendaraan yang berjalan di antara baris dan pelacakan buah antarframe dengan Kalman filter (M3, akuisisi V), sedangkan putaran pertama hanya menangkap koreksi statistik. M1 tetap dipertahankan karena varian MV-CAL memakai faktor oklusi dari hitungan manual pohon kalibrasi.",AI-2
2026-10-01,topik/bukti/mekanisme_C1.txt,581,akuisisi,D,V,"Putaran kedua benar pada kedua bidang. Teks lengkap menyatakan video 10 fps dari kendaraan yang berjalan di antara baris dan pelacakan buah antarframe dengan Kalman filter (M3, akuisisi V), sedangkan putaran pertama hanya menangkap koreksi statistik. M1 tetap dipertahankan karena varian MV-CAL memakai faktor oklusi dari hitungan manual pohon kalibrasi.",AI-2
2026-10-01,topik/bukti/mekanisme_C1.txt,581,hasil_ringkas,"mangga; multipandang per pohon terhadap hitungan rumah kemas; galat rata-rata 11% (MV-Raw) vs 17% (MV-CAL); kebun teralis over-estimasi 25,2%","Pada sembilan kebun musim 2019-2020, galat persentase rata-rata terhadap hitungan packhouse adalah 26 % (FARM), 13 % (CAL), 11 % (MV-Raw), dan 17 % (MV-CAL). Kanopi trellis terhitung lebih (25,2 %).",putaran kedua (AI-2),AI-2
2026-10-01,topik/bukti/mekanisme_C1.txt,581,sumber_kode,,teks lengkap,putaran kedua (AI-2),AI-2
2026-10-01,topik/bukti/mekanisme_C1.txt,581,halaman,,h. 4 (metode); h. 11 (hasil),putaran kedua (AI-2),AI-2
2026-10-01,topik/bukti/mekanisme_C1.txt,581,referensi_hitung,,pohon;panen;packhouse,putaran kedua (AI-2),AI-2
2026-10-01,topik/bukti/mekanisme_C1.txt,581,tingkat_metrik,,hitung,putaran kedua (AI-2),AI-2
2026-10-01,topik/bukti/mekanisme_C1.txt,581,berubah,,ya (lama: mekanisme=M1; akuisisi=D),putaran kedua (AI-2),AI-2
2026-10-01,topik/bukti/mekanisme_C1.txt,592,hasil_ringkas,"pir; DeepSORT; metode ID unik F1count 87,85% lebih andal dari garis ROI","YOLOv4-512 dengan Deep SORT pada satu video ponsel 32 detik: metode ID unik mencapai F1count 87,85% dan MOTA 75,47%, sedangkan metode garis ROI mencapai F1count 72,94% dan MOTA 56,60%. AP@0,50 deteksi terbaik 98% (YOLOv4-CSP).",putaran kedua (AI-2),AI-2
2026-10-01,topik/bukti/mekanisme_C1.txt,592,sumber_kode,,teks lengkap,putaran kedua (AI-2),AI-2
2026-10-01,topik/bukti/mekanisme_C1.txt,592,halaman,,"Tabel 9, h. 26",putaran kedua (AI-2),AI-2
2026-10-01,topik/bukti/mekanisme_C1.txt,592,referensi_hitung,,anotasi,putaran kedua (AI-2),AI-2
2026-10-01,topik/bukti/mekanisme_C1.txt,592,tingkat_metrik,,hitung;identitas;deteksi,putaran kedua (AI-2),AI-2
2026-10-01,topik/bukti/mekanisme_C1.txt,592,berubah,,tidak,putaran kedua (AI-2),AI-2
2026-10-01,topik/bukti/mekanisme_C1.txt,595,sumber_kode,,abstrak,putaran kedua (AI-2),AI-2
2026-10-01,topik/bukti/mekanisme_C1.txt,595,referensi_hitung,,tidak ada,putaran kedua (AI-2),AI-2
2026-10-01,topik/bukti/mekanisme_C1.txt,595,tingkat_metrik,,hitung,putaran kedua (AI-2),AI-2
2026-10-01,topik/bukti/mekanisme_C1.txt,595,berubah,,tidak,putaran kedua (AI-2),AI-2
2026-10-01,topik/bukti/mekanisme_C1.txt,601,sumber_kode,,abstrak,putaran kedua (AI-2),AI-2
2026-10-01,topik/bukti/mekanisme_C1.txt,601,referensi_hitung,,anotasi,putaran kedua (AI-2),AI-2
2026-10-01,topik/bukti/mekanisme_C1.txt,601,tingkat_metrik,,hitung;deteksi,putaran kedua (AI-2),AI-2
2026-10-01,topik/bukti/mekanisme_C1.txt,601,berubah,,tidak,putaran kedua (AI-2),AI-2
2026-10-01,topik/bukti/mekanisme_C1.txt,602,hasil_ringkas,"anggur dari awan titik fotogrametri UAV; R2 >0,75 terhadap bobot panen","Luas proyeksi titik yang diklasifikasikan sebagai anggur berkorelasi dengan bobot panen: R2 0,81 (Gr-19), 0,56 (Gr-20), dan 0,63 (Ga-20) pada perlakuan buang daun dua sisi, serta R2 0,82 pada kanopi utuh Gr-19.",putaran kedua (AI-2),AI-2
2026-10-01,topik/bukti/mekanisme_C1.txt,602,sumber_kode,,teks lengkap,putaran kedua (AI-2),AI-2
2026-10-01,topik/bukti/mekanisme_C1.txt,602,halaman,,h. 5-8 (akuisisi dan algoritme); h. 9 (Tabel 1),putaran kedua (AI-2),AI-2
2026-10-01,topik/bukti/mekanisme_C1.txt,602,referensi_hitung,,panen,putaran kedua (AI-2),AI-2
2026-10-01,topik/bukti/mekanisme_C1.txt,602,tingkat_metrik,,hitung,putaran kedua (AI-2),AI-2
2026-10-01,topik/bukti/mekanisme_C1.txt,602,berubah,,tidak,putaran kedua (AI-2),AI-2
2026-10-01,topik/penyaringan/abstrak_T00.txt,617,dasar_keputusan,judul,abstrak (web),putaran kedua menemukan abstrak atau teks; baris tidak dipindah,AI-2
2026-10-01,topik/bukti/mekanisme_C1.txt,617,mekanisme,M2,M2+M3,"Putaran kedua benar pada mekanisme: abstrak menyatakan sistem pelacakan multiobjek pada urutan citra dengan kepala re-identifikasi untuk menjaga konsistensi lintasan, sehingga kodenya M2+M3. Pada per_kelas, abstrak hanya melaporkan satu MAPE keseluruhan dan tidak menyatakan hitungan per kelas kematangan, sehingga bukti tidak cukup untuk mengubah nilai N dari putaran pertama.",AI-2
2026-10-01,topik/bukti/mekanisme_C1.txt,617,hasil_ringkas,stroberi; re-identifikasi untuk menembus oklusi (judul),"Sistem pelacakan buah multikelas dengan re-identifikasi mencapai MAPE 3% (L1 = 7), sedangkan pelacak multiobjek dasar memperoleh MAPE 21% (L1 = 41).",putaran kedua (AI-2),AI-2
2026-10-01,topik/bukti/mekanisme_C1.txt,617,sumber_kode,,abstrak,putaran kedua (AI-2),AI-2
2026-10-01,topik/bukti/mekanisme_C1.txt,617,referensi_hitung,,anotasi,putaran kedua (AI-2),AI-2
2026-10-01,topik/bukti/mekanisme_C1.txt,617,tingkat_metrik,,hitung,putaran kedua (AI-2),AI-2
2026-10-01,topik/bukti/mekanisme_C1.txt,617,berubah,,ya (lama: mekanisme=M2),putaran kedua (AI-2),AI-2
2026-10-01,topik/bukti/mekanisme_C1.txt,623,sumber_kode,,abstrak,putaran kedua (AI-2),AI-2
2026-10-01,topik/bukti/mekanisme_C1.txt,623,referensi_hitung,,anotasi,putaran kedua (AI-2),AI-2
2026-10-01,topik/bukti/mekanisme_C1.txt,623,tingkat_metrik,,hitung;deteksi,putaran kedua (AI-2),AI-2
2026-10-01,topik/bukti/mekanisme_C1.txt,623,berubah,,tidak,putaran kedua (AI-2),AI-2
2026-10-01,topik/bukti/mekanisme_C1.txt,640,sumber_kode,,abstrak,putaran kedua (AI-2),AI-2
2026-10-01,topik/bukti/mekanisme_C1.txt,640,referensi_hitung,,anotasi,putaran kedua (AI-2),AI-2
2026-10-01,topik/bukti/mekanisme_C1.txt,640,tingkat_metrik,,hitung,putaran kedua (AI-2),AI-2
2026-10-01,topik/bukti/mekanisme_C1.txt,640,berubah,,tidak,putaran kedua (AI-2),AI-2
2026-10-01,topik/bukti/mekanisme_C1.txt,649,sumber_kode,,abstrak,putaran kedua (AI-2),AI-2
2026-10-01,topik/bukti/mekanisme_C1.txt,649,referensi_hitung,,anotasi,putaran kedua (AI-2),AI-2
2026-10-01,topik/bukti/mekanisme_C1.txt,649,tingkat_metrik,,tidak ada,putaran kedua (AI-2),AI-2
2026-10-01,topik/bukti/mekanisme_C1.txt,649,berubah,,tidak,putaran kedua (AI-2),AI-2
2026-10-01,topik/bukti/mekanisme_C1.txt,655,sumber_kode,,abstrak,putaran kedua (AI-2),AI-2
2026-10-01,topik/bukti/mekanisme_C1.txt,655,referensi_hitung,,anotasi,putaran kedua (AI-2),AI-2
2026-10-01,topik/bukti/mekanisme_C1.txt,655,tingkat_metrik,,tidak ada,putaran kedua (AI-2),AI-2
2026-10-01,topik/bukti/mekanisme_C1.txt,655,berubah,,tidak,putaran kedua (AI-2),AI-2
2026-10-01,topik/bukti/mekanisme_C1.txt,658,mekanisme,M3+M4,M4,"Putaran kedua benar pada mekanisme. Seksi 3.5 teks lengkap menunjukkan bahwa tautan antarbingkai dibentuk hanya dari titik 3-D SfM yang terproyeksi ke masker instans, lalu lintasan terpanjang dicari pada graf; tidak ada pelacak gerak, filter Kalman, atau tumpang-tindih antarbingkai. Kata ""tracking"" pada judul merujuk pada lintasan hasil asosiasi geometris itu, sehingga M3 tidak didukung dan kodenya M4.",AI-2
2026-10-01,topik/bukti/mekanisme_C1.txt,658,hasil_ringkas,"anggur; segmentasi instans F1 0,91; pelacakan dengan asosiasi 3D; set data publik 300 citra","Mask R-CNN mencapai F1 segmentasi instans hingga 0,91 pada 408 tandan anggur; asosiasi 3-D dari SfM (COLMAP) pada 500 keyframe video hanya ditunjukkan secara kualitatif tanpa galat hitung.",putaran kedua (AI-2),AI-2
2026-10-01,topik/bukti/mekanisme_C1.txt,658,sumber_kode,,teks lengkap,putaran kedua (AI-2),AI-2
2026-10-01,topik/bukti/mekanisme_C1.txt,658,halaman,,"Seksi 3.5, h. 15-16",putaran kedua (AI-2),AI-2
2026-10-01,topik/bukti/mekanisme_C1.txt,658,referensi_hitung,,tidak ada,putaran kedua (AI-2),AI-2
2026-10-01,topik/bukti/mekanisme_C1.txt,658,tingkat_metrik,,deteksi,putaran kedua (AI-2),AI-2
2026-10-01,topik/bukti/mekanisme_C1.txt,658,berubah,,ya (lama: mekanisme=M3+M4),putaran kedua (AI-2),AI-2
2026-10-01,topik/bukti/mekanisme_C1.txt,664,sumber_kode,,abstrak,putaran kedua (AI-2),AI-2
2026-10-01,topik/bukti/mekanisme_C1.txt,664,referensi_hitung,,pohon;panen,putaran kedua (AI-2),AI-2
2026-10-01,topik/bukti/mekanisme_C1.txt,664,tingkat_metrik,,hitung,putaran kedua (AI-2),AI-2
2026-10-01,topik/bukti/mekanisme_C1.txt,664,berubah,,tidak,putaran kedua (AI-2),AI-2
2026-10-01,topik/bukti/mekanisme_C1.txt,672,sumber_kode,,abstrak,putaran kedua (AI-2),AI-2
2026-10-01,topik/bukti/mekanisme_C1.txt,672,referensi_hitung,,pohon,putaran kedua (AI-2),AI-2
2026-10-01,topik/bukti/mekanisme_C1.txt,672,tingkat_metrik,,hitung;deteksi,putaran kedua (AI-2),AI-2
2026-10-01,topik/bukti/mekanisme_C1.txt,672,berubah,,tidak,putaran kedua (AI-2),AI-2
2026-10-01,topik/bukti/mekanisme_C1.txt,675,akuisisi,D,V,"Putaran kedua benar pada akuisisi. Teks lengkap menyatakan masukan berupa video RGB atau RGB-D dari kamera yang bergerak di sepanjang tiap sisi baris (dataset 873, 1.065, dan 831 citra pada 30 fps), bukan beberapa foto diskret, sehingga akuisisi adalah V. Mekanisme M4 dan angka Tabel 5 sesuai dengan teks.",AI-2
2026-10-01,topik/bukti/mekanisme_C1.txt,675,hasil_ringkas,apel; penggabungan rekonstruksi dua sisi baris dengan fitur global dan semantik; jumlah buah dari model 3D,"Hitungan apel dari rekonstruksi dua sisi yang digabung mencapai 91,98%-94,81% dari jumlah panen pada tiga dataset RGB (256/270, 252/274, 392/414), sedangkan penjumlahan hitungan tiap sisi menghasilkan 101,93%-150%.",putaran kedua (AI-2),AI-2
2026-10-01,topik/bukti/mekanisme_C1.txt,675,sumber_kode,,teks lengkap,putaran kedua (AI-2),AI-2
2026-10-01,topik/bukti/mekanisme_C1.txt,675,halaman,,"Tabel 5, h. 27",putaran kedua (AI-2),AI-2
2026-10-01,topik/bukti/mekanisme_C1.txt,675,referensi_hitung,,panen,putaran kedua (AI-2),AI-2
2026-10-01,topik/bukti/mekanisme_C1.txt,675,tingkat_metrik,,hitung,putaran kedua (AI-2),AI-2
2026-10-01,topik/bukti/mekanisme_C1.txt,675,berubah,,ya (lama: akuisisi=D),putaran kedua (AI-2),AI-2
2026-10-01,topik/bukti/mekanisme_C1.txt,694,mekanisme,M4+M1,M3+M4,"Putaran kedua benar pada mekanisme. Teks lengkap menunjukkan kotak klaster dipropagasi antarbingkai berurutan dengan homografi dan dicocokkan berdasarkan tumpang-tindih (M3), lalu hitungan dua sisi digabung melalui rekonstruksi fotogrametri yang disatukan (M4). Tidak ada faktor koreksi atau regresi terhadap hitungan acuan, sehingga M1 dari putaran pertama tidak didukung.",AI-2
2026-10-01,topik/bukti/mekanisme_C1.txt,694,hasil_ringkas,"apel 252 pohon; klaster spasial + gerak kamera untuk menggabungkan hitung lintas pandang dan dua sisi; akurasi 91,98–94,81%","Deteksi mencapai F1 0,95-0,97; hitungan satu sisi dengan pelacakan homografi mencapai 89%-98% dari apel yang terlihat. Hitungan gabungan dua sisi terhadap jumlah panen mencapai akurasi 91,98%-94,81%, sedangkan penjumlahan langsung dua sisi menghasilkan 101,93%-150%.",putaran kedua (AI-2),AI-2
2026-10-01,topik/bukti/mekanisme_C1.txt,694,sumber_kode,,teks lengkap,putaran kedua (AI-2),AI-2
2026-10-01,topik/bukti/mekanisme_C1.txt,694,halaman,,"Bagian 4.2, h. 9-10; Bagian 5.5, h. 18-19",putaran kedua (AI-2),AI-2
2026-10-01,topik/bukti/mekanisme_C1.txt,694,referensi_hitung,,panen;anotasi,putaran kedua (AI-2),AI-2
2026-10-01,topik/bukti/mekanisme_C1.txt,694,tingkat_metrik,,hitung;deteksi,putaran kedua (AI-2),AI-2
2026-10-01,topik/bukti/mekanisme_C1.txt,694,berubah,,ya (lama: mekanisme=M4+M1),putaran kedua (AI-2),AI-2
2026-10-01,topik/bukti/mekanisme_C1.txt,699,hasil_ringkas,"mangga; Kalman + aliran optik, lalu SfM semantik buah-sebagai-fitur untuk mengenali hitung ganda; setara sistem LiDAR+GPS/INS","Pada 18 pohon mangga yang dihitung manual di lapangan (rata-rata 175 buah per pohon), sistem monokular mencapai galat hitung per pohon rata-rata 27,8 (SD 29,6), kemiringan regresi 0,86, dan R2 0,78; pembanding dengan LiDAR dan GPS/INS mencapai 19,8, 0,97, dan 0,88.",putaran kedua (AI-2),AI-2
2026-10-01,topik/bukti/mekanisme_C1.txt,699,sumber_kode,,teks lengkap,putaran kedua (AI-2),AI-2
2026-10-01,topik/bukti/mekanisme_C1.txt,699,halaman,,"Gambar 9-10, h. 7",putaran kedua (AI-2),AI-2
2026-10-01,topik/bukti/mekanisme_C1.txt,699,referensi_hitung,,pohon,putaran kedua (AI-2),AI-2
2026-10-01,topik/bukti/mekanisme_C1.txt,699,tingkat_metrik,,hitung,putaran kedua (AI-2),AI-2
2026-10-01,topik/bukti/mekanisme_C1.txt,699,berubah,,tidak,putaran kedua (AI-2),AI-2
2026-10-01,topik/bukti/mekanisme_C1.txt,700,hasil_ringkas,"mangga; MangoYOLO + Kalman + Hungarian multi-ke-satu; 9,9% hitung ganda dan 7,3% terlewat pada video 192 buah","Pada video 110 frame dengan 192 buah (hitungan manusia), metode menghasilkan 9,9% hitungan ganda dan 7,3% hitungan terlewat (estimasi 197; 102,6%). Pada baris 21 pohon dengan panen 3.286 buah, pelacakan video mencatat 2.050 buah (62,3%; RMSE terkoreksi bias 18,0 buah/pohon) dibanding 1.322 buah (40,2%; 21,7) pada citra dua pandang.",putaran kedua (AI-2),AI-2
2026-10-01,topik/bukti/mekanisme_C1.txt,700,sumber_kode,,teks lengkap,putaran kedua (AI-2),AI-2
2026-10-01,topik/bukti/mekanisme_C1.txt,700,halaman,,"Tabel 1 dan Tabel 2, h. 14",putaran kedua (AI-2),AI-2
2026-10-01,topik/bukti/mekanisme_C1.txt,700,referensi_hitung,,anotasi;panen,putaran kedua (AI-2),AI-2
2026-10-01,topik/bukti/mekanisme_C1.txt,700,tingkat_metrik,,hitung,putaran kedua (AI-2),AI-2
2026-10-01,topik/bukti/mekanisme_C1.txt,700,berubah,,tidak,putaran kedua (AI-2),AI-2
2026-10-01,topik/bukti/mekanisme_C1.txt,702,sumber_kode,,abstrak,putaran kedua (AI-2),AI-2
2026-10-01,topik/bukti/mekanisme_C1.txt,702,referensi_hitung,,anotasi,putaran kedua (AI-2),AI-2
2026-10-01,topik/bukti/mekanisme_C1.txt,702,tingkat_metrik,,deteksi,putaran kedua (AI-2),AI-2
2026-10-01,topik/bukti/mekanisme_C1.txt,702,berubah,,tidak,putaran kedua (AI-2),AI-2
2026-10-01,topik/bukti/mekanisme_C1.txt,711,sumber_kode,,abstrak,putaran kedua (AI-2),AI-2
2026-10-01,topik/bukti/mekanisme_C1.txt,711,referensi_hitung,,tidak ada,putaran kedua (AI-2),AI-2
2026-10-01,topik/bukti/mekanisme_C1.txt,711,tingkat_metrik,,deteksi,putaran kedua (AI-2),AI-2
2026-10-01,topik/bukti/mekanisme_C1.txt,711,berubah,,tidak,putaran kedua (AI-2),AI-2
2026-10-01,topik/bukti/mekanisme_C1.txt,723,sumber_kode,,abstrak,putaran kedua (AI-2),AI-2
2026-10-01,topik/bukti/mekanisme_C1.txt,723,referensi_hitung,,anotasi,putaran kedua (AI-2),AI-2
2026-10-01,topik/bukti/mekanisme_C1.txt,723,tingkat_metrik,,hitung,putaran kedua (AI-2),AI-2
2026-10-01,topik/bukti/mekanisme_C1.txt,723,berubah,,tidak,putaran kedua (AI-2),AI-2
2026-10-01,topik/bukti/mekanisme_C1.txt,766,mekanisme,M4,M3+M4,"Putaran kedua benar. Teks lengkap (Bagian 2.4) menyatakan buah dilacak antarbingkai berurutan dengan garis epipolar dan penugasan Hungarian, lalu seluruh pengamatan terlacak ditriangulasi ke 3D; menurut konvensi, pelacakan ditambah lokalisasi 3D dikodekan M3+M4. M4 dari putaran pertama benar tetapi tidak lengkap.",AI-2
2026-10-01,topik/bukti/mekanisme_C1.txt,766,hasil_ringkas,"mangga 522 pohon, 71.609 buah; korespondensi berpasangan dari data navigasi + triangulasi; LiDAR memisahkan pohon; galat 1,36% per pohon tanpa kalibrasi; satu dan dua pandang memerlukan kalibrasi","Pada 16 pohon mangga, hitungan multi-pandang terhadap hitungan panen memberi kemiringan 1,014 (galat 1,36%) dengan R2 = 0,90 tanpa kalibrasi; pandangan tunggal hanya menghitung 27% buah (R2 = 0,81) dan pandangan ganda 54% (R2 = 0,94). F1 deteksi Faster R-CNN 0,881.",putaran kedua (AI-2),AI-2
2026-10-01,topik/bukti/mekanisme_C1.txt,766,sumber_kode,,teks lengkap,putaran kedua (AI-2),AI-2
2026-10-01,topik/bukti/mekanisme_C1.txt,766,halaman,,"Bagian 2.4, h. 9; abstrak, h. 1; F1 deteksi, h. 7",putaran kedua (AI-2),AI-2
2026-10-01,topik/bukti/mekanisme_C1.txt,766,referensi_hitung,,pohon;panen,putaran kedua (AI-2),AI-2
2026-10-01,topik/bukti/mekanisme_C1.txt,766,tingkat_metrik,,hitung;deteksi,putaran kedua (AI-2),AI-2
2026-10-01,topik/bukti/mekanisme_C1.txt,766,berubah,,ya (lama: mekanisme=M4),putaran kedua (AI-2),AI-2
2026-10-01,topik/bukti/mekanisme_C1.txt,767,sumber_kode,,abstrak,putaran kedua (AI-2),AI-2
2026-10-01,topik/bukti/mekanisme_C1.txt,767,referensi_hitung,,tidak ada,putaran kedua (AI-2),AI-2
2026-10-01,topik/bukti/mekanisme_C1.txt,767,tingkat_metrik,,hitung,putaran kedua (AI-2),AI-2
2026-10-01,topik/bukti/mekanisme_C1.txt,767,berubah,,tidak,putaran kedua (AI-2),AI-2
2026-10-01,topik/bukti/mekanisme_C1.txt,777,sumber_kode,,abstrak,putaran kedua (AI-2),AI-2
2026-10-01,topik/bukti/mekanisme_C1.txt,777,referensi_hitung,,pohon,putaran kedua (AI-2),AI-2
2026-10-01,topik/bukti/mekanisme_C1.txt,777,tingkat_metrik,,hitung;deteksi,putaran kedua (AI-2),AI-2
2026-10-01,topik/bukti/mekanisme_C1.txt,777,berubah,,tidak,putaran kedua (AI-2),AI-2
2026-10-01,topik/bukti/mekanisme_C1.txt,792,hasil_ringkas,"apel, citra malam dua sisi tiga ketinggian; jumlah enam citra dikalibrasi terhadap 14 pohon; total hasil dalam 10%","Jumlah objek pada enam citra per pohon (dua sisi, tiga ketinggian) dijumlahkan lalu dikalibrasi ke hasil panen dengan 14 pohon; galat estimasi total pohon validasi -10,49% sampai 9,37% (Pendekatan 1) dan -4,69% sampai 12,51% (Pendekatan 2). Deteksi pada enam citra hanya sekitar sepertiga hasil aktual pohon.",putaran kedua (AI-2),AI-2
2026-10-01,topik/bukti/mekanisme_C1.txt,792,sumber_kode,,teks lengkap,putaran kedua (AI-2),AI-2
2026-10-01,topik/bukti/mekanisme_C1.txt,792,halaman,,"Tabel 2 dan 3, h. 6",putaran kedua (AI-2),AI-2
2026-10-01,topik/bukti/mekanisme_C1.txt,792,referensi_hitung,,panen;anotasi,putaran kedua (AI-2),AI-2
2026-10-01,topik/bukti/mekanisme_C1.txt,792,tingkat_metrik,,hitung,putaran kedua (AI-2),AI-2
2026-10-01,topik/bukti/mekanisme_C1.txt,792,berubah,,tidak,putaran kedua (AI-2),AI-2
2026-10-01,topik/penyaringan/abstrak_T00.txt,818,dasar_keputusan,judul,abstrak (web),putaran kedua menemukan abstrak atau teks; baris tidak dipindah,AI-2
2026-10-01,topik/bukti/mekanisme_C1.txt,818,hasil_ringkas,apel; identifikasi apel berulang pada citra dua sisi (judul; pendahulu 777),Galat absolut rerata dalam mengenali apel berulang dari dua sisi kanopi adalah 12% bila jarak penyangga sebesar satu diameter apel digunakan.,putaran kedua (AI-2),AI-2
2026-10-01,topik/bukti/mekanisme_C1.txt,818,sumber_kode,,abstrak,putaran kedua (AI-2),AI-2
2026-10-01,topik/bukti/mekanisme_C1.txt,818,referensi_hitung,,anotasi,putaran kedua (AI-2),AI-2
2026-10-01,topik/bukti/mekanisme_C1.txt,818,tingkat_metrik,,hitung,putaran kedua (AI-2),AI-2
2026-10-01,topik/bukti/mekanisme_C1.txt,818,berubah,,tidak,putaran kedua (AI-2),AI-2
2026-10-01,topik/bukti/mekanisme_C1.txt,838,sumber_kode,,abstrak,putaran kedua (AI-2),AI-2
2026-10-01,topik/bukti/mekanisme_C1.txt,838,referensi_hitung,,panen,putaran kedua (AI-2),AI-2
2026-10-01,topik/bukti/mekanisme_C1.txt,838,tingkat_metrik,,hitung,putaran kedua (AI-2),AI-2
2026-10-01,topik/bukti/mekanisme_C1.txt,838,berubah,,tidak,putaran kedua (AI-2),AI-2
2026-10-01,topik/bukti/kode_C3.txt,865,per_kelas,Y,N,"Putaran kedua benar pada per_kelas. Abstrak menyebut tahap kematangan hanya sebagai sumber keragaman dataset bersama kepadatan, sudut pandang, dan pencahayaan, sedangkan anotasi berupa kotak per objek dan galat hitung dilaporkan per tingkat kepadatan, bukan per kelas. Tidak ada pernyataan bahwa kelas kematangan ditetapkan untuk tiap objek, sehingga nilai Y putaran pertama tidak berdasar.",AI-2
2026-10-01,topik/penyaringan/abstrak_T00.txt,893,alasan,E2,E5,"Kedua putaran sebagian keliru. Citra pepaya diambil di lahan pertanian sehingga E2 dari putaran pertama tidak didukung, tetapi hasil yang dilaporkan untuk pepaya hanya presisi, recall, dan mAP, sehingga menurut aturan d kajian ini bukan C2 melainkan X dengan E5. Grup X dari putaran pertama dipertahankan dengan alasan yang diperbaiki.",AI-2
2026-10-01,topik/penyaringan/abstrak_T00.txt,893,dasar_keputusan,judul,abstrak (web),putaran kedua menemukan abstrak atau teks; baris tidak dipindah,AI-2
2026-10-01,topik/penyaringan/abstrak_T00.txt,894,dasar_keputusan,judul,abstrak (web),putaran kedua menemukan abstrak atau teks; baris tidak dipindah,AI-2
2026-10-01,topik/penyaringan/abstrak_T00.txt,905,dasar_keputusan,judul,abstrak (web),putaran kedua menemukan abstrak atau teks; baris tidak dipindah,AI-2
2026-10-01,topik/penyaringan/abstrak_T00.txt,964,alasan,E2,E5,"Tidak ada putaran yang sepenuhnya benar. Abstrak verbatim dari halaman Springer menyebut foto diambil di lapangan sehingga E2 dari putaran 1 tidak didukung, tetapi hasil yang dilaporkan hanya mAP50-95, presisi, dan recall tanpa evaluasi hitungan, sehingga C2 dari putaran 2 juga tidak didukung (aturan d). Grup X dipertahankan dengan alasan E5.",AI-2
2026-10-01,topik/penyaringan/abstrak_T00.txt,964,dasar_keputusan,judul,abstrak (web),putaran kedua menemukan abstrak atau teks; baris tidak dipindah,AI-2
2026-10-01,topik/bukti/mekanisme_C1.txt,978,mekanisme,M1,M4,"Putaran kedua benar pada grup. Abstrak menyatakan bahwa deteksi dijalankan pada petak ortofoto, sehingga setiap buah diamati satu kali, dan koefisien koreksi untuk buah tersembunyi baru direncanakan ('will account'), sehingga mekanisme M1 pada putaran pertama tidak didukung. Kode M4 dari putaran kedua tidak dipakai karena pembuatan ortofoto bukan asosiasi buah antarcitra; pengecualian E5 tidak ditetapkan karena abstrak tidak cukup untuk memastikan ketiadaan evaluasi hitungan.",AI-2
2026-10-01,topik/bukti/mekanisme_C1.txt,978,sumber_kode,,abstrak,putaran kedua (AI-2),AI-2
2026-10-01,topik/bukti/mekanisme_C1.txt,978,referensi_hitung,,anotasi,putaran kedua (AI-2),AI-2
2026-10-01,topik/bukti/mekanisme_C1.txt,978,tingkat_metrik,,deteksi,putaran kedua (AI-2),AI-2
2026-10-01,topik/bukti/mekanisme_C1.txt,978,berubah,,ya (lama: mekanisme=M1),putaran kedua (AI-2),AI-2
2026-10-01,topik/bukti/mekanisme_C1.txt,1019,mekanisme,M0,M3+M4,"Putaran kedua benar pada mekanisme. Abstrak tidak menyebut cara asosiasi, tetapi teks versi arXiv menjelaskan pelacakan ByteTrack yang diteruskan ke structure-from-motion COLMAP dan pengelompokan landmark 3D per buah. Buah yang sama dengan demikian ditautkan antarframe dan dalam ruang 3D, sehingga M0 dari putaran pertama tidak tepat dan kodenya M3+M4.",AI-2
2026-10-01,topik/bukti/mekanisme_C1.txt,1019,hasil_ringkas,UAV menembus kanopi; perencanaan jalur untuk mengurangi oklusi; hitung dari citra tingkat kanopi,"Pada satu contoh, video penerbangan rendah di dekat satu pohon jeruk kecil dengan 12 buah diproses dan seluruh 12 buah terpulihkan; tidak ada metrik galat hitung lain yang dilaporkan.",putaran kedua (AI-2),AI-2
2026-10-01,topik/bukti/mekanisme_C1.txt,1019,sumber_kode,,teks lengkap,putaran kedua (AI-2),AI-2
2026-10-01,topik/bukti/mekanisme_C1.txt,1019,referensi_hitung,,pohon,putaran kedua (AI-2),AI-2
2026-10-01,topik/bukti/mekanisme_C1.txt,1019,tingkat_metrik,,hitung,putaran kedua (AI-2),AI-2
2026-10-01,topik/bukti/mekanisme_C1.txt,1019,berubah,,ya (lama: mekanisme=M0),putaran kedua (AI-2),AI-2
2026-10-01,topik/penyaringan/abstrak_T00.txt,1031,dasar_keputusan,judul,abstrak (web),putaran kedua menemukan abstrak atau teks; baris tidak dipindah,AI-2
2026-10-01,topik/bukti/mekanisme_C1.txt,1036,sumber_kode,,abstrak,putaran kedua (AI-2),AI-2
2026-10-01,topik/bukti/mekanisme_C1.txt,1036,referensi_hitung,,panen,putaran kedua (AI-2),AI-2
2026-10-01,topik/bukti/mekanisme_C1.txt,1036,tingkat_metrik,,hitung,putaran kedua (AI-2),AI-2
2026-10-01,topik/bukti/mekanisme_C1.txt,1036,berubah,,tidak,putaran kedua (AI-2),AI-2
2026-10-01,topik/penyaringan/abstrak_T00.txt,1215,dasar_keputusan,judul,abstrak (web),putaran kedua menemukan abstrak atau teks; baris tidak dipindah,AI-2
2026-10-01,topik/bukti/mekanisme_C1.txt,1215,mekanisme,M4,M1+M4,"Abstrak dari Europe PMC menyatakan bahwa prediksi jumlah buah memerlukan kalibrasi terpisah per batang bawah terhadap hitungan per pohon, sehingga M1 dari putaran kedua terdukung secara positif. Abstrak tidak memuat keterangan tentang asosiasi geometris, sehingga M4 dari putaran pertama tidak terbukti dan tidak terbantah; nilai itu dipertahankan dan M1 ditambahkan sesuai konvensi kalibrasi di atas mekanisme lain.",AI-2
2026-10-01,topik/bukti/mekanisme_C1.txt,1215,hasil_ringkas,apel; keandalan platform komersial untuk jumlah bunga dan buah per pohon (judul),"Platform bergerak bersensor komersial dikalibrasi dan divalidasi pada apel 'ANABP-01'; sesudah kalibrasi terpisah per batang bawah, RMSE 5 buah per pohon, dan galat tingkat kebun untuk jumlah buah serta hasil di bawah 5%. Deteksi klaster bunga bergalat sekitar 5 klaster per citra.",putaran kedua (AI-2),AI-2
2026-10-01,topik/bukti/mekanisme_C1.txt,1215,sumber_kode,,abstrak,putaran kedua (AI-2),AI-2
2026-10-01,topik/bukti/mekanisme_C1.txt,1215,referensi_hitung,,pohon;panen,putaran kedua (AI-2),AI-2
2026-10-01,topik/bukti/mekanisme_C1.txt,1215,tingkat_metrik,,hitung,putaran kedua (AI-2),AI-2
2026-10-01,topik/bukti/mekanisme_C1.txt,1215,berubah,,ya (lama: mekanisme=M4),putaran kedua (AI-2),AI-2
2026-10-01,topik/bukti/mekanisme_C1.txt,1265,mekanisme,M1,M1+M4,"Grup putaran 1 (C1) dipertahankan karena teks lengkap menunjukkan 452 citra bertumpang-tindih digabung dengan fotogrametri (penjajaran foto, awan titik 3D, ortomosaik) sebelum buah dicacah dan diregresikan ke hasil panen; C2 dicatat sebagai kode sekunder. Pada mekanisme, putaran 2 benar: rekonstruksi SfM yang menghasilkan ortomosaik adalah M4 dan regresi linear ke buah dipanen adalah M1. Akuisisi diubah ke V karena masukan adalah rangkaian citra dari kamera yang bergerak di atas baris.",AI-2
2026-10-01,topik/bukti/mekanisme_C1.txt,1265,akuisisi,D,V,"Grup putaran 1 (C1) dipertahankan karena teks lengkap menunjukkan 452 citra bertumpang-tindih digabung dengan fotogrametri (penjajaran foto, awan titik 3D, ortomosaik) sebelum buah dicacah dan diregresikan ke hasil panen; C2 dicatat sebagai kode sekunder. Pada mekanisme, putaran 2 benar: rekonstruksi SfM yang menghasilkan ortomosaik adalah M4 dan regresi linear ke buah dipanen adalah M1. Akuisisi diubah ke V karena masukan adalah rangkaian citra dari kamera yang bergerak di atas baris.",AI-2
2026-10-01,topik/bukti/mekanisme_C1.txt,1265,hasil_ringkas,"apel dari ortomosaik UAV; regresi linear dari buah terlihat ke total per pohon; R2 0,80","Sebanyak 452 citra UAV yang bertumpang-tindih disatukan menjadi ortomosaik, lalu Faster R-CNN mencacah apel pada potongan per pohon dengan presisi di atas 90%. Regresi linear jumlah buah pada citra terhadap buah dipanen memberi R2 0,80 (MAE 128,56; RMSE 130,56).",putaran kedua (AI-2),AI-2
2026-10-01,topik/bukti/mekanisme_C1.txt,1265,sumber_kode,,teks lengkap,putaran kedua (AI-2),AI-2
2026-10-01,topik/bukti/mekanisme_C1.txt,1265,halaman,,"h. 4 (ortomosaik); h. 9 (regresi, Gambar 9); h. 10 (Tabel 2)",putaran kedua (AI-2),AI-2
2026-10-01,topik/bukti/mekanisme_C1.txt,1265,referensi_hitung,,pohon;panen;anotasi,putaran kedua (AI-2),AI-2
2026-10-01,topik/bukti/mekanisme_C1.txt,1265,tingkat_metrik,,hitung;deteksi,putaran kedua (AI-2),AI-2
2026-10-01,topik/bukti/mekanisme_C1.txt,1265,berubah,,ya (lama: mekanisme=M1; akuisisi=D),putaran kedua (AI-2),AI-2
2026-10-01,topik/penyaringan/abstrak_03.txt,1278,kode,C2,C1,"Teks lengkap menunjukkan bahwa hasil utama (95,56%-97,83% dari hitungan panen) dihasilkan pipeline multipandang: rekonstruksi SfM tiap sisi baris, klaster buah 3D, dan penggabungan dua sisi untuk menghapus hitungan ganda. Asosiasi bersifat geometris (M4), akuisisi video (V).",AI-2
2026-10-01,topik/bukti/mekanisme_C1.txt,1278,mekanisme,,M4,"Teks lengkap menunjukkan bahwa hasil utama (95,56%-97,83% dari hitungan panen) dihasilkan pipeline multipandang: rekonstruksi SfM tiap sisi baris, klaster buah 3D, dan penggabungan dua sisi untuk menghapus hitungan ganda. Asosiasi bersifat geometris (M4), akuisisi video (V).",AI-2
2026-10-01,topik/bukti/mekanisme_C1.txt,1278,akuisisi,,V,"Teks lengkap menunjukkan bahwa hasil utama (95,56%-97,83% dari hitungan panen) dihasilkan pipeline multipandang: rekonstruksi SfM tiap sisi baris, klaster buah 3D, dan penggabungan dua sisi untuk menghapus hitungan ganda. Asosiasi bersifat geometris (M4), akuisisi video (V).",AI-2
2026-10-01,topik/bukti/mekanisme_C1.txt,1278,per_kelas,,N,"Teks lengkap menunjukkan bahwa hasil utama (95,56%-97,83% dari hitungan panen) dihasilkan pipeline multipandang: rekonstruksi SfM tiap sisi baris, klaster buah 3D, dan penggabungan dua sisi untuk menghapus hitungan ganda. Asosiasi bersifat geometris (M4), akuisisi video (V).",AI-2
2026-10-01,topik/bukti/mekanisme_C1.txt,1278,hasil_ringkas,,"Hitungan gabungan dua sisi baris mencapai 95,56%-97,83% dari jumlah apel panen (ResNet50) dan 91,98%-94,81% (GMM) pada tiga dataset; penjumlahan tiap sisi tanpa penggabungan menghasilkan 101,93%-150%.",putaran kedua (AI-2),AI-2
2026-10-01,topik/bukti/mekanisme_C1.txt,1278,sumber_kode,,teks lengkap,putaran kedua (AI-2),AI-2
2026-10-01,topik/bukti/mekanisme_C1.txt,1278,halaman,,"Tabel 4, h. 21",putaran kedua (AI-2),AI-2
2026-10-01,topik/bukti/mekanisme_C1.txt,1278,referensi_hitung,,panen;anotasi,putaran kedua (AI-2),AI-2
2026-10-01,topik/bukti/mekanisme_C1.txt,1278,tingkat_metrik,,hitung;deteksi,putaran kedua (AI-2),AI-2
2026-10-01,topik/bukti/mekanisme_C1.txt,1278,berubah,,tidak,putaran kedua (AI-2),AI-2
2026-10-01,topik/bukti/mekanisme_C1.txt,1344,sumber_kode,,abstrak,putaran kedua (AI-2),AI-2
2026-10-01,topik/bukti/mekanisme_C1.txt,1344,referensi_hitung,,pohon,putaran kedua (AI-2),AI-2
2026-10-01,topik/bukti/mekanisme_C1.txt,1344,tingkat_metrik,,hitung,putaran kedua (AI-2),AI-2
2026-10-01,topik/bukti/mekanisme_C1.txt,1344,berubah,,tidak,putaran kedua (AI-2),AI-2
2026-10-01,topik/penyaringan/abstrak_T00.txt,1361,dasar_keputusan,judul,abstrak (web),putaran kedua menemukan abstrak atau teks; baris tidak dipindah,AI-2
2026-10-01,topik/bukti/mekanisme_C1.txt,1361,akuisisi,D,V,"Putaran 2 lebih sesuai pada akuisisi. Abstrak lengkap menyatakan citra diambil oleh wahana visi pada robot udara, kendaraan darat, dan perangkat genggam lalu diregistrasi, yang menunjukkan rangkaian citra dari kamera bergerak (V), sedangkan tidak ada bukti beberapa foto diskret per pohon (D). Mekanisme M4 putaran 1 dipertahankan atas dasar registrasi citra.",AI-2
2026-10-01,topik/bukti/mekanisme_C1.txt,1361,hasil_ringkas,"apel; hitung dan hasil berbasis visi (Roy dan Isler; judul, TLDR)","Pencacahan apel dalam klaster dengan campuran Gaussian pada citra yang sudah disegmentasi dan diregistrasi. Akurasi algoritma pencacahan 91%, dan 81-85% bila digabung dengan segmentasi dan registrasi pada empat dataset.",putaran kedua (AI-2),AI-2
2026-10-01,topik/bukti/mekanisme_C1.txt,1361,sumber_kode,,abstrak,putaran kedua (AI-2),AI-2
2026-10-01,topik/bukti/mekanisme_C1.txt,1361,referensi_hitung,,anotasi,putaran kedua (AI-2),AI-2
2026-10-01,topik/bukti/mekanisme_C1.txt,1361,tingkat_metrik,,hitung,putaran kedua (AI-2),AI-2
2026-10-01,topik/bukti/mekanisme_C1.txt,1361,berubah,,ya (lama: akuisisi=D),putaran kedua (AI-2),AI-2
2026-10-01,topik/bukti/mekanisme_C1.txt,1403,mekanisme,M1,M1+M4,"Putaran 2 benar pada mekanisme. Abstrak menyatakan buah dideteksi pada citra yang telah diregistrasi bersama, dan hasil pencarian web menyebut posisi kendaraan dipakai untuk melokalkan deteksi ke tanaman, sehingga M4 ditambahkan. M1 dari putaran 1 tetap berlaku karena ukuran citra dikalibrasi ke hasil panen.",AI-2
2026-10-01,topik/bukti/mekanisme_C1.txt,1403,sumber_kode,,abstrak,putaran kedua (AI-2),AI-2
2026-10-01,topik/bukti/mekanisme_C1.txt,1403,referensi_hitung,,panen,putaran kedua (AI-2),AI-2
2026-10-01,topik/bukti/mekanisme_C1.txt,1403,tingkat_metrik,,hitung,putaran kedua (AI-2),AI-2
2026-10-01,topik/bukti/mekanisme_C1.txt,1403,berubah,,ya (lama: mekanisme=M1),putaran kedua (AI-2),AI-2
2026-10-01,topik/bukti/mekanisme_C1.txt,1405,sumber_kode,,abstrak,putaran kedua (AI-2),AI-2
2026-10-01,topik/bukti/mekanisme_C1.txt,1405,referensi_hitung,,pohon,putaran kedua (AI-2),AI-2
2026-10-01,topik/bukti/mekanisme_C1.txt,1405,tingkat_metrik,,hitung,putaran kedua (AI-2),AI-2
2026-10-01,topik/bukti/mekanisme_C1.txt,1405,berubah,,tidak,putaran kedua (AI-2),AI-2
2026-10-01,topik/bukti/mekanisme_C1.txt,1406,sumber_kode,,abstrak,putaran kedua (AI-2),AI-2
2026-10-01,topik/bukti/mekanisme_C1.txt,1406,referensi_hitung,,panen,putaran kedua (AI-2),AI-2
2026-10-01,topik/bukti/mekanisme_C1.txt,1406,tingkat_metrik,,hitung,putaran kedua (AI-2),AI-2
2026-10-01,topik/bukti/mekanisme_C1.txt,1406,berubah,,tidak,putaran kedua (AI-2),AI-2
2026-10-01,topik/penyaringan/abstrak_T00.txt,1419,dasar_keputusan,judul,abstrak (web),putaran kedua menemukan abstrak atau teks; baris tidak dipindah,AI-2
2026-10-01,topik/bukti/mekanisme_C1.txt,1419,hasil_ringkas,apel Fuji; model hasil pohon tunggal dari identifikasi citra dua sisi (judul),"Dari 80 citra 40 pohon apel Fuji yang dipotret dari sisi tenggara dan barat laut, regresi linear dengan jumlah bercak buah kedua sisi sebagai peubah memberi hasil terbaik, yaitu R2 0,81 dan NRMSE 0,43.",putaran kedua (AI-2),AI-2
2026-10-01,topik/bukti/mekanisme_C1.txt,1419,sumber_kode,,abstrak,putaran kedua (AI-2),AI-2
2026-10-01,topik/bukti/mekanisme_C1.txt,1419,referensi_hitung,,panen,putaran kedua (AI-2),AI-2
2026-10-01,topik/bukti/mekanisme_C1.txt,1419,tingkat_metrik,,hitung,putaran kedua (AI-2),AI-2
2026-10-01,topik/bukti/mekanisme_C1.txt,1419,berubah,,tidak,putaran kedua (AI-2),AI-2
2026-10-01,topik/bukti/kode_C3.txt,1442,lokasi,?,PABRIK,"Putaran 2 benar pada lokasi. Seksi 3.2 teks lengkap menyatakan bahwa seluruh citra berasal dari dataset publik rujukan [22], yang judulnya menyebut tumpukan tandan (fruit bunch piles) untuk grading kematangan, dan tumpukan termasuk nilai PABRIK. Putaran 1 mengisi ""?"" karena hanya membaca abstrak.",AI-2
2026-10-01,topik/bukti/kode_C3.txt,1466,tugas,MUTU,KLS,"Putaran kedua benar pada bidang tugas. Teks lengkap menunjukkan bahwa setiap citra memuat satu tandan dan keluarannya adalah satu dari lima kelas yang ditetapkan menurut kematangan dan keutuhan fisik, sehingga tugasnya adalah klasifikasi (KLS), bukan pengukuran mutu (MUTU). Lokasi tetap '?' karena teks hanya menyebut pengambilan di perkebunan tanpa menyatakan posisi tandan.",AI-2
2026-10-01,topik/bukti/kode_C3.txt,1468,lokasi,POHON,?,"Putaran kedua benar pada lokasi. Bagian dataset pada teks lengkap menyatakan citra berasal dari adegan dalam dan luar ruang dengan latar polos maupun kompleks, sebagian dari repositori Roboflow, tanpa menyebut tandan masih di pohon. Nilai POHON dari putaran pertama disimpulkan dari frasa lokasi kebun pada abstrak dan bertentangan dengan adanya adegan dalam ruang, sehingga lokasi menjadi ""?"".",AI-2
2026-10-01,topik/bukti/kode_C3.txt,1480,lokasi,POHON,PABRIK,"Putaran kedua benar untuk lokasi: abstrak menyatakan data diambil di loading ramp komersial, yang menurut aturan pengodean adalah PABRIK, bukan POHON. Untuk tugas, kedua nilai dapat dibela karena kontribusi khas kajian adalah radar gelombang kontinu 2,4 GHz yang difusikan dengan RGB untuk klasifikasi kematangan; bukti tidak menolak SENSOR, sehingga nilai putaran pertama dipertahankan.",AI-2
2026-10-01,topik/bukti/kode_C3.txt,1481,lokasi,?,PABRIK,"Putaran kedua benar untuk lokasi. Teks lengkap (bagian Data Preparation, h. 5 PDF) menyatakan bahwa seluruh citra diambil di Thaksin Palm Company pada kondisi industri nyata untuk mewakili lingkungan operasi fasilitas pengolahan sawit, sehingga PABRIK terdukung secara positif. Nilai ""?"" pada putaran pertama berasal dari abstrak yang tidak menyebut lokasi.",AI-2
2026-10-01,topik/bukti/kode_C3.txt,1483,per_kelas,N,Y,"Putaran kedua benar pada per_kelas. Model YOLOv4-tiny dua kelas memberi label mutu normal atau cacat kepada setiap tandan yang terdeteksi di konveyor, dan hasil validasi dilaporkan per kelas, sehingga definisi per_kelas C3 (kelas mutu per instans) terpenuhi.",AI-2
2026-10-01,topik/bukti/kode_C3.txt,1485,modalitas,RGB+NIR,RGB,"Putaran kedua benar pada modalitas. Teks lengkap menyatakan seluruh data adalah citra RGB dari kamera digital biasa tanpa sensor inframerah dekat atau multispektral, dan tidak ada citra NIR nyata yang dikumpulkan. Kanal NIR adalah keluaran model translasi citra sehingga modalitas pengindraan dikode RGB.",AI-2
2026-10-01,topik/penyaringan/abstrak_T00.txt,1499,dasar_keputusan,judul,abstrak (web),putaran kedua menemukan abstrak atau teks; baris tidak dipindah,AI-2
2026-10-01,topik/penyaringan/abstrak_T00.txt,1528,dasar_keputusan,judul,teks lengkap,putaran kedua menemukan abstrak atau teks; baris tidak dipindah,AI-2
2026-10-01,topik/bukti/kode_C3.txt,1528,tugas,KLS,DET,"Putaran kedua benar pada kedua bidang. Teks lengkap menunjukkan keluaran berupa kotak pembatas YOLO yang dinilai dengan mAP, sehingga tugasnya DET, bukan KLS. Citra diambil dari tandan yang sudah dipanen di lokasi panen kebun, sehingga lokasi TANAH; putaran pertama hanya berdasar judul.",AI-2
2026-10-01,topik/bukti/kode_C3.txt,1528,lokasi,?,TANAH,"Putaran kedua benar pada kedua bidang. Teks lengkap menunjukkan keluaran berupa kotak pembatas YOLO yang dinilai dengan mAP, sehingga tugasnya DET, bukan KLS. Citra diambil dari tandan yang sudah dipanen di lokasi panen kebun, sehingga lokasi TANAH; putaran pertama hanya berdasar judul.",AI-2
2026-10-01,topik/bukti/kode_C3.txt,1530,lokasi,?,POHON,"Putaran kedua benar pada per_kelas: setiap citra tandan diberi kelas mutu cacat atau tidak cacat (Subbab 3.1 dan matriks kebingungan), sehingga nilainya Y. Untuk lokasi, teks lengkap menyatakan citra diambil pada tandan di pohon dan di tanah pascapanen, sehingga nilai ""?"" dari putaran pertama tidak tepat; POHON dipakai dengan catatan bahwa lokasinya campuran.",AI-2
2026-10-01,topik/bukti/kode_C3.txt,1530,per_kelas,N,Y,"Putaran kedua benar pada per_kelas: setiap citra tandan diberi kelas mutu cacat atau tidak cacat (Subbab 3.1 dan matriks kebingungan), sehingga nilainya Y. Untuk lokasi, teks lengkap menyatakan citra diambil pada tandan di pohon dan di tanah pascapanen, sehingga nilai ""?"" dari putaran pertama tidak tepat; POHON dipakai dengan catatan bahwa lokasinya campuran.",AI-2
2026-10-01,topik/penyaringan/abstrak_04.txt,1550,kode,X,C3,"Putaran kedua benar: abstrak menyatakan klasifikasi kematangan tandan sawit di pohon dengan akurasi 97,60% sampai 99,75%, dan aturan e menempatkan setiap kajian dengan objek tandan sawit di C3. Alasan E5 dari putaran pertama berlaku untuk pengklasifikasi kematangan buah lain (aturan b), bukan untuk sawit.",AI-2
2026-10-01,topik/penyaringan/abstrak_04.txt,1550,alasan,E5,,"Putaran kedua benar: abstrak menyatakan klasifikasi kematangan tandan sawit di pohon dengan akurasi 97,60% sampai 99,75%, dan aturan e menempatkan setiap kajian dengan objek tandan sawit di C3. Alasan E5 dari putaran pertama berlaku untuk pengklasifikasi kematangan buah lain (aturan b), bukan untuk sawit.",AI-2
2026-10-01,topik/bukti/kode_C3.txt,1550,tugas,,KLS,"Putaran kedua benar: abstrak menyatakan klasifikasi kematangan tandan sawit di pohon dengan akurasi 97,60% sampai 99,75%, dan aturan e menempatkan setiap kajian dengan objek tandan sawit di C3. Alasan E5 dari putaran pertama berlaku untuk pengklasifikasi kematangan buah lain (aturan b), bukan untuk sawit.",AI-2
2026-10-01,topik/bukti/kode_C3.txt,1550,lokasi,,POHON,"Putaran kedua benar: abstrak menyatakan klasifikasi kematangan tandan sawit di pohon dengan akurasi 97,60% sampai 99,75%, dan aturan e menempatkan setiap kajian dengan objek tandan sawit di C3. Alasan E5 dari putaran pertama berlaku untuk pengklasifikasi kematangan buah lain (aturan b), bukan untuk sawit.",AI-2
2026-10-01,topik/bukti/kode_C3.txt,1550,modalitas,,RGB,"Putaran kedua benar: abstrak menyatakan klasifikasi kematangan tandan sawit di pohon dengan akurasi 97,60% sampai 99,75%, dan aturan e menempatkan setiap kajian dengan objek tandan sawit di C3. Alasan E5 dari putaran pertama berlaku untuk pengklasifikasi kematangan buah lain (aturan b), bukan untuk sawit.",AI-2
2026-10-01,topik/bukti/kode_C3.txt,1550,multipandang,,N,"Putaran kedua benar: abstrak menyatakan klasifikasi kematangan tandan sawit di pohon dengan akurasi 97,60% sampai 99,75%, dan aturan e menempatkan setiap kajian dengan objek tandan sawit di C3. Alasan E5 dari putaran pertama berlaku untuk pengklasifikasi kematangan buah lain (aturan b), bukan untuk sawit.",AI-2
2026-10-01,topik/bukti/kode_C3.txt,1550,per_kelas,,Y,"Putaran kedua benar: abstrak menyatakan klasifikasi kematangan tandan sawit di pohon dengan akurasi 97,60% sampai 99,75%, dan aturan e menempatkan setiap kajian dengan objek tandan sawit di C3. Alasan E5 dari putaran pertama berlaku untuk pengklasifikasi kematangan buah lain (aturan b), bukan untuk sawit.",AI-2
2026-10-01,topik/bukti/kode_C3.txt,1557,per_kelas,N,Y,"Putaran kedua benar pada per_kelas: abstrak menyatakan bahwa setiap tandan diberi satu dari enam kategori tahap pertumbuhan, sehingga nilainya Y. Pada tugas, abstrak memuat klasifikasi dan estimasi pose 6D sekaligus, dengan judul dan kebaruan pada kerangka pose berbasis registrasi fitur; bukti tidak cukup untuk memindahkan MUTU ke KLS, sehingga nilai putaran pertama dipertahankan.",AI-2
2026-10-01,topik/bukti/kode_C3.txt,1559,multipandang,Y,N,"Putaran kedua benar pada multipandang. Abstrak menunjukkan kisi 3x3 dibuat untuk menghemat waktu inferensi dan sumber daya pada sistem multikamera, bukan untuk memakai beberapa pandangan tandan atau pohon yang sama secara bersama, sehingga nilainya N. Lokasi POHON dari putaran pertama dipertahankan karena tidak ada bukti yang menetapkan nilai lain.",AI-2
2026-10-01,topik/bukti/kode_C3.txt,1561,lokasi,?,POHON,"Putaran kedua benar bahwa lokasi dinyatakan di teks lengkap: uji lapangan mencakup tandan yang masih melekat di pohon dan tandan panen di tanah, sehingga nilai '?' dari putaran pertama tidak dapat dipertahankan. POHON dicatat sebagai nilai tunggal dan TANAH disebut di catatan; keyakinan sedang karena kedua lokasi sama-sama dinyatakan.",AI-2
2026-10-01,topik/bukti/kode_C3.txt,1570,tugas,KLS,DET,"Putaran 2 benar pada tugas. Model YOLOv9n dievaluasi dengan mAP50 dan mAP50-95, yaitu metrik yang mensyaratkan keluaran berupa kotak pada ambang IoU, sehingga keluarannya kotak berkelas (DET) dan bukan satu kelas per citra (KLS), meskipun abstrak memakai kata klasifikasi.",AI-2
2026-10-01,topik/penyaringan/abstrak_T00.txt,1572,dasar_keputusan,judul,abstrak (web),putaran kedua menemukan abstrak atau teks; baris tidak dipindah,AI-2
2026-10-01,topik/penyaringan/abstrak_T00.txt,1583,dasar_keputusan,judul,abstrak (web),putaran kedua menemukan abstrak atau teks; baris tidak dipindah,AI-2
2026-10-01,topik/bukti/kode_C3.txt,1583,per_kelas,Y,N,"Putaran pertama dipertahankan untuk kelompok: objek kajian adalah citra tandan sawit, sehingga aturan e menempatkannya di C3, sedangkan E5 dari putaran kedua tidak sesuai karena kajian ini tidak mendeteksi buah dan putaran kedua sendiri menyatakan tidak ada alasan eksklusi yang pas. Abstrak hanya melaporkan PSNR, SSIM, dan FID tanpa penetapan kelas per tandan, sehingga per_kelas diubah menjadi N. Nilai tugas dan lokasi tidak dapat diputuskan dari abstrak dan tetap mengikuti putaran pertama.",AI-2
2026-10-01,topik/penyaringan/abstrak_T00.txt,1585,dasar_keputusan,judul,abstrak (web),putaran kedua menemukan abstrak atau teks; baris tidak dipindah,AI-2
2026-10-01,topik/bukti/kode_C3.txt,1607,tugas,KLS,DET,"Putaran kedua benar pada kedua bidang. Teks lengkap menyatakan modelnya detektor objek EfficientDet-Lite2 yang dilatih dengan anotasi kotak pembatas dan mengeluarkan kelas beserta kotak serta melaporkan mAP, sehingga tugas adalah DET. Teks juga menyebut komposisi citra, yaitu 183 dari 240 citra diambil di tanah, sehingga lokasi yang semula tidak diketahui diisi TANAH.",AI-2
2026-10-01,topik/bukti/kode_C3.txt,1607,lokasi,?,TANAH,"Putaran kedua benar pada kedua bidang. Teks lengkap menyatakan modelnya detektor objek EfficientDet-Lite2 yang dilatih dengan anotasi kotak pembatas dan mengeluarkan kelas beserta kotak serta melaporkan mAP, sehingga tugas adalah DET. Teks juga menyebut komposisi citra, yaitu 183 dari 240 citra diambil di tanah, sehingga lokasi yang semula tidak diketahui diisi TANAH.",AI-2
2026-10-01,topik/bukti/kode_C3.txt,1608,multipandang,Y,N,"Putaran pertama dipertahankan untuk tugas (SENSOR): kontribusi yang dinyatakan makalah berpusat pada sistem pencitraan multispektral berbasis larik LED delapan panjang gelombang, dan salah satu dari dua eksperimennya adalah analisis intensitas pantulan per panjang gelombang. Nilai KLS dari putaran kedua juga beralasan karena YOLOv4 dua kelas memberi kelas matang atau mentah per tandan, tetapi bukti tidak menyangkal SENSOR sehingga nilai putaran pertama tidak diubah. Kolom multipandang diubah menjadi N karena tidak ada dua citra tandan yang sama yang dipakai bersama.",AI-2
2026-10-01,topik/penyaringan/abstrak_T00.txt,1619,dasar_keputusan,judul,abstrak (web),putaran kedua menemukan abstrak atau teks; baris tidak dipindah,AI-2
2026-10-01,topik/bukti/kode_C3.txt,1619,tugas,KLS,DET,"Putaran kedua benar pada tugas. Abstrak verbatim dari halaman Springer menyatakan model deteksi objek berbasis YOLO dengan regresi kotak pembatas dan metrik mAP 94,37%, sehingga keluarannya berupa kotak berkelas (DET), bukan klasifikasi citra (KLS) yang ditetapkan putaran pertama dari judul saja. Lokasi tidak diperselisihkan dan tetap PABRIK.",AI-2
2026-10-01,topik/bukti/kode_C3.txt,1656,lokasi,TANAH,POHON,"Putaran kedua benar pada lokasi. Abstrak dan bagian data pada teks lengkap menyatakan secara eksplisit bahwa citra diambil dari tandan yang masih berada di pohon, sehingga nilai TANAH dari putaran pertama tidak didukung sumber.",AI-2
2026-10-01,topik/bukti/kode_C3.txt,1665,multipandang,N,Y,"Putaran kedua benar pada multipandang. Teks lengkap menyatakan bahwa dua citra (sisi depan dan belakang) diambil untuk setiap tandan dan luas area bertopeng kedua sisi dirata-ratakan untuk menentukan satu kelas kematangan, sehingga dua pandang tandan yang sama dipakai bersama. Putaran pertama hanya membaca abstrak yang tidak menyebut hal itu.",AI-2
2026-10-01,topik/penyaringan/abstrak_T00.txt,1677,dasar_keputusan,judul,abstrak (web),putaran kedua menemukan abstrak atau teks; baris tidak dipindah,AI-2
2026-10-01,topik/bukti/kode_C3.txt,1681,lokasi,POHON,TANAH,"Putaran kedua benar pada lokasi. Satu-satunya petunjuk lokasi dalam abstrak adalah pemeriksaan ulang kematangan TBS di tempat pengumpulan hasil (TPH), yaitu tandan yang sudah dipanen, sedangkan tidak ada kalimat yang mendukung tandan masih di pohon. Kode kelompok C3 dan tugas HIT tidak diperselisihkan dan dipertahankan.",AI-2
2026-10-01,topik/penyaringan/abstrak_T00.txt,1704,dasar_keputusan,judul,abstrak (web),putaran kedua menemukan abstrak atau teks; baris tidak dipindah,AI-2
2026-10-01,topik/bukti/kode_C3.txt,1713,multipandang,Y,N,"Putaran kedua benar pada multipandang. Abstrak menguraikan deteksi per citra: tiap bingkai dipotong menjadi ubin yang diproses sendiri-sendiri oleh YOLOv4 dan dinilai dengan presisi, recall, dan F1; tidak ada pelacak, pencocokan antarbingkai, atau penggabungan beberapa pandang. Sumber berupa video saja tidak memenuhi syarat multipandang, sehingga nilai Y pada putaran pertama tidak didukung bukti.",AI-2
2026-10-01,topik/penyaringan/abstrak_T00.txt,1747,dasar_keputusan,judul,teks lengkap,putaran kedua menemukan abstrak atau teks; baris tidak dipindah,AI-2
2026-10-01,topik/penyaringan/abstrak_T00.txt,1766,dasar_keputusan,judul,abstrak (web),putaran kedua menemukan abstrak atau teks; baris tidak dipindah,AI-2
2026-10-01,topik/penyaringan/abstrak_T00.txt,1783,dasar_keputusan,judul,abstrak (web),putaran kedua menemukan abstrak atau teks; baris tidak dipindah,AI-2
2026-10-01,topik/penyaringan/abstrak_T00.txt,1798,dasar_keputusan,judul,abstrak (web),putaran kedua menemukan abstrak atau teks; baris tidak dipindah,AI-2
2026-10-01,topik/penyaringan/abstrak_T00.txt,1800,dasar_keputusan,judul,abstrak (web),putaran kedua menemukan abstrak atau teks; baris tidak dipindah,AI-2
2026-10-01,topik/bukti/kode_C3.txt,1804,tugas,KLS,DET,"Putaran kedua benar pada tugas: keluaran berupa kotak pembatas YOLO berkelas yang dinilai dengan mAP, sehingga DET. Untuk lokasi, teks menyatakan citra dikumpulkan di kebun dan drone dipakai memotret pohon sawit yang tinggi, sehingga POHON didukung secara positif, dengan keyakinan sedang karena asal citra ponsel tidak dirinci.",AI-2
2026-10-01,topik/bukti/kode_C3.txt,1804,lokasi,?,POHON,"Putaran kedua benar pada tugas: keluaran berupa kotak pembatas YOLO berkelas yang dinilai dengan mAP, sehingga DET. Untuk lokasi, teks menyatakan citra dikumpulkan di kebun dan drone dipakai memotret pohon sawit yang tinggi, sehingga POHON didukung secara positif, dengan keyakinan sedang karena asal citra ponsel tidak dirinci.",AI-2
2026-10-01,topik/bukti/kode_C3.txt,1805,lokasi,POHON,PABRIK,"Putaran kedua benar pada multipandang: teks lengkap menunjukkan deteksi per frame tanpa pelacakan atau penggabungan antarframe, dan pelacakan disebut sebagai penelitian lanjutan. Teks lengkap juga menyatakan bahwa tandan direkam di lokasi grading, bukan di pohon, sehingga lokasi diubah dari POHON menjadi PABRIK walaupun kedua putaran sepakat pada POHON berdasarkan abstrak.",AI-2
2026-10-01,topik/bukti/kode_C3.txt,1805,multipandang,Y,N,"Putaran kedua benar pada multipandang: teks lengkap menunjukkan deteksi per frame tanpa pelacakan atau penggabungan antarframe, dan pelacakan disebut sebagai penelitian lanjutan. Teks lengkap juga menyatakan bahwa tandan direkam di lokasi grading, bukan di pohon, sehingga lokasi diubah dari POHON menjadi PABRIK walaupun kedua putaran sepakat pada POHON berdasarkan abstrak.",AI-2
2026-10-01,topik/penyaringan/abstrak_04.txt,1807,alasan,E5,E1,"Putaran 2 benar pada alasan. Abstrak menyatakan bahwa objek yang dideteksi adalah posisi dan gerakan pemanen yang benar atau salah serta keselamatan panen, bukan buah atau tandan, sehingga alasan eksklusi yang sesuai adalah E1. E5 dari putaran 1 mengandaikan buah terdeteksi, dan hal itu tidak didukung abstrak.",AI-2
2026-10-01,topik/bukti/kode_C3.txt,1836,lokasi,?,PABRIK,"Putaran kedua benar pada lokasi: teks lengkap menyatakan tandan dipanen dan disimpan semalam pada suhu ruang sebelum dipindai, sehingga lokasinya PABRIK (laboratorium). Pada multipandang, putaran pertama dipertahankan karena teks hanya menyebut citra sisi depan dan belakang diambil, tanpa menyatakan bahwa kedua sisi digabung dalam analisis; indeks ∆Temp dihitung dari suhu rerata ROI per citra.",AI-2
2026-10-01,topik/bukti/kode_C3.txt,1844,lokasi,?,PABRIK,"Putaran kedua benar pada lokasi. Teks lengkap menyatakan bahwa tandan yang sudah dipanen dicitrakan di dalam rumah pemindai tertutup berpencahayaan terkendali dengan alat pengumpan (h. 7), yaitu stasiun pemilahan atau laboratorium, sehingga lokasi adalah PABRIK dan bukan ""?"". Kode lain dari putaran pertama tetap.",AI-2
2026-10-01,topik/penyaringan/abstrak_T00.txt,1855,dasar_keputusan,judul,abstrak (web),putaran kedua menemukan abstrak atau teks; baris tidak dipindah,AI-2
2026-10-01,topik/bukti/kode_C3.txt,1855,tugas,DET,LF,"Putaran kedua benar pada tugas. Abstrak dari halaman penerbit menyatakan bahwa objek yang dideteksi adalah buah lepas (loose fruits) kelapa sawit pada citra UAV, bukan tandan, sehingga kodenya LF; putaran pertama hanya berdasar judul.",AI-2
2026-10-01,topik/bukti/kode_C3.txt,1867,tugas,MUTU,DET,"Putaran kedua benar pada kedua bidang. Teks lengkap menunjukkan bahwa keluaran sistem adalah kotak pembatas Faster R-CNN yang dinilai dengan mAP, sehingga tugasnya DET, bukan pengukuran mutu. Setiap kotak diberi kelas USB atau EFB (245 dan 255 anotasi), sehingga per_kelas bernilai Y.",AI-2
2026-10-01,topik/bukti/kode_C3.txt,1867,per_kelas,N,Y,"Putaran kedua benar pada kedua bidang. Teks lengkap menunjukkan bahwa keluaran sistem adalah kotak pembatas Faster R-CNN yang dinilai dengan mAP, sehingga tugasnya DET, bukan pengukuran mutu. Setiap kotak diberi kelas USB atau EFB (245 dan 255 anotasi), sehingga per_kelas bernilai Y.",AI-2
2026-10-01,topik/penyaringan/abstrak_T00.txt,1872,dasar_keputusan,judul,abstrak (web),putaran kedua menemukan abstrak atau teks; baris tidak dipindah,AI-2
2026-10-01,topik/bukti/kode_C3.txt,1883,modalitas,RGB+DEPTH,RGB,Putaran kedua benar pada modalitas. Abstrak hanya menyebut citra 1920x1080 dari kamera D435 yang dimasukkan ke YOLOv4 dan tidak menyebut data depth; resolusi tersebut adalah resolusi aliran warna kamera itu. Kode RGB+DEPTH pada putaran pertama hanya disimpulkan dari nama kamera.,AI-2
2026-10-01,topik/penyaringan/abstrak_T00.txt,1953,dasar_keputusan,judul,abstrak (web),putaran kedua menemukan abstrak atau teks; baris tidak dipindah,AI-2
2026-10-01,topik/bukti/kode_C3.txt,1975,modalitas,MSI+TERMAL,RGB+TERMAL,"Putaran kedua benar pada per_kelas: teks lengkap hanya memuat model regresi dan jendela panen, tanpa kelas kematangan yang diberikan kepada setiap tandan, sehingga per_kelas N. Lokasi POHON dari putaran pertama terbukti benar karena tandan direkam sebelum dipanen dari jarak 3 sampai 15 meter. Teks lengkap juga menunjukkan bahwa sensornya kamera termal dan kamera digital RGB, sehingga modalitas diperbaiki menjadi RGB+TERMAL.",AI-2
2026-10-01,topik/bukti/kode_C3.txt,1975,per_kelas,Y,N,"Putaran kedua benar pada per_kelas: teks lengkap hanya memuat model regresi dan jendela panen, tanpa kelas kematangan yang diberikan kepada setiap tandan, sehingga per_kelas N. Lokasi POHON dari putaran pertama terbukti benar karena tandan direkam sebelum dipanen dari jarak 3 sampai 15 meter. Teks lengkap juga menunjukkan bahwa sensornya kamera termal dan kamera digital RGB, sehingga modalitas diperbaiki menjadi RGB+TERMAL.",AI-2
2026-10-01,topik/bukti/kode_C3.txt,1976,multipandang,N,Y,"Putaran 2 benar pada kedua bidang. Teks lengkap (h. 3) menyatakan setiap tandan direkam dari dua garis pandang sehingga multipandang Y, dan keluaran metode berupa model regresi suhu permukaan terhadap umur, karoten, dan rasio minyak terhadap air, bukan kelas kematangan per tandan, sehingga per_kelas N.",AI-2
2026-10-01,topik/bukti/kode_C3.txt,1976,per_kelas,Y,N,"Putaran 2 benar pada kedua bidang. Teks lengkap (h. 3) menyatakan setiap tandan direkam dari dua garis pandang sehingga multipandang Y, dan keluaran metode berupa model regresi suhu permukaan terhadap umur, karoten, dan rasio minyak terhadap air, bukan kelas kematangan per tandan, sehingga per_kelas N.",AI-2
2026-10-01,topik/bukti/kode_C3.txt,1993,per_kelas,Y,N,"Putaran 2 benar pada per_kelas. Abstrak menyatakan model MLP mengorelasikan sifat termal dengan kadar minyak dan dievaluasi dengan R2, SEC, dan SEP, sehingga keluarannya regresi, bukan kelas kematangan per tandan. Kode lain dari putaran 1 dipertahankan.",AI-2
2026-10-01,topik/penyaringan/abstrak_T00.txt,2003,dasar_keputusan,judul,abstrak (web),putaran kedua menemukan abstrak atau teks; baris tidak dipindah,AI-2
2026-10-01,topik/penyaringan/abstrak_T00.txt,2056,dasar_keputusan,judul,abstrak (web),putaran kedua menemukan abstrak atau teks; baris tidak dipindah,AI-2
2026-10-01,topik/bukti/kode_C3.txt,2069,lokasi,PABRIK,TANAH,"Pada lokasi putaran kedua benar: kamera dipasang pada crane grabber yang mengevakuasi tandan terpanen di kebun dan memotret tandan saat cakar mendekatinya, sehingga TANAH, sedangkan tidak ada penyebutan pabrik, konveyor, atau loading ramp. Pada multipandang putaran pertama benar: delapan sudut per tandan hanya memperbanyak dataset, setiap citra diklasifikasi sendiri dan dibagi 60:40 per citra, sehingga pandangan tidak dipakai bersama (N).",AI-2
2026-10-01,topik/bukti/kode_C3.txt,2072,tugas,SENSOR,MUTU,"Putaran kedua benar pada keempat butir. Teks lengkap menunjukkan bahwa alat yang dipakai adalah machine vision dengan fitur warna R, G, B, H, S, I (modalitas RGB, bukan MSI), bahwa keluaran berupa regresi fitur warna terhadap umur dan kadar minyak mesokarp tanpa kelas kematangan per tandan (tugas MUTU, per_kelas N), dan bahwa tandan yang sama direkam harian sampai panen (multipandang Y). Istilah ""optical properties"" pada abstrak menyebabkan putaran pertama mengodekan SENSOR dan MSI.",AI-2
2026-10-01,topik/bukti/kode_C3.txt,2072,modalitas,MSI,RGB,"Putaran kedua benar pada keempat butir. Teks lengkap menunjukkan bahwa alat yang dipakai adalah machine vision dengan fitur warna R, G, B, H, S, I (modalitas RGB, bukan MSI), bahwa keluaran berupa regresi fitur warna terhadap umur dan kadar minyak mesokarp tanpa kelas kematangan per tandan (tugas MUTU, per_kelas N), dan bahwa tandan yang sama direkam harian sampai panen (multipandang Y). Istilah ""optical properties"" pada abstrak menyebabkan putaran pertama mengodekan SENSOR dan MSI.",AI-2
2026-10-01,topik/bukti/kode_C3.txt,2072,multipandang,N,Y,"Putaran kedua benar pada keempat butir. Teks lengkap menunjukkan bahwa alat yang dipakai adalah machine vision dengan fitur warna R, G, B, H, S, I (modalitas RGB, bukan MSI), bahwa keluaran berupa regresi fitur warna terhadap umur dan kadar minyak mesokarp tanpa kelas kematangan per tandan (tugas MUTU, per_kelas N), dan bahwa tandan yang sama direkam harian sampai panen (multipandang Y). Istilah ""optical properties"" pada abstrak menyebabkan putaran pertama mengodekan SENSOR dan MSI.",AI-2
2026-10-01,topik/bukti/kode_C3.txt,2072,per_kelas,Y,N,"Putaran kedua benar pada keempat butir. Teks lengkap menunjukkan bahwa alat yang dipakai adalah machine vision dengan fitur warna R, G, B, H, S, I (modalitas RGB, bukan MSI), bahwa keluaran berupa regresi fitur warna terhadap umur dan kadar minyak mesokarp tanpa kelas kematangan per tandan (tugas MUTU, per_kelas N), dan bahwa tandan yang sama direkam harian sampai panen (multipandang Y). Istilah ""optical properties"" pada abstrak menyebabkan putaran pertama mengodekan SENSOR dan MSI.",AI-2
2026-10-01,topik/bukti/kode_C3.txt,2074,tugas,KLS,DET,"Putaran kedua benar pada tugas dan per_kelas: keluaran metode adalah mask segmentasi yang dinilai dengan akurasi segmentasi, sedangkan tiga tingkat kematangan hanya menjadi komposisi dataset dan tidak diprediksi. Putaran pertama benar pada lokasi: frasa 'natural background' tidak menyatakan bahwa tandan masih di pohon, sehingga nilai '?' dipertahankan.",AI-2
2026-10-01,topik/bukti/kode_C3.txt,2074,per_kelas,Y,N,"Putaran kedua benar pada tugas dan per_kelas: keluaran metode adalah mask segmentasi yang dinilai dengan akurasi segmentasi, sedangkan tiga tingkat kematangan hanya menjadi komposisi dataset dan tidak diprediksi. Putaran pertama benar pada lokasi: frasa 'natural background' tidak menyatakan bahwa tandan masih di pohon, sehingga nilai '?' dipertahankan.",AI-2
2026-10-01,topik/penyaringan/abstrak_T00.txt,2137,alasan,E1,E3,"Kedua putaran sepakat bahwa rekaman ini dikeluarkan; yang diperselisihkan hanya alasannya. Putaran kedua benar: abstrak dari OpenAlex menunjukkan objeknya TBS di pohon (bukan E1), tetapi kematangan dan hasil dimodelkan dengan persamaan regresi dari posisi tandan pada filotaksis tanpa deteksi buah berbasis citra, sehingga alasannya E3.",AI-2
2026-10-01,topik/penyaringan/abstrak_T00.txt,2137,dasar_keputusan,judul,abstrak (web),putaran kedua menemukan abstrak atau teks; baris tidak dipindah,AI-2
2026-10-01,topik/penyaringan/abstrak_05.txt,2175,kode,C3,X,"Putaran kedua benar: teks lengkap menunjukkan bahwa pengolahan citra UAV hanya menghasilkan jumlah pohon (3.821 pohon), sedangkan panen dihitung dari jumlah pohon dikali rerata panen pohon sampel hasil survei lapangan. Tandan tidak dideteksi pada citra, sehingga kajian ini bukan pencitraan tandan sawit (C3) dan dikeluarkan dengan E3.",AI-2
2026-10-01,topik/penyaringan/abstrak_05.txt,2175,alasan,,E3,"Putaran kedua benar: teks lengkap menunjukkan bahwa pengolahan citra UAV hanya menghasilkan jumlah pohon (3.821 pohon), sedangkan panen dihitung dari jumlah pohon dikali rerata panen pohon sampel hasil survei lapangan. Tandan tidak dideteksi pada citra, sehingga kajian ini bukan pencitraan tandan sawit (C3) dan dikeluarkan dengan E3.",AI-2
2026-10-01,topik/bukti/kode_C3.txt,2175,tugas,DET,,"baris dihapus: rekaman keluar dari C3 (Putaran kedua benar: teks lengkap menunjukkan bahwa pengolahan citra UAV hanya menghasilkan jumlah pohon (3.821 pohon), sedangkan panen dihitung dari jumlah pohon dikali rerata panen pohon sampel hasil survei lapangan. Tandan tidak dideteksi pada citra, sehingga kajian ini bukan pencitraan tandan sawit (C3) dan dikeluarkan dengan E3.)",AI-2
2026-10-01,topik/bukti/kode_C3.txt,2175,lokasi,UAV,,"baris dihapus: rekaman keluar dari C3 (Putaran kedua benar: teks lengkap menunjukkan bahwa pengolahan citra UAV hanya menghasilkan jumlah pohon (3.821 pohon), sedangkan panen dihitung dari jumlah pohon dikali rerata panen pohon sampel hasil survei lapangan. Tandan tidak dideteksi pada citra, sehingga kajian ini bukan pencitraan tandan sawit (C3) dan dikeluarkan dengan E3.)",AI-2
2026-10-01,topik/bukti/kode_C3.txt,2175,modalitas,RGB,,"baris dihapus: rekaman keluar dari C3 (Putaran kedua benar: teks lengkap menunjukkan bahwa pengolahan citra UAV hanya menghasilkan jumlah pohon (3.821 pohon), sedangkan panen dihitung dari jumlah pohon dikali rerata panen pohon sampel hasil survei lapangan. Tandan tidak dideteksi pada citra, sehingga kajian ini bukan pencitraan tandan sawit (C3) dan dikeluarkan dengan E3.)",AI-2
2026-10-01,topik/bukti/kode_C3.txt,2175,multipandang,N,,"baris dihapus: rekaman keluar dari C3 (Putaran kedua benar: teks lengkap menunjukkan bahwa pengolahan citra UAV hanya menghasilkan jumlah pohon (3.821 pohon), sedangkan panen dihitung dari jumlah pohon dikali rerata panen pohon sampel hasil survei lapangan. Tandan tidak dideteksi pada citra, sehingga kajian ini bukan pencitraan tandan sawit (C3) dan dikeluarkan dengan E3.)",AI-2
2026-10-01,topik/bukti/kode_C3.txt,2175,per_kelas,N,,"baris dihapus: rekaman keluar dari C3 (Putaran kedua benar: teks lengkap menunjukkan bahwa pengolahan citra UAV hanya menghasilkan jumlah pohon (3.821 pohon), sedangkan panen dihitung dari jumlah pohon dikali rerata panen pohon sampel hasil survei lapangan. Tandan tidak dideteksi pada citra, sehingga kajian ini bukan pencitraan tandan sawit (C3) dan dikeluarkan dengan E3.)",AI-2
2026-10-01,topik/bukti/kode_C3.txt,2209,lokasi,?,PABRIK,"Putaran kedua benar pada lokasi: teks menyatakan tandan dibawa ke laboratorium dan direkam dalam kotak kedap cahaya, sehingga lokasi PABRIK. Putaran pertama benar pada multipandang: enam citra tiap tandan diklasifikasikan dan dilaporkan sendiri-sendiri per permukaan dan bagian, tidak dipakai bersama, sehingga nilainya N.",AI-2
2026-10-01,topik/penyaringan/abstrak_T00.txt,2219,dasar_keputusan,judul,abstrak (web),putaran kedua menemukan abstrak atau teks; baris tidak dipindah,AI-2
2026-10-01,topik/bukti/kode_C3.txt,2237,tugas,KLS,MUTU,"Putaran kedua benar pada tugas. Abstrak menyatakan bahwa tiga kelas mutu ditetapkan dari kadar minyak hasil ekstraksi Soxhlet dan bahwa volume relatif tandan diukur, sehingga tugasnya penilaian mutu (MUTU), bukan klasifikasi kematangan (KLS). Kode lain dari putaran pertama dipertahankan.",AI-2
2026-10-01,topik/penyaringan/abstrak_T00.txt,2274,dasar_keputusan,judul,abstrak (web),putaran kedua menemukan abstrak atau teks; baris tidak dipindah,AI-2
2026-10-01,topik/bukti/kode_C3.txt,2274,lokasi,?,PABRIK,"Putaran kedua benar pada lokasi: abstrak menyatakan tandan dipanaskan sampai 100 derajat Celsius lalu diukur dengan kamera termal dan termometer kontak, yang hanya mungkin di laboratorium, sehingga lokasi diisi PABRIK. Untuk per_kelas, abstrak melaporkan emisivitas per tingkat kematangan tanpa menyatakan cara kelas diberikan kepada tiap tandan, sehingga nilai putaran pertama (Y) dipertahankan.",AI-2
2026-10-01,topik/penyaringan/abstrak_T00.txt,2275,dasar_keputusan,judul,abstrak (web),putaran kedua menemukan abstrak atau teks; baris tidak dipindah,AI-2
2026-10-01,topik/bukti/kode_C3.txt,2275,per_kelas,Y,N,"Putaran kedua benar pada per_kelas. Abstrak menggambarkan perbandingan data citra multispektral dengan kadar klorofil dan karotenoid antartingkat kematangan, bukan pemberian kelas kematangan kepada setiap tandan oleh suatu model. Kode Y pada putaran pertama hanya berdasar judul; teks lengkap tidak tersedia sehingga keyakinan sedang.",AI-2
2026-10-01,topik/bukti/kode_C3.txt,2282,lokasi,POHON,PABRIK,"Putaran kedua benar pada lokasi: abstrak menyatakan sampel tandan diletakkan pada platform aluminium dengan empat ketinggian, sehingga citra tidak diambil pada pohon dan lokasi dikode PABRIK (laboratorium). Untuk per_kelas, abstrak tidak dapat memutuskan apakah kelas diberikan kepada tiap tandan oleh metode atau hanya berasal dari label sampel F0-F4, sehingga nilai putaran pertama (Y) dipertahankan.",AI-2
2026-10-01,topik/bukti/kode_C3.txt,2311,lokasi,?,PABRIK,"Putaran kedua benar pada lokasi. Teks lengkap menyatakan bahwa tandan yang sudah dikategorikan oleh grader pabrik ditempatkan di dalam mesin grading dan dipotret dari samping, yang termasuk stasiun grading (PABRIK). Putaran pertama memberi '?' karena hanya membaca abstrak.",AI-2
2026-10-01,topik/bukti/kode_C3.txt,2358,per_kelas,N,Y,"Putaran kedua benar pada per_kelas: abstrak menyatakan skema memuat tahap klasifikasi dengan jaringan saraf berbasis nilai hue buah dan bahwa skema itu dapat mengklasifikasi setiap sampel sebelum menentukan OER, sehingga kelas diberikan per sampel. Nama kelasnya tidak tertulis di abstrak, sehingga keyakinan hanya sedang. Kolom lain sama pada kedua putaran dan dipertahankan.",AI-2
2026-10-01,topik/bukti/kode_C3.txt,2369,modalitas,RGB,RGB+NIR,"Putaran kedua benar pada modalitas. Abstrak menyatakan bahwa citra direkam di bawah pencahayaan inframerah 720-1100 nm dan ultraungu selain cahaya tampak, dan tiga dari empat model terpilih memakai konfigurasi UV atau IR. Kode RGB saja pada putaran pertama tidak mencakup perekaman inframerah dekat tersebut.",AI-2
2026-10-01,topik/penyaringan/abstrak_B02.txt,2388,dasar_keputusan,judul,abstrak (web),putaran kedua menemukan abstrak atau teks; baris tidak dipindah,AI-2
2026-10-01,topik/bukti/kode_C3.txt,2391,tugas,KLS,MUTU,"Putaran kedua benar pada tugas. Teks lengkap menunjukkan bahwa mesin inspeksi menaksir tiga sifat tandan, yaitu fraksi kematangan, kandungan minyak, dan asam lemak bebas, dan dua dari tiga keluaran itu adalah mutu kimia yang termasuk definisi MUTU; kajian ini juga membingkai dirinya sebagai sistem inspeksi mutu. Klasifikasi fraksi kematangan tetap ada sebagai tugas sekunder dan dicatat di catatan.",AI-2
2026-10-01,topik/bukti/kode_C3.txt,2409,lokasi,?,PABRIK,"Pada lokasi, putaran kedua benar: teks lengkap menyatakan tandan dipindai di atas konveyor pemindai dengan lampu laboratorium dalam ruang, sehingga lokasi adalah PABRIK. Pada tugas, kedua nilai sesuai dengan teks (klasifikasi kematangan dengan teknik hiperspektral yang pengembangannya menjadi tujuan utama); bukti tidak menyingkirkan SENSOR, sehingga nilai putaran pertama dipertahankan.",AI-2
2026-10-01,topik/penyaringan/abstrak_T00.txt,2431,dasar_keputusan,judul,abstrak (web),putaran kedua menemukan abstrak atau teks; baris tidak dipindah,AI-2
2026-10-01,topik/penyaringan/abstrak_T00.txt,2434,dasar_keputusan,judul,abstrak (web),putaran kedua menemukan abstrak atau teks; baris tidak dipindah,AI-2
2026-10-01,topik/penyaringan/abstrak_T00.txt,2459,dasar_keputusan,judul,abstrak (web),putaran kedua menemukan abstrak atau teks; baris tidak dipindah,AI-2
2026-10-01,topik/bukti/kode_C3.txt,2459,per_kelas,Y,N,"Putaran kedua benar pada per_kelas. Abstrak verbatim dari OpenAlex hanya melaporkan pola kurva hue citra pada jam berbeda dan tidak menetapkan kelas kematangan pada tandan mana pun, sehingga per_kelas bernilai N. Lokasi tidak dapat diputuskan dari abstrak, sehingga nilai putaran pertama dipertahankan.",AI-2
2026-10-01,topik/penyaringan/abstrak_T00.txt,2461,dasar_keputusan,judul,abstrak (web),putaran kedua menemukan abstrak atau teks; baris tidak dipindah,AI-2
2026-10-01,topik/penyaringan/abstrak_T00.txt,2483,dasar_keputusan,judul,abstrak (web),putaran kedua menemukan abstrak atau teks; baris tidak dipindah,AI-2
2026-10-01,topik/bukti/kode_C3.txt,2483,tugas,?,KLS,"Putaran 2 benar pada tugas, multipandang, dan per_kelas; putaran 1 hanya membaca judul. Abstrak verbatim dari OpenAlex menyatakan bahwa tandan dipotret dengan kamera digital dari antesis sampai panen (pengamatan berulang tandan yang sama, RGB), warna diekstraksi untuk mewakili tahap kematangan, dan tahap kematangan tiap tandan dipetakan.",AI-2
2026-10-01,topik/bukti/kode_C3.txt,2483,modalitas,?,RGB,"Putaran 2 benar pada tugas, multipandang, dan per_kelas; putaran 1 hanya membaca judul. Abstrak verbatim dari OpenAlex menyatakan bahwa tandan dipotret dengan kamera digital dari antesis sampai panen (pengamatan berulang tandan yang sama, RGB), warna diekstraksi untuk mewakili tahap kematangan, dan tahap kematangan tiap tandan dipetakan.",AI-2
2026-10-01,topik/bukti/kode_C3.txt,2483,multipandang,N,Y,"Putaran 2 benar pada tugas, multipandang, dan per_kelas; putaran 1 hanya membaca judul. Abstrak verbatim dari OpenAlex menyatakan bahwa tandan dipotret dengan kamera digital dari antesis sampai panen (pengamatan berulang tandan yang sama, RGB), warna diekstraksi untuk mewakili tahap kematangan, dan tahap kematangan tiap tandan dipetakan.",AI-2
2026-10-01,topik/bukti/kode_C3.txt,2483,per_kelas,N,Y,"Putaran 2 benar pada tugas, multipandang, dan per_kelas; putaran 1 hanya membaca judul. Abstrak verbatim dari OpenAlex menyatakan bahwa tandan dipotret dengan kamera digital dari antesis sampai panen (pengamatan berulang tandan yang sama, RGB), warna diekstraksi untuk mewakili tahap kematangan, dan tahap kematangan tiap tandan dipetakan.",AI-2
2026-10-01,topik/penyaringan/abstrak_T00.txt,2506,dasar_keputusan,judul,abstrak (web),putaran kedua menemukan abstrak atau teks; baris tidak dipindah,AI-2
2026-10-01,topik/penyaringan/abstrak_T00.txt,2516,dasar_keputusan,judul,abstrak (web),putaran kedua menemukan abstrak atau teks; baris tidak dipindah,AI-2
2026-10-01,topik/penyaringan/abstrak_T00.txt,2542,dasar_keputusan,judul,abstrak (web),putaran kedua menemukan abstrak atau teks; baris tidak dipindah,AI-2
2026-10-01,topik/penyaringan/abstrak_T00.txt,2552,dasar_keputusan,judul,abstrak (web),putaran kedua menemukan abstrak atau teks; baris tidak dipindah,AI-2
2026-10-01,topik/penyaringan/abstrak_T00.txt,2556,dasar_keputusan,judul,abstrak (web),putaran kedua menemukan abstrak atau teks; baris tidak dipindah,AI-2
2026-10-01,topik/penyaringan/abstrak_T00.txt,2560,dasar_keputusan,judul,abstrak (web),putaran kedua menemukan abstrak atau teks; baris tidak dipindah,AI-2
2026-10-01,topik/penyaringan/abstrak_T00.txt,2565,dasar_keputusan,judul,abstrak (web),putaran kedua menemukan abstrak atau teks; baris tidak dipindah,AI-2
2026-10-01,topik/penyaringan/abstrak_T00.txt,2573,dasar_keputusan,judul,abstrak (web),putaran kedua menemukan abstrak atau teks; baris tidak dipindah,AI-2
2026-10-01,topik/penyaringan/abstrak_T00.txt,2590,dasar_keputusan,judul,abstrak (web),putaran kedua menemukan abstrak atau teks; baris tidak dipindah,AI-2
2026-10-01,topik/penyaringan/abstrak_06.txt,2606,alasan,E5,E2,"Putaran kedua benar pada alasan pengecualian. Teks lengkap menyatakan bahwa citra berasal dari kelapa yang sudah dipanen, pengujian dilakukan di laboratorium, dan data di pohon baru disarankan untuk penelitian lanjutan, sehingga E2 berlaku. E5 dari putaran pertama juga terpenuhi, tetapi E2 lebih mendasar karena buah tidak berada di tanaman.",AI-2
2026-10-01,topik/penyaringan/abstrak_T00.txt,2608,dasar_keputusan,judul,abstrak (web),putaran kedua menemukan abstrak atau teks; baris tidak dipindah,AI-2
2026-10-01,topik/penyaringan/abstrak_T00.txt,2619,dasar_keputusan,judul,abstrak (web),putaran kedua menemukan abstrak atau teks; baris tidak dipindah,AI-2
2026-10-01,topik/penyaringan/abstrak_T00.txt,2634,dasar_keputusan,judul,abstrak (web),putaran kedua menemukan abstrak atau teks; baris tidak dipindah,AI-2
2026-10-01,topik/penyaringan/abstrak_T00.txt,2674,dasar_keputusan,judul,abstrak (web),putaran kedua menemukan abstrak atau teks; baris tidak dipindah,AI-2
2026-10-01,topik/penyaringan/abstrak_06.txt,2700,kode,X,C2,"Putaran kedua benar: abstrak melaporkan akurasi pencacahan tomat (R2 = 0,87) di samping AP deteksi, sehingga syarat C2 pada aturan d terpenuhi dan E5 tidak berlaku. Kode tambahan C1 tidak diambil karena abstrak hanya menyebut penggabungan kotak ke satu citra peta lokasi dan evaluasi hitung tidak dinyatakan lintas citra.",AI-2
2026-10-01,topik/penyaringan/abstrak_06.txt,2700,alasan,E5,,"Putaran kedua benar: abstrak melaporkan akurasi pencacahan tomat (R2 = 0,87) di samping AP deteksi, sehingga syarat C2 pada aturan d terpenuhi dan E5 tidak berlaku. Kode tambahan C1 tidak diambil karena abstrak hanya menyebut penggabungan kotak ke satu citra peta lokasi dan evaluasi hitung tidak dinyatakan lintas citra.",AI-2
2026-10-01,topik/penyaringan/abstrak_B02.txt,2740,kode,X,C5,"Putaran kedua benar pada kelompok. Aturan c menetapkan E5 hanya untuk deteksi RGB tanpa pencacahan, sedangkan kajian ini memakai data multispektral (warna dan inframerah) dan mengevaluasi segmentasi buah almon di kebun dengan akurasi 88%. Modalitas non-RGB dan evaluasi deteksi itu memenuhi syarat C5.",AI-2
2026-10-01,topik/penyaringan/abstrak_B02.txt,2740,alasan,E5,,"Putaran kedua benar pada kelompok. Aturan c menetapkan E5 hanya untuk deteksi RGB tanpa pencacahan, sedangkan kajian ini memakai data multispektral (warna dan inframerah) dan mengevaluasi segmentasi buah almon di kebun dengan akurasi 88%. Modalitas non-RGB dan evaluasi deteksi itu memenuhi syarat C5.",AI-2
2026-10-01,topik/penyaringan/abstrak_T00.txt,2901,dasar_keputusan,judul,abstrak (web),putaran kedua menemukan abstrak atau teks; baris tidak dipindah,AI-2
2026-10-01,topik/bukti/mekanisme_C1.txt,2901,hasil_ringkas,stroberi; RGB-D multipandang dengan kalibrasi untuk pengenalan dan lokalisasi 3D di bawah oklusi (judul),"Fusi dua kamera RGB-D terkalibrasi menurunkan galat lokalisasi Euclidean 2,84%-39,21% dibandingkan satu kamera dan mencapai akurasi lokalisasi 3D 6,3 mm pada adegan teroklusi; strategi pencocokan menaikkan recall 53,1%.",putaran kedua (AI-2),AI-2
2026-10-01,topik/bukti/mekanisme_C1.txt,2901,sumber_kode,,abstrak,putaran kedua (AI-2),AI-2
2026-10-01,topik/bukti/mekanisme_C1.txt,2901,referensi_hitung,,tidak ada,putaran kedua (AI-2),AI-2
2026-10-01,topik/bukti/mekanisme_C1.txt,2901,tingkat_metrik,,deteksi,putaran kedua (AI-2),AI-2
2026-10-01,topik/bukti/mekanisme_C1.txt,2901,berubah,,tidak,putaran kedua (AI-2),AI-2
2026-10-01,topik/penyaringan/abstrak_06.txt,3220,kode,X,C2,"Kedua putaran keliru pada grup. Teks lengkap di PMC (Seksi 3.4) mengevaluasi jumlah buah tomat terhadap jumlah aktual (R2 0,71; MAE 1,13; MSE 1,93; 94% galat dalam rentang ±2), sehingga E5 dari putaran pertama tidak berlaku. Hitungan itu tidak dilaporkan per kelas kematangan, sehingga aturan b menolak C4 dari putaran kedua dan kode yang tepat adalah C2.",AI-2
2026-10-01,topik/penyaringan/abstrak_06.txt,3220,alasan,E5,,"Kedua putaran keliru pada grup. Teks lengkap di PMC (Seksi 3.4) mengevaluasi jumlah buah tomat terhadap jumlah aktual (R2 0,71; MAE 1,13; MSE 1,93; 94% galat dalam rentang ±2), sehingga E5 dari putaran pertama tidak berlaku. Hitungan itu tidak dilaporkan per kelas kematangan, sehingga aturan b menolak C4 dari putaran kedua dan kode yang tepat adalah C2.",AI-2
2026-10-01,topik/bukti/mekanisme_C1.txt,3294,akuisisi,V,D,"Putaran kedua benar pada akuisisi. Teks lengkap menyatakan kamera pada lengan robot dipindahkan ke tiga pose tetap dan kotak deteksi dari tiap pose dipotongkan, sehingga masukan berupa beberapa foto diskret (D), bukan video atau urutan citra dari kamera yang bergerak sepanjang baris. Kode V pada putaran pertama dibuat dari abstrak yang tidak merinci akuisisi.",AI-2
2026-10-01,topik/bukti/mekanisme_C1.txt,3294,hasil_ringkas,tomat; filter histogram Bayes untuk posisi 3D dari kamera monokular; MAE <20 mm di laboratorium,"Filter histogram yang memotongkan kotak deteksi dari tiga pose kamera monokular menaksir posisi 3D tomat dengan MAE di bawah 10 mm pada simulasi dan galat Euclidean rerata sekitar 20 mm (MAE 0,0100-0,0127 m) pada testbed laboratorium.",putaran kedua (AI-2),AI-2
2026-10-01,topik/bukti/mekanisme_C1.txt,3294,sumber_kode,,teks lengkap,putaran kedua (AI-2),AI-2
2026-10-01,topik/bukti/mekanisme_C1.txt,3294,halaman,,"h. 10 (pose), Tabel II h. 15",putaran kedua (AI-2),AI-2
2026-10-01,topik/bukti/mekanisme_C1.txt,3294,referensi_hitung,,tidak ada,putaran kedua (AI-2),AI-2
2026-10-01,topik/bukti/mekanisme_C1.txt,3294,tingkat_metrik,,tidak ada,putaran kedua (AI-2),AI-2
2026-10-01,topik/bukti/mekanisme_C1.txt,3294,berubah,,ya (lama: akuisisi=V),putaran kedua (AI-2),AI-2
2026-10-01,topik/bukti/mekanisme_C1.txt,3565,sumber_kode,,abstrak,putaran kedua (AI-2),AI-2
2026-10-01,topik/bukti/mekanisme_C1.txt,3565,referensi_hitung,,tidak ada,putaran kedua (AI-2),AI-2
2026-10-01,topik/bukti/mekanisme_C1.txt,3565,tingkat_metrik,,deteksi,putaran kedua (AI-2),AI-2
2026-10-01,topik/bukti/mekanisme_C1.txt,3565,berubah,,tidak,putaran kedua (AI-2),AI-2
2026-10-01,topik/bukti/mekanisme_C1.txt,3588,sumber_kode,,abstrak,putaran kedua (AI-2),AI-2
2026-10-01,topik/bukti/mekanisme_C1.txt,3588,referensi_hitung,,anotasi,putaran kedua (AI-2),AI-2
2026-10-01,topik/bukti/mekanisme_C1.txt,3588,tingkat_metrik,,hitung,putaran kedua (AI-2),AI-2
2026-10-01,topik/bukti/mekanisme_C1.txt,3588,berubah,,tidak,putaran kedua (AI-2),AI-2
2026-10-01,topik/bukti/mekanisme_C1.txt,3604,sumber_kode,,abstrak,putaran kedua (AI-2),AI-2
2026-10-01,topik/bukti/mekanisme_C1.txt,3604,referensi_hitung,,tidak ada,putaran kedua (AI-2),AI-2
2026-10-01,topik/bukti/mekanisme_C1.txt,3604,tingkat_metrik,,tidak ada,putaran kedua (AI-2),AI-2
2026-10-01,topik/bukti/mekanisme_C1.txt,3604,berubah,,tidak,putaran kedua (AI-2),AI-2
2026-10-01,topik/penyaringan/abstrak_T00.txt,3641,dasar_keputusan,judul,abstrak (web),putaran kedua menemukan abstrak atau teks; baris tidak dipindah,AI-2
2026-10-01,topik/penyaringan/abstrak_06.txt,3689,alasan,E4,E5,"Putaran kedua benar pada alasan. Teks lengkap menunjukkan bahwa kajian hanya mengevaluasi deteksi pir dengan mAP pada citra RGB, tanpa lokalisasi titik petik dan tanpa pengoperasian robot pemetik, sehingga E4 tidak tepat. Kajian mendeteksi buah tanpa pencacahan atau evaluasi di luar deteksi, yaitu E5.",AI-2
2026-10-01,topik/bukti/mekanisme_C1.txt,3912,hasil_ringkas,paprika; perencanaan sudut pandang berbasis octree ROI; posisi dan ukuran buah,"Pada simulasi Skenario 2 (28 buah), pendekatan dengan utilitas UU menemukan 27,0 ± 2,4 buah, volume ROI tercakup 0,68, jarak pusat 2,21 cm, dan akurasi volume 0,56; pada Skenario 1 (14 buah) ditemukan 13,2 sampai 13,8 buah. Uji rumah kaca nyata tanpa analisis numerik.",putaran kedua (AI-2),AI-2
2026-10-01,topik/bukti/mekanisme_C1.txt,3912,sumber_kode,,teks lengkap,putaran kedua (AI-2),AI-2
2026-10-01,topik/bukti/mekanisme_C1.txt,3912,halaman,,"Tabel I, h. 6",putaran kedua (AI-2),AI-2
2026-10-01,topik/bukti/mekanisme_C1.txt,3912,referensi_hitung,,anotasi,putaran kedua (AI-2),AI-2
2026-10-01,topik/bukti/mekanisme_C1.txt,3912,tingkat_metrik,,hitung,putaran kedua (AI-2),AI-2
2026-10-01,topik/bukti/mekanisme_C1.txt,3912,berubah,,tidak,putaran kedua (AI-2),AI-2
2026-10-01,topik/bukti/mekanisme_C1.txt,4032,sumber_kode,,abstrak,putaran kedua (AI-2),AI-2
2026-10-01,topik/bukti/mekanisme_C1.txt,4032,referensi_hitung,,anotasi,putaran kedua (AI-2),AI-2
2026-10-01,topik/bukti/mekanisme_C1.txt,4032,tingkat_metrik,,deteksi,putaran kedua (AI-2),AI-2
2026-10-01,topik/bukti/mekanisme_C1.txt,4032,berubah,,tidak,putaran kedua (AI-2),AI-2
2026-10-01,topik/penyaringan/abstrak_T00.txt,4544,dasar_keputusan,judul,abstrak (web),putaran kedua menemukan abstrak atau teks; baris tidak dipindah,AI-2
2026-10-01,topik/penyaringan/abstrak_07.txt,4600,alasan,E5,E1,"Putaran kedua benar pada alasan eksklusi. Abstrak tidak menyebut buah sama sekali, sehingga E5 (buah terdeteksi tetapi tidak dicacah) tidak berlaku; menurut aturan h tinjauan umum tanpa buah dikeluarkan dengan E1.",AI-2
2026-10-01,topik/penyaringan/abstrak_T00.txt,5474,dasar_keputusan,judul,abstrak (web),putaran kedua menemukan abstrak atau teks; baris tidak dipindah,AI-2
2026-10-01,topik/penyaringan/abstrak_T00.txt,12,kode,X,C1,"Putaran 2 benar pada grup. Putaran 1 hanya membaca judul dan memberi E1, sedangkan parafrasa abstrak dari web menyatakan bahwa buah kapas dihitung per plot dari rekonstruksi NeRF citra banyak pandang; buah kapas diperlakukan sebagai buah (aturan f) dan penggabungan pandangan melalui rekonstruksi 3D adalah C1 dengan M4.",AI-2
2026-10-01,topik/penyaringan/abstrak_T00.txt,12,alasan,E1,,"Putaran 2 benar pada grup. Putaran 1 hanya membaca judul dan memberi E1, sedangkan parafrasa abstrak dari web menyatakan bahwa buah kapas dihitung per plot dari rekonstruksi NeRF citra banyak pandang; buah kapas diperlakukan sebagai buah (aturan f) dan penggabungan pandangan melalui rekonstruksi 3D adalah C1 dengan M4.",AI-2
2026-10-01,topik/bukti/mekanisme_C1.txt,12,mekanisme,,M4,"Putaran 2 benar pada grup. Putaran 1 hanya membaca judul dan memberi E1, sedangkan parafrasa abstrak dari web menyatakan bahwa buah kapas dihitung per plot dari rekonstruksi NeRF citra banyak pandang; buah kapas diperlakukan sebagai buah (aturan f) dan penggabungan pandangan melalui rekonstruksi 3D adalah C1 dengan M4.",AI-2
2026-10-01,topik/bukti/mekanisme_C1.txt,12,akuisisi,,V,"Putaran 2 benar pada grup. Putaran 1 hanya membaca judul dan memberi E1, sedangkan parafrasa abstrak dari web menyatakan bahwa buah kapas dihitung per plot dari rekonstruksi NeRF citra banyak pandang; buah kapas diperlakukan sebagai buah (aturan f) dan penggabungan pandangan melalui rekonstruksi 3D adalah C1 dengan M4.",AI-2
2026-10-01,topik/bukti/mekanisme_C1.txt,12,per_kelas,,N,"Putaran 2 benar pada grup. Putaran 1 hanya membaca judul dan memberi E1, sedangkan parafrasa abstrak dari web menyatakan bahwa buah kapas dihitung per plot dari rekonstruksi NeRF citra banyak pandang; buah kapas diperlakukan sebagai buah (aturan f) dan penggabungan pandangan melalui rekonstruksi 3D adalah C1 dengan M4.",AI-2
2026-10-01,topik/bukti/mekanisme_C1.txt,12,hasil_ringkas,,Alur kerja berbasis NeRF merekonstruksi tanaman kapas tingkat plot dari citra RGB banyak pandang (10 kamera pada platform robot atau video ponsel) dan menghitung buah kapas per plot dengan FruitNeRF yang diperbaiki. Angka galat tidak tersedia pada sumber web yang terbaca.,putaran kedua (AI-2),AI-2
2026-10-01,topik/bukti/mekanisme_C1.txt,12,sumber_kode,,abstrak,putaran kedua (AI-2),AI-2
2026-10-01,topik/bukti/mekanisme_C1.txt,12,referensi_hitung,,tidak ada,putaran kedua (AI-2),AI-2
2026-10-01,topik/bukti/mekanisme_C1.txt,12,tingkat_metrik,,hitung,putaran kedua (AI-2),AI-2
2026-10-01,topik/bukti/mekanisme_C1.txt,12,berubah,,tidak,putaran kedua (AI-2),AI-2
2026-10-01,topik/penyaringan/abstrak_B01.txt,717,kode,C1,X,"Putaran kedua benar pada grup: abstrak menyatakan bahwa yang dilacak antarbingkai dan dievaluasi hanya posisi batang (semua batang terdeteksi, RMSE 15,6 piksel), sedangkan partisi antarpohon baru disebut cocok untuk dipadukan dengan sistem hitung buah. Tidak ada buah yang dihubungkan antarcitra dan tidak ada hasil hitung, sehingga syarat C1 tidak terpenuhi. Alasan eksklusi ditetapkan E5, bukan E1, karena detektor mengenali buah tetapi buah tidak dihitung maupun dievaluasi.",AI-2
2026-10-01,topik/penyaringan/abstrak_B01.txt,717,alasan,,E5,"Putaran kedua benar pada grup: abstrak menyatakan bahwa yang dilacak antarbingkai dan dievaluasi hanya posisi batang (semua batang terdeteksi, RMSE 15,6 piksel), sedangkan partisi antarpohon baru disebut cocok untuk dipadukan dengan sistem hitung buah. Tidak ada buah yang dihubungkan antarcitra dan tidak ada hasil hitung, sehingga syarat C1 tidak terpenuhi. Alasan eksklusi ditetapkan E5, bukan E1, karena detektor mengenali buah tetapi buah tidak dihitung maupun dievaluasi.",AI-2
2026-10-01,topik/bukti/mekanisme_C1.txt,717,mekanisme,M3,,"baris dihapus: rekaman keluar dari C1 (Putaran kedua benar pada grup: abstrak menyatakan bahwa yang dilacak antarbingkai dan dievaluasi hanya posisi batang (semua batang terdeteksi, RMSE 15,6 piksel), sedangkan partisi antarpohon baru disebut cocok untuk dipadukan dengan sistem hitung buah. Tidak ada buah yang dihubungkan antarcitra dan tidak ada hasil hitung, sehingga syarat C1 tidak terpenuhi. Alasan eksklusi ditetapkan E5, bukan E1, karena detektor mengenali buah tetapi buah tidak dihitung maupun dievaluasi.)",AI-2
2026-10-01,topik/bukti/mekanisme_C1.txt,717,akuisisi,V,,"baris dihapus: rekaman keluar dari C1 (Putaran kedua benar pada grup: abstrak menyatakan bahwa yang dilacak antarbingkai dan dievaluasi hanya posisi batang (semua batang terdeteksi, RMSE 15,6 piksel), sedangkan partisi antarpohon baru disebut cocok untuk dipadukan dengan sistem hitung buah. Tidak ada buah yang dihubungkan antarcitra dan tidak ada hasil hitung, sehingga syarat C1 tidak terpenuhi. Alasan eksklusi ditetapkan E5, bukan E1, karena detektor mengenali buah tetapi buah tidak dihitung maupun dievaluasi.)",AI-2
2026-10-01,topik/bukti/mekanisme_C1.txt,717,per_kelas,N,,"baris dihapus: rekaman keluar dari C1 (Putaran kedua benar pada grup: abstrak menyatakan bahwa yang dilacak antarbingkai dan dievaluasi hanya posisi batang (semua batang terdeteksi, RMSE 15,6 piksel), sedangkan partisi antarpohon baru disebut cocok untuk dipadukan dengan sistem hitung buah. Tidak ada buah yang dihubungkan antarcitra dan tidak ada hasil hitung, sehingga syarat C1 tidak terpenuhi. Alasan eksklusi ditetapkan E5, bukan E1, karena detektor mengenali buah tetapi buah tidak dihitung maupun dievaluasi.)",AI-2
2026-10-01,topik/bukti/mekanisme_C1.txt,717,hasil_ringkas,"apel; estimasi posisi batang untuk partisi per pohon; RMSE posisi batang 15,6 piksel",,"baris dihapus: rekaman keluar dari C1 (Putaran kedua benar pada grup: abstrak menyatakan bahwa yang dilacak antarbingkai dan dievaluasi hanya posisi batang (semua batang terdeteksi, RMSE 15,6 piksel), sedangkan partisi antarpohon baru disebut cocok untuk dipadukan dengan sistem hitung buah. Tidak ada buah yang dihubungkan antarcitra dan tidak ada hasil hitung, sehingga syarat C1 tidak terpenuhi. Alasan eksklusi ditetapkan E5, bukan E1, karena detektor mengenali buah tetapi buah tidak dihitung maupun dievaluasi.)",AI-2
2026-10-01,topik/penyaringan/abstrak_B01.txt,927,kode,X,R,"Putaran kedua benar pada grup. Abstrak menyebut deteksi buah tomat dengan YOLO-Tomato dan R-CNN serta pencacahan dengan DeepSort sebagai salah satu temuan utama tinjauan, sehingga E3 (hasil dimodelkan tanpa mendeteksi buah) tidak tepat untuk tinjauan ini. Keyakinan sedang karena porsi bagian berbasis citra hanya diketahui dari abstrak.",AI-2
2026-10-01,topik/penyaringan/abstrak_B01.txt,927,alasan,E3,,"Putaran kedua benar pada grup. Abstrak menyebut deteksi buah tomat dengan YOLO-Tomato dan R-CNN serta pencacahan dengan DeepSort sebagai salah satu temuan utama tinjauan, sehingga E3 (hasil dimodelkan tanpa mendeteksi buah) tidak tepat untuk tinjauan ini. Keyakinan sedang karena porsi bagian berbasis citra hanya diketahui dari abstrak.",AI-2
2026-10-01,topik/penyaringan/abstrak_02.txt,968,kode,X,C2,"Putaran kedua benar pada grup. Teks lengkap menunjukkan buah disegmentasi pada citra darat tunggal dan rasio luas buah menjadi fitur model estimasi hasil yang diuji terhadap hasil panen (R2 0,942; RMSE 12,980 kg), sehingga E3 (hasil dimodelkan tanpa mendeteksi buah) dari putaran pertama tidak berlaku. Dugaan putaran kedua bahwa rasio fitur struktural mencakup piksel buah terbukti oleh definisi f3 dan f4.",AI-2
2026-10-01,topik/penyaringan/abstrak_02.txt,968,alasan,E3,,"Putaran kedua benar pada grup. Teks lengkap menunjukkan buah disegmentasi pada citra darat tunggal dan rasio luas buah menjadi fitur model estimasi hasil yang diuji terhadap hasil panen (R2 0,942; RMSE 12,980 kg), sehingga E3 (hasil dimodelkan tanpa mendeteksi buah) dari putaran pertama tidak berlaku. Dugaan putaran kedua bahwa rasio fitur struktural mencakup piksel buah terbukti oleh definisi f3 dan f4.",AI-2
2026-10-01,topik/penyaringan/abstrak_06.txt,3765,kode,X,C5,"Putaran 2 benar pada grup. Abstrak melaporkan segmentasi buah dengan citra RGB, depth, dan inframerah serta pemulihan bentuk dan posisi buah teroklusi yang dievaluasi (mIoU 0,895; galat sentroid 0,62 mm; radius buah), yaitu lokalisasi dan pengukuran buah di tanaman dengan sensor depth. Yang diukur adalah geometri buah, bukan titik petik atau pose genggam, sehingga kajian ini bukan pemetikan semata (E4).",AI-2
2026-10-01,topik/penyaringan/abstrak_06.txt,3765,alasan,E4,,"Putaran 2 benar pada grup. Abstrak melaporkan segmentasi buah dengan citra RGB, depth, dan inframerah serta pemulihan bentuk dan posisi buah teroklusi yang dievaluasi (mIoU 0,895; galat sentroid 0,62 mm; radius buah), yaitu lokalisasi dan pengukuran buah di tanaman dengan sensor depth. Yang diukur adalah geometri buah, bukan titik petik atau pose genggam, sehingga kajian ini bukan pemetikan semata (E4).",AI-2
2026-10-01,topik/penyaringan/abstrak_07.txt,4194,kode,X,C5,"Putaran kedua benar pada grup. E2 hanya berlaku untuk kajian yang seluruhnya pascapanen atau laboratorium, sedangkan abstrak dan teks lengkap menyatakan pemindai 3D juga dipakai langsung di lapangan pada tandan yang belum dipanen dan hasilnya dievaluasi terhadap pindaian laboratorium. Kajian ini memenuhi C5 karena memakai sensor 3D dan mengevaluasi pengukuran buah pada tanaman.",AI-2
2026-10-01,topik/penyaringan/abstrak_07.txt,4194,alasan,E2,,"Putaran kedua benar pada grup. E2 hanya berlaku untuk kajian yang seluruhnya pascapanen atau laboratorium, sedangkan abstrak dan teks lengkap menyatakan pemindai 3D juga dipakai langsung di lapangan pada tandan yang belum dipanen dan hasilnya dievaluasi terhadap pindaian laboratorium. Kajian ini memenuhi C5 karena memakai sensor 3D dan mengevaluasi pengukuran buah pada tanaman.",AI-2
2026-10-02,topik/penyaringan/tahap_judul.csv,7,keputusan_judul,X,I,"pemeriksaan ulang eksklusi tahap judul (Q1, Q3); dasar: abstrak; Pencacahan buah tomat ceri per kelas kematangan dengan pelacakan ByteTrack dalam video simulasi; citra berasal dari lingkungan virtual. Penyanggah: Abstrak menyatakan pencacahan buah tomat ceri per tingkat kematangan memakai YOLO segmentasi dan ByteTrack, dievaluasi terhadap jumlah acuan (pemulihan 90,1%, F1 hitungan 0,898), sehingga memenuhi C1 dengan mekanisme M3 dan tidak jatuh ke kriteria X mana pun. Lingkungan simulasi tidak termasuk kriteria pengecualian protokol, tetapi sifat per kelas hanya tersirat dari frasa ripeness-specific.",AI-2
2026-10-02,topik/penyaringan/abstrak_U00.txt,7,kode,,C1,"pemeriksaan ulang eksklusi tahap judul (Q1, Q3); dasar: abstrak; Pencacahan buah tomat ceri per kelas kematangan dengan pelacakan ByteTrack dalam video simulasi; citra berasal dari lingkungan virtual. Penyanggah: Abstrak menyatakan pencacahan buah tomat ceri per tingkat kematangan memakai YOLO segmentasi dan ByteTrack, dievaluasi terhadap jumlah acuan (pemulihan 90,1%, F1 hitungan 0,898), sehingga memenuhi C1 dengan mekanisme M3 dan tidak jatuh ke kriteria X mana pun. Lingkungan simulasi tidak termasuk kriteria pengecualian protokol, tetapi sifat per kelas hanya tersirat dari frasa ripeness-specific.",AI-2
2026-10-02,topik/penyaringan/tahap_judul.csv,166,keputusan_judul,X,I,"pemeriksaan ulang eksklusi tahap judul (Q1, Q3); dasar: abstrak (web); Estimasi hasil apel dengan pelacak Deep OC-SORT pada video; tingkat evaluasi hitungan tidak terlihat dari parafrasa sehingga hanya metrik deteksi dicatat. Penyanggah: Judul menyatakan metode estimasi hasil apel dengan Deep OC-SORT, dan kutipan abstrak dari pencarian web menyatakan pelacak itu dipakai untuk mengatasi pelacakan tidak stabil dan penghitungan berulang saat apel dideteksi, sehingga hitungan lintas bingkai video tergabung (C1, M2+M3). Abstrak pada berkas kosong dan kutipan berasal dari parafrasa web, sehingga evaluasi hitungan tidak terverifikasi, tetapi objek buah pada tanaman, tujuan estimasi hasil, dan penautan lintas bingkai sudah memenuhi protokol.",AI-2
2026-10-02,topik/penyaringan/abstrak_U00.txt,166,kode,,C1,"pemeriksaan ulang eksklusi tahap judul (Q1, Q3); dasar: abstrak (web); Estimasi hasil apel dengan pelacak Deep OC-SORT pada video; tingkat evaluasi hitungan tidak terlihat dari parafrasa sehingga hanya metrik deteksi dicatat. Penyanggah: Judul menyatakan metode estimasi hasil apel dengan Deep OC-SORT, dan kutipan abstrak dari pencarian web menyatakan pelacak itu dipakai untuk mengatasi pelacakan tidak stabil dan penghitungan berulang saat apel dideteksi, sehingga hitungan lintas bingkai video tergabung (C1, M2+M3). Abstrak pada berkas kosong dan kutipan berasal dari parafrasa web, sehingga evaluasi hitungan tidak terverifikasi, tetapi objek buah pada tanaman, tujuan estimasi hasil, dan penautan lintas bingkai sudah memenuhi protokol.",AI-2
2026-10-02,topik/penyaringan/tahap_judul.csv,216,keputusan_judul,X,I,"pemeriksaan ulang eksklusi tahap judul (Q1, Q3); dasar: abstrak; Pelacakan buah antarbingkai video dengan lokalisasi 3D dari kedalaman monokular untuk pencacahan; evaluasi hitungan tidak dinyatakan dengan angka dalam abstrak. Penyanggah: Abstrak menyatakan bahwa kedalaman monokular menempatkan deteksi buah kebun pada satu koordinat 3D terpadu sehingga pelacakan unik dan pencacahan antarbingkai video dimungkinkan, sehingga kontribusinya menghubungkan buah yang sama lintas citra (C1, M3+M4, akuisisi V). Objeknya buah pada tanaman di kebun dengan pencacahan dan pengukuran ukuran, sehingga memenuhi protokol; angka hitungan tidak dilaporkan di abstrak, tetapi klaim pencacahan dan pelacakan eksplisit.",AI-2
2026-10-02,topik/penyaringan/abstrak_U00.txt,216,kode,,C1,"pemeriksaan ulang eksklusi tahap judul (Q1, Q3); dasar: abstrak; Pelacakan buah antarbingkai video dengan lokalisasi 3D dari kedalaman monokular untuk pencacahan; evaluasi hitungan tidak dinyatakan dengan angka dalam abstrak. Penyanggah: Abstrak menyatakan bahwa kedalaman monokular menempatkan deteksi buah kebun pada satu koordinat 3D terpadu sehingga pelacakan unik dan pencacahan antarbingkai video dimungkinkan, sehingga kontribusinya menghubungkan buah yang sama lintas citra (C1, M3+M4, akuisisi V). Objeknya buah pada tanaman di kebun dengan pencacahan dan pengukuran ukuran, sehingga memenuhi protokol; angka hitungan tidak dilaporkan di abstrak, tetapi klaim pencacahan dan pelacakan eksplisit.",AI-2
2026-10-02,topik/penyaringan/tahap_judul.csv,289,keputusan_judul,X,I,"pemeriksaan ulang eksklusi tahap judul (Q1, Q3); dasar: abstrak; Sistem menghitung buah pada pohon dengan YOLOv8 untuk prakiraan hasil panen dan dievaluasi dengan MSE serta MAPE hasil panen, sehingga masuk C2 dengan keyakinan sedang. Penyanggah: Abstrak menyatakan bahwa CNN (YOLOv8) dipakai untuk mengenali dan menghitung buah pada pohon dari citra dan video, dan hasilnya masuk ke sistem prakiraan hasil panen yang dievaluasi dengan MSE 7,33 dan MAPE 6,27%. Penghitungan buah pada tanaman dan estimasi hasil yang dievaluasi memenuhi kode C2, meskipun galat hitungan buah itu sendiri tidak dilaporkan terpisah.",AI-2
2026-10-02,topik/penyaringan/abstrak_U00.txt,289,kode,,C2,"pemeriksaan ulang eksklusi tahap judul (Q1, Q3); dasar: abstrak; Sistem menghitung buah pada pohon dengan YOLOv8 untuk prakiraan hasil panen dan dievaluasi dengan MSE serta MAPE hasil panen, sehingga masuk C2 dengan keyakinan sedang. Penyanggah: Abstrak menyatakan bahwa CNN (YOLOv8) dipakai untuk mengenali dan menghitung buah pada pohon dari citra dan video, dan hasilnya masuk ke sistem prakiraan hasil panen yang dievaluasi dengan MSE 7,33 dan MAPE 6,27%. Penghitungan buah pada tanaman dan estimasi hasil yang dievaluasi memenuhi kode C2, meskipun galat hitungan buah itu sendiri tidak dilaporkan terpisah.",AI-2
2026-10-02,topik/penyaringan/tahap_judul.csv,298,keputusan_judul,X,I,"pemeriksaan ulang eksklusi tahap judul (Q1, Q3); dasar: abstrak (web); Abstrak diperoleh dari parafrasa web; penghitungan buah per cabang dari deret citra berulang dengan pencocokan citra antarwaktu, sehingga masuk C1 (revisit). Penyanggah: Parafrasa web dari abstrak resmi (ADS/ScienceDirect) menyebut sistem fokus tetap yang memotret cabang litchi harian, pencocokan citra SE2-SuperGlue antarwaktu, dan YOLOv8n untuk menghitung buah, dengan R2 0,98 untuk jumlah buah harian selama 56 hari. Itu merupakan studi kunjungan ulang yang menghubungkan pengamatan cabang yang sama lintas citra dan mengevaluasi hitungan, sehingga layak C1 (akuisisi T, M2).",AI-2
2026-10-02,topik/penyaringan/abstrak_U00.txt,298,kode,,C1,"pemeriksaan ulang eksklusi tahap judul (Q1, Q3); dasar: abstrak (web); Abstrak diperoleh dari parafrasa web; penghitungan buah per cabang dari deret citra berulang dengan pencocokan citra antarwaktu, sehingga masuk C1 (revisit). Penyanggah: Parafrasa web dari abstrak resmi (ADS/ScienceDirect) menyebut sistem fokus tetap yang memotret cabang litchi harian, pencocokan citra SE2-SuperGlue antarwaktu, dan YOLOv8n untuk menghitung buah, dengan R2 0,98 untuk jumlah buah harian selama 56 hari. Itu merupakan studi kunjungan ulang yang menghubungkan pengamatan cabang yang sama lintas citra dan mengevaluasi hitungan, sehingga layak C1 (akuisisi T, M2).",AI-2
2026-10-02,topik/penyaringan/tahap_judul.csv,330,keputusan_judul,X,I,"pemeriksaan ulang eksklusi tahap judul (Q1, Q3); dasar: abstrak (web); Abstrak dari parafrasa web; rekonstruksi 3D multi-pandang untuk menghitung buah kapas, acuan hitung diasumsikan hitungan lapangan per tanaman sehingga bagian itu kurang pasti. Penyanggah: Parafrasa web dari abstrak menyatakan bahwa awan titik 3D dari UAV (oblik dan nadir) dipakai untuk menghitung buah kapas dan mengestimasi hasil, dengan hasil oblik jauh melampaui nadir. Rekonstruksi 3D multipandang yang mengelompokkan buah kapas menjadi objek tunggal dengan evaluasi hitungan memenuhi C1 (M4, akuisisi D); angka R2 pada ringkasan peninjau berasal dari parafrasa yang tidak saya verifikasi ulang.",AI-2
2026-10-02,topik/penyaringan/abstrak_U00.txt,330,kode,,C1,"pemeriksaan ulang eksklusi tahap judul (Q1, Q3); dasar: abstrak (web); Abstrak dari parafrasa web; rekonstruksi 3D multi-pandang untuk menghitung buah kapas, acuan hitung diasumsikan hitungan lapangan per tanaman sehingga bagian itu kurang pasti. Penyanggah: Parafrasa web dari abstrak menyatakan bahwa awan titik 3D dari UAV (oblik dan nadir) dipakai untuk menghitung buah kapas dan mengestimasi hasil, dengan hasil oblik jauh melampaui nadir. Rekonstruksi 3D multipandang yang mengelompokkan buah kapas menjadi objek tunggal dengan evaluasi hitungan memenuhi C1 (M4, akuisisi D); angka R2 pada ringkasan peninjau berasal dari parafrasa yang tidak saya verifikasi ulang.",AI-2
2026-10-02,topik/penyaringan/tahap_judul.csv,360,keputusan_judul,X,I,"pemeriksaan ulang eksklusi tahap judul (Q1, Q3); dasar: abstrak; Estimasi massa buah stroberi pada tanaman dari video RGB-D dengan galat median 1,16 g; masuk sebagai pengukuran ukuran dengan sensor kedalaman, tetapi batas kelayakan tipis. Penyanggah: Abstrak menyatakan estimasi massa buah stroberi individual pada tanaman di kebun nyata dari data video RGB-D, dievaluasi dengan galat median 1,16 g dan dibandingkan dengan baseline estimasi volume visual. Itu memenuhi C5 (sensor kedalaman, ukuran buah di tanaman, dievaluasi) dan peramalan hasil panen berbasis citra termasuk cakupan protokol.",AI-2
2026-10-02,topik/penyaringan/abstrak_U00.txt,360,kode,,C5,"pemeriksaan ulang eksklusi tahap judul (Q1, Q3); dasar: abstrak; Estimasi massa buah stroberi pada tanaman dari video RGB-D dengan galat median 1,16 g; masuk sebagai pengukuran ukuran dengan sensor kedalaman, tetapi batas kelayakan tipis. Penyanggah: Abstrak menyatakan estimasi massa buah stroberi individual pada tanaman di kebun nyata dari data video RGB-D, dievaluasi dengan galat median 1,16 g dan dibandingkan dengan baseline estimasi volume visual. Itu memenuhi C5 (sensor kedalaman, ukuran buah di tanaman, dievaluasi) dan peramalan hasil panen berbasis citra termasuk cakupan protokol.",AI-2
2026-10-02,topik/penyaringan/tahap_judul.csv,508,keputusan_judul,X,I,"pemeriksaan ulang eksklusi tahap judul (Q1, Q3); dasar: abstrak; Penghitungan buah tomat per kelas dari video dengan pelacak DeepSORT dan dibandingkan dengan hitungan manual. Penyanggah: Abstrak menyatakan buah tomat hijau dan merah dihitung dari rekaman video drone dengan YOLO V5 dan Deep Sort, sehingga identitas buah dihubungkan antarbingkai (M3, akuisisi video) dan hasil hitung dibandingkan dengan hitungan manual per kelas. Objeknya adalah buah pada tanaman dan penyebutan duplikasi hitungan menunjukkan tujuan pelacakan, sehingga memenuhi protokol dan kelompok C1.",AI-2
2026-10-02,topik/penyaringan/abstrak_U00.txt,508,kode,,C1,"pemeriksaan ulang eksklusi tahap judul (Q1, Q3); dasar: abstrak; Penghitungan buah tomat per kelas dari video dengan pelacak DeepSORT dan dibandingkan dengan hitungan manual. Penyanggah: Abstrak menyatakan buah tomat hijau dan merah dihitung dari rekaman video drone dengan YOLO V5 dan Deep Sort, sehingga identitas buah dihubungkan antarbingkai (M3, akuisisi video) dan hasil hitung dibandingkan dengan hitungan manual per kelas. Objeknya adalah buah pada tanaman dan penyebutan duplikasi hitungan menunjukkan tujuan pelacakan, sehingga memenuhi protokol dan kelompok C1.",AI-2
2026-10-02,topik/penyaringan/tahap_judul.csv,628,keputusan_judul,X,I,"pemeriksaan ulang eksklusi tahap judul (Q1, Q3); dasar: abstrak; Segmentasi dan penghitungan buah cranberry terpapar dari citra drone dievaluasi dengan MAE hitung, sehingga memenuhi C2. Penyanggah: Abstrak menyatakan segmentasi buah cranberry di lahan dari citra drone dengan galat penghitungan yang dilaporkan (MAE 13,46), sehingga hitungan buah pada tanaman dievaluasi dan memenuhi C2. Tujuan utamanya adalah penilaian risiko panas, tetapi buah terpapar tetap dideteksi dan dihitung, bukan sekadar dimodelkan (bukan E3) maupun hanya dideteksi (bukan E5).",AI-2
2026-10-02,topik/penyaringan/abstrak_U00.txt,628,kode,,C2,"pemeriksaan ulang eksklusi tahap judul (Q1, Q3); dasar: abstrak; Segmentasi dan penghitungan buah cranberry terpapar dari citra drone dievaluasi dengan MAE hitung, sehingga memenuhi C2. Penyanggah: Abstrak menyatakan segmentasi buah cranberry di lahan dari citra drone dengan galat penghitungan yang dilaporkan (MAE 13,46), sehingga hitungan buah pada tanaman dievaluasi dan memenuhi C2. Tujuan utamanya adalah penilaian risiko panas, tetapi buah terpapar tetap dideteksi dan dihitung, bukan sekadar dimodelkan (bukan E3) maupun hanya dideteksi (bukan E5).",AI-2
2026-10-02,topik/penyaringan/tahap_judul.csv,706,keputusan_judul,X,I,"pemeriksaan ulang eksklusi tahap judul (Q1, Q3); dasar: abstrak; Penghitungan penyu dari citra drone dengan CNN dan evaluasi terhadap hitungan manual; metode penghitungan objek di luar pertanian. Penyanggah: Rekaman ini adalah makalah metode penghitungan objek berbasis citra (CNN pada citra drone) di luar pertanian, yang dinyatakan eksplisit sebagai cakupan protokol untuk kode T. Penghitungan dievaluasi terhadap hitungan manual dan abstrak berbahasa Inggris tersedia, sehingga tidak ada aturan pengecualian yang berlaku.",AI-2
2026-10-02,topik/penyaringan/abstrak_U00.txt,706,kode,,T,"pemeriksaan ulang eksklusi tahap judul (Q1, Q3); dasar: abstrak; Penghitungan penyu dari citra drone dengan CNN dan evaluasi terhadap hitungan manual; metode penghitungan objek di luar pertanian. Penyanggah: Rekaman ini adalah makalah metode penghitungan objek berbasis citra (CNN pada citra drone) di luar pertanian, yang dinyatakan eksplisit sebagai cakupan protokol untuk kode T. Penghitungan dievaluasi terhadap hitungan manual dan abstrak berbahasa Inggris tersedia, sehingga tidak ada aturan pengecualian yang berlaku.",AI-2
2026-10-02,topik/penyaringan/tahap_judul.csv,733,keputusan_judul,X,I,"pemeriksaan ulang eksklusi tahap judul (Q1, Q3); dasar: abstrak; Tinjauan galat penghitungan satwa dari UAS termasuk hitung ganda; relevan sebagai bahan transfer, tetapi batas kelayakan tipis. Penyanggah: Abstrak membahas galat hitung ganda (double count) dan solusinya pada pencacahan objek berbasis citra UAS di luar pertanian, termasuk penghitungan pada orthomosaic dan tinjauan citra otomatis, sehingga memenuhi kriteria kelompok T (metode pencacahan objek di luar pertanian yang dapat dialihkan). Isu identitas ganda antarcitra relevan langsung dengan pokok tinjauan, dan aturan operasional hanya membatasi tinjauan R pada topik buah, bukan T.",AI-2
2026-10-02,topik/penyaringan/abstrak_U00.txt,733,kode,,T,"pemeriksaan ulang eksklusi tahap judul (Q1, Q3); dasar: abstrak; Tinjauan galat penghitungan satwa dari UAS termasuk hitung ganda; relevan sebagai bahan transfer, tetapi batas kelayakan tipis. Penyanggah: Abstrak membahas galat hitung ganda (double count) dan solusinya pada pencacahan objek berbasis citra UAS di luar pertanian, termasuk penghitungan pada orthomosaic dan tinjauan citra otomatis, sehingga memenuhi kriteria kelompok T (metode pencacahan objek di luar pertanian yang dapat dialihkan). Isu identitas ganda antarcitra relevan langsung dengan pokok tinjauan, dan aturan operasional hanya membatasi tinjauan R pada topik buah, bukan T.",AI-2
2026-10-02,topik/penyaringan/tahap_judul.csv,778,keputusan_judul,X,I,"pemeriksaan ulang eksklusi tahap judul (Q1, Q3); dasar: abstrak; Identifikasi apel berbasis Hough dibandingkan dengan hitungan manual; tujuannya panen robotik tetapi akurasi hitungan dievaluasi. Penyanggah: Metode berbasis citra mengidentifikasi apel pada tajuk pohon dan hasilnya dibandingkan langsung dengan hitungan manual (1789 dari 1827), sehingga akurasi hitungan dievaluasi dan bukan sekadar pemilihan titik petik atau pegangan. Kode C2 sesuai karena tiap tampilan dinilai sendiri tanpa penggabungan identitas antarpandang; tujuan panen robotik tidak menjadikannya E4.",AI-2
2026-10-02,topik/penyaringan/abstrak_U00.txt,778,kode,,C2,"pemeriksaan ulang eksklusi tahap judul (Q1, Q3); dasar: abstrak; Identifikasi apel berbasis Hough dibandingkan dengan hitungan manual; tujuannya panen robotik tetapi akurasi hitungan dievaluasi. Penyanggah: Metode berbasis citra mengidentifikasi apel pada tajuk pohon dan hasilnya dibandingkan langsung dengan hitungan manual (1789 dari 1827), sehingga akurasi hitungan dievaluasi dan bukan sekadar pemilihan titik petik atau pegangan. Kode C2 sesuai karena tiap tampilan dinilai sendiri tanpa penggabungan identitas antarpandang; tujuan panen robotik tidak menjadikannya E4.",AI-2
2026-10-02,topik/penyaringan/tahap_judul.csv,793,keputusan_judul,X,I,"pemeriksaan ulang eksklusi tahap judul (Q1, Q3); dasar: abstrak; Versi konferensi karya Silwal dkk.; hitungan apel dievaluasi terhadap hitungan manual. Penyanggah: Versi konferensi dari karya yang sama dengan evaluasi serupa: 1807 apel teridentifikasi dari 1844 hitungan manual pada citra tajuk di lapangan. Hitungan dievaluasi terhadap acuan manual dan tidak ada penggabungan identitas antarpandang, sehingga kode C2 dapat dipertahankan.",AI-2
2026-10-02,topik/penyaringan/abstrak_U00.txt,793,kode,,C2,"pemeriksaan ulang eksklusi tahap judul (Q1, Q3); dasar: abstrak; Versi konferensi karya Silwal dkk.; hitungan apel dievaluasi terhadap hitungan manual. Penyanggah: Versi konferensi dari karya yang sama dengan evaluasi serupa: 1807 apel teridentifikasi dari 1844 hitungan manual pada citra tajuk di lapangan. Hitungan dievaluasi terhadap acuan manual dan tidak ada penggabungan identitas antarpandang, sehingga kode C2 dapat dipertahankan.",AI-2
2026-10-02,topik/penyaringan/tahap_judul.csv,1489,keputusan_judul,X,I,"pemeriksaan ulang eksklusi tahap judul (Q1, Q3); dasar: abstrak; Citra multispektral buah sawit untuk estimasi FFA dan kematangan; masuk C3 sebagai pencitraan mutu non-RGB. Penyanggah: Objek studi adalah buah kelapa sawit pada berbagai tingkat kematangan yang dicitrakan dengan kamera multispektral untuk estimasi FFA, sehingga memenuhi C3 (pencitraan buah sawit, mutu, sensor non-RGB) yang menurut aturan operasional tidak tergolong E2. Kelas kematangan dipisahkan dan korelasi citra multispektral dengan FFA dievaluasi (R2 = 0,79).",AI-2
2026-10-02,topik/penyaringan/abstrak_U00.txt,1489,kode,,C3,"pemeriksaan ulang eksklusi tahap judul (Q1, Q3); dasar: abstrak; Citra multispektral buah sawit untuk estimasi FFA dan kematangan; masuk C3 sebagai pencitraan mutu non-RGB. Penyanggah: Objek studi adalah buah kelapa sawit pada berbagai tingkat kematangan yang dicitrakan dengan kamera multispektral untuk estimasi FFA, sehingga memenuhi C3 (pencitraan buah sawit, mutu, sensor non-RGB) yang menurut aturan operasional tidak tergolong E2. Kelas kematangan dipisahkan dan korelasi citra multispektral dengan FFA dievaluasi (R2 = 0,79).",AI-2
2026-10-02,topik/penyaringan/tahap_judul.csv,1767,keputusan_judul,X,I,"pemeriksaan ulang eksklusi tahap judul (Q1, Q3); dasar: abstrak; Klasifikasi kematangan tandan segar sawit dengan citra fluoresens UV pada 100 tandan; objeknya tandan sawit sehingga masuk C3. Penyanggah: Objek studi adalah tandan buah segar sawit dan tugasnya klasifikasi kematangan dengan citra fluoresens UV, sehingga aturan operasional menempatkannya di C3 (kematangan, penginderaan non-RGB, penilaian mutu). Pengecualian E2 tidak berlaku karena C3 secara eksplisit mencakup penilaian mutu tandan sawit meskipun di luar pohon.",AI-2
2026-10-02,topik/penyaringan/abstrak_U00.txt,1767,kode,,C3,"pemeriksaan ulang eksklusi tahap judul (Q1, Q3); dasar: abstrak; Klasifikasi kematangan tandan segar sawit dengan citra fluoresens UV pada 100 tandan; objeknya tandan sawit sehingga masuk C3. Penyanggah: Objek studi adalah tandan buah segar sawit dan tugasnya klasifikasi kematangan dengan citra fluoresens UV, sehingga aturan operasional menempatkannya di C3 (kematangan, penginderaan non-RGB, penilaian mutu). Pengecualian E2 tidak berlaku karena C3 secara eksplisit mencakup penilaian mutu tandan sawit meskipun di luar pohon.",AI-2
2026-10-02,topik/penyaringan/tahap_judul.csv,1991,keputusan_judul,X,I,"pemeriksaan ulang eksklusi tahap judul (Q1, Q3); dasar: abstrak; Citra kamera ponsel pada TBS dipakai memprediksi parameter mutu dengan ANN (R2 validasi 0,7211) pada lima rentang kematangan. Penyanggah: Objek penelitian adalah tandan buah segar kelapa sawit, dan abstrak menyatakan citra TBS direkam dengan kamera ponsel lalu diolah dengan pengolahan citra digital dan ANN untuk menduga parameter mutu pada lima rentang kematangan. Aturan operasional menetapkan setiap studi dengan objek TBS sebagai C3, dengan tugas MUTU dan modalitas RGB.",AI-2
2026-10-02,topik/penyaringan/abstrak_U00.txt,1991,kode,,C3,"pemeriksaan ulang eksklusi tahap judul (Q1, Q3); dasar: abstrak; Citra kamera ponsel pada TBS dipakai memprediksi parameter mutu dengan ANN (R2 validasi 0,7211) pada lima rentang kematangan. Penyanggah: Objek penelitian adalah tandan buah segar kelapa sawit, dan abstrak menyatakan citra TBS direkam dengan kamera ponsel lalu diolah dengan pengolahan citra digital dan ANN untuk menduga parameter mutu pada lima rentang kematangan. Aturan operasional menetapkan setiap studi dengan objek TBS sebagai C3, dengan tugas MUTU dan modalitas RGB.",AI-2
2026-10-02,topik/penyaringan/tahap_judul.csv,2078,keputusan_judul,X,I,"pemeriksaan ulang eksklusi tahap judul (Q1, Q3); dasar: abstrak; Klasifikasi kematangan TBS dengan visi komputer warna dan SVM dibandingkan dengan metode baterai buah. Penyanggah: Objek studi adalah tandan buah segar kelapa sawit dan kematangannya, sehingga aturan operasional menetapkan kode C3 (kematangan termasuk lingkup C3 dan pemeringkatan pascapanen tidak dikecualikan). Visi komputer berbasis fitur warna dan SVM dievaluasi pada sampel yang sama dan dibandingkan serta digabungkan dengan metode baterai buah, sehingga pencitraan merupakan bagian substansial studi.",AI-2
2026-10-02,topik/penyaringan/abstrak_U00.txt,2078,kode,,C3,"pemeriksaan ulang eksklusi tahap judul (Q1, Q3); dasar: abstrak; Klasifikasi kematangan TBS dengan visi komputer warna dan SVM dibandingkan dengan metode baterai buah. Penyanggah: Objek studi adalah tandan buah segar kelapa sawit dan kematangannya, sehingga aturan operasional menetapkan kode C3 (kematangan termasuk lingkup C3 dan pemeringkatan pascapanen tidak dikecualikan). Visi komputer berbasis fitur warna dan SVM dievaluasi pada sampel yang sama dan dibandingkan serta digabungkan dengan metode baterai buah, sehingga pencitraan merupakan bagian substansial studi.",AI-2
2026-10-02,topik/penyaringan/tahap_judul.csv,2368,keputusan_judul,X,I,"pemeriksaan ulang eksklusi tahap judul (Q1, Q3); dasar: abstrak; Citra kamera digital TBS sawit pada lima tingkat kematangan di bawah tiga rentang pencahayaan untuk keputusan panen, sehingga masuk C3. Penyanggah: Objek studi adalah citra tandan buah segar sawit pada lima tingkat kematangan yang direkam kamera digital di bawah cahaya UV, tampak, dan inframerah, sehingga masuk C3 menurut aturan bahwa setiap studi dengan objek tandan sawit adalah C3. Hasilnya dievaluasi melalui korelasi nilai RGB dengan kandungan minyak dan jarak pengamatan untuk keputusan panen, sehingga tidak tergolong E2 maupun E6.",AI-2
2026-10-02,topik/penyaringan/abstrak_U00.txt,2368,kode,,C3,"pemeriksaan ulang eksklusi tahap judul (Q1, Q3); dasar: abstrak; Citra kamera digital TBS sawit pada lima tingkat kematangan di bawah tiga rentang pencahayaan untuk keputusan panen, sehingga masuk C3. Penyanggah: Objek studi adalah citra tandan buah segar sawit pada lima tingkat kematangan yang direkam kamera digital di bawah cahaya UV, tampak, dan inframerah, sehingga masuk C3 menurut aturan bahwa setiap studi dengan objek tandan sawit adalah C3. Hasilnya dievaluasi melalui korelasi nilai RGB dengan kandungan minyak dan jarak pengamatan untuk keputusan panen, sehingga tidak tergolong E2 maupun E6.",AI-2
2026-10-02,topik/penyaringan/tahap_judul.csv,2486,keputusan_judul,X,I,"pemeriksaan ulang eksklusi tahap judul (Q1, Q3); dasar: abstrak; Nilai Hue citra kamera digital TBS dihubungkan dengan tingkat kematangan, sehingga termasuk pencitraan TBS sawit. Penyanggah: Abstrak menyatakan citra TBS sawit di perkebunan diambil dengan kamera digital dan nilai Hue dari citra dihubungkan dengan kematangan, sehingga objeknya TBS sawit yang dicitrakan dan aturan C3 terpenuhi. Judul umum tidak menggugurkan bukti ini karena abstrak jelas berbasis citra TBS.",AI-2
2026-10-02,topik/penyaringan/abstrak_U00.txt,2486,kode,,C3,"pemeriksaan ulang eksklusi tahap judul (Q1, Q3); dasar: abstrak; Nilai Hue citra kamera digital TBS dihubungkan dengan tingkat kematangan, sehingga termasuk pencitraan TBS sawit. Penyanggah: Abstrak menyatakan citra TBS sawit di perkebunan diambil dengan kamera digital dan nilai Hue dari citra dihubungkan dengan kematangan, sehingga objeknya TBS sawit yang dicitrakan dan aturan C3 terpenuhi. Judul umum tidak menggugurkan bukti ini karena abstrak jelas berbasis citra TBS.",AI-2
2026-10-04,verifikasi/cek-1-sampel-buta/sampel_judul_manusia.xlsx,2585,keputusan_manusia,Yes,No,salah isi; dikoreksi peninjau setelah pembandingan dengan keputusan AI,peninjau
2026-10-04,verifikasi/cek-1-sampel-buta/sampel_judul_manusia.xlsx,1841,keputusan_manusia,No,Yes,salah isi; dikoreksi peninjau setelah pembandingan dengan keputusan AI,peninjau
2026-10-04,verifikasi/cek-1-sampel-buta/sampel_judul_manusia.xlsx,5078,keputusan_manusia,No,Yes,salah isi; dikoreksi peninjau setelah pembandingan dengan keputusan AI,peninjau
2026-10-04,verifikasi/cek-1-sampel-buta/sampel_judul_manusia.xlsx,5226,keputusan_manusia,No,Yes,salah isi; dikoreksi peninjau setelah pembandingan dengan keputusan AI,peninjau
2026-10-04,verifikasi/cek-1-sampel-buta/sampel_abstrak_manusia.csv,1058,keputusan_manusia,X-E5,C2,salah isi; dikoreksi peninjau setelah pembandingan dengan keputusan AI,peninjau
