qid,eid,doi,title,first_author,year,cover_date,source,source_type,doc_type,volume,issue,pages,article_number,cited_by,open_access,issn,eissn,affil_country
Q2,2-s2.0-105049057930,10.1016/j.compag.2026.112330,Video-based fruit detection and tracking: effects of scanning conditions on fruit load estimation,Felip-Pomés M.,2026,2026-12-01,Computers and Electronics in Agriculture,Journal,Article,255,,,112330,0,True,01681699,,Spain
Q2,2-s2.0-105048939745,10.1016/j.atech.2026.102529,Instance segmentation and multi-object tracking for fruit quality grading and dynamic yield estimation in Egyptian citrus orchards,Farhoud S.A.,2026,2026-12-01,Smart Agricultural Technology,Journal,Article,15,,,102529,0,True,,27723755,Egypt
Q2,2-s2.0-105047339352,10.1007/s44187-026-01072-y,"Toward accurate prediction of apple firmness and brix across countries, seasons and cultivars with hyperspectral imaging",Tang H.,2026,2026-12-01,Discover Food,Journal,Article,6,1,,335,0,True,,27314286,United Kingdom
Q2,2-s2.0-105049054780,10.1016/j.compag.2026.112325,Adapting SAM3 for 3D fruit counting with cross-view contrastive learning and Hough voting,Zhao K.,2026,2026-12-01,Computers and Electronics in Agriculture,Journal,Article,255,,,112325,0,True,01681699,,Australia
Q2,2-s2.0-105045468216,10.1016/j.marpolbul.2026.120183,"Subtle changes in community composition of marine fungi following the Orange County, California, oil spill",Choreño-Parra E.M.,2026,2026-12-01,Marine Pollution Bulletin,Journal,Article,233,,,120183,0,True,0025326X,18793363,United States
Q2,2-s2.0-105044408090,10.1016/j.compag.2026.112149,MFFT: an improved method for stable ID tracking and counting of multi-class mango segmentation with multi-feature fusion in complex occlusion scenarios,Huang W.,2026,2026-10-01,Computers and Electronics in Agriculture,Journal,Article,253,,,112149,0,False,01681699,,China
Q2,2-s2.0-105046824359,10.1016/j.ejrh.2026.103846,"Hyperspectral-based inversion of water conservation distribution in wild fruit forests of Emin County, Xinjiang, China",Song T.,2026,2026-10-01,Journal of Hydrology Regional Studies,Journal,Article,67,,,103846,0,True,,22145818,China
Q2,2-s2.0-105050794250,10.1007/s10722-026-02914-5,Genetic diversity within and among wild strawberry (Fragaria vesca) populations in the Nordic countries,Dalling M.,2026,2026-10-01,Genetic Resources and Crop Evolution,Journal,Article,73,7,,287,0,True,09259864,15735109,Sweden
Q2,2-s2.0-105039285146,10.1016/j.compag.2026.111906,Vineyard Yield Prediction using Radar Images and a Convolutional Neural Network,Mur A.,2026,2026-08-01,Computers and Electronics in Agriculture,Journal,Article,250,,,111906,1,False,01681699,,France
Q2,2-s2.0-105040769951,10.1016/j.atech.2026.102256,Arabica coffee fruit load non-destructive estimation using machine learning techniques and yield simulation,Imbachí-Quinchua L.C.,2026,2026-08-01,Smart Agricultural Technology,Journal,Article,14,,,102256,1,True,,27723755,Colombia
Q2,2-s2.0-105044746019,10.1016/j.atech.2026.102376,Automated oil palm fruit counting using deep learning for reliable yield estimation in natural background,Hamdani H.,2026,2026-08-01,Smart Agricultural Technology,Journal,Article,14,,,102376,0,True,,27723755,Indonesia
Q2,2-s2.0-105040713112,10.1016/j.atech.2026.102260,A lightweight multi-view detection and counting method for real-time cherry tomato yield estimation using greenhouse inspection robots,Xing X.,2026,2026-08-01,Smart Agricultural Technology,Journal,Article,14,,,102260,0,True,,27723755,China
Q2,2-s2.0-105040738010,10.1007/s11119-026-10391-0,Ground truth sampling methods affect accuracy of UAV-based vineyard yield estimation: a case study,Canicattì M.,2026,2026-08-01,Precision Agriculture,Journal,Article,27,4,,88,0,True,13852256,15731618,Denmark; Italy
Q2,2-s2.0-105048420866,10.3390/agriengineering8080311,YieldNet: A Lightweight YOLOv8n Enhancement for Immature Green Tomato Detection in UAV Images: Real-Time Edge Demonstration Toward Pre-Harvest Yield Estimation,Yu C.,2026,2026-08-01,Agriengineering,Journal,Article,8,8,,311,0,True,,26247402,China
Q2,2-s2.0-105042631793,10.1016/j.dib.2026.112990,SawitMVC: A multi-view oil palm fruit bunch dataset for detection and counting,Indriani F.,2026,2026-08-01,Data in Brief,Journal,Article,67,,,112990,0,True,,23523409,Indonesia
Q2,2-s2.0-105047036856,10.3390/app16157500,Unified Multi-Level Grape Counting Framework with Low Annotation Cost for Natural Orchard Scenes,Xie X.,2026,2026-08-01,Applied Sciences Switzerland,Journal,Article,16,15,,7500,0,True,,20763417,China
Q2,2-s2.0-105040014734,10.1016/j.compag.2026.111909,Accurate counting of small and dense Chinese cherry in natural orchard via fruit-oriented perception and sharpening network,Weng S.,2026,2026-08-01,Computers and Electronics in Agriculture,Journal,Article,250,,,111909,0,False,01681699,,China
Q2,2-s2.0-105040803488,10.1016/j.atech.2026.102194,FGfuse-Net: A frequency guided dual-branch fusion model for multi-stage maturity tomato detection and counting,Tang Q.,2026,2026-08-01,Smart Agricultural Technology,Journal,Article,14,,,102194,1,True,,27723755,China
Q2,2-s2.0-105035489008,10.1016/j.compag.2026.111755,GDYEY: Grape detection and yield estimation framework based on YOLO architecture,Ma J.,2026,2026-07-01,Computers and Electronics in Agriculture,Journal,Article,248,,,111755,0,False,01681699,,China
Q2,2-s2.0-105045604435,10.3390/agronomy16141356,A Short-Term Yield Prediction Method for Greenhouse Strawberries Integrating Visual Phenology and Meteorological Sequences,Long Y.,2026,2026-07-01,Agronomy,Journal,Article,16,14,,1356,0,True,,20734395,China
Q2,2-s2.0-105043452666,10.1007/s10618-026-01234-7,On the definition and detection of cherry-picking in counterfactual explanations,Hinns J.,2026,2026-07-01,Data Mining and Knowledge Discovery,Journal,Article,40,4,,60,0,False,13845810,1573756X,Belgium
Q2,2-s2.0-105034185390,10.1016/j.compag.2026.111717,Two-stage deep learning model for non-destructive leaf counting in tomato crops,Quamer A.,2026,2026-06-01,Computers and Electronics in Agriculture,Journal,Article,247,,,111717,2,True,01681699,,India
Q2,2-s2.0-105043444516,10.1088/1361-6501/ae7e1b,Walnut-YOLO: a lightweight and occlusion-robust object detection model for UAV-based walnut image-level counting,He L.,2026,2026-06-01,Measurement Science and Technology,Journal,Article,37,26,,265404,0,True,09570233,13616501,China
Q2,2-s2.0-105042347538,10.3389/fpls.2026.1841916,YOLO11-SBS: leveraging ACE and ORCM to gauge robust and accurate apple counting in complex orchards,Zhang L.,2026,2026-06-01,Frontiers in Plant Science,Journal,Article,17,,,1841916,0,True,,1664462X,China
Q2,2-s2.0-105034622349,10.1016/j.plaphe.2026.100190,Low-annotation apple flower counting: A color-SAM enhanced and uncertainty-guided semi-supervised framework,Wang Y.,2026,2026-06-01,Plant Phenomics,Journal,Article,8,2,,100190,1,True,,26436515,China
Q2,2-s2.0-105033426202,10.1016/j.compag.2026.111682,Grapevine branch-bud detection with cross-regional dynamic tracking and counting for automated bud thinning,Luo W.,2026,2026-06-01,Computers and Electronics in Agriculture,Journal,Article,247,,,111682,0,False,01681699,,China
Q2,2-s2.0-105043195471,10.3390/horticulturae12060658,"Trends in Global Grape Production over Six Decades: Leading Countries, Market Concentration, and Future Projections Based on ARIMA Modeling",Kupe M.,2026,2026-06-01,Horticulturae,Journal,Article,12,6,,658,1,True,,23117524,Turkey
Q2,2-s2.0-105039781224,10.1016/j.scienta.2026.114895,Citrus instance segmentation and yield prediction based on parallel multiscale channel enhanced,Zhang D.,2026,2026-05-01,Scientia Horticulturae,Journal,Article,363,,,114895,0,True,03044238,,China
Q2,2-s2.0-105042340754,10.13925/j.cnki.gsxb.20250487,Citrus yield estimation based on multi- object tracking in video streams using an improved YOLOv8n model,Si N.,2026,2026-05-01,Journal of Fruit Science,Journal,Article,43,5,1283-1296,,0,False,10099980,,China
Q2,2-s2.0-105040183864,10.3390/rs18101449,Research on Walnut Yield Estimation Based on Interpretable Machine Learning and Stacked Integration Under Different Water–Fertilizer Coupling Regimes,Yerzati Y.,2026,2026-05-01,Remote Sensing,Journal,Article,18,10,,1449,0,True,,20724292,China
Q2,2-s2.0-105038696736,10.6041/j.issn.1000-1298.2026.10.021,Passion Fruit Counting Method Based on Lightweight YOLO lln CLL and BoT SORT,Tu S.,2026,2026-05-01,Nongye Jixie Xuebao Transactions of the Chinese Society for Agricultural Machinery,Journal,Article,57,10,208-218,,0,False,10001298,,China
Q2,2-s2.0-105036278362,10.11591/eei.v15i2.11112,FruitNet: a deep hybrid model for fruit detection and yield estimation,Bijwe K.B.,2026,2026-04-01,Bulletin of Electrical Engineering and Informatics,Journal,Article,15,2,1150-1160,,0,True,20893191,23029285,India
Q2,2-s2.0-105035597346,10.3390/app16073227,Tomato Maturity Classification and Fruit Counting Based on RGB and Multispectral Images †,Lin H.Y.,2026,2026-04-01,Applied Sciences Switzerland,Journal,Article,16,7,,3227,2,True,,20763417,Taiwan
Q2,2-s2.0-105035479428,10.3390/plants15071053,Early Apple Yield Prediction Based on Flowering Stage Image Thinning Simulation Characteristics,Yang Q.,2026,2026-04-01,Plants,Journal,Article,15,7,,1053,0,True,,22237747,China
Q2,2-s2.0-105035504430,10.3390/agriculture16070764,Geo-Referenced Factor-Graph SLAM for Orchard-Scale 3D Apple Reconstruction and Yield Estimation,Bharti D.,2026,2026-04-01,Agriculture Switzerland,Journal,Article,16,7,,764,0,True,,20770472,Brazil
Q2,2-s2.0-105039269479,10.3390/horticulturae12040459,CFADet: A Contextual and Frequency-Aware Detector for Citrus Buds in Complex Orchards Enabling Early Yield Estimation,Lu Q.,2026,2026-04-01,Horticulturae,Journal,Article,12,4,,459,0,True,,23117524,China
Q2,2-s2.0-105036674008,10.20965/jrm.2026.p0449,LiDAR–Camera Fusion for 3D Fruit Counting and Density Mapping in Horizontal Trellis Orchards,Lee J.,2026,2026-04-01,Journal of Robotics and Mechatronics,Journal,Article,38,2,449-459,,0,True,09153942,18838049,Japan
Q2,2-s2.0-105043990304,10.11975/j.issn.1002-6819.202508166,Citrus tracking and counting using UAV remote sensing video imagery with improved YOLO11,Weng H.,2026,2026-04-01,Nongye Gongcheng Xuebao Transactions of the Chinese Society of Agricultural Engineering,Journal,Article,42,7,182-192,,1,False,10026819,,China
Q2,2-s2.0-105033209664,10.11707/j.1001-7488.lykx20250303,A Nutritional Diagnosis and Yield Prediction Model for Walnut Orchards Based on Multi-Factor Analysis,Yawen X.,2026,2026-03-15,Linye Kexue Scientia Silvae Sinicae,Journal,Article,62,3,171-181,,0,False,10017488,,China
Q2,2-s2.0-105034325015,10.1016/j.atech.2026.101817,A mechanistic structure-based hybrid CNN-LSTM model for greenhouse tomato yield prediction,Xie Y.,2026,2026-03-01,Smart Agricultural Technology,Journal,Article,13,,,101817,2,True,,27723755,China
Q2,2-s2.0-105032786348,10.1002/agj2.70343,"YOLO-blueberry detection and classification: A multi-module optimized network for blueberry detection, maturity classification, and yield estimation",Yang R.,2026,2026-03-01,Agronomy Journal,Journal,Article,118,2,,e70343,0,False,00021962,14350645,China
Q2,2-s2.0-105027386296,10.1016/j.compag.2025.111302,Precision yield estimation and mapping in manual strawberry harvesting with instrumented picking carts and a robust data processing pipeline,Bhattarai U.,2026,2026-03-01,Computers and Electronics in Agriculture,Journal,Article,243,,,111302,3,True,01681699,,United States
Q2,2-s2.0-105036334534,10.11591/ijict.v15i1.pp228-237,Design and development of machine learning-based web application for oil palm yield prediction,Ang Y.,2026,2026-03-01,International Journal of Informatics and Communication Technology,Journal,Article,15,1,228-237,,0,True,22528776,27222616,Malaysia
Q2,2-s2.0-105033907736,10.3390/horticulturae12030393,Research on Lightweight Apple Detection and 3D Accurate Yield Estimation for Complex Orchard Environments,Chen B.,2026,2026-03-01,Horticulturae,Journal,Article,12,3,,393,0,True,,23117524,China
Q2,2-s2.0-105034222396,10.1016/j.atech.2026.101784,A real-time semantic 3D vineyard mapping and fruit localization system for yield estimation in dynamic vineyards,Yang R.,2026,2026-03-01,Smart Agricultural Technology,Journal,Article,13,,,101784,1,True,,27723755,China
Q2,2-s2.0-105034301920,10.1016/j.atech.2026.101847,CES-YOLO: An efficient fallen fragrant pear detection and counting algorithm in complex post-disaster orchard environment,Zhang Y.,2026,2026-03-01,Smart Agricultural Technology,Journal,Article,13,,,101847,2,True,,27723755,China
Q2,2-s2.0-105031703283,10.6041/j.issn.1000-1298.2026.05.011,Greenhouse Tomato Fruit Inspection and Counting Method Based on Improved YOLO v8n ByteTrack,Feng Q.,2026,2026-03-01,Nongye Jixie Xuebao Transactions of the Chinese Society for Agricultural Machinery,Journal,Article,57,5,127-137,,1,False,10001298,,China
Q2,2-s2.0-105031662464,10.6041/j.issn.1000-1298.2026.05.032,High-density Apple Counting Method Based on Lightweight Improved YOLO v8,Guo C.,2026,2026-03-01,Nongye Jixie Xuebao Transactions of the Chinese Society for Agricultural Machinery,Journal,Article,57,5,342-352,,0,False,10001298,,China
Q2,2-s2.0-105029009225,10.1016/j.agrcom.2026.100125,"Comprehensive performance evaluation of YOLOv12, YOLO11, YOLOv10, YOLOv9 and YOLOv8 on detecting and counting fruitlet in complex orchard environments",Sapkota R.,2026,2026-03-01,Agriculture Communications,Journal,Article,4,1,,100125,34,True,,29497981,United States
Q2,2-s2.0-105036523320,10.1002/agj2.70400,Per-tree citrus count regression from single-view images via lightweight deep learning,Qu H.,2026,2026-03-01,Agronomy Journal,Journal,Article,118,2,,e70400,0,False,00021962,14350645,China
Q2,2-s2.0-105031423767,10.3390/geomatics6010012,Cross-Learner Spectral Subset Optimisation: PLS–Ensemble Feature Selection with Weighted Borda Count for Grapevine Cultivar Discrimination,Loggenberg K.,2026,2026-02-01,Geomatics,Journal,Article,6,1,,12,1,True,,26737418,South Africa
Q2,2-s2.0-105031415394,10.3390/agriengineering8020053,UAV-Based Computer Vision Approach for Melon Fruit Detection and Yield Estimation,Aldakn H.,2026,2026-02-01,Agriengineering,Journal,Article,8,2,,53,2,True,,26247402,Egypt
Q2,2-s2.0-105029920273,10.3390/agronomy16030370,YOLOv11-IMP: Anchor-Free Multiscale Detection Model for Accurate Grape Yield Estimation in Precision Viticulture,Zheng S.,2026,2026-02-01,Agronomy,Journal,Article,16,3,,370,4,True,,20734395,China
Q2,2-s2.0-105029014777,10.1007/s11042-026-21350-2,"Automated detection, shape classification, and counting of leaves and fruits from bunch leaf and fruit image using deep learning models for smart agriculture and forestry",Golder S.,2026,2026-02-01,Multimedia Tools and Applications,Journal,Article,85,2,,71,2,False,13807501,15737721,Bangladesh
Q2,2-s2.0-105038935497,10.3844/jcssp.2026.1344.1359,An Integrated Machine Learning Framework for Citrus Grading and Yield Prediction Using Classifier-Informed Regression,Obeng L.D.,2026,2026-01-01,Journal of Computer Science,Journal,Article,22,3,1344-1359,,0,False,15493636,15526607,United States
Q2,2-s2.0-105035703883,10.2480/agrmet.d-25-00011,Deep learning―based automatic counting of thrips captured on sticky traps in strawberry production,Ueki T.,2026,2026-01-01,Journal of Agricultural Meteorology,Journal,Article,82,2,67-74,,0,True,00218588,18810136,Japan
Q2,2-s2.0-105033379894,10.1177/11786221261432379,Improving Yield Prediction and Decision-Making in Mediterranean Vineyards Using Machine Learning on Multisource Remote Sensing and Soil Data,González-Vivar J.,2026,2026-01-01,Air Soil and Water Research,Journal,Article,19,,,,0,True,11786221,,Spain
Q2,2-s2.0-105041264188,10.1109/wacv61042.2026.00484,SegMango: Early Deep Mango Yield Prediction based on Flower Segmentation and Weather Data,Ven J.,2026,2026-01-01,Proceedings 2026 IEEE Cvf Winter Conference on Applications of Computer Vision Wacv 2026,Conference Proceeding,Conference Paper,,,4984-4993,,0,False,,,India
Q2,2-s2.0-105037430497,10.1109/i5cps67958.2026.11452615,A Real Time IoT Machine Learning Pipeline for Tomato Crop Disease Detection Irrigation Optimization and Yield Prediction,Swathika R.,2026,2026-01-01,Proceeding of International Conference on Computing Communication Control and Cyber Physical Systems I5cps 2026,Conference Proceeding,Conference Paper,,,,,0,False,,,India
Q2,2-s2.0-105048923501,10.1109/ccai69603.2026.11641885,CocoSense: AI-Powered Drone-Based System for Comprehensive Coconut Tree Health Monitoring and Yield Prediction,Subasinghe M.,2026,2026-01-01,2026 6th International Conference on Computer Communication and Artificial Intelligence Ccai 2026,Conference Proceeding,Conference Paper,,,1057-1062,,0,False,,,Sri Lanka
Q2,2-s2.0-105046738486,10.1007/s41315-026-00564-5,Phenology-based learning framework for yield estimation and harvest forecasting of raspberry fruits,Jafary P.,2026,2026-01-01,International Journal of Intelligent Robotics and Applications,Journal,Article,,,,,0,False,23665971,2366598X,Canada
Q2,2-s2.0-105036985041,10.1109/iatmsi68868.2026.11465914,A Streamlined Deep Learning Framework for Vineyard Yield Estimation,Santhi P.,2026,2026-01-01,Proceedings of the 4th IEEE International Conference on Interdisciplinary Approaches in Technology and Management for Social Innovation Iatmsi 2026,Conference Proceeding,Conference Paper,,,,,0,False,,,India
Q2,2-s2.0-105037900331,10.1109/sceecs68810.2026.11429802,Real-Time Pineapple Bud Counting for Yield Estimation with YOLO11 and StrongSORT,Sangkhro P.,2026,2026-01-01,2026 IEEE International Students Conference on Electrical Electronics and Computer Science Sceecs 2026,Conference Proceeding,Conference Paper,,,,,0,False,,,India
Q2,2-s2.0-105034445192,10.1016/j.inpa.2026.03.002,A YOLO-based approach to grape berry detection and counting with ampelographic feature analysis for grapevine yield estimation,Moreira G.,2026,2026-01-01,Information Processing in Agriculture,Journal,Article,,,,,0,True,20970153,22143173,Portugal
Q2,2-s2.0-105012358925,10.1007/978-3-031-93697-5_3,On Tree Mango Fruit Yield Estimation Using Graph Cuts and Depth First Search,Pichhika H.C.,2026,2026-01-01,Communications in Computer and Information Science,Book Series,Conference Paper,2476 CCIS,,29-42,,0,False,18650929,18650937,India
Q2,2-s2.0-105037463583,10.1007/978-3-032-18857-1_30,Efficient AI-Powered Orange Health Assessment And Yield Estimation,Bakas K.,2026,2026-01-01,Lecture Notes in Networks and Systems,Book Series,Conference Paper,1852 LNNS,,255-262,,0,False,23673370,23673389,Morocco
Q2,2-s2.0-105040506657,10.3389/fpls.2026.1759956,Research progress on precision orchard yield estimation based on multi-source information perception sensors,Rong Z.,2026,2026-01-01,Frontiers in Plant Science,Journal,Review,17,,,1759956,1,True,,1664462X,China
Q2,2-s2.0-105050359956,10.1007/978-981-92-2321-3_25,Intelligent Fruit and Vegetable Counting System Based on Raspberry Pi 4B and SG-YOLOv8,Wang P.,2026,2026-01-01,Lecture Notes in Electrical Engineering,Book Series,Conference Paper,1668 LNEE,,256-264,,0,False,18761100,18761119,China
Q2,2-s2.0-105040571392,10.1007/978-3-032-20322-9_36,Counting Avocados in Orchard Videos Using a YOLO and BoT-SORT-Based Architecture,Blondet D.A.,2026,2026-01-01,Communications in Computer and Information Science,Book Series,Conference Paper,2895 CCIS,,522-533,,0,False,18650929,18650937,Peru
Q2,2-s2.0-105048627668,10.13031/ja.16582,MACHINE VISION-GUIDED MULTI-DOF CUTTING END-EFFECTOR FOR EARLY APPLE CROP LOAD MANAGEMENT,Pawikhum K.,2026,2026-01-01,Journal of the Asabe,Journal,Article,69,4,605-617,,0,False,27693295,27693287,United States
Q2,2-s2.0-105043012900,10.1201/9781779640772-7,Performance Analysis of Various Machine Learning Techniques for Fruit Classification and Counting from Images,Pradhan B.,2026,2026-01-01,Intelligent Computing and Analytics in Image Processing,Book,Book Chapter,,,91-106,,0,False,,,India
Q2,2-s2.0-105048636704,10.1109/icir70631.2026.11628290,Deep Learning-Based Unripe Grape Bunch Detection and Counting: A Case Study of Vitis vinifera cv. Cabernet Sauvignon in South Africa,Poblete-Echeverria C.,2026,2026-01-01,Proceedings 2026 IEEE 5th International Conference on Intelligent Reality Icir 2026,Conference Proceeding,Conference Paper,,,,,0,False,,,South Africa
Q2,2-s2.0-105050552448,10.1109/agro-geoinformatics70621.2026.11667582,Deep Learning-Driven Dragon Fruit Orchard Identification and Annual Mapping in Long'an County with Optimized Feature Engineering,Zhu W.,2026,2026-01-01,2026 14th International Conference on Agro Geoinformatics Agro Geoinformatics 2026,Conference Proceeding,Conference Paper,,,,,0,False,,,China
Q2,2-s2.0-105048850317,10.1109/icbdse70225.2026.11635372,Ghost-YOLOv11: A Lightweight and Efficient Deep Learning Model for Real-Time Mango Counting,Le M.N.,2026,2026-01-01,Proceedings 2026 IEEE 3rd International Conference on Big Data Science and Engineering Icbdse 2026,Conference Proceeding,Conference Paper,,,,,0,False,,,Viet Nam
Q2,2-s2.0-105046437887,10.3389/fpls.2026.1869941,Dual-view weakly-supervised learning for apple tree flower counting,Vitousek M.,2026,2026-01-01,Frontiers in Plant Science,Journal,Article,17,,,1869941,0,True,,1664462X,Czech Republic
Q2,2-s2.0-105028598421,10.3390/agriculture16020277,YOLO-MSRF: A Multimodal Segmentation and Refinement Framework for Tomato Fruit Detection and Segmentation with Count and Size Estimation Under Complex Illumination,Li A.,2026,2026-01-01,Agriculture Switzerland,Journal,Article,16,2,,277,8,True,,20770472,China
Q2,2-s2.0-105044122201,10.1109/icirca69024.2026.11570262,Detection of Banana and Counting using One-Stage and Transformer-based Object Detection Models,Goes S.,2026,2026-01-01,7th International Conference on Inventive Research in Computing Applications Icirca 2026 Proceedings,Conference Proceeding,Conference Paper,,,1104-1113,,0,False,,,India
Q2,2-s2.0-105042535941,10.1109/iraset68627.2026.11538886,Implementation and Optimization of a Machine Learning Model for Pineapple Fruit Counting in Aerial Imagery,Sandí J.Z.A.,2026,2026-01-01,2026 6th International Conference on Innovative Research in Applied Science Engineering and Technology Iraset 2026,Conference Proceeding,Conference Paper,,,,,0,False,,,Costa Rica
Q2,2-s2.0-105012247038,10.1007/978-3-031-98167-8_7,An Approach for Enhancing Ripe Tomato Classification and Counting by Using Deep Learning and SAHI Image Processing,Khiem N.M.,2026,2026-01-01,Communications in Computer and Information Science,Book Series,Conference Paper,2586 CCIS,,86-99,,1,False,18650929,18650937,Viet Nam
Q2,2-s2.0-105028355408,10.32604/cmc.2025.070410,"A Multi-Stage Pipeline for Date Fruit Processing: Integrating YOLOv11 Detection, Classification, and Automated Counting",Alzaharani A.S.,2026,2026-01-01,Computers Materials and Continua,Journal,Article,86,1,,,2,True,15462218,15462226,Saudi Arabia
Q2,2-s2.0-105038334378,10.1109/icecco67619.2026.11488803,SabaVision: Machine Learning-Based Saba Banana Counting and Ripeness Detection on Conveyor,Go R.F.G.,2026,2026-01-01,Proceedings 2026 18th International Conference on Electronics Computer and Computation Icecco 2026,Conference Proceeding,Conference Paper,,,,,0,False,,,Philippines
Q2,2-s2.0-105028255695,10.1007/978-3-032-13419-6_7,Improving Fruit Detection and Counting Using RetinaNet Model,Shrawne S.,2026,2026-01-01,Lecture Notes in Networks and Systems,Book Series,Conference Paper,1758 LNNS,,59-68,,1,False,23673370,23673389,India
Q2,2-s2.0-105021809050,10.1007/978-3-032-08359-3_23,Vision-Based Automatic Fruit Counting with UAV,Szolc H.,2026,2026-01-01,Lecture Notes in Networks and Systems,Book Series,Conference Paper,1687 LNNS,,243-252,,1,False,23673370,23673389,Poland
Q2,2-s2.0-105037849721,10.35633/inmateh-78-03,YOLO11n-DRE: A METHOD FOR MATURITY DETECTION AND ACCURATE COUNTING OF SINGLE TRUSS TOMATO FRUITS IN COMPLEX UNSTRUCTURED ENVIRONMENTS,Chen B.,2026,2026-01-01,Inmateh Agricultural Engineering,Journal,Article,78,1,45-58,,0,True,20684215,20682239,China
Q2,2-s2.0-105044427294,10.1109/iscaie68866.2026.11576417,Automated Pineapple Leaves Counting Using Edge Detection Technique,Baharom S.N.A.,2026,2026-01-01,IEEE Symposium on Computer Applications and Industrial Electronics Iscaie,Journal,Conference Paper,,2026,,,0,False,28364864,28364317,Malaysia
Q2,2-s2.0-105030650333,10.1109/lra.2026.3662648,Incremental 3D Crop Model Association for Real-Time Counting in Dense Orchards,Park D.,2026,2026-01-01,IEEE Robotics and Automation Letters,Journal,Article,11,3,3860-3866,,0,False,,23773766,South Korea
Q2,2-s2.0-105041298825,10.1109/tase.2026.3700861,Semantic NeRF-Oriented 3-D Object Counting for Industrial Fruit Harvesting,Wang Y.,2026,2026-01-01,IEEE Transactions on Automation Science and Engineering,Journal,Article,23,,11401-11415,,0,False,15455955,15583783,China
Q2,2-s2.0-105047555682,10.1007/978-3-032-29558-3_3,Automated Pineapple Fruit Detection and Counting System Using Machine Learning,Mejías–Hernández D.,2026,2026-01-01,Lecture Notes in Networks and Systems,Book Series,Conference Paper,2036 LNNS,,35-52,,0,False,23673370,23673389,Costa Rica
Q2,2-s2.0-105032569718,10.3389/frwa.2026.1749654,Exploring the use of thermal neutron counts to track orchard phenological development,Al-Mashharawi S.K.,2026,2026-01-01,Frontiers in Water,Journal,Article,8,,,1749654,1,True,,26249375,Netherlands; Saudi Arabia
Q2,2-s2.0-105016802277,10.1002/ps.70215,"Analysis of alpha-cypermethrin pesticide residues along the value chain of tomato from Laikipia County, Kenya",Obar J.A.,2026,2026-01-01,Pest Management Science,Journal,Article,82,1,552-559,,0,False,1526498X,15264998,Kenya
Q2,2-s2.0-105028639149,10.3390/agriculture16020253,Research on Greenhouse Eggplant Fruit Detection and Tracking-Based Counting Using an Improved YOLOv5s-DeepSORT,Zhu J.,2026,2026-01-01,Agriculture Switzerland,Journal,Article,16,2,,253,3,True,,20770472,China
Q2,2-s2.0-105028590513,10.3389/fpls.2025.1739688,A precise berry counting method for in-cluster grapes to guide berry thinning,Du W.,2026,2026-01-01,Frontiers in Plant Science,Journal,Article,16,,,1739688,1,True,,1664462X,China
Q2,2-s2.0-105051082157,10.4148/jac.20851,They're Not in Orange County Anymore: The Convergence of Social Semiotics and Social Television in Audience Responses to Reality Television Depictions of Dairy Farming,Specht A.R.,2026,2026-01-01,Journal of Applied Communications,Journal,Article,110,2,,,0,True,,24761362,United States
Q2,2-s2.0-105022414515,10.22266/ijies2025.1231.67,OrangeFruitNet: A Dataset and On-device Real Time YOLO-based Framework for Orange Fruit Detection and Yield Estimation in Orchard Environments,Khedkar M.,2025,2025-12-31,International Journal of Intelligent Engineering and Systems,Journal,Article,18,11,1080-1097,,0,True,2185310X,21853118,India
Q2,2-s2.0-105027286427,10.24154/jhs.v20i2.3024,"Documentation and taxonomic studies of Lepidopteran fruit borers infesting Litchi in Nagaland, India, with a new distributional record for the country",Maheswara Reddy P.,2025,2025-12-31,Journal of Horticultural Sciences,Journal,Article,20,2,,,0,True,0973354X,25824899,India
Q2,2-s2.0-105016458362,10.1016/j.engappai.2025.112268,A lightweight citrus detection and counting method based on deep learning model,Chen J.,2025,2025-12-15,Engineering Applications of Artificial Intelligence,Journal,Article,162,,,112268,6,False,09521976,,China
Q2,2-s2.0-105007526785,10.1016/j.atech.2025.101067,Machine learning techniques for tomato yield prediction: A comprehensive analysis,Odah K.A.,2025,2025-12-01,Smart Agricultural Technology,Journal,Review,12,,,101067,6,True,,27723755,Benin
Q2,2-s2.0-105017906968,10.1007/s11694-025-03664-1,SYL-YOLOv8n: A lightweight and robust detector for peach recognition and yield estimation in complex orchards,Li X.,2025,2025-12-01,Journal of Food Measurement and Characterization,Journal,Article,19,12,9760-9777,,1,False,21934126,21934134,China
Q2,2-s2.0-105009879318,10.1016/j.atech.2025.101151,Grape vine (Vitis vinifera) yield prediction using optimized weighted ensemble machine learning approach,Paul N.C.,2025,2025-12-01,Smart Agricultural Technology,Journal,Article,12,,,101151,7,True,,27723755,India
Q2,2-s2.0-105018919581,10.1016/j.compag.2025.111083,HDC-Net: A hierarchical detection and counting framework for apple aphids with density-level classification,Ma B.,2025,2025-12-01,Computers and Electronics in Agriculture,Journal,Article,239,,,111083,2,False,01681699,,China
Q2,2-s2.0-105024308860,10.1016/j.atech.2025.101590,YOLO-FCAP: An improved lightweight object detection model based on YOLOv8n for citrus yield prediction in complex environments,Zeng T.,2025,2025-12-01,Smart Agricultural Technology,Journal,Article,12,,,101590,10,True,,27723755,China
Q2,2-s2.0-105024558031,10.1002/sae2.70118,Improving Olive Yield Prediction Using Landsat Multispectral Data and Advanced Ensemble Learning in Tunisia,Kefi M.,2025,2025-12-01,Journal of Sustainable Agriculture and Environment,Journal,Article,4,4,,e70118,1,True,,2767035X,Tunisia
Q2,2-s2.0-105009751353,10.1016/j.atech.2025.101158,Optimizing tomato yield prediction using phenologically timed UAV-based spectral data and machine learning,Trentin C.,2025,2025-12-01,Smart Agricultural Technology,Journal,Article,12,,,101158,8,True,,27723755,United States
Q2,2-s2.0-105017898590,10.1016/j.atech.2025.101435,Fruit detection and yield estimation in Camellia oleifera based on improved YOLOv8 and ByteTrack algorithm,Dong Z.,2025,2025-12-01,Smart Agricultural Technology,Journal,Article,12,,,101435,7,True,,27723755,China
Q2,2-s2.0-105000059257,10.1016/j.inpa.2025.02.005,Assessment of the tomato cluster yield estimation algorithms via tracking-by-detection approaches,Qi Z.,2025,2025-12-01,Information Processing in Agriculture,Journal,Article,12,4,445-455,,8,True,20970153,22143173,China
Q2,2-s2.0-105014169382,10.1016/j.atech.2025.101361,Development of a smartphone application for rapid blueberry detection and yield estimation,Singh P.,2025,2025-12-01,Smart Agricultural Technology,Journal,Article,12,,,101361,8,True,,27723755,United States
Q2,2-s2.0-105015376529,10.1016/j.compag.2025.110958,Improving passion fruit yield estimation with multi-scale feature fusion and density-attention mechanisms in smart agriculture,Xu D.,2025,2025-12-01,Computers and Electronics in Agriculture,Journal,Article,239,,,110958,7,True,01681699,,China
Q2,2-s2.0-105007891480,10.1016/j.atech.2025.101088,Orange yield estimation using object tracking and 3D reconstruction,Hassan A.,2025,2025-12-01,Smart Agricultural Technology,Journal,Article,12,,,101088,0,True,,27723755,Pakistan
Q2,2-s2.0-105023876929,10.1016/j.atech.2025.101618,"UAV-based citrus tree segmentation, counting and yield estimation using lightweight deep learning approaches",Bakas K.,2025,2025-12-01,Smart Agricultural Technology,Journal,Article,12,,,101618,10,True,,27723755,Morocco
Q2,2-s2.0-105026038070,10.3390/s25247468,National-Scale Orchard Mapping and Yield Estimation in Pakistan Using Object-Based Random Forest and Multisource Satellite Imagery,Ali A.,2025,2025-12-01,Sensors,Journal,Article,25,24,,7468,0,True,,14248220,Pakistan
Q2,2-s2.0-105024940408,10.6041/j.issn.1000-1298.2025.12.052,Counting and Spatial Distribution of Camellia oleifera Fruits Based on YOLO-LGC,Wu D.,2025,2025-12-01,Nongye Jixie Xuebao Transactions of the Chinese Society for Agricultural Machinery,Journal,Article,56,12,568-580,,2,False,10001298,,China
Q2,2-s2.0-105020967842,10.1016/j.atech.2025.101551,Automated olive grove classification and tree counting in very high resolution aerial imagery using deep learning,Pantaleo E.,2025,2025-12-01,Smart Agricultural Technology,Journal,Article,12,,,,3,True,,27723755,Italy
Q2,2-s2.0-105017761847,10.1038/s41598-025-97562-7,Deep learning model BiFPN-YOLOv8m for tree counting in mango orchards using satellite remote sensing data​,Birla L.,2025,2025-12-01,Scientific Reports,Journal,Article,15,1,,33791,6,True,,20452322,India
Q2,2-s2.0-105025932085,10.3390/agriculture15242574,Capsicum Counting Algorithm Using Infrared Imaging and YOLO11,Mendez E.,2025,2025-12-01,Agriculture Switzerland,Journal,Article,15,24,,2574,3,True,,20770472,Mexico
Q2,2-s2.0-105014818311,10.1016/j.atech.2025.101402,Robust real-time blueberry counting in greenhouses using small-object detection and mamba-driven multi-step trajectory completion,Zhang N.,2025,2025-12-01,Smart Agricultural Technology,Journal,Article,12,,,101402,2,True,,27723755,China
Q2,2-s2.0-105014500314,10.1016/j.compag.2025.110919,Uncertainty-driven semi-supervised learning for phenology-aware apple flower counting,Wang Y.,2025,2025-12-01,Computers and Electronics in Agriculture,Journal,Article,239,,,110919,6,True,01681699,,China
Q2,2-s2.0-105000304421,10.1007/s40520-025-02966-0,Fruit and vegetable consumption and injurious falls among adults aged ≥ 50 years from low- and middle-income countries,Smith L.,2025,2025-12-01,Aging Clinical and Experimental Research,Journal,Article,37,1,,90,2,True,15940667,17208319,United Kingdom
Q2,2-s2.0-105007146416,10.1016/j.foodcont.2025.111458,Analysis of pesticide residues in imported apples across Egyptian markets: Origin country compliance and potential health risks,Malhat F.,2025,2025-12-01,Food Control,Journal,Article,178,,,111458,9,False,09567135,,Egypt
Q2,2-s2.0-105024572256,10.3390/su172310685,Diversification and Competitiveness of Banana Exports in the Andean Community Countries,Corrales Otazú C.D.,2025,2025-12-01,Sustainability Switzerland,Journal,Article,17,23,,10685,2,True,,20711050,Peru
Q2,2-s2.0-105023124042,10.3390/su172210098,"Banana Yield Prediction Using Random Forest, Integrating Phenology Data, Soil Properties, Spectral Technology, and UAV Imagery in the Ecuadorian Littoral Region",Yánez-Cajo D.,2025,2025-11-01,Sustainability Switzerland,Journal,Article,17,22,,10098,2,True,,20711050,Ecuador; Spain
Q2,2-s2.0-105006923395,10.1016/j.compag.2025.110524,MangoSense: A time-series vision sensing dataset for mango tree segmentation and detection toward yield prediction,Ven J.,2025,2025-10-01,Computers and Electronics in Agriculture,Journal,Article,237,,,110524,6,False,01681699,,India
Q2,2-s2.0-105020043654,10.2525/ecb.63.79,Selection of Small Camera for Leaf Area Measurement Based on Distance Information and Validation of Strawberry Yield Prediction Model Using Distance Information,Moriyuki S.,2025,2025-10-01,Environmental Control in Biology,Journal,Article,63,4,79-89,,1,True,1880554X,18830986,Japan
Q2,2-s2.0-105008099263,10.1016/j.compag.2025.110648,Increasing yield estimation accuracy for individual apple trees via ensemble learning and growth stage stacking,Zhang Z.,2025,2025-10-01,Computers and Electronics in Agriculture,Journal,Article,237,,,110648,14,True,01681699,,China
Q2,2-s2.0-105001684145,10.1007/s11042-025-20791-5,MangoYieldNet: Fruit yield estimation for mango orchards using DeepLabv3 + with ResNet18 architecture,Maheswari P.,2025,2025-10-01,Multimedia Tools and Applications,Journal,Article,84,33,41329-41351,,2,False,13807501,15737721,India
Q2,2-s2.0-105005594159,10.1016/j.measurement.2025.117852,YOLO-PDGT: A lightweight and efficient algorithm for unripe pomegranate detection and counting,Fan Z.,2025,2025-10-01,Measurement Journal of the International Measurement Confederation,Journal,Article,254,,,117852,43,False,02632241,,China
Q2,2-s2.0-105005081696,10.1016/j.postharvbio.2025.113654,Sorting and counting of almond kernels on conveyor belt using computer vision and deep learning techniques,Aktaş H.,2025,2025-10-01,Postharvest Biology and Technology,Journal,Article,228,,,113654,8,False,09255214,,Turkey
Q2,2-s2.0-105005067303,10.1016/j.compag.2025.110476,Row-based kiwifruit counting pipeline for smartphone-captured videos using fruit tracking and detection region adaptation guided by support-post,Zhang J.,2025,2025-10-01,Computers and Electronics in Agriculture,Journal,Article,237,,,110476,13,False,01681699,,China
Q2,2-s2.0-105000738670,10.1007/s10895-025-04247-5,Eco-Friendly Synthesis of Nitrogen-Doped Fluorescent Carbon Dots from Citrus Juice for Detection of Fe3+ Ions and Anti-Counterfeiting Printing Applications,Fang T.,2025,2025-10-01,Journal of Fluorescence,Journal,Article,35,10,9601-9609,,4,False,10530509,15734994,China
Q2,2-s2.0-105020588113,10.2903/j.efsa.2025.9740,"Prolonged multi-country outbreak of Salmonella Strathcona ST2559 linked to consumption of tomatoes in the European Union/European Economic Area – first update, 23 October 2025",,2025,2025-10-01,Efsa Journal,Journal,Article,23,10,,e9740,1,True,,18314732,
Q2,2-s2.0-105020769009,10.7717/peerj.20013,Pre-harvest mango yield prediction using artificial neural networks based on leaf nutrient variability,Alebidi A.,2025,2025-09-16,Peerj,Journal,Article,13,,,e20013,1,True,,21678359,Saudi Arabia
Q2,2-s2.0-105004178070,10.1016/j.compag.2025.110479,Development of a Machine vision system for apple bud thinning in precision crop load management,Pawikhum K.,2025,2025-09-01,Computers and Electronics in Agriculture,Journal,Article,236,,,110479,12,True,01681699,,United States
Q2,2-s2.0-105019933927,10.11975/j.issn.1002-6819.202503246,Real-time detecting and counting of citrus fruits in hilly and mountainous areas using UAV imagery,Li C.,2025,2025-09-01,Nongye Gongcheng Xuebao Transactions of the Chinese Society of Agricultural Engineering,Journal,Article,41,17,153-161,,2,False,10026819,,China
Q2,2-s2.0-105017244385,10.3390/agronomy15092195,A Robust and High-Accuracy Banana Plant Leaf Detection and Counting Method for Edge Devices in Complex Banana Orchard Environments,Xu X.,2025,2025-09-01,Agronomy,Journal,Article,15,9,,2195,2,True,,20734395,China
Q2,2-s2.0-105017313763,10.3390/agriculture15181906,Real-Time Strawberry Ripeness Classification and Counting: An Optimized YOLOv8s Framework with Class-Aware Multi-Object Tracking,Ogundele O.M.,2025,2025-09-01,Agriculture Switzerland,Journal,Article,15,18,,1906,11,True,,20770472,South Korea
Q2,2-s2.0-105008771632,10.1007/s10341-025-01403-w,A Comparative Study on the Predictive Ability of Machine Learning- and Deep Learning-Based Yield Prediction Model in Horticulture: A Case Study of Apple,Sharma A.,2025,2025-08-01,Applied Fruit Science,Journal,Article,67,4,,191,1,False,29482623,29482631,India
Q2,2-s2.0-105013307911,10.3390/s25154718,Deriving Early Citrus Fruit Yield Estimation by Combining Multiple Growing Period Data and Improved YOLOv8 Modeling,Zhai M.,2025,2025-08-01,Sensors,Journal,Article,25,15,,4718,4,True,,14248220,China
Q2,2-s2.0-105002666191,10.1016/j.atech.2025.100948,Deep learning framework for fruit counting and yield mapping in tart cherry using YOLOv8 and YOLO11,Safre A.L.S.,2025,2025-08-01,Smart Agricultural Technology,Journal,Article,11,,,100948,19,True,,27723755,United States
Q2,2-s2.0-105005942800,10.1016/j.biosystemseng.2025.104191,An end-to-end maturity prediction and hierarchical counting method for cherry tomatoes,Rong J.,2025,2025-08-01,Biosystems Engineering,Journal,Article,256,,,104191,9,False,15375110,,China
Q2,2-s2.0-105034767999,10.12133/j.smartag.sa202504005,A Transfer Learning-Based Multimodal Model for Grape Detection and Counting,Xu W.,2025,2025-07-30,Smart Agriculture,Journal,Article,7,4,174-186,,1,False,20968094,,China
Q2,2-s2.0-105000277668,10.1016/j.compag.2025.110286,Mask-GK: An efficient method based on mask Gaussian kernel for segmentation and counting of grape berries in field,Yang C.,2025,2025-07-01,Computers and Electronics in Agriculture,Journal,Article,234,,,110286,9,False,01681699,,China
Q2,2-s2.0-105015959854,10.20870/oeno-one.2025.59.3.9210,Moving beyond visible flower counting: RGB image-based flower number and yield prediction in grapevine,Puccio S.,2025,2025-07-01,Oeno One,Journal,Article,59,3,,9210,0,True,24941271,,Italy
Q2,2-s2.0-105011538424,10.3390/agriengineering7070220,Multi-Species Fruit-Load Estimation Using Deep Learning Models,Yoo T.W.,2025,2025-07-01,Agriengineering,Journal,Article,7,7,,220,1,True,,26247402,South Korea
Q2,2-s2.0-105010300309,10.3390/agriculture15131353,Tomato Yield Estimation Using an Improved Lightweight YOLO11n Network and an Optimized Region Tracking-Counting Method,Wang A.,2025,2025-07-01,Agriculture Switzerland,Journal,Article,15,13,,1353,18,True,,20770472,China
Q2,2-s2.0-105011766301,10.3390/horticulturae11070718,Predicting Sweet Pepper Yield Based on Fruit Counts at Multiple Ripeness Stages Monitored by an AI-Based System Mounted on a Pipe-Rail Trolley †,Shimomoto K.,2025,2025-07-01,Horticulturae,Journal,Article,11,7,,718,1,True,,23117524,Japan
Q2,2-s2.0-105010344083,10.3390/s25134138,A Dynamic Kalman Filtering Method for Multi-Object Fruit Tracking and Counting in Complex Orchards,Zhai Y.,2025,2025-07-01,Sensors,Journal,Article,25,13,,4138,11,True,,14248220,China
Q2,2-s2.0-85219094905,10.1016/j.compag.2025.110172,Precise Tomato Ripeness Estimation and Yield Prediction using Transformer Based Segmentation-SegLoRA,Pisharody S.N.,2025,2025-06-01,Computers and Electronics in Agriculture,Journal,Article,233,,,110172,11,False,01681699,,India
Q2,2-s2.0-105007939736,10.1007/s42979-025-04060-8,Deep Learning-Based Crop Recommendation Model for Grape and Bean Yield Prediction Using Micro and Macronutrient Analysis,Sneha N.,2025,2025-06-01,SN Computer Science,Journal,Article,6,5,,547,1,False,2662995X,26618907,India
Q2,2-s2.0-105009250874,10.3390/asi8030071,Deep Learning Method with Domain-Task Adaptation and Client-Specific Fine-Tuning YOLO11 Model for Counting Greenhouse Tomatoes,Glukhikh I.,2025,2025-06-01,Applied System Innovation,Journal,Article,8,3,,71,3,True,,25715577,Russian Federation
Q2,2-s2.0-105007451220,10.1007/s10341-025-01385-9,Enhanced YOLO-Based Mango Detection and Centroid Tracking for Precise Yield Estimation,Pichhika H.C.,2025,2025-06-01,Applied Fruit Science,Journal,Article,67,3,,164,7,False,29482623,29482631,India
Q2,2-s2.0-105043793668,10.56093/ijas.v95i6.161451,Mango (Mangifera indica) tree detection and counting in mango orchard with satellite images using deep learning model YOLO: A comparative analysis,Birla L.,2025,2025-06-01,Indian Journal of Agricultural Sciences,Journal,Article,95,6,678-683,,1,True,00195022,,India
Q2,2-s2.0-105004767834,10.1007/s10341-025-01333-7,Predicting Grain Count and Weight of Grape Clusters by Image Processing with Deep Learning,Kahya E.,2025,2025-06-01,Applied Fruit Science,Journal,Article,67,3,,112,1,False,29482623,29482631,Turkey
Q2,2-s2.0-105003110825,10.1016/j.plaphe.2025.100043,SSP-MambaNet: An automated system for detection and counting of missing seedlings in glass greenhouse-grown virus-free strawberry,Yuan M.,2025,2025-06-01,Plant Phenomics,Journal,Article,7,2,,100043,6,True,,26436515,China
Q2,2-s2.0-105011959735,10.11975/j.issn.1002-6819.202412150,Real-time detecting and counting dual-association bagged grape clusters using EMO-YOLOv5s,Lyu J.,2025,2025-06-01,Nongye Gongcheng Xuebao Transactions of the Chinese Society of Agricultural Engineering,Journal,Article,41,12,161-171,,3,False,10026819,,China
Q2,2-s2.0-105007943846,10.1002/fsn3.70403,"A Comparative Analysis on the Variation of β-Carotene, Vitamin C and E Levels in Hydroponic and Soil-Based Fruits and Vegetables in Kiambu County, Kenya",Nekesa R.,2025,2025-06-01,Food Science and Nutrition,Journal,Article,13,6,,e70403,2,True,,20487177,Kenya
Q2,2-s2.0-85217377327,10.1016/j.eswa.2025.126764,AppleYOLO: Apple yield estimation method using improved YOLOv8 based on Deep OC-SORT,Tan S.,2025,2025-05-05,Expert Systems with Applications,Journal,Article,272,,,126764,13,False,09574174,,China
Q2,2-s2.0-105006640710,10.3390/agriengineering7050152,Automated Detection and Counting of Gossypium barbadense Fruits in Peruvian Crops Using Convolutional Neural Networks,Ballena-Ruiz J.,2025,2025-05-01,Agriengineering,Journal,Article,7,5,,152,4,True,,26247402,Peru
Q2,2-s2.0-105006671472,10.3390/s25103140,Apple Yield Estimation Method Based on CBAM-ECA-Deeplabv3+ Image Segmentation and Multi-Source Feature Fusion,Cui W.,2025,2025-05-01,Sensors,Journal,Article,25,10,,3140,3,True,,14248220,China
Q2,2-s2.0-105006437570,10.3390/agronomy15051119,Yield Estimation in Banana Orchards Based on DeepSORT and RGB-Depth Images,Zhou L.,2025,2025-05-01,Agronomy,Journal,Article,15,5,,1119,4,True,,20734395,China
Q2,2-s2.0-105002488056,10.1111/ppa.14067,Fusarium oxysporum f. sp. elaeidis and Its Biosecurity Threat to Oil Palm-Producing Countries,Adusei-Fosu K.,2025,2025-05-01,Plant Pathology,Journal,Review,74,4,890-907,,3,True,00320862,13653059,New Zealand
Q2,2-s2.0-105006425111,10.3390/agronomy15051135,A Robust Tomato Counting Framework for Greenhouse Inspection Robots Using YOLOv8 and Inter-Frame Prediction,Zheng W.,2025,2025-05-01,Agronomy,Journal,Article,15,5,,1135,5,True,,20734395,China
Q2,2-s2.0-105010228562,10.11975/j.issn.1002-6819.202412026,Counting bagging grape using improved YOLOv9s and adaptive Kalman filter,Lyu J.,2025,2025-05-01,Nongye Gongcheng Xuebao Transactions of the Chinese Society of Agricultural Engineering,Journal,Article,41,10,195-203,,3,False,10026819,,China
Q2,2-s2.0-85214030439,10.1016/j.eswa.2024.126366,An intelligent multi-modal neural framework for accurate fruit grading localization and yield estimation,Albaaji G.F.,2025,2025-04-05,Expert Systems with Applications,Journal,Article,268,,,126366,14,False,09574174,,India; Iraq
Q2,2-s2.0-105002233789,10.3390/agriculture15070775,Research on Walnut (Juglans regia L.) Yield Prediction Based on a Walnut Orchard Point Cloud Model,Chen H.,2025,2025-04-01,Agriculture Switzerland,Journal,Article,15,7,,775,4,True,,20770472,China
Q2,2-s2.0-105002224357,10.3390/agriculture15070765,Research on an Apple Recognition and Yield Estimation Model Based on the Fusion of Improved YOLOv11 and DeepSORT,Yan Z.,2025,2025-04-01,Agriculture Switzerland,Journal,Article,15,7,,765,18,True,,20770472,China
Q2,2-s2.0-105006688021,10.13925/j.cnki.gsxb.20240680,"Genetic analysis of local pear varieties in Weixian county, Hebei province based on whole-genome resequencing and chloroplast DNA sequences",Qi D.,2025,2025-04-01,Journal of Fruit Science,Journal,Article,42,4,707-720,,0,False,10099980,,China
Q2,2-s2.0-85194894347,10.37934/araset.45.1.90107,Block-scale Oil Palm Yield Prediction Using Machine Learning Approaches Based on Landsat and MODIS Satellite Data,Ang Y.,2025,2025-03-01,Journal of Advanced Research in Applied Sciences and Engineering Technology,Journal,Article,45,1,90-107,,6,True,,24621943,Malaysia
Q2,2-s2.0-85213568012,10.1016/j.atech.2024.100763,Comparative study of citrus fruits (Citrus reticulata Blanco cv. Batu 55) detection and counting with single and double labels based on convolutional neural network using YOLOv7,Al Riza D.F.,2025,2025-03-01,Smart Agricultural Technology,Journal,Article,10,,,100763,11,True,,27723755,Indonesia
Q2,2-s2.0-85216210251,10.1016/j.atech.2025.100805,Spectral bands vs. vegetation indices: An AutoML approach for processing tomato yield predictions based on Sentinel-2 imagery,Darra N.,2025,2025-03-01,Smart Agricultural Technology,Journal,Article,10,,,100805,12,True,,27723755,Greece
Q2,2-s2.0-105026908479,,Advance Assessment and Counting of Ripe Cherry Tomato’s Via Yolo Model,Naseem M.,2025,2025-03-01,Journal of Computing and Biomedical Informatics,Journal,Article,8,2,,,0,False,27101606,27101614,Pakistan
Q2,2-s2.0-85214789095,10.1016/j.atech.2025.100784,"Enhanced deep learning model for apple detection, localization, and counting in complex orchards for robotic arm-based harvesting",Jin T.,2025,2025-03-01,Smart Agricultural Technology,Journal,Article,10,,,100784,14,True,,27723755,South Korea
Q2,2-s2.0-86000622435,10.3390/agriculture15050483,Research on Apple Detection and Tracking Count in Complex Scenes Based on the Improved YOLOv7-Tiny-PDE,Cao D.,2025,2025-03-01,Agriculture Switzerland,Journal,Article,15,5,,483,9,True,,20770472,China
Q2,2-s2.0-85218101873,10.1093/jat/bkae093,"Trends in central/peripheral ratio of fentanyl in Harris County, TX, and Orange County, CA, from 2009 to 2020",Behnke G.,2025,2025-03-01,Journal of Analytical Toxicology,Journal,Article,49,2,115-121,,3,True,01464760,19452403,United States
Q2,2-s2.0-85219202117,10.1051/e3sconf/202561403021,UAV-based sustainable orchard management: deep learning for apple detection and yield estimation,Kutyrev A.,2025,2025-02-07,E3s Web of Conferences,Conference Proceeding,Conference Paper,614,,,03021,3,True,25550403,22671242,Russian Federation
Q2,2-s2.0-85209935416,10.11591/ijece.v15i1.pp783-791,Seasonal auto-regressive integrated moving average with bidirectional long short-term memory for coconut yield prediction,Jayanna N.S.,2025,2025-02-01,International Journal of Electrical and Computer Engineering,Journal,Article,15,1,783-791,,5,True,20888708,,India
Q2,2-s2.0-85218453493,10.3390/jimaging11020034,GCNet: A Deep Learning Framework for Enhanced Grape Cluster Segmentation and Yield Estimation Incorporating Occluded Grape Detection with a Correction Factor for Indoor Experimentation,Quiñones R.,2025,2025-02-01,Journal of Imaging,Journal,Article,11,2,,34,10,True,,2313433X,United States
Q2,2-s2.0-85219210491,10.3390/rs17040703,MangiSpectra: A Multivariate Phenological Analysis Framework Leveraging UAV Imagery and LSTM for Tree Health and Yield Estimation in Mango Orchards,Afsar M.M.,2025,2025-02-01,Remote Sensing,Journal,Article,17,4,,703,10,True,,20724292,Pakistan
Q2,2-s2.0-85218867551,10.3390/ai6020025,"The Detection and Counting of Olive Tree Fruits Using Deep Learning Models in Tacna, Perú",Osco-Mamani E.,2025,2025-02-01,AI Switzerland,Journal,Article,6,2,,25,7,True,,26732688,Peru
Q2,2-s2.0-85211743112,10.1016/j.compag.2024.109697,Estimating optimal crop-load for individual branches in apple tree canopies using YOLOv8,Ahmed D.,2025,2025-02-01,Computers and Electronics in Agriculture,Journal,Article,229,,,109697,19,True,01681699,,United States
Q2,2-s2.0-105001185496,10.20048/j.cnki.issn.1003-0174.001032,Progress of Research on Counterfeit Detection Methods for Olive Oil,Zhou Y.,2025,2025-02-01,Journal of the Chinese Cereals and Oils Association,Journal,Review,40,2,227-234,,0,False,10030174,,China
Q2,2-s2.0-86000518256,10.20870/oeno-one.2025.59.1.8133,Automated yield prediction in vineyard using RGB images acquired by a UAV prototype platform,Orlandi G.,2025,2025-01-02,Oeno One,Journal,Article,59,1,,,9,True,24941271,,Italy
Q2,2-s2.0-105035999390,10.1109/bts-i2c67944.2025.11399401,Identification of Counterfeit Oil Palm Seedlings Using the Convolution Neural Network Method,Hizriadi A.,2025,2025-01-01,Beyond Technology Summit on Informatics International Conference Bts I2c 2025,Conference Proceeding,Conference Paper,,,606-610,,0,False,,,Indonesia
Q2,2-s2.0-105022083610,10.1007/978-3-032-00098-9_27,A Deep Neural Network for Tomato Yield Prediction in Controlled Environment Agriculture,Ali H.,2025,2025-01-01,World Sustainability Series,Book Series,Book Chapter,Part F1151,,329-337,,0,False,21997373,21997381,Qatar
Q2,2-s2.0-105016307858,10.1109/sennet64220.2025.11136053,Deep Learning-Based Coconut Ripeness Classification and Yield Estimation using YOLO and Kalman Filtering,Akella A.,2025,2025-01-01,2025 International Conference on Sensors and Related Networks Sennet 2025 Special Focus on Digital Healthcare 64220,Conference Proceeding,Conference Paper,,,,,2,False,,,India
Q2,2-s2.0-105012535643,10.1109/jstars.2025.3595373,Precise Apple Yield Prediction Utilizing Differential Fusion of UAV and Satellite Multispectral Images,Li M.,2025,2025-01-01,IEEE Journal of Selected Topics in Applied Earth Observations and Remote Sensing,Journal,Article,18,,20406-20417,,1,True,19391404,21511535,China
Q2,2-s2.0-105040675559,10.1109/iciprob69625.2026.11497814,Coconut Bunch Intelligence System: Image -Based Maturity Classification and Nut Count Prediction,Rajapaksha R.M.P.U.,2025,2025-01-01,4th International Conference on Image Processing and Robotics Iciprob 2026,Conference Proceeding,Conference Paper,,,,,0,False,,,Sri Lanka
Q2,2-s2.0-105033522430,10.1109/icces67310.2025.11337139,Health Monitoring and Yield Estimation for Apple Orchard using Embedded AI,Wasim Akram S.,2025,2025-01-01,Proceedings of 10th International Conference on Communication and Electronics Systems Icces 2025,Conference Proceeding,Conference Paper,,,559-564,,0,False,,,India
Q2,2-s2.0-105004809369,10.1109/icmlas64557.2025.10968939,Deep Learning for Tomato Leaf Disease Detection: A Counting Sort-Enhanced Approach,Revathy G.,2025,2025-01-01,2nd International Conference on Machine Learning and Autonomous Systems Icmlas 2025 Proceedings,Conference Proceeding,Conference Paper,,,358-363,,0,False,,,India
Q2,2-s2.0-105034872302,10.1109/iceca66444.2025.11383116,Fruit Detection and Yield Estimation using Path Aggregation Feature Pyramid Network and Deep SORT Algorithm: A Case Study on Orange Fruit,Vaishnavi M.,2025,2025-01-01,Proceedings of the 9th International Conference on Electronics Communication and Aerospace Technology Iceca 2025,Conference Proceeding,Conference Paper,,,2191-2196,,1,False,,,India
Q2,2-s2.0-105020277218,10.23919/ccc64809.2025.11179457,Fruitgaussian: 3D Gaussian Splatting for Automated Fruit Counting in Natural Orchard,Hong X.,2025,2025-01-01,Chinese Control Conference Ccc,Conference Proceeding,Conference Paper,,,8004-8009,,0,False,19341768,21612927,China
Q2,2-s2.0-105004272047,10.48130/frures-0025-0006,"High-throughput phenotyping tools for blueberry count, weight, and size estimation based on modified YOLOv5s",Li X.,2025,2025-01-01,Fruit Research,Journal,Article,5,,,e012,1,True,,27694615,United States
Q2,2-s2.0-105041539683,10.1109/metroagrifor66923.2025.11512491,Deep Learning-Based Early Yield Prediction via Automatic Inflorescence Detection in Vineyard,Valentini G.,2025,2025-01-01,Conference Proceedings 2025 IEEE International Workshop on Metrology for Agriculture and Forestry Metroagrifor 2025,Conference Proceeding,Conference Paper,,,277-280,,0,False,,,Italy
Q2,2-s2.0-105024012100,10.3389/fagro.2025.1667674,Almond yield prediction at orchard scale using satellite-derived biophysical traits and crop evapotranspiration combined with machine learning,Quintanilla-Albornoz M.,2025,2025-01-01,Frontiers in Agronomy,Journal,Article,7,,,1667674,3,True,,26733218,Spain; United States
Q2,2-s2.0-105003109620,10.1109/access.2025.3555875,Handling Sensor Faults in Hydroponics: A Deep Learning Imputation Technique for Accurate Tomato Yield Prediction,Venugopal V.,2025,2025-01-01,IEEE Access,Journal,Article,13,,65776-65796,,3,True,,21693536,India
Q2,2-s2.0-105012181345,,Deep Learning Python-Based Time-Series Model for Oil Palm Yield Prediction,Ang Y.,2025,2025-01-01,Applications of Modelling and Simulation,Journal,Article,9,,315-323,,0,False,,26008084,Malaysia
Q2,2-s2.0-105041110092,10.1109/icscss64956.2025.11500660,Deep learning based Mango Yield Prediction and Classification Enhancement using YOLOv11L and DenseNet121 Architecture,Sankar Sai Prasad P.S.,2025,2025-01-01,2025 3rd International Conference on Sustainable Computing and Smart Systems Icscss 2025,Conference Proceeding,Conference Paper,,,311-317,,0,False,,,India
Q2,2-s2.0-105026888965,10.7606/j.issn.1000-7601.2025.05.25,A small target detection and yield prediction method with YOLO-LT under UVA aerial photography in apple orchards,Dong Y.,2025,2025-01-01,Agricultural Research in the Arid Areas,Journal,Article,43,5,252-262,,1,False,10007601,,China
Q2,2-s2.0-105007289415,10.1109/iccae64891.2025.10980575,Optimizing Fruit Yield Prediction: Evaluating Multiobject Tracking Algorithms for Calamansi Fruit Detection Using Yolov8m,Ponce-Machete R.A.,2025,2025-01-01,2025 17th International Conference on Computer and Automation Engineering Iccae 2025,Conference Proceeding,Conference Paper,,,94-98,,1,False,,,Philippines
Q2,2-s2.0-85216012744,10.3390/agronomy15010171,Improvement of Citrus Yield Prediction Using UAV Multispectral Images and the CPSO Algorithm,Xu W.,2025,2025-01-01,Agronomy,Journal,Article,15,1,,171,8,True,,20734395,China
Q2,2-s2.0-85208479669,10.21603/2308-4057-2025-2-650,"UAV imagery, advanced deep learning, and YOLOv7 object detection model in enhancing citrus yield estimation",Daiaeddine M.J.,2025,2025-01-01,Foods and Raw Materials,Journal,Article,13,2,242-253,,3,True,23084057,23109599,Morocco
Q2,2-s2.0-105012341266,10.1201/9781003396253-5,Agriculture Crop Monitoring for Yield Estimation with Zero-Shot Fruit Detection: A Deep Learning Approach,Aggarwal D.,2025,2025-01-01,Remote Sensing of Land Cover and Land Use Changes in South and Southeast Asia Volume 1 Mapping and Monitoring,Book,Book Chapter,1,,115-132,,2,False,,,India
Q2,2-s2.0-85218156023,10.1117/12.3055502,Smartphone-based fruit counting for early capsicum yield estimation,Yu C.,2025,2025-01-01,Proceedings of SPIE the International Society for Optical Engineering,Conference Proceeding,Conference Paper,13509,,,135091N,0,False,0277786X,1996756X,China
Q2,2-s2.0-105018317235,10.1109/cyber67662.2025.11168194,CB-YOLO-DeepSORT: Real-Time Yield Estimation for Tomatoes in Greenhouses,Xing Y.,2025,2025-01-01,15th IEEE International Conference on Cyber Technology in Automation Control and Intelligent Systems Cyber 2025,Conference Proceeding,Conference Paper,,,66-71,,1,False,,,
Q2,2-s2.0-85215816029,10.3390/su17020518,The Yield Estimation of Apple Trees Based on the Best Combination of Hyperspectral Sensitive Wavelengths Algorithm,Qin A.,2025,2025-01-01,Sustainability Switzerland,Journal,Article,17,2,,518,4,True,,20711050,China
Q2,2-s2.0-105024937614,10.1109/icitce65255.2025.11210769,Automated Detection and Counting of Oil Palm Trees Using Remote Sensing and Deep Learning,Hasan H.,2025,2025-01-01,IEEE International Conference on Industrial Technology and Computer Engineering Icitce 2025,Conference Proceeding,Conference Paper,,,74-79,,1,False,,,Malaysia
Q2,2-s2.0-105037876842,10.1109/agreta68375.2025.11474115,Oil Palm Tree Detection and Counting Analysis Using FOMO-MobileNetV2,Rahman J.,2025,2025-01-01,2025 IEEE International Conference on Agrosystem Engineering Technology and Applications Agreta 2025,Conference Proceeding,Conference Paper,,,38-43,,0,False,,,Malaysia
Q2,2-s2.0-105031565168,10.1109/icesa66763.2025.11280736,YOLO-O: Real-Time Citrus Health Monitoring and Counting Using Lightweight Model on Embedded Architecture for Precision Agriculture,Bakas K.,2025,2025-01-01,Proceedings of the International Conference on Electrical Systems and Automation Icesa 2025,Conference Proceeding,Conference Paper,,,,,0,False,,,Morocco
Q2,2-s2.0-105034204806,10.1109/igarss55030.2025.11243092,RCNN Algorithm for Oil Palm Tree Imagery Counting Using Unmanned Aerial Vehicle (UAV) Data,Setiawan V.,2025,2025-01-01,International Geoscience and Remote Sensing Symposium IGARSS,Conference Proceeding,Conference Paper,,,4114-4118,,0,False,21536996,21537003,Indonesia
Q2,2-s2.0-105022721011,10.1109/hpcc67675.2025.00132,"Optimizing Fruit Harvesting Through a High-Performance Deep Learning Framework for Detection, Tracking, and Automated Counting.",Majdalawieh M.,2025,2025-01-01,Proceedings 2025 27th IEEE International Conference on High Performance Computing and Communications 11th IEEE International Conference on Data Science and Systems 23rd IEEE International Conference on Smart City 11th IEEE International Conference on Dependability in Sensor Cloud and Big Data Systems and Applications and 21st IEEE International Conference on Embedded Software and Systems Hpcc Dss Smartcity Dependsys Icess 2025,Conference Proceeding,Conference Paper,,,888-895,,0,False,,,United Arab Emirates
Q2,2-s2.0-105035994319,10.1109/agers67633.2025.11446373,"Optimizing Oil Palm Plantation Monitoring Using YOLOv8 and YOLOv12: Detection, Counting, and Multiclass",Abera D.,2025,2025-01-01,IEEE Asia Pacific Conference on Geoscience Electronics and Remote Sensing Technology Agers,Journal,Conference Paper,,2025,366-373,,0,False,27716619,27716600,Indonesia
Q2,2-s2.0-105001945455,10.5220/0013172900003890,Coconut Palm Tree Counting on Drone Images with Deep Object Detection and Synthetic Training Data,Rohe T.,2025,2025-01-01,International Conference on Agents and Artificial Intelligence,Conference Proceeding,Conference Paper,3,,662-669,,0,True,21843589,2184433X,Germany
Q2,2-s2.0-105013188208,10.1109/rait65068.2025.11089445,Automated Segmentation and Counting of different varieties of Mango Trees in UAV-videos,Pichhika H.C.,2025,2025-01-01,6th IEEE International Conference on Recent Advances in Information Technology Rait 2025,Conference Proceeding,Conference Paper,,,,,0,False,,,India
Q2,2-s2.0-105033236824,10.1109/iciip68302.2025.11346118,Fruit Detection and Counting Using Deep Learning,Chandra G.R.,2025,2025-01-01,Proceedings of the IEEE International Conference Image Information Processing,Conference Proceeding,Conference Paper,,,175-182,,0,False,2640074X,,India
Q2,2-s2.0-105041745943,10.1109/icrm66809.2025.11349040,A Deep Learning application for Accurate Oil Palm Counting by Eliminating Re-counting Errors in UAV Imagery,Pragatheesh L.G.,2025,2025-01-01,2025 International Conference on Robotics and Mechatronics Icrm 2025,Conference Proceeding,Conference Paper,,,,,0,False,,,India
Q2,2-s2.0-105010681735,10.1109/tla.2025.11072497,"Estimation of fruit number in coffee trees by maturity level, based on color space weighting, using a new segmentation algorithm",Tronco M.L.,2025,2025-01-01,IEEE Latin America Transactions,Journal,Article,23,8,736-742,,0,False,,15480992,Brazil
Q2,2-s2.0-105033003889,10.1109/honet67928.2025.11318502,Deep Learning for Precise Leaf Segmentation and Counting in Tomato and Chilli Crops,Abeer M.,2025,2025-01-01,2025 IEEE 22nd International Conference on Smart Communities Improving Quality of Life Using AI Robotics and Iot Honet 2025,Conference Proceeding,Conference Paper,,,250-255,,0,False,,,Pakistan
Q2,2-s2.0-105015893120,10.23919/fusion65864.2025.11124157,An Object-Tracking Technique for Counting Grape Clusters in Brazilian Northeast's Pergola Vineyards,Sasse A.M.,2025,2025-01-01,Proceedings of the 2025 28th International Conference on Information Fusion Fusion 2025,Conference Proceeding,Conference Paper,,,,,0,False,,,Brazil
Q2,2-s2.0-105006572808,10.1109/icce63647.2025.10929935,Counting of Pear Flower Buds in Images by Judging Acquisition Conditions and Matching Keypoints,Hanakawa T.,2025,2025-01-01,Digest of Technical Papers IEEE International Conference on Consumer Electronics,Conference Proceeding,Conference Paper,,,,,0,False,0747668X,21591423,Japan
Q2,2-s2.0-105011353608,10.3389/fpls.2025.1618214,Ta-YOLO: overcoming target blocked challenges in greenhouse tomato detection and counting,Zhao Y.,2025,2025-01-01,Frontiers in Plant Science,Journal,Article,16,,,1618214,5,True,,1664462X,China
Q2,2-s2.0-105024698864,10.3389/fpls.2025.1682024,Maturity detection and counting of blueberries in real orchards using a 1novel STF-YOLO model integrated with ByteTrack algorithm,Wu N.,2025,2025-01-01,Frontiers in Plant Science,Journal,Article,16,,,1682024,10,True,,1664462X,China
Q2,2-s2.0-105003907021,10.1109/autocom64127.2025.10956721,Automated Fruit Counting with YOLOv5 Model for Harvest Management in Orchards,Kiran J.S.,2025,2025-01-01,2025 International Conference on Automation and Computation Autocom 2025,Conference Proceeding,Conference Paper,,,235-240,,33,False,,,India
Q2,2-s2.0-105012860298,10.13031/aea.16247,DEVELOPMENT AND PRELIMINARY EVALUATION OF A YOLO-BASED FRUIT COUNTING AND MATURITY EVALUATION MOBILE APPLICATION FOR BLUEBERRIES,Deng B.,2025,2025-01-01,Applied Engineering in Agriculture,Journal,Article,41,3,391-399,,5,False,08838542,19437838,United States
Q2,2-s2.0-105041567138,10.1109/metroagrifor66923.2025.11512512,Multi-Object Tracking for Apple Counting in Orchards Using Stereo Vision,Wei J.,2025,2025-01-01,Conference Proceedings 2025 IEEE International Workshop on Metrology for Agriculture and Forestry Metroagrifor 2025,Conference Proceeding,Conference Paper,,,196-201,,0,False,,,Germany
Q2,2-s2.0-105005747358,10.13360/j.issn.2096-1359.202311031,Identification of orange tree counts and canopy extraction based on drone imagery,Xiao Z.,2025,2025-01-01,Journal of Forestry Engineering,Journal,Article,10,3,130-137,,0,False,20961359,,China
Q2,2-s2.0-105037922558,10.1109/icrami64946.2025.11472714,Real-Time Fruit Detection and Counting,Issad H.A.,2025,2025-01-01,Icrami 2025 2025 International Conference on Recent Advances in Mathematics and Informatics,Conference Proceeding,Conference Paper,,,,,0,False,,,Algeria
Q2,2-s2.0-85210156698,10.1007/978-3-031-73497-7_15,An Apple Counting System Robust to Multiple Intermittent Occlusions,Matos G.P.,2025,2025-01-01,Lecture Notes in Computer Science Including Subseries Lecture Notes in Artificial Intelligence and Lecture Notes in Bioinformatics,Book Series,Conference Paper,14967 LNAI,,181-192,,0,False,03029743,16113349,Portugal
Q2,2-s2.0-105031163889,10.1109/icbdse65491.2025.11220070,Automated Counting Olive Trees Using YOLOV5-CA and UAV-RGB Remote Sensing Imagery,Zhuang W.,2025,2025-01-01,Proceeding of 2025 IEEE 2nd International Conference on Big Data Science and Engineering Icbdse 2025,Conference Proceeding,Conference Paper,,,,,0,False,,,China
Q2,2-s2.0-105012592485,10.1080/19440049.2025.2537863,Occurrence of ochratoxin A and total aflatoxins in capsicum-derived spices: a comparative estimation across countries,Palma P.,2025,2025-01-01,Food Additives and Contaminants Part A,Journal,Article,42,9,1258-1268,,0,False,19440049,19440057,Chile
Q2,2-s2.0-105023406157,10.18494/sam5915,"Remote Assessment of Size, Ripeness, and Count of Fruits in Orchard Greenhouse",Chiu M.C.,2025,2025-01-01,Sensors and Materials,Journal,Article,37,11,5099-5122,,0,True,09144935,,Taiwan
Q2,2-s2.0-105001069200,10.1109/access.2025.3546313,Research on Detection and Counting Method of Green Walnut Based on YOLOv8n-RBP,Chen B.,2025,2025-01-01,IEEE Access,Journal,Article,13,,39275-39288,,3,True,,21693536,China
Q2,2-s2.0-105016670484,10.1109/icra55743.2025.11127839,Towards Safe and Efficient Through-the-Canopy Autonomous Fruit Counting with UAVs,Yang T.,2025,2025-01-01,Proceedings IEEE International Conference on Robotics and Automation,Conference Proceeding,Conference Paper,,,15560-15566,,0,False,10504729,,United States
Q2,2-s2.0-105016782501,10.1109/isiea65768.2025.11138424,Fruit Calorie Counting Through Size Estimation Using YOLOv8,Ghazalli H.I.M.,2025,2025-01-01,2025 IEEE Symposium on Industrial Electronics and Applications Isiea 2025,Conference Proceeding,Conference Paper,,,,,0,False,,,Malaysia
Q2,2-s2.0-105029920885,10.1109/iros60139.2025.11247341,FruitNeRF++: A Generalized Multi-Fruit Counting Method Utilizing Contrastive Learning and Neural Radiance Fields,Meyer L.,2025,2025-01-01,IEEE International Conference on Intelligent Robots and Systems,Conference Proceeding,Conference Paper,,,1717-1724,,2,False,21530858,21530866,Germany
Q2,2-s2.0-105019790454,10.6090/jarq.24s26,Recent Range Expansion of Apple Snails in East Asia and Novel Countermeasures,MATSUKURA K.,2025,2025-01-01,Japan Agricultural Research Quarterly,Journal,Article,59,4,,,1,True,00213551,,Japan
Q2,2-s2.0-105033338842,10.1109/c366505.2025.11340275,Performance Evaluation of Detection and Tracking Algorithms for Automated Grape Cluster Counting,Kemper R.J.H.,2025,2025-01-01,C3 2025 IEEE Colombian Caribbean Conference,Conference Proceeding,Conference Paper,,,,,0,False,,,Peru
Q2,2-s2.0-105036120117,10.1109/acoit66109.2025.11436762,Real-Time Mango Counting Using Ghost-YOLOv11: A Lightweight Object Detection Approach,Samya B.,2025,2025-01-01,2nd Asian Conference on Intelligent Technologies Acoit 2025,Conference Proceeding,Conference Paper,,,,,0,False,,,India
Q2,2-s2.0-105019981289,10.1080/08839514.2025.2576891,Automated Tomato Sorting and Counting Using YOLOv11 for Industrial and Precision Agriculture Applications,Cintas Donizette A.,2025,2025-01-01,Applied Artificial Intelligence,Journal,Article,39,1,,2576891,3,True,08839514,10876545,Brazil
Q2,2-s2.0-105018189642,10.24072/pcjournal.628,Population shifts in begomoviruses associated with tomato yellow leaf curl disease in western Mediterranean countries,Granier M.,2025,2025-01-01,Peer Community Journal,Journal,Article,5,,,e108,1,True,,28043871,France
Q2,2-s2.0-105007597817,10.1109/icuas65942.2025.11007888,Autonomous UAV Navigation and Mapping for Accurate Fruit Detection and Counting in Controlled Environments: Simulation and Real-World Validation,Garg K.,2025,2025-01-01,2025 International Conference on Unmanned Aircraft Systems Icuas 2025,Conference Proceeding,Conference Paper,,,243-248,,2,False,,,India
Q2,2-s2.0-105024659403,10.3389/fpls.2025.1711545,MDE-DETR: multi-domain enhanced feature fusion algorithm for bayberry detection and counting in complex orchards,Zhou C.,2025,2025-01-01,Frontiers in Plant Science,Journal,Article,16,,,1711545,3,True,,1664462X,China
Q2,2-s2.0-105013762589,10.1109/jiot.2025.3600531,Hierarchical 3D Scene Graph based Semantic-Metric SLAM for Plant Inspection and Fruit Counting in Intelligent Hydroponics System,Yang W.,2025,2025-01-01,IEEE Internet of Things Journal,Journal,Article,,,,,1,False,,23274662,Hong Kong
Q2,2-s2.0-105029901677,10.1007/978-981-95-1513-4_342,Electric Field Simulation of GRAPES-3 Proportional Counter,Mishra U.,2025,2025-01-01,Springer Proceedings in Physics,Book Series,Conference Paper,432 SPPHY,,1497-1500,,0,False,09308989,18674941,India
Q2,2-s2.0-105011850338,10.1002/agr.70015,Olive Oil Preferences Among Japanese Consumers: Best-Worst Scaling on Country of Origin and Consumer Heterogeneity,Yagi K.,2025,2025-01-01,Agribusiness,Journal,Article,,,,,3,False,07424477,15206297,Japan
Q2,2-s2.0-86000211939,10.4018/979-8-3693-6522-9.ch016,Fruit detection and yield prediction: Empowering orchard communities to adapt to climate change,Bhole C.,2024,2024-12-02,Community Resilience and Climate Change Challenges Pursuit of Sustainable Development Goals Sdgs,Book,Book Chapter,,,297-314,,0,False,,,India
Q2,2-s2.0-85211080185,10.1007/s42979-024-03474-0,Spiralizer Strategy with Wolf Pack Algorithm and Temporal Convolution Network – Gated Recurrent Unit for Coconut Crop Yield Prediction,Niranjan S.J.,2024,2024-12-01,SN Computer Science,Journal,Article,5,8,,1108,0,False,2662995X,26618907,India
Q2,2-s2.0-85208265623,10.1007/s10044-024-01329-1,LDC-PP-YOLOE: a lightweight model for detecting and counting citrus fruit,Lv Y.,2024,2024-12-01,Pattern Analysis and Applications,Journal,Article,27,4,,114,8,False,14337541,1433755X,China
Q2,2-s2.0-85202977318,10.1016/j.atech.2024.100556,Tree crop yield estimation and prediction using remote sensing and machine learning: A systematic review,Trentin C.,2024,2024-12-01,Smart Agricultural Technology,Journal,Review,9,,,100556,70,True,,27723755,United States
Q2,2-s2.0-85213231956,10.3390/drones8120734,Autonomous Yield Estimation System for Small Commercial Orchards Using UAV and AI,Kodors S.,2024,2024-12-01,Drones,Journal,Article,8,12,,734,13,True,,2504446X,Latvia
Q2,2-s2.0-85213060775,10.6041/j.issn.1000-1298.2024.12.028,Citrus Yield Estimation by Integrating UAV Imagery and Machine Learning,Wu L.,2024,2024-12-01,Nongye Jixie Xuebao Transactions of the Chinese Society for Agricultural Machinery,Journal,Article,55,12,294-305,,9,False,10001298,,China
Q2,2-s2.0-105000423580,10.56042/ijems.v31i6.10931,"The functionality and features of AI automated detector and counter, Oto-BaCTM for bagworm census in oil palm plantation",Ahmad M.N.,2024,2024-12-01,Indian Journal of Engineering and Materials Sciences,Journal,Article,31,6,914-921,,2,True,09714588,09751017,Malaysia
Q2,2-s2.0-85208218523,10.1016/j.atech.2024.100620,"Detection, counting, and maturity assessment of blueberries in canopy images using YOLOv8 and YOLOv9",Deng B.,2024,2024-12-01,Smart Agricultural Technology,Journal,Article,9,,,100620,27,True,,27723755,United States
Q2,2-s2.0-85210728244,10.1016/j.atech.2024.100688,ChatGPT and general-purpose AI count fruits in pictures surprisingly well without programming or training,Mengsuwan K.,2024,2024-12-01,Smart Agricultural Technology,Journal,Article,9,,,100688,7,True,,27723755,Germany
Q2,2-s2.0-85207020890,10.1016/j.compag.2024.109534,"AgRegNet: A deep regression network for flower and fruit density estimation, localization, and counting in orchards",Bhattarai U.,2024,2024-12-01,Computers and Electronics in Agriculture,Journal,Article,227,,,109534,23,True,01681699,,United States
Q2,2-s2.0-85208248760,10.1016/j.compag.2024.109564,StraTracker: A dynamic counting method for growing strawberries based on multi-target tracking,An Q.,2024,2024-12-01,Computers and Electronics in Agriculture,Journal,Article,227,,,109564,21,False,01681699,,China
Q2,2-s2.0-85197352124,10.1016/j.eswa.2024.124587,Advancing tracking-by-detection with MultiMap: Towards occlusion-resilient online multiclass strawberry counting,Zhou X.,2024,2024-12-01,Expert Systems with Applications,Journal,Article,255,,,124587,20,True,09574174,,Canada
Q2,2-s2.0-85218346272,10.11975/j.issn.1002-6819.202407205,Counting tomatoes with different maturities using ultra-depth masking and improved YOLOv8,Zhang R.,2024,2024-12-01,Nongye Gongcheng Xuebao Transactions of the Chinese Society of Agricultural Engineering,Journal,Article,40,24,146-156,,11,False,10026819,,China
Q2,2-s2.0-85210239400,10.3390/s24227305,"A Stride Toward Wine Yield Estimation from Images: Metrological Validation of Grape Berry Number, Radius, and Volume Estimation",Lanza B.,2024,2024-11-01,Sensors,Journal,Article,24,22,,7305,7,True,,14248220,Italy
Q2,2-s2.0-85203797846,10.1016/j.eja.2024.127349,Citrus yield estimation for individual trees integrating pruning intensity and image views,Zhu Y.,2024,2024-11-01,European Journal of Agronomy,Journal,Article,161,,,127349,10,True,11610301,,China
Q2,2-s2.0-85208645358,10.3390/s24217012,Automatic Apple Detection and Counting with AD-YOLO and MR-SORT,Yang X.,2024,2024-11-01,Sensors,Journal,Article,24,21,,7012,18,True,,14248220,China
Q2,2-s2.0-85202343060,10.1016/j.compag.2024.109389,Using unmanned aerial vehicle acquired RGB images and Density-Cluster-Count model for tree-level apple flower quantification,Shang Y.,2024,2024-11-01,Computers and Electronics in Agriculture,Journal,Article,226,,,109389,19,False,01681699,,China
Q2,2-s2.0-85210246927,10.3390/rs16224170,Exploring the Relationship Between Very-High-Resolution Satellite Imagery Data and Fruit Count for Predicting Mango Yield at Multiple Scales,Torgbor B.A.,2024,2024-11-01,Remote Sensing,Journal,Article,16,22,,4170,6,True,,20724292,Australia; Ghana
Q2,2-s2.0-85205782406,10.1016/j.heliyon.2024.e37997,Field-grown tomato yield estimation using point cloud segmentation with 3D shaping and RGB pictures from a field robot and digital single lens reflex cameras,Ambrus B.,2024,2024-10-30,Heliyon,Journal,Article,10,20,,e37997,13,True,,24058440,Hungary
Q2,2-s2.0-85207839057,10.32985/ijeces.15.9.5,On-Tree Mango Fruit Count Using Live Video-Split Image Dataset to Predict Better Yield at Pre-Harvesting Stage,Nenavath D.N.,2024,2024-10-16,International Journal of Electrical and Computer Engineering Systems,Journal,Article,15,9,771-782,,4,True,18476996,18477003,India
Q2,2-s2.0-85201265695,10.1016/j.compag.2024.109338,A precise grape yield prediction method based on a modified DCNN model,Zheng S.,2024,2024-10-01,Computers and Electronics in Agriculture,Journal,Article,225,,,109338,17,True,01681699,,China
Q2,2-s2.0-85203383207,10.1007/s42979-024-03196-3,Enhancing Pomegranate Agriculture: A Comparative Analysis of Yield Prediction Models Using Deep Learning,Deepa B.G.,2024,2024-10-01,SN Computer Science,Journal,Article,5,7,,866,0,False,2662995X,26618907,India
Q2,2-s2.0-85197034768,10.1016/j.engappai.2024.108871,Yield estimation and health assessment of temperate fruits: A modular framework,Ahmad J.,2024,2024-10-01,Engineering Applications of Artificial Intelligence,Journal,Article,136,,,108871,15,False,09521976,,United Arab Emirates
Q2,2-s2.0-85207797688,10.6041/j.issn.1000-1298.2024.10.030,Camellia oleifera Fruits Occlusion Detection and Counting in Complex Environments Based on Improved YOLO DCL,Xiao S.,2024,2024-10-01,Nongye Jixie Xuebao Transactions of the Chinese Society for Agricultural Machinery,Journal,Article,55,10,318-480,,12,False,10001298,,China
Q2,2-s2.0-85205446894,10.1111/mpp.70012,Autophagy plays an antiviral defence role against tomato spotted wilt orthotospovirus and is counteracted by viral effector NSs,Zhang X.,2024,2024-10-01,Molecular Plant Pathology,Journal,Article,25,10,,e70012,5,True,14646722,13643703,China
Q2,2-s2.0-85197364002,10.1016/j.compag.2024.109175,Probability map-based grape detection and counting,Yang C.,2024,2024-09-01,Computers and Electronics in Agriculture,Journal,Article,224,,,109175,13,False,01681699,,China
Q2,2-s2.0-85203853807,10.3390/s24175593,"Developing Machine Vision in Tree-Fruit Applications—Fruit Count, Fruit Size and Branch Avoidance in Automated Harvesting",Neupane C.,2024,2024-09-01,Sensors,Journal,Article,24,17,,5593,25,True,,14248220,Australia
Q2,2-s2.0-85203642351,10.3390/app14177516,Enhanced Coconut Yield Prediction Using Internet of Things and Deep Learning: A Bi-Directional Long Short-Term Memory Lévy Flight and Seagull Optimization Algorithm Approach,Alkhawaji R.N.,2024,2024-09-01,Applied Sciences Switzerland,Journal,Article,14,17,,7516,15,True,,20763417,Saudi Arabia
Q2,2-s2.0-85203962525,10.1063/5.0229292,Palm fruit harvesting using IoT-based fruit counting system,Narendran R.,2024,2024-08-30,Aip Conference Proceedings,Conference Proceeding,Conference Paper,3161,1,,020162,5,False,0094243X,15517616,Malaysia
Q2,2-s2.0-85192153841,10.1016/j.measurement.2024.114786,UAV imagery coupled deep learning approach for the development of an adaptive in-house web-based application for yield estimation in citrus orchard,Subeesh A.,2024,2024-07-01,Measurement Journal of the International Measurement Confederation,Journal,Article,234,,,114786,25,False,02632241,,India
Q2,2-s2.0-85197911833,10.1007/s11694-024-02640-5,Detection of maturity and counting of blueberry fruits based on attention mechanism and bi-directional feature pyramid network,Zhai X.,2024,2024-07-01,Journal of Food Measurement and Characterization,Journal,Article,18,7,6193-6208,,26,False,21934126,21934134,China
Q2,2-s2.0-85187236260,10.1016/j.materresbull.2024.112756,Development of reddish orange-emitting Y2Sn2O7:Eu3+phosphors for latent fingerprint detection and anti-counterfeit security ink,Park J.Y.,2024,2024-07-01,Materials Research Bulletin,Journal,Article,175,,,112756,45,False,00255408,,South Korea
Q2,2-s2.0-85197861424,10.3390/agriengineering6020105,Development of a Cross-Platform Mobile Application for Fruit Yield Estimation,Duncan B.,2024,2024-06-01,Agriengineering,Journal,Article,6,2,1807-1826,,7,True,,26247402,United States
Q2,2-s2.0-85196873274,10.3390/agriengineering6020055,Lightweight Improved YOLOv5s-CGhostnet for Detection of Strawberry Maturity Levels and Counting,Tamrakar N.,2024,2024-06-01,Agriengineering,Journal,Article,6,2,962-978,,21,True,,26247402,Nepal; South Korea
Q2,2-s2.0-85188562002,10.1007/s11119-024-10132-1,A passion fruit counting method based on the lightweight YOLOv5s and improved DeepSORT,Tu S.,2024,2024-06-01,Precision Agriculture,Journal,Article,25,3,1731-1750,,24,False,13852256,15731618,China
Q2,2-s2.0-85194248295,10.3390/agriculture14050784,Simultaneous Localization and Mapping System for Agricultural Yield Estimation Based on Improved VINS-RGBD: A Case Study of a Strawberry Field,Yuan Q.,2024,2024-05-01,Agriculture Switzerland,Journal,Article,14,5,,784,13,True,,20770472,China
Q2,2-s2.0-85152780339,10.1002/agj2.21330,Detection of on-tree chestnut fruits using deep learning and RGB unmanned aerial vehicle imagery for estimation of yield and fruit load,Arakawa T.,2024,2024-05-01,Agronomy Journal,Journal,Article,116,3,973-981,,21,False,00021962,14350645,Japan
Q2,2-s2.0-85195641391,10.17660/actahortic.2024.1395.34,Precision crop load management of apple using digital technology,Robinson T.L.,2024,2024-05-01,Acta Horticulturae,Book Series,Article,,1395,257-258,,2,False,05677572,24066168,United States
Q2,2-s2.0-85195634410,10.17660/actahortic.2024.1395.38,Advanced methods for yield mapping in tart cherries: tank change tracking and YOLO-DeepSort fruit counting,Safre A.,2024,2024-05-01,Acta Horticulturae,Book Series,Article,,1395,289-296,,2,False,05677572,24066168,United States
Q2,2-s2.0-85190560482,10.3958/059.049.0137,"New Record of Banana Yucca Leafminer, Prodoxus phylloryctus1 in Mesa County, Colorado",Schreiner M.,2024,2024-04-11,Southwestern Entomologist,Journal,Article,49,1,500-503,,0,False,01471724,,United States
Q2,2-s2.0-85190466782,10.1063/5.0196960,Fruit yield estimation and forecasting for precision agriculture,Ashokan A.,2024,2024-04-02,Aip Conference Proceedings,Conference Proceeding,Conference Paper,3037,1,,020036,0,False,0094243X,15517616,India
Q2,2-s2.0-85186335511,10.1016/j.iot.2024.101143,UAVEC-FLchain: Distributed multi-regional jujube orchard joint yield estimation for secure agricultural-IoT applications,Nie J.,2024,2024-04-01,Internet of Things Netherlands,Journal,Article,25,,,101143,18,False,,25426605,China
Q2,2-s2.0-85187792097,10.1016/j.compag.2024.108832,"Smart solutions for capsicum Harvesting: Unleashing the power of YOLO for Detection, Segmentation, growth stage Classification, Counting, and real-time mobile identification",Paul A.,2024,2024-04-01,Computers and Electronics in Agriculture,Journal,Article,219,,,108832,133,False,01681699,,India
Q2,2-s2.0-85193037062,10.6041/j.issn.1000-1298.2024.04.019,Camellia oleifera Fruit Static and Dynamic Detection Counting Based on Improved COF-YOLO v8n,Wang J.,2024,2024-04-01,Nongye Jixie Xuebao Transactions of the Chinese Society for Agricultural Machinery,Journal,Article,55,4,193-203,,21,False,10001298,,China
Q2,2-s2.0-85185486841,10.1016/j.scienta.2024.113005,"Varying fruit loads modified leaf nutritional status, photosynthetic performance, and bean biochemical composition of coffee trees",León-Burgos A.F.,2024,2024-04-01,Scientia Horticulturae,Journal,Article,329,,,113005,8,True,03044238,,Colombia
Q2,2-s2.0-85174580303,10.1007/s40747-023-01261-7,A-pruning: a lightweight pineapple flower counting network based on filter pruning,Yu G.,2024,2024-04-01,Complex and Intelligent Systems,Journal,Article,10,2,2047-2066,,20,True,21994536,21986053,China
Q2,2-s2.0-85189175267,10.4081/jae.2023.1545,Comparative analysis of 2D and 3D vineyard yield prediction system using artificial intelligence,Barbole D.,2024,2024-03-28,Journal of Agricultural Engineering,Journal,Article,55,1,,1545,2,True,19747071,22396268,India
Q2,2-s2.0-85191653566,10.34133/plantphenomics.0165,Geographic-Scale Coffee Cherry Counting with Smartphones and Deep Learning,Palacio J.C.R.,2024,2024-03-22,Plant Phenomics,Journal,Article,6,,,0165,16,True,,26436515,Germany; Italy
Q2,2-s2.0-85188828571,10.3390/agriculture14030331,Maturity Recognition and Fruit Counting for Sweet Peppers in Greenhouses Using Deep Learning Neural Networks,Viveros Escamilla L.D.,2024,2024-03-01,Agriculture Switzerland,Journal,Article,14,3,,331,30,True,,20770472,Mexico
Q2,2-s2.0-85180582116,10.1016/j.jafr.2023.100930,Deep Learning based flower detection and counting in highly populated images: A peach grove case study,Estrada J.S.,2024,2024-03-01,Journal of Agriculture and Food Research,Journal,Article,15,,,100930,37,True,,26661543,Chile
Q2,2-s2.0-85182570167,10.1016/j.agsy.2024.103867,A robust and efficient citrus counting approach for large-scale unstructured orchards,Zheng Z.,2024,2024-03-01,Agricultural Systems,Journal,Article,215,,,103867,27,False,0308521X,,China
Q2,2-s2.0-85179049875,10.1016/j.scienta.2023.112737,"Detecting, mapping and digitising canopy geometry, fruit number and peel colour in pear trees with different architecture",Scalisi A.,2024,2024-02-15,Scientia Horticulturae,Journal,Article,326,,,112737,13,False,03044238,,Australia
Q2,2-s2.0-85184619131,10.11591/ijeecs.v33.i2.pp1084-1091,Fast region based convolutional neural network ResNet-50 model for on tree Mango fruit yield estimation,Vasanth N.M.,2024,2024-02-01,Indonesian Journal of Electrical Engineering and Computer Science,Journal,Article,33,2,1084-1091,,4,True,25024752,25024760,India
Q2,2-s2.0-85187248066,10.3390/agriculture14020303,Optimizing the YOLOv7-Tiny Model with Multiple Strategies for Citrus Fruit Yield Estimation in Complex Scenarios,Jing J.,2024,2024-02-01,Agriculture Switzerland,Journal,Article,14,2,,303,19,True,,20770472,China
Q2,2-s2.0-85192438099,10.3390/app14031136,Approach of Dynamic Tracking and Counting for Obscured Citrus in Smart Orchard Based on Machine Vision,Feng Y.,2024,2024-02-01,Applied Sciences Switzerland,Journal,Article,14,3,,1136,16,True,,20763417,China
Q2,2-s2.0-85184295739,10.3233/atde231092,Key Issues and Countermeasures of Machine Vision for Fruit and Vegetable Picking Robot,Xin Q.,2024,2024-01-26,Advances in Transdisciplinary Engineering,Conference Proceeding,Conference Paper,46,,69-78,,9,True,2352751X,23527528,China
Q2,2-s2.0-85184315725,10.1063/5.0182358,Deep learning based object detection and counting in tomato field,Priyanka V.,2024,2024-01-25,Aip Conference Proceedings,Conference Proceeding,Conference Paper,2802,1,,120043,2,False,0094243X,15517616,India
Q2,2-s2.0-85192572472,,Flower Detection and Counting Using CNN for Thinning Decisions in Apple Trees,Kiktev N.,2024,2024-01-01,Ceur Workshop Proceedings,Conference Proceeding,Conference Paper,3680,,,,0,False,16130073,,Ukraine
Q2,2-s2.0-85207819307,10.1109/clei64178.2024.10700174,Apple Detection and Counting Using Neural Networks,Garderes R.,2024,2024-01-01,Proceedings 2024 50th Latin American Computing Conference Clei 2024,Conference Proceeding,Conference Paper,,,,,0,False,,,Uruguay
Q2,2-s2.0-105046512016,10.32604/rig.2024.054838,Automatic Mapping and Counting of Olive Trees from Drone Imaging by a Convolutional Neural Network,Ameslek O.,2024,2024-01-01,Revue Internationale De Geomatique,Journal,Article,33,,321-340,,0,True,12605875,21167060,Morocco
Q2,2-s2.0-85216103618,10.1109/isitdi62380.2024.10796458,FRCNN for Oil Palm Tree Counting - A Deep Learning-Based Approach,Ghazali K.H.,2024,2024-01-01,2nd International Symposium on Information Technology and Digital Innovation Creative Trends in Sustainable Information Technology Design and Innovation Isitdi 2024,Conference Proceeding,Conference Paper,,,306-311,,4,False,,,Malaysia
Q2,2-s2.0-85188475907,10.1117/12.3000698,Plant fruit counting using context aware feature and point to point pairing,Shao J.,2024,2024-01-01,Proceedings of SPIE the International Society for Optical Engineering,Conference Proceeding,Conference Paper,13086,,,130860L,0,False,0277786X,1996756X,China
Q2,2-s2.0-85193583513,10.1007/978-3-031-56728-5_12,Tree Fruit Load Calculation with Image Processing Techniques,Aral M.,2024,2024-01-01,Lecture Notes in Networks and Systems,Book Series,Conference Paper,960,,137-147,,0,False,23673370,23673389,Turkey
Q2,2-s2.0-105003516302,10.1007/978-981-97-5878-4_7,Fruit Counting and Analysis Using Artificial Intelligence Approaches,Anand R.,2024,2024-01-01,Artificial Intelligence Techniques in Smart Agriculture,Book,Book Chapter,,,93-114,,13,False,,,India
Q2,2-s2.0-85181442836,,Tomato Crop Yield Prediction in Indoor Environment with A Novel ABC Enhanced CNN with SDL Architecture,Radha M.D.,2024,2024-01-01,International Journal of Intelligent Systems and Applications in Engineering,Journal,Article,12,7s,217-232,,3,False,,21476799,India
Q2,2-s2.0-85206100132,10.13031/aim.202401055,Slicing-Aided Hyper Inference for Enhanced Fruit Bud Detection and Counting in Apple Orchards during Dormant Season,Ahmed D.,2024,2024-01-01,2024 Asabe Annual International Meeting,Conference Proceeding,Conference Paper,,,,,1,False,,,United States
Q2,2-s2.0-85193223885,10.5073/vitis.2024.63.03,A Concept Study for Feature Extraction and Modeling for Grapevine Yield Prediction,Huber F.,2024,2024-01-01,Vitis Journal of Grapevine Research,Journal,Article,63,,1-7,,0,False,00427500,23674156,Germany
Q2,2-s2.0-85195806339,10.1109/icit58233.2024.10540838,Maturity and Yield Estimation of Tomatoes Using RGB and Multispectral Images,Pai C.A.,2024,2024-01-01,Proceedings of the IEEE International Conference on Industrial Technology,Conference Proceeding,Conference Paper,,,,,1,False,26410184,26432978,Taiwan
Q2,2-s2.0-85180603596,10.1016/j.compag.2023.108439,Large-scale spatio-temporal yield estimation via deep learning using satellite and management data fusion in vineyards,Kamangir H.,2024,2024-01-01,Computers and Electronics in Agriculture,Journal,Article,216,,,108439,30,True,01681699,,United States
Q2,2-s2.0-105003533730,10.1109/metroagrifor63043.2024.10948806,SHD-O2D: A Novel Image Dataset for Super-High-Density Olive Orchard Yield Estimation,Denarda A.R.,2024,2024-01-01,2024 IEEE International Workshop on Metrology for Agriculture and Forestry Metroagrifor 2024 Proceedings,Conference Proceeding,Conference Paper,,,313-318,,0,False,,,Italy
Q2,2-s2.0-105000688791,10.1109/aiccsa63423.2024.10912610,Segmentation of Fruits and Leaves in Olive Branch Image Using AI Based Approach: Toward Yield Estimation,Achraf M.,2024,2024-01-01,Proceedings of IEEE ACS International Conference on Computer Systems and Applications Aiccsa,Conference Proceeding,Conference Paper,,,,,0,False,21615322,21615330,Tunisia
Q2,2-s2.0-85197721517,10.21162/pakjas/24.46,Optimising Yield Estimation for Grapes: Utilising the Sliding Window Technique for Visual Counting of Bunches and Berries,Falih B.S.,2024,2024-01-01,Pakistan Journal of Agricultural Sciences,Journal,Article,61,2,525-533,,5,False,05529034,20760906,Turkey
Q2,2-s2.0-85197890290,10.1109/icaace61206.2024.10549754,Apple Detection and Yield Estimation Based on YOLOv5,Li Z.,2024,2024-01-01,2024 7th International Conference on Advanced Algorithms and Control Engineering Icaace 2024,Conference Proceeding,Conference Paper,,,754-758,,0,False,,,China
Q2,2-s2.0-85199060975,10.1109/access.2024.3431244,An In-Field Dynamic Vision-Based Analysis for Vineyard Yield Estimation,Ahmedt-Aristizabal D.,2024,2024-01-01,IEEE Access,Journal,Article,12,,102146-102166,,13,True,,21693536,Australia
Q2,2-s2.0-85195967043,10.1109/iciprob62548.2024.10543581,Pear Blossom Counting System with Drones Using YOLO and Deep SORT,Okubo S.,2024,2024-01-01,3rd International Conference on Image Processing and Robotics Iciprob 2024 Proceedings,Conference Proceeding,Conference Paper,,,,,6,False,,,Japan
Q2,2-s2.0-85201163587,10.1109/ecti-con60892.2024.10594843,Deep learning-based Mango Fruit Detection and Counting,Chanda A.,2024,2024-01-01,2024 21st International Conference on Electrical Engineering Electronics Computer Telecommunications and Information Technology Ecti Con 2024,Conference Proceeding,Conference Paper,,,,,2,False,,,Thailand
Q2,2-s2.0-85213039703,10.1016/j.procs.2024.10.303,Oil palm tree counting and abnormality assessment using deep learning and index vegetation,Minarto A.,2024,2024-01-01,Procedia Computer Science,Conference Proceeding,Conference Paper,245,,768-777,,11,True,,18770509,Indonesia
Q2,2-s2.0-85213829141,10.1088/1755-1315/1418/1/012005,"Deep Learning Mask R-CNN and Template Matching Algorithm For Tree Counting Analysis of Oil Palm Trees (Case Study: East Tanjung Jabung District, Jambi Province)",Cahyono A.B.,2024,2024-01-01,Iop Conference Series Earth and Environmental Science,Conference Proceeding,Conference Paper,1418,1,,012005,3,True,17551307,17551315,Indonesia
Q2,2-s2.0-85214650507,10.1109/icitcom62788.2024.10762119,Analysis of Comparison Faster R-CNN Backbone for Oil Palm Tree Counting using Drone Imagery Data,Sri Rejeki D.,2024,2024-01-01,Proceedings 2024 International Conference on Information Technology and Computing Icitcom 2024,Conference Proceeding,Conference Paper,,,230-235,,6,False,,,Indonesia
Q2,2-s2.0-85201044739,10.14569/ijacsa.2024.0150786,Implementation of Slicing Aided Hyper Inference (SAHI) in YOLOv8 to Counting Oil Palm Trees Using High-Resolution Aerial Imagery Data,Zhorif N.N.,2024,2024-01-01,International Journal of Advanced Computer Science and Applications,Journal,Article,15,7,869-874,,13,True,2158107X,21565570,Indonesia
Q2,2-s2.0-85213325635,10.5109/7323301,Auto Tree Counting for Oil Palm Plantation Based on Uav/Drone Orthophoto,Bin Mohd Aziz M.K.B.,2024,2024-01-01,International Exchange and Innovation Conference on Engineering and Sciences,Conference Proceeding,Conference Paper,10,,463-468,,2,True,,24341436,Malaysia
Q2,2-s2.0-85192003989,10.34133/plantphenomics.0174,Toward Real Scenery: A Lightweight Tomato Growth Inspection Algorithm for Leaf Disease Detection and Fruit Counting,Kang R.,2024,2024-01-01,Plant Phenomics,Journal,Article,6,,,0174,43,True,,26436515,Canada; China
Q2,2-s2.0-85189980325,10.1109/icpeca60615.2024.10471151,"An Integrated Target Recognition Method Based on Improved Faster-RCNN for Apple Detection, Counting, Localization, and Quality Estimation",Yan Z.,2024,2024-01-01,2024 IEEE 4th International Conference on Power Electronics and Computer Applications Icpeca 2024,Conference Proceeding,Conference Paper,,,726-731,,4,False,,,China
Q2,2-s2.0-85176961840,10.1007/978-981-99-7593-8_15,Improving the Efficiency of Image Recognition for Yuzu Fruit Counting Using Object Recognition Models,Sugiyama T.,2024,2024-01-01,Communications in Computer and Information Science,Book Series,Conference Paper,1932 CCIS,,156-166,,0,False,18650929,18650937,Japan
Q2,2-s2.0-105000939465,10.1109/icoris63540.2024.10903790,Palm Fruit Ripeness Detection and Counting Using YOLOv8 Algorithm in PTPN IV Medan North Sumatera Indonesia,Hutapea R.R.,2024,2024-01-01,2024 6th International Conference on Cybernetics and Intelligent System Icoris 2024,Conference Proceeding,Conference Paper,,,,,0,False,,,Indonesia
Q2,2-s2.0-86000751278,10.1109/cac63892.2024.10865478,StableSort-CMC: a tracking algorithm for robot dog based orchard fruit counting,Zhang W.,2024,2024-01-01,Proceedings 2024 China Automation Congress Cac 2024,Conference Proceeding,Conference Paper,,,1698-1703,,0,False,,,China
Q2,2-s2.0-85213368203,10.1109/ica-acca62622.2024.10766758,Mixed model for counting banana plant leaves using aerial drone images for plant health management,Espinosa-Valdez A.,2024,2024-01-01,2024 IEEE International Conference on Automation 26th Congress of the Chilean Association of Automatic Control Ica Acca 2024,Conference Proceeding,Conference Paper,,,,,3,False,,,Colombia
Q2,2-s2.0-85206933192,10.1109/otcon60325.2024.10687682,Tomato detection and counting using deep learning models,Raikar M.M.,2024,2024-01-01,2024 Opju International Technology Conference on Smart Computing for Innovation and Advancement in Industry 4 0 Otcon 2024,Conference Proceeding,Conference Paper,,,,,3,False,,,India
Q2,2-s2.0-85200983190,10.1007/978-3-031-61440-8_12,A Practical Study on Banana (Musa spp.) Plant Counting and Coverage Percentage Using Remote Sensing and Deep Learning,Nieto S.,2024,2024-01-01,Lecture Notes in Geoinformation and Cartography,Book Series,Conference Paper,,,147-158,,2,False,18632246,18632351,Ecuador
Q2,2-s2.0-85205271842,10.22034/jast.26.5.1027,Critical Crop Load Threshold in Nutrition and Biennial Bearing of Apple Trees,Atay E.,2024,2024-01-01,Journal of Agricultural Science and Technology,Journal,Article,26,5,1027-1041,,2,False,16807073,23453737,Turkey
Q2,2-s2.0-85214701179,10.1109/ieit64341.2024.10763328,Detection and Counting of Grape Leaves Using YOLOv8 via TFLite on Mobile Applications,Evan A.,2024,2024-01-01,Proceedings Ieit 2024 2024 International Conference on Electrical and Information Technology,Conference Proceeding,Conference Paper,,,246-251,,4,False,,,Indonesia
Q2,2-s2.0-85192134528,10.1007/978-3-031-47724-9_41,Kiwifruit Counting Using Kiwidetector and Kiwitracker,Xia Y.,2024,2024-01-01,Lecture Notes in Networks and Systems,Book Series,Conference Paper,823 LNNS,,629-640,,3,False,23673370,23673389,New Zealand
Q2,2-s2.0-85192104343,10.14569/ijacsa.2024.01504113,Automating Tomato Ripeness Classification and Counting with YOLOv9,Vo H.T.,2024,2024-01-01,International Journal of Advanced Computer Science and Applications,Journal,Article,15,4,1120-1128,,42,True,2158107X,21565570,Viet Nam
Q2,2-s2.0-85213401577,10.1007/978-3-031-73321-5_11,"Dehusked Coconut Vision-Based Counting on a Manufacturing Plant Utilizing the YOLOv8, ByteTrack, and Roboflow Algorithms",Suganob N.J.,2024,2024-01-01,Lecture Notes in Networks and Systems,Book Series,Conference Paper,1168 LNNS,,101-111,,3,False,23673370,23673389,Philippines
Q2,2-s2.0-85215989687,10.1109/isitsc64373.2024.00013,Utilizing NeRF-Based Rays for Spatial Perception in Fruit Counting Deduplication,Zhou C.,2024,2024-01-01,Proceedings 2024 International Symposium on Internet of Things and Smart Cities Isitsc 2024,Conference Proceeding,Conference Paper,,,35-40,,2,False,,,China
Q2,2-s2.0-85183199987,10.3390/agriculture14010055,"Impact of Huanglongbing on Citrus Orchards: A Spatiotemporal Study in Xunwu County, Jiangxi Province",Luo L.,2024,2024-01-01,Agriculture Switzerland,Journal,Article,14,1,,55,3,True,,20770472,China
Q2,2-s2.0-85182351155,10.1109/access.2024.3351805,"Tomato Health Monitoring System: Tomato Classification, Detection, and Counting System Based on YOLOv8 Model With Explainable MobileNet Models Using Grad-CAM++",Quach L.D.,2024,2024-01-01,IEEE Access,Journal,Article,12,,9719-9737,,74,True,,21693536,Viet Nam
Q2,2-s2.0-85199970539,10.3389/fpls.2024.1417682,Green pepper fruits counting based on improved DeepSort and optimized Yolov5s,Du P.,2024,2024-01-01,Frontiers in Plant Science,Journal,Article,15,,,1417682,14,True,,1664462X,China
Q2,2-s2.0-85206455660,10.1109/cvprw63382.2024.00550,Tracking and Counting Apples in Orchards under Intermittent Occlusions and Low Frame Rates,Matos G.P.,2024,2024-01-01,IEEE Computer Society Conference on Computer Vision and Pattern Recognition Workshops,Conference Proceeding,Conference Paper,,,5413-5421,,7,False,21607508,21607516,Portugal
Q2,2-s2.0-85213818249,10.1109/icbase63199.2024.10762430,Research on Apple Recognition and Counting Model Based on Image Processing,Dong J.,2024,2024-01-01,2024 5th International Conference on Big Data and Artificial Intelligence and Software Engineering Icbase 2024,Conference Proceeding,Conference Paper,,,120-124,,1,False,,,China
Q2,2-s2.0-85213367758,10.1109/gcce62371.2024.10760832,Combining Close Range UAVs and Gaussian Splatting for High-Speed Tomato Leaf Size Estimation and Counting,Baar S.,2024,2024-01-01,Gcce 2024 2024 IEEE 13th Global Conference on Consumer Electronics,Conference Proceeding,Conference Paper,,,215-218,,3,False,,,Japan
Q2,2-s2.0-85205817942,10.1109/iros58592.2024.10802065,FruitNeRF: A Unified Neural Radiance Field based Fruit Counting Framework,Meyer L.,2024,2024-01-01,IEEE International Conference on Intelligent Robots and Systems,Conference Proceeding,Conference Paper,,,1-8,,25,False,21530858,21530866,Germany
Q2,2-s2.0-85197410400,10.1109/icuas60882.2024.10556844,UAV-Based Optimization for Fruit Counting in Greenhouses,Vasconcelos J.V.R.,2024,2024-01-01,2024 International Conference on Unmanned Aircraft Systems Icuas 2024,Conference Proceeding,Conference Paper,,,436-441,,2,False,,,Brazil
Q2,2-s2.0-85202471639,10.5073/vitis.2024.63.04,"Potassium silicate counteracts salt-induced damage associated with changes in some growth characteristics, physiological, biochemical responses, and nutrient contents in two grapevines (Vitis vinifera L.) cultivars",Alinejad G.,2024,2024-01-01,Vitis Journal of Grapevine Research,Journal,Article,63,,13,,0,False,00427500,23674156,Iran
Q2,2-s2.0-85193942103,10.1108/bfj-12-2023-1151,"Value seeking, health-conscious or sustainability-concerned? Profiling fruit and vegetable consumers in Euro-Mediterranean countries",Camanzi L.,2024,2024-01-01,British Food Journal,Journal,Article,126,13,303-331,,21,True,0007070X,,Italy
Q2,2-s2.0-85173390708,10.1109/tase.2023.3318008,CMCNet: Colorization-Aware Mix-Uncertainty-Adaptive Consistency Network for Semi-Supervised Fruit Counting,Mai X.,2024,2024-01-01,IEEE Transactions on Automation Science and Engineering,Journal,Article,21,4,5766-5778,,5,False,15455955,15583783,China
Q2,2-s2.0-85200466822,10.1007/978-981-97-0289-3_131,Development and Installation of Proportional Counter for Large Area Muon Telescope at GRAPES-3,Jain A.,2024,2024-01-01,Springer Proceedings in Physics,Book Series,Conference Paper,304 SPPHY,,592-596,,1,False,09308989,18674941,India
Q2,2-s2.0-85180245378,10.48162/rev.39.104,Apple (Malus domestica) and pear (Pyrus communis) yield prediction after tree image analysis,Del Brio D.,2023,2023-12-18,Revista De La Facultad De Ciencias Agrarias,Journal,Article,55,2,1-11,,6,True,03704661,18538665,Argentina
Q2,2-s2.0-85173432215,10.1016/j.softx.2023.101548,AKFruitYield: Modular benchmarking and video analysis software for Azure Kinect cameras for fruit size and fruit yield estimation in apple orchards,Miranda J.C.,2023,2023-12-01,Softwarex,Journal,Article,24,,,101548,2,True,,23527110,Spain
Q2,2-s2.0-85180444995,10.3390/agriengineering5040111,System of Counting Green Oranges Directly from Trees Using Artificial Intelligence,Gremes M.F.,2023,2023-12-01,Agriengineering,Journal,Article,5,4,1813-1831,,9,True,,26247402,Brazil
Q2,2-s2.0-85191322445,10.1016/j.foohum.2023.09.012,Effect of radiation processing on physico-chemical quality and inhibition of yeast and mold and aerobic bacterial count in natural plum juice during refrigerated storage,Hussain P.R.,2023,2023-12-01,Food and Humanity,Journal,Article,1,,1213-1222,,11,False,,29498244,India
Q2,2-s2.0-85178340436,10.1016/j.jafr.2023.100883,European consumers' preferences for fresh fruit and vegetables – A cross-country analysis,Török Á.,2023,2023-12-01,Journal of Agriculture and Food Research,Journal,Article,14,,,100883,36,True,,26661543,Hungary
Q2,2-s2.0-85175469914,10.1016/j.compag.2023.108361,Olive-fruit yield estimation by modelling perceptual visual features,Aquino A.,2023,2023-11-01,Computers and Electronics in Agriculture,Journal,Article,214,,,108361,7,False,01681699,,Spain
Q2,2-s2.0-85158136449,10.1002/isd2.12276,Disruptive technologies for smart farming in developing countries: Tomato leaf disease recognition systems based on machine learning,Kovvuri R.R.,2023,2023-11-01,Electronic Journal of Information Systems in Developing Countries,Journal,Article,89,6,,e12276,13,True,,16814835,Ireland
Q2,2-s2.0-85165269691,10.1016/j.ecoinf.2023.102210,Strawberry R-CNN: Recognition and counting model of strawberry based on improved faster R-CNN,Li J.,2023,2023-11-01,Ecological Informatics,Journal,Article,77,,,102210,74,False,15749541,,China
Q2,2-s2.0-85184099684,10.1145/3633598.3633619,Efficient Iterative Semi-supervised Object Detection Training for Counting of Fruits and Vegetables,Bogomasov K.,2023,2023-10-13,ACM International Conference Proceeding Series,Conference Proceeding,Conference Paper,,,133-137,,2,True,,,Germany
Q2,2-s2.0-85158062253,10.1016/j.atech.2023.100241,Deep learning applications for oil palm tree detection and counting,Kipli K.,2023,2023-10-01,Smart Agricultural Technology,Journal,Review,5,,,100241,39,True,,27723755,Malaysia
Q2,2-s2.0-85170411199,10.1016/j.compag.2023.108174,Grape yield estimation with a smartphone's colour and depth cameras using machine learning and computer vision techniques,Parr B.,2023,2023-10-01,Computers and Electronics in Agriculture,Journal,Article,213,,,108174,24,True,01681699,,New Zealand
Q2,2-s2.0-105002311314,10.13382/j.jemi.b2306653,Research on plum blossom needle of water meter counting based on adaptive peak picking algorithm,Wang W.,2023,2023-10-01,Journal of Electronic Measurement and Instrumentation,Journal,Article,38,10,80-88,,0,False,10007105,,China
Q2,2-s2.0-85173637594,10.1371/journal.pone.0292600,"A simplified network topology for fruit detection, counting and mobile-phone deployment",Lawal O.M.,2023,2023-10-01,Plos One,Journal,Article,18,10 October,,e0292600,8,True,,19326203,China
Q2,2-s2.0-85171464036,10.1016/j.biosystemseng.2023.09.005,Twice matched fruit counting system: An automatic fruit counting pipeline in modern apple orchard using mutual and secondary matches,Wu Z.,2023,2023-10-01,Biosystems Engineering,Journal,Article,234,,140-155,,20,False,15375110,,China
Q2,2-s2.0-85176494864,10.1093/jat/bkad066,Mitragynine in the Orange County DUID population,Kedzierski N.,2023,2023-10-01,Journal of Analytical Toxicology,Journal,Article,47,8,770-785,,7,False,01464760,19452403,United States
Q2,2-s2.0-85169008011,10.1016/j.jag.2023.103457,Object-Detection from Multi-View remote sensing Images: A case study of fruit and flower detection and counting on a central Florida strawberry farm,Zheng C.,2023,2023-09-01,International Journal of Applied Earth Observation and Geoinformation,Journal,Article,123,,,103457,27,True,15698432,1872826X,United States
Q2,2-s2.0-85173461597,10.4018/978-1-6684-9975-7.ch005,Enhancing tomato fruit detection and counting through ai-enabled agricultural innovations,Usha S.G.A.,2023,2023-08-29,Machine Learning and Deep Learning for Smart Agriculture and Applications,Book,Book Chapter,,,93-105,,1,False,,,India
Q2,2-s2.0-85164216369,10.1016/j.compag.2023.108036,NDMFCS: An automatic fruit counting system in modern apple orchard using abatement of abnormal fruit detection,Wu Z.,2023,2023-08-01,Computers and Electronics in Agriculture,Journal,Article,211,,,108036,38,False,01681699,,China
Q2,2-s2.0-85167758494,10.3390/s23156701,Tomato Maturity Detection and Counting Model Based on MHSA-YOLOv8,Li P.,2023,2023-08-01,Sensors,Journal,Article,23,15,,6701,128,True,14248220,,China
Q2,2-s2.0-85165008313,10.3390/s23136171,Deep Learning Based Apples Counting for Yield Forecast Using Proposed Flying Robotic System,Yıldırım Ş.,2023,2023-07-01,Sensors,Journal,Article,23,13,,6171,12,True,14248220,,Turkey
Q2,2-s2.0-85164845343,10.3390/s23135903,Fruit Detection and Counting in Apple Orchards Based on Improved Yolov7 and Multi-Object Tracking Methods,Hu J.,2023,2023-07-01,Sensors,Journal,Article,23,13,,5903,44,True,14248220,,China
Q2,2-s2.0-85165959884,10.3390/agronomy13071674,Citrus Identification and Counting Algorithm Based on Improved YOLOv5s and DeepSort,Lin Y.,2023,2023-07-01,Agronomy,Journal,Article,13,7,,1674,14,True,,20734395,China
Q2,2-s2.0-85169922445,10.12133/j.smartag.sa202305004,A Lightweight Fruit Load Estimation Model for Edge Computing Equipment,Xia X.,2023,2023-06-30,Smart Agriculture,Journal,Article,5,2,1-12,,3,False,20968094,,China
Q2,2-s2.0-85151749011,10.1016/j.eurpolymj.2023.112031,Orange-red emitting MoO3:Sm3+ transparent nano-composite films for anti-counterfeiting and data secure applications,Kalaburgi B.,2023,2023-06-13,European Polymer Journal,Journal,Article,191,,,112031,24,False,00143057,,India
Q2,2-s2.0-85161487789,10.3390/app13116751,Instance Segmentation and Number Counting of Grape Berry Images Based on Deep Learning,Chen Y.,2023,2023-06-01,Applied Sciences Switzerland,Journal,Article,13,11,,6751,30,True,,20763417,China
Q2,2-s2.0-85152111271,10.1016/j.compag.2023.107827,Detection and counting of banana bunches by integrating deep learning and classic image-processing algorithms,Wu F.,2023,2023-06-01,Computers and Electronics in Agriculture,Journal,Article,209,,,107827,97,False,01681699,,China
Q2,2-s2.0-85164102966,10.3390/rs15123075,Integrating Remote Sensing and Weather Variables for Mango Yield Prediction Using a Machine Learning Approach,Torgbor B.A.,2023,2023-06-01,Remote Sensing,Journal,Article,15,12,,3075,42,True,,20724292,Australia
Q2,2-s2.0-85161074153,10.1016/j.heliyon.2023.e16862,"Microbiological safety and quality of ceviche, poke, and sushi dishes sold at retail outlets in Orange County, CA",Marquis G.E.,2023,2023-06-01,Heliyon,Journal,Article,9,6,,e16862,5,True,24058440,,United States
Q2,2-s2.0-85145184675,10.1002/rob.22147,An efficient online citrus counting system for large-scale unstructured orchards based on the unmanned aerial vehicle,Zheng Z.,2023,2023-05-01,Journal of Field Robotics,Journal,Article,40,3,552-573,,26,False,15564959,15564967,China
Q2,2-s2.0-85160395952,10.3390/agronomy13051419,Detection and Counting of Small Target Apples under Complicated Environments by Using Improved YOLOv7-tiny,Ma L.,2023,2023-05-01,Agronomy,Journal,Article,13,5,,1419,100,True,,20734395,China
Q2,2-s2.0-85129779487,10.1093/jaoacint/qsab161,Countercurrent Salting-out Homogenous Liquid-Liquid Extraction and Dispersive Liquid-Liquid Microextraction Based on the Solidification of Floating Organic Drop Followed by High-Performance Liquid Chromatography for the Isolation and Preconcentration of Pesticides from Fruit Samples,Teymori Z.,2023,2023-05-01,Journal of AOAC International,Journal,Article,105,3,802-811,,6,False,10603271,19447922,Iran
Q2,2-s2.0-85154541711,10.3390/horticulturae9040436,Artificial Neural Network Based Apple Yield Prediction Using Morphological Characters,Bharti ,2023,2023-04-01,Horticulturae,Journal,Article,9,4,,436,20,True,,23117524,India
Q2,2-s2.0-85153776500,10.3390/s23083810,Recognition and Counting of Apples in a Dynamic State Using a 3D Camera and Deep Learning Algorithms for Robotic Harvesting Systems,Abeyrathna R.M.R.D.,2023,2023-04-01,Sensors,Journal,Article,23,8,,3810,53,True,14248220,,Japan; Sri Lanka
Q2,2-s2.0-85135713342,10.1007/s11119-022-09950-y,Early yield prediction in different grapevine varieties using computer vision and machine learning,Palacios F.,2023,2023-04-01,Precision Agriculture,Journal,Article,24,2,407-435,,59,True,13852256,15731618,Spain
Q2,2-s2.0-85161971576,10.17660/actahortic.2023.1366.25,Studies in precision crop load management of apple,Robinson T.L.,2023,2023-04-01,Acta Horticulturae,Book Series,Article,1366,,219-225,,16,False,05677572,24066168,United States
Q2,2-s2.0-85144074653,10.11591/eei.v12i2.4455,Systematic literature review: application of deep learning processing technique for fig fruit detection and counting,Kamaruzaman A.S.F.,2023,2023-04-01,Bulletin of Electrical Engineering and Informatics,Journal,Review,12,2,1078-1091,,14,True,20893191,23029285,Malaysia
Q2,2-s2.0-85149442730,10.1016/j.compag.2023.107741,Tomato cluster detection and counting using improved YOLOv5 based on RGB-D fusion,Rong J.,2023,2023-04-01,Computers and Electronics in Agriculture,Journal,Article,207,,,107741,112,False,01681699,,China
Q2,2-s2.0-85142732914,10.1016/j.foodcont.2022.109525,"Species substitution and mislabeling of ceviche, poke, and sushi dishes sold in Orange County, California",Kitch C.J.,2023,2023-04-01,Food Control,Journal,Article,146,,,109525,22,False,09567135,,United States
Q2,2-s2.0-85149756373,10.3390/s23052586,Can Satellites Predict Yield? Ensemble Machine Learning and Statistical Analysis of Sentinel-2 Imagery for Processing Tomato Yield Prediction,Darra N.,2023,2023-03-01,Sensors,Journal,Article,23,5,,2586,25,True,14248220,,Greece
Q2,2-s2.0-85146465328,10.1007/s42979-022-01602-2,Intelligent Mango Canopies Yield Estimation Using Machine Vision,Neethi M.V.,2023,2023-03-01,SN Computer Science,Journal,Review,4,2,,171,13,False,2662995X,26618907,India
Q2,2-s2.0-85161346644,10.21894/jopr.2022.0029,COUNTING OF OIL PALM FRESH FRUIT BUNCHES USING COMPUTER VISION,Shiddiq M.,2023,2023-03-01,Journal of Oil Palm Research,Journal,Article,35,1,111-120,,3,True,15112780,,Indonesia
Q2,2-s2.0-85147089596,10.1016/j.compag.2023.107662,Real-time tracking and counting of grape clusters in the field based on channel pruning with YOLOv5s,Shen L.,2023,2023-03-01,Computers and Electronics in Agriculture,Journal,Article,206,,,107662,98,False,01681699,,China
Q2,2-s2.0-85147924433,10.3390/rs15030642,Planting Age Identification and Yield Prediction of Apple Orchard Using Time-Series Spectral Endmember and Logistic Growth Model,Gao X.,2023,2023-02-01,Remote Sensing,Journal,Article,15,3,,642,12,True,,20724292,China
Q2,2-s2.0-85140476636,10.1016/j.atech.2022.100099,Detection of fruit maturity stage and yield estimation in wild blueberry using deep learning convolutional neural networks,MacEachern C.B.,2023,2023-02-01,Smart Agricultural Technology,Journal,Article,3,,,100099,132,True,,27723755,Canada
Q2,2-s2.0-85150718125,10.17660/actahortic.2023.1360.42,Fruit yield estimation using image analysis is also about correcting the number of detections,Sarron J.,2023,2023-02-01,Acta Horticulturae,Book Series,Conference Paper,1360,,347-354,,3,False,05677572,24066168,France
Q2,2-s2.0-85148094834,10.3390/su15032707,Sustainable Yield Prediction in Agricultural Areas Based on Fruit Counting Approach,Saddik A.,2023,2023-02-01,Sustainability Switzerland,Journal,Article,15,3,,2707,14,True,,20711050,Morocco
Q2,2-s2.0-85139895037,10.1016/j.atech.2022.100077,Tree-level citrus yield prediction utilizing ground and aerial machine vision and machine learning,Vijayakumar V.,2023,2023-02-01,Smart Agricultural Technology,Journal,Article,3,,,100077,48,True,,27723755,United States
Q2,2-s2.0-85150716499,10.17660/actahortic.2023.1360.25,"Using Green Atlas Cartographer to investigate orchard-specific relationships between tree geometry, fruit number, fruit clustering, fruit size and fruit colour in commercial apples and pears",Scalisi A.,2023,2023-02-01,Acta Horticulturae,Book Series,Conference Paper,1360,,203-210,,6,False,05677572,24066168,Australia
Q2,2-s2.0-85144875559,10.1017/s0030605322000382,Validating trends in olive ridley sea turtle nesting track counts in Guatemala in light of a national hatchery protection strategy,Morales-Mérida B.A.,2023,2023-01-25,ORYX,Journal,Article,57,1,48-54,,8,True,00306053,13653008,France
Q2,2-s2.0-85145867056,10.2480/agrmet.d-22-00021,Down-regulation of photosynthesis in apple leaves under elevated CO2 concentration: a long-term field study with different fruit load,Hassan M.R.,2023,2023-01-10,Journal of Agricultural Meteorology,Journal,Article,79,1,49-57,,6,True,00218588,18810136,Japan
Q2,2-s2.0-85146466088,10.3389/fenvs.2022.1097236,Exploring the characteristics and driving forces of orchard expansion in ecological fragile region: A case study of three typical counties in the Loess Plateau,Hu Q.,2023,2023-01-04,Frontiers in Environmental Science,Journal,Article,10,,,1097236,4,True,,2296665X,China
Q2,2-s2.0-85161404577,10.1007/978-981-19-7455-7_47,Calorie Count of a Fruit Image Using Convolutional Neural Network,Kirananjali B.,2023,2023-01-01,Lecture Notes in Networks and Systems,Book Series,Conference Paper,565 LNNS,,607-615,,1,False,23673370,23673389,India
Q2,2-s2.0-85172879730,10.1117/12.2673962,Automated detection and counting of grape bunches using a farmer robot,Devanna R.P.,2023,2023-01-01,Proceedings of SPIE the International Society for Optical Engineering,Conference Proceeding,Conference Paper,12621,,,1262113,0,False,0277786X,1996756X,Italy
Q2,2-s2.0-85148105748,10.3233/jifs-213072,Detection and counting of overlapped apples based on convolutional neural networks,Gao M.,2023,2023-01-01,Journal of Intelligent and Fuzzy Systems,Journal,Article,44,2,2019-2029,,6,False,10641246,18758967,China
Q2,2-s2.0-85149578645,10.3389/fpls.2023.1070699,Tree-level almond yield estimation from high resolution aerial imagery with convolutional neural network,Tang M.,2023,2023-01-01,Frontiers in Plant Science,Journal,Article,14,,,1070699,17,True,,1664462X,United States
Q2,2-s2.0-85169433477,10.13031/aim.202300548,Synthetic Data-Driven AI Using Mixture of Rendered and Real Imaging Data for Strawberry Yield Estimation,Mirbod O.,2023,2023-01-01,2023 Asabe Annual International Meeting,Conference Proceeding,Conference Paper,,,,,1,False,,,
Q2,2-s2.0-85159606428,10.1109/iccae56788.2023.10111243,Automated Grapevine Inflorescence Counting in a Vineyard Using Deep Learning and Multi-object Tracking,Rahim U.F.,2023,2023-01-01,2023 15th International Conference on Computer and Automation Engineering Iccae 2023,Conference Proceeding,Conference Paper,,,276-280,,2,False,,,Japan
Q2,2-s2.0-85177598340,10.13031/ja.15041,SCALE-AWARE POMEGRANATE YIELD PREDICTION USING UAV IMAGERY AND MACHINE LEARNING,Niu H.,2023,2023-01-01,Journal of the Asabe,Journal,Article,66,5,1331-1340,,6,True,27693295,27693287,United States
Q2,2-s2.0-85151727422,10.1117/1.jrs.17.014505,"Apple yield prediction mapping using machine learning techniques through the Google Earth Engine cloud in Kashmir Valley, India",Singha C.,2023,2023-01-01,Journal of Applied Remote Sensing,Journal,Article,17,1,14505,,26,False,,19313195,India
Q2,2-s2.0-85180403249,10.13031/aim.202300883,Blueberry Yield Estimation Through Multi-View Imagery with YOLOv8 Object Detection,Li Z.,2023,2023-01-01,2023 Asabe Annual International Meeting,Conference Proceeding,Conference Paper,,,,,12,False,,,United States
Q2,2-s2.0-85151568922,10.1109/access.2023.3263238,Early Yield Estimation in Viticulture Based on Grapevine Inflorescence Detection and Counting in Videos,Khokher M.R.,2023,2023-01-01,IEEE Access,Journal,Article,11,,37790-37808,,21,True,,21693536,Australia
Q2,2-s2.0-85146023772,10.1016/j.rsase.2022.100914,Automatic detection and counting of oil palm trees using remote sensing and object-based deep learning,Putra Y.C.,2023,2023-01-01,Remote Sensing Applications Society and Environment,Journal,Article,29,,,100914,42,False,,23529385,Indonesia
Q2,2-s2.0-85205684934,10.1007/978-981-19-8113-5_11,Real-Time Pear Fruit Detection and Counting Using YOLOv4 Models and Deep SORT,Parico A.I.B.,2023,2023-01-01,Iot and AI in Agriculture Self Sufficiency in Food Production to Achieve Society 5 0 and Sdgs Globally,Book,Book Chapter,,,179-218,,1,False,,,Japan
Q2,2-s2.0-85174685440,10.34133/plantphenomics.0085,Instance Segmentation and Berry Counting of Table Grape before Thinning Based on AS-SwinT,Du W.,2023,2023-01-01,Plant Phenomics,Journal,Article,5,,,0085,35,True,,26436515,China
Q2,2-s2.0-85186524200,10.1109/metroagrifor58484.2023.10424135,Video-Based Fruit Detection and Tracking for Apple Counting and Mapping,Gené-Mola J.,2023,2023-01-01,2023 IEEE International Workshop on Metrology for Agriculture and Forestry Metroagrifor 2023 Proceedings,Conference Proceeding,Conference Paper,,,301-306,,8,False,,,Spain
Q2,2-s2.0-85164268253,10.1016/j.procs.2023.01.275,A deep learning approach for automatic counting of bedbugs and grape moth,Teixeira A.C.,2023,2023-01-01,Procedia Computer Science,Conference Proceeding,Conference Paper,219,,145-152,,13,True,,18770509,Portugal
Q2,2-s2.0-85180010625,10.34133/plantphenomics.0115,Semi-supervised Counting of Grape Berries in the Field Based on Density Mutual Exclusion,Li Y.,2023,2023-01-01,Plant Phenomics,Journal,Article,5,,,0115,10,True,,26436515,China
Q2,2-s2.0-85164620053,10.3389/fpls.2023.1153505,An improved YOLOv5s model using feature concatenation with attention mechanism for real-time fruit detection and counting,Lawal O.M.,2023,2023-01-01,Frontiers in Plant Science,Journal,Article,14,,,1153505,28,True,,1664462X,China
Q2,2-s2.0-85183078431,10.14569/ijacsa.2023.0141229,Smart Fruit Identification and Counting using Machine Vision Approach,Shankarpure M.R.,2023,2023-01-01,International Journal of Advanced Computer Science and Applications,Journal,Article,14,12,283-289,,6,True,2158107X,21565570,India
Q2,2-s2.0-85183575601,10.13031/aim.202301450,A Dynamic Object Counting Method for Strawberry Fruits using Vision Transformer Networks and Kalman Filter Tracking,Zhou X.,2023,2023-01-01,2023 Asabe Annual International Meeting,Conference Proceeding,Conference Paper,,,,,2,False,,,Canada
Q2,2-s2.0-85177602586,10.1109/mapr59823.2023.10289072,ViT-FFrCnt: A Few-shot Fruit Counting Approach with Multiscale Vision Transformer,Quan K.A.C.,2023,2023-01-01,2023 International Conference on Multimedia Analysis and Pattern Recognition Mapr 2023 Proceedings,Conference Proceeding,Conference Paper,,,,,2,False,,,Viet Nam
Q2,2-s2.0-85205352238,10.48130/fia-2023-0004,A mango biological fingerprint anti-counterfeiting method based on Fuzzy C-means clustering,Shen C.,2023,2023-01-01,Food Innovation and Advances,Journal,Article,2,1,21-27,,0,True,,2836774X,China
Q2,2-s2.0-85169459845,10.1109/iaict59002.2023.10205752,Detection and Counting of the Number of Cocoa Fruits on Trees Using UAV,Justam ,2023,2023-01-01,Proceedings of the 2023 IEEE International Conference on Industry 4 0 Artificial Intelligence and Communications Technology Iaict 2023,Conference Proceeding,Conference Paper,,,257-263,,4,False,,,Indonesia
Q2,2-s2.0-85180543929,10.1109/prai59366.2023.10332084,An Improved Soft-CBAM-YoloV5 Algorithm for Fruits and Vegetables Detection and Counting,Luo Q.,2023,2023-01-01,2023 IEEE 6th International Conference on Pattern Recognition and Artificial Intelligence Prai 2023,Conference Proceeding,Conference Paper,,,187-192,,10,False,,,China
Q2,2-s2.0-85153257719,10.5964/jnc.6577,The Real Preschoolers of Orange County: Early Number Learning in a Diverse Group of Children,Sarnecka B.W.,2023,2023-01-01,Journal of Numerical Cognition,Journal,Article,9,1,65-88,,10,True,,23638761,United States
Q2,2-s2.0-85145096172,10.3389/fpls.2022.1112445,Editorial: Fruit detection and yield prediction on woody crops using data from unmanned aerial vehicles,Torres-Sánchez J.,2022,2022-12-13,Frontiers in Plant Science,Journal,Editorial,13,,,1112445,4,True,,1664462X,Spain
Q2,2-s2.0-85144761213,10.13925/j.cnki.gsxb.20220137,A study on the community characteristics of natural cover grasses in apple orchard in Luochuan county,Ma Z.,2022,2022-12-10,Journal of Fruit Science,Journal,Review,39,12,2301-2308,,1,False,10099980,,China
Q2,2-s2.0-85153360571,10.1145/3579895.3579915,Apple Counting Network before Fruit Thinning Period Based on Dilated Convolution,Song M.,2022,2022-12-09,ACM International Conference Proceeding Series,Conference Proceeding,Conference Paper,,,129-134,,0,False,,,China
Q2,2-s2.0-85141142693,10.1007/s12145-022-00882-9,Oil palm yield prediction across blocks from multi-source data using machine learning and deep learning,Ang Y.,2022,2022-12-01,Earth Science Informatics,Journal,Article,15,4,2349-2367,,28,False,18650473,18650481,Malaysia
Q2,2-s2.0-85135841029,10.1038/s41598-022-17840-6,Intelligent yield estimation for tomato crop using SegNet with VGG19 architecture,Maheswari P.,2022,2022-12-01,Scientific Reports,Journal,Article,12,1,,13601,21,True,,20452322,India
Q2,2-s2.0-85144714365,10.3390/informatics9040080,Machine Learning Applied to Tree Crop Yield Prediction Using Field Data and Satellite Imagery: A Case Study in a Citrus Orchard,Moussaid A.,2022,2022-12-01,Informatics,Journal,Article,9,4,,80,36,True,,22279709,Morocco
Q2,2-s2.0-85141248621,10.1016/j.biosystemseng.2022.10.015,Yield estimations in a vineyard based on high-resolution spatial imagery acquired by a UAV,López-García P.,2022,2022-12-01,Biosystems Engineering,Journal,Article,224,,227-245,,28,False,15375110,,Spain
Q2,2-s2.0-85130449549,10.1038/s41598-022-12732-1,Online recognition and yield estimation of tomato in plant factory based on YOLOv3,Wang X.,2022,2022-12-01,Scientific Reports,Journal,Article,12,1,,8686,38,True,,20452322,China; Ukraine
Q2,2-s2.0-85130324469,10.1016/j.atech.2021.100027,Yield estimation of citrus fruit using rapid image processing in natural background,Zhang X.,2022,2022-12-01,Smart Agricultural Technology,Journal,Article,2,,,100027,29,True,,27723755,China
Q2,2-s2.0-85141295583,10.1016/j.ecoinf.2022.101878,Oil palm trees detection and counting on Microsoft Bing Maps Very High Resolution (VHR) satellite imagery and Unmanned Aerial Vehicles (UAV) data using image processing thresholding approach,Putra Y.C.,2022,2022-12-01,Ecological Informatics,Journal,Article,72,,,101878,25,False,15749541,,Indonesia
Q2,2-s2.0-85140340042,10.21273/horttech05098-22,"A Ground-based Platform for Reliable Estimates of Fruit Number, Size, and Color in Stone Fruit Orchards",Islam M.S.,2022,2022-12-01,Horttechnology,Journal,Article,32,6,510-522,,34,True,10630198,19437714,Australia
Q2,2-s2.0-85130273255,10.1186/s13007-022-00894-y,Banana plant counting and morphological parameters measurement based on terrestrial laser scanning,Miao Y.,2022,2022-12-01,Plant Methods,Journal,Article,18,1,,66,24,True,,17464811,China
Q2,2-s2.0-85140136384,10.1016/j.measurement.2022.111977,Slicing aided large scale tomato fruit detection and counting in 360-degree video data from a greenhouse,Turečková A.,2022,2022-11-30,Measurement Journal of the International Measurement Confederation,Journal,Article,204,,,111977,7,False,02632241,,Czech Republic
Q2,2-s2.0-85147298212,10.3390/agronomy12112863,Location of Fruits by Counting: A Point-to-Point Approach,Li B.,2022,2022-11-01,Agronomy,Journal,Article,12,11,,2863,1,True,,20734395,China
Q2,2-s2.0-85147046827,10.1093/jat/bkac012,A Two-Year Evaluation of Flualprazolam Concentrations in Orange County Drivers: Effects on Driving and Field Sobriety Test Performance,Manaloto F.R.,2022,2022-11-01,Journal of Analytical Toxicology,Journal,Article,46,9,1038-1044,,6,False,01464760,19452403,United States
Q2,2-s2.0-85140144290,10.1093/jat/bkac030,"A Two-Year Review of Fentanyl in Driving under the Influence and Postmortem Cases in Orange County, CA, USA",Havro V.,2022,2022-10-01,Journal of Analytical Toxicology,Journal,Article,46,8,875-881,,10,False,01464760,19452403,United States
Q2,2-s2.0-85137885225,10.3390/rs14174202,Development of a Multi-Scale Tomato Yield Prediction Model in Azerbaijan Using Spectral Indices from Sentinel-2 Imagery,Psiroukis V.,2022,2022-09-01,Remote Sensing,Journal,Article,14,17,,4202,12,True,,20724292,Greece
Q2,2-s2.0-85106296467,10.1016/j.inpa.2021.04.011,Three dimensional apple tree organs classification and yield estimation algorithm based on multi-features fusion and support vector machine,Ge L.,2022,2022-09-01,Information Processing in Agriculture,Journal,Review,9,3,431-442,,33,True,22143173,,China
Q2,2-s2.0-85141781247,10.3390/agriculture12091290,Drone-Computer Communication Based Tomato Generative Organ Counting Model Using YOLO V5 and Deep-Sort,Egi Y.,2022,2022-09-01,Agriculture Switzerland,Journal,Article,12,9,,1290,85,True,,20770472,Kuwait
Q2,2-s2.0-85134890183,10.1016/j.compag.2022.107223,Cascade-SORT: A robust fruit counting approach using multiple features cascade matching,He L.,2022,2022-09-01,Computers and Electronics in Agriculture,Journal,Article,200,,,107223,37,False,01681699,,China
Q2,2-s2.0-85132579654,10.1016/j.ecolmodel.2022.110039,"Identification and analysis of areas prone to conflict with wild boar (Sus scrofa) in the vineyards of Malayer County, western Iran",Karami P.,2022,2022-09-01,Ecological Modelling,Journal,Article,471,,,110039,18,False,03043800,,Iran
Q2,2-s2.0-85137821075,10.3390/foods11172686,Understanding Blood versus Blond Orange Consumption: A Cross-Cultural Study in Four Countries,Giménez-Sanchis A.,2022,2022-09-01,Foods,Journal,Article,11,17,,2686,9,True,,23048158,Spain
Q2,2-s2.0-85136574590,10.3389/fpls.2022.965425,Fast and precise detection of litchi fruits for yield estimation based on the improved YOLOv5 model,Wang L.,2022,2022-08-09,Frontiers in Plant Science,Journal,Article,13,,,965425,71,True,,1664462X,China
Q2,2-s2.0-85140272273,10.56042/jsir.v81i08.57971,Computer Vision and Machine Learning Based Grape Fruit Cluster Detection and Yield Estimation Robot,Chauhan A.,2022,2022-08-01,Journal of Scientific and Industrial Research,Journal,Article,81,8,866-872,,6,True,00224456,,India
Q2,2-s2.0-85130851595,10.1016/j.compag.2022.107062,Complete and accurate holly fruits counting using YOLOX object detection,Zhang Y.,2022,2022-07-01,Computers and Electronics in Agriculture,Journal,Article,198,,,107062,129,False,01681699,,China
Q2,2-s2.0-85131140991,10.1017/s0021859622000259,Growth and yield estimation of banana through mathematical modelling: a systematic review,Jayasinghe S.L.,2022,2022-06-23,Journal of Agricultural Science,Journal,Review,160,3-4,152-167,,17,True,00218596,14695146,Sri Lanka
Q2,2-s2.0-85132772400,10.3390/agronomy12061464,Comparing a New Non-Invasive Vineyard Yield Estimation Approach Based on Image Analysis with Manual Sample-Based Methods,Victorino G.,2022,2022-06-01,Agronomy,Journal,Article,12,6,,1464,13,True,,20734395,Portugal
Q2,2-s2.0-85132789856,10.3390/machines10060489,Tracking and Counting of Tomato at Different Growth Period Using an Improving YOLO-Deepsort Network for Inspection Robot,Ge Y.,2022,2022-06-01,Machines,Journal,Article,10,6,,489,90,True,,20751702,China
Q2,2-s2.0-85129105475,10.1016/j.compag.2022.107000,A novel apple fruit detection and counting methodology based on deep learning and trunk tracking in modern orchard,Gao F.,2022,2022-06-01,Computers and Electronics in Agriculture,Journal,Article,197,,,107000,152,False,01681699,,China
Q2,2-s2.0-85125527035,10.1016/j.compind.2022.103635,A weakly-supervised approach for flower/fruit counting in apple orchards,Bhattarai U.,2022,2022-06-01,Computers in Industry,Journal,Article,138,,,103635,67,True,01663615,,United States
Q2,2-s2.0-85130772406,10.3390/ijms23116019,Metabolic Pathways for Observed Impacts of Crop Load on Floral Induction in Apple,Reddy P.,2022,2022-06-01,International Journal of Molecular Sciences,Journal,Article,23,11,,6019,18,True,16616596,14220067,Australia
Q2,2-s2.0-85139068448,10.17660/actahortic.2022.1342.21,Novel counting methodology and its use in diagnosing avocado (Persea americana Mill.) pollen abnormalities,Stanton M.S.,2022,2022-06-01,Acta Horticulturae,Book Series,Conference Paper,1342,,143-147,,0,False,05677572,24066168,South Africa
Q2,2-s2.0-85130822355,10.6041/j.issn.1000-1298.2022.05.024,Pear Leaf Disease Spot Counting Method Based on GC-Cascade R-CNN,Xue W.,2022,2022-05-25,Nongye Jixie Xuebao Transactions of the Chinese Society for Agricultural Machinery,Journal,Article,53,5,237-245,,11,False,10001298,,China
Q2,2-s2.0-85130800575,10.6041/j.issn.1000-1298.2022.05.021,Identification and Counting Method of Potted Kumquat Fruits Based on Point Cloud Registration,Zhu Q.,2022,2022-05-25,Nongye Jixie Xuebao Transactions of the Chinese Society for Agricultural Machinery,Journal,Article,53,5,209-216,,13,False,10001298,,China
Q2,2-s2.0-85123980800,10.1016/j.ecoinf.2022.101556,Recognition and counting of typical apple pests based on deep learning,Wang T.,2022,2022-05-01,Ecological Informatics,Journal,Article,68,,,101556,69,False,15749541,,China
Q2,2-s2.0-85125415524,10.1016/j.landusepol.2022.106065,Expansion of olive orchards and their impact on the cultivation and landscape through a case study in the countryside of Cordoba (Spain),Guzmán G.,2022,2022-05-01,Land Use Policy,Journal,Article,116,,,106065,20,True,02648377,,Spain
Q2,2-s2.0-85126233034,10.1007/s11517-022-02536-w,Agreement of the Apple Watch® and Fitbit Charge® for recording step count and heart rate when exercising in water,Held N.J.,2022,2022-05-01,Medical and Biological Engineering and Computing,Journal,Article,60,5,1323-1331,,7,False,01400118,17410444,Canada
Q2,2-s2.0-85128802620,10.1093/jat/bkab028,"Prevalence of Five Commonly Analyzed Cannabinoids in Forensic Toxicology Casework from Orange County CA, USA, from 2016 to 2019",Meneses V.M.,2022,2022-05-01,Journal of Analytical Toxicology,Journal,Article,46,4,449-456,,3,False,01464760,19452403,United States
Q2,2-s2.0-85125223475,10.1016/j.compag.2022.106812,Fruit yield prediction and estimation in orchards: A state-of-the-art comprehensive review for both direct and indirect methods,He L.,2022,2022-04-01,Computers and Electronics in Agriculture,Journal,Review,195,,,106812,171,False,01681699,,China
Q2,2-s2.0-105010642030,10.22144/ctu.jen.2022.006,Build coconut counting system using image technology,Quang N.H.,2022,2022-03-28,Ctu Journal of Innovation and Sustainable Development,Journal,Article,14,1,54-61,,1,True,25881418,28156412,Viet Nam
Q2,2-s2.0-85132256334,10.3390/agriengineering4010019,Oil Palm Yield Estimation Based on Vegetation and Humidity Indices Generated from Satellite Images and Machine Learning Techniques,Watson-Hernández F.,2022,2022-03-01,Agriengineering,Journal,Article,4,1,279-291,,29,True,,26247402,Costa Rica
Q2,2-s2.0-85124204604,10.1016/j.foodres.2022.110975,Factors affecting consumer choice of novel non-thermally processed fruit and vegetables products: Evidence from a 4-country study in Europe,Song X.,2022,2022-03-01,Food Research International,Journal,Article,153,,,110975,40,True,09639969,18737145,Denmark
Q2,2-s2.0-85124914692,10.1088/1755-1315/974/1/012058,Recognition and counting of oil palm tree with deep learning using satellite image,Nurhabib I.,2022,2022-02-03,Iop Conference Series Earth and Environmental Science,Conference Proceeding,Conference Paper,974,1,,012058,9,True,17551307,17551315,Indonesia
Q2,2-s2.0-85123413908,10.3390/cli10020011,"Peaches Detection Using a Deep Learning Technique—A Contribution to Yield Estimation, Resources Management, and Circular Economy",Assunção E.T.,2022,2022-02-01,Climate,Journal,Article,10,2,,11,20,True,,22251154,Portugal
Q2,2-s2.0-85110232232,10.1016/j.aej.2021.06.053,"Automated image identification, detection and fruit counting of top-view pineapple crown using machine learning",Wan Nurazwin Syazwani R.,2022,2022-02-01,Alexandria Engineering Journal,Journal,Article,61,2,1265-1276,,95,True,11100168,,Malaysia
Q2,2-s2.0-85122810066,10.1016/j.compag.2022.106696,Canopy-attention-YOLOv4-based immature/mature apple fruit detection on dense-foliage tree architectures for early crop load estimation,Lu S.,2022,2022-02-01,Computers and Electronics in Agriculture,Journal,Article,193,,,106696,129,True,01681699,,China; United States
Q2,2-s2.0-85124612228,10.3390/agronomy12020440,Culling Double Counting in Sequence Images for Fruit Yield Estimation,Xia X.,2022,2022-02-01,Agronomy,Journal,Article,12,2,,440,15,True,,20734395,China
Q2,2-s2.0-85149794121,10.1109/m2vip55626.2022.10041098,Orchard Yield Estimation using Multi-angle Image Processing,Ripa L.,2022,2022-01-01,2022 28th International Conference on Mechatronics and Machine Vision in Practice M2vip 2022,Conference Proceeding,Conference Paper,,,,,0,False,,,New Zealand
Q2,2-s2.0-85146970413,10.1109/aiccsa56895.2022.10017905,A Smart Trap for Counting Olive Moths Based on the Internet of Things and Deep Learning,Mdhaffar A.,2022,2022-01-01,Proceedings of IEEE ACS International Conference on Computer Systems and Applications Aiccsa,Conference Proceeding,Conference Paper,2022-December,,,,3,False,21615322,21615330,Tunisia
Q2,2-s2.0-85161924072,10.1109/isctech58360.2022.00099,An Ensemble Convolutional Neural Network for Recognizing and Counting of Mango Pests using Superpixel Segmentation,Yang F.,2022,2022-01-01,Proceedings 2022 10th International Conference on Information Systems and Computing Technology Isctech 2022,Conference Proceeding,Conference Paper,,,605-611,,0,False,,,China; South Korea
Q2,2-s2.0-85133885489,10.21162/pakjas/22.644,Automatic counting of grapes from vineyard images,Al-Saffar B.,2022,2022-01-01,Pakistan Journal of Agricultural Sciences,Journal,Article,59,3,347-355,,8,False,05529034,20760906,Iraq
Q2,2-s2.0-85126208150,10.1007/978-981-16-7597-3_45,Oil Palm Tree Detection and Counting for Precision Farming Using Deep Learning CNN,Kipli K.,2022,2022-01-01,Lecture Notes in Networks and Systems,Book Series,Conference Paper,348,,549-560,,4,False,23673370,23673389,Malaysia
Q2,2-s2.0-85139370947,10.14295/cs.v13.3719,Vitoria pineapple yield predictions by neuro-fuzzy modeling and linear regression,da Silva P.P.O.,2022,2022-01-01,Comunicata Scientiae,Journal,Article,13,,,,1,True,21769079,,Brazil
Q2,2-s2.0-85127566349,10.1109/iconat53423.2022.9726026,Grape Yield Prediction using Deep Learning Regression Model,Barbole D.K.,2022,2022-01-01,2022 International Conference for Advancement in Technology Iconat 2022,Conference Proceeding,Conference Paper,,,,,3,False,,,India
Q2,2-s2.0-85125405005,10.1080/10106049.2022.2025920,A novel ensemble machine learning and time series approach for oil palm yield prediction using Landsat time series imagery based on NDVI,Ang Y.,2022,2022-01-01,Geocarto International,Journal,Article,37,25,9865-9896,,27,False,10106049,,Malaysia
Q2,2-s2.0-85127289342,10.3233/faia220049,Evaluating YOLOv5 Deep Learning Models for the Detection of Tomato Berries for Crop Yield Estimation,Bini D.,2022,2022-01-01,Frontiers in Artificial Intelligence and Applications,Book Series,Conference Paper,347,,429-436,,1,True,09226389,18798314,India
Q2,2-s2.0-85137566603,10.13031/aim.202201119,3D characterization of tree architecture for apple crop load estimation,Qiu T.,2022,2022-01-01,2022 Asabe Annual International Meeting,Conference Proceeding,Conference Paper,,,,,7,False,,,United States
Q2,2-s2.0-85137578486,10.1007/978-3-031-05752-6_19,A Survey of Deep Learning Methods for Fruit and Vegetable Detection and Yield Estimation,Aslam F.,2022,2022-01-01,Studies in Big Data,Book Series,Book Chapter,111,,299-323,,12,False,21976503,21976511,Pakistan
Q2,2-s2.0-85122503447,10.1007/978-981-16-6448-9_27,An Enhanced Computer Vision Algorithm for Apple Fruit Yield Estimation in an Orchard,Thendral R.,2022,2022-01-01,Lecture Notes in Electrical Engineering,Book Series,Conference Paper,806,,263-273,,1,False,18761100,18761119,India
Q2,2-s2.0-85131922510,10.1109/icoei53556.2022.9777201,Yield Estimation of Guava Fruit using U-Net Architecture,Maheswari P.,2022,2022-01-01,2022 6th International Conference on Trends in Electronics and Informatics Icoei 2022 Proceedings,Conference Proceeding,Conference Paper,,,1656-1659,,1,False,,,India
Q2,2-s2.0-85124372149,10.20870/oeno-one.2022.56.1.4863,Overcoming the challenge of bunch occlusion by leaves for vineyard yield estimation using image analysis,Victorino G.,2022,2022-01-01,Oeno One,Journal,Article,56,1,117-131,,7,True,24941271,,Portugal
Q2,2-s2.0-85147253786,10.1109/gcce56475.2022.10014123,Counting pear flower buds using worm's-eye view images,Hanakawa T.,2022,2022-01-01,Gcce 2022 2022 IEEE 11th Global Conference on Consumer Electronics,Conference Proceeding,Conference Paper,,,529-532,,1,False,,,Japan
Q2,2-s2.0-85123746332,10.1155/2022/1549842,A Large-Scale Dataset and Deep Learning Model for Detecting and Counting Olive Trees in Satellite Imagery,Abozeid A.,2022,2022-01-01,Computational Intelligence and Neuroscience,Journal,Article,2022,,,1549842,38,True,16875265,16875273,Saudi Arabia
Q2,2-s2.0-85135851648,10.1007/978-3-031-13844-7_6,Tracking and Counting Method for Tomato Fruits Scouting Robot in Greenhouse,Dai G.,2022,2022-01-01,Lecture Notes in Computer Science Including Subseries Lecture Notes in Artificial Intelligence and Lecture Notes in Bioinformatics,Book Series,Conference Paper,13455 LNAI,,60-68,,5,False,03029743,16113349,China
Q2,2-s2.0-85137554991,10.13031/aim.202200228,An Advanced Cartesian Robotic System for Precision Apple Crop Load Management,Mu X.,2022,2022-01-01,2022 Asabe Annual International Meeting,Conference Proceeding,Conference Paper,,,,,2,False,,,
Q2,2-s2.0-85120463598,10.1016/j.patrec.2021.11.016,Oil palm tree counting in drone images,Chowdhury P.N.,2022,2022-01-01,Pattern Recognition Letters,Journal,Article,153,,1-9,,52,False,01678655,,India
Q2,2-s2.0-85140367764,10.31545/intagr/150761,Annual shoot growth on apple trees with variable canopy leaf area and crop load in response to LiDAR scanned leaf area to fruit ratio,Penzel M.,2022,2022-01-01,International Agrophysics,Journal,Article,36,3,173-180,,18,True,02368722,23008725,Germany
Q2,2-s2.0-85141392028,10.1109/icimtech55957.2022.9915223,Drone Application Model for Image Acquisition of Plantation Areas and Oil Palm Trees Counting,Sastrohartono H.,2022,2022-01-01,Proceedings of 2022 International Conference on Information Management and Technology Icimtech 2022,Conference Proceeding,Conference Paper,,,167-171,,9,False,,,Indonesia
Q2,2-s2.0-85107570427,10.1080/01904167.2021.1936028,Seasonal potassium dynamics in fruiting and non-fruiting branches of pistachio trees in relation to crop load,Elloumi O.,2022,2022-01-01,Journal of Plant Nutrition,Journal,Article,45,5,651-663,,2,False,01904167,15324087,Tunisia
Q2,2-s2.0-85139474267,10.1109/icivc55077.2022.9886298,Research on Fruit Counting of Xanthoceras Sorbifolium Bunge Based on Deep Learning,Xia G.,2022,2022-01-01,2022 7th International Conference on Image Vision and Computing Icivc 2022,Conference Proceeding,Conference Paper,,,790-798,,2,False,,,China
Q2,2-s2.0-85122687407,10.3390/s22020576,Green Citrus Detection and Counting in Orchards Based on YOLOv5-CS and AI Edge System,Lyu S.,2022,2022-01-01,Sensors,Journal,Article,22,2,,576,92,True,14248220,,China
Q2,2-s2.0-85137560477,10.13031/aim.202200240,Real-time counting of strawberry using cost-effective embedded GPU and YOLOv4-tiny,Immaneni A.,2022,2022-01-01,2022 Asabe Annual International Meeting,Conference Proceeding,Conference Paper,,,,,5,False,,,India
Q2,2-s2.0-85182603963,10.1109/iccresa57091.2022.10352472,Detection and Counting of Olive Trees in Images Taken by an Unmanned Aerial Vehicle,Al-Tikriti O.A.A.,2022,2022-01-01,4th International Conference on Current Research in Engineering and Science Applications Iccresa 2022,Conference Proceeding,Conference Paper,,,75-79,,2,False,,,Turkey
Q2,2-s2.0-85200961497,10.13652/j.spjx.1003.5788.2022.80185,Localization and counting of string tomatoes based on improved Tiny-YOLOv5l algorithm,Zhao J.X.,2022,2022-01-01,Food and Machinery,Journal,Article,38,12,79-86,,2,False,10035788,,China
Q2,2-s2.0-85128220322,10.1109/icais53314.2022.9742725,A Random Forest Based Smart Fruit Counting,Pavithra R.,2022,2022-01-01,Proceedings of the 2nd International Conference on Artificial Intelligence and Smart Energy Icais 2022,Conference Proceeding,Conference Paper,,,729-733,,2,False,,,India
Q2,2-s2.0-85151304776,10.1109/cac57257.2022.10055368,Field Grape Berry Counting Algorithm Based on Spatial Attention Mechanism,Tang Y.,2022,2022-01-01,Proceedings 2022 Chinese Automation Congress Cac 2022,Conference Proceeding,Conference Paper,2022-January,,2211-2216,,1,False,,,China
Q2,2-s2.0-85121326498,10.6041/j.issn.1000-1298.2021.s0.013,BSO-SVR-based Remote Sensing Time-series Yield Estimation Model for Banana,Zhang H.,2021,2021-12-08,Nongye Jixie Xuebao Transactions of the Chinese Society for Agricultural Machinery,Journal,Article,52,,98-107,,11,False,10001298,,China
Q2,2-s2.0-85118563837,10.1016/j.compag.2021.106533,Fruit detection and load estimation of an orange orchard using the YOLO models through simple approaches in different imaging and illumination conditions,Mirhaji H.,2021,2021-12-01,Computers and Electronics in Agriculture,Journal,Article,191,,,106533,221,False,01681699,,Iran
Q2,2-s2.0-85118355660,10.1016/j.compag.2021.106519,"Reliability of a commercial platform for estimating flower cluster and fruit number, yield, tree geometry and light interception in apple trees under different rootstocks and row orientations",Scalisi A.,2021,2021-12-01,Computers and Electronics in Agriculture,Journal,Article,191,,,106519,32,False,01681699,,Australia
Q2,2-s2.0-85117191675,10.1016/j.compag.2021.106493,Automatic UAV-based counting of seedlings in sugar-beet field and extension to maize and strawberry,Barreto A.,2021,2021-12-01,Computers and Electronics in Agriculture,Journal,Article,191,,,106493,71,False,01681699,,Germany
Q2,2-s2.0-85122015297,10.1088/1742-6596/2107/1/012036,Normalized Cross Correlation Template Matching for Oil Palm Tree Counting from UAV image,Hanapi S.N.H.S.,2021,2021-12-01,Journal of Physics Conference Series,Conference Proceeding,Conference Paper,2107,1,,012036,7,True,17426588,17426596,Malaysia
Q2,2-s2.0-85125615659,10.1145/3503823.3503906,Yield Estimation in Vineyards Using Intervals' Numbers Techniques,Bazinas C.,2021,2021-11-26,ACM International Conference Proceeding Series,Conference Proceeding,Conference Paper,,,454-459,,4,False,,,Greece
Q2,2-s2.0-85127549040,10.1145/3505711.3505720,Efficient Fruit and Vegetable Classification and Counting for Retail Applications Using Deep Learning,Bogomasov K.,2021,2021-11-20,ACM International Conference Proceeding Series,Conference Proceeding,Conference Paper,,,65-71,,8,True,,,Germany
Q2,2-s2.0-85123396379,10.11975/j.issn.1002-6819.2021.21.025,Apple detection and counting using real-time video based on deep learning and object tracking,Gao F.,2021,2021-11-01,Nongye Gongcheng Xuebao Transactions of the Chinese Society of Agricultural Engineering,Journal,Article,37,21,217-224,,38,False,10026819,,China
Q2,2-s2.0-85115349080,10.3390/plants10101983,Ssr-based analysis of genetic diversity and structure of sweet cherry (Prunus avium l.) from 19 countries in europe,Barreneche T.,2021,2021-10-01,Plants,Journal,Article,10,10,,1983,34,True,,22237747,France
Q2,2-s2.0-85119849065,10.11975/j.issn.1002-6819.2021.18.019,Detecting and counting of spring-see citrus using YOLOv4 network model and recursive fusion of features,Yi S.,2021,2021-09-15,Nongye Gongcheng Xuebao Transactions of the Chinese Society of Agricultural Engineering,Journal,Article,37,18,161-169,,23,False,10026819,,China
Q2,2-s2.0-85114609941,10.3390/agronomy11091789,"Vineyard yield estimation, prediction, and forecasting: A systematic literature review",Barriguinha A.,2021,2021-09-01,Agronomy,Journal,Review,11,9,,1789,68,True,,20734395,Portugal
Q2,2-s2.0-85114675617,10.3390/agronomy11091711,Estimation of fruit load in australian mango orchards using machine vision,Anderson N.T.,2021,2021-09-01,Agronomy,Journal,Article,11,9,,1711,35,True,,20734395,Australia
Q2,2-s2.0-85106368769,10.1016/j.rse.2021.112479,Mapping oil palm density at country scale: An active learning approach,Rodríguez A.C.,2021,2021-08-01,Remote Sensing of Environment,Journal,Article,261,,,112479,44,True,00344257,,Switzerland
Q2,2-s2.0-85110043612,10.3390/s21144803,Real time pear fruit detection and counting using yolov4 models and deep sort,Parico A.I.B.,2021,2021-07-02,Sensors,Journal,Article,21,14,,4803,206,True,14248220,,Japan
Q2,2-s2.0-85111383755,10.3390/agronomy11071409,"Technologies for forecasting tree fruit load and harvest timing—from ground, sky and time",Anderson N.T.,2021,2021-07-01,Agronomy,Journal,Review,11,7,,1409,73,True,,20734395,Australia
Q2,2-s2.0-85122680013,10.12133/j.smartag.2021.3.2.202105-sa005,Yield Estimation Method of Apple Tree Based on Improved Lightweight YOLOv5,Li Z.,2021,2021-06-30,Smart Agriculture,Journal,Article,3,2,100-114,,25,False,20968094,,China
Q2,2-s2.0-85109785768,10.3389/fpls.2021.684328,Intelligent Fruit Yield Estimation for Orchards Using Deep Learning Based Semantic Segmentation Techniques—A Review,Maheswari P.,2021,2021-06-25,Frontiers in Plant Science,Journal,Review,12,,,684328,128,True,,1664462X,India
Q2,2-s2.0-85109639607,10.6041/j.issn.1000-1298.2021.06.021,Spatial and Temporal Evolution of Navel Orange Orchard Land and Its Driving Factors in Fengjie County,Wang B.,2021,2021-06-25,Nongye Jixie Xuebao Transactions of the Chinese Society for Agricultural Machinery,Journal,Article,52,6,204-214,,5,False,10001298,,China
Q2,2-s2.0-85103948648,10.1016/j.compag.2021.106132,"Design, development, and performance evaluation of a robot for yield estimation of kiwifruit",Massah J.,2021,2021-06-01,Computers and Electronics in Agriculture,Journal,Article,185,,,106132,56,False,01681699,,Iran
Q2,2-s2.0-85109690363,10.17660/actahortic.2021.1314.18,Advances in precision crop load management of apple,Robinson T.L.,2021,2021-06-01,Acta Horticulturae,Book Series,Conference Paper,1314,,133-138,,8,False,05677572,24066168,United States
Q2,2-s2.0-85112346579,10.5958/2249-4677.2021.00011.6,Tropicsafe project: Detection and management of lethal yellowing and grapevine yellows diseases in partner countries,Bertaccini A.,2021,2021-06-01,Phytopathogenic Mollicutes,Journal,Review,11,1,9-14,,1,False,22494669,22494677,Italy
Q2,2-s2.0-85113336271,10.1109/incet51464.2021.9456198,Identification and yield estimation of mature fruits using modified watershed algorithm,Prabhu A.,2021,2021-05-21,2021 2nd International Conference for Emerging Technology Incet 2021,Conference Proceeding,Conference Paper,,,,9456198,3,False,,,India
Q2,2-s2.0-85144968892,10.3389/fpls.2021.695397,"Corrigendum: Large-Scale Counting and Localization of Pineapple Inflorescence Through Deep Density-Estimation (Front. Plant Sci., (2021), 11, 599705, 10.3389/fpls.2020.599705)",Hobbs J.,2021,2021-05-17,Frontiers in Plant Science,Journal,Erratum,12,,,695397,1,True,,1664462X,United States
Q2,2-s2.0-85101200860,10.1007/s11042-021-10704-7,Fruits yield estimation using Faster R-CNN with MIoU,Behera S.K.,2021,2021-05-01,Multimedia Tools and Applications,Journal,Article,80,12,19043-19056,,73,False,13807501,15737721,India
Q2,2-s2.0-85104375936,10.1051/e3sconf/202124803080,Research on apple orchard classification and yield estimation model based on GF-1 and Sentinel-2,Liu Y.,2021,2021-04-12,E3s Web of Conferences,Conference Proceeding,Conference Paper,248,,,03080,4,True,25550403,22671242,China
Q2,2-s2.0-85125091454,10.3389/fagro.2021.648080,"Low-Cost, Computer Vision-Based, Prebloom Cluster Count Prediction in Vineyards",Jaramillo J.,2021,2021-04-08,Frontiers in Agronomy,Journal,Article,3,,,648080,11,True,,26733218,United States
Q2,2-s2.0-85119518798,10.13733/j.jcam.issn.2095-5553.2021.04.25,Method of greenhouse tomato fruit identification and yield estimation based on improved YOLOv3,Cheng W.,2021,2021-04-01,Journal of Chinese Agricultural Mechanization,Journal,Article,42,4,176-182,,16,False,20955553,,China
Q2,2-s2.0-85103722821,10.1063/5.0046526,Yield estimation in mango orchards using machine vision,Neethi M.V.,2021,2021-03-26,Aip Conference Proceedings,Conference Proceeding,Conference Paper,2336,,,050004,6,False,0094243X,15517616,India
Q2,2-s2.0-85114048979,10.1109/aemcse51986.2021.00145,Recognition and counting of citrus trees based on UAV images,Zheng S.,2021,2021-03-01,Proceedings 2021 4th International Conference on Advanced Electronic Materials Computers and Software Engineering Aemcse 2021,Conference Proceeding,Conference Paper,,,703-706,9513057,2,False,,,China
Q2,2-s2.0-85096828486,10.1016/j.scienta.2020.109791,A method for organs classification and fruit counting on pomegranate trees based on multi-features fusion and support vector machine by 3D point cloud,Zhang C.,2021,2021-02-27,Scientia Horticulturae,Journal,Article,278,,,109791,39,False,03044238,,China
Q2,2-s2.0-85105415863,10.3390/agronomy11020347,Attempting to estimate the unseen—correction for occluded fruit in tree fruit load estimation by machine vision with deep learning,Koirala A.,2021,2021-02-01,Agronomy,Journal,Article,11,2,,347,44,True,,20734395,Australia
Q2,2-s2.0-85089584647,10.1111/cobi.13567,Bird-friendly wine country through diversified vineyards,Muñoz-Sáez A.,2021,2021-02-01,Conservation Biology,Journal,Article,35,1,274-284,,23,False,08888892,15231739,Chile; United States
Q2,2-s2.0-85100728874,10.3389/fpls.2020.599705,Large-Scale Counting and Localization of Pineapple Inflorescence Through Deep Density-Estimation,Hobbs J.,2021,2021-01-28,Frontiers in Plant Science,Journal,Article,11,,,599705,16,True,,1664462X,United States
Q2,2-s2.0-85096640287,10.1016/j.ijfoodmicro.2020.108949,"Utility of rapid tests to assess the prevalence of indicator organisms (Aerobic plate count, Enterobacteriaceae, coliforms, Escherichia coli, and Listeria spp.) in apple packinghouses",Ruiz-Llacsahuanga B.,2021,2021-01-16,International Journal of Food Microbiology,Journal,Article,337,,,108949,24,False,01681605,18793460,United States
Q2,2-s2.0-85100381229,10.1088/1755-1315/620/1/012006,A comparative flight altitude using multi-rotor uav for oil palm tree counting,Talib N.,2021,2021-01-08,Iop Conference Series Earth and Environmental Science,Conference Proceeding,Conference Paper,620,1,,012006,4,True,17551307,17551315,Malaysia
Q2,2-s2.0-85124214071,10.23919/iccas52745.2021.9649871,A Deep Learning Based Approach for Strawberry Yield Prediction via Semantic Graphics,Ilyas T.,2021,2021-01-01,International Conference on Control Automation and Systems,Conference Proceeding,Conference Paper,2021-October,,1835-1841,,19,False,15987833,,South Korea
Q2,2-s2.0-85108010157,10.1590/1983-40632021v5166008,Yield prediction of ‘prata anã’ and ‘BRS platina’ banana plants by artificial neural networks,Guimarães B.V.C.,2021,2021-01-01,Pesquisa Agropecuaria Tropical,Journal,Article,51,,,e66008,3,True,15176398,19834063,Brazil
Q2,2-s2.0-85120447214,10.1117/12.2605670,Comparison of grape flower counting using patch-based instance segmentation and density-based estimation with convolutional neural networks,Rahim U.F.,2021,2021-01-01,Proceedings of SPIE the International Society for Optical Engineering,Conference Proceeding,Conference Paper,11884,,,118841A,8,False,0277786X,1996756X,Japan
Q2,2-s2.0-85126003986,10.1109/igarss47720.2021.9553085,COUNTING STRAWBERRY FLOWERS ON DRONE IMAGERY WITH A SEQUENTIAL CONVOLUTIONAL NEURAL NETWORK,Heylen R.,2021,2021-01-01,International Geoscience and Remote Sensing Symposium IGARSS,Conference Proceeding,Conference Paper,2021-July,,4880-4883,,7,False,21536996,21537003,Belgium
Q2,2-s2.0-85099517933,10.1109/access.2020.3048374,End-to-End Automatic Berry Counting for Table Grape Thinning,Buayai P.,2021,2021-01-01,IEEE Access,Journal,Article,9,,4829-4842,9311500,43,True,,21693536,Japan
Q2,2-s2.0-85115850253,10.1007/978-3-030-87156-7_17,Robust Counting of Soft Fruit Through Occlusions with Re-identification,Kirk R.,2021,2021-01-01,Lecture Notes in Computer Science Including Subseries Lecture Notes in Artificial Intelligence and Lecture Notes in Bioinformatics,Book Series,Conference Paper,12899 LNCS,,211-222,,12,False,03029743,16113349,United Kingdom
Q2,2-s2.0-85106474197,10.3390/ijgi10040239,Improving strawberry yield prediction by integrating ground-based canopy images in modeling approaches,Abd-Elrahman A.,2021,2021-01-01,ISPRS International Journal of Geo Information,Journal,Article,10,4,,239,21,True,,22209964,United States
Q2,2-s2.0-85101591898,10.1155/2021/8875606,Unmanned Aircraft System- (UAS-) Based High-Throughput Phenotyping (HTP) for Tomato Yield Estimation,Chang A.,2021,2021-01-01,Journal of Sensors,Journal,Article,2021,,,8875606,44,True,1687725X,16877268,United States
Q2,2-s2.0-85114201293,10.13031/aim.202100289,Kiwifruit yield estimation using deep learning and binocular stereo vision on Android smartphones,Zhou Z.,2021,2021-01-01,American Society of Agricultural and Biological Engineers Annual International Meeting Asabe 2021,Conference Proceeding,Conference Paper,2,,910-920,,1,False,,,China
Q2,2-s2.0-85133129271,10.1109/ic2se52832.2021.9792068,Automatic Oil Palm Unstripped Bunch (USB) Counting System based on Faster RCNN and Object Tracking,Aji W.S.,2021,2021-01-01,Proceedings 2nd International Conference on Computer Science and Engineering the Effects of the Digital World After Pandemic Edwap Ic2se 2021,Conference Proceeding,Conference Paper,,,,,1,False,,,Malaysia
Q2,2-s2.0-85114282566,10.13031/aim.202100193,Apple fruit detection and counting based on deep learning and trunk tracking,Gao F.,2021,2021-01-01,American Society of Agricultural and Biological Engineers Annual International Meeting Asabe 2021,Conference Proceeding,Conference Paper,1,,611-624,,2,False,,,China
Q2,2-s2.0-85089227207,10.1016/j.foodchem.2020.127552,"Opuntisines, 14-membered cyclopeptide alkaloids from fruits of Opuntia stricta var. dillenii isolated by high-performance countercurrent chromatography",Surup F.,2021,2021-01-01,Food Chemistry,Journal,Article,334,,,127552,25,False,03088146,18737072,Germany
Q2,2-s2.0-85084429944,10.1007/s11119-020-09717-3,"Vineyard yield estimation by combining remote sensing, computer vision and artificial neural network techniques",Ballesteros R.,2020,2020-12-01,Precision Agriculture,Journal,Article,21,6,1242-1262,,95,False,13852256,15731618,Spain
Q2,2-s2.0-85094870683,10.1016/j.compag.2020.105856,Real-time kiwifruit detection in orchard using deep learning on Android™ smartphones for yield estimation,Zhou Z.,2020,2020-12-01,Computers and Electronics in Agriculture,Journal,Article,179,,,105856,82,False,01681699,,China
Q2,2-s2.0-85097320004,10.17660/actahortic.2020.1296.134,Development of LAI and fruit load estimation method using a three-dimensional shape measurement sensor,Takahashi M.,2020,2020-11-23,Acta Horticulturae,Book Series,Conference Paper,1296,,1063-1070,,2,False,05677572,24066168,Japan
Q2,2-s2.0-85097242312,10.3389/fpls.2020.571299,Tomato Fruit Detection and Counting in Greenhouses Using Deep Learning,Afonso M.,2020,2020-11-19,Frontiers in Plant Science,Journal,Article,11,,,571299,245,True,,1664462X,Netherlands
Q2,2-s2.0-85090594409,10.1016/j.compag.2020.105778,Wild blueberry yield prediction using a combination of computer simulation and machine learning algorithms,Obsie E.Y.,2020,2020-11-01,Computers and Electronics in Agriculture,Journal,Article,178,,,105778,109,False,01681699,,China
Q2,2-s2.0-85092297028,10.3892/ijo.2020.5130,The double effect of walnut septum extract (Juglans regia L.) counteracts A172 glioblastoma cell survival and bacterial growth,Genovese C.,2020,2020-11-01,International Journal of Oncology,Journal,Article,57,5,1129-1144,,30,True,10196439,17912423,Italy
Q2,2-s2.0-85096837511,10.20870/oeno-one.2020.54.4.3616,Yield components detection and image-based indicators for non-invasive grapevine yield prediction at different phenological phases,Victorino G.,2020,2020-10-29,Oeno One,Journal,Article,54,4,833-848,,33,True,24941271,,Portugal
Q2,2-s2.0-85099923542,10.20870/oeno-one.2020.54.4.3361,Vineyard yield estimation using 2-D proximal sensing: A multitemporal approach,Hacking C.,2020,2020-10-23,Oeno One,Journal,Article,54,4,793-812,,12,True,24941271,,South Africa
Q2,2-s2.0-85092941585,10.3390/s20205793,"Study on the relations between hyperspectral images of bananas (Musa spp.) from different countries, their compositional traits and growing conditions",Wang Z.,2020,2020-10-02,Sensors Switzerland,Journal,Article,20,20,1-18,5793,15,True,14248220,,Netherlands
Q2,2-s2.0-85078472235,10.1007/s11119-020-09709-3,Passion fruit detection and counting based on multiple scale faster R-CNN using RGB-D images,Tu S.,2020,2020-10-01,Precision Agriculture,Journal,Article,21,5,1072-1091,,165,False,13852256,15731618,China
Q2,2-s2.0-85113664418,10.1109/clei52000.2020.00064,Detection and Counting of Lemons using Artificial Vision and Tracking Techniques for Real Time Harvest Estimation,Serafino S.E.,2020,2020-10-01,Proceedings 2020 46th Latin American Computing Conference Clei 2020,Conference Proceeding,Conference Paper,,,496-502,9458334,3,False,,,Argentina
Q2,2-s2.0-85097621646,10.1109/icee49691.2020.9249901,Coverage Path Planning of Autonomous Marsupial Systems for Supporting Fruit Counting Process,Mokrane A.,2020,2020-09-25,2020 International Conference on Electrical Engineering Icee 2020,Conference Proceeding,Conference Paper,,,,9249901,4,False,,,Algeria
Q2,2-s2.0-85160759399,10.3969/j.issn.1000-6362.2020.09.005,Information Diffusion Model of Banana Yield Estimation Based on Vegetation Growth,Cai D.X.,2020,2020-09-20,Chinese Journal of Agrometeorology,Journal,Article,41,9,587-596,,1,False,10006362,,China
Q2,2-s2.0-85088642815,10.1016/j.isprsjprs.2020.07.002,Cross-regional oil palm tree counting and detection via a multi-level attention domain adaptation network,Zheng J.,2020,2020-09-01,ISPRS Journal of Photogrammetry and Remote Sensing,Journal,Article,167,,154-177,,98,True,09242716,,China
Q2,2-s2.0-85091093898,10.7506/spkx1002-6630-20190715-193,Separation and Purification of Anthocyanins from Mulberry Fruit by High-Speed Counter-Current Chromatography and Their Antioxidant Activity,Xue H.,2020,2020-08-15,Shipin Kexue Food Science,Journal,Article,41,15,96-104,,11,False,10026630,,China
Q2,2-s2.0-85091122313,10.5194/isprs-archives-xliii-b2-2020-1211-2020,DETECTING and COUNTING ORCHARD TREES on UNMANNED AERIAL VEHICLE (UAV)-BASED IMAGES USING ENTROPY and NDVI FEATURES,Haddadi A.,2020,2020-08-06,International Archives of the Photogrammetry Remote Sensing and Spatial Information Sciences ISPRS Archives,Conference Proceeding,Conference Paper,43,B2,1211-1215,,5,True,16821750,,Canada
Q2,2-s2.0-85088879289,10.3390/s20154214,Vision system for automatic on-tree kiwifruit counting and yield estimation,Mekhalfi M.L.,2020,2020-08-01,Sensors Switzerland,Journal,Article,20,15,1-18,4214,38,True,14248220,,Italy
Q2,2-s2.0-85088834564,10.3389/fpls.2020.01086,A Cloud-Based Environment for Generating Yield Estimation Maps From Apple Orchards Using UAV Imagery and a Deep Learning Technique,Apolo-Apolo O.E.,2020,2020-07-15,Frontiers in Plant Science,Journal,Article,11,,,1086,109,True,,1664462X,Spain
Q2,2-s2.0-85081678836,10.1007/s00484-020-01884-2,Comparative evaluation of linear and nonlinear weather-based models for coconut yield prediction in the west coast of India,Das B.,2020,2020-07-01,International Journal of Biometeorology,Journal,Article,64,7,1111-1123,,38,False,00207128,14321254,India
Q2,2-s2.0-85088657535,10.3390/app10144870,GBCNet: In-field grape berries counting for yield estimation by dilated CNNs,Coviello L.,2020,2020-07-01,Applied Sciences Switzerland,Journal,Article,10,14,,4870,50,True,,20763417,Italy
Q2,2-s2.0-85088160700,10.3390/nu12072150,Consumer misuse of country-of-origin label: Insights from the Italian extra-virgin olive oil market,Bimbo F.,2020,2020-07-01,Nutrients,Journal,Article,12,7,1-12,2150,35,True,,20726643,Italy
Q2,2-s2.0-85090748820,10.17660/actahortic.2020.1279.30,Is machine learning efficient for mango yield estimation when used under heterogeneous field conditions?,Sarron J.,2020,2020-06-23,Acta Horticulturae,Book Series,Article,1279,,201-208,,4,False,05677572,24066168,France; Senegal
Q2,2-s2.0-85083422258,10.1016/j.isprsjprs.2020.04.002,Counting of grapevine berries in images via semantic segmentation using convolutional neural networks,Zabawa L.,2020,2020-06-01,ISPRS Journal of Photogrammetry and Remote Sensing,Journal,Article,164,,73-83,,125,False,09242716,,Germany
Q2,2-s2.0-85083790497,10.1016/j.compag.2020.105348,Comparison of convolutional neural networks in fruit detection and counting: A comprehensive evaluation,Vasconez J.P.,2020,2020-06-01,Computers and Electronics in Agriculture,Journal,Article,173,,,105348,190,False,01681699,,Chile
Q2,2-s2.0-85071188846,10.1007/s11119-019-09679-1,Detection and counting of flowers on apple trees for better chemical thinning decisions,Farjon G.,2020,2020-06-01,Precision Agriculture,Journal,Article,21,3,503-521,,120,False,13852256,15731618,Israel
Q2,2-s2.0-85082855158,10.1016/j.compag.2020.105382,LocAnalyzer: A computer vision method to count locules in tomato fruits,Spetale F.E.,2020,2020-06-01,Computers and Electronics in Agriculture,Journal,Article,173,,,105382,11,False,01681699,,Argentina
Q2,2-s2.0-85083338226,10.1016/j.compag.2020.105360,A vision-based robust grape berry counting algorithm for fast calibration-free bunch weight estimation in the field,Liu S.,2020,2020-06-01,Computers and Electronics in Agriculture,Journal,Article,173,,,105360,55,False,01681699,,Australia; China
Q2,2-s2.0-85086069431,10.11975/j.issn.1002-6819.2020.07.023,Recognition and counting of citrus flowers based on instance segmentation,Deng Y.,2020,2020-04-01,Nongye Gongcheng Xuebao Transactions of the Chinese Society of Agricultural Engineering,Journal,Article,36,7,200-207,,47,False,10026819,,China
Q2,2-s2.0-85079829054,10.1109/lra.2020.2970654,In-field grape cluster size assessment for vine yield estimation using a mobile robot and a consumer level RGB-D Camera,Kurtser P.,2020,2020-04-01,IEEE Robotics and Automation Letters,Journal,Article,5,2,2031-2038,8977358,57,False,,23773766,Sweden
Q2,2-s2.0-85079268444,10.1109/lra.2020.2966398,Combining Domain Adaptation and Spatial Consistency for Unseen Fruits Counting: A Quasi-Unsupervised Approach,Bellocchio E.,2020,2020-04-01,IEEE Robotics and Automation Letters,Journal,Article,5,2,1079-1086,8957569,31,False,,23773766,Italy
Q2,2-s2.0-85083477327,10.3390/molecules25081781,Isolation and identification of anthocyanin component in the fruits of Acanthopanax sessiliflorus (Rupr. & Maxim.) seem. By means of high speed counter current chromatography and evaluation of its antioxidant activity,Chen L.,2020,2020-04-01,Molecules,Journal,Article,25,8,,25081781,24,True,,14203049,China
Q2,2-s2.0-85081043193,10.1093/gigascience/giaa012,DeepPod: A convolutional neural network based quantification of fruit number in Arabidopsis,Hamidinekoo A.,2020,2020-03-12,Gigascience,Journal,Article,9,3,,giaa012,18,True,,2047217X,United Kingdom
Q2,2-s2.0-85070328334,10.1002/rob.21902,A comparative study of fruit detection and counting methods for yield mapping in apple orchards,Häni N.,2020,2020-03-01,Journal of Field Robotics,Journal,Article,37,2,263-282,,164,False,15564959,15564967,United States
Q2,2-s2.0-85090772555,,THE COMPARE of OLIVE TREE COUNTING METHODS,Ozen F.,2020,2020-03-01,Fresenius Environmental Bulletin,Journal,Article,29,3,1655-1667,,2,False,10184619,,Turkey
Q2,2-s2.0-85076641413,10.1016/j.isprsjprs.2019.12.010,A convolutional neural network approach for counting and geolocating citrus-trees in UAV multispectral imagery,Osco L.P.,2020,2020-02-01,ISPRS Journal of Photogrammetry and Remote Sensing,Journal,Article,160,,97-106,,195,False,09242716,,Brazil
Q2,2-s2.0-85083079116,10.1007/978-981-15-2317-5_40,Oil Palm Tree Detection and Counting in Aerial Images Based on Faster R-CNN,Liu X.,2020,2020-01-01,Lecture Notes in Electrical Engineering,Book Series,Conference Paper,632,,475-482,,5,False,18761100,18761119,Malaysia
Q2,2-s2.0-85096541534,10.1007/978-3-030-61401-0_20,Deep Learning with Data Augmentation for Fruit Counting,Pawara P.,2020,2020-01-01,Lecture Notes in Computer Science Including Subseries Lecture Notes in Artificial Intelligence and Lecture Notes in Bioinformatics,Book Series,Conference Paper,12415 LNAI,,203-214,,5,False,03029743,16113349,Netherlands
Q2,2-s2.0-85083504971,,"Detection, counting and maturity assessment of cherry tomatoes using multi-spectral images and machine learning techniques",Chen I.T.,2020,2020-01-01,Visigrapp 2020 Proceedings of the 15th International Joint Conference on Computer Vision Imaging and Computer Graphics Theory and Applications,Conference Proceeding,Conference Paper,5,,759-766,,23,False,,,Taiwan
Q2,2-s2.0-85076212250,10.1016/j.compag.2019.105121,"Fruit detection, yield prediction and canopy geometric characterization using LiDAR with forced air flow",Gené-Mola J.,2020,2020-01-01,Computers and Electronics in Agriculture,Journal,Article,168,,,105121,104,False,01681699,,Spain
Q2,2-s2.0-85097277394,10.1007/978-3-030-63820-7_66,TSGYE: Two-Stage Grape Yield Estimation,Deng G.,2020,2020-01-01,Communications in Computer and Information Science,Book Series,Conference Paper,1332,,580-588,,10,False,18650929,18650937,China
Q2,2-s2.0-85132250320,,Development of A Multi-Angle Imaging System for Automatic Strawberry Flower Counting,Gan H.,2020,2020-01-01,Isaim 2020 International Symposium on Artificial Intelligence and Mathematics,Conference Proceeding,Conference Paper,,,,,2,False,,,United States
Q2,2-s2.0-85110557850,10.1109/icpr48806.2021.9412659,Distortion-adaptive grape bunch counting for omnidirectional images,Akai R.,2020,2020-01-01,Proceedings International Conference on Pattern Recognition,Conference Proceeding,Conference Paper,,,599-606,,3,False,10514651,,Japan
Q2,2-s2.0-85062640867,10.1007/s11119-019-09642-0,Deep learning for real-time fruit detection and orchard fruit load estimation: benchmarking of ‘MangoYOLO’,Koirala A.,2019,2019-12-01,Precision Agriculture,Journal,Article,20,6,1107-1135,,467,False,13852256,15731618,Australia
Q2,2-s2.0-85074654516,10.1016/j.mimet.2019.105725,Examination of total cell count in building materials by acridine orange direct count (AODC),Meider J.,2019,2019-12-01,Journal of Microbiological Methods,Journal,Article,167,,,105725,3,True,01677012,18728359,Germany
Q2,2-s2.0-85081160924,10.1109/iros40897.2019.8967551,A Density Map Estimation Model with DropBlock Regularization for Clustered-Fruit Counting,Mai X.,2019,2019-11-01,IEEE International Conference on Intelligent Robots and Systems,Conference Proceeding,Conference Paper,,,5512-5519,8967551,3,False,21530858,21530866,Hong Kong
Q2,2-s2.0-85060672289,10.1080/01431161.2019.1569282,Young and mature oil palm tree detection and counting using convolutional neural network deep learning method,Mubin N.A.,2019,2019-10-02,International Journal of Remote Sensing,Journal,Article,40,19,7500-7515,,148,False,01431161,13665901,Malaysia
Q2,2-s2.0-85073625556,10.1371/journal.pone.0223906,Deep learning based banana plant detection and counting using high-resolution red-green-blue (RGB) images collected from unmanned aerial vehicle (UAV),Neupane B.,2019,2019-10-01,Plos One,Journal,Article,14,10,,e0223906,152,True,,19326203,Thailand
Q2,2-s2.0-85067299335,10.1016/j.chroma.2019.06.009,Profiling of polar metabolites in fruits of Opuntia stricta var. dillenii by ion-pair high-performance countercurrent chromatography and off-line electrospray mass-spectrometry injection,Thi Tran T.M.,2019,2019-09-13,Journal of Chromatography A,Journal,Article,1601,,274-287,,18,False,00219673,18733778,Germany; Viet Nam
Q2,2-s2.0-85071512850,10.3390/s19173652,Investigating 2-D and 3-D proximal remote sensing techniques for vineyard yield estimation,Hacking C.,2019,2019-09-01,Sensors Switzerland,Journal,Article,19,17,,3652,41,True,14248220,,South Africa
Q2,2-s2.0-85070238856,10.1016/j.compag.2019.104931,Assessing ranked set sampling and ancillary data to improve fruit load estimates in peach orchards,Uribeetxebarria A.,2019,2019-09-01,Computers and Electronics in Agriculture,Journal,Article,164,,,104931,20,False,01681699,,Spain
Q2,2-s2.0-85077959096,10.1109/icaaid.2019.8934989,UAV Coverage Path Planning for Supporting Autonomous Fruit Counting Systems,Mokrane A.,2019,2019-09-01,Proceedings 2019 3rd International Conference on Applied Automation and Industrial Diagnostics Icaaid 2019,Conference Proceeding,Conference Paper,,,,8934989,11,False,,,Algeria
Q2,2-s2.0-85055179929,10.1007/s11119-018-9614-1,Estimation of fruit load in mango orchards: tree sampling considerations and use of machine vision and satellite imagery,Anderson N.T.,2019,2019-08-15,Precision Agriculture,Journal,Article,20,4,823-839,,39,False,13852256,15731618,Australia
Q2,2-s2.0-85073252104,10.1109/icimtech.2019.8843741,Artificial Intelligence Model Implementation in Web-Based Application for Pineapple Object Counting,Rahutomo R.,2019,2019-08-01,Proceedings of 2019 International Conference on Information Management and Technology Icimtech 2019,Conference Proceeding,Conference Paper,,,525-530,8843741,49,False,,,Indonesia
Q2,2-s2.0-85069488145,10.3389/fpls.2019.00809,California almond yield prediction at the orchard level with a machine learning approach,Zhang Z.,2019,2019-07-09,Frontiers in Plant Science,Journal,Article,10,,,809,82,True,,1664462X,United States
Q2,2-s2.0-85064313579,10.1016/j.compag.2019.04.017,Deep learning – Method overview and review of use for fruit detection and yield estimation,Koirala A.,2019,2019-07-01,Computers and Electronics in Agriculture,Journal,Review,162,,219-234,,574,True,01681699,,Australia
Q2,2-s2.0-85068508457,10.3390/rs11131584,Strawberry yield prediction based on a deep neural network using high-resolution aerial orthoimages,Chen Y.,2019,2019-07-01,Remote Sensing,Journal,Article,11,13,,1584,231,True,,20724292,China; United States
Q2,2-s2.0-85063533977,10.1109/lra.2019.2903260,Weakly Supervised Fruit Counting for Yield Estimation Using Spatial Consistency,Bellocchio E.,2019,2019-07-01,IEEE Robotics and Automation Letters,Journal,Article,4,3,2348-2355,8661632,50,False,,23773766,Italy
Q2,2-s2.0-85063575627,10.1109/lra.2019.2901987,Monocular Camera Based Fruit Counting and Mapping with Semantic Data Association,Liu X.,2019,2019-07-01,IEEE Robotics and Automation Letters,Journal,Article,4,3,2296-2303,8653965,84,False,,23773766,United States
Q2,2-s2.0-85068490110,10.3390/s19122742,Mango fruit load estimation using a video based MangoYOLO—Kalman filter—hungarian algorithm method,Wang Z.,2019,2019-06-02,Sensors Switzerland,Journal,Article,19,12,,2742,113,True,14248220,,Australia
Q2,2-s2.0-85083290268,10.1109/cvprw.2019.00321,ROLS : Robust object-level SLAM for grape counting,Nellithimaru A.K.,2019,2019-06-01,IEEE Computer Society Conference on Computer Vision and Pattern Recognition Workshops,Conference Proceeding,Conference Paper,2019-June,,2648-2656,9025552,58,False,21607508,21607516,United States
Q2,2-s2.0-85066616832,10.1186/s12935-019-0869-z,Alpha-mangostin induces endoplasmic reticulum stress and autophagy which count against fatty acid synthase inhibition mediated apoptosis in human breast cancer cells,Huang W.,2019,2019-05-31,Cancer Cell International,Journal,Article,19,1,,151,31,True,,14752867,China
Q2,2-s2.0-85061911481,10.1016/j.scienta.2019.02.040,Fruit yield prediction of pepper using artificial neural network,Gholipoor M.,2019,2019-05-10,Scientia Horticulturae,Journal,Article,250,,249-253,,42,False,03044238,,Iran
Q2,2-s2.0-85067343482,10.3389/fpls.2019.00559,A low-cost and unsupervised image recognition methodology for yield estimation in a vineyard,Di Gennaro S.F.,2019,2019-04-16,Frontiers in Plant Science,Journal,Article,10,,,559,79,True,,1664462X,Italy
Q2,2-s2.0-85064071063,10.11646/zootaxa.4577.3.5,A new species of Omolicna (Hemiptera: Auchenorrhyncha: Fulgoroidea: Derbidae) from coconut palm in Costa Rica and new country records for Omolicna brunnea and Omolicna triata,Bahder B.W.,2019,2019-04-08,Zootaxa,Journal,Article,4577,3,501-514,,39,False,11755326,11755334,United States
Q2,2-s2.0-85084960059,10.1109/icacce46606.2019.9079955,Automated Yield Estimation of Fruits Using Multilayer Convolution Neural Networks,Sathesh Kumar K.,2019,2019-04-01,Proceedings of the 2019 International Conference on Advances in Computing and Communication Engineering Icacce 2019,Conference Proceeding,Conference Paper,,,,9079955,0,False,,,India
Q2,2-s2.0-85067365970,,Yield estimation of pomegranate using image processing techniques,Behera S.K.,2019,2019-04-01,International Journal of Innovative Technology and Exploring Engineering,Journal,Article,8,6,798-803,,8,False,,22783075,India
Q2,2-s2.0-85059854616,10.1016/j.agee.2018.12.012,"Predatory arthropods in apple orchards across Europe: Responses to agricultural management, adjacent habitat, landscape composition and country",Happe A.K.,2019,2019-03-01,Agriculture Ecosystems and Environment,Journal,Article,273,,141-150,,49,False,01678809,,Germany
Q2,2-s2.0-85059198535,10.1016/j.compag.2018.12.041,Ground based hyperspectral imaging for extensive mango yield estimation,Gutiérrez S.,2019,2019-02-01,Computers and Electronics in Agriculture,Journal,Article,157,,126-135,,67,False,01681699,,Spain
Q2,2-s2.0-85061396039,10.3390/rs11030316,On-the-fly olive tree counting using a UAS and cloud services,Salamí E.,2019,2019-02-01,Remote Sensing,Journal,Article,11,3,,316,60,True,,20724292,Spain
Q2,2-s2.0-85060137738,10.3390/ijms20020353,"Exogenous melatonin counteracts NaCl-induced damage by regulating the antioxidant system, proline and carbohydrates metabolism in tomato seedlings",Siddiqui M.H.,2019,2019-01-02,International Journal of Molecular Sciences,Journal,Article,20,2,,353,233,True,16616596,14220067,Saudi Arabia
Q2,2-s2.0-85054445670,10.1016/j.engappai.2018.09.011,MangoNet: A deep semantic segmentation architecture for a method to detect and count mangoes in an open orchard,Kestur R.,2019,2019-01-01,Engineering Applications of Artificial Intelligence,Journal,Article,77,,59-69,,160,False,09521976,,India
Q2,2-s2.0-85084011935,10.13031/aim.201900583,Fruit yield prediction using artificial intelligence,Braddock T.,2019,2019-01-01,2019 Asabe Annual International Meeting,Conference Proceeding,Conference Paper,,,,,1,False,,,United States
Q2,2-s2.0-85072629755,10.1117/12.2519129,Unmanned aerial system based tomato yield estimation using machine learning,Ashapure A.,2019,2019-01-01,Proceedings of SPIE the International Society for Optical Engineering,Conference Proceeding,Conference Paper,11008,,,110080O,26,False,0277786X,1996756X,United States
Q2,2-s2.0-85072867092,10.1007/978-3-030-29894-4_56,Duo Attention with Deep Learning on Tomato Yield Prediction and Factor Interpretation,De Alwis S.,2019,2019-01-01,Lecture Notes in Computer Science Including Subseries Lecture Notes in Artificial Intelligence and Lecture Notes in Bioinformatics,Book Series,Conference Paper,11672 LNAI,,704-715,,27,False,03029743,16113349,Australia; China
Q2,2-s2.0-85073743895,10.3920/978-90-8686-888-9_46,A precision viticulture UAV-based approach for early yield prediction in vineyard,Di Gennaro S.F.,2019,2019-01-01,Precision Agriculture 2019 Papers Presented at the 12th European Conference on Precision Agriculture Ecpa 2019,Conference Proceeding,Conference Paper,,,373-379,,13,False,,,Italy
Q2,2-s2.0-85141048672,10.16768/j.issn.1004-874x.2019.07.022,Fast Detection and Yield Estimation of Ripe Citrus Fruit Based on Machine Vision,Zhang X.,2019,2019-01-01,Guangdong Agricultural Sciences,Journal,Article,46,7,156-161,,8,False,1004874X,,China
Q2,2-s2.0-85063598546,10.14569/ijacsa.2019.0100271,Overlapped apple fruit yield estimation using pixel classification and hough transform,Kanwal Z.,2019,2019-01-01,International Journal of Advanced Computer Science and Applications,Journal,Article,10,2,567-573,,8,True,2158107X,21565570,Pakistan
Q2,2-s2.0-85084012430,10.13031/aim.201900918,Tree trunk position estimation for accurate fruit counts in apple yield mapping,Jarvinen T.,2019,2019-01-01,2019 Asabe Annual International Meeting,Conference Proceeding,Conference Paper,,,,,2,False,,,United States
Q2,2-s2.0-85070200852,10.24326/asphc.2019.2.18,"Apple trees yielding and fruit quality depending on the crop load, branch type and position in the crown",Szot I.,2019,2019-01-01,Acta Scientiarum Polonorum Hortorum Cultus,Journal,Article,18,2,205-215,,6,True,16440692,,Poland
Q2,2-s2.0-85065996524,10.1109/access.2019.2915169,Automatic Counting and Individual Size and Mass Estimation of Olive-Fruits Through Computer Vision Techniques,Ponce J.M.,2019,2019-01-01,IEEE Access,Journal,Article,7,,59451-59465,8707957,56,True,,21693536,Spain
Q2,2-s2.0-85072642032,10.1117/12.2518762,An initial analysis of real-time sUAS-based detection of grapevine water status in the Finger Lakes wine country of upstate New York,Izzo R.R.,2019,2019-01-01,Proceedings of SPIE the International Society for Optical Engineering,Conference Proceeding,Conference Paper,11008,,,1100811,5,False,0277786X,1996756X,United States
Q2,2-s2.0-85169096392,10.34172/ajehe.2019.11,"Ecological Risk Assessment, Interpolation, and Pollution Source Identification of Toxic Elements in Soils and Leaves of the Vineyard of Malayer County",Parsi Mehr M.,2019,2019-01-01,Avicenna Journal of Environmental Health Engineering,Journal,Article,6,2,83-91,,1,True,24236292,24234583,Iran
Q2,2-s2.0-85065146245,10.3136/nskkk.66.118,Comparisons of non-volatile and volatile flavor compounds in frozen concentrated orange juice imported from several countries,Musou-Yahada A.,2019,2019-01-01,Nippon Shokuhin Kagaku Kogaku Kaishi,Journal,Article,66,4,118-126,,1,True,1341027X,,Japan
Q2,2-s2.0-85073750248,10.3724/sp.j.1123.2019.05024,Isolation and preparation of polyphenols from grape seed by high-speed counter-current chromatography combined with preparative high performance liquid chromatography,Wei W.,2019,2019-01-01,Chinese Journal of Chromatography Se Pu,Journal,Article,37,11,1193-1199,,2,False,10008713,18722059,China
Q2,2-s2.0-85062983796,10.1109/iros.2018.8594304,Apple Counting using Convolutional Neural Networks,Häni N.,2018,2018-12-27,IEEE International Conference on Intelligent Robots and Systems,Conference Proceeding,Conference Paper,,,2559-2565,8594304,54,False,21530858,21530866,United States
Q2,2-s2.0-85062988241,10.1109/iros.2018.8594239,"Robust Fruit Counting: Combining Deep Learning, Tracking, and Structure from Motion",Liu X.,2018,2018-12-27,IEEE International Conference on Intelligent Robots and Systems,Conference Proceeding,Conference Paper,,,1045-1052,8594239,115,False,21530858,21530866,United States
Q2,2-s2.0-85045463489,10.1007/s11119-018-9574-5,Detection and counting of immature green citrus fruit based on the Local Binary Patterns (LBP) feature using illumination-normalized images,Wang C.,2018,2018-12-01,Precision Agriculture,Journal,Article,19,6,1062-1083,,73,False,13852256,15731618,China
Q2,2-s2.0-85047141656,10.1007/s11119-018-9580-7,"Correction to: Detection and counting of immature green citrus fruit based on the Local Binary Patterns (LBP) feature using illumination-normalized images (Precision Agriculture, (2018), 19, 6, (1062-1083), 10.1007/s11119-018-9574-5)",Wang C.,2018,2018-12-01,Precision Agriculture,Journal,Erratum,19,6,1084,,2,True,13852256,15731618,China
Q2,2-s2.0-85052460557,10.1016/j.postharvbio.2018.08.014,Quality perceptions regarding external appearance of apples: Insights from experts and consumers in four countries,Jaeger S.R.,2018,2018-12-01,Postharvest Biology and Technology,Journal,Article,146,,99-107,,59,False,09255214,,New Zealand
Q2,2-s2.0-85059360511,10.1109/icscee.2018.8538435,Development of GUI for Automated Oil Palm Tree Counting Based on Remote Sensing Imagery,Daliman S.,2018,2018-11-15,2018 International Conference on Smart Computing and Electronic Enterprise Icscee 2018,Conference Proceeding,Conference Paper,,,,8538435,3,False,,,Malaysia
Q2,2-s2.0-85059372085,10.1109/icici-bme.2017.8537729,Detection and Counting of Mango Fruits in Occluded Condition Using Image Analysis,Hutagalung A.,2018,2018-11-15,Proceedings of 2017 5th International Conference on Instrumentation Communications Information Technology and Biomedical Engineering Icici Bme 2017,Conference Proceeding,Conference Paper,,,190-195,8537729,6,False,,,Indonesia
Q2,2-s2.0-85057715131,10.1109/iccsp.2018.8524363,On-Tree Detection and Counting of Apple Using Color Thresholding and CHT,Behera S.,2018,2018-11-05,Proceedings of the 2018 IEEE International Conference on Communication and Signal Processing Iccsp 2018,Conference Proceeding,Conference Paper,,,224-228,8524363,13,False,,,India
Q2,2-s2.0-85057164060,10.20965/jaciii.2018.p1120,Tomato yield estimation based on object detection,Liu J.,2018,2018-11-01,Journal of Advanced Computational Intelligence and Intelligent Informatics,Journal,Article,22,7,1120-1125,,7,True,13430130,18838014,China
Q2,2-s2.0-85056325305,10.1371/journal.pone.0205823,Cell colony counter called CoCoNut,Siragusa M.,2018,2018-11-01,Plos One,Journal,Article,13,11,,e0205823,20,True,,19326203,Denmark
Q2,2-s2.0-85063160055,10.1109/icra.2018.8462839,A Low-Cost Navigation Strategy for Yield Estimation in Vineyards,Riggio G.,2018,2018-09-10,Proceedings IEEE International Conference on Robotics and Automation,Conference Proceeding,Conference Paper,,,2200-2205,8462839,31,False,10504729,,Italy
Q2,2-s2.0-85054069388,10.1109/ctceec.2017.8455137,Image Processing System for Automatic Segmentation and Yield Prediction of Fruits using Open CV,Gayathri Devi T.,2018,2018-09-05,International Conference on Current Trends in Computer Electrical Electronics and Communication Ctceec 2017,Conference Proceeding,Conference Paper,,,758-762,8455137,21,False,,,India
Q2,2-s2.0-85054847149,10.3389/feart.2018.00111,"Examining the Geologic Link of Arsenic Contamination in Groundwater in Orange County, North Carolina",Dinwiddie E.,2018,2018-08-16,Frontiers in Earth Science,Journal,Article,6,,,111,7,True,,22966463,United States
Q2,2-s2.0-85044298434,10.1590/1678-992x-2016-0152,A smartphone-based apple yield estimation application using imaging features and the ANN method in mature period,Qian J.,2018,2018-07-01,Scientia Agricola,Journal,Article,75,4,273-280,,17,True,01039016,1678992X,China
Q2,2-s2.0-85048304910,10.3390/agriculture8060078,Sampling stratification using aerial imagery to estimate fruit load in peach tree orchards,Miranda C.,2018,2018-06-01,Agriculture Switzerland,Journal,Article,8,6,,78,17,True,,20770472,Spain
Q2,2-s2.0-85041469535,10.1016/j.biosystemseng.2018.01.003,Machine learning based analysis of night-time images for yield prediction in apple orchard,Linker R.,2018,2018-03-01,Biosystems Engineering,Journal,Article,167,,114-125,,36,False,15375110,,Israel
Q2,2-s2.0-85040827217,10.3390/plants7010003,Advances in non-destructive early assessment of fruit ripeness towards defining optimal time of harvest and yield prediction—a review,Li B.,2018,2018-03-01,Plants,Journal,Review,7,1,,3,200,True,,22237747,United Kingdom
Q2,2-s2.0-85049330057,10.3969/j.issn.1000-6362.2018.01.005,Climate adaptability analysis for wine grape at xiangning county in southern of Lvliang mountains,Lv A.L.,2018,2018-01-20,Chinese Journal of Agrometeorology,Journal,Article,39,1,34-45,,4,False,10006362,,China
Q2,2-s2.0-85035801258,10.1016/j.compag.2017.11.026,Automated early yield prediction in vineyards from on-the-go image acquisition,Aquino A.,2018,2018-01-01,Computers and Electronics in Agriculture,Journal,Article,144,,26-36,,105,False,01681699,,Spain
Q2,2-s2.0-85054170647,10.13031/aim.201801542,A fruit yield prediction method using blossom detection,Braun B.,2018,2018-01-01,Asabe 2018 Annual International Meeting,Conference Proceeding,Conference Paper,,,,,8,False,,,United States
Q2,2-s2.0-85062599423,10.1155/2018/9634752,On-the-go grapevine yield estimation using image analysis and boolean model,Millan B.,2018,2018-01-01,Journal of Sensors,Journal,Article,2018,,,9634752,30,True,1687725X,16877268,France; Spain
Q2,2-s2.0-85053149959,10.1016/j.ifacol.2018.08.137,Kiwifruit yield estimation using image processing by an Android mobile phone,Fu L.,2018,2018-01-01,IFAC Papersonline,Journal,Conference Paper,51,17,185-190,,23,True,,24058963,China; United States
Q2,2-s2.0-85048695579,10.1155/2018/2536327,Oil palm counting and age estimation from WorldView-3 imagery and LiDAR data using an integrated OBIA height model and regression analysis,Rizeei H.M.,2018,2018-01-01,Journal of Sensors,Journal,Article,2018,,,2536327,64,True,1687725X,16877268,Malaysia
Q2,2-s2.0-85060004310,10.17660/actahortic.2018.1229.43,An innovative approach to estimate carbon status for improved crop load management in apple,Darbyshire R.,2018,2018-01-01,Acta Horticulturae,Book Series,Conference Paper,1229,,285-291,,0,False,05677572,24066168,Australia
Q2,2-s2.0-85060028297,10.17660/actahortic.2018.1227.50,Developing techniques for counting strawberry flowers in movable-bench systems in a greenhouse,Naito H.,2018,2018-01-01,Acta Horticulturae,Book Series,Article,1227,,401-408,,5,False,05677572,24066168,Japan
Q2,2-s2.0-85045899252,10.14419/ijet.v7i2.22.11803,A multivariate Gaussian modeling for counting bananas,Senthilarasi M.,2018,2018-01-01,International Journal of Engineering and Technology Uae,Journal,Article,7,2,27-30,,0,True,,2227524X,India
Q2,2-s2.0-85058102622,10.1109/access.2018.2884199,Remote Sensing: An Automated Methodology for Olive Tree Detection and Counting in Satellite Images,Khan A.,2018,2018-01-01,IEEE Access,Journal,Article,6,,77816-77828,8558485,50,True,,21693536,Pakistan
Q2,2-s2.0-85071512520,10.5220/0006845303810385,A digital countryside notebook for smart agriculture and oranges classification,Rotondo T.,2018,2018-01-01,Icete 2018 Proceedings of the 15th International Joint Conference on E Business and Telecommunications,Conference Proceeding,Conference Paper,1,,381-385,,1,True,,,Italy
Q2,2-s2.0-85046452361,10.23919/rpic.2017.8214321,Early yield prediction in pear based on canopy LIDAR scanning,Benitez Piccini J.E.,2017,2017-12-14,2017 17th Workshop on Information Processing and Control Rpic 2017,Conference Proceeding,Conference Paper,2017-January,,1-6,,0,False,,,Argentina
Q2,2-s2.0-85041957603,10.1109/iros.2017.8206500,Active view planning for counting apples in orchards,Roy P.,2017,2017-12-13,IEEE International Conference on Intelligent Robots and Systems,Conference Proceeding,Conference Paper,2017-September,,6027-6032,8206500,11,False,21530858,21530866,United States
Q2,2-s2.0-85037330377,10.1371/journal.pone.0187487,Profiling of volatile fragrant components in a mini-core collection of mango germplasms from seven countries,Li L.,2017,2017-12-01,Plos One,Journal,Article,12,12,,e0187487,63,True,,19326203,China
Q2,2-s2.0-85043385502,10.1109/nafosted.2017.8108052,Automatic dragon fruit counting using adaptive thresholds for image segmentation and shape analysis,Tran C.C.,2017,2017-11-14,2017 4th Nafosted Conference on Information and Computer Science Nics 2017 Proceedings,Conference Proceeding,Conference Paper,2017-January,,132-137,,7,False,,,Viet Nam
Q2,2-s2.0-85036562532,,Shelf-life study of Java plum (Syzygium Cumini) by laser speckle B/D Pixel counting technique,Balamurugan R.,2017,2017-11-01,Asian Journal of Microbiology Biotechnology and Environmental Sciences,Journal,Article,19,November,S79-S82,,1,False,09723005,,India
Q2,2-s2.0-85039906777,10.1109/ssps.2017.8071621,Identification and counting of mature apple fruit based on BP feed forward neural network,Lal S.,2017,2017-10-18,Proceedings of 2017 3rd IEEE International Conference on Sensing Signal Processing and Security Icsss 2017,Conference Proceeding,Conference Paper,,,361-368,8071621,31,False,,,India
Q2,2-s2.0-85013149597,10.1002/rob.21699,Image Segmentation for Fruit Detection and Yield Estimation in Apple Orchards,Bargoti S.,2017,2017-09-01,Journal of Field Robotics,Journal,Article,34,6,1039-1060,,466,False,15564959,15564967,Australia
Q2,2-s2.0-85020281977,10.1016/j.compag.2017.05.019,An yield estimation in citrus orchards via fruit detection and counting using image processing,Dorj U.O.,2017,2017-08-01,Computers and Electronics in Agriculture,Journal,Article,140,,103-112,,234,False,01681699,,South Korea
Q2,2-s2.0-85017167119,10.1016/j.compag.2017.03.013,A computer vision system for early stage grape yield estimation based on shoot detection,Liu S.,2017,2017-05-01,Computers and Electronics in Agriculture,Journal,Article,137,,88-101,,74,False,01681699,,Australia
Q2,2-s2.0-85015986841,10.1016/j.compag.2017.03.010,Automatic fruit count on coffee branches using computer vision,Ramos P.J.,2017,2017-05-01,Computers and Electronics in Agriculture,Journal,Article,137,,9-22,,147,False,01681699,,Colombia
Q2,2-s2.0-85022184476,10.1145/3055186.3055201,Evaluation of Apple iDevice Sensors as a Potential Relay Attack Countermeasure for Apple Pay,Haken G.,2017,2017-04-02,Cpss 2017 Proceedings of the 3rd ACM Workshop on Cyber Physical System Security Co Located with Asia Ccs 2017,Conference Proceeding,Conference Paper,,,21-32,,5,False,,,United Kingdom
Q2,2-s2.0-85028676918,10.1109/lra.2017.2651944,Counting Apples and Oranges with Deep Learning: A Data-Driven Approach,Chen S.W.,2017,2017-04-01,IEEE Robotics and Automation Letters,Journal,Article,2,2,781-788,7814145,405,False,,23773766,United States
Q2,2-s2.0-84973167273,10.1007/s11119-016-9458-5,Machine vision for counting fruit on mango tree canopies,Qureshi W.S.,2017,2017-04-01,Precision Agriculture,Journal,Article,18,2,224-244,,136,False,13852256,15731618,Pakistan; Thailand
Q2,2-s2.0-85018774080,10.17660/actahortic.2017.1154.11,A dynamic artificial neural network for tomato yield prediction,Salazar R.,2017,2017-03-15,Acta Horticulturae,Book Series,Conference Paper,1154,,83-89,,4,False,05677572,,Mexico
Q2,2-s2.0-85063956936,10.3390/jimaging3010006,Early yield prediction using image analysis of apple fruit and tree canopy features with neural networks,Cheng H.,2017,2017-03-01,Journal of Imaging,Journal,Article,3,1,,6,114,True,,2313433X,China; Germany
Q2,2-s2.0-85019266854,10.21273/hortsci11412-16,Managing apple crop load and diseases with bloom thinning applications in an organically managed ‘honeycrisp’/‘MM.111’ orchard,Peck G.M.,2017,2017-03-01,Hortscience,Journal,Article,52,3,377-381,,7,True,00185345,23279834,United States
Q2,2-s2.0-84981164471,10.1007/s11119-016-9467-4,A procedure for estimating the number of green mature apples in night-time orchard images using light distribution and its application to yield estimation,Linker R.,2017,2017-02-01,Precision Agriculture,Journal,Article,18,1,59-75,,35,False,13852256,15731618,Israel
Q2,2-s2.0-85010660533,10.3390/rs9010022,Deep learning based oil palm tree detection and counting for high-resolution remote sensing images,Li W.,2017,2017-01-01,Remote Sensing,Journal,Article,9,1,,22,396,True,,20724292,China
Q2,2-s2.0-85035356469,10.13031/aim.201700076,"A performance comparison of RGB, NIR, and depth images in immature citrus detection using deep learning algorithms for yield prediction",Choi D.,2017,2017-01-01,2017 Asabe Annual International Meeting,Conference Proceeding,Conference Paper,,,,,22,False,,,United States
Q2,2-s2.0-85107040674,10.1007/978-3-319-50115-4_42,Vision-Based Apple Counting and Yield Estimation,Roy P.,2017,2017-01-01,Springer Proceedings in Advanced Robotics,Conference Proceeding,Book Chapter,1,,478-487,,10,False,25111256,25111264,United States
Q2,2-s2.0-85046843153,,Shelf-life study of Java Plum (Syzygium Cumini) by laser speckle B/D Pixel counting technique,Balamurugan R.,2017,2017-01-01,Asian Journal of Microbiology Biotechnology and Environmental Sciences,Journal,Article,19,,S72-S81,,0,False,09723005,,India
Q2,2-s2.0-85042714603,10.1155/2017/7321950,Comparative Analysis between LDR and HDR Images for Automatic Fruit Recognition and Counting,Pinho T.M.,2017,2017-01-01,Journal of Sensors,Journal,Article,2017,,,7321950,6,True,1687725X,16877268,Portugal
Q2,2-s2.0-85035350023,10.13031/aim.201700300,"Bird detection, tracking and counting in wine grapes",Bhusal S.,2017,2017-01-01,2017 Asabe Annual International Meeting,Conference Proceeding,Conference Paper,,,,,2,False,,,United States
Q2,2-s2.0-85014789199,10.3923/pjbs.2017.140.146,"Study on carapace width growth band counts relationship of orange mud crab, Scylla olivacea (Herbst, 1796) from Terengganu coastal waters, Malaysia",Hasyima Ismail N.,2017,2017-01-01,Pakistan Journal of Biological Sciences,Journal,Article,20,3,140-146,,10,True,10288880,18125735,Malaysia
Q2,2-s2.0-85007379022,10.17660/actahortic.2016.1130.82,Autonomous intelligent system for fruit yield estimation,Hung C.,2016,2016-12-09,Acta Horticulturae,Book Series,Conference Paper,1130,,545-550,,2,False,05677572,,Australia
Q2,2-s2.0-85007317039,10.17660/actahortic.2016.1130.87,Automating mango crop yield estimation,Payne A.B.,2016,2016-12-09,Acta Horticulturae,Book Series,Conference Paper,1130,,581-587,,4,False,05677572,,Australia
Q2,2-s2.0-84960459772,10.1007/s11119-016-9443-z,Immature green citrus fruit detection and counting based on fast normalized cross correlation (FNCC) using natural outdoor colour images,Li H.,2016,2016-12-01,Precision Agriculture,Journal,Article,17,6,678-697,,66,False,13852256,15731618,China
Q2,2-s2.0-84995783961,10.3390/s16111915,"Image based mango fruit detection, localisation and yield estimation using multiple view geometry",Stein M.,2016,2016-11-15,Sensors Switzerland,Journal,Article,16,11,,1915,291,True,14248220,,Sweden
Q2,2-s2.0-84988514128,10.1080/01431161.2016.1226527,A simple method for detection and counting of oil palm trees using high-resolution multispectral satellite imagery,Santoso H.,2016,2016-11-01,International Journal of Remote Sensing,Journal,Article,37,21,5122-5134,,40,False,01431161,13665901,Indonesia; Japan
Q2,2-s2.0-84994509711,10.11975/j.issn.1002-6819.2016.20.025,Identification and counting method of orchard pests based on fusion method of infrared sensor and machine vision,Tian R.,2016,2016-10-15,Nongye Gongcheng Xuebao Transactions of the Chinese Society of Agricultural Engineering,Journal,Article,32,20,195-201,,15,False,10026819,,China
Q2,2-s2.0-84979521121,10.1016/j.compag.2016.07.023,Automatic green fruit counting in orange trees using digital images,Maldonado W.,2016,2016-09-01,Computers and Electronics in Agriculture,Journal,Article,127,,572-581,,102,True,01681699,,Brazil
Q2,2-s2.0-84985007048,10.17660/actahortic.2016.1137.9,Detection of apple fruit in an orchard for early yield prediction as a function of crop load,Cheng H.,2016,2016-08-12,Acta Horticulturae,Book Series,Conference Paper,1137,,59-65,,4,False,05677572,,China
Q2,2-s2.0-84984791790,10.1371/journal.pone.0160604,"Rickettsial infections among ctenocephalides felis and host animals during a flea-borne rickettsioses outbreak in orange county, California",Maina A.N.,2016,2016-08-01,Plos One,Journal,Article,11,8,,e0160604,63,True,,19326203,United States
Q2,2-s2.0-84986285628,10.1088/1757-899x/138/1/012007,Development of an aerial counting system in oil palm plantations,Miserque Castillo J.,2016,2016-07-15,Iop Conference Series Materials Science and Engineering,Conference Proceeding,Conference Paper,138,1,,012007,7,True,17578981,1757899X,Colombia
Q2,2-s2.0-84984604631,10.1088/1755-1315/37/1/012038,Yield estimation comparison of oil palm based on plant density coefficient variation index using spot-6 imagery in part of Riau,Setyowati H.,2016,2016-07-01,Iop Conference Series Earth and Environmental Science,Conference Proceeding,Conference Paper,37,1,,012038,3,True,17551307,17551315,Indonesia
Q2,2-s2.0-84977176801,10.4315/0362-028x.jfp-15-553,Changes in aerobic plate and Escherichia coli-coliform counts and in populations of inoculated foodborne pathogens on inshell walnuts during storage,Frelka J.C.,2016,2016-07-01,Journal of Food Protection,Journal,Article,79,7,1143-1153,,24,True,0362028X,19449097,United States
Q2,2-s2.0-85048302769,10.5194/isprs-annals-iii-7-75-2016,DETECTION and COUNTING of ORCHARD TREES from VHR IMAGES USING A GEOMETRICAL-OPTICAL MODEL and MARKED TEMPLATE MATCHING,Maillard P.,2016,2016-06-07,ISPRS Annals of the Photogrammetry Remote Sensing and Spatial Information Sciences,Conference Proceeding,Conference Paper,3,,75-82,,21,True,21949042,21949050,Brazil
Q2,2-s2.0-84962191277,10.1177/0162243915606804,Whose Life Counts: Biopolitics and the “Bright Line” of Chloropicrin Mitigation in California’s Strawberry Industry,Guthman J.,2016,2016-05-01,Science Technology and Human Values,Journal,Article,41,3,461-482,,43,False,01622439,15528251,United States
Q2,2-s2.0-84966605822,10.1145/2896338.2896355,Fruits and vegetables calorie counter using Convolutional neural networks,Fard M.A.,2016,2016-04-11,Dh 2016 Proceedings of the 2016 Digital Health Conference,Conference Proceeding,Conference Paper,,,121-122,,16,False,,,Iran
Q2,2-s2.0-84947798634,10.1016/j.compag.2015.10.022,Apple crop-load estimation with over-the-row machine vision system,Gongal A.,2016,2016-01-01,Computers and Electronics in Agriculture,Journal,Article,120,,26-35,,166,False,01681699,,United States
Q2,2-s2.0-84962910711,,"Crop yield estimation using Isodata clustering algorithm on EO-1 Hyperion data a case study of Coconut crop, Kozhikode, Kerala",Meera Mohan K.,2016,2016-01-01,Journal of Chemical and Pharmaceutical Sciences,Journal,Article,9,1,482-488,,1,False,09742115,,India
Q2,2-s2.0-85018420628,,Integration of template matching and object-based image analysis for semi-Automatic oil palm tree counting in UAV images,Kalantar B.,2016,2016-01-01,37th Asian Conference on Remote Sensing Acrs 2016,Conference Proceeding,Conference Paper,3,,2333-2340,,7,False,,,Malaysia
Q2,2-s2.0-85006022127,,Research on the extraction method of apple orchard information in florescent based on GF-1 image - A case study in Yiyuan county,Lu Y.,2016,2016-01-01,International Journal of Earth Sciences and Engineering,Journal,Article,9,5,2300-2305,,0,False,09745904,,China
Q2,2-s2.0-84962501898,10.17660/actahortic.2015.1107.36,Tomato yield prediction in a semi-closed greenhouse,Salazar R.,2015,2015-12-23,Acta Horticulturae,Book Series,Article,1107,,263-269,,20,False,05677572,,Mexico
Q2,2-s2.0-84954230261,10.15585/mmwr.mm6440a3,"Use of Surveillance Systems in Detection of a Ciguatera Fish Poisoning Outbreak - Orange County, Florida, 2014",Klekamp B.,2015,2015-10-16,MMWR Morbidity and Mortality Weekly Report,Journal,Article,64,40,1142-1144,,8,False,,1545861X,
Q2,2-s2.0-84948681010,10.17660/actahortic.2015.1090.5,"Farmers' knowledge and perceptions on banana (Musa spp. L.) management in Murang'a South District, Murang'a county, central Kenya",Gathaara V.,2015,2015-07-25,Acta Horticulturae,Book Series,Article,1090,,29-34,,0,False,05677572,24066168,Kenya
Q2,2-s2.0-84941208236,10.1109/mva.2015.7153175,Automatic grape bunch detection in vineyards for precise yield estimation,Liu S.,2015,2015-07-08,Proceedings of the 14th Iapr International Conference on Machine Vision Applications Mva 2015,Conference Proceeding,Conference Paper,,,238-241,7153175,12,False,,,Australia
Q2,2-s2.0-84940653027,10.16429/j.1009-7848.2015.06.016,Preparative isolation and purification of polymethoxylated flavones from citrus peel by high-speed counter-counter chromatography,Li C.,2015,2015-06-30,Journal of Chinese Institute of Food Science and Technology,Journal,Article,15,6,117-122,,1,False,10097848,,China
Q2,2-s2.0-84926321719,10.1016/j.chemosphere.2014.10.011,"Occurrence of perfluorinated alkylated substances in cereals, salt, sweets and fruit items collected in four European countries",D'Hollander W.,2015,2015-06-01,Chemosphere,Journal,Article,129,,179-185,,58,True,00456535,18791298,Belgium
Q2,2-s2.0-84930916679,10.1163/15685411-00002881,"Characterisation of populations of Longidorus orientalis Loof, 1982 (Nematoda: Dorylaimida) from date palm (Phoenix dactylifera L.) in the USA and other countries and incongruence of phylogenies inferred from ITS1 rRNA and coxI genes",Stanley J.D.,2015,2015-04-23,Nematology,Journal,Article,17,4,459-477,,22,False,13885545,15685411,United States
Q2,2-s2.0-84927603060,10.3390/s150408284,Vineyard yield estimation based on the analysis of high resolution images obtained with artificial illumination at night,Font D.,2015,2015-04-09,Sensors Switzerland,Journal,Article,15,4,8284-8301,,80,True,14248220,,Spain
Q2,2-s2.0-84928012226,10.6041/j.issn.1000-1298.2015.03.002,Early yield estimation of 'Gala' apple trees using image processing combined with support vector machine,Cheng H.,2015,2015-03-25,Nongye Jixie Xuebao Transactions of the Chinese Society for Agricultural Machinery,Journal,Article,46,3,9-22,,13,False,10001298,,China
Q2,2-s2.0-84910114399,10.1016/j.foodchem.2014.10.133,Metals and metalloids in fruits of tomatoes (Solanum lycopersicum) and their cultivation soils in the Basque Country: Concentrations and accumulation trends,Rodriguez-Iruretagoiena A.,2015,2015-02-01,Food Chemistry,Journal,Article,173,,1083-1089,,47,False,03088146,18737072,Spain
Q2,2-s2.0-84922349966,10.6041/j.issn.1000-1298.2015.01.003,ANN model for apple yield estimation based on feature of tree image,Cheng H.,2015,2015-01-01,Nongye Jixie Xuebao Transactions of the Chinese Society for Agricultural Machinery,Journal,Article,46,1,14-19,,3,False,10001298,,China
Q2,2-s2.0-84958534104,10.1007/978-3-319-07488-7_33,A feature learning based approach for automated fruit yield estimation,Hung C.,2015,2015-01-01,Springer Tracts in Advanced Robotics,Book Series,Conference Paper,105,,485-498,,61,False,16107438,1610742X,Australia
Q2,2-s2.0-84908348456,10.1016/j.compag.2014.10.003,Vineyard yield estimation by automatic 3D bunch modelling in field conditions,Herrero-Huerta M.,2015,2015-01-01,Computers and Electronics in Agriculture,Journal,Article,110,,17-26,,85,False,01681699,,Spain
Q2,2-s2.0-84947287196,10.3920/978-90-8686-814-8_67,Sampling stratification using aerial imagery to estimate fruit load and hail damage in nectarine trees,Miranda C.,2015,2015-01-01,Precision Agriculture 2015 Papers Presented at the 10th European Conference on Precision Agriculture Ecpa 2015,Conference Proceeding,Conference Paper,,,541-546,,2,False,,,Spain
Q2,2-s2.0-84947219127,10.3920/978-90-8686-814-8_59,Within-vineyard zone delineation in an area with diversity of training systems and plant spacing using parameters of vegetative growth and crop load,Urretavizcaya I.,2015,2015-01-01,Precision Agriculture 2015 Papers Presented at the 10th European Conference on Precision Agriculture Ecpa 2015,Conference Proceeding,Conference Paper,,,479-485,,4,False,,,Spain
Q2,2-s2.0-84944398024,10.1109/iccic.2014.7238364,Apple fruit detection and counting using computer vision techniques,Syal A.,2015,2015-01-01,2014 IEEE International Conference on Computational Intelligence and Computing Research IEEE Iccic 2014,Conference Proceeding,Conference Paper,,,405-412,,14,False,,,India
Q2,2-s2.0-84928029113,,"Management type of grapes (Vitis vinífera L.) producers in Mara county, Zulia state, Venezuela",Gómez D. ,2015,2015-01-01,Revista De La Facultad De Agronomia,Journal,Article,32,1,106-133,,0,False,03787818,16909763,Venezuela
Q2,2-s2.0-85028452718,,Investigating proteomic variations in transgenic tomatoes compared to its non-transgenic counterpart,Oraby H.A.S.,2015,2015-01-01,Plant Cell Biotechnology and Molecular Biology,Journal,Article,16,3-4,137-144,,0,False,09722025,,Egypt
Q2,2-s2.0-84928951168,10.1080/13102818.2014.1002285,Effect of different soil amendments on the microbial count correlated with resistance of apple plants towards pathogenic Rhizoctonia solani AG-5,El-Sharouny E.E.,2015,2015-01-01,Biotechnology and Biotechnological Equipment,Journal,Article,29,3,463-469,,16,True,13102818,,Egypt
Q2,2-s2.0-85052390595,,"Analysis of total cell count in building material - a new way to assess microbial contamination after water damages - determining the microbiological total cell count in building material, using fluorescence microscopy with acridine orange",Meider J.,2015,2015-01-01,Healthy Buildings Europe 2015 Hb 2015 Conference Proceedings,Conference Proceeding,Conference Paper,2015-May,,,,0,False,,,Germany
Q2,2-s2.0-84931269419,,Consumer-stated preferences towards Protected Designation of Origin (PDO) labels in a traditional olive-oil-producing country: The case of Spain,Erraach Y.,2014,2014-12-01,New Medit,Journal,Article,13,4,11-19,,57,False,15945685,26111128,Spain
Q2,2-s2.0-84896532907,10.1016/j.foodchem.2014.02.077,Metabolite profiling of polyphenols in peels of Citrus limetta Risso by combination of preparative high-speed countercurrent chromatography and LC-ESI-MS/MS,Rodríguez-Rivera M.,2014,2014-09-01,Food Chemistry,Journal,Article,158,,139-152,,67,False,03088146,18737072,Mexico
Q2,2-s2.0-84920253815,10.1007/s12161-014-9825-7,Determination of Polyphenols in Commercial Extra Virgin Olive Oils from Different Origins (Mediterranean and South American Countries) by Liquid Chromatography–Electrospray Time-of-Flight Mass Spectrometry,Gilbert-López B.,2014,2014-09-01,Food Analytical Methods,Journal,Article,7,9,1824-1833,,29,False,19369751,1936976X,Spain
Q2,2-s2.0-84897696341,10.1007/978-3-642-40686-7_23,Modeling and calibrating visual yield estimates in vineyards,Nuske S.,2014,2014-03-11,Springer Tracts in Advanced Robotics,Book Series,Conference Paper,92,,343-356,,25,False,16107438,1610742X,United States
Q2,2-s2.0-84896790097,10.4315/0362-028x.jfp-13-215,Effects of temperature and packaging types on ergosterol and Howard mold count values of tomato paste during storage,Ekinci R.,2014,2014-03-01,Journal of Food Protection,Journal,Article,77,3,499-503,,2,True,0362028X,,Turkey
Q2,2-s2.0-84892634674,10.1016/j.biosystemseng.2013.12.008,Automatic fruit recognition and counting from multiple images,Song Y.,2014,2014-02-01,Biosystems Engineering,Journal,Article,118,1,203-215,,165,False,15375110,,United Kingdom
Q2,2-s2.0-84911946512,,Identification of repetitive apples for improved crop-load estimation with dual-side imaging,Gongal A.,2014,2014-01-01,American Society of Agricultural and Biological Engineers Annual International Meeting 2014 Asabe 2014,Conference Proceeding,Conference Paper,1,,294-303,,1,False,,,United States
Q2,2-s2.0-84905719438,10.1002/rob.21541,Automated visual yield estimation in vineyards,Nuske S.,2014,2014-01-01,Journal of Field Robotics,Journal,Conference Paper,31,5,837-860,,211,False,15564959,15564967,United States
Q2,2-s2.0-84901460295,10.1007/s11295-014-0721-5,Plum germplasm in Croatia and neighboring countries assessed by microsatellites and DUS descriptors,Kazija D.H.,2014,2014-01-01,Tree Genetics and Genomes,Journal,Article,10,3,761-778,,32,False,16142942,16142950,Croatia
Q2,2-s2.0-84911890900,,Estimation of prematurely dropped citrus count on the ground before harvesting,Choi D.,2014,2014-01-01,American Society of Agricultural and Biological Engineers Annual International Meeting 2014 Asabe 2014,Conference Proceeding,Conference Paper,1,,467-474,,0,False,,,United States
Q2,2-s2.0-84896034959,10.1578/am.40.1.2014.69,"Increases in seasonal manatee (Trichechus manatus latirostris) abundance within Citrus County, Florida",Kleen J.M.,2014,2014-01-01,Aquatic Mammals,Journal,Article,40,1,69-80,,12,False,01675427,,United States
Q2,2-s2.0-84891556337,10.1007/s10658-013-0311-7,Virulence spectra and geographical distribution of Mal Secco disease of citrus caused by Phoma tracheiphila in the Mediterranean countries: Tunisia and Italy,Ziadi S.,2014,2014-01-01,European Journal of Plant Pathology,Journal,Article,138,1,123-131,,6,False,09291873,,Tunisia
Q2,2-s2.0-84907370591,10.1016/j.compag.2014.07.006,Counting red grapes in vineyards by detecting specular spherical reflection peaks in RGB images obtained at night with artificial illumination,Font D.,2014,2014-01-01,Computers and Electronics in Agriculture,Journal,Article,108,,105-111,,63,False,01681699,,Spain
Q2,2-s2.0-84903210379,10.2495/icie130401,Automatic detection and count of apples using N-adic overlapped object separation technology,Yeon H.,2014,2014-01-01,Wit Transactions on Information and Communication Technologies,Conference Proceeding,Conference Paper,49,,347-356,,1,False,17433517,,South Korea
Q2,2-s2.0-84899672821,10.1080/10454446.2012.726947,An Analysis of Country Image of Brazil and Its Fresh Fruits: A Two Scales Comparison,Lopes I.B.,2014,2014-01-01,Journal of Food Products Marketing,Journal,Article,20,3,262-282,,4,False,10454446,15404102,Brazil
Q2,2-s2.0-84887253572,10.1016/j.foodres.2013.09.039,Characteristic free aromatic components of nine clones of spine grape (Vitis davidii Foex) from Zhongfang County (China),Meng J.F.,2013,2013-12-01,Food Research International,Journal,Article,54,2,1795-1800,,27,False,09639969,,China
Q2,2-s2.0-84885761262,10.1371/journal.pone.0077736,Count Your Eggs Before They Invade: Identifying and Quantifying Egg Clutches of Two Invasive Apple Snail Species (Pomacea),Kyle C.H.,2013,2013-10-16,Plos One,Journal,Article,8,10,,e77736,33,True,,19326203,United States
Q2,2-s2.0-84884572740,10.1556/aalim.2012.0005,Effect of crop load on fruit quality of 'Fuji' apple,Jakopič J.,2013,2013-09-01,Acta Alimentaria,Journal,Article,42,3,318-327,,3,False,01393006,15882535,Slovenia
Q2,2-s2.0-84878616301,,Molecular characterization of old local grapevine varieties from South East European countries,Mihaljević M.Z.,2013,2013-06-10,Vitis Journal of Grapevine Research,Journal,Article,52,2,69-76,,24,False,00427500,,Croatia
Q2,2-s2.0-84876721250,10.1016/j.biosystemseng.2013.03.009,Citrus yield estimation based on images processed by an Android mobile phone,Gong A.,2013,2013-06-01,Biosystems Engineering,Journal,Article,115,2,162-170,,66,False,15375110,,China
Q2,2-s2.0-84879999241,10.3969/j.issn.1002-6819.2013.11.017,Yield estimation model of single tree of Fuji apples based on bilateral image identification,Qian J.,2013,2013-06-01,Nongye Gongcheng Xuebao Transactions of the Chinese Society of Agricultural Engineering,Journal,Article,29,11,132-138,,15,False,10026819,,China
Q2,2-s2.0-84877926958,10.1007/s00344-012-9296-2,Fruit Load and Root Development in Field-Grown Loquat Trees (Eriobotrya japonica Lindl),Reig C.,2013,2013-06-01,Journal of Plant Growth Regulation,Journal,Article,32,2,281-290,,14,False,07217595,14358107,Spain
Q2,2-s2.0-84874099234,10.4315/0362-028x.jfp-12-275,Effect of the use of a neutralizing step after antimicrobial application on microbial counts during challenge studies for orange disinfection,Martínez-Gonzáles N.E.,2013,2013-02-01,Journal of Food Protection,Journal,Article,76,2,328-332,,1,True,0362028X,,Mexico
Q2,2-s2.0-105047031250,10.1007/978-3-319-00065-7_50,Automated Crop Yield Estimation for Apple Orchards,Wang Q.,2013,2013-01-01,Springer Tracts in Advanced Robotics,Book Series,Conference Paper,88 STAR,,745-758,,180,False,16107438,1610742X,United States
Q2,2-s2.0-84881542120,10.1016/j.biosystemseng.2013.07.004,"Erratum to ""citrus yield estimation based on images processed by an android mobile phone"" [biosyst eng 115 (2013) 162-170]",Gong A.,2013,2013-01-01,Biosystems Engineering,Journal,Erratum,116,1,111-112,,1,False,15375110,,China
Q2,2-s2.0-84900020881,,Detection and counting of intact tomato fruits on tree using image analysis and machine learning methods,Yamamoto K.,2013,2013-01-01,Conference Proceeding 5th International Conference Tae 2013 Trends in Agricultural Engineering 2013,Conference Proceeding,Conference Paper,,,664-667,,1,False,,,Japan
Q2,2-s2.0-84885837380,10.1002/jsfa.6234,Counteraction of oxidative damage by pomegranate juice: Influence of the cultivar,Di Nunzio M.,2013,2013-01-01,Journal of the Science of Food and Agriculture,Journal,Article,93,14,3565-3573,,27,False,00225142,10970010,Italy
Q2,2-s2.0-84856977511,10.1111/j.1745-6592.2011.01366.x,Surveying upstate ny well water for pesticide contamination: Cayuga and orange counties,Richards B.K.,2012,2012-12-01,Ground Water Monitoring and Remediation,Journal,Article,32,1,73-82,,4,False,10693629,17456592,United States
Q2,2-s2.0-84868255436,10.1016/j.foodres.2012.09.013,Phenolic characterization of young wines made from spine grape (Vitis davidii Foex) grown in Chongyi County (China),Meng J.F.,2012,2012-12-01,Food Research International,Journal,Article,49,2,664-671,,38,False,09639969,,China
Q2,2-s2.0-84878033713,,Psychophysical estimation of the best lighting for commercial counters of fruits and vegetables,Masuda O.,2012,2012-12-01,6th European Conference on Colour in Graphics Imaging and Vision 2012 CGIV 2012,Conference Proceeding,Conference Paper,,,272-278,,0,False,,,Portugal
Q2,2-s2.0-84866069183,10.1071/fp12093,Histological and molecular investigation of the basis for variation in tomato fruit size in response to fruit load and genotype,Fanwoua J.,2012,2012-09-17,Functional Plant Biology,Journal,Article,39,9,754-763,,11,False,14454408,,Netherlands
Q2,2-s2.0-84863998838,10.1111/j.1365-3059.2011.02551.x,Genetic diversity of Fusarium oxysporum and related species pathogenic on tomato in Algeria and other Mediterranean countries,Edel-Hermann V.,2012,2012-08-01,Plant Pathology,Journal,Article,61,4,787-800,,32,True,00320862,13653059,France
Q2,2-s2.0-84871766885,,Design of crop yield estimation system for apple orchards using computer vision,Wang Q.,2012,2012-01-01,American Society of Agricultural and Biological Engineers Annual International Meeting 2012 Asabe 2012,Conference Proceeding,Conference Paper,4,,3532-3544,,5,False,,,United States
Q2,2-s2.0-84931402402,10.1007/978-94-007-4171-3_30,Fruit yield estimation through multispectral imaging,Ye X.,2012,2012-01-01,Advances in Citrus Nutrition,Book,Book Chapter,,,453-473,,5,False,,,China
Q2,2-s2.0-84867772722,,Country-of-origin effects on German peaches consumers,Cicia G.,2012,2012-01-01,New Medit,Journal,Article,11,3,75-79,,11,False,15945685,,Italy
