qid,eid,doi,title,first_author,year,cover_date,source,source_type,doc_type,volume,issue,pages,article_number,cited_by,open_access,issn,eissn,affil_country
Q1,2-s2.0-105046041810,10.1016/j.atech.2026.102443,A two-stage fine-tuning strategy for 3D object segmentation from multi-view images,Zhao J.,2026,2026-12-01,Smart Agricultural Technology,Journal,Article,15,,,102443,0,True,,27723755,Norway
Q1,2-s2.0-105049057930,10.1016/j.compag.2026.112330,Video-based fruit detection and tracking: effects of scanning conditions on fruit load estimation,Felip-Pomés M.,2026,2026-12-01,Computers and Electronics in Agriculture,Journal,Article,255,,,112330,0,True,01681699,,Spain
Q1,2-s2.0-105048939745,10.1016/j.atech.2026.102529,Instance segmentation and multi-object tracking for fruit quality grading and dynamic yield estimation in Egyptian citrus orchards,Farhoud S.A.,2026,2026-12-01,Smart Agricultural Technology,Journal,Article,15,,,102529,0,True,,27723755,Egypt
Q1,2-s2.0-105050336842,10.1038/s41597-026-07360-7,A Multi-Modal Dataset for Automated Phenological Stage Mapping in Actinidia chinensis,Pinheiro I.,2026,2026-12-01,Scientific Data,Journal,Data Paper,13,1,,1312,0,True,,20524463,Portugal
Q1,2-s2.0-105049054780,10.1016/j.compag.2026.112325,Adapting SAM3 for 3D fruit counting with cross-view contrastive learning and Hough voting,Zhao K.,2026,2026-12-01,Computers and Electronics in Agriculture,Journal,Article,255,,,112325,0,True,01681699,,Australia
Q1,2-s2.0-105034454497,10.1038/s41597-026-06835-x,"A comprehensive, multi-method dataset of plant-frugivore interactions in a Mediterranean hotspot",Moracho E.,2026,2026-12-01,Scientific Data,Journal,Article,13,1,,459,1,True,,20524463,Denmark; Spain
Q1,2-s2.0-105038071895,10.1186/s13059-026-04032-y,Using reciprocally retained gene families to detect whole-genome multiplications in plants,Tasdighian S.,2026,2026-12-01,Genome Biology,Journal,Article,27,1,,152,0,True,14747596,1474760X,Belgium
Q1,2-s2.0-105045939748,10.1016/j.atech.2026.102429,Development of a plant sensing robot using virtual space and evaluation of its accuracy,Awal S.M.S.,2026,2026-12-01,Smart Agricultural Technology,Journal,Article,15,,,102429,0,True,,27723755,Japan
Q1,2-s2.0-105048108681,10.1016/j.atech.2026.102489,Non-destructive durian locule counting from rotational RGB imaging using rotation-synchronized 2D-to-1D morphological energy inference,Duy P.H.,2026,2026-12-01,Smart Agricultural Technology,Journal,Article,15,,,102489,0,True,,27723755,Viet Nam
Q1,2-s2.0-105043598493,10.1016/j.engappai.2026.115525,A lightweight instance segmentation model for multi-growth-stage complex leafy vegetables,Xu L.,2026,2026-10-01,Engineering Applications of Artificial Intelligence,Journal,Article,181,,,115525,1,False,09521976,,China
Q1,2-s2.0-105044408090,10.1016/j.compag.2026.112149,MFFT: an improved method for stable ID tracking and counting of multi-class mango segmentation with multi-feature fusion in complex occlusion scenarios,Huang W.,2026,2026-10-01,Computers and Electronics in Agriculture,Journal,Article,253,,,112149,0,False,01681699,,China
Q1,2-s2.0-105044497257,10.1016/j.tifs.2026.105947,Microscopy that still matters: The regulatory utility of the Howard Mold Count (HMC) for food decomposition,Pava-Ripoll M.,2026,2026-10-01,Trends in Food Science and Technology,Journal,Note,176,,,105947,0,False,09242244,,United States
Q1,2-s2.0-105042545273,10.1016/j.compag.2026.112063,Robot-assisted Neural Radiance fields for plot-level cotton crop 3D reconstruction and yield estimation,Jiang L.,2026,2026-09-15,Computers and Electronics in Agriculture,Journal,Article,252,,,112063,0,False,01681699,,China; United States
Q1,2-s2.0-105042884383,10.1016/j.compag.2026.112088,SDrAwberry: Scale-referenced Depth-Anything-3 long-sequence reconstruction for Strawberry canopy volume estimation,Huang Z.,2026,2026-09-15,Computers and Electronics in Agriculture,Journal,Article,252,,,112088,1,False,01681699,,United States
Q1,2-s2.0-105041373235,10.1016/j.plaphe.2026.100230,BN-NeRF: A fast 3D reconstruction and phenotyping framework for banana plants using handheld devices,Xu X.,2026,2026-09-01,Plant Phenomics,Journal,Article,8,3,,100230,0,True,,26436515,China
Q1,2-s2.0-105045934514,10.1016/j.plaphe.2026.100228,Dynamic sparse point voxel transformer for 3D point cloud instance segmentation of dormant apple trees,Du R.,2026,2026-09-01,Plant Phenomics,Journal,Article,8,3,,100228,0,True,,26436515,United States
Q1,2-s2.0-105050249209,10.3390/agriculture16171806,Impact of Biostimulation on Floricane Raspberries Assessed Using Drone-Based Remote Sensing,Buczyński K.,2026,2026-09-01,Agriculture Switzerland,Journal,Article,16,17,,1806,0,True,,20770472,Poland
Q1,2-s2.0-105034974250,10.1016/j.atech.2026.102081,Development of a real-time non-contact yield mapping system using cascading neural networks for wild blueberry harvesters,Mullins C.C.,2026,2026-08-01,Smart Agricultural Technology,Journal,Article,14,,,102081,0,True,,27723755,Canada
Q1,2-s2.0-105048438667,10.3390/jox16040141,Censored-Data-Aware Screening of Hazardous Metal(loid)s in Wild Mushrooms from Urban and Peri-Urban Green Spaces: Multielement Fingerprints and Adult Exposure Assessment,Peña-Fernández A.,2026,2026-08-01,Journal of Xenobiotics,Journal,Article,16,4,,141,0,True,20394705,20394713,Spain; United Kingdom
Q1,2-s2.0-105044376631,10.1111/tgis.70347,Automatic Kiwifruit Segmentation From Terrestrial LiDAR Point Clouds for Precision Agriculture,Dihkan M.,2026,2026-08-01,Transactions in GIS,Journal,Article,30,5,,e70347,0,True,13611682,14679671,Turkey
Q1,2-s2.0-105048400763,10.3390/agronomy16161528,Quantifying Pesticide Deposition on Apple Surfaces Based on Multi-View Tracer Point Cloud Reconstruction: Laboratory Characterization and Orchard Assessment,Zhang Y.,2026,2026-08-01,Agronomy,Journal,Article,16,16,,1528,0,True,,20734395,China
Q1,2-s2.0-105039015981,10.1016/j.compag.2026.111898,3D reconstruction and segmentation of grape bunches for robotic berry thinning,Yok-In K.,2026,2026-08-01,Computers and Electronics in Agriculture,Journal,Article,250,,,111898,0,True,01681699,,Japan
Q1,2-s2.0-105040713112,10.1016/j.atech.2026.102260,A lightweight multi-view detection and counting method for real-time cherry tomato yield estimation using greenhouse inspection robots,Xing X.,2026,2026-08-01,Smart Agricultural Technology,Journal,Article,14,,,102260,0,True,,27723755,China
Q1,2-s2.0-105045529345,10.1016/j.atech.2026.102416,Maturity and size estimation with yield mapping for hydroponic strawberries using machine vision,Pardo-Beainy C.,2026,2026-08-01,Smart Agricultural Technology,Journal,Article,14,,,102416,0,True,,27723755,Colombia
Q1,2-s2.0-105042631793,10.1016/j.dib.2026.112990,SawitMVC: A multi-view oil palm fruit bunch dataset for detection and counting,Indriani F.,2026,2026-08-01,Data in Brief,Journal,Article,67,,,112990,0,True,,23523409,Indonesia
Q1,2-s2.0-105048292403,10.3390/foods15162869,Detection of Kernel-Level Spoilage Adulteration in Dried Goji Berries Using Zero-Shot Learning and Computer Vision,Huang R.,2026,2026-08-01,Foods,Journal,Article,15,16,,2869,0,True,,23048158,China
Q1,2-s2.0-105044222291,10.1016/j.rsase.2026.102149,Detection and characterization of apple tree crowns from UAV images via enhanced Mask R-CNN and DBSCAN clustering,He L.,2026,2026-08-01,Remote Sensing Applications Society and Environment,Journal,Article,43,,,102149,0,True,,23529385,Canada
Q1,2-s2.0-105044779289,10.1016/j.scienta.2026.115013,"Influence of a multi-species bacterial biostimulant on rhizosphere dynamics, yield earliness, and fruit quality of open-field winter melon (Cucumis melo L. var. inodorus)",Sciurba L.,2026,2026-08-01,Scientia Horticulturae,Journal,Article,366,,,115013,0,True,03044238,,Italy
Q1,2-s2.0-105047143240,10.3390/ijms27157044,Evolutionary Analysis and Expression Profiling of the TIFY Gene Family in Banana Under Multiple Stresses and Functional Characterization of MaTIFY20 in Drought Tolerance,Ahmad S.,2026,2026-08-01,International Journal of Molecular Sciences,Journal,Article,27,15,,7044,0,True,16616596,14220067,China
Q1,2-s2.0-105046922606,10.1063/5.0328642,Artificial intelligence-based framework for efficient tracking and counting of pollinator,Chang C.,2026,2026-07-30,Aip Conference Proceedings,Conference Proceeding,Conference Paper,3284,1,,060021,0,False,0094243X,15517616,India
Q1,2-s2.0-105046847689,10.3389/fphys.2026.1847124,Emergence of new resistances to Cydia pomonella Granulovirus: insights from 12 years of monitoring,Siegwart M.,2026,2026-07-08,Frontiers in Physiology,Journal,Article,17,,,1847124,0,True,,1664042X,France
Q1,2-s2.0-105045604435,10.3390/agronomy16141356,A Short-Term Yield Prediction Method for Greenhouse Strawberries Integrating Visual Phenology and Meteorological Sequences,Long Y.,2026,2026-07-01,Agronomy,Journal,Article,16,14,,1356,0,True,,20734395,China
Q1,2-s2.0-105036886598,10.1016/j.compag.2026.111797,Agrosense v2: An AI-enabled system for precision orchard sensing and tree-level monitoring,Liu S.,2026,2026-07-01,Computers and Electronics in Agriculture,Journal,Article,248,,,111797,4,False,01681699,,United States
Q1,2-s2.0-105032881224,10.1109/tpami.2026.3673141,SELongVLM: Empowering Long Video Language Models with Self-Corrective Clip Selection,Zhang K.,2026,2026-07-01,IEEE Transactions on Pattern Analysis and Machine Intelligence,Journal,Article,48,7,8694-8709,,2,False,01628828,19393539,China
Q1,2-s2.0-105035916044,10.1016/j.apsoil.2026.107040,Towards a global core mycobiome of banana (Musa spp.),Clarke A.B.C.,2026,2026-07-01,Applied Soil Ecology,Journal,Article,223,,,107040,1,True,09291393,,Australia
Q1,2-s2.0-105042605960,10.1145/3803291.3803356,Geometry-Driven Triangulation and Differentiable Semantic Gaussian Refinement for 3D Grape Bunch Model Reconstruction in the Field,Woo Y.S.,2026,2026-06-13,Icict 2026 Proceedings of 2026 the 9th International Conference on Information and Computer Technologies,Conference Proceeding,Conference Paper,,,168-175,,0,True,,,Japan
Q1,2-s2.0-105042826714,10.1145/3748522.3779768,A Modular UAV-Based Framework for Apple Detection and Yield Extrapolation from 3D Point Clouds,Nguyen K.,2026,2026-06-09,Proceedings of the ACM Symposium on Applied Computing,Conference Proceeding,Conference Paper,,,788-797,,0,True,,,United States
Q1,2-s2.0-105035433692,10.1016/j.compag.2026.111723,Horticultural temporal fruit monitoring via 3D instance segmentation and re-identification using colored point clouds,Fusaro D.,2026,2026-06-01,Computers and Electronics in Agriculture,Journal,Article,247,,,111723,1,True,01681699,,Italy
Q1,2-s2.0-105046345534,10.11975/j.issn.1002-6819.202510176,Efficient and precise method for the phenotypic parameter extraction of cigar plants based on 3D point clouds,Xu W.,2026,2026-06-01,Nongye Gongcheng Xuebao Transactions of the Chinese Society of Agricultural Engineering,Journal,Article,42,11,323-332,,0,False,10026819,,China
Q1,2-s2.0-105047149482,10.20965/jrm.2026.p0953,Cross-Day Grape Cluster Tracking Using Branch-Based 3D Alignment in Vineyards,Yoshida T.,2026,2026-06-01,Journal of Robotics and Mechatronics,Journal,Article,38,3,953-962,,0,True,09153942,18838049,Japan
Q1,2-s2.0-105044680993,10.17660/actahortic.2026.1457.58,Analysis of the leaf-area-to-fruit ratio in apple tree training systems using a mobile LiDAR laser scanner,Zimmermann L.,2026,2026-06-01,Acta Horticulturae,Book Series,Conference Paper,1457,,465-472,,0,False,05677572,24066168,Germany
Q1,2-s2.0-105034408763,10.1016/j.mex.2026.103822,Detection of bumblebee behaviour around a nest box using AI-based image analysis,Ohyama K.,2026,2026-06-01,Methodsx,Journal,Article,16,,,103822,0,True,,22150161,Japan
Q1,2-s2.0-105033426202,10.1016/j.compag.2026.111682,Grapevine branch-bud detection with cross-regional dynamic tracking and counting for automated bud thinning,Luo W.,2026,2026-06-01,Computers and Electronics in Agriculture,Journal,Article,247,,,111682,0,False,01681699,,China
Q1,2-s2.0-105034111664,10.1016/j.rineng.2026.109747,One-stem-one-box: A consistency-driven framework for grapevine primary stem detection,Fang Z.,2026,2026-06-01,Results in Engineering,Journal,Article,30,,,109747,0,True,,25901230,China
Q1,2-s2.0-105038778451,10.3390/rs18091300,Estimating Canopy Structure Parameters and Leaf Nitrogen in Olive Orchards Using UAV Imagery Across Two Agro-Ecological Zones in Tunisia,Hobart M.,2026,2026-05-01,Remote Sensing,Journal,Article,18,9,,1300,0,True,,20724292,Germany
Q1,2-s2.0-105042340754,10.13925/j.cnki.gsxb.20250487,Citrus yield estimation based on multi- object tracking in video streams using an improved YOLOv8n model,Si N.,2026,2026-05-01,Journal of Fruit Science,Journal,Article,43,5,1283-1296,,0,False,10099980,,China
Q1,2-s2.0-105038636116,10.6041/j.issn.1000-1298.2026.10.025,Lightweight Instance Segmentation Method and Spraying Experiment for Citrus Tree Canopy Based on Improved YOLO lln seg,Sun D.,2026,2026-05-01,Nongye Jixie Xuebao Transactions of the Chinese Society for Agricultural Machinery,Journal,Article,57,10,251-261,,0,False,10001298,,China
Q1,2-s2.0-105038696736,10.6041/j.issn.1000-1298.2026.10.021,Passion Fruit Counting Method Based on Lightweight YOLO lln CLL and BoT SORT,Tu S.,2026,2026-05-01,Nongye Jixie Xuebao Transactions of the Chinese Society for Agricultural Machinery,Journal,Article,57,10,208-218,,0,False,10001298,,China
Q1,2-s2.0-105038463699,10.3390/plants15091386,Genome-Wide Identification and Expression Profiling of the SPL Gene Family in Musa acuminata: Insights into Their Response to Drought Stress and Serendipita indica Inoculation,Shafiq M.,2026,2026-05-01,Plants,Journal,Article,15,9,,1386,0,True,,22237747,China
Q1,2-s2.0-105029047226,10.1016/j.cose.2026.104835,Defending against BLE-based covert channels in crowdsourced location networks,Alamleh H.,2026,2026-05-01,Computers and Security,Journal,Article,164,,,104835,1,True,01674048,,United States
Q1,2-s2.0-105029910100,10.1016/j.compag.2026.111529,Enhanced grape tracking (using deep neural networks) with an extended matching algorithm for SORT and DeepSORT,Piazolo J.,2026,2026-04-01,Computers and Electronics in Agriculture,Journal,Article,245,,,111529,0,True,01681699,,Germany
Q1,2-s2.0-105035597346,10.3390/app16073227,Tomato Maturity Classification and Fruit Counting Based on RGB and Multispectral Images †,Lin H.Y.,2026,2026-04-01,Applied Sciences Switzerland,Journal,Article,16,7,,3227,2,True,,20763417,Taiwan
Q1,2-s2.0-105035504430,10.3390/agriculture16070764,Geo-Referenced Factor-Graph SLAM for Orchard-Scale 3D Apple Reconstruction and Yield Estimation,Bharti D.,2026,2026-04-01,Agriculture Switzerland,Journal,Article,16,7,,764,0,True,,20770472,Brazil
Q1,2-s2.0-105036674008,10.20965/jrm.2026.p0449,LiDAR–Camera Fusion for 3D Fruit Counting and Density Mapping in Horizontal Trellis Orchards,Lee J.,2026,2026-04-01,Journal of Robotics and Mechatronics,Journal,Article,38,2,449-459,,0,True,09153942,18838049,Japan
Q1,2-s2.0-105037927893,10.3788/lop251925,Phase Unwrapping Method Based on Dual-Channel Segmented Complementary Phase Encoding,Mike L.,2026,2026-04-01,Laser and Optoelectronics Progress,Journal,Article,63,8,,0812001,0,False,10064125,,China
Q1,2-s2.0-105043990304,10.11975/j.issn.1002-6819.202508166,Citrus tracking and counting using UAV remote sensing video imagery with improved YOLO11,Weng H.,2026,2026-04-01,Nongye Gongcheng Xuebao Transactions of the Chinese Society of Agricultural Engineering,Journal,Article,42,7,182-192,,1,False,10026819,,China
Q1,2-s2.0-105029281720,10.1016/j.compag.2026.111526,"PheMuT: A phenology-informed, multi-modal time-series model for strawberry yield forecasting",Huang Z.,2026,2026-03-15,Computers and Electronics in Agriculture,Journal,Article,244,,,111526,3,False,01681699,,United States
Q1,2-s2.0-105033907736,10.3390/horticulturae12030393,Research on Lightweight Apple Detection and 3D Accurate Yield Estimation for Complex Orchard Environments,Chen B.,2026,2026-03-01,Horticulturae,Journal,Article,12,3,,393,0,True,,23117524,China
Q1,2-s2.0-105034222396,10.1016/j.atech.2026.101784,A real-time semantic 3D vineyard mapping and fruit localization system for yield estimation in dynamic vineyards,Yang R.,2026,2026-03-01,Smart Agricultural Technology,Journal,Article,13,,,101784,1,True,,27723755,China
Q1,2-s2.0-105034435288,10.1016/j.atech.2026.101799,Proximal sensing of horticultural crops with mobile device LiDAR,Doyle S.,2026,2026-03-01,Smart Agricultural Technology,Journal,Article,13,,,101799,0,True,,27723755,United States
Q1,2-s2.0-105043764885,10.11975/j.issn.1002-6819.202508046,Estimating strawberry size using improved YOLOv8s-seg and semi-truncated cone models,Liu X.,2026,2026-03-01,Nongye Gongcheng Xuebao Transactions of the Chinese Society of Agricultural Engineering,Journal,Article,42,6,243-253,,1,False,10026819,,China
Q1,2-s2.0-105032389525,10.6041/j.issn.1000-1298.2026.06.004,Dense Mapping Method for Grape Orchard Robots Integrating Semantic Segmentation,Feng S.,2026,2026-03-01,Nongye Jixie Xuebao Transactions of the Chinese Society for Agricultural Machinery,Journal,Article,57,6,36-44,,0,False,10001298,,China
Q1,2-s2.0-105034552364,10.1016/j.atech.2025.101722,An efficient and low-cost 3D phenotyping framework for tomato seedlings via neural radiance fields and PointNet++,Zhang H.,2026,2026-03-01,Smart Agricultural Technology,Journal,Article,13,,,101722,0,True,,27723755,Japan
Q1,2-s2.0-105036523320,10.1002/agj2.70400,Per-tree citrus count regression from single-view images via lightweight deep learning,Qu H.,2026,2026-03-01,Agronomy Journal,Journal,Article,118,2,,e70400,0,False,00021962,14350645,China
Q1,2-s2.0-105031703283,10.6041/j.issn.1000-1298.2026.05.011,Greenhouse Tomato Fruit Inspection and Counting Method Based on Improved YOLO v8n ByteTrack,Feng Q.,2026,2026-03-01,Nongye Jixie Xuebao Transactions of the Chinese Society for Agricultural Machinery,Journal,Article,57,5,127-137,,1,False,10001298,,China
Q1,2-s2.0-105033983118,10.3390/horticulturae12030311,Identification of LBD Family in Blueberry and Its Potential Involvement of Development and Responses to Hormones,Zheng B.,2026,2026-03-01,Horticulturae,Journal,Article,12,3,,311,0,True,,23117524,China
Q1,2-s2.0-105031662464,10.6041/j.issn.1000-1298.2026.05.032,High-density Apple Counting Method Based on Lightweight Improved YOLO v8,Guo C.,2026,2026-03-01,Nongye Jixie Xuebao Transactions of the Chinese Society for Agricultural Machinery,Journal,Article,57,5,342-352,,0,False,10001298,,China
Q1,2-s2.0-105036114305,10.1111/1440-1703.70035,Correction for Data Papers Published in 2020,,2026,2026-03-01,Ecological Research,Journal,Erratum,41,2,,e70035,0,False,09123814,14401703,
Q1,2-s2.0-105031397832,10.3390/f17020158,"Spatiotemporal Dynamics and Distribution Patterns of Economic Forest Resources in Xinjiang, China, Based on Multi-Source Remote Sensing",Fu R.,2026,2026-02-01,Forests,Journal,Article,17,2,,158,1,True,,19994907,China
Q1,2-s2.0-105024327389,10.1007/s13580-025-00774-z,A mobile and rotary phenotyping platform developed to obtain high-resolution 3D images of peppers,Lee S.J.,2026,2026-02-01,Horticulture Environment and Biotechnology,Journal,Article,67,1,197-207,,1,False,22113452,22113460,South Korea
Q1,2-s2.0-105043064456,10.11975/j.issn.1002-6819.202509304,Design and evaluation of a vision-based detection and multi-point localization system for harvesting red Sichuan pepper clusters,Tang Z.,2026,2026-02-01,Nongye Gongcheng Xuebao Transactions of the Chinese Society of Agricultural Engineering,Journal,Article,42,4,12-23,,0,False,10026819,,China
Q1,2-s2.0-105022739724,10.1109/tce.2025.3635779,Holographic Counterpart Modelling of Wearable IoT Data for Forensic Timeline Reconstruction and Custodial Monitoring,Mohapatra A.G.,2026,2026-02-01,IEEE Transactions on Consumer Electronics,Journal,Article,72,1,1271-1278,,0,False,00983063,15584127,India
Q1,2-s2.0-105013487643,10.1016/j.measurement.2025.118465,Acquisition and analysis of jasmine plant phenotype based on 3D point clouds,Wei X.,2026,2026-01-15,Measurement Journal of the International Measurement Confederation,Journal,Article,257,,,118465,5,False,02632241,,China
Q1,2-s2.0-105030650333,10.1109/lra.2026.3662648,Incremental 3D Crop Model Association for Real-Time Counting in Dense Orchards,Park D.,2026,2026-01-01,IEEE Robotics and Automation Letters,Journal,Article,11,3,3860-3866,,0,False,,23773766,South Korea
Q1,2-s2.0-105041298825,10.1109/tase.2026.3700861,Semantic NeRF-Oriented 3-D Object Counting for Industrial Fruit Harvesting,Wang Y.,2026,2026-01-01,IEEE Transactions on Automation Science and Engineering,Journal,Article,23,,11401-11415,,0,False,15455955,15583783,China
Q1,2-s2.0-105047617951,,"Computer Vision Conference, CVC 2026",,2026,2026-01-01,Lecture Notes in Networks and Systems,Book Series,Conference Review,2036 LNNS,,,,0,False,23673370,23673389,
Q1,2-s2.0-105043726482,10.1109/ispp69262.2026.11542978,A Fruit Size Estimation Method Based on Hyperspectral LiDAR,Liu G.,2026,2026-01-01,2026 International Conference on Image Signal Processing and Pattern Recognition Ispp 2026,Conference Proceeding,Conference Paper,,,484-488,,0,False,,,China
Q1,2-s2.0-105028664063,10.3390/rs18020198,Voxel-Based Leaf Area Estimation in Trellis-Grown Grapevines: A Destructive Validation and Comparison with Optical LAI Methods,Teng P.,2026,2026-01-01,Remote Sensing,Journal,Article,18,2,,198,1,True,,20724292,Japan
Q1,2-s2.0-105026370677,,"9th International Scientific Conference on Intelligent Information Technologies for Industry, IITI 2025",,2026,2026-01-01,Lecture Notes in Networks and Systems,Book Series,Conference Review,1763 LNNS,,,,0,False,23673370,23673389,
Q1,2-s2.0-105021641625,10.1016/j.isprsjprs.2025.11.013,UAV-based monocular 3D panoptic mapping for fruit shape completion in orchard,Wang K.,2026,2026-01-01,ISPRS Journal of Photogrammetry and Remote Sensing,Journal,Article,231,,608-621,,3,True,09242716,,China; Netherlands
Q1,2-s2.0-105048923501,10.1109/ccai69603.2026.11641885,CocoSense: AI-Powered Drone-Based System for Comprehensive Coconut Tree Health Monitoring and Yield Prediction,Subasinghe M.,2026,2026-01-01,2026 6th International Conference on Computer Communication and Artificial Intelligence Ccai 2026,Conference Proceeding,Conference Paper,,,1057-1062,,0,False,,,Sri Lanka
Q1,2-s2.0-105048329455,10.1109/aiea70743.2026.11633088,Vision-Based 3D Fruit Localization for Robotic Harvesting Using Recursive State Estimation,Gao Z.,2026,2026-01-01,2026 7th International Conference on Artificial Intelligence and Electromechanical Automation Aiea 2026,Conference Proceeding,Conference Paper,,,523-528,,0,False,,,China
Q1,2-s2.0-105028299705,,"4th World Conference on Information Systems for Business Management, ISBM 2025",,2026,2026-01-01,Lecture Notes in Networks and Systems,Book Series,Conference Review,1758 LNNS,,,,0,False,23673370,23673389,
Q1,2-s2.0-105027248422,10.6041/j.issn.1000-1298.2026.02.016,Pear Object Detection in Complex Environment Based on Transformer-CNN Feature Deep Fusion,Yang Y.,2026,2026-01-01,Nongye Jixie Xuebao Transactions of the Chinese Society for Agricultural Machinery,Journal,Article,57,2,161-170,,1,False,10001298,,China
Q1,2-s2.0-105029829726,10.7510/jgjs.issn.1001-3806.2026.01.012,Corn field boundary recognition based on unmanned aerial vehicle LiDAR and improved Otsu algorithm,Wang G.,2026,2026-01-01,Jiguang Jishu Laser Technology,Journal,Article,50,1,93-98,,0,False,10013806,,China
Q1,2-s2.0-105039304767,10.22456/2175-2745.150960,Multi-Fruit Tracking and 3-D Structure Recovery via CoTracker,Santos T.T.,2026,2026-01-01,Revista De Informatica Teorica E Aplicada,Journal,Article,33,2,81-88,,0,True,01034308,21752745,Brazil
Q1,2-s2.0-105050274432,10.1201/9781042001767-35,Building an AI-Powered Chatbot System with Smart Vision Integration for Intelligent Quality Evaluation and Automated Data Insights in Optimized Management,Deepan S.,2026,2026-01-01,Next Generation Smart Systems Bridging Sustainability and Computational Intelligence,Book,Book Chapter,,,153-156,,0,False,,,India
Q1,2-s2.0-105037900331,10.1109/sceecs68810.2026.11429802,Real-Time Pineapple Bud Counting for Yield Estimation with YOLO11 and StrongSORT,Sangkhro P.,2026,2026-01-01,2026 IEEE International Students Conference on Electrical Electronics and Computer Science Sceecs 2026,Conference Proceeding,Conference Paper,,,,,0,False,,,India
Q1,2-s2.0-105023508635,,"International Conference on AI and Robotics, AIR 2025",,2026,2026-01-01,Lecture Notes in Networks and Systems,Book Series,Conference Review,1628 LNNS,,,,0,False,23673370,23673389,
Q1,2-s2.0-105028123943,,"3rd CCF Intelligent Vehicles Symposium, CIVS 2025",,2026,2026-01-01,Communications in Computer and Information Science,Book Series,Conference Review,2631 CCIS,,,,0,False,18650929,18650937,
Q1,2-s2.0-105048462007,10.1109/icmerr70056.2026.11643135,A Condition-Partitioned Dataset and Baseline Evaluation for Robust Apple Detection in Natural Orchard Environments,Grandhi C.,2026,2026-01-01,2026 10th International Conference on Mechanical Engineering and Robotics Research Icmerr 2026,Conference Proceeding,Conference Paper,,,152-157,,0,False,,,Germany
Q1,2-s2.0-105040571392,10.1007/978-3-032-20322-9_36,Counting Avocados in Orchard Videos Using a YOLO and BoT-SORT-Based Architecture,Blondet D.A.,2026,2026-01-01,Communications in Computer and Information Science,Book Series,Conference Paper,2895 CCIS,,522-533,,0,False,18650929,18650937,Peru
Q1,2-s2.0-105028700665,10.3390/jimaging12010001,Non-Destructive Mangosteen Volume Estimation via Multi-View Instance Segmentation and Hybrid Geometric Modeling,Kurdthongmee W.,2026,2026-01-01,Journal of Imaging,Journal,Article,12,1,,1,1,True,,2313433X,Thailand
Q1,2-s2.0-105030849137,10.1016/j.rsase.2026.101915,Tracking almond bloom patterns using multispectral imagery: Implications for dormancy models,Lauterman O.,2026,2026-01-01,Remote Sensing Applications Society and Environment,Journal,Article,41,,,101915,0,False,,23529385,Israel
Q1,2-s2.0-105046437887,10.3389/fpls.2026.1869941,Dual-view weakly-supervised learning for apple tree flower counting,Vitousek M.,2026,2026-01-01,Frontiers in Plant Science,Journal,Article,17,,,1869941,0,True,,1664462X,Czech Republic
Q1,2-s2.0-105043672878,10.1016/j.aiia.2026.06.003,AI-driven precision chemical thinning system and evaluation method for variable-rate application in apple orchards,Dou H.,2026,2026-01-01,Artificial Intelligence in Agriculture,Journal,Article,,,,,0,True,,25897217,United States
Q1,2-s2.0-105042106109,,"Australasian Conference on Robotics and Automation, ACRA 2025",,2026,2026-01-01,Australasian Conference on Robotics and Automation Acra,Conference Proceeding,Conference Review,,,,,0,False,14482053,,
Q1,2-s2.0-105027198875,10.1016/j.gecco.2025.e04047,Contributions of High Conservation Value Forests (HCVFs) on mammal diversity in heterogeneous oil palm landscapes,Abu-Bakar M.A.A.,2026,2026-01-01,Global Ecology and Conservation,Journal,Article,65,,,e04047,0,True,,23519894,Malaysia
Q1,2-s2.0-105043012900,10.1201/9781779640772-7,Performance Analysis of Various Machine Learning Techniques for Fruit Classification and Counting from Images,Pradhan B.,2026,2026-01-01,Intelligent Computing and Analytics in Image Processing,Book,Book Chapter,,,91-106,,0,False,,,India
Q1,2-s2.0-105028626063,10.3390/su18021095,Sustainable Estimation of Tree Biomass and Volume Using UAV Imagery: A Comprehensive Review,Munteanu D.,2026,2026-01-01,Sustainability Switzerland,Journal,Review,18,2,,1095,12,True,,20711050,Romania
Q1,2-s2.0-105047084250,10.1109/iccmc69250.2026.11624905,A Transfer Learning based Plant Leaf Disease Detection Method,Chandra M.,2026,2026-01-01,Proceedings of 9th International Conference on Computing Methodologies and Communication Iccmc 2026,Conference Proceeding,Conference Paper,,,1413-1417,,0,False,,,India
Q1,2-s2.0-105039294209,10.1109/access.2026.3693846,FPH-CDet: A Lightweight Citrus Detection Method for Low-Cost Embedded Device Deployment,Xu W.,2026,2026-01-01,IEEE Access,Journal,Article,14,,89337-89353,,0,True,,21693536,China
Q1,2-s2.0-105046360147,10.1109/cvippr69607.2026.11604532,Low-Cost Weakly-Supervised Box-Prompt Segmentation for Traditional Chinese Medicine Decoction Pieces via LoRA-Tuned SAM2,Yang Y.,2026,2026-01-01,2026 4th Asia Conference on Computer Vision Image Processing and Pattern Recognition Cvippr 2026 Conference Proceedings,Conference Proceeding,Conference Paper,,,,,0,False,,,China
Q1,2-s2.0-105015949047,,"22nd RECOMB International Workshop on Comparative Genomics, RECOMB-CG 2025",,2026,2026-01-01,Lecture Notes in Computer Science,Book Series,Conference Review,15666 LNCS,,,,0,False,03029743,16113349,
Q1,2-s2.0-105032569718,10.3389/frwa.2026.1749654,Exploring the use of thermal neutron counts to track orchard phenological development,Al-Mashharawi S.K.,2026,2026-01-01,Frontiers in Water,Journal,Article,8,,,1749654,1,True,,26249375,Netherlands; Saudi Arabia
Q1,2-s2.0-105043325460,10.20417/nzjecol.50.3634,Challenges in alpine lizard conservation: evaluating monitoring methods for cryptic alpine geckos,Monks J.M.,2026,2026-01-01,New Zealand Journal of Ecology,Journal,Article,50,1,,3634,0,True,01106465,11777788,New Zealand
Q1,2-s2.0-105047150596,10.1109/isca66397.2026.00044,Towards Practical Interrupt Side-Channel Attacks on macOS for Apple Silicon,Zhang X.,2026,2026-01-01,Proceedings International Symposium on Computer Architecture,Conference Proceeding,Conference Paper,,,431-446,,1,False,10636897,2575713X,China
Q1,2-s2.0-105029119575,10.3390/sym18010076,Chromatic Asymmetry in Visual Attention: Dissociable Effects of Background Color on Capture and Processing During Reading—An Eye-Tracking Study,Teixeira A.,2026,2026-01-01,Symmetry,Journal,Article,18,1,,76,0,True,,20738994,Portugal
Q1,2-s2.0-105028639149,10.3390/agriculture16020253,Research on Greenhouse Eggplant Fruit Detection and Tracking-Based Counting Using an Improved YOLOv5s-DeepSORT,Zhu J.,2026,2026-01-01,Agriculture Switzerland,Journal,Article,16,2,,253,3,True,,20770472,China
Q1,2-s2.0-105038274139,10.7717/peerj.20690,Why your smartwatch may be misleading your doctor: a cross-sectional study on the impact of mobility aids on wearable accuracy in older adults,Özel A.,2026,2026-01-01,Peerj,Journal,Article,14,,,e20690,1,True,,21678359,Turkey
Q1,2-s2.0-105026639540,10.12688/f1000research.169075.5,"First photographic evidence of the Egyptian fruit bat, Rousettus aegyptiacus (Pteropodidae) in the King Salman Bin Abdulaziz Royal Nature Reserve, Hail Region, Saudi Arabia",Bakri M.,2026,2026-01-01,F1000research,Journal,Article,14,,,899,0,True,,20461402,Saudi Arabia
Q1,2-s2.0-105029007005,10.22323/1.501.0231,Evaluation of Hadronic Interaction Models Through Muon Multiplicity Distributions in Extensive Air Showers at the GRAPES-3 Experiment,Raveena C.R.,2025,2025-12-30,Proceedings of Science,Conference Proceeding,Conference Paper,501,,,231,0,True,,18248039,India
Q1,2-s2.0-105024884730,10.1021/acs.est.5c10868,Tracking Trifluoroacetate (TFA) through Time: A 78-Year Record from Archived Wines,Freeling F.,2025,2025-12-16,Environmental Science and Technology,Journal,Article,59,49,26762-26769,,10,False,0013936X,15205851,Germany
Q1,2-s2.0-105024697959,10.1145/3756884.3765981,When AR Hinders Performance: The Hidden Costs of Video-See-Through Displays,Javaheri H.,2025,2025-12-04,Proceedings of the ACM Symposium on Virtual Reality Software and Technology VRST,Conference Proceeding,Conference Paper,Part of 215351,,,89,1,False,,,Germany
Q1,2-s2.0-105023694897,10.1016/j.atech.2025.101592,Smartphone-based 3D imaging for canopy and berry cluster volume estimation in wine grapes,Upadhyaya P.,2025,2025-12-01,Smart Agricultural Technology,Journal,Article,12,,,101592,2,True,,27723755,United States
Q1,2-s2.0-105014169382,10.1016/j.atech.2025.101361,Development of a smartphone application for rapid blueberry detection and yield estimation,Singh P.,2025,2025-12-01,Smart Agricultural Technology,Journal,Article,12,,,101361,8,True,,27723755,United States
Q1,2-s2.0-105007891480,10.1016/j.atech.2025.101088,Orange yield estimation using object tracking and 3D reconstruction,Hassan A.,2025,2025-12-01,Smart Agricultural Technology,Journal,Article,12,,,101088,0,True,,27723755,Pakistan
Q1,2-s2.0-105007856662,10.1038/s41597-025-05227-x,Oil Palm Fruits Dataset in Plantations for Harvest Estimation Using Digital Census and Smartphone,Suharjito ,2025,2025-12-01,Scientific Data,Journal,Article,12,1,,972,7,True,,20524463,Indonesia
Q1,2-s2.0-105017898590,10.1016/j.atech.2025.101435,Fruit detection and yield estimation in Camellia oleifera based on improved YOLOv8 and ByteTrack algorithm,Dong Z.,2025,2025-12-01,Smart Agricultural Technology,Journal,Article,12,,,101435,7,True,,27723755,China
Q1,2-s2.0-105025932085,10.3390/agriculture15242574,Capsicum Counting Algorithm Using Infrared Imaging and YOLO11,Mendez E.,2025,2025-12-01,Agriculture Switzerland,Journal,Article,15,24,,2574,3,True,,20770472,Mexico
Q1,2-s2.0-105000059257,10.1016/j.inpa.2025.02.005,Assessment of the tomato cluster yield estimation algorithms via tracking-by-detection approaches,Qi Z.,2025,2025-12-01,Information Processing in Agriculture,Journal,Article,12,4,445-455,,8,True,20970153,22143173,China
Q1,2-s2.0-105026405433,10.1038/s41597-025-06298-6,Packed Fruits and Vegetables Visual Classification and Segmentation Benchmark,Illarionova S.,2025,2025-12-01,Scientific Data,Journal,Article,12,1,,2045,2,True,,20524463,Russian Federation
Q1,2-s2.0-105008584478,10.1016/j.atech.2025.101063,High-throughput 3D reconstruction of plants and its application to plant feature segmentation,Pham D.T.,2025,2025-12-01,Smart Agricultural Technology,Journal,Article,12,,,101063,6,True,,27723755,Japan
Q1,2-s2.0-105014818311,10.1016/j.atech.2025.101402,Robust real-time blueberry counting in greenhouses using small-object detection and mamba-driven multi-step trajectory completion,Zhang N.,2025,2025-12-01,Smart Agricultural Technology,Journal,Article,12,,,101402,2,True,,27723755,China
Q1,2-s2.0-85212628955,10.22034/gjesm.2025.01.14,Reduction of mangrove carbon stock ecosystems due to illegal logging using a combination of unmanned aerial vehicle imagery and field surveys,Basyuni M.,2025,2025-12-01,Global Journal of Environmental Science and Management,Journal,Article,11,1,225-242,,16,False,23833572,23833866,Indonesia
Q1,2-s2.0-105018648232,10.1186/s12870-025-07246-7,Robust real-time strawberry maturity detection using UAV-mounted deep learning for precision agriculture,Singh R.,2025,2025-12-01,BMC Plant Biology,Journal,Article,25,1,,1367,4,True,,14712229,United Arab Emirates
Q1,2-s2.0-105024198267,10.1002/ece3.72613,"Chloroplast Genome Characterization of Benthamiella Patagonica (Benthamielleae, Solanaceae)",Abdullah ,2025,2025-12-01,Ecology and Evolution,Journal,Article,15,12,,e72613,1,True,,20457758,China
Q1,2-s2.0-105018579144,10.1007/s00530-025-01982-4,An in-depth forensic examination of video files edited by Apple Photos,Kim J.,2025,2025-12-01,Multimedia Systems,Journal,Article,31,6,,412,0,False,09424962,14321882,South Korea
Q1,2-s2.0-105000078543,10.1186/s12951-025-03235-y,Acid-responsive aggregated carrot-derived nanoantioxidants alleviate oxidative stress and restore osteoblast activity,Peng J.,2025,2025-12-01,Journal of Nanobiotechnology,Journal,Article,23,1,,206,13,True,,14773155,China
Q1,2-s2.0-105014170894,10.1186/s12864-025-11910-5,Identification of the ZmATG18 subfamily genes in maize and the role of ZmATG18a in drought stress,Wang Z.,2025,2025-12-01,BMC Genomics,Journal,Article,26,1,,777,4,True,,14712164,China
Q1,2-s2.0-105020043291,10.1016/j.jgeb.2025.100609,Detection method for CRISPR-Cas9 edited tomato with single nucleotide deletion using multiplex probe-based real-time PCR and confirmation of non-transgenicity: A case study,Singh M.,2025,2025-12-01,Journal of Genetic Engineering and Biotechnology,Journal,Article,23,4,,100609,2,True,1687157X,20905920,India
Q1,2-s2.0-105023122149,10.3390/su172210120,Tomato Growth Monitoring and Phenological Analysis Using Deep Learning-Based Instance Segmentation and 3D Point Cloud Reconstruction,Timprae W.,2025,2025-11-01,Sustainability Switzerland,Journal,Article,17,22,,10120,4,True,,20711050,Japan
Q1,2-s2.0-105023093815,10.3390/horticulturae11111289,"Genome-Wide Identification, Systematic Evolution, and Ethylene-Induced Response Characteristics of the Banana WRKY Gene Family During Fruit Ripening",Huang Y.,2025,2025-11-01,Horticulturae,Journal,Article,11,11,,1289,1,True,,23117524,China
Q1,2-s2.0-105030580510,10.11975/j.issn.1002-6819.202504169,Coupling artificial hummingbird algorithm with energy balancing model for multi-UAV path planning in mountainous orchards,Lu J.,2025,2025-11-01,Nongye Gongcheng Xuebao Transactions of the Chinese Society of Agricultural Engineering,Journal,Article,41,22,72-81,,1,False,10026819,,China
Q1,2-s2.0-105009078485,10.1016/j.compag.2025.110595,GrapeCPNet: A self-supervised point cloud completion network for 3D phenotyping of grape bunches,Zhang W.,2025,2025-10-01,Computers and Electronics in Agriculture,Journal,Article,237,,,110595,6,False,01681699,,China
Q1,2-s2.0-105006923395,10.1016/j.compag.2025.110524,MangoSense: A time-series vision sensing dataset for mango tree segmentation and detection toward yield prediction,Ven J.,2025,2025-10-01,Computers and Electronics in Agriculture,Journal,Article,237,,,110524,6,False,01681699,,India
Q1,2-s2.0-105020043654,10.2525/ecb.63.79,Selection of Small Camera for Leaf Area Measurement Based on Distance Information and Validation of Strawberry Yield Prediction Model Using Distance Information,Moriyuki S.,2025,2025-10-01,Environmental Control in Biology,Journal,Article,63,4,79-89,,1,True,1880554X,18830986,Japan
Q1,2-s2.0-105005067303,10.1016/j.compag.2025.110476,Row-based kiwifruit counting pipeline for smartphone-captured videos using fruit tracking and detection region adaptation guided by support-post,Zhang J.,2025,2025-10-01,Computers and Electronics in Agriculture,Journal,Article,237,,,110476,13,False,01681699,,China
Q1,2-s2.0-105017148026,10.1007/s10341-025-01613-2,Optimizing YOLO-Based Models for Real-Time Guava Detection with Probabilistic Fused Wiener Filter-Enhanced Feature Fusion,Singh Chouhan S.,2025,2025-10-01,Applied Fruit Science,Journal,Article,67,5,,383,30,False,29482623,29482631,India
Q1,2-s2.0-105010499398,10.1016/j.compag.2025.110736,Research on inferior litchi fruit detection in orchards based on YOLOv8n-BLS,Xie J.,2025,2025-10-01,Computers and Electronics in Agriculture,Journal,Article,237,,,110736,11,False,01681699,,China
Q1,2-s2.0-105020320474,10.3390/ijerph22101527,Rapid Agrichemical Inventory via Video Documentation and Large Language Model Identification,Anastario M.,2025,2025-10-01,International Journal of Environmental Research and Public Health,Journal,Article,22,10,,1527,0,True,16617827,16604601,United States
Q1,2-s2.0-105011746563,10.1016/j.biosystemseng.2025.104245,Development of a LiDAR-based framework for obstacle identification and mapping in orchard environments,Rottok L.T.,2025,2025-09-01,Biosystems Engineering,Journal,Article,257,,,104245,5,False,15375110,,China
Q1,2-s2.0-105017313763,10.3390/agriculture15181906,Real-Time Strawberry Ripeness Classification and Counting: An Optimized YOLOv8s Framework with Class-Aware Multi-Object Tracking,Ogundele O.M.,2025,2025-09-01,Agriculture Switzerland,Journal,Article,15,18,,1906,11,True,,20770472,South Korea
Q1,2-s2.0-105004178070,10.1016/j.compag.2025.110479,Development of a Machine vision system for apple bud thinning in precision crop load management,Pawikhum K.,2025,2025-09-01,Computers and Electronics in Agriculture,Journal,Article,236,,,110479,12,True,01681699,,United States
Q1,2-s2.0-105019933927,10.11975/j.issn.1002-6819.202503246,Real-time detecting and counting of citrus fruits in hilly and mountainous areas using UAV imagery,Li C.,2025,2025-09-01,Nongye Gongcheng Xuebao Transactions of the Chinese Society of Agricultural Engineering,Journal,Article,41,17,153-161,,2,False,10026819,,China
Q1,2-s2.0-105005445921,10.1016/j.atech.2025.101017,"SASP: Segment any strawberry plant, an end-to-end strawberry canopy volume estimation",Huang Z.,2025,2025-08-01,Smart Agricultural Technology,Journal,Article,11,,,101017,6,True,,27723755,United States
Q1,2-s2.0-105013201810,10.3390/agriculture15151574,Phenotypic Trait Acquisition Method for Tomato Plants Based on RGB-D SLAM,Wang P.,2025,2025-08-01,Agriculture Switzerland,Journal,Article,15,15,,1574,2,True,,20770472,China
Q1,2-s2.0-105010934135,10.1016/j.rsase.2025.101663,Transfer learning-enhanced deep learning for tree crown geometric analysis and crop yield estimation using UAV imagery,Hnida Y.,2025,2025-08-01,Remote Sensing Applications Society and Environment,Journal,Article,39,,,101663,3,False,,23529385,Morocco
Q1,2-s2.0-105002666191,10.1016/j.atech.2025.100948,Deep learning framework for fruit counting and yield mapping in tart cherry using YOLOv8 and YOLO11,Safre A.L.S.,2025,2025-08-01,Smart Agricultural Technology,Journal,Article,11,,,100948,19,True,,27723755,United States
Q1,2-s2.0-105004745533,10.1016/j.atech.2025.100964,Apple phenotyping using deep learning and 3D depth analysis: An experimental study on fruitlet sizing during early development,Checola G.,2025,2025-08-01,Smart Agricultural Technology,Journal,Article,11,,,100964,2,True,,27723755,Italy
Q1,2-s2.0-105025954339,10.1016/j.ifacol.2025.11.824,Detecting apple abscission during robotic harvesting with force and pressure sensing,Krueger E.,2025,2025-08-01,IFAC Papersonline,Conference Proceeding,Conference Paper,59,23,419-424,,1,True,24058971,24058963,United States
Q1,2-s2.0-105005796036,10.1016/j.atech.2025.100994,Multi-crop plant counting and geolocation using a YOLO-Powered GUI System,Furlanetto R.H.,2025,2025-08-01,Smart Agricultural Technology,Journal,Article,11,,,100994,7,True,,27723755,United States
Q1,2-s2.0-105010300309,10.3390/agriculture15131353,Tomato Yield Estimation Using an Improved Lightweight YOLO11n Network and an Optimized Region Tracking-Counting Method,Wang A.,2025,2025-07-01,Agriculture Switzerland,Journal,Article,15,13,,1353,18,True,,20770472,China
Q1,2-s2.0-105010344083,10.3390/s25134138,A Dynamic Kalman Filtering Method for Multi-Object Fruit Tracking and Counting in Complex Orchards,Zhai Y.,2025,2025-07-01,Sensors,Journal,Article,25,13,,4138,11,True,,14248220,China
Q1,2-s2.0-105010586262,10.3390/rs17132308,Detection of Banana Diseases Based on Landsat-8 Data and Machine Learning,Retkute R.,2025,2025-07-01,Remote Sensing,Journal,Article,17,13,,2308,6,True,,20724292,United Kingdom
Q1,2-s2.0-105011846554,10.11975/j.issn.1002-6819.202501125,Estimating the weight of banana hands and fingers using RGB-D,Fu H.,2025,2025-06-01,Nongye Gongcheng Xuebao Transactions of the Chinese Society of Agricultural Engineering,Journal,Article,41,12,333-343,,2,False,10026819,,China
Q1,2-s2.0-105009250874,10.3390/asi8030071,Deep Learning Method with Domain-Task Adaptation and Client-Specific Fine-Tuning YOLO11 Model for Counting Greenhouse Tomatoes,Glukhikh I.,2025,2025-06-01,Applied System Innovation,Journal,Article,8,3,,71,3,True,,25715577,Russian Federation
Q1,2-s2.0-105009750834,10.17660/actahortic.2025.1433.36,Real-time in-field trunk size estimation using low-cost RGBD cameras,Mengoli D.,2025,2025-06-01,Acta Horticulturae,Book Series,Conference Paper,1,1433,283-290,,1,False,05677572,24066168,Italy
Q1,2-s2.0-105007451220,10.1007/s10341-025-01385-9,Enhanced YOLO-Based Mango Detection and Centroid Tracking for Precise Yield Estimation,Pichhika H.C.,2025,2025-06-01,Applied Fruit Science,Journal,Article,67,3,,164,7,False,29482623,29482631,India
Q1,2-s2.0-105006730839,10.1016/j.jece.2025.116949,"Convert agricultural waste into biocompatible carbon dots: New insights into Pb2+ion sensing, seed germination and secure information systems",Ananda B.,2025,2025-06-01,Journal of Environmental Chemical Engineering,Journal,Article,13,3,,116949,6,False,,22133437,India
Q1,2-s2.0-105003206934,10.1016/j.jbiomech.2025.112695,Automatic video analysis of countermovement jump performance using a single uncalibrated camera,Chiu C.Y.,2025,2025-06-01,Journal of Biomechanics,Journal,Article,186,,,112695,3,True,00219290,18732380,United Kingdom
Q1,2-s2.0-105011959735,10.11975/j.issn.1002-6819.202412150,Real-time detecting and counting dual-association bagged grape clusters using EMO-YOLOv5s,Lyu J.,2025,2025-06-01,Nongye Gongcheng Xuebao Transactions of the Chinese Society of Agricultural Engineering,Journal,Article,41,12,161-171,,3,False,10026819,,China
Q1,2-s2.0-105018876585,10.1016/j.dte.2024.100032,Target detection model for litchi picking in complex scenes,Li T.,2025,2025-06-01,Digital Engineering,Journal,Article,5,,,100032,3,True,,2950550X,China
Q1,2-s2.0-105009374552,10.17660/actahortic.2025.1431.77,Chromosomal duplication in Actinidia chinensis var. rufopulpa,De Mori G.,2025,2025-06-01,Acta Horticulturae,Book Series,Conference Paper,1,1431,599-603,,0,False,05677572,24066168,Italy
Q1,2-s2.0-105000464344,10.1007/s10068-025-01862-7,Development of a dual-system freshness indicator and mobile application for determining beef freshness using a colorimetric system,Kwak M.,2025,2025-06-01,Food Science and Biotechnology,Journal,Article,34,10,2207-2215,131164,3,False,12267708,20926456,South Korea
Q1,2-s2.0-105007805760,10.18666/jpra-2025-12684,Mon Forest Towns: A Regional Recreation Economy Partnership Model in the Monongahela National Forest,Arbogast D.,2025,2025-05-28,Journal of Park and Recreation Administration,Journal,Article,43,2,110-123,,0,False,07351968,21606862,United States
Q1,2-s2.0-85217377327,10.1016/j.eswa.2025.126764,AppleYOLO: Apple yield estimation method using improved YOLOv8 based on Deep OC-SORT,Tan S.,2025,2025-05-05,Expert Systems with Applications,Journal,Article,272,,,126764,13,False,09574174,,China
Q1,2-s2.0-105006425111,10.3390/agronomy15051135,A Robust Tomato Counting Framework for Greenhouse Inspection Robots Using YOLOv8 and Inter-Frame Prediction,Zheng W.,2025,2025-05-01,Agronomy,Journal,Article,15,5,,1135,5,True,,20734395,China
Q1,2-s2.0-105006437570,10.3390/agronomy15051119,Yield Estimation in Banana Orchards Based on DeepSORT and RGB-Depth Images,Zhou L.,2025,2025-05-01,Agronomy,Journal,Article,15,5,,1119,4,True,,20734395,China
Q1,2-s2.0-85217192228,10.1016/j.compag.2025.110025,Yield estimation in precision viticulture by combining deep segmentation and depth-based clustering,Devanna R.P.,2025,2025-05-01,Computers and Electronics in Agriculture,Journal,Article,232,,,110025,14,True,01681699,,Italy
Q1,2-s2.0-105010228562,10.11975/j.issn.1002-6819.202412026,Counting bagging grape using improved YOLOv9s and adaptive Kalman filter,Lyu J.,2025,2025-05-01,Nongye Gongcheng Xuebao Transactions of the Chinese Society of Agricultural Engineering,Journal,Article,41,10,195-203,,3,False,10026819,,China
Q1,2-s2.0-85217036844,10.1016/j.compag.2025.110057,In-field blueberry fruit phenotyping with a MARS-PhenoBot and customized BerryNet,Li Z.,2025,2025-05-01,Computers and Electronics in Agriculture,Journal,Article,232,,,110057,38,False,01681699,,United States
Q1,2-s2.0-105046457531,10.15517/rev.biol.trop..v73is2.64706,Agricultural landscapes in Costa Rica: forest remnants account for a rich mammal (Mammalia) community,Runnebaum M.I.,2025,2025-05-01,Revista De Biologia Tropical,Journal,Article,73,,,e64706,1,True,00347744,22152075,Costa Rica
Q1,2-s2.0-105002233789,10.3390/agriculture15070775,Research on Walnut (Juglans regia L.) Yield Prediction Based on a Walnut Orchard Point Cloud Model,Chen H.,2025,2025-04-01,Agriculture Switzerland,Journal,Article,15,7,,775,4,True,,20770472,China
Q1,2-s2.0-85215236513,10.1016/j.compag.2025.109957,Facility of tomato plant organ segmentation and phenotypic trait extraction via deep learning,Yao J.,2025,2025-04-01,Computers and Electronics in Agriculture,Journal,Article,231,,,109957,28,False,01681699,,China
Q1,2-s2.0-105002224357,10.3390/agriculture15070765,Research on an Apple Recognition and Yield Estimation Model Based on the Fusion of Improved YOLOv11 and DeepSORT,Yan Z.,2025,2025-04-01,Agriculture Switzerland,Journal,Article,15,7,,765,18,True,,20770472,China
Q1,2-s2.0-105004202401,10.1111/aje.70039,How Does a Common Fruit Bat Respond to Habitat and Environmental Variables Within an Isolated Green Zone of an African Urban Landscape?,Ayeh M.A.,2025,2025-04-01,African Journal of Ecology,Journal,Article,63,3,,e70039,0,False,01416707,13652028,Ghana
Q1,2-s2.0-105002489504,10.1002/1878-0261.70017,"Correction to “Mutant p53 proteins counteract autophagic mechanism sensitizing cancer cells to mTOR inhibition”(Mol Oncol., (2016), 10, (7), (1008–29), 10.1016/j.molonc.2016.04.001)",,2025,2025-04-01,Molecular Oncology,Journal,Erratum,19,4,1284,,0,True,15747891,18780261,
Q1,2-s2.0-85217900251,10.1016/j.jafr.2025.101736,Comparative analysis of single-view and multiple-view data collection strategies for detecting partially-occluded grape bunches: Field trials,Ariza-Sentís M.,2025,2025-03-01,Journal of Agriculture and Food Research,Journal,Article,19,,,101736,1,True,,26661543,Netherlands
Q1,2-s2.0-85212339605,10.1016/j.compag.2024.109816,Novel method for crop growth tracking with deep learning model on an Edge Rail Camera,Kum S.,2025,2025-03-01,Computers and Electronics in Agriculture,Journal,Article,230,,,109816,4,False,01681699,,South Korea
Q1,2-s2.0-85219678332,10.1016/j.atech.2025.100874,Mandarin count estimation with 360-degree tree video and transformer-based deep learning,Isobe D.,2025,2025-03-01,Smart Agricultural Technology,Journal,Article,10,,,100874,0,True,,27723755,China; Japan
Q1,2-s2.0-85218638441,10.1016/j.biosystemseng.2025.02.012,Citrus fruit diameter estimation in the field using monocular camera,Qu H.,2025,2025-03-01,Biosystems Engineering,Journal,Article,252,,47-60,,9,False,15375110,,China
Q1,2-s2.0-85215865517,10.1016/j.compag.2025.109899,A pose-versatile imaging system for comprehensive 3D modeling of planar-canopy fruit trees for automated orchard operations,Churuvija M.,2025,2025-03-01,Computers and Electronics in Agriculture,Journal,Article,230,,,109899,12,True,01681699,,United States
Q1,2-s2.0-86000622435,10.3390/agriculture15050483,Research on Apple Detection and Tracking Count in Complex Scenes Based on the Improved YOLOv7-Tiny-PDE,Cao D.,2025,2025-03-01,Agriculture Switzerland,Journal,Article,15,5,,483,9,True,,20770472,China
Q1,2-s2.0-85214687574,10.1016/j.ijbiomac.2025.139699,Novel Co-MOF-doped gelatin/agar intelligent film for beef freshness visual tracking based on the structural change of ZIF-67 under ammonia etching effect,Li R.,2025,2025-03-01,International Journal of Biological Macromolecules,Journal,Article,296,,,139699,33,False,01418130,18790003,China
Q1,2-s2.0-105001095751,10.1145/3696443.3708946,Parallaft: Runtime-Based CPU Fault Tolerance via Heterogeneous Parallelism,Zhang B.,2025,2025-03-01,Cgo 2025 Proceedings of the 23rd ACM IEEE International Symposium on Code Generation and Optimization,Conference Proceeding,Conference Paper,,,584-599,,4,True,,,United Kingdom
Q1,2-s2.0-105001122270,10.3390/agriengineering7030086,ACMSPT: Automated Counting and Monitoring System for Poultry Tracking,Cruz E.,2025,2025-03-01,Agriengineering,Journal,Article,7,3,,86,6,True,,26247402,Panama
Q1,2-s2.0-85217201105,10.1016/j.heliyon.2025.e42525,Framework for smartphone-based grape detection and vineyard management using UAV-trained AI,Vélez S.,2025,2025-02-28,Heliyon,Journal,Article,11,4,,e42525,4,True,,24058440,Germany; Netherlands
Q1,2-s2.0-85210983592,10.1016/j.compag.2024.109727,Estimation of passion fruit yield based on YOLOv8n + OC-SORT + CRCM algorithm,Tu S.,2025,2025-02-01,Computers and Electronics in Agriculture,Journal,Article,229,,,109727,22,False,01681699,,China
Q1,2-s2.0-85212441110,10.1007/s00521-024-10772-4,Estimation of orange tree production by regression from video segments under uncontrolled conditions,Mollineda R.A.,2025,2025-02-01,Neural Computing and Applications,Journal,Article,37,5,3703-3717,,0,True,09410643,14333058,Spain
Q1,2-s2.0-85218877776,10.3390/agriengineering7020048,Classification of Tomato Harvest Timing Using an AI Camera and Analysis Based on Experimental Results,Okabe Y.,2025,2025-02-01,Agriengineering,Journal,Article,7,2,,48,4,True,,26247402,Japan
Q1,2-s2.0-85210977283,10.1016/j.compag.2024.109708,Apple tree architectural trait phenotyping with organ-level instance segmentation from point cloud,Jiang L.,2025,2025-02-01,Computers and Electronics in Agriculture,Journal,Article,229,,,109708,36,False,01681699,,China; United States
Q1,2-s2.0-85210999595,10.1016/j.compag.2024.109712,Multi-scale adaptive YOLO for instance segmentation of grape pedicels,Shen Q.,2025,2025-02-01,Computers and Electronics in Agriculture,Journal,Article,229,,,109712,37,False,01681699,,China
Q1,2-s2.0-85217766657,10.3390/ani15030291,Diosmetin Delays In Vitro Aging of Porcine Oocytes by Improving Mitochondrial Function and Reducing Oxidative Stress,Ren J.J.,2025,2025-02-01,Animals,Journal,Article,15,3,,291,4,True,,20762615,China
Q1,2-s2.0-85213255669,10.1016/j.ijbiomac.2024.139085,Smart pH-sensitive indicators based on rice starch/pectin/alginate loading Lambrusco pomace extract and curcumin to track the freshness of pink shrimps,Viscusi G.,2025,2025-02-01,International Journal of Biological Macromolecules,Journal,Article,291,,,139085,17,True,01418130,18790003,Italy
Q1,2-s2.0-105007289415,10.1109/iccae64891.2025.10980575,Optimizing Fruit Yield Prediction: Evaluating Multiobject Tracking Algorithms for Calamansi Fruit Detection Using Yolov8m,Ponce-Machete R.A.,2025,2025-01-01,2025 17th International Conference on Computer and Automation Engineering Iccae 2025,Conference Proceeding,Conference Paper,,,94-98,,1,False,,,Philippines
Q1,2-s2.0-105015567268,10.13031/aim.202500502,Neural Radiance Fields for Plot-level Cotton Crop Three-dimensional Reconstruction and Yield Estimation,Jiang L.,2025,2025-01-01,2025 Asabe Annual International Meeting,Conference Proceeding,Conference Paper,,,,,2,False,,,China; United States
Q1,2-s2.0-105020277218,10.23919/ccc64809.2025.11179457,Fruitgaussian: 3D Gaussian Splatting for Automated Fruit Counting in Natural Orchard,Hong X.,2025,2025-01-01,Chinese Control Conference Ccc,Conference Proceeding,Conference Paper,,,8004-8009,,0,False,19341768,21612927,China
Q1,2-s2.0-105005391690,10.1007/978-981-97-8591-9_5,IoT-Based Smart Monitoring of Sandalwood Plant,Dhulam P.,2025,2025-01-01,Lecture Notes in Networks and Systems,Book Series,Conference Paper,1160,,53-64,,0,False,23673370,23673389,India
Q1,2-s2.0-105020208563,10.13031/ja.16282,GEOMETRIC AND MULTI-SCALE FEATURE FUSION FOR COMPLETE TREE SKELETON EXTRACTION,Qu H.,2025,2025-01-01,Journal of the Asabe,Journal,Article,68,5,869-882,,1,False,27693295,27693287,China
Q1,2-s2.0-105018740831,10.1109/isaeece66033.2025.11160002,Tree Structure Optimization Based on NeRF Reconstruction: Single-Tree Segmentation and Skeleton Extraction,Qu H.,2025,2025-01-01,2025 10th International Symposium on Advances in Electrical Electronics and Computer Engineering Isaeece 2025,Conference Proceeding,Conference Paper,,,305-311,,0,False,,,China
Q1,2-s2.0-105005935282,,"6th International Conference on Soft Computing and its Engineering Applications, icSoftComp 2024",,2025,2025-01-01,Communications in Computer and Information Science,Book Series,Conference Review,2430 CCIS,,,,0,False,18650929,18650937,
Q1,2-s2.0-105006793176,,"6th International Conference on Soft Computing and its Engineering Applications, icSoftComp 2024",,2025,2025-01-01,Communications in Computer and Information Science,Book Series,Conference Review,2431 CCIS,,,,0,False,18650929,18650937,
Q1,2-s2.0-105016307858,10.1109/sennet64220.2025.11136053,Deep Learning-Based Coconut Ripeness Classification and Yield Estimation using YOLO and Kalman Filtering,Akella A.,2025,2025-01-01,2025 International Conference on Sensors and Related Networks Sennet 2025 Special Focus on Digital Healthcare 64220,Conference Proceeding,Conference Paper,,,,,2,False,,,India
Q1,2-s2.0-105041567138,10.1109/metroagrifor66923.2025.11512512,Multi-Object Tracking for Apple Counting in Orchards Using Stereo Vision,Wei J.,2025,2025-01-01,Conference Proceedings 2025 IEEE International Workshop on Metrology for Agriculture and Forestry Metroagrifor 2025,Conference Proceeding,Conference Paper,,,196-201,,0,False,,,Germany
Q1,2-s2.0-105018317235,10.1109/cyber67662.2025.11168194,CB-YOLO-DeepSORT: Real-Time Yield Estimation for Tomatoes in Greenhouses,Xing Y.,2025,2025-01-01,15th IEEE International Conference on Cyber Technology in Automation Control and Intelligent Systems Cyber 2025,Conference Proceeding,Conference Paper,,,66-71,,1,False,,,
Q1,2-s2.0-105034171174,10.1109/prai67447.2025.11412556,GrapeCPNet: A Data-Driven Deep Learning Approach for Automated 3D Phenotyping and Predictive Analytics in Grape Cultivation,Mamtani S.,2025,2025-01-01,8th International Conference on Pattern Recognition and Artificial Intelligence Prai 2025,Conference Proceeding,Conference Paper,,,100-110,,0,False,,,United States
Q1,2-s2.0-85218212459,,"6th International conference on communication and computational technologies, ICCCT 2024",,2025,2025-01-01,Lecture Notes in Networks and Systems,Book Series,Conference Review,1122,,,,0,False,23673370,23673389,
Q1,2-s2.0-105034872302,10.1109/iceca66444.2025.11383116,Fruit Detection and Yield Estimation using Path Aggregation Feature Pyramid Network and Deep SORT Algorithm: A Case Study on Orange Fruit,Vaishnavi M.,2025,2025-01-01,Proceedings of the 9th International Conference on Electronics Communication and Aerospace Technology Iceca 2025,Conference Proceeding,Conference Paper,,,2191-2196,,1,False,,,India
Q1,2-s2.0-105010693143,10.1109/raeeucci63961.2025.11048287,Automatic Segmentation and Detection of Apples using Computer Vision,Puniya P.,2025,2025-01-01,2025 International Conference on Recent Advances in Electrical Electronics Ubiquitous Communication and Computational Intelligence Raeeucci 2025,Conference Proceeding,Conference Paper,,,,,1,False,,,India
Q1,2-s2.0-85215707213,10.3390/drones9010060,Fruit Detection and Yield Mass Estimation from a UAV Based RGB Dense Cloud for an Apple Orchard,Hobart M.,2025,2025-01-01,Drones,Journal,Article,9,1,,60,16,True,,2504446X,Germany
Q1,2-s2.0-105004644813,10.1117/12.3064926,Research on fruit 3D point cloud segmentation based on improved YOLOv8,Qin L.,2025,2025-01-01,Proceedings of SPIE the International Society for Optical Engineering,Conference Proceeding,Conference Paper,13555,,,1355543,0,False,0277786X,1996756X,China
Q1,2-s2.0-105032735341,10.1109/icscn67106.2025.11308389,YOLOv8-based Agricultural Robots for Precision Pollination and Yield Prediction,Monikapreethi S.K.,2025,2025-01-01,Proceedings of International Conference on Sustainable Communication Networks and Application Icscn 2025,Conference Proceeding,Conference Paper,,,544-549,,1,False,,,India
Q1,2-s2.0-105033236824,10.1109/iciip68302.2025.11346118,Fruit Detection and Counting Using Deep Learning,Chandra G.R.,2025,2025-01-01,Proceedings of the IEEE International Conference Image Information Processing,Conference Proceeding,Conference Paper,,,175-182,,0,False,2640074X,,India
Q1,2-s2.0-105015485173,10.13031/aim.202500347,AI-Driven Plant Tracking and Segmentation for Precise Canopy Estimation in Strawberry Field,Huang Z.,2025,2025-01-01,2025 Asabe Annual International Meeting,Conference Proceeding,Conference Paper,,,,,2,False,,,United States
Q1,2-s2.0-105037881477,10.1109/agreta68375.2025.11474109,BotonyBuddy: AI-Enabled Precision Plant Nursery Management for Multicrop Disease Classification and Phenology-Aware Age Estimation,Pallewatta P.,2025,2025-01-01,2025 IEEE International Conference on Agrosystem Engineering Technology and Applications Agreta 2025,Conference Proceeding,Conference Paper,,,138-145,,0,False,,,China; Sri Lanka
Q1,2-s2.0-105016467270,10.1088/1755-1315/1535/1/012024,Development of an inventory and mapping system for oil palm fresh fruit bunch,Azhellmee A.S.,2025,2025-01-01,Iop Conference Series Earth and Environmental Science,Conference Proceeding,Conference Paper,1535,1,,012024,0,True,17551307,17551315,Malaysia
Q1,2-s2.0-105004193148,10.1117/12.3042114,A case study on the integration of a snapshot hyperspectral field-portable imager solving fruit quality assessment,Cho S.H.,2025,2025-01-01,Proceedings of SPIE the International Society for Optical Engineering,Conference Proceeding,Conference Paper,13373,,,1337304,0,False,0277786X,1996756X,United Kingdom
Q1,2-s2.0-85210279396,10.1016/j.compag.2024.109673,High-throughput 3D shape completion of potato tubers on a harvester,Blok P.M.,2025,2025-01-01,Computers and Electronics in Agriculture,Journal,Article,228,,,109673,11,True,01681699,,Japan
Q1,2-s2.0-105001704832,,"17th International Conference on Agents and Artificial Intelligence, ICAART 2025",,2025,2025-01-01,International Conference on Agents and Artificial Intelligence,Conference Proceeding,Conference Review,2,,,,0,False,21843589,2184433X,
Q1,2-s2.0-105001980577,,"17th International Conference on Agents and Artificial Intelligence, ICAART 2025",,2025,2025-01-01,International Conference on Agents and Artificial Intelligence,Conference Proceeding,Conference Review,3,,,,0,False,21843589,2184433X,
Q1,2-s2.0-105013188208,10.1109/rait65068.2025.11089445,Automated Segmentation and Counting of different varieties of Mango Trees in UAV-videos,Pichhika H.C.,2025,2025-01-01,6th IEEE International Conference on Recent Advances in Information Technology Rait 2025,Conference Proceeding,Conference Paper,,,,,0,False,,,India
Q1,2-s2.0-105001700137,,"17th International Conference on Agents and Artificial Intelligence, ICAART 2025",,2025,2025-01-01,International Conference on Agents and Artificial Intelligence,Conference Proceeding,Conference Review,1,,,,0,False,21843589,2184433X,
Q1,2-s2.0-105017852533,10.1109/cvprw67362.2025.00541,"AppleGrowthVision: A Large-Scale Stereo Dataset for Phenological Analysis, Fruit Detection, and 3D Reconstruction in Apple Orchards",Von Hirschhausen L.S.,2025,2025-01-01,IEEE Computer Society Conference on Computer Vision and Pattern Recognition Workshops,Conference Proceeding,Conference Paper,,,5443-5450,,3,False,21607508,21607516,Germany
Q1,2-s2.0-105002585640,10.1117/12.3041748,Handheld snapshot hyperspectral video spectroscopy for precision viticulture,Kwok K.,2025,2025-01-01,Proceedings of SPIE the International Society for Optical Engineering,Conference Proceeding,Conference Paper,13357,,,133570F,0,False,0277786X,1996756X,United Kingdom
Q1,2-s2.0-105007597817,10.1109/icuas65942.2025.11007888,Autonomous UAV Navigation and Mapping for Accurate Fruit Detection and Counting in Controlled Environments: Simulation and Real-World Validation,Garg K.,2025,2025-01-01,2025 International Conference on Unmanned Aircraft Systems Icuas 2025,Conference Proceeding,Conference Paper,,,243-248,,2,False,,,India
Q1,2-s2.0-105029920885,10.1109/iros60139.2025.11247341,FruitNeRF++: A Generalized Multi-Fruit Counting Method Utilizing Contrastive Learning and Neural Radiance Fields,Meyer L.,2025,2025-01-01,IEEE International Conference on Intelligent Robots and Systems,Conference Proceeding,Conference Paper,,,1717-1724,,2,False,21530858,21530866,Germany
Q1,2-s2.0-105005655301,10.1007/978-3-031-87663-9_22,BPCS: Multi-view Bus Passenger Counting System,Mokin A.K.,2025,2025-01-01,Lecture Notes in Computer Science,Book Series,Conference Paper,15616 LNCS,,258-273,,1,False,03029743,16113349,Russian Federation
Q1,2-s2.0-105003910427,,"19th International Conference on Intelligent Information Hiding and Multimedia Signal Processing, IIH-MSP 2023, in conjunction with the 11th International Conference on Orange Technology, Applications, and Tools, ICOT 2023",,2025,2025-01-01,Smart Innovation Systems and Technologies,Book Series,Conference Review,415,,,,0,False,21903018,21903026,
Q1,2-s2.0-105003640946,10.1109/wacv61041.2025.00125,Agtech Framework for Cranberry-Ripening Analysis Using Vision Foundation Models,Johnson F.,2025,2025-01-01,Proceedings 2025 IEEE Winter Conference on Applications of Computer Vision Wacv 2025,Conference Proceeding,Conference Paper,,,1207-1216,,2,False,,,United States
Q1,2-s2.0-105017855555,10.1109/cvprw67362.2025.00012,PineSORT: A Simple Online Real-Time Tracking Framework for Drone Videos in Agriculture,Xie-Li D.,2025,2025-01-01,IEEE Computer Society Conference on Computer Vision and Pattern Recognition Workshops,Conference Proceeding,Conference Paper,,,65-74,,4,False,21607508,21607516,Costa Rica
Q1,2-s2.0-105015893120,10.23919/fusion65864.2025.11124157,An Object-Tracking Technique for Counting Grape Clusters in Brazilian Northeast's Pergola Vineyards,Sasse A.M.,2025,2025-01-01,Proceedings of the 2025 28th International Conference on Information Fusion Fusion 2025,Conference Proceeding,Conference Paper,,,,,0,False,,,Brazil
Q1,2-s2.0-105017816928,10.3390/engproc2025108010,Advanced Machine Learning Method for Watermelon Identification and Yield Estimation †,Farooq M.,2025,2025-01-01,Engineering Proceedings,Journal,Article,108,1,,10,1,True,,26734591,Taiwan
Q1,2-s2.0-105037922558,10.1109/icrami64946.2025.11472714,Real-Time Fruit Detection and Counting,Issad H.A.,2025,2025-01-01,Icrami 2025 2025 International Conference on Recent Advances in Mathematics and Informatics,Conference Proceeding,Conference Paper,,,,,0,False,,,Algeria
Q1,2-s2.0-105010586337,10.1109/lra.2025.3588037,Spatio-Temporal Metric-Semantic Mapping for Persistent Orchard Monitoring: Method and Dataset,Lei J.,2025,2025-01-01,IEEE Robotics and Automation Letters,Journal,Article,10,8,8610-8617,,3,False,,23773766,United States
Q1,2-s2.0-105033338842,10.1109/c366505.2025.11340275,Performance Evaluation of Detection and Tracking Algorithms for Automated Grape Cluster Counting,Kemper R.J.H.,2025,2025-01-01,C3 2025 IEEE Colombian Caribbean Conference,Conference Proceeding,Conference Paper,,,,,0,False,,,Peru
Q1,2-s2.0-105041745943,10.1109/icrm66809.2025.11349040,A Deep Learning application for Accurate Oil Palm Counting by Eliminating Re-counting Errors in UAV Imagery,Pragatheesh L.G.,2025,2025-01-01,2025 International Conference on Robotics and Mechatronics Icrm 2025,Conference Proceeding,Conference Paper,,,,,0,False,,,India
Q1,2-s2.0-85216469688,10.13925/j.cnki.gsxb.20240370,Identification of plum PsNAC gene family and its expression patterns in development of fruit hollowness and browning,Deng H.,2025,2025-01-01,Journal of Fruit Science,Journal,Article,42,1,48-62,,0,False,10099980,,China
Q1,2-s2.0-105006572808,10.1109/icce63647.2025.10929935,Counting of Pear Flower Buds in Images by Judging Acquisition Conditions and Matching Keypoints,Hanakawa T.,2025,2025-01-01,Digest of Technical Papers IEEE International Conference on Consumer Electronics,Conference Proceeding,Conference Paper,,,,,0,False,0747668X,21591423,Japan
Q1,2-s2.0-105022721011,10.1109/hpcc67675.2025.00132,"Optimizing Fruit Harvesting Through a High-Performance Deep Learning Framework for Detection, Tracking, and Automated Counting.",Majdalawieh M.,2025,2025-01-01,Proceedings 2025 27th IEEE International Conference on High Performance Computing and Communications 11th IEEE International Conference on Data Science and Systems 23rd IEEE International Conference on Smart City 11th IEEE International Conference on Dependability in Sensor Cloud and Big Data Systems and Applications and 21st IEEE International Conference on Embedded Software and Systems Hpcc Dss Smartcity Dependsys Icess 2025,Conference Proceeding,Conference Paper,,,888-895,,0,False,,,United Arab Emirates
Q1,2-s2.0-105011286182,10.1109/usbereit65494.2025.11054182,YOLO-family Comparison for Segmentation and Identification of Tomato Stems for Agronomic Tasks,Maslennikov V.,2025,2025-01-01,Proceedings 2025 IEEE Ural Siberian Conference on Biomedical Engineering Radioelectronics and Information Technology Usbereit 2025,Conference Proceeding,Conference Paper,,,284-287,,0,False,,,Russian Federation
Q1,2-s2.0-105018736080,10.1109/icicr65456.2025.00136,"YOLOv8 vs. SSD for Apple Detection in Agriculture: Performance, Overlap Handling and Volume Estimation",Jiang L.,2025,2025-01-01,Proceedings 2025 2nd International Conference on Intelligent Computing and Robotics Icicr 2025,Conference Proceeding,Conference Paper,,,760-767,,0,False,,,China
Q1,2-s2.0-105001945455,10.5220/0013172900003890,Coconut Palm Tree Counting on Drone Images with Deep Object Detection and Synthetic Training Data,Rohe T.,2025,2025-01-01,International Conference on Agents and Artificial Intelligence,Conference Proceeding,Conference Paper,3,,662-669,,0,True,21843589,2184433X,Germany
Q1,2-s2.0-105024698864,10.3389/fpls.2025.1682024,Maturity detection and counting of blueberries in real orchards using a 1novel STF-YOLO model integrated with ByteTrack algorithm,Wu N.,2025,2025-01-01,Frontiers in Plant Science,Journal,Article,16,,,1682024,10,True,,1664462X,China
Q1,2-s2.0-105026960782,10.1109/icsima66552.2025.11233648,Automated Muskmelon Counting in Real Farm Environment using YOLOv11n,Louis F.,2025,2025-01-01,Proceeding of the IEEE International Conference on Smart Instrumentation Measurement and Applications Icsima,Journal,Conference Paper,,2025,115-119,,0,False,26406543,26406535,France
Q1,2-s2.0-105041570960,10.1109/rcsm67767.2025.11507243,GFDR: Guava Fruit Database Repository,Chouhan S.S.,2025,2025-01-01,2025 IEEE 1st International Conference on Recent Trends in Computing and Smart Mobility Rcsm 2025,Conference Proceeding,Conference Paper,,,,,0,False,,,India
Q1,2-s2.0-105005128060,10.4018/979-8-3373-0563-9.ch024,Machine Learning and Deep Learning Methodology in Automated Fruit Grading: A Systematic Review,Kumari N.,2025,2025-01-01,Deep Learning Innovations for Securing Critical Infrastructures,Book,Book Chapter,,,405-416,,0,False,,,India
Q1,2-s2.0-105026663088,10.1007/978-3-031-89537-1_13,A Cost-Effective Driver Behaviour Detection System Using Deep Learning,Lawal C.,2025,2025-01-01,Signals and Communication Technology,Book Series,Book Chapter,Part F1039,,133-142,,0,False,18604862,18604870,Nigeria
Q1,2-s2.0-105030080757,10.1109/discover66922.2025.11258974,Copra Detection and Grading for Agricultural Quality Automation,Shetty M.,2025,2025-01-01,2025 IEEE International Conference on Distributed Computing VLSI Electrical Circuits and Robotics Discover 2025 Proceedings,Conference Proceeding,Conference Paper,,,55-60,,0,False,,,India
Q1,2-s2.0-85210156698,10.1007/978-3-031-73497-7_15,An Apple Counting System Robust to Multiple Intermittent Occlusions,Matos G.P.,2025,2025-01-01,Lecture Notes in Computer Science Including Subseries Lecture Notes in Artificial Intelligence and Lecture Notes in Bioinformatics,Book Series,Conference Paper,14967 LNAI,,181-192,,0,False,03029743,16113349,Portugal
Q1,2-s2.0-105013762589,10.1109/jiot.2025.3600531,Hierarchical 3D Scene Graph based Semantic-Metric SLAM for Plant Inspection and Fruit Counting in Intelligent Hydroponics System,Yang W.,2025,2025-01-01,IEEE Internet of Things Journal,Journal,Article,,,,,1,False,,23274662,Hong Kong
Q1,2-s2.0-105033226236,10.1109/iccteie66144.2025.11341822,Comparative Analysis of ConvNeXt and Vision Transformer Models for Banana Ripeness Classification,Isnanto R.R.,2025,2025-01-01,2025 International Conference on Converging Technology in Electrical and Information Engineering Iccteie 2025,Conference Proceeding,Conference Paper,,,177-182,,1,False,,,Indonesia
Q1,2-s2.0-105005482729,10.1080/21681163.2025.2485095,Computer vision versus wearables assessment of the up-on-the-toes 30-second test,Jaber R.,2025,2025-01-01,Computer Methods in Biomechanics and Biomedical Engineering Imaging and Visualization,Journal,Article,13,1,,2485095,2,True,21681163,21681171,United Kingdom
Q1,2-s2.0-105032742552,10.1109/icscn67106.2025.11308638,A Transformer-Based Framework for Real-Time Human Activity Recognition,Sawan V.,2025,2025-01-01,Proceedings of International Conference on Sustainable Communication Networks and Application Icscn 2025,Conference Proceeding,Conference Paper,,,1304-1309,,0,False,,,India
Q1,2-s2.0-85219198177,,"15th International Conference on e-Infrastructure and e-Services for Developing Countries, AFRICOMM 2023",,2025,2025-01-01,Lecture Notes of the Institute for Computer Sciences Social Informatics and Telecommunications Engineering Lnicst,Book Series,Conference Review,587 LNICST,,,,0,False,18678211,1867822X,
Q1,2-s2.0-85219177256,,"15th International Conference on e-Infrastructure and e-Services for Developing Countries, AFRICOMM 2023",,2025,2025-01-01,Lecture Notes of the Institute for Computer Sciences Social Informatics and Telecommunications Engineering Lnicst,Book Series,Conference Review,588 LNICST,,,,0,False,18678211,1867822X,
Q1,2-s2.0-105035377581,10.1109/iccvit67848.2025.11391369,SCA-YOLOv11: An Enhanced YOLOv11-Based Approach for Small Wild Bird Target Detection,He H.,2025,2025-01-01,2025 3rd International Conference on Computer Vision and Intelligent Technology Iccvit 2025 Proceedings,Conference Proceeding,Conference Paper,,,,,0,False,,,China
Q1,2-s2.0-105034391980,10.1109/icrae67496.2025.00038,Design and Simulation of a Banana Bunch Grabbing and Transporting Device Based on Unmanned Aerial Vehicle,Guo J.,2025,2025-01-01,Proceedings 2025 10th International Conference on Robotics and Automation Engineering Icrae 2025,Conference Proceeding,Conference Paper,,,192-201,,0,False,,,China
Q1,2-s2.0-105034844010,10.1109/ic-ftai67960.2025.11384131,Secure and Efficient AI Architectures for Real-Time Video Forensics,Badawy W.,2025,2025-01-01,2025 International Conference on Future Telecommunications and Artificial Intelligence IC Ftai 2025 Proceedings,Conference Proceeding,Conference Paper,,,,,0,False,,,Egypt
Q1,2-s2.0-105013846478,10.1109/dcoss-iot65416.2025.00046,(Poster) ARSecure: A Novel End-to-End Encryption Messaging System using Augmented Reality,Alsop H.,2025,2025-01-01,Proceedings 2025 21st International Conference on Distributed Computing in Smart Systems and the Internet of Things Dcoss Iot 2025,Conference Proceeding,Conference Paper,,,271-273,,1,False,,,United Kingdom
Q1,2-s2.0-105046178255,10.1109/ceii67787.2025.00022,Intelligent Detection for Fruit Freshness and Perishability,Yuen M.C.,2025,2025-01-01,Proceedings 2025 8th Asia Conference on Cognitive Engineering and Intelligent Interaction Ceii 2025,Conference Proceeding,Conference Paper,,,76-83,,0,False,,,Hong Kong
Q1,2-s2.0-105019981289,10.1080/08839514.2025.2576891,Automated Tomato Sorting and Counting Using YOLOv11 for Industrial and Precision Agriculture Applications,Cintas Donizette A.,2025,2025-01-01,Applied Artificial Intelligence,Journal,Article,39,1,,2576891,3,True,08839514,10876545,Brazil
Q1,2-s2.0-105031765523,10.1109/is264627.2025.11284581,Effects of Instructional Modality on Performance Anxiety and Stress in Sight-Singing,Oehler M.,2025,2025-01-01,2025 IEEE 6th International Symposium on the Internet of Sounds Is2 2025,Conference Proceeding,Conference Paper,,,,,0,False,,,Germany
Q1,2-s2.0-105015528499,10.1109/icetran66854.2025.11114225,A Way to Identify Potential Functions for Vectorization for RISC-V,Stojković D.,2025,2025-01-01,Proceedings 12th International Conference on Electrical Electronic and Computing Engineering Icetran 2025,Conference Proceeding,Conference Paper,,,,,0,False,,,Serbia
Q1,2-s2.0-105013056129,10.1109/cvidl65390.2025.11085679,INSA-YOLOv8: An Apple Quality Detection and Sorting Algorithm,Yang J.,2025,2025-01-01,2025 6th International Conference on Computer Vision Image and Deep Learning Cvidl 2025,Conference Proceeding,Conference Paper,,,159-164,,0,False,,,China
Q1,2-s2.0-105015552278,10.13031/aim.202500681,Real-time Weed Species Localization and Tracking for Intra-Row Weed Density Estimation in Apple Orchards,Arthur L.,2025,2025-01-01,2025 Asabe Annual International Meeting,Conference Proceeding,Conference Paper,,,,,0,False,,,United States
Q1,2-s2.0-105032539058,10.53452/tu3015,SEASONAL VARIATION IN RED FOX (VULPES VULPES) DIET ACROSS AGRICULTURAL AND FOREST HABITATS IN CENTRAL HUNGARY,Zhelitski I.,2025,2025-01-01,Theriologia Ukrainica,Journal,Article,30,,142-151,,0,True,26167379,26171120,Ukraine
Q1,2-s2.0-105021305413,10.1123/jmpb.2025-0012,Assessing the Step Count Accuracy and Reliability of Four Commercial Smart Watches,Rider B.C.,2025,2025-01-01,Journal for the Measurement of Physical Behaviour,Journal,Article,8,1,,,0,False,25756605,25756613,United States
Q1,2-s2.0-105033459408,10.1109/qai63978.2025.00067,Quantum Fuzzy Edge Detection Algorithm: An Industrial Application,Nunziata G.,2025,2025-01-01,Proceedings 2025 IEEE International Conference on Quantum Artificial Intelligence Qai 2025,Conference Proceeding,Conference Paper,,,395-400,,0,False,,,Italy
Q1,2-s2.0-105018073424,10.2514/6.2025-3670,Comparison Between Experimental Low-Cost and High Grade out of the Box Receiver,Hubbard A.M.,2025,2025-01-01,AIAA Aviation Forum and Ascend 2025,Conference Proceeding,Conference Paper,,,,,0,False,,,United States
Q1,2-s2.0-105002792447,10.1109/jiot.2025.3561130,IoT-Based Precision Litchi Tracking and Counting Method Using Gated Metrics,Lu J.,2025,2025-01-01,IEEE Internet of Things Journal,Journal,Article,,,,,1,False,,23274662,China
Q1,2-s2.0-105017962151,10.1109/icaita67588.2025.11137869,Lightweight Feature Enhancement Networks Fusing Null Convolution and Attention Mechanisms,Li W.,2025,2025-01-01,2025 7th International Conference on Artificial Intelligence Technologies and Applications Icaita 2025,Conference Proceeding,Conference Paper,,,208-215,,0,False,,,China
Q1,2-s2.0-105008286741,10.3389/fnut.2025.1539861,Delivering youth nutrition interventions through school-based gardening of indigenous vegetables and fruits and WhatsApp nutrition education in Southwest Nigeria: non-randomized study protocol,Atoloye A.T.,2025,2025-01-01,Frontiers in Nutrition,Journal,Article,12,,,1539861,3,True,,2296861X,United States
Q1,2-s2.0-105010594986,10.1109/iscas56072.2025.11043596,Improved Encoding for Overfitted Video Codecs,Leguay T.,2025,2025-01-01,Proceedings IEEE International Symposium on Circuits and Systems,Conference Proceeding,Conference Paper,,,,,4,False,02714310,,France
Q1,2-s2.0-105008367941,10.1007/978-3-031-90194-2_8,Fabrication of a Low-Cost 3D Printed Vestibulo-Cochlear Model for Diagnosis and Treatment of Benign Paroxysmal Positional Vertigo,Lu D.M.,2025,2025-01-01,Ifmbe Proceedings,Conference Proceeding,Conference Paper,122,,103-112,,0,False,16800737,14339277,Viet Nam
Q1,2-s2.0-105028064381,10.4324/9781003295556-16,Telectroscopy,,2025,2025-01-01,Electric Power in Victorian Britain Volume I Electric Power Imagined,Book,Book Chapter,1,,95-95,,0,False,,,
Q1,2-s2.0-85213427666,10.3390/jimaging10120324,Exploiting 2D Neural Network Frameworks for 3D Segmentation Through Depth Map Analytics of Harvested Wild Blueberries (Vaccinium angustifolium Ait.),Mullins C.C.,2024,2024-12-01,Journal of Imaging,Journal,Article,10,12,,324,5,True,,2313433X,Canada
Q1,2-s2.0-85208473290,10.1016/j.compag.2024.109607,An automatic 3D tomato plant stemwork phenotyping pipeline at internode level based on tree quantitative structural modelling algorithm,Xin B.,2024,2024-12-01,Computers and Electronics in Agriculture,Journal,Article,227,,,109607,13,True,01681699,,China; Netherlands
Q1,2-s2.0-85206013483,10.1016/j.compag.2024.109530,Oil palm tree detection in UAV imagery using an enhanced RetinaNet,Lee S.S.,2024,2024-12-01,Computers and Electronics in Agriculture,Journal,Article,227,,,109530,28,True,01681699,,Malaysia
Q1,2-s2.0-85208265623,10.1007/s10044-024-01329-1,LDC-PP-YOLOE: a lightweight model for detecting and counting citrus fruit,Lv Y.,2024,2024-12-01,Pattern Analysis and Applications,Journal,Article,27,4,,114,8,False,14337541,1433755X,China
Q1,2-s2.0-85197352124,10.1016/j.eswa.2024.124587,Advancing tracking-by-detection with MultiMap: Towards occlusion-resilient online multiclass strawberry counting,Zhou X.,2024,2024-12-01,Expert Systems with Applications,Journal,Article,255,,,124587,20,True,09574174,,Canada
Q1,2-s2.0-85211936724,10.3390/rs16234531,Burned Olive Trees Identification with a Deep Learning Approach in Unmanned Aerial Vehicle Images,Vasilakos C.,2024,2024-12-01,Remote Sensing,Journal,Article,16,23,,4531,7,True,,20724292,Greece
Q1,2-s2.0-85208248760,10.1016/j.compag.2024.109564,StraTracker: A dynamic counting method for growing strawberries based on multi-target tracking,An Q.,2024,2024-12-01,Computers and Electronics in Agriculture,Journal,Article,227,,,109564,21,False,01681699,,China
Q1,2-s2.0-105000423580,10.56042/ijems.v31i6.10931,"The functionality and features of AI automated detector and counter, Oto-BaCTM for bagworm census in oil palm plantation",Ahmad M.N.,2024,2024-12-01,Indian Journal of Engineering and Materials Sciences,Journal,Article,31,6,914-921,,2,True,09714588,09751017,Malaysia
Q1,2-s2.0-85218346272,10.11975/j.issn.1002-6819.202407205,Counting tomatoes with different maturities using ultra-depth masking and improved YOLOv8,Zhang R.,2024,2024-12-01,Nongye Gongcheng Xuebao Transactions of the Chinese Society of Agricultural Engineering,Journal,Article,40,24,146-156,,11,False,10026819,,China
Q1,2-s2.0-85211779157,10.3390/ijms252312936,Comprehensive Genome-Wide Identification and Expression Profiling of bHLH Transcription Factors in Areca catechu Under Abiotic Stress,Ali A.,2024,2024-12-01,International Journal of Molecular Sciences,Journal,Article,25,23,,12936,4,True,16616596,14220067,China
Q1,2-s2.0-85206250634,10.1016/j.nima.2024.169971,Commissioning of the MIGDAL detector with fast neutrons at NILE/ISIS,Millins L.,2024,2024-12-01,Nuclear Instruments and Methods in Physics Research Section A Accelerators Spectrometers Detectors and Associated Equipment,Journal,Article,1069,,,169971,0,True,01689002,,United Kingdom
Q1,2-s2.0-85214352916,10.2166/wpt.2024.281,"Diclofenac sodium removal by powdered activated carbon of coconut endocarp: process optimization, kinetics, and isotherms",Medeiros G.d.R.,2024,2024-12-01,Water Practice and Technology,Journal,Article,19,12,4906-4927,,5,True,1751231X,,Brazil
Q1,2-s2.0-85208645358,10.3390/s24217012,Automatic Apple Detection and Counting with AD-YOLO and MR-SORT,Yang X.,2024,2024-11-01,Sensors,Journal,Article,24,21,,7012,18,True,,14248220,China
Q1,2-s2.0-85198560016,10.1111/ecog.07377,Tracking shifts in forest structural complexity through space and time in human-modified tropical landscapes,Rosen A.,2024,2024-11-01,Ecography,Journal,Article,2024,11,,e07377,12,True,09067590,16000587,United Kingdom
Q1,2-s2.0-85203516615,10.1016/j.compag.2024.109379,Multi-Object Tracking in Agricultural Applications using a Vision Transformer for Spatial Association,Hernandez B.,2024,2024-11-01,Computers and Electronics in Agriculture,Journal,Article,226,,,109379,8,True,01681699,,United States
Q1,2-s2.0-85205782406,10.1016/j.heliyon.2024.e37997,Field-grown tomato yield estimation using point cloud segmentation with 3D shaping and RGB pictures from a field robot and digital single lens reflex cameras,Ambrus B.,2024,2024-10-30,Heliyon,Journal,Article,10,20,,e37997,13,True,,24058440,Hungary
Q1,2-s2.0-85207839057,10.32985/ijeces.15.9.5,On-Tree Mango Fruit Count Using Live Video-Split Image Dataset to Predict Better Yield at Pre-Harvesting Stage,Nenavath D.N.,2024,2024-10-16,International Journal of Electrical and Computer Engineering Systems,Journal,Article,15,9,771-782,,4,True,18476996,18477003,India
Q1,2-s2.0-85211334595,10.1051/bioconf/202413001007,Intelligent crop yield prediction system using neural networks and databases,Kutyrev A.,2024,2024-10-09,Bio Web of Conferences,Conference Proceeding,Conference Paper,130,,,01007,2,True,22731709,21174458,Russian Federation
Q1,2-s2.0-85207661077,10.3390/drones8100541,Chestnut Burr Segmentation for Yield Estimation Using UAV-Based Imagery and Deep Learning,Carneiro G.A.,2024,2024-10-01,Drones,Journal,Article,8,10,,541,6,True,,2504446X,Portugal
Q1,2-s2.0-85206573264,10.3390/plants13192726,Genome-Wide Identification and Expression Analysis of GST Genes during Light-Induced Anthocyanin Biosynthesis in Mango (Mangifera indica L.),Yuan S.,2024,2024-10-01,Plants,Journal,Article,13,19,,2726,8,True,,22237747,China
Q1,2-s2.0-85212255884,,A Simulation Study of the GRAPES-3 Sensitivity to Primary Cosmic Ray Composition with the Expanded Muon Telescope,Pathak A.,2024,2024-09-27,Proceedings of Science,Conference Proceeding,Conference Paper,444,,,545,0,False,,18248039,India
Q1,2-s2.0-85212272938,,A new approach to determine muon multiplicity at the GRAPES-3 experiment,Scaria R.,2024,2024-09-27,Proceedings of Science,Conference Proceeding,Conference Paper,444,,,514,0,False,,18248039,India
Q1,2-s2.0-85205274476,10.1016/j.celrep.2024.114656,The cohesin ATPase cycle is mediated by specific conformational dynamics and interface plasticity of SMC1A and SMC3 ATPase domains,Vitoria Gomes M.,2024,2024-09-24,Cell Reports,Journal,Article,43,9,,114656,7,True,26391856,22111247,France
Q1,2-s2.0-85198010832,10.1016/j.compag.2024.109199,Multiple orange detection and tracking with 3-D fruit relocalization and neural-net based yield regression in commercial sweet orange orchards,Santos T.T.,2024,2024-09-01,Computers and Electronics in Agriculture,Journal,Article,224,,,109199,17,False,01681699,,Brazil
Q1,2-s2.0-85196200350,10.1016/j.compag.2024.109164,Assessing a multi-camera system to enhance fruit visibility for robotic harvesting in a V-trellised apple orchard,Villacrés J.,2024,2024-09-01,Computers and Electronics in Agriculture,Journal,Article,224,,,109164,17,True,01681699,,United States
Q1,2-s2.0-85197361193,10.1016/j.compag.2024.109177,"SLAM-PYE: Tightly coupled GNSS-binocular-inertial fusion for pitaya positioning, counting, and yield estimation",Wang H.,2024,2024-09-01,Computers and Electronics in Agriculture,Journal,Article,224,,,109177,4,False,01681699,,China
Q1,2-s2.0-85198274658,10.1016/j.compag.2024.109213,An automatic tracking method for fruit abscission of litchi using convolutional networks,Huang T.,2024,2024-09-01,Computers and Electronics in Agriculture,Journal,Article,224,,,109213,5,True,01681699,,China
Q1,2-s2.0-85207086642,10.11975/j.issn.1002-6819.202404120,Online target detection and fast localisation of citrus fruits in irregularly disturbed state,Lou H.,2024,2024-09-01,Nongye Gongcheng Xuebao Transactions of the Chinese Society of Agricultural Engineering,Journal,Article,40,18,155-166,,2,False,10026819,,China
Q1,2-s2.0-85203977129,10.1094/pdis-04-24-0736-sc,Arthrocladiella mougeotii Causing Powdery Mildew on Goji Berry Plants (Lycium barbarum and L. chinense) and Mixed Infections with Phyllactinia chubutiana in California,Elfar K.,2024,2024-09-01,Plant Disease,Journal,Article,108,9,2668-2671,,5,False,01912917,19437692,United States
Q1,2-s2.0-85217732966,10.36548/jiip.2024.3.004,Food Calories Generator through Deep Learning,Kousik A.M.,2024,2024-09-01,Journal of Innovative Image Processing,Journal,Article,6,3,262-272,,0,True,,25824252,India
Q1,2-s2.0-85203962525,10.1063/5.0229292,Palm fruit harvesting using IoT-based fruit counting system,Narendran R.,2024,2024-08-30,Aip Conference Proceedings,Conference Proceeding,Conference Paper,3161,1,,020162,5,False,0094243X,15517616,Malaysia
Q1,2-s2.0-85195402576,10.1016/j.biocontrol.2024.105551,Proactive biological control of spotted lanternfly: Parasitism and host feeding behavior of Anastatus orientalis (Hymenoptera: Eupelmidae) on Lycorma delicatula (Hemiptera: Fulgoridae) egg masses,Gómez Marco F.,2024,2024-08-01,Biological Control,Journal,Article,195,,,105551,9,True,10499644,,United States
Q1,2-s2.0-85189083615,10.1016/j.foodcont.2024.110471,Quantitative and qualitative approach for accessing and predicting food safety using various web-based tools,Abid H.M.R.,2024,2024-08-01,Food Control,Journal,Review,162,,,110471,48,False,09567135,,Pakistan
Q1,2-s2.0-85187512139,10.1016/j.foodcont.2024.110427,Surveillance and source tracking of foodborne pathogens in the vegetable production systems of India,Mohanapriya R.,2024,2024-08-01,Food Control,Journal,Article,162,,,110427,9,False,09567135,,India
Q1,2-s2.0-85192574955,10.1016/j.biosystemseng.2024.04.017,3D pose estimation of tomato peduncle nodes using deep keypoint detection and point cloud,Ci J.,2024,2024-07-01,Biosystems Engineering,Journal,Article,243,,57-69,,32,True,15375110,,Netherlands
Q1,2-s2.0-85196910908,10.1051/e3sconf/202453710023,Training of a Convolutional Neural Network for the Classification of Coffee Fruit State,Alvaro F.V.M.,2024,2024-06-13,E3s Web of Conferences,Conference Proceeding,Conference Paper,537,,,10023,0,True,25550403,22671242,Honduras
Q1,2-s2.0-85197946797,10.3390/drones8060216,Predicting Grape Yield with Vine Canopy Morphology Analysis from 3D Point Clouds Generated by UAV Imagery,Šupčík A.,2024,2024-06-01,Drones,Journal,Article,8,6,,216,11,True,,2504446X,Slovakia
Q1,2-s2.0-85192452093,10.1016/j.dib.2024.110497,"EscaYard: Precision viticulture multimodal dataset of vineyards affected by Esca disease consisting of geotagged smartphone images, phytosanitary status, UAV 3D point clouds and Orthomosaics",Vélez S.,2024,2024-06-01,Data in Brief,Journal,Data Paper,54,,,110497,14,True,,23523409,Netherlands
Q1,2-s2.0-85197283802,10.3390/rs16122142,Dynamic Slicing and Reconstruction Algorithm for Precise Canopy Volume Estimation in 3D Citrus Tree Point Clouds,Li W.,2024,2024-06-01,Remote Sensing,Journal,Article,16,12,,2142,14,True,,20724292,China
Q1,2-s2.0-85191379122,10.1016/j.dib.2024.110432,GrapeMOTS: UAV vineyard dataset with MOTS grape bunch annotations recorded from multiple perspectives for enhanced object detection and tracking,Ariza-Sentís M.,2024,2024-06-01,Data in Brief,Journal,Data Paper,54,,,110432,8,True,,23523409,Netherlands
Q1,2-s2.0-85188562002,10.1007/s11119-024-10132-1,A passion fruit counting method based on the lightweight YOLOv5s and improved DeepSORT,Tu S.,2024,2024-06-01,Precision Agriculture,Journal,Article,25,3,1731-1750,,24,False,13852256,15731618,China
Q1,2-s2.0-85193976442,10.1016/j.jafr.2024.101154,"Advancements in machine visions for fruit sorting and grading: A bibliometric analysis, systematic review, and future research directions",Olorunfemi B.O.,2024,2024-06-01,Journal of Agriculture and Food Research,Journal,Review,16,,,101154,64,True,,26661543,South Africa
Q1,2-s2.0-85194248295,10.3390/agriculture14050784,Simultaneous Localization and Mapping System for Agricultural Yield Estimation Based on Improved VINS-RGBD: A Case Study of a Strawberry Field,Yuan Q.,2024,2024-05-01,Agriculture Switzerland,Journal,Article,14,5,,784,13,True,,20770472,China
Q1,2-s2.0-85189933408,10.1016/j.compag.2024.108911,Predicting the growth trajectory and yield of greenhouse strawberries based on knowledge-guided computer vision,Yang Q.,2024,2024-05-01,Computers and Electronics in Agriculture,Journal,Article,220,,,108911,12,False,01681699,,United States
Q1,2-s2.0-85195697196,10.17660/actahortic.2024.1395.15,Applying a solar model to LiDAR images of an agrivoltaic pear orchard,Bonzi L.,2024,2024-05-01,Acta Horticulturae,Book Series,Article,,1395,111-118,,5,False,05677572,24066168,Italy
Q1,2-s2.0-85195644235,10.17660/actahortic.2024.1395.52,A computer vision approach for estimating fruit growth rate in orchards,Manfrini L.,2024,2024-05-01,Acta Horticulturae,Book Series,Article,,1395,393-399,,3,False,05677572,24066168,Italy
Q1,2-s2.0-85189680138,10.1016/j.compag.2024.108900,Real-time statistical algorithm for cherry tomatoes with different ripeness based on depth information mapping,Meng Z.,2024,2024-05-01,Computers and Electronics in Agriculture,Journal,Article,220,,,108900,37,True,01681699,,China
Q1,2-s2.0-85195634410,10.17660/actahortic.2024.1395.38,Advanced methods for yield mapping in tart cherries: tank change tracking and YOLO-DeepSort fruit counting,Safre A.,2024,2024-05-01,Acta Horticulturae,Book Series,Article,,1395,289-296,,2,False,05677572,24066168,United States
Q1,2-s2.0-85187409058,10.1109/tvcg.2024.3372087,"Berkeley Open Extended Reality Recordings 2023 (BOXRR-23): 4.7 Million Motion Capture Recordings from 105,000 XR Users",Nair V.,2024,2024-05-01,IEEE Transactions on Visualization and Computer Graphics,Journal,Article,30,5,2239-2246,,11,False,10772626,19410506,United States
Q1,2-s2.0-85191311518,10.1016/j.hpj.2022.11.008,Genome sequencing provides insights into Caprifoliaceae genome evolution and the mechanism underlying second blooming phenomenon in Heptacodium miconioides,Li Y.,2024,2024-05-01,Horticultural Plant Journal,Journal,Article,10,3,897-910,,7,True,20959885,24680141,China
Q1,2-s2.0-85190466782,10.1063/5.0196960,Fruit yield estimation and forecasting for precision agriculture,Ashokan A.,2024,2024-04-02,Aip Conference Proceedings,Conference Proceeding,Conference Paper,3037,1,,020036,0,False,0094243X,15517616,India
Q1,2-s2.0-85195381338,10.11975/j.issn.1002-6819.202311200,Recognizing and locating apple using improved BlendMask model,Bai X.,2024,2024-04-01,Nongye Gongcheng Xuebao Transactions of the Chinese Society of Agricultural Engineering,Journal,Article,40,7,191-201,,3,False,10026819,,China
Q1,2-s2.0-85186335511,10.1016/j.iot.2024.101143,UAVEC-FLchain: Distributed multi-regional jujube orchard joint yield estimation for secure agricultural-IoT applications,Nie J.,2024,2024-04-01,Internet of Things Netherlands,Journal,Article,25,,,101143,18,False,,25426605,China
Q1,2-s2.0-85193037062,10.6041/j.issn.1000-1298.2024.04.019,Camellia oleifera Fruit Static and Dynamic Detection Counting Based on Improved COF-YOLO v8n,Wang J.,2024,2024-04-01,Nongye Jixie Xuebao Transactions of the Chinese Society for Agricultural Machinery,Journal,Article,55,4,193-203,,21,False,10001298,,China
Q1,2-s2.0-85187792097,10.1016/j.compag.2024.108832,"Smart solutions for capsicum Harvesting: Unleashing the power of YOLO for Detection, Segmentation, growth stage Classification, Counting, and real-time mobile identification",Paul A.,2024,2024-04-01,Computers and Electronics in Agriculture,Journal,Article,219,,,108832,133,False,01681699,,India
Q1,2-s2.0-85208137634,10.3390/ijms25084260,Genome-Wide Identification of Glutathione S-Transferase Genes in Eggplant (Solanum melongena L.) Reveals Their Potential Role in Anthocyanin Accumulation on the Fruit Peel,Obel H.O.,2024,2024-04-01,International Journal of Molecular Sciences,Journal,Article,25,8,,4260,4,True,16616596,14220067,China
Q1,2-s2.0-85190707266,10.1063/5.0197031,Flavour preference of a condiment developed using halophilic lactic acid bacterial isolate,Mohamed A.M.D.,2024,2024-03-28,Aip Conference Proceedings,Conference Proceeding,Conference Paper,2923,1,,020007,0,False,0094243X,15517616,Malaysia
Q1,2-s2.0-85188716998,10.3390/agriengineering6010038,Sweet Pepper Leaf Area Estimation Using Semantic 3D Point Clouds Based on Semantic Segmentation Neural Network,Giang T.T.H.,2024,2024-03-01,Agriengineering,Journal,Article,6,1,645-656,,5,True,,26247402,South Korea
Q1,2-s2.0-85183954669,10.1016/j.isprsjprs.2024.01.027,3D reconstruction and characterization of cotton bolls in situ based on UVA technology,Xiao S.,2024,2024-03-01,ISPRS Journal of Photogrammetry and Remote Sensing,Journal,Article,209,,101-116,,42,False,09242716,,China
Q1,2-s2.0-85188828571,10.3390/agriculture14030331,Maturity Recognition and Fruit Counting for Sweet Peppers in Greenhouses Using Deep Learning Neural Networks,Viveros Escamilla L.D.,2024,2024-03-01,Agriculture Switzerland,Journal,Article,14,3,,331,30,True,,20770472,Mexico
Q1,2-s2.0-85176129649,10.1002/rob.22263,Fruit growing direction recognition and nesting grasping strategies for tomato harvesting robots,Zheng X.,2024,2024-03-01,Journal of Field Robotics,Journal,Article,41,2,300-313,,25,False,15564959,15564967,China
Q1,2-s2.0-85189021999,10.3390/s24061913,Intelligent Integrated System for Fruit Detection Using Multi-UAV Imaging and Deep Learning †,Melnychenko O.,2024,2024-03-01,Sensors,Journal,Article,24,6,,1913,55,True,,14248220,Ukraine
Q1,2-s2.0-85182570167,10.1016/j.agsy.2024.103867,A robust and efficient citrus counting approach for large-scale unstructured orchards,Zheng Z.,2024,2024-03-01,Agricultural Systems,Journal,Article,215,,,103867,27,False,0308521X,,China
Q1,2-s2.0-85188705119,10.3390/computers13030083,"A Seamless Deep Learning Approach for Apple Detection, Depth Estimation, and Tracking Using YOLO Models Enhanced by Multi-Head Attention Mechanism",Sekharamantry P.K.,2024,2024-03-01,Computers,Journal,Article,13,3,,83,33,True,,2073431X,India; Italy
Q1,2-s2.0-85183459388,10.1016/j.measurement.2024.114117,An improved framework based on tracking-by-detection for simultaneous estimation of yield and maturity level in cherry tomatoes,Qi Z.,2024,2024-02-28,Measurement Journal of the International Measurement Confederation,Journal,Article,226,,,114117,26,False,02632241,,China
Q1,2-s2.0-85184706679,10.1073/pnas.2313789121,"Isolation, characterization, and circulation sphere of a filovirus in fruit bats",He B.,2024,2024-02-13,Proceedings of the National Academy of Sciences of the United States of America,Journal,Article,121,7,,e2313789121,21,True,00278424,10916490,China
Q1,2-s2.0-85192438099,10.3390/app14031136,Approach of Dynamic Tracking and Counting for Obscured Citrus in Smart Orchard Based on Machine Vision,Feng Y.,2024,2024-02-01,Applied Sciences Switzerland,Journal,Article,14,3,,1136,16,True,,20763417,China
Q1,2-s2.0-85185944348,10.3390/agriculture14020234,"Correction to: Variation in Pathogenic Organisms as Affected by Using Hydroponic Nutrient Wastewater in Horticultural Facilities (Agriculture, (2022), 12, 9, (1340), 10.3390/agriculture12091340)",Son J.,2024,2024-02-01,Agriculture Switzerland,Journal,Erratum,14,2,,234,0,True,,20770472,South Korea
Q1,2-s2.0-105007285918,10.1109/isc260477.2024.11004199,Eggplant Detection and Counting Across the Entire Greenhouse Using Deep Learning and Motion Parallax,Ishizuka T.,2024,2024-01-01,10th IEEE International Smart Cities Conference Smart Cities Revolution for Mankind Isc2 2024 Proceedings,Conference Proceeding,Conference Paper,,,,,0,False,,,Japan
Q1,2-s2.0-85205817942,10.1109/iros58592.2024.10802065,FruitNeRF: A Unified Neural Radiance Field based Fruit Counting Framework,Meyer L.,2024,2024-01-01,IEEE International Conference on Intelligent Robots and Systems,Conference Proceeding,Conference Paper,,,1-8,,25,False,21530858,21530866,Germany
Q1,2-s2.0-105000711089,10.1109/aeeca62331.2024.00093,Tomato Fruit 3D Reconstruction Based on Improved YOLOv8 and MiDaS Depth Estimation,Ye R.,2024,2024-01-01,Proceedings 2024 International Conference on Advances in Electrical Engineering and Computer Applications Aeeca 2024,Conference Proceeding,Conference Paper,,,505-511,,2,False,,,China
Q1,2-s2.0-85209140647,,Plant Leaf Disease Detection using Machine Learning,Rathod J.K.,2024,2024-01-01,15th International Conference on Advances in Computing Control and Telecommunication Technologies Act 2024,Conference Proceeding,Conference Paper,2,,6379-6386,,1,False,,,India
Q1,2-s2.0-85207819307,10.1109/clei64178.2024.10700174,Apple Detection and Counting Using Neural Networks,Garderes R.,2024,2024-01-01,Proceedings 2024 50th Latin American Computing Conference Clei 2024,Conference Proceeding,Conference Paper,,,,,0,False,,,Uruguay
Q1,2-s2.0-85213048250,,"6th International conference on communication and computational technologies, ICCCT 2024",,2024,2024-01-01,Lecture Notes in Networks and Systems,Book Series,Conference Review,1121 LNNS,,,,0,False,23673370,23673389,
Q1,2-s2.0-85201002607,,"3rd International Conference on Geospatial Information Sciences, iGISc 2023",,2024,2024-01-01,Lecture Notes in Geoinformation and Cartography,Book Series,Conference Review,,,,,0,False,18632246,18632351,
Q1,2-s2.0-105003877047,10.1109/inc460750.2024.10649049,Deep Neural Network Based Yield Phenotyping Framework: Fruit Grading and Classification,Chang C.,2024,2024-01-01,Proceedings of Inc4 2024 2024 IEEE International Conference on Contemporary Computing and Communications,Conference Proceeding,Conference Paper,,,,,2,False,,,India
Q1,2-s2.0-85189983924,,"6th International Conference on Artificial Intelligence in Information and Communication, ICAIIC 2024",,2024,2024-01-01,6th International Conference on Artificial Intelligence in Information and Communication Icaiic 2024,Conference Proceeding,Conference Review,,,,,0,False,,,
Q1,2-s2.0-85210082786,10.1109/mipr62202.2024.00091,Counterfactual Gradients-based Quantification of Prediction Trust in Neural Networks,Prabhushankar M.,2024,2024-01-01,Proceedings of the International Conference on Multimedia Information Processing and Retrieval Mipr,Journal,Conference Paper,,,529-535,,1,False,27704327,27704319,United States
Q1,2-s2.0-85197739820,10.1007/978-3-031-62814-6_4,Incorporating Dilation Convolution into Mask Region Convolution Neural Network for Advanced Fruit Classification and Freshness Evaluation,Shandookh R.A.,2024,2024-01-01,Communications in Computer and Information Science,Book Series,Conference Paper,2096 CCIS,,48-62,,0,False,18650929,18650937,Iraq
Q1,2-s2.0-85193581737,10.1109/inocon60754.2024.10512262,Plant Fettle Detector: Unifying Fruit Quality Tracking and Plant Disease Detection through Advanced Image Analysis,Nair S.,2024,2024-01-01,2024 3rd International Conference for Innovation in Technology Inocon 2024,Conference Proceeding,Conference Paper,,,,,0,False,,,India
Q1,2-s2.0-85189809302,10.1109/access.2024.3385280,Banana Individual Segmentation and Phenotypic Parameter Measurements Using Deep Learning and Terrestrial LiDAR,Ma C.,2024,2024-01-01,IEEE Access,Journal,Article,12,,50310-50320,,10,True,,21693536,China
Q1,2-s2.0-85208494163,10.1109/igarss53475.2024.10642606,DETECTION AND SEGMENTATION OF ORANGE FRUIT IN 3D POINT CLOUDS GENERATED BY A TERRESTRIAL LIDAR SYSTEM,da Silva M.F.,2024,2024-01-01,International Geoscience and Remote Sensing Symposium IGARSS,Conference Proceeding,Conference Paper,,,4196-4199,,1,False,21536996,21537003,Brazil
Q1,2-s2.0-85193811347,10.1109/icrito61523.2024.10522121,SRNF-PAR: Strawberry and Recurrent Neural Framework-based Physiotherapy Activity Recognition,Deotale D.,2024,2024-01-01,2024 11th International Conference on Reliability Infocom Technologies and Optimization Trends and Future Directions Icrito 2024,Conference Proceeding,Conference Paper,,,,,2,False,,,India
Q1,2-s2.0-85213863619,10.1088/1755-1315/1418/1/012009,Analysis of 3D Modeling Using LiDAR Velodyne for Tree Inventory Using the LIO-SAM Method,Triawan L.A.,2024,2024-01-01,Iop Conference Series Earth and Environmental Science,Conference Proceeding,Conference Paper,1418,1,,012009,3,True,17551307,17551315,Indonesia
Q1,2-s2.0-85182606132,10.1080/07038992.2023.2295470,Estimating Tree Diameter at Breast Height (DBH) Using iPad Pro LiDAR Sensor in Boreal Forests,Guenther M.,2024,2024-01-01,Canadian Journal of Remote Sensing,Journal,Article,50,1,,2295470,8,True,07038992,17127971,Canada
Q1,2-s2.0-85195806339,10.1109/icit58233.2024.10540838,Maturity and Yield Estimation of Tomatoes Using RGB and Multispectral Images,Pai C.A.,2024,2024-01-01,Proceedings of the IEEE International Conference on Industrial Technology,Conference Proceeding,Conference Paper,,,,,1,False,26410184,26432978,Taiwan
Q1,2-s2.0-85189820011,,"2nd International Conference on Advances in Data-driven Computing and Intelligent Systems, ADCIS 2023",,2024,2024-01-01,Lecture Notes in Networks and Systems,Book Series,Conference Review,893,,,,0,False,23673370,23673389,
Q1,2-s2.0-86000751278,10.1109/cac63892.2024.10865478,StableSort-CMC: a tracking algorithm for robot dog based orchard fruit counting,Zhang W.,2024,2024-01-01,Proceedings 2024 China Automation Congress Cac 2024,Conference Proceeding,Conference Paper,,,1698-1703,,0,False,,,China
Q1,2-s2.0-85208264967,10.1109/case59546.2024.10711606,Mass Estimation of Soft Fruit via Oscillatory Plant Dynamics,Wagner N.,2024,2024-01-01,IEEE International Conference on Automation Science and Engineering,Conference Proceeding,Conference Paper,,,3278-3283,,2,False,21618070,21618089,United Kingdom
Q1,2-s2.0-85192192180,,"2nd International Conference on Advances in Data-driven Computing and Intelligent Systems, ADCIS 2023",,2024,2024-01-01,Lecture Notes in Networks and Systems,Book Series,Conference Review,890,,,,0,False,23673370,23673389,
Q1,2-s2.0-85187685218,,"2nd International Conference on Advances in Data-driven Computing and Intelligent Systems, ADCIS 2023",,2024,2024-01-01,Lecture Notes in Networks and Systems,Book Series,Conference Review,892,,,,0,False,23673370,23673389,
Q1,2-s2.0-85187671837,,"2nd International Conference on Advances in Data-driven Computing and Intelligent Systems, ADCIS 2023",,2024,2024-01-01,Lecture Notes in Networks and Systems,Book Series,Conference Review,891,,,,0,False,23673370,23673389,
Q1,2-s2.0-85199060975,10.1109/access.2024.3431244,An In-Field Dynamic Vision-Based Analysis for Vineyard Yield Estimation,Ahmedt-Aristizabal D.,2024,2024-01-01,IEEE Access,Journal,Article,12,,102146-102166,,13,True,,21693536,Australia
Q1,2-s2.0-85188461432,10.1109/access.2024.3378261,Immature Green Apple Detection and Sizing in Commercial Orchards Using YOLOv8 and Shape Fitting Techniques,Sapkota R.,2024,2024-01-01,IEEE Access,Journal,Article,12,,43436-43452,,58,True,,21693536,United States
Q1,2-s2.0-85186972889,10.1109/icce59016.2024.10444191,Enabling Consumer UAVs for Precision Agriculture Applications: A Case Study of Yield Estimation,Ahmad J.,2024,2024-01-01,Digest of Technical Papers IEEE International Conference on Consumer Electronics,Conference Proceeding,Conference Paper,,,,,6,False,0747668X,21591423,United Arab Emirates
Q1,2-s2.0-85194098395,10.34133/plantphenomics.0179,AppleQSM: Geometry-Based 3D Characterization of Apple Tree Architecture in Orchards,Qiu T.,2024,2024-01-01,Plant Phenomics,Journal,Article,6,,,0179,22,True,,26436515,United States
Q1,2-s2.0-85206455660,10.1109/cvprw63382.2024.00550,Tracking and Counting Apples in Orchards under Intermittent Occlusions and Low Frame Rates,Matos G.P.,2024,2024-01-01,IEEE Computer Society Conference on Computer Vision and Pattern Recognition Workshops,Conference Proceeding,Conference Paper,,,5413-5421,,7,False,21607508,21607516,Portugal
Q1,2-s2.0-85191195937,10.1109/ic2pct60090.2024.10486749,A unique ADAGRAD optimized DCNN with RESNET-18 Architecture for Indoor Agriculture-Based Crop Yield,Radha D.,2024,2024-01-01,Proceedings International Conference on Computing Power and Communication Technologies Ic2pct 2024,Conference Proceeding,Conference Paper,,,767-771,,3,False,,,India
Q1,2-s2.0-85181561210,10.1109/tase.2023.3342791,NTrack: A Multiple-Object Tracker and Dataset for Infield Cotton Boll Counting,Muzaddid M.A.A.,2024,2024-01-01,IEEE Transactions on Automation Science and Engineering,Journal,Article,21,4,7452-7464,,13,False,15455955,15583783,United States
Q1,2-s2.0-85207254103,10.5073/jfk.2024.01.09,A model to predict the fruit bearing capacity of individual apple trees and its variability within commercial orchards,Penzel M.,2024,2024-01-01,Journal Fur Kulturpflanzen,Journal,Article,76,1,60-76,,0,False,18670911,18670938,Germany
Q1,2-s2.0-85197909684,,"2024 7th International Conference on Advanced Algorithms and Control Engineering, ICAACE 2024",,2024,2024-01-01,2024 7th International Conference on Advanced Algorithms and Control Engineering Icaace 2024,Conference Proceeding,Conference Review,,,,,0,False,,,
Q1,2-s2.0-85202981761,10.14569/ijacsa.2024.0150877,Enhancing Orchard Cultivation Through Drone Technology and Deep Stream Algorithms in Precision Agriculture,Srinivasa Rao P.,2024,2024-01-01,International Journal of Advanced Computer Science and Applications,Journal,Article,15,8,781-795,,3,True,2158107X,21565570,India
Q1,2-s2.0-85199970539,10.3389/fpls.2024.1417682,Green pepper fruits counting based on improved DeepSort and optimized Yolov5s,Du P.,2024,2024-01-01,Frontiers in Plant Science,Journal,Article,15,,,1417682,14,True,,1664462X,China
Q1,2-s2.0-85215989687,10.1109/isitsc64373.2024.00013,Utilizing NeRF-Based Rays for Spatial Perception in Fruit Counting Deduplication,Zhou C.,2024,2024-01-01,Proceedings 2024 International Symposium on Internet of Things and Smart Cities Isitsc 2024,Conference Proceeding,Conference Paper,,,35-40,,2,False,,,China
Q1,2-s2.0-85199185175,10.1007/978-3-031-62245-8_21,Data Acquisition System Using Low-Complexity Sensors for Ancient Tractors in the Río Negro and Neuquén Valley,Zurita R.I.,2024,2024-01-01,Communications in Computer and Information Science,Book Series,Conference Paper,2123 CCIS,,307-319,,1,False,18650929,18650937,Argentina
Q1,2-s2.0-85195967043,10.1109/iciprob62548.2024.10543581,Pear Blossom Counting System with Drones Using YOLO and Deep SORT,Okubo S.,2024,2024-01-01,3rd International Conference on Image Processing and Robotics Iciprob 2024 Proceedings,Conference Proceeding,Conference Paper,,,,,6,False,,,Japan
Q1,2-s2.0-85213367758,10.1109/gcce62371.2024.10760832,Combining Close Range UAVs and Gaussian Splatting for High-Speed Tomato Leaf Size Estimation and Counting,Baar S.,2024,2024-01-01,Gcce 2024 2024 IEEE 13th Global Conference on Consumer Electronics,Conference Proceeding,Conference Paper,,,215-218,,3,False,,,Japan
Q1,2-s2.0-85192003989,10.34133/plantphenomics.0174,Toward Real Scenery: A Lightweight Tomato Growth Inspection Algorithm for Leaf Disease Detection and Fruit Counting,Kang R.,2024,2024-01-01,Plant Phenomics,Journal,Article,6,,,0174,43,True,,26436515,Canada; China
Q1,2-s2.0-85180546236,10.1016/j.compag.2023.108531,CottonSense: A high-throughput field phenotyping system for cotton fruit segmentation and enumeration on edge devices,Bolouri F.,2024,2024-01-01,Computers and Electronics in Agriculture,Journal,Article,216,,,108531,27,True,01681699,,United States
Q1,2-s2.0-85215317712,10.1109/isct62336.2024.10791093,"DRAKE's as a Smart Solution for Surveying, Mapping, and Modeling Based on Artificial Intelligence to Determine the Feasibility of the Land",Wiyono A.,2024,2024-01-01,Digest of Technical Papers IEEE International Conference on Consumer Electronics,Conference Proceeding,Conference Paper,,,49-54,,1,False,0747668X,21591423,Indonesia
Q1,2-s2.0-85206933192,10.1109/otcon60325.2024.10687682,Tomato detection and counting using deep learning models,Raikar M.M.,2024,2024-01-01,2024 Opju International Technology Conference on Smart Computing for Innovation and Advancement in Industry 4 0 Otcon 2024,Conference Proceeding,Conference Paper,,,,,3,False,,,India
Q1,2-s2.0-85213009957,10.1007/978-981-97-6992-6_19,An Efficient Real-Time Word-Level Recognition of Indian Sign Language,Chaitanya Madhav R.,2024,2024-01-01,Lecture Notes in Networks and Systems,Book Series,Conference Paper,1117 LNNS,,237-253,,0,False,23673370,23673389,India
Q1,2-s2.0-85192134528,10.1007/978-3-031-47724-9_41,Kiwifruit Counting Using Kiwidetector and Kiwitracker,Xia Y.,2024,2024-01-01,Lecture Notes in Networks and Systems,Book Series,Conference Paper,823 LNNS,,629-640,,3,False,23673370,23673389,New Zealand
Q1,2-s2.0-85201224494,,"2024 International Conference on Innovations and Challenges in Emerging Technologies, ICICET 2024",,2024,2024-01-01,2024 International Conference on Innovations and Challenges in Emerging Technologies Icicet 2024,Conference Proceeding,Conference Review,,,,,0,False,,,
Q1,2-s2.0-85207478150,10.1109/access.2024.3481675,A Deep Learning Approach for Crop Disease and Pest Classification Using Swin Transformer and Dual-Attention Multi-Scale Fusion Network,Karthik R.,2024,2024-01-01,IEEE Access,Journal,Article,12,,152639-152655,,57,True,,21693536,India
Q1,2-s2.0-85216661107,10.1109/icspis63676.2024.10812634,BeeBetter: A Multi-modal Beehive System for Honeybee Health Monitoring and Hazard Detection,Hammami H.,2024,2024-01-01,2024 7th International Conference on Signal Processing and Information Security Icspis 2024,Conference Proceeding,Conference Paper,,,,,1,False,,,United Arab Emirates
Q1,2-s2.0-85214845891,,"4th International Conference on Sustainable Expert Systems, ICSES 2024 - Proceedings",,2024,2024-01-01,4th International Conference on Sustainable Expert Systems Icses 2024 Proceedings,Conference Proceeding,Conference Review,,,,,0,False,,,
Q1,2-s2.0-85213401577,10.1007/978-3-031-73321-5_11,"Dehusked Coconut Vision-Based Counting on a Manufacturing Plant Utilizing the YOLOv8, ByteTrack, and Roboflow Algorithms",Suganob N.J.,2024,2024-01-01,Lecture Notes in Networks and Systems,Book Series,Conference Paper,1168 LNNS,,101-111,,3,False,23673370,23673389,Philippines
Q1,2-s2.0-105025250565,,"17th Colombian Conference on Computing, CCC 2023",,2024,2024-01-01,Communications in Computer and Information Science,Book Series,Conference Review,1924 CCIS,,,,0,False,18650929,18650937,
Q1,2-s2.0-85182351155,10.1109/access.2024.3351805,"Tomato Health Monitoring System: Tomato Classification, Detection, and Counting System Based on YOLOv8 Model With Explainable MobileNet Models Using Grad-CAM++",Quach L.D.,2024,2024-01-01,IEEE Access,Journal,Article,12,,9719-9737,,74,True,,21693536,Viet Nam
Q1,2-s2.0-105001660343,10.1109/icrisst59181.2024.10921946,SOBOT: Design And Development of UV Sterilization Ostensible Doctor Robot for Clinical Purposes Based on IoT,Sivayamini L.,2024,2024-01-01,2024 International Conference on Recent Innovation in Smart and Sustainable Technology Icrisst 2024,Conference Proceeding,Conference Paper,,,,,0,False,,,India
Q1,2-s2.0-85195871573,10.1007/978-3-031-60884-1_5,Helping Individuals with Blindness or Severe Low Vision Perform Middle School Mathematics,Howell J.,2024,2024-01-01,Lecture Notes in Computer Science Including Subseries Lecture Notes in Artificial Intelligence and Lecture Notes in Bioinformatics,Book Series,Conference Paper,14698 LNCS,,58-77,,0,False,03029743,16113349,United States
Q1,2-s2.0-85212257389,10.13925/j.cnki.gsxb.20240466,Identification of the FAD gene family in kiwifruit and its expression analysis during postharvest ripening,Yang C.,2024,2024-01-01,Journal of Fruit Science,Journal,Article,41,11,2195-2213,,1,False,10099980,,China
Q1,2-s2.0-85200815021,10.1109/icra57147.2024.10610231,AgriSORT: A Simple Online Real-time Tracking-by-Detection framework for robotics in precision agriculture,Saraceni L.,2024,2024-01-01,Proceedings IEEE International Conference on Robotics and Automation,Conference Proceeding,Conference Paper,,,2675-2682,,25,False,10504729,,
Q1,2-s2.0-85201757922,10.1109/jsen.2024.3435834,eNut: A Sensing System to Measure the Acquisition of Foraging Proficiency in Wild Tree Squirrels,Chauhan M.S.,2024,2024-01-01,IEEE Sensors Journal,Journal,Article,24,19,30930-30946,,1,True,1530437X,15581748,United States
Q1,2-s2.0-85200828433,10.1590/1519-6984.278932,"Baru (Dipteryx alata): a comprehensive review of its nutritional value, functional foods, chemical composition, ethnopharmacology, pharmacological activities and benefits for human health",Dos Santos J.M.,2024,2024-01-01,Brazilian Journal of Biology,Journal,Article,84,,,e278932,7,True,15196984,16784375,Brazil
Q1,2-s2.0-85209561055,10.2989/00306525.2024.2410496,"Population trends of the Cape Parrot Poicephalus robustus in the Amatholes, Eastern Cape: trialling ground-based flock photography for demographic and health assessment",Padfield C.J.,2024,2024-01-01,Ostrich,Journal,Article,95,4,239-251,,0,False,00306525,1727947X,South Africa
Q1,2-s2.0-85202764513,10.1002/9781394204472.ch8,Emerging Electric Vehicles and Challenges,Laraib A.,2024,2024-01-01,Cybersecurity in the Transportation Industry,Book,Book Chapter,,,165-186,,2,False,,,Pakistan
Q1,2-s2.0-85184583416,10.1051/bioconf/20236803028,Tracing and tracking wine bottles: Protecting consumers and producers,Pesme J.O.,2023,2023-12-06,Bio Web of Conferences,Conference Proceeding,Conference Paper,68,,,03028,8,True,22731709,21174458,Canada
Q1,2-s2.0-85184595133,10.1051/bioconf/20236803009,"Blockchain: No pain, no gain? An examination of blockchain technology in the vitivinicultural sector",Bastard A.,2023,2023-12-06,Bio Web of Conferences,Conference Proceeding,Conference Paper,68,,,03009,3,True,22731709,21174458,France
Q1,2-s2.0-105026806015,,Harvesting Intelligence: Advancements in Fruit Picking Through Artificial Intelligence,Nazim Z.,2023,2023-12-05,Journal of Computing and Biomedical Informatics,Journal,Article,6,1,351-374,,0,False,27101606,27101614,Pakistan
Q1,2-s2.0-85180444995,10.3390/agriengineering5040111,System of Counting Green Oranges Directly from Trees Using Artificial Intelligence,Gremes M.F.,2023,2023-12-01,Agriengineering,Journal,Article,5,4,1813-1831,,9,True,,26247402,Brazil
Q1,2-s2.0-85173432215,10.1016/j.softx.2023.101548,AKFruitYield: Modular benchmarking and video analysis software for Azure Kinect cameras for fruit size and fruit yield estimation in apple orchards,Miranda J.C.,2023,2023-12-01,Softwarex,Journal,Article,24,,,101548,2,True,,23527110,Spain
Q1,2-s2.0-85172861225,10.1016/j.postharvbio.2023.112587,Fruit sizing using AI: A review of methods and challenges,Miranda J.C.,2023,2023-12-01,Postharvest Biology and Technology,Journal,Article,206,,,112587,100,True,09255214,,Spain
Q1,2-s2.0-85179821885,10.30550/j.lil/1737,"Novelties on the geographic distribution, habitats and invasion status of Parietaria judaica and notes on Soleirolia soleirolii (Urticaceae, Parietariae) in Argentina",Scaramuzzino R.L.,2023,2023-12-01,Lilloa,Journal,Article,60,2,125-147,,0,True,00759481,23469641,Argentina
Q1,2-s2.0-85170434792,10.1016/j.envpol.2023.122521,Municipal separate storm sewer system (MS4) dry weather flows and potential flow sources as assessed by conventional and advanced bacterial analyses,Li D.,2023,2023-11-15,Environmental Pollution,Journal,Article,337,,,122521,4,True,02697491,18736424,United States
Q1,2-s2.0-85176396376,10.1371/journal.pone.0294386,Erratum: Expression of Concern: An integrated view on society readiness and initial reaction to COVID–19: A study across European countries (PLoS ONE (2020) 15:11 (e0242838) DOI: 10.1371/journal.pone.0242838),,2023,2023-11-01,Plos One,Journal,Erratum,18,11 November,,e0294386,0,True,,19326203,
Q1,2-s2.0-85171464036,10.1016/j.biosystemseng.2023.09.005,Twice matched fruit counting system: An automatic fruit counting pipeline in modern apple orchard using mutual and secondary matches,Wu Z.,2023,2023-10-01,Biosystems Engineering,Journal,Article,234,,140-155,,20,False,15375110,,China
Q1,2-s2.0-85173637594,10.1371/journal.pone.0292600,"A simplified network topology for fruit detection, counting and mobile-phone deployment",Lawal O.M.,2023,2023-10-01,Plos One,Journal,Article,18,10 October,,e0292600,8,True,,19326203,China
Q1,2-s2.0-85176765619,10.1063/5.0164559,Bird repeller for agriculture lands and orchards,Krishnan T.,2023,2023-09-13,Aip Conference Proceedings,Conference Proceeding,Conference Paper,2888,1,,020003,1,False,0094243X,15517616,India
Q1,2-s2.0-85168545723,10.1016/j.compag.2023.108156,Three-dimensional quantification of apple phenotypic traits based on deep learning instance segmentation,Dong X.,2023,2023-09-01,Computers and Electronics in Agriculture,Journal,Article,212,,,108156,25,False,01681699,,South Korea
Q1,2-s2.0-85172133637,10.3390/agriculture13091742,Remote Sensing Identification and Rapid Yield Estimation of Pitaya Plants in Different Karst Mountainous Complex Habitats,Zhou Z.,2023,2023-09-01,Agriculture Switzerland,Journal,Article,13,9,,1742,5,True,,20770472,China
Q1,2-s2.0-85169008011,10.1016/j.jag.2023.103457,Object-Detection from Multi-View remote sensing Images: A case study of fruit and flower detection and counting on a central Florida strawberry farm,Zheng C.,2023,2023-09-01,International Journal of Applied Earth Observation and Geoinformation,Journal,Article,123,,,103457,27,True,15698432,1872826X,United States
Q1,2-s2.0-85173461597,10.4018/978-1-6684-9975-7.ch005,Enhancing tomato fruit detection and counting through ai-enabled agricultural innovations,Usha S.G.A.,2023,2023-08-29,Machine Learning and Deep Learning for Smart Agriculture and Applications,Book,Book Chapter,,,93-105,,1,False,,,India
Q1,2-s2.0-85175727583,10.1145/3607947.3608085,IPDS: Computing Privacy Disclosure Score for iOS apps and detection of privacy-infringing apps using Machine learning classifiers,Sardana N.,2023,2023-08-03,ACM International Conference Proceeding Series,Conference Proceeding,Conference Paper,,,699-705,,0,False,,,India
Q1,2-s2.0-85168785604,10.3390/rs15164017,Precision Detection of Dense Litchi Fruit in UAV Images Based on Improved YOLOv5 Model,Xiong Z.,2023,2023-08-01,Remote Sensing,Journal,Article,15,16,,4017,38,True,,20724292,China
Q1,2-s2.0-85165122799,10.1016/j.dib.2023.109356,Data on three-year flowering intensity monitoring in an apple orchard: A collection of RGB images acquired from unmanned aerial vehicles,Zhang C.,2023,2023-08-01,Data in Brief,Journal,Data Paper,49,,,109356,4,True,,23523409,China; Netherlands
Q1,2-s2.0-85164216369,10.1016/j.compag.2023.108036,NDMFCS: An automatic fruit counting system in modern apple orchard using abatement of abnormal fruit detection,Wu Z.,2023,2023-08-01,Computers and Electronics in Agriculture,Journal,Article,211,,,108036,38,False,01681699,,China
Q1,2-s2.0-85165087814,10.1016/j.compag.2023.108051,Object detection and tracking on UAV RGB videos for early extraction of grape phenotypic traits,Ariza-Sentís M.,2023,2023-08-01,Computers and Electronics in Agriculture,Journal,Article,211,,,108051,50,True,01681699,,Netherlands
Q1,2-s2.0-85152653056,10.1016/j.atech.2023.100226,MIoP-NMS: Perfecting crops target detection and counting in dense occlusion from high-resolution UAV imagery,Jiang Q.,2023,2023-08-01,Smart Agricultural Technology,Journal,Article,4,,,100226,17,True,,27723755,China
Q1,2-s2.0-85168249331,10.1093/ee/nvad048,Releasing and tracking the distribution of adventive Trissolcus japonicus (Hymenoptera: Scelionidae) in Virginia,Bergh J.C.,2023,2023-08-01,Environmental Entomology,Journal,Article,52,4,583-592,,5,False,0046225X,19382936,United States
Q1,2-s2.0-85161631505,10.1007/s40520-023-02451-6,"Concurrent and discriminant validity and reliability of an Android App to assess time, velocity and power during sit-to-stand test in community-dwelling older adults",Ruiz-Cárdenas J.D.,2023,2023-08-01,Aging Clinical and Experimental Research,Journal,Article,35,8,1631-1640,,9,False,15940667,17208319,Spain
Q1,2-s2.0-85162921189,10.1016/j.biosystemseng.2023.06.003,Development and evaluation of automated localisation and reconstruction of all fruits on tomato plants in a greenhouse based on multi-view perception and 3D multi-object tracking,Rapado-Rincón D.,2023,2023-07-01,Biosystems Engineering,Journal,Article,231,,78-91,,43,True,15375110,,Netherlands
Q1,2-s2.0-85172417026,10.11975/j.issn.1002-6819.202304116,Method for estimation of bagged grape yield using a self-correcting NMS-ByteTrack,Lyu J.,2023,2023-07-01,Nongye Gongcheng Xuebao Transactions of the Chinese Society of Agricultural Engineering,Journal,Article,39,13,182-190,,5,False,10026819,,China
Q1,2-s2.0-85165959884,10.3390/agronomy13071674,Citrus Identification and Counting Algorithm Based on Improved YOLOv5s and DeepSort,Lin Y.,2023,2023-07-01,Agronomy,Journal,Article,13,7,,1674,14,True,,20734395,China
Q1,2-s2.0-85164845343,10.3390/s23135903,Fruit Detection and Counting in Apple Orchards Based on Improved Yolov7 and Multi-Object Tracking Methods,Hu J.,2023,2023-07-01,Sensors,Journal,Article,23,13,,5903,44,True,14248220,,China
Q1,2-s2.0-85169922445,10.12133/j.smartag.sa202305004,A Lightweight Fruit Load Estimation Model for Edge Computing Equipment,Xia X.,2023,2023-06-30,Smart Agriculture,Journal,Article,5,2,1-12,,3,False,20968094,,China
Q1,2-s2.0-85159837931,10.1109/jsen.2023.3270844,Design and Implementation of an Artificial Intelligence of Things-Based Autonomous Mobile Robot System for Pitaya Harvesting,Chen L.B.,2023,2023-06-15,IEEE Sensors Journal,Journal,Article,23,12,13220-13235,,47,False,1530437X,15581748,Taiwan
Q1,2-s2.0-85148029866,10.1007/s00521-023-08307-4,Physiotherapy-based human activity recognition using deep learning,Deotale D.,2023,2023-05-01,Neural Computing and Applications,Journal,Article,35,15,11431-11444,,8,False,09410643,14333058,India
Q1,2-s2.0-85145184675,10.1002/rob.22147,An efficient online citrus counting system for large-scale unstructured orchards based on the unmanned aerial vehicle,Zheng Z.,2023,2023-05-01,Journal of Field Robotics,Journal,Article,40,3,552-573,,26,False,15564959,15564967,China
Q1,2-s2.0-85144105691,10.1111/afe.12547,Ants as mealybug detectors: a novel tool for monitoring Planococcus ficus infestation based on ant behaviour,Castracani C.,2023,2023-05-01,Agricultural and Forest Entomology,Journal,Article,25,2,237-250,,9,False,14619555,14619563,Italy
Q1,2-s2.0-105013412962,10.22104/ift.2023.6250.2140,Experimental investigation of droplet rising behavior of edible olive and canola oils in the presence of a food stabilizer,Takhtaei F.,2023,2023-05-01,Innovative Food Technologies,Journal,Article,10,3,267-279,,0,False,2783350X,27831760,Iran
Q1,2-s2.0-85153776500,10.3390/s23083810,Recognition and Counting of Apples in a Dynamic State Using a 3D Camera and Deep Learning Algorithms for Robotic Harvesting Systems,Abeyrathna R.M.R.D.,2023,2023-04-01,Sensors,Journal,Article,23,8,,3810,53,True,14248220,,Japan; Sri Lanka
Q1,2-s2.0-85149442730,10.1016/j.compag.2023.107741,Tomato cluster detection and counting using improved YOLOv5 based on RGB-D fusion,Rong J.,2023,2023-04-01,Computers and Electronics in Agriculture,Journal,Article,207,,,107741,112,False,01681699,,China
Q1,2-s2.0-85147089596,10.1016/j.compag.2023.107662,Real-time tracking and counting of grape clusters in the field based on channel pruning with YOLOv5s,Shen L.,2023,2023-03-01,Computers and Electronics in Agriculture,Journal,Article,206,,,107662,98,False,01681699,,China
Q1,2-s2.0-85161346644,10.21894/jopr.2022.0029,COUNTING OF OIL PALM FRESH FRUIT BUNCHES USING COMPUTER VISION,Shiddiq M.,2023,2023-03-01,Journal of Oil Palm Research,Journal,Article,35,1,111-120,,3,True,15112780,,Indonesia
Q1,2-s2.0-85159236108,10.3390/land12030725,"Correction to: A Framework for Reviewing Silvopastoralism: A New Zealand Hill Country Case Study (Land, (2021), 10, 12, (1386), 10.3390/land10121386)",Mackay-Smith T.H.,2023,2023-03-01,Land,Journal,Erratum,12,3,,725,0,True,,2073445X,New Zealand
Q1,2-s2.0-85146621691,10.1016/j.envpol.2023.121124,Gaining new insights into macroplastic transport ‘hotlines’ and fine-scale retention-remobilisation using small floating high-resolution satellite drifters in the Chao Phraya River estuary of Bangkok,Mani T.,2023,2023-03-01,Environmental Pollution,Journal,Article,320,,,121124,16,True,02697491,18736424,Netherlands
Q1,2-s2.0-85148633081,10.3389/fbioe.2023.1103748,Development of an automated biomaterial platform to study mosquito feeding behavior,Janson K.D.,2023,2023-02-09,Frontiers in Bioengineering and Biotechnology,Journal,Article,11,,,1103748,11,True,,22964185,United States
Q1,2-s2.0-85146434282,10.1016/j.compag.2023.107624,"Weakly and semi-supervised detection, segmentation and tracking of table grapes with limited and noisy data",Ciarfuglia T.A.,2023,2023-02-01,Computers and Electronics in Agriculture,Journal,Article,205,,,107624,47,True,01681699,,Italy
Q1,2-s2.0-85146732727,10.1016/j.compag.2022.107611,In-situ fruit analysis by means of LiDAR 3D point cloud of normalized difference vegetation index (NDVI),Tsoulias N.,2023,2023-02-01,Computers and Electronics in Agriculture,Journal,Article,205,,,107611,35,True,01681699,,Germany
Q1,2-s2.0-85139895037,10.1016/j.atech.2022.100077,Tree-level citrus yield prediction utilizing ground and aerial machine vision and machine learning,Vijayakumar V.,2023,2023-02-01,Smart Agricultural Technology,Journal,Article,3,,,100077,48,True,,27723755,United States
Q1,2-s2.0-85149071748,10.3390/horticulturae9020266,UAV Photogrammetry-Based Apple Orchard Blossom Density Estimation and Mapping,Yuan W.,2023,2023-02-01,Horticulturae,Journal,Article,9,2,,266,17,True,,23117524,United States
Q1,2-s2.0-85147958339,10.3390/rs15030679,Characterisation of Banana Plant Growth Using High-Spatiotemporal-Resolution Multispectral UAV Imagery,Aeberli A.,2023,2023-02-01,Remote Sensing,Journal,Article,15,3,,679,33,True,,20724292,Australia
Q1,2-s2.0-85149146184,10.3390/agronomy13020451,An Automatic Jujube Fruit Detection and Ripeness Inspection Method in the Natural Environment,Xu D.,2023,2023-02-01,Agronomy,Journal,Article,13,2,,451,39,True,,20734395,China
Q1,2-s2.0-85141812059,10.1016/j.scitotenv.2022.159996,"Detection of SARS-CoV-2 RNA in wastewater and comparison to COVID-19 cases in two sewersheds, North Carolina, USA",Grube A.M.,2023,2023-02-01,Science of the Total Environment,Journal,Article,858,,,159996,31,True,00489697,18791026,United States
Q1,2-s2.0-85144825181,10.1016/j.dib.2022.108848,Dataset on UAV RGB videos acquired over a vineyard including bunch labels for object detection and tracking,Ariza-Sentís M.,2023,2023-02-01,Data in Brief,Journal,Data Paper,46,,,108848,19,True,,23523409,Netherlands
Q1,2-s2.0-85146588484,,Transition Modelling of Land Use Land Cover Dynamics in Bardez Taluka of Goa-India (1991-2021),Prabhu Gaonkar Venkatesh G.,2023,2023-02-01,Disaster Advances,Journal,Article,16,2,13-24,,0,False,0974262X,22784543,India
Q1,2-s2.0-85147649889,10.3389/fsufs.2023.1052029,"Remote sensing of hedgerows, windbreaks, and winter cover crops in California's Central Coast reveals low adoption but hotspots of use",Thompson J.B.,2023,2023-01-25,Frontiers in Sustainable Food Systems,Journal,Article,7,,,1052029,10,True,,2571581X,Germany; United States
Q1,2-s2.0-85144875559,10.1017/s0030605322000382,Validating trends in olive ridley sea turtle nesting track counts in Guatemala in light of a national hatchery protection strategy,Morales-Mérida B.A.,2023,2023-01-25,ORYX,Journal,Article,57,1,48-54,,8,True,00306053,13653008,France
Q1,2-s2.0-85186524200,10.1109/metroagrifor58484.2023.10424135,Video-Based Fruit Detection and Tracking for Apple Counting and Mapping,Gené-Mola J.,2023,2023-01-01,2023 IEEE International Workshop on Metrology for Agriculture and Forestry Metroagrifor 2023 Proceedings,Conference Proceeding,Conference Paper,,,301-306,,8,False,,,Spain
Q1,2-s2.0-85159606428,10.1109/iccae56788.2023.10111243,Automated Grapevine Inflorescence Counting in a Vineyard Using Deep Learning and Multi-object Tracking,Rahim U.F.,2023,2023-01-01,2023 15th International Conference on Computer and Automation Engineering Iccae 2023,Conference Proceeding,Conference Paper,,,276-280,,2,False,,,Japan
Q1,2-s2.0-85159627271,10.1109/iccae56788.2023.10111489,Detection of Anthracnose on Mango Tree Leaf Using Convolutional Neural Network,Yumang A.N.,2023,2023-01-01,2023 15th International Conference on Computer and Automation Engineering Iccae 2023,Conference Proceeding,Conference Paper,,,220-224,,22,False,,,Philippines
Q1,2-s2.0-85148105748,10.3233/jifs-213072,Detection and counting of overlapped apples based on convolutional neural networks,Gao M.,2023,2023-01-01,Journal of Intelligent and Fuzzy Systems,Journal,Article,44,2,2019-2029,,6,False,10641246,18758967,China
Q1,2-s2.0-85182589708,10.23919/sice59929.2023.10354146,A study on individual tree segmentation from orchard point cloud data using watershed method,Suehiro I.,2023,2023-01-01,2023 62nd Annual Conference of the Society of Instrument and Control Engineers SICE 2023,Conference Proceeding,Conference Paper,,,1036-1041,,0,False,,,Japan
Q1,2-s2.0-85150434937,10.3389/fpls.2023.1132909,A longan yield estimation approach based on UAV images and deep learning,Li D.,2023,2023-01-01,Frontiers in Plant Science,Journal,Article,14,,,1132909,13,True,,1664462X,China
Q1,2-s2.0-85168310624,10.1109/icesc57686.2023.10193204,AI-Driven Produce Management and Self-Checkout System for Supermarkets,Nandhakumar V.,2023,2023-01-01,2023 4th International Conference on Electronics and Sustainable Communication Systems Icesc 2023 Proceedings,Conference Proceeding,Conference Paper,,,965-975,,2,False,,,India
Q1,2-s2.0-85179001841,,Towards an Adversarial Architecture,Furgiuele A.,2023,2023-01-01,Hybrids and Haecceities Proceedings of the 42nd Annual Conference of the Association for Computer Aided Design in Architecture Acadia 2022,Conference Proceeding,Conference Paper,,,662-671,,0,False,,,United States
Q1,2-s2.0-85151072169,,"2nd International Conference on Unmanned Aerial System in Geomatics, UASG 2021",,2023,2023-01-01,Lecture Notes in Civil Engineering,Book Series,Conference Review,304,,,,0,False,23662557,23662565,
Q1,2-s2.0-85195367816,10.1109/wf-iot58464.2023.10539430,A Seedling Handling System In A Hydroponic Greenhouse For Homogeneous Crop Growth,Caruso G.,2023,2023-01-01,2023 IEEE World Forum on Internet of Things the Blue Planet A Marriage of Sea and Space Wf Iot 2023,Conference Proceeding,Conference Paper,,,,,0,False,,,Italy
Q1,2-s2.0-85175998238,,"11th Ecuadorian Congress of Information and Communication Technologies, TICEC 2023",,2023,2023-01-01,Communications in Computer and Information Science,Book Series,Conference Review,1885 CCIS,,,,0,False,18650929,18650937,
Q1,2-s2.0-85151568922,10.1109/access.2023.3263238,Early Yield Estimation in Viticulture Based on Grapevine Inflorescence Detection and Counting in Videos,Khokher M.R.,2023,2023-01-01,IEEE Access,Journal,Article,11,,37790-37808,,21,True,,21693536,Australia
Q1,2-s2.0-85183575601,10.13031/aim.202301450,A Dynamic Object Counting Method for Strawberry Fruits using Vision Transformer Networks and Kalman Filter Tracking,Zhou X.,2023,2023-01-01,2023 Asabe Annual International Meeting,Conference Proceeding,Conference Paper,,,,,2,False,,,Canada
Q1,2-s2.0-85165477646,10.6041/j.issn.1000-1298.2023.06.018,Real-time Production Prediction of Kiwifruit in Orchard Based on Video Tracking Algorithm,Guo M.,2023,2023-01-01,Nongye Jixie Xuebao Transactions of the Chinese Society for Agricultural Machinery,Journal,Article,54,6,178-185,,12,False,10001298,,China
Q1,2-s2.0-85180403249,10.13031/aim.202300883,Blueberry Yield Estimation Through Multi-View Imagery with YOLOv8 Object Detection,Li Z.,2023,2023-01-01,2023 Asabe Annual International Meeting,Conference Proceeding,Conference Paper,,,,,12,False,,,United States
Q1,2-s2.0-85144398919,10.1016/j.compag.2022.107513,Apple orchard production estimation using deep learning strategies: A comparison of tracking-by-detection algorithms,Villacrés J.,2023,2023-01-01,Computers and Electronics in Agriculture,Journal,Article,204,,,107513,74,False,01681699,,United States
Q1,2-s2.0-85142427748,10.4025/actasciagron.v45i1.57407,Digital platform for experimental and technical support to the cultivation of cactus pear,Guimarães B.V.C.,2023,2023-01-01,Acta Scientiarum Agronomy,Journal,Article,45,,,e57407,3,True,16799275,18078621,Brazil
Q1,2-s2.0-85179697593,10.3389/fpls.2023.1307492,An efficient approach to detect and track winter flush growth of litchi tree based on UAV remote sensing and semantic segmentation,Bai S.,2023,2023-01-01,Frontiers in Plant Science,Journal,Article,14,,,1307492,7,True,,1664462X,China
Q1,2-s2.0-85178081583,,Detection of Oil Palm Tree and Loose Fruitlets for Fresh Fruit Bunch's Ready-to-Harvest Prediction via Deep Learning Approach,Daud M.M.,2023,2023-01-01,Iaeng International Journal of Computer Science,Journal,Article,50,4,,,14,False,1819656X,18199224,Malaysia
Q1,2-s2.0-85145055386,,"2nd International Conference on Agriculture Digitalization and Organic Production, ADOP 2022",,2023,2023-01-01,Smart Innovation Systems and Technologies,Book Series,Conference Review,331,,,,0,False,21903018,21903026,
Q1,2-s2.0-85205684934,10.1007/978-981-19-8113-5_11,Real-Time Pear Fruit Detection and Counting Using YOLOv4 Models and Deep SORT,Parico A.I.B.,2023,2023-01-01,Iot and AI in Agriculture Self Sufficiency in Food Production to Achieve Society 5 0 and Sdgs Globally,Book,Book Chapter,,,179-218,,1,False,,,Japan
Q1,2-s2.0-85186144398,10.1109/icac60630.2023.10417337,CapsiScan: Autonomous Robotic System for Monitoring and Managing Greenhouse-Based Capsicum Farms,Jayakody E.R.T.,2023,2023-01-01,Icac 2023 5th International Conference on Advancements in Computing Technological Innovation for A Sustainable Economy Proceedings,Conference Proceeding,Conference Paper,,,197-202,,3,False,,,
Q1,2-s2.0-85182523396,10.1109/iros55552.2023.10341502,Seeing the Fruit for the Leaves: Robotically Mapping Apple Fruitlets in a Commercial Orchard,Qureshi A.,2023,2023-01-01,IEEE International Conference on Intelligent Robots and Systems,Conference Proceeding,Conference Paper,,,3234-3239,,6,False,21530858,21530866,New Zealand
Q1,2-s2.0-85171164690,10.1117/12.2663367,Multi-ripeness level blackberry detection using YOLOv7 for soft robotic harvesting,Zhang X.,2023,2023-01-01,Proceedings of SPIE the International Society for Optical Engineering,Conference Proceeding,Conference Paper,12539,,,1253908,3,False,0277786X,1996756X,United States
Q1,2-s2.0-85181397223,10.1117/12.3007731,Semantic Segmentation and Simultaneous Localization and Mapping Technology for Autonomous Mobile Robot,Chao Z.,2023,2023-01-01,Proceedings of SPIE the International Society for Optical Engineering,Conference Proceeding,Conference Paper,12963,,,1296319,0,False,0277786X,1996756X,China
Q1,2-s2.0-85178352092,10.1109/igarss52108.2023.10282249,Evaluating YOLO Models for Grape Moth Detection in Insect Traps,Teixeira A.C.,2023,2023-01-01,International Geoscience and Remote Sensing Symposium IGARSS,Conference Proceeding,Conference Paper,2023-July,,3526-3529,,3,False,,21536996,Portugal
Q1,2-s2.0-85186510017,10.1109/metroagrifor58484.2023.10424392,First Step Towards Embedded Vision System for Pruning Wood Estimation,Lanza B.,2023,2023-01-01,2023 IEEE International Workshop on Metrology for Agriculture and Forestry Metroagrifor 2023 Proceedings,Conference Proceeding,Conference Paper,,,757-762,,5,False,,,Italy
Q1,2-s2.0-85151074383,,"17th International Conference on Green, Pervasive, and Cloud Computing, GPC 2022",,2023,2023-01-01,Lecture Notes in Computer Science Including Subseries Lecture Notes in Artificial Intelligence and Lecture Notes in Bioinformatics,Book Series,Conference Review,13744 LNCS,,,,0,False,03029743,16113349,
Q1,2-s2.0-85191735239,10.1109/gcitc60406.2023.10425812,Smart Refrigerator Management System Using Deep Learning,Kamble S.,2023,2023-01-01,2023 Global Conference on Information Technologies and Communications Gcitc 2023,Conference Proceeding,Conference Paper,,,,,4,False,,,India
Q1,2-s2.0-85176550412,,DURIAN DETECTION AND COUNTING SYSTEM USING DEEP LEARNING,Azizi A.H.A.,2023,2023-01-01,Journal of Engineering Science and Technology,Journal,Article,18,5,2470-2477,,0,False,18234690,,Malaysia
Q1,2-s2.0-85186265997,10.1109/iementech60402.2023.10423538,An Integrated Framework for Smart Monitoring of Orange Orchard,Chakraborty S.,2023,2023-01-01,2023 7th International Conference on Electronics Materials Engineering and Nano Technology Iementech 2023,Conference Proceeding,Conference Paper,,,,,0,False,,,India
Q1,2-s2.0-85150014730,10.1177/20563051231157590,"The “Fox Eye” Challenge Trend: Anti-Racism Work, Platform Affordances, and the Vernacular of Gesticular Activism on TikTok",Zhao X.,2023,2023-01-01,Social Media and Society,Journal,Article,9,1,,,61,True,,20563051,Australia
Q1,2-s2.0-85164620053,10.3389/fpls.2023.1153505,An improved YOLOv5s model using feature concatenation with attention mechanism for real-time fruit detection and counting,Lawal O.M.,2023,2023-01-01,Frontiers in Plant Science,Journal,Article,14,,,1153505,28,True,,1664462X,China
Q1,2-s2.0-85167407639,10.3389/fevo.2023.1159142,Red palm weevil olfactory proteins annotated from the rostrum provide insights into the essential role in chemosensation and chemoreception,Venthur H.,2023,2023-01-01,Frontiers in Ecology and Evolution,Journal,Article,11,,,1159142,6,True,,2296701X,Chile
Q1,2-s2.0-85146234142,10.1016/j.jth.2022.101539,Did the COVID-19 vaccine rollout impact transportation demand? A case study in New York City,Drummond J.,2023,2023-01-01,Journal of Transport and Health,Journal,Article,28,,,101539,11,False,22141405,,United States
Q1,2-s2.0-85178570483,10.5220/0012089600003555,OCScraper: Automated Analysis of the Fingerprintability of the iOS API,Palfinger G.,2023,2023-01-01,Proceedings of the International Conference on Security and Cryptography,Conference Proceeding,Conference Paper,1,,433-441,,1,True,21847711,,Austria
Q1,2-s2.0-85148043920,10.1088/1742-6596/2431/1/012038,Python programming code for stellar photometry in astrophysics teaching on a cloud computing service,Krittinatham W.,2023,2023-01-01,Journal of Physics Conference Series,Conference Proceeding,Conference Paper,2431,1,,012038,1,True,17426588,17426596,Thailand
Q1,2-s2.0-85176736205,10.1115/msec2023-104622,TRACKING AND VISUALIZATION OF BENCHTOP ASSEMBLY COMPONENTS USING A RGBD CAMERA,Maddipatla Y.,2023,2023-01-01,Proceedings of ASME 2023 18th International Manufacturing Science and Engineering Conference Msec 2023,Conference Proceeding,Conference Paper,2,,,v002t07a006,2,False,,,United States
Q1,2-s2.0-85153394829,,"Proceedings of the 2022 11th International Conference on Networks, Communication and Computing, ICNCC 2022",,2022,2022-12-09,ACM International Conference Proceeding Series,Conference Proceeding,Conference Review,,,,,0,False,,,
Q1,2-s2.0-85144250617,10.5194/isprs-archives-xlviii-2-w1-2022-117-2022,THE COMPARISON OF DIFFERENT LIDAR ACQUISITION SOFTWARE ON IPAD PRO M1 2021,Kartini G.A.J.,2022,2022-12-08,International Archives of the Photogrammetry Remote Sensing and Spatial Information Sciences ISPRS Archives,Conference Proceeding,Conference Paper,48,2/W1-2022,117-120,,5,True,16821750,,Indonesia
Q1,2-s2.0-85144435655,10.5194/isprs-archives-xlviii-2-w2-2022-103-2022,MEASURING NUT VOLUMES USING THE AZURE KINECT,Peng X.,2022,2022-12-08,International Archives of the Photogrammetry Remote Sensing and Spatial Information Sciences ISPRS Archives,Conference Proceeding,Conference Paper,48,2/W2-2022,103-110,,2,True,16821750,,China
Q1,2-s2.0-85140889642,10.1016/j.softx.2022.101231,AKFruitData: A dual software application for Azure Kinect cameras to acquire and extract informative data in yield tests performed in fruit orchard environments,Miranda J.C.,2022,2022-12-01,Softwarex,Journal,Article,20,,,101231,11,True,,23527110,Spain
Q1,2-s2.0-85130273255,10.1186/s13007-022-00894-y,Banana plant counting and morphological parameters measurement based on terrestrial laser scanning,Miao Y.,2022,2022-12-01,Plant Methods,Journal,Article,18,1,,66,24,True,,17464811,China
Q1,2-s2.0-85144830760,10.3390/horticulturae8121223,In-Orchard Sizing of Mango Fruit: 1. Comparison of Machine Vision Based Methods for On-The-Go Estimation,Neupane C.,2022,2022-12-01,Horticulturae,Journal,Article,8,12,,1223,31,True,,23117524,Australia
Q1,2-s2.0-85131318981,10.1007/s11119-022-09924-0,Mapping coffee yield with computer vision,Bazame H.C.,2022,2022-12-01,Precision Agriculture,Journal,Article,23,6,2372-2387,,7,False,13852256,15731618,Brazil
Q1,2-s2.0-85134472385,10.1007/s11694-022-01507-x,"Development of two types of intelligent indicators based on cellulose, black carrot, and grape anthocyanins for monitoring food freshness/spoilage",Hassanpour A.,2022,2022-12-01,Journal of Food Measurement and Characterization,Journal,Article,16,6,4295-4302,,14,False,21934126,21934134,Iran
Q1,2-s2.0-85140136384,10.1016/j.measurement.2022.111977,Slicing aided large scale tomato fruit detection and counting in 360-degree video data from a greenhouse,Turečková A.,2022,2022-11-30,Measurement Journal of the International Measurement Confederation,Journal,Article,204,,,111977,7,False,02632241,,Czech Republic
Q1,2-s2.0-85136688808,10.1016/j.colsurfa.2022.129910,Water-based flexographic ink with tamper detection fluorescence for security printing applications,Muthamma K.,2022,2022-11-20,Colloids and Surfaces A Physicochemical and Engineering Aspects,Journal,Article,653,,,129910,12,False,09277757,18734359,India
Q1,2-s2.0-85142694854,10.3390/rs14225853,Swin-Transformer-YOLOv5 for Real-Time Wine Grape Bunch Detection,Lu S.,2022,2022-11-01,Remote Sensing,Journal,Article,14,22,,5853,62,True,,20724292,China; United States
Q1,2-s2.0-85152944358,10.11975/j.issn.1002-6819.2022.21.016,Research progress and hotspots of smart orchard based on bibliometrics,Lan Y.,2022,2022-11-01,Nongye Gongcheng Xuebao Transactions of the Chinese Society of Agricultural Engineering,Journal,Article,38,21,127-136,,10,False,10026819,,China
Q1,2-s2.0-85142865619,10.1128/spectrum.03050-22,Sequencing and Variant Detection of Eight Abundant Plant-Infecting Tobamoviruses across Southern California Wastewater,Rothman J.A.,2022,2022-11-01,Microbiology Spectrum,Journal,Article,10,6,,,20,True,,21650497,United States
Q1,2-s2.0-85142850154,10.3390/ijms232213963,Genome-Wide Identification of the Aconitase Gene Family in Tomato (Solanum lycopersicum) and CRISPR-Based Functional Characterization of SlACO2 on Male-Sterility,Secgin Z.,2022,2022-11-01,International Journal of Molecular Sciences,Journal,Article,23,22,,13963,24,True,16616596,14220067,Turkey
Q1,2-s2.0-85140299685,10.1016/s2589-7500(22)00156-x,"Sensor-based surveillance for digitising real-time COVID-19 tracking in the USA (DETECT): a multivariable, population-based, modelling study",Radin J.M.,2022,2022-11-01,Lancet Digital Health,Journal,Article,4,11,e777-e786,,19,True,,25897500,United States
Q1,2-s2.0-85141620741,10.3390/nu14214697,"Comparison of Adherence to Mediterranean Diet between Spanish and German School-Children and Influence of Gender, Overweight, and Physical Activity",Grams L.,2022,2022-11-01,Nutrients,Journal,Article,14,21,,4697,15,True,,20726643,Spain
Q1,2-s2.0-85134294719,10.1007/s12524-022-01576-x,Estimation of Walnut Structure Parameters Using Terrestrial Photogrammetry Based on Structure-from-Motion (SfM),Fernández-Sarría A.,2022,2022-10-01,Journal of the Indian Society of Remote Sensing,Journal,Article,50,10,1931-1944,,7,True,0255660X,09743006,Spain
Q1,2-s2.0-85138961584,10.3389/fgene.2022.959266,Recent advances in date palm genomics: A comprehensive review,Rahman H.,2022,2022-09-13,Frontiers in Genetics,Journal,Review,13,,,959266,27,True,,16648021,United Arab Emirates
Q1,2-s2.0-85137834577,10.13925/j.cnki.gsxb.20210514,Analysis of academic influence of Journal of Fruit Science based on Web of Science,Zhang H.,2022,2022-09-10,Journal of Fruit Science,Journal,Article,39,9,1710-1717,,0,False,10099980,,China
Q1,2-s2.0-85106296467,10.1016/j.inpa.2021.04.011,Three dimensional apple tree organs classification and yield estimation algorithm based on multi-features fusion and support vector machine,Ge L.,2022,2022-09-01,Information Processing in Agriculture,Journal,Review,9,3,431-442,,33,True,22143173,,China
Q1,2-s2.0-85134149219,10.1016/j.biosystemseng.2022.05.004,Automatic flower cluster estimation in apple orchards using aerial and ground based point clouds,Zhang C.,2022,2022-09-01,Biosystems Engineering,Journal,Article,221,,164-180,,34,True,15375110,,Netherlands
Q1,2-s2.0-85141781247,10.3390/agriculture12091290,Drone-Computer Communication Based Tomato Generative Organ Counting Model Using YOLO V5 and Deep-Sort,Egi Y.,2022,2022-09-01,Agriculture Switzerland,Journal,Article,12,9,,1290,85,True,,20770472,Kuwait
Q1,2-s2.0-85134890183,10.1016/j.compag.2022.107223,Cascade-SORT: A robust fruit counting approach using multiple features cascade matching,He L.,2022,2022-09-01,Computers and Electronics in Agriculture,Journal,Article,200,,,107223,37,False,01681699,,China
Q1,2-s2.0-105001579640,,WWW 2022 - Companion Proceedings of the Web Conference 2022,,2022,2022-08-16,Www 2022 Companion Proceedings of the Web Conference 2022,Conference Proceeding,Conference Review,,,,,0,False,,,
Q1,2-s2.0-85136550594,10.3389/fpls.2022.935217,"The influence of self-pollen deposition on female reproductive success in a self-incompatible plant, Akebia quinata",Wang C.H.,2022,2022-08-10,Frontiers in Plant Science,Journal,Article,13,,,935217,2,True,,1664462X,China
Q1,2-s2.0-85136488551,10.3389/fpls.2022.959046,A new technique for stain-marking of seeds with safranine to track seed dispersal and seed bank dynamics,Zhang Z.,2022,2022-08-08,Frontiers in Plant Science,Journal,Article,13,,,959046,4,True,,1664462X,China
Q1,2-s2.0-85133466253,10.1007/s11269-022-03237-7,LiDAR based hydro-conditioned hydrological modeling for enhancing precise conservation practice placement in agricultural watersheds,Srinivas R.,2022,2022-08-01,Water Resources Management,Journal,Article,36,10,3877-3900,,8,False,09204741,15731650,India; United States
Q1,2-s2.0-85133533127,10.1016/j.jag.2022.102878,Exploring the use of synthetic aperture radar data for irrigation management in super high-density olive orchards,El Hajj M.M.,2022,2022-08-01,International Journal of Applied Earth Observation and Geoinformation,Journal,Article,112,,,102878,6,True,15698432,1872826X,Saudi Arabia
Q1,2-s2.0-85134965743,10.1093/ee/nvac029,"Phenology, Density and Parasitism of Asian Chestnut Gall Wasp (Dryocosmus kuriphilus) (Hymenoptera: Cynipidae) in Recently Invaded Chestnut (Castanea spp.) Orchards in Michigan",Labbate L.,2022,2022-08-01,Environmental Entomology,Journal,Article,51,4,747-762,,3,True,0046225X,19382936,United States
Q1,2-s2.0-85135379916,10.1055/s-0042-1750416,Evaluating the Effect of a COVID-19 Predictive Model to Facilitate Discharge: A Randomized Controlled Trial,Major V.J.,2022,2022-07-27,Applied Clinical Informatics,Journal,Article,13,3,632-640,,5,True,,18690327,United States
Q1,2-s2.0-85135133560,10.3390/s22145452,Single Fusion Image from Collections of Fruit Views for Defect Detection and Classification,Albiol A.,2022,2022-07-01,Sensors,Journal,Article,22,14,,5452,2,True,14248220,,Spain
Q1,2-s2.0-85134024252,10.1145/3498361.3539776,Detecting counterfeit liquid food products in a sealed bottle using a smartphone camera,Sun B.,2022,2022-06-27,Mobisys 2022 Proceedings of the 2022 20th Annual International Conference on Mobile Systems Applications and Services,Conference Proceeding,Conference Paper,,,42-55,,20,False,,,Singapore
Q1,2-s2.0-85129298616,10.1016/j.biosystemseng.2022.04.009,Image-based analysis of yield parameters in viticulture,Zabawa L.,2022,2022-06-01,Biosystems Engineering,Journal,Article,218,,94-109,,13,False,15375110,,Germany
Q1,2-s2.0-85132365028,10.12706/itea.2021.025,Estimation of vineyard vegetative growth: analysis of 3D point cloud from unmanned aerial vehicle imagery,Torres-Sánchez J.,2022,2022-06-01,Itea Informacion Tecnica Economica Agraria,Journal,Article,118,2,165-180,,2,True,16996887,,Spain
Q1,2-s2.0-85132789856,10.3390/machines10060489,Tracking and Counting of Tomato at Different Growth Period Using an Improving YOLO-Deepsort Network for Inspection Robot,Ge Y.,2022,2022-06-01,Machines,Journal,Article,10,6,,489,90,True,,20751702,China
Q1,2-s2.0-85129105475,10.1016/j.compag.2022.107000,A novel apple fruit detection and counting methodology based on deep learning and trunk tracking in modern orchard,Gao F.,2022,2022-06-01,Computers and Electronics in Agriculture,Journal,Article,197,,,107000,152,False,01681699,,China
Q1,2-s2.0-85132061084,10.1002/adma.202201337,Rigidity-Tuned Full-Color Emission: Uncommon Luminescence Change from Polymer Free-Volume Variations,Feng S.,2022,2022-06-01,Advanced Materials,Journal,Article,34,24,,2201337,33,False,09359648,15214095,China
Q1,2-s2.0-85131668586,,IOT based Automated Greenhouse Using Machine Learning Approach,Farooqui N.A.,2022,2022-05-27,International Journal of Intelligent Systems and Applications in Engineering,Journal,Article,10,2,226-231,,28,False,,21476799,India
Q1,2-s2.0-85130800575,10.6041/j.issn.1000-1298.2022.05.021,Identification and Counting Method of Potted Kumquat Fruits Based on Point Cloud Registration,Zhu Q.,2022,2022-05-25,Nongye Jixie Xuebao Transactions of the Chinese Society for Agricultural Machinery,Journal,Article,53,5,209-216,,13,False,10001298,,China
Q1,2-s2.0-85131084305,10.3390/agriculture12050730,VineInspector: The Vineyard Assistant,Mendes J.,2022,2022-05-01,Agriculture Switzerland,Journal,Article,12,5,,730,19,True,,20770472,Portugal
Q1,2-s2.0-85135944181,10.20870/oeno-one.2022.56.2.5444,Grapevine recovery after fire and a first look at rapid damage assessment with satellite imagery,Collins C.,2022,2022-04-05,Oeno One,Journal,Article,56,2,265-278,,1,True,24941271,,Australia
Q1,2-s2.0-85129035787,10.3847/1538-4357/ac5c4b,Unveiling an Old Disk around a Massive Young Leaking Blueberry in SDSS-IV MaNGA,Paswan A.,2022,2022-04-01,Astrophysical Journal,Journal,Article,929,1,,50,4,True,0004637X,15384357,India
Q1,2-s2.0-85128729562,10.1103/physreve.105.045101,Bubble eruptions in a multilayer Hele-Shaw flow,Al Brahim A.,2022,2022-04-01,Physical Review E,Journal,Article,105,4,,045101,2,True,24700045,24700053,Saudi Arabia
Q1,2-s2.0-85128277395,10.3389/fpls.2022.820439,Genome-Wide Identification and Expression Analysis of the R2R3-MYB Transcription Factor Family Revealed Their Potential Roles in the Flowering Process in Longan (Dimocarpus longan),Chen Q.,2022,2022-03-25,Frontiers in Plant Science,Journal,Article,13,,,820439,26,True,,1664462X,China
Q1,2-s2.0-85145010346,,Measurement of large angle muon flux in GRAPES-3 experiment using triggerless DAQ system,Hariharan B.,2022,2022-03-18,Proceedings of Science,Conference Proceeding,Conference Paper,395,,,379,1,False,,18248039,India
Q1,2-s2.0-85148085821,10.1002/9781119821809.ch15,Hereditary factor-based multi-featured algorithm for early diabetes detection using machine learning,Deepajothi S.,2022,2022-02-26,Artificial Intelligent Techniques for Wireless Communication and Networking,Book,Book Chapter,,,235-253,,1,False,,,India
Q1,2-s2.0-85124612228,10.3390/agronomy12020440,Culling Double Counting in Sequence Images for Fruit Yield Estimation,Xia X.,2022,2022-02-01,Agronomy,Journal,Article,12,2,,440,15,True,,20734395,China
Q1,2-s2.0-85123686493,10.3390/rs14030642,Identification of the Yield of Camellia oleifera Based on Color Space by the Optimized Mean Shift Clustering Algorithm Using Terrestrial Laser Scanning,Tang J.,2022,2022-02-01,Remote Sensing,Journal,Article,14,3,,642,8,True,,20724292,China
Q1,2-s2.0-85130941075,10.1093/hr/uhac003,Deep-learning-based in-field citrus fruit detection and tracking,Zhang W.,2022,2022-01-01,Horticulture Research,Journal,Article,9,,,uhac003,126,True,26626810,20527276,China
Q1,2-s2.0-85120893292,10.1515/jag-2021-0023,Automated near-field deformation detection from mobile laser scanning for the 2014 Mw6.0 South Napa earthquake,Zhu X.,2022,2022-01-01,Journal of Applied Geodesy,Journal,Article,16,1,65-79,,0,False,18629016,18629024,United States
Q1,2-s2.0-85143252699,10.1109/mttw56973.2022.9942550,YOLOv5 Deep Neural Network for Quince and Raspberry Detection on RGB Images,Sudars K.,2022,2022-01-01,Proceedings of 2022 Workshop on Microwave Theory and Techniques in Wireless Communications Mttw 2022,Conference Proceeding,Conference Paper,,,19-22,,17,False,,,Latvia
Q1,2-s2.0-85137566603,10.13031/aim.202201119,3D characterization of tree architecture for apple crop load estimation,Qiu T.,2022,2022-01-01,2022 Asabe Annual International Meeting,Conference Proceeding,Conference Paper,,,,,7,False,,,United States
Q1,2-s2.0-85126072408,10.3233/thc-228014,Acne detection and severity evaluation with interpretable convolutional neural network models,Wen H.,2022,2022-01-01,Technology and Health Care,Journal,Article,30,S1,S143-S153,,23,True,09287329,,China
Q1,2-s2.0-85140203916,10.1109/case49997.2022.9926466,Fruit Mapping with Shape Completion for Autonomous Crop Monitoring,Marangoz S.,2022,2022-01-01,IEEE International Conference on Automation Science and Engineering,Conference Proceeding,Conference Paper,2022-August,,471-476,,24,False,21618070,21618089,Germany
Q1,2-s2.0-85124914627,10.31202/ecjse.962269,Fruit Detection from Apple Orchard Using Point Cloud Data,Günen M.A.,2022,2022-01-01,El Cezeri Journal of Science and Engineering,Journal,Article,9,1,253-265,,1,True,,21483736,Turkey
Q1,2-s2.0-85140370883,10.1109/igarss46834.2022.9883076,Towards Efficient Correction of Coconut Tree Detection Errors,Vargas-Munoz J.E.,2022,2022-01-01,International Geoscience and Remote Sensing Symposium IGARSS,Conference Proceeding,Conference Paper,2022-July,,5065-5068,,1,False,21536996,21537003,Switzerland
Q1,2-s2.0-85131442506,10.15586/qas.v14i2.1008,Yield and maturity estimation of apples in orchards using a 3-step deep learning-based method,Zhang X.,2022,2022-01-01,Quality Assurance and Safety of Crops and Foods,Journal,Article,14,2,101-111,,4,True,17578361,1757837X,China
Q1,2-s2.0-85131696758,10.1080/01431161.2022.2085069,Sensitivity examination of YOLOv4 regarding test image distortion and training dataset attribute for apple flower bud classification,Yuan W.,2022,2022-01-01,International Journal of Remote Sensing,Journal,Article,43,8,3106-3130,,20,True,01431161,13665901,United States
Q1,2-s2.0-85151076382,,"Virtual International Conference on Soft Computing, Optimization Theory and Applications, SCOTA 2021",,2022,2022-01-01,Springer Proceedings in Mathematics and Statistics,Conference Proceeding,Conference Review,404,,,,0,False,21941009,21941017,
Q1,2-s2.0-85140479186,,"5th IFIP TC 12 International Conference on Computational Intelligence in Data Science, ICCIDS 2022",,2022,2022-01-01,IFIP Advances in Information and Communication Technology,Book Series,Conference Review,654 IFIP,,,,0,False,18684238,1868422X,
Q1,2-s2.0-85127328937,10.1016/j.ibmed.2022.100054,Patent ductus arteriosus (PDA) detection in echocardiograms using deep learning,Lei H.,2022,2022-01-01,Intelligence Based Medicine,Journal,Article,6,,,100054,12,True,,26665212,United States
Q1,2-s2.0-85142733724,,"2nd Doctoral Symposium on Information and Communication Technologies, DSICT 2022",,2022,2022-01-01,Communications in Computer and Information Science,Book Series,Conference Review,1647 CCIS,,,,0,False,18650929,18650937,
Q1,2-s2.0-85140768779,10.1109/wrcsara57040.2022.9903925,Research on UAV Online Visual Tracking Algorithm based on YOLOv5 and FlowNet2 for Apple Yield Inspection,Wang S.,2022,2022-01-01,Proceedings of the 4th Wrc Symposium on Advanced Robotics and Automation 2022 Wrc Sara 2022,Conference Proceeding,Conference Paper,,,280-285,,3,False,,,China
Q1,2-s2.0-85144822105,10.1016/j.ifacol.2022.11.126,Canopy Density Estimation of Apple Trees,Paudel A.,2022,2022-01-01,IFAC Papersonline,Conference Proceeding,Conference Paper,55,32,124-128,,4,True,,24058963,United States
Q1,2-s2.0-85145978159,10.1109/iotais56727.2022.9975972,Loose Fruitlet and Fresh Fruit Bunch Detection for Palm Oil Harvest Management,Daud M.M.,2022,2022-01-01,Proceedings of the 2022 IEEE International Conference on Internet of Things and Intelligence Systems Iotais 2022,Conference Proceeding,Conference Paper,,,13-18,,1,False,,,Malaysia
Q1,2-s2.0-85147253786,10.1109/gcce56475.2022.10014123,Counting pear flower buds using worm's-eye view images,Hanakawa T.,2022,2022-01-01,Gcce 2022 2022 IEEE 11th Global Conference on Consumer Electronics,Conference Proceeding,Conference Paper,,,529-532,,1,False,,,Japan
Q1,2-s2.0-85150679318,10.1109/icerect56837.2022.10060521,Smart Farming Techniques for Precision Agriculture,Boralkar M.,2022,2022-01-01,4th International Conference on Emerging Research in Electronics Computer Science and Technology Icerect 2022,Conference Proceeding,Conference Paper,,,,,1,False,,,India
Q1,2-s2.0-85143801774,10.1109/icaee53772.2022.9961966,Using computer vision to assess an electrostatic separation process,Kachi M.,2022,2022-01-01,2022 2nd International Conference on Advanced Electrical Engineering Icaee 2022,Conference Proceeding,Conference Paper,,,,,0,False,,,Algeria
Q1,2-s2.0-85135851648,10.1007/978-3-031-13844-7_6,Tracking and Counting Method for Tomato Fruits Scouting Robot in Greenhouse,Dai G.,2022,2022-01-01,Lecture Notes in Computer Science Including Subseries Lecture Notes in Artificial Intelligence and Lecture Notes in Bioinformatics,Book Series,Conference Paper,13455 LNAI,,60-68,,5,False,03029743,16113349,China
Q1,2-s2.0-85142763999,10.1109/icecaa55415.2022.9936185,Farmer Friendly Smart App for Pomegranate Disease Identification,Nirmal M.D.,2022,2022-01-01,International Conference on Edge Computing and Applications Icecaa 2022 Proceedings,Conference Proceeding,Conference Paper,,,884-890,,7,False,,,India
Q1,2-s2.0-85129620376,,"2022 International Conference on Emerging Smart Computing and Informatics, ESCI 2022",,2022,2022-01-01,2022 International Conference on Emerging Smart Computing and Informatics Esci 2022,Conference Proceeding,Conference Review,,,,,0,False,,,
Q1,2-s2.0-85127118178,10.1007/978-3-030-84148-5_6,Computer Vision-based Detection and Tracking in the Olive Sorting Pipeline,Georgiou G.,2022,2022-01-01,Springer Optimization and Its Applications,Book Series,Book Chapter,183,,131-160,,2,False,19316828,19316836,Greece
Q1,2-s2.0-85159390223,10.1109/hnicem57413.2022.10109448,Indirect Weight Measurement Model for Mango Post-production Process Based on Gated Recurrent Unit and Bidirectional Long Short-Term Memory,Concepcion R.,2022,2022-01-01,2022 IEEE 14th International Conference on Humanoid Nanotechnology Information Technology Communication and Control Environment and Management Hnicem 2022,Conference Proceeding,Conference Paper,,,,,0,False,,,Philippines
Q1,2-s2.0-85115200906,10.1007/s10340-021-01431-x,Preventing invasions of Asian longhorn beetle and citrus longhorn beetle: are we on the right track?,Branco S.,2022,2022-01-01,Journal of Pest Science,Journal,Review,95,1,41-66,,41,False,16124758,16124766,Portugal
Q1,2-s2.0-85136110212,10.1109/spw54247.2022.9833870,BLE-Doubt: Smartphone-Based Detection of Malicious Bluetooth Trackers,Briggs J.,2022,2022-01-01,Proceedings 43rd IEEE Symposium on Security and Privacy Workshops Spw 2022,Conference Proceeding,Conference Paper,,,208-214,,7,False,,,
Q1,2-s2.0-85134074225,,"2022 2nd International Conference on Image Processing and Robotics, ICIPRob 2022",,2022,2022-01-01,2022 2nd International Conference on Image Processing and Robotics Iciprob 2022,Conference Proceeding,Conference Review,,,,,0,False,,,
Q1,2-s2.0-85127046040,10.24996/ijs.2022.63.2.9,Measurements of Radon Concentrations in Some Dried Fruit and Grain Samples by (CR-39) Nuclear Track Detector,Jameel A.N.,2022,2022-01-01,Iraqi Journal of Science,Journal,Article,63,2,517-523,,4,True,00672904,23121637,Iraq
Q1,2-s2.0-85133699279,10.1007/978-981-16-9416-5_62,UAV Collaboration for Autonomous Target Capture,Tony L.A.,2022,2022-01-01,Lecture Notes on Data Engineering and Communications Technologies,Book Series,Book Chapter,114,,847-862,,4,False,23674512,23674520,India
Q1,2-s2.0-85142676863,,ISWTA 2022 - IEEE Symposium on Wireless Technology and Applications: Expanding Horizon Beyond Boundaries,,2022,2022-01-01,IEEE Symposium on Wireless Technology and Applications Iswta,Conference Proceeding,Conference Review,2022-August,,,,0,False,23247843,23247851,
Q1,2-s2.0-85118563837,10.1016/j.compag.2021.106533,Fruit detection and load estimation of an orange orchard using the YOLO models through simple approaches in different imaging and illumination conditions,Mirhaji H.,2021,2021-12-01,Computers and Electronics in Agriculture,Journal,Article,191,,,106533,221,False,01681699,,Iran
Q1,2-s2.0-85131922579,10.3390/urbansci5040088,3D LiDAR Scanning of Urban Forest Structure Using a Consumer Tablet,Çakir G.Y.,2021,2021-12-01,Urban Science,Journal,Article,5,4,,88,25,True,,24138851,United States
Q1,2-s2.0-85119683322,10.1093/ee/nvab081,Assessment of Nymphal Ecology and Adult Xylella fastidiosa Transmission Biology of Aphrophora nr. permutata (Hemiptera: Aphrophoridae) in California Vineyards,Beal D.J.,2021,2021-12-01,Environmental Entomology,Journal,Article,50,6,1446-1454,,5,False,0046225X,19382936,United States
Q1,2-s2.0-85129775422,10.3390/horticulturae7120589,Genome-Wide Identification and Characterization of DnaJ Gene Family in Grape (Vitis vinifera L.),Chen T.,2021,2021-12-01,Horticulturae,Journal,Article,7,12,,589,20,True,,23117524,China
Q1,2-s2.0-85119475648,10.3390/agronomy11112211,Development of monitoring robot system for tomato fruits in hydroponic greenhouses,Seo D.,2021,2021-11-01,Agronomy,Journal,Article,11,11,,2211,70,True,,20734395,South Korea
Q1,2-s2.0-85116669149,10.1016/j.compag.2021.106484,Automatic branch detection of jujube trees based on 3D reconstruction for dormant pruning using the deep learning-based method,Ma B.,2021,2021-11-01,Computers and Electronics in Agriculture,Journal,Article,190,,,106484,58,False,01681699,,China
Q1,2-s2.0-85123396379,10.11975/j.issn.1002-6819.2021.21.025,Apple detection and counting using real-time video based on deep learning and object tracking,Gao F.,2021,2021-11-01,Nongye Gongcheng Xuebao Transactions of the Chinese Society of Agricultural Engineering,Journal,Article,37,21,217-224,,38,False,10026819,,China
Q1,2-s2.0-85120090312,10.1128/aem.01448-21,RNA viromics of Southern California wastewater and detection of SARS-CoV-2 single-nucleotide variants,Rothman J.A.,2021,2021-11-01,Applied and Environmental Microbiology,Journal,Article,87,23,,e01448-21,58,False,00992240,10985336,United States
Q1,2-s2.0-85120077791,10.3390/rs13224696,Regional ranking of marine turtle nesting in remote western australia by integrating traditional ecological knowledge and remote sensing,Tucker A.D.,2021,2021-11-01,Remote Sensing,Journal,Article,13,22,,4696,8,True,,20724292,Australia
Q1,2-s2.0-85122722913,10.1094/pdis-12-20-2585-re,Investigating the Distribution of Strains of Erwinia amylovora and Streptomycin Resistance in Apple Orchards in New York Using Clustered Regularly Interspaced Short Palindromic Repeat Profiles: A 6-Year Follow-Up,Wallis A.,2021,2021-11-01,Plant Disease,Journal,Article,105,11,3554-3563,,11,False,01912917,19437692,United States
Q1,2-s2.0-85117609191,10.3390/machines9100233,Grape berry detection and size measurement based on edge image processing and geometric morphology,Luo L.,2021,2021-10-01,Machines,Journal,Article,9,10,,233,50,True,,20751702,China
Q1,2-s2.0-85116408183,10.3390/s21196657,Yield estimation and visualization solution for precision agriculture,Osman Y.,2021,2021-10-01,Sensors,Journal,Article,21,19,,6657,31,True,14248220,,Canada
Q1,2-s2.0-85119849065,10.11975/j.issn.1002-6819.2021.18.019,Detecting and counting of spring-see citrus using YOLOv4 network model and recursive fusion of features,Yi S.,2021,2021-09-15,Nongye Gongcheng Xuebao Transactions of the Chinese Society of Agricultural Engineering,Journal,Article,37,18,161-169,,23,False,10026819,,China
Q1,2-s2.0-85105822758,10.1002/ps.6433,Remote monitoring of Cydia pomonella adults among an assemblage of nontargets in sex pheromone-kairomone-baited smart traps,Preti M.,2021,2021-09-01,Pest Management Science,Journal,Article,77,9,4084-4090,,16,True,1526498X,15264998,Italy
Q1,2-s2.0-85109147695,10.1016/j.biosystemseng.2021.06.015,Assigning apples to individual trees in dense orchards using 3D colour point clouds,Zine-El-Abidine M.,2021,2021-09-01,Biosystems Engineering,Journal,Article,209,,30-52,,28,True,15375110,,France
Q1,2-s2.0-85114675617,10.3390/agronomy11091711,Estimation of fruit load in australian mango orchards using machine vision,Anderson N.T.,2021,2021-09-01,Agronomy,Journal,Article,11,9,,1711,35,True,,20734395,Australia
Q1,2-s2.0-85131808089,10.1007/s42979-021-00774-7,Machine Learning Approaches for Tackling Novel Coronavirus (COVID-19) Pandemic,Rahman M.M.,2021,2021-09-01,SN Computer Science,Journal,Review,2,5,,384,56,True,2662995X,26618907,Bangladesh
Q1,2-s2.0-85116000908,10.1371/journal.pone.0256843,Ontogenetic niche shifts in a locally endangered tree species (Olea europaea subsp. cuspidata) in a disturbed forest in Northern Ethiopia: Implications for conservation,Wegasie M.O.,2021,2021-09-01,Plos One,Journal,Article,16,9 September,,e0256843,3,True,,19326203,Ethiopia; Norway
Q1,2-s2.0-85114354752,10.37077/25200860.2021.34.sp1.1,Relationship of oil palm crown features extracted using terrestrial laser scanning for basal stem rot disease classification,Husin N.A.,2021,2021-08-19,Basrah Journal of Agricultural Sciences,Journal,Article,34,special issue,1-10,,6,True,25200860,18145868,Malaysia
Q1,2-s2.0-85119526165,10.11975/j.issn.1002-6819.2021.16.016,Apple fruit recognition in complex orchard environment based on improved YOLOv3,Zhao H.,2021,2021-08-15,Nongye Gongcheng Xuebao Transactions of the Chinese Society of Agricultural Engineering,Journal,Article,37,16,127-135,,52,False,10026819,,China
Q1,2-s2.0-85105041448,10.1002/bdr2.1898,Global birth defects app: An innovative tool for describing and coding congenital anomalies at birth in low resource settings,Dolk H.,2021,2021-08-15,Birth Defects Research,Journal,Article,113,14,1057-1073,,20,True,,24721727,United Kingdom
Q1,2-s2.0-85113712296,10.3390/rs13163129,Measurement of forest inventory parameters with apple ipad pro and integrated lidar technology,Gollob C.,2021,2021-08-02,Remote Sensing,Journal,Article,13,16,,3129,169,True,,20724292,Austria
Q1,2-s2.0-85108873548,10.1016/j.ijdrr.2021.102397,Twitter chirps for Syrian people: Sentiment analysis of tweets related to Syria Chemical Attack,Bashir S.,2021,2021-08-01,International Journal of Disaster Risk Reduction,Journal,Article,62,,,102397,38,False,22124209,,India
Q1,2-s2.0-85106430278,10.1016/j.jnc.2021.126020,Using drone imagery analysis in rare plant demographic studies,Rominger K.R.,2021,2021-08-01,Journal for Nature Conservation,Journal,Article,62,,,126020,21,True,16171381,,United States
Q1,2-s2.0-85106227892,10.2174/1574892816666210120113256,Pemetrexed – first-line therapy for non-squamous non-small cell lung cancer: A review of patent literature,Vora P.A.,2021,2021-08-01,Recent Patents on Anti Cancer Drug Discovery,Journal,Review,16,3,333-349,,9,False,15748928,22123970,India
Q1,2-s2.0-85103121600,10.1016/j.neucom.2021.02.086,PFWNet: Pretraining neural network via feature jigsaw puzzle for weakly-supervised temporal action localization,Wang B.,2021,2021-07-05,Neurocomputing,Journal,Article,443,,162-173,,6,False,09252312,18728286,China
Q1,2-s2.0-85110043612,10.3390/s21144803,Real time pear fruit detection and counting using yolov4 models and deep sort,Parico A.I.B.,2021,2021-07-02,Sensors,Journal,Article,21,14,,4803,206,True,14248220,,Japan
Q1,2-s2.0-85105526885,10.1007/s00138-021-01202-9,Automatic visual estimation of tomato cluster maturity in plant rows,Tenorio G.L.,2021,2021-07-01,Machine Vision and Applications,Journal,Article,32,4,,78,18,False,09328092,14321769,Brazil
Q1,2-s2.0-85103239070,10.1002/ps.6345,Use of rodenticide bait stations by commensal rodents at the urban–wildland interface: Insights for management to reduce nontarget exposure,Burke C.B.,2021,2021-07-01,Pest Management Science,Journal,Article,77,7,3126-3134,,13,False,1526498X,15264998,United States
Q1,2-s2.0-85119829625,10.1109/wf-iot51360.2021.9595143,Yield Estimation using Deep Learning for Precision Agriculture,Osman Y.,2021,2021-06-14,7th IEEE World Forum on Internet of Things Wf Iot 2021,Conference Proceeding,Conference Paper,,,542-550,,5,False,,,Canada
Q1,2-s2.0-85108358419,10.1051/e3sconf/202127001021,Neural network for identifying apple fruits on the crown of a tree,Smirnov I.,2021,2021-06-09,E3s Web of Conferences,Conference Proceeding,Conference Paper,270,,,01021,16,True,25550403,22671242,Russian Federation
Q1,2-s2.0-85113326040,10.1109/aicas51828.2021.9458527,Smart Refrigerator Inventory Management Using Convolutional Neural Networks,Lee T.H.,2021,2021-06-06,2021 IEEE 3rd International Conference on Artificial Intelligence Circuits and Systems Aicas 2021,Conference Proceeding,Conference Paper,,,,9458527,5,False,,,South Korea
Q1,2-s2.0-85108518650,10.3390/drones5020043,Assessment of the influence of survey design and processing choices on the accuracy of tree diameter at breast height (Dbh) measurements using uav-based photogrammetry,Moreira B.M.,2021,2021-06-01,Drones,Journal,Article,5,2,,43,26,True,,2504446X,Portugal
Q1,2-s2.0-85103948648,10.1016/j.compag.2021.106132,"Design, development, and performance evaluation of a robot for yield estimation of kiwifruit",Massah J.,2021,2021-06-01,Computers and Electronics in Agriculture,Journal,Article,185,,,106132,56,False,01681699,,Iran
Q1,2-s2.0-85107989780,10.1371/journal.pone.0252622,"The effect of colour on reading performance in children, measured by a sensor hub: From the perspective of gender",Jakovljević T.,2021,2021-06-01,Plos One,Journal,Review,16,6 June,,e0252622,8,True,,19326203,Slovenia
Q1,2-s2.0-85105913292,10.1364/osac.424583,Automatic pear and apple detection by videos using deep learning and a Kalman filter,Itakura K.,2021,2021-05-15,OSA Continuum,Journal,Article,4,5,1688-1695,,22,True,,25787519,Japan
Q1,2-s2.0-85105126804,10.3390/s21093083,Grape cluster detection using uav photogrammetric point clouds as a low‐cost tool for yield forecasting in vineyards,Torres‐sánchez J.,2021,2021-05-01,Sensors,Journal,Article,21,9,,3083,48,True,14248220,,Spain
Q1,2-s2.0-85111930419,10.11975/j.issn.1002-6819.2021.09.018,Inter-row automatic navigation method by combining least square and SVM in forestry,Liu X.,2021,2021-05-01,Nongye Gongcheng Xuebao Transactions of the Chinese Society of Agricultural Engineering,Journal,Article,37,9,157-164,,25,False,10026819,,China
Q1,2-s2.0-85105717050,10.1007/s12517-021-07153-9,Evaluation of agricultural climate and regional agricultural economic efficiency based on remote sensing analysis,Lu X.,2021,2021-05-01,Arabian Journal of Geosciences,Journal,Retracted,14,10,,858,1,False,18667511,18667538,China
Q1,2-s2.0-85114484653,10.1109/iccar52225.2021.9463466,Toddy Palm Trees Classification and Counting Using Drone Video: Retuning Hyperparameter Mask-RCNN,Htet K.S.,2021,2021-04-23,2021 7th International Conference on Control Automation and Robotics Iccar 2021,Conference Proceeding,Conference Paper,,,196-200,,9,False,,,Myanmar
Q1,2-s2.0-85105159230,10.3389/frobt.2021.627067,Towards a Machine Vision-Based Yield Monitor for the Counting and Quality Mapping of Shallots,Boatswain Jacques A.A.,2021,2021-04-16,Frontiers in Robotics and AI,Journal,Article,8,,,627067,21,True,,22969144,Canada
Q1,2-s2.0-85125091454,10.3389/fagro.2021.648080,"Low-Cost, Computer Vision-Based, Prebloom Cluster Count Prediction in Vineyards",Jaramillo J.,2021,2021-04-08,Frontiers in Agronomy,Journal,Article,3,,,648080,11,True,,26733218,United States
Q1,2-s2.0-85104405575,10.7717/peerj.11249,"Defensive behavior of the invasive alien hornet, Vespa velutina, against color, hair and auditory stimuli of potential aggressors",Choi M.B.,2021,2021-04-06,Peerj,Journal,Article,9,,,e11249,7,True,,21678359,South Korea
Q1,2-s2.0-85081673326,10.1007/s40009-020-00951-x,First Report on Aneusomaty and Chromosomal Chimeras in Male Track of Luffa cylindrica (L.) M. Roem,Bano M.,2021,2021-04-01,National Academy Science Letters,Journal,Article,44,2,167-172,,3,False,0250541X,22501754,India
Q1,2-s2.0-85104971963,10.1109/southeastcon45413.2021.9401851,Inventory management of the refrigerator's produce bins using classification algorithms and hand analysis,Morris S.,2021,2021-03-10,Conference Proceedings IEEE SOUTHEASTCON,Conference Proceeding,Conference Paper,2021-March,,,9401851,5,False,10910050,1558058X,United States
Q1,2-s2.0-85132257268,10.3390/agriengineering3010001,Definition and Application of a Computational Parameter for the Quantitative Production of Hydroponic Tomatoes Based on Artificial Neural Networks and Digital Image Processing,Palacios D.,2021,2021-03-01,Agriengineering,Journal,Article,3,1,,,5,True,,26247402,Paraguay
Q1,2-s2.0-85101132432,10.1016/j.compag.2021.106053,Development of a LiDAR-guided section-based tree canopy density measurement system for precision spray applications,Sultan Mahmud M.,2021,2021-03-01,Computers and Electronics in Agriculture,Journal,Article,182,,,106053,87,True,01681699,,United States
Q1,2-s2.0-85091681066,10.1002/rob.21987,Design and evaluation of a modular robotic plum harvesting system utilizing soft components,Brown J.,2021,2021-03-01,Journal of Field Robotics,Journal,Article,38,2,289-306,,72,False,15564959,15564967,Australia
Q1,2-s2.0-85096828486,10.1016/j.scienta.2020.109791,A method for organs classification and fruit counting on pomegranate trees based on multi-features fusion and support vector machine by 3D point cloud,Zhang C.,2021,2021-02-27,Scientia Horticulturae,Journal,Article,278,,,109791,39,False,03044238,,China
Q1,2-s2.0-85100587836,10.1007/s00425-021-03567-7,Detection of ploidy and chromosomal aberrations in commercial oil palm using high-throughput SNP markers,Ngoot-Chin T.,2021,2021-02-01,Planta,Journal,Article,253,2,,63,8,False,00320935,14322048,Malaysia
Q1,2-s2.0-85104142516,10.11975/j.issn.1002-6819.2021.2.005,Real-time detection methodology for obstacles in orchards using improved YOLOv4,Cai S.,2021,2021-01-15,Nongye Gongcheng Xuebao Transactions of the Chinese Society of Agricultural Engineering,Journal,Article,37,2,36-43,,48,False,10026819,,China
Q1,2-s2.0-85115850253,10.1007/978-3-030-87156-7_17,Robust Counting of Soft Fruit Through Occlusions with Re-identification,Kirk R.,2021,2021-01-01,Lecture Notes in Computer Science Including Subseries Lecture Notes in Artificial Intelligence and Lecture Notes in Bioinformatics,Book Series,Conference Paper,12899 LNCS,,211-222,,12,False,03029743,16113349,United Kingdom
Q1,2-s2.0-85126221162,10.1109/spin52536.2021.9566112,Improved handling of motion blur for grape detection after deblurring,Shah M.,2021,2021-01-01,Proceedings of the 8th International Conference on Signal Processing and Integrated Networks Spin 2021,Conference Proceeding,Conference Paper,,,949-954,,5,False,,,India
Q1,2-s2.0-85124388925,10.1109/scored53546.2021.9652696,Classifying Calamansi (Citrofortunella microcarpa) using Convolutional Neural Network,Custodio E.F.,2021,2021-01-01,19th IEEE Student Conference on Research and Development Sustainable Engineering and Technology Towards Industry Revolution Scored 2021,Conference Proceeding,Conference Paper,,,180-185,,4,False,,,Philippines
Q1,2-s2.0-85115879946,,"13th International Conference on Computer Vision Systems, ICVS 2021",,2021,2021-01-01,Lecture Notes in Computer Science Including Subseries Lecture Notes in Artificial Intelligence and Lecture Notes in Bioinformatics,Book Series,Conference Review,12899 LNCS,,,,0,False,03029743,16113349,
Q1,2-s2.0-85097580808,10.1016/j.isprsjprs.2020.11.010,Three-dimensional photogrammetry with deep learning instance segmentation to extract berry fruit harvestability traits,Ni X.,2021,2021-01-01,ISPRS Journal of Photogrammetry and Remote Sensing,Journal,Article,171,,297-309,,69,True,09242716,,China; United States
Q1,2-s2.0-85114201293,10.13031/aim.202100289,Kiwifruit yield estimation using deep learning and binocular stereo vision on Android smartphones,Zhou Z.,2021,2021-01-01,American Society of Agricultural and Biological Engineers Annual International Meeting Asabe 2021,Conference Proceeding,Conference Paper,2,,910-920,,1,False,,,China
Q1,2-s2.0-85114282566,10.13031/aim.202100193,Apple fruit detection and counting based on deep learning and trunk tracking,Gao F.,2021,2021-01-01,American Society of Agricultural and Biological Engineers Annual International Meeting Asabe 2021,Conference Proceeding,Conference Paper,1,,611-624,,2,False,,,China
Q1,2-s2.0-85102982922,10.1155/2021/6625774,"The Potential Scattering Model for Oil Palm Phenology Based on Spaceborne X-, C-, and L-Band Polarimetric SAR Imaging",Darmawan S.,2021,2021-01-01,Journal of Sensors,Journal,Article,2021,,,6625774,20,True,1687725X,16877268,Indonesia
Q1,2-s2.0-85133129271,10.1109/ic2se52832.2021.9792068,Automatic Oil Palm Unstripped Bunch (USB) Counting System based on Faster RCNN and Object Tracking,Aji W.S.,2021,2021-01-01,Proceedings 2nd International Conference on Computer Science and Engineering the Effects of the Digital World After Pandemic Edwap Ic2se 2021,Conference Proceeding,Conference Paper,,,,,1,False,,,Malaysia
Q1,2-s2.0-85151863842,10.13733/j.jcam.issn.2095-5553.2021.09.27,Research on dynamic identification system of citrus diseases and pests based on deep learning [,Li H.,2021,2021-01-01,Journal of Chinese Agricultural Mechanization,Journal,Article,42,9,195-208,,12,False,20955553,,China
Q1,2-s2.0-85124403365,10.1115/imece2021-67327,Design and construction of a spherical mobile robot prototype for monitoring oil palm plantations,Prada S.R.,2021,2021-01-01,ASME International Mechanical Engineering Congress and Exposition Proceedings Imece,Conference Proceeding,Conference Paper,7B-2021,,,v07bt07a011,0,False,,,Colombia
Q1,2-s2.0-85109566857,10.1109/wacv48630.2021.00254,AI on the bog: Monitoring and evaluating cranberry crop risk,Akiva P.,2021,2021-01-01,Proceedings 2021 IEEE Winter Conference on Applications of Computer Vision Wacv 2021,Conference Proceeding,Conference Paper,,,2492-2501,,11,False,,,United States
Q1,2-s2.0-85112661951,10.1007/978-981-16-0942-8_30,Robotic Service Intelligent Applications for Mapping and Moving Object Detection Based on Multi-sensor Fusion,Kukreja N.,2021,2021-01-01,Lecture Notes in Mechanical Engineering,Book Series,Conference Paper,,,321-331,,0,False,21954356,21954364,India
Q1,2-s2.0-85123454953,10.1109/iri51335.2021.00029,PRNU-based Source Camera Identification for Multimedia Forensics,Flor E.,2021,2021-01-01,Proceedings 2021 IEEE 22nd International Conference on Information Reuse and Integration for Data Science Iri 2021,Conference Proceeding,Conference Paper,,,168-175,,18,False,,,United States
Q1,2-s2.0-85116060180,10.1109/cvpr46437.2021.01312,Learning from the master: Distilling Cross-modal Advanced Knowledge for Lip Reading,Ren S.,2021,2021-01-01,Proceedings of the IEEE Computer Society Conference on Computer Vision and Pattern Recognition,Conference Proceeding,Conference Paper,,,13320-13328,,87,False,10636919,,China
Q1,2-s2.0-85133952933,10.1109/csci54926.2021.00277,Dynamic model change analysis of social behavior processes during the COVID19 pandemic,Pucheta J.,2021,2021-01-01,Proceedings 2021 International Conference on Computational Science and Computational Intelligence Csci 2021,Conference Proceeding,Conference Paper,,,1381-1387,,0,False,,,Argentina
Q1,2-s2.0-85111375423,10.1007/978-3-030-77246-8_15,Comparative Analysis of Machine Learning Algorithms for Stock Market Prediction During COVID-19 Outbreak,Masih J.,2021,2021-01-01,Lecture Notes in Networks and Systems,Book Series,Conference Paper,239 LNNS,,154-161,,2,False,23673370,23673389,India; Netherlands
Q1,2-s2.0-85116945252,10.17582/journal.sja/2021/37.1.235.246,"Biology of an Exotic Butterfly Acraea terpsicore (Linnaeus, 1758) (Nymphalidae: Heliconiinae), in a Newly Invaded Region, Sarawak, Borneo",Noor S.,2021,2021-01-01,Sarhad Journal of Agriculture,Journal,Article,37,1,235-246,,2,True,10164383,22245383,Malaysia; Pakistan
Q1,2-s2.0-85108518922,10.1080/23818107.2021.1912636,"Microsatellite-assisted identification and comparative population genetics of Malagasy olive species (Noronhia spp., Oleaceae)",Gorrilliot O.,2021,2021-01-01,Botany Letters,Journal,Article,168,4,523-535,,6,False,23818107,23818115,France
Q1,2-s2.0-85098583052,10.15835/48411966,Computer vision-based dimension measurement system for olive identification,Beyaz A.,2020,2020-12-23,Notulae Botanicae Horti Agrobotanici Cluj Napoca,Journal,Article,48,4,2328-2342,,6,False,0255965X,18424309,Turkey
Q1,2-s2.0-85097968046,10.1093/jee/toaa223,Use of Digital Video Cameras to Determine the Efficacy of Two Trap Types for Capturing Rhynchophorus palmarum (Coleoptera: Curculionidae),Milosavljević I.,2020,2020-12-01,Journal of Economic Entomology,Journal,Article,113,6,3028-3031,,12,True,00220493,1938291X,United States
Q1,2-s2.0-85097091794,10.3390/s20236912,Evaluation of vineyard cropping systems using on-board rgb-depth perception,Moreno H.,2020,2020-12-01,Sensors Switzerland,Journal,Article,20,23,1-14,6912,21,True,14248220,,Spain
Q1,2-s2.0-85090426589,10.1016/j.biosystemseng.2020.08.015,Active thermal imaging for immature citrus fruit detection,Gan H.,2020,2020-10-01,Biosystems Engineering,Journal,Article,198,,291-303,,66,False,15375110,,United States
Q1,2-s2.0-85113664418,10.1109/clei52000.2020.00064,Detection and Counting of Lemons using Artificial Vision and Tracking Techniques for Real Time Harvest Estimation,Serafino S.E.,2020,2020-10-01,Proceedings 2020 46th Latin American Computing Conference Clei 2020,Conference Proceeding,Conference Paper,,,496-502,9458334,3,False,,,Argentina
Q1,2-s2.0-85113641576,,"Proceedings - 2020 46th Latin American Computing Conference, CLEI 2020",,2020,2020-10-01,Proceedings 2020 46th Latin American Computing Conference Clei 2020,Conference Proceeding,Conference Review,,,,,0,False,,,
Q1,2-s2.0-85090761578,10.3390/insects11090627,Tracking red palm mite damage in the western hemisphere invasion with landsat remote sensing data,Rodrigues J.C.V.,2020,2020-09-01,Insects,Journal,Article,11,9,1-18,627,4,True,,20754450,Puerto Rico
Q1,2-s2.0-85090105478,10.3390/ijms21176205,In vivo optical reporter-gene-based imaging of macrophage infiltration of dncb-induced atopic dermatitis,Lee S.B.,2020,2020-09-01,International Journal of Molecular Sciences,Journal,Article,21,17,1-12,6205,12,True,16616596,14220067,South Korea
Q1,2-s2.0-85092358699,10.1145/3388761.3407250,Bringing VFX to the Table,Hanlin H.,2020,2020-08-17,ACM SIGGRAPH 2020 Panels SIGGRAPH 2020,Conference Proceeding,Conference Paper,,,,,0,False,,,United States
Q1,2-s2.0-85091004888,10.11834/jig.190449,Improved Adaboost face detection algorithm based on Haar-like feature statistics,Liu Y.,2020,2020-08-16,Journal of Image and Graphics,Journal,Article,25,8,1618-1626,,7,False,10068961,,China
Q1,2-s2.0-85089128057,10.1152/jn.00053.2020,Physiological and anatomical development of glycinergic inhibition in the mouse superior paraolivary nucleus following hearing onset,Rajaram X.E.,2020,2020-08-01,Journal of Neurophysiology,Journal,Article,124,2,471-483,,6,False,00223077,15221598,Germany
Q1,2-s2.0-85088777116,10.3390/s20154173,Toward joint acquisition-annotation of images with egocentric devices for a lower-cost machine learning application to apple detection,Samiei S.,2020,2020-08-01,Sensors Switzerland,Journal,Article,20,15,1-18,4173,8,True,14248220,,France
Q1,2-s2.0-85087132416,10.3390/ijerph17134671,Characteristics of youtube videos in spanish on how to prevent COVID-19,Hernández-García I.,2020,2020-07-01,International Journal of Environmental Research and Public Health,Journal,Article,17,13,1-10,4671,41,True,16617827,16604601,Spain
Q1,2-s2.0-85083645138,10.1016/j.dib.2020.105591,Fuji-SfM dataset: A collection of annotated images and point clouds for Fuji apple detection and location using structure-from-motion photogrammetry,Gené-Mola J.,2020,2020-06-01,Data in Brief,Journal,Data Paper,30,,,105591,39,True,,23523409,Spain
Q1,2-s2.0-85083790497,10.1016/j.compag.2020.105348,Comparison of convolutional neural networks in fruit detection and counting: A comprehensive evaluation,Vasconez J.P.,2020,2020-06-01,Computers and Electronics in Agriculture,Journal,Article,173,,,105348,190,False,01681699,,Chile
Q1,2-s2.0-85095125862,10.2112/jcr-si115-066.1,Design of Ship Navigation Trajectory Analysis and Application System Based on Image Processing Technology,Wei Y.,2020,2020-06-01,Journal of Coastal Research,Journal,Article,115,sp1,211-213,,7,False,07490208,15515036,China
Q1,2-s2.0-85088363707,10.11975/j.issn.1002-6819.2020.10.022,Extraction of phenotypic parameters and discrimination of beet root types based on 3D point cloud,Chai H.,2020,2020-05-15,Nongye Gongcheng Xuebao Transactions of the Chinese Society of Agricultural Engineering,Journal,Article,36,10,181-188,,23,False,10026819,,China
Q1,2-s2.0-85085469848,10.3390/s20102985,A canopy information measurement method for modern standardized apple orchards based on UAV multimodal information,Sun G.,2020,2020-05-02,Sensors Switzerland,Journal,Article,20,10,,2985,26,True,14248220,,China
Q1,2-s2.0-85134770571,10.1145/3374135.3385303,Proceedings of the 2020 ACM Southeast Conference,O'Boyle P.,2020,2020-04-02,Acmse 2020 Proceedings of the 2020 ACM Southeast Conference,Conference Proceeding,Conference Paper,2020-January,,227-232,,0,False,,,United States
Q1,2-s2.0-85079239177,10.1016/j.dib.2020.105248,LFuji-air dataset: Annotated 3D LiDAR point clouds of Fuji apple trees for fruit detection scanned under different forced air flow conditions,Gené-Mola J.,2020,2020-04-01,Data in Brief,Journal,Data Paper,29,,,105248,23,True,,23523409,Spain
Q1,2-s2.0-85079829054,10.1109/lra.2020.2970654,In-field grape cluster size assessment for vine yield estimation using a mobile robot and a consumer level RGB-D Camera,Kurtser P.,2020,2020-04-01,IEEE Robotics and Automation Letters,Journal,Article,5,2,2031-2038,8977358,57,False,,23773766,Sweden
Q1,2-s2.0-85083631866,10.2166/wh.2020.047,Identifying the primary sources of fecal contamination along the beaches and rivers of Trinidad,Bridgemohan R.S.H.,2020,2020-04-01,Journal of Water and Health,Journal,Article,18,2,229-238,,4,True,14778920,19967829,United States
Q1,2-s2.0-85078976944,10.1016/j.compag.2020.105247,"Grape detection, segmentation, and tracking using deep neural networks and three-dimensional association",Santos T.T.,2020,2020-03-01,Computers and Electronics in Agriculture,Journal,Article,170,,,105247,332,False,01681699,,Brazil
Q1,2-s2.0-85081885755,10.3390/rs12050748,Automated identification of crop tree crowns from uav multispectral imagery by means of morphological image analysis,Sarabia R.,2020,2020-03-01,Remote Sensing,Journal,Article,12,5,,748,41,True,,20724292,Mexico
Q1,2-s2.0-85091634497,10.1109/lagirs48042.2020.9165654,FCRN-Based Multi-Task Learning for Automatic Citrus Tree Detection from UAV Images,La Rosa L.E.C.,2020,2020-03-01,2020 IEEE Latin American Grss and ISPRS Remote Sensing Conference Lagirs 2020 Proceedings,Conference Proceeding,Conference Paper,,,403-408,9165654,12,False,,,Brazil; United States
Q1,2-s2.0-85095597291,10.1109/sas48726.2020.9220078,Acoustic Identification of Grape Clusters Occluded by Foliage,Parr B.,2020,2020-03-01,2020 IEEE Sensors Applications Symposium Sas 2020 Proceedings,Conference Proceeding,Conference Paper,,,,9220078,5,False,,,New Zealand
Q1,2-s2.0-85064444791,10.1016/j.inpa.2019.04.005,Using information from images for plantation monitoring: A review of solutions for smallholders,Putra B.T.W.,2020,2020-03-01,Information Processing in Agriculture,Journal,Review,7,1,109-119,,27,True,22143173,,Indonesia
Q1,2-s2.0-85081034163,10.6041/j.issn.1000-1298.2020.02.026,Identification Method of Strawberry Based on Convolutional Neural Network,Liu X.,2020,2020-02-25,Nongye Jixie Xuebao Transactions of the Chinese Society for Agricultural Machinery,Journal,Article,51,2,237-244,,65,False,10001298,,China
Q1,2-s2.0-85076831865,10.1016/j.isprsjprs.2019.12.011,Three-dimensional photogrammetric mapping of cotton bolls in situ based on point cloud segmentation and clustering,Sun S.,2020,2020-02-01,ISPRS Journal of Photogrammetry and Remote Sensing,Journal,Article,160,,195-207,,130,True,09242716,,United States
Q1,2-s2.0-85078748709,10.1002/ece3.5998,"Diversity, structure, and synteny of the cutinase gene of Colletotrichum species",Villafana R.T.,2020,2020-02-01,Ecology and Evolution,Journal,Article,10,3,1425-1443,,14,True,,20457758,Trinidad and Tobago
Q1,2-s2.0-85083504971,,"Detection, counting and maturity assessment of cherry tomatoes using multi-spectral images and machine learning techniques",Chen I.T.,2020,2020-01-01,Visigrapp 2020 Proceedings of the 15th International Joint Conference on Computer Vision Imaging and Computer Graphics Theory and Applications,Conference Proceeding,Conference Paper,5,,759-766,,23,False,,,Taiwan
Q1,2-s2.0-85096609558,10.13031/aim.202001115,Towards image-based measurement of accurate apple size and yield using stereo vision cameras,Mirbod O.,2020,2020-01-01,Asabe 2020 Annual International Meeting,Conference Proceeding,Conference Paper,,,,,1,False,,,United States
Q1,2-s2.0-85101779826,,"Workshops held at the 16th European Conference on Computer Vision, ECCV 2020",,2020,2020-01-01,Lecture Notes in Computer Science Including Subseries Lecture Notes in Artificial Intelligence and Lecture Notes in Bioinformatics,Book Series,Conference Review,12536 LNCS,,,,0,False,03029743,16113349,
Q1,2-s2.0-85101361856,,"Workshops held at the 16th European Conference on Computer Vision, ECCV 2020",,2020,2020-01-01,Lecture Notes in Computer Science Including Subseries Lecture Notes in Artificial Intelligence and Lecture Notes in Bioinformatics,Book Series,Conference Review,12540 LNCS,,,,0,False,03029743,16113349,
Q1,2-s2.0-85101515195,,"Workshops held at the 16th European Conference on Computer Vision, ECCV 2020",,2020,2020-01-01,Lecture Notes in Computer Science Including Subseries Lecture Notes in Artificial Intelligence and Lecture Notes in Bioinformatics,Book Series,Conference Review,12537 LNCS,,,,0,False,03029743,16113349,
Q1,2-s2.0-85101313387,,"Workshops held at the 16th European Conference on Computer Vision, ECCV 2020",,2020,2020-01-01,Lecture Notes in Computer Science Including Subseries Lecture Notes in Artificial Intelligence and Lecture Notes in Bioinformatics,Book Series,Conference Review,12535 LNCS,,,,0,False,03029743,16113349,
Q1,2-s2.0-85101783730,,"Workshops held at the 16th European Conference on Computer Vision, ECCV 2020",,2020,2020-01-01,Lecture Notes in Computer Science Including Subseries Lecture Notes in Artificial Intelligence and Lecture Notes in Bioinformatics,Book Series,Conference Review,12538 LNCS,,,,0,False,03029743,16113349,
Q1,2-s2.0-85101416806,,"Workshops held at the 16th European Conference on Computer Vision, ECCV 2020",,2020,2020-01-01,Lecture Notes in Computer Science Including Subseries Lecture Notes in Artificial Intelligence and Lecture Notes in Bioinformatics,Book Series,Conference Review,12539 LNCS,,,,0,False,03029743,16113349,
Q1,2-s2.0-85096514732,10.13031/aim.202001338,Blueberry harvestability trait extraction from 2D images and 3D point clouds based on deep learning and photogrammetric reconstruction,Ni X.,2020,2020-01-01,Asabe 2020 Annual International Meeting,Conference Proceeding,Conference Paper,,,,,2,False,,,China; United States
Q1,2-s2.0-85086122156,10.25165/j.ijabe.20201303.5460,Automatic sweet pepper detection based on point cloud images using subtractive clustering,Zhao X.,2020,2020-01-01,International Journal of Agricultural and Biological Engineering,Journal,Article,13,3,154-160,,12,True,19346344,19346352,China
Q1,2-s2.0-85096518853,10.13031/aim.202000554,Measuring tree canopy density using a lidar-guided system for precision spraying,Mahmud M.S.,2020,2020-01-01,Asabe 2020 Annual International Meeting,Conference Proceeding,Conference Paper,,,,,11,False,,,United States
Q1,2-s2.0-85076212250,10.1016/j.compag.2019.105121,"Fruit detection, yield prediction and canopy geometric characterization using LiDAR with forced air flow",Gené-Mola J.,2020,2020-01-01,Computers and Electronics in Agriculture,Journal,Article,168,,,105121,104,False,01681699,,Spain
Q1,2-s2.0-85090848724,10.1553/giscience2020_01_s73,Towards predicting vine yield: Conceptualization of 3d grape models and derivation of reliable physical and morphological parameters,Schneider T.,2020,2020-01-01,Gi Forum,Journal,Article,8,1,73-88,,8,True,,23081708,Austria
Q1,2-s2.0-85082474254,10.3390/agronomy10030407,Pear flower cluster quantification using RGB drone imagery,Vanbrabant Y.,2020,2020-01-01,Agronomy,Journal,Article,10,3,,407,33,True,,20734395,Belgium
Q1,2-s2.0-85076393395,10.1002/rob.21876,Semantic mapping for orchard environments by merging two-sides reconstructions of tree rows,Dong W.,2020,2020-01-01,Journal of Field Robotics,Journal,Article,37,1,97-121,,73,False,15564959,15564967,United States
Q1,2-s2.0-85082312493,,"9th International Conference on Frontier Computing, FC 2019",,2020,2020-01-01,Lecture Notes in Electrical Engineering,Book Series,Conference Review,551 LNEE,,,,0,False,18761100,18761119,
Q1,2-s2.0-85094176835,10.1109/jstars.2020.3028083,"Coal Mining Deformation Monitoring Using SBAS-InSAR and Offset Tracking: A Case Study of Yu County, China",Chen Y.,2020,2020-01-01,IEEE Journal of Selected Topics in Applied Earth Observations and Remote Sensing,Journal,Article,13,,6077-6087,9210777,87,True,19391404,21511535,China
Q1,2-s2.0-85083020297,,"21st International Conference on Passive and Active Measurement, PAM 2020",,2020,2020-01-01,Lecture Notes in Computer Science Including Subseries Lecture Notes in Artificial Intelligence and Lecture Notes in Bioinformatics,Book Series,Conference Review,12048 LNCS,,,,0,False,03029743,16113349,
Q1,2-s2.0-85088114343,10.1007/978-3-030-29844-9_4,New Approaches to Cyber Defense,Wu J.,2020,2020-01-01,Wireless Networks United Kingdom,Book Series,Book Chapter,,,113-157,,4,False,23661186,23661445,China
Q1,2-s2.0-85106987339,,Transient swainson's thrush (Catharus ustulatus) wintering in the andean foothills of Ecuador are almost exclusively young males,Inserillo D.R.,2020,2020-01-01,Ornitologia Neotropical,Journal,Article,31,1,98-105,,1,False,10754377,,United States
Q1,2-s2.0-85082810210,10.1371/journal.ppat.1007967,When a Palearctic bacterium meets a Nearctic insect vector: Genetic and ecological insights into the emergence of the grapevine Flavescence dorée epidemics in Europe,Malembic-Maher S.,2020,2020-01-01,Plos Pathogens,Journal,Article,16,3,,e1007967,111,True,15537366,15537374,France
Q1,2-s2.0-85090594027,10.1088/0026-1394/57/1a/08017,CCQM-K146 low-polarity analyte in high fat food: Benzo[a]pyrene in olive oil,Li X.,2020,2020-01-01,Metrologia,Journal,Article,57,1 A,,08017,6,False,00261394,16817575,China
Q1,2-s2.0-85079435727,,Does modality matter? On the modality of visuals in computerized tests of listening and its implications for design decisions,Shalmani H.B.,2020,2020-01-01,Call Ej,Journal,Article,21,1,97-118,,2,False,21879036,,Iran
Q1,2-s2.0-85077601646,10.1186/s13007-019-0547-0,An efficient RGB-UAV-based platform for field almond tree phenotyping: 3-D architecture and flowering traits,López-Granados F.,2019,2019-12-26,Plant Methods,Journal,Article,15,1,,160,68,True,,17464811,Spain
Q1,2-s2.0-85062640867,10.1007/s11119-019-09642-0,Deep learning for real-time fruit detection and orchard fruit load estimation: benchmarking of ‘MangoYOLO’,Koirala A.,2019,2019-12-01,Precision Agriculture,Journal,Article,20,6,1107-1135,,467,False,13852256,15731618,Australia
Q1,2-s2.0-85067892769,10.1038/s41598-019-45320-x,"Genome-wide identification of glutathione S-transferase gene family in pepper, its classification, and expression profiling under different anatomical and environmental conditions",Islam S.,2019,2019-12-01,Scientific Reports,Journal,Article,9,1,,9101,105,True,,20452322,Bangladesh
Q1,2-s2.0-85086430182,10.1109/icac49085.2019.9103345,Efficient Agricultural Sensor Network with Disease Detection,Gunathilaka M.D.N.,2019,2019-12-01,2019 International Conference on Advancements in Computing Icac 2019,Conference Proceeding,Conference Paper,,,446-451,9103345,3,False,,,Sri Lanka
Q1,2-s2.0-85085861204,10.1109/cis-ram47153.2019.9095789,Quality Assessment of Mangoes using Convolutional Neural Network,Puno J.C.V.,2019,2019-11-01,Proceedings of the IEEE 2019 9th International Conference on Cybernetics and Intelligent Systems and Robotics Automation and Mechatronics Cis and Ram 2019,Conference Proceeding,Conference Paper,,,491-495,9095789,21,False,,,Philippines
Q1,2-s2.0-85063860894,10.1080/01431161.2019.1591651,Unmanned aerial vehicle (UAV) derived structure-from-motion photogrammetry point clouds for oil palm (Elaeis guineensis) canopy segmentation and height estimation,Fawcett D.,2019,2019-10-02,International Journal of Remote Sensing,Journal,Article,40,19,7538-7560,,74,True,01431161,13665901,United Kingdom
Q1,2-s2.0-85072672840,10.1016/j.dib.2019.104514,Date fruit dataset for intelligent harvesting,Altaheri H.,2019,2019-10-01,Data in Brief,Journal,Data Paper,26,,,104514,58,True,,23523409,Saudi Arabia
Q1,2-s2.0-85081622370,10.1016/j.jag.2019.101911,Apple orchard inventory with a LiDAR equipped unmanned aerial system,Hadas E.,2019,2019-10-01,International Journal of Applied Earth Observation and Geoinformation,Journal,Article,82,,,101911,37,False,15698432,1872826X,Poland
Q1,2-s2.0-85069562588,10.1016/j.ecolmodel.2019.108736,Optimizing individual tree detection accuracy and measuring forest uniformity in coconut (Cocos nucifera L.) plantations using airborne laser scanning,Mohan M.,2019,2019-10-01,Ecological Modelling,Journal,Article,409,,,108736,39,False,03043800,,Thailand; United States
Q1,2-s2.0-85071512850,10.3390/s19173652,Investigating 2-D and 3-D proximal remote sensing techniques for vineyard yield estimation,Hacking C.,2019,2019-09-01,Sensors Switzerland,Journal,Article,19,17,,3652,41,True,14248220,,South Africa
Q1,2-s2.0-85069630985,10.1016/j.compag.2019.104897,Vision-based preharvest yield mapping for apple orchards,Roy P.,2019,2019-09-01,Computers and Electronics in Agriculture,Journal,Article,164,,,104897,46,True,01681699,,United States
Q1,2-s2.0-85087931848,10.3356/jrr-18-34,Population and distribution of swainson's hawks (buteo swainsoni) in california's great valley: A framework for long-Term monitoring,Battistone C.L.,2019,2019-09-01,Journal of Raptor Research,Journal,Article,53,3,253-265,,4,True,08921016,,United States
Q1,2-s2.0-85073740195,10.35940/ijitee.k2523.0981119,Accelerated service oriented architecture implementation of deduplication principle,Venkatesh K.,2019,2019-09-01,International Journal of Innovative Technology and Exploring Engineering,Journal,Article,8,11,3218-3222,,3,True,,22783075,India
Q1,2-s2.0-85055179929,10.1007/s11119-018-9614-1,Estimation of fruit load in mango orchards: tree sampling considerations and use of machine vision and satellite imagery,Anderson N.T.,2019,2019-08-15,Precision Agriculture,Journal,Article,20,4,823-839,,39,False,13852256,15731618,Australia
Q1,2-s2.0-85072406157,10.1109/icma.2019.8816621,Intelligent Bugs Mapping and Wiping (iBMW): An Affordable Robot-Driven Robot for Farmers,Niu H.,2019,2019-08-01,Proceedings of 2019 IEEE International Conference on Mechatronics and Automation Icma 2019,Conference Proceeding,Conference Paper,,,397-402,8816621,12,False,,,United States
Q1,2-s2.0-85063575627,10.1109/lra.2019.2901987,Monocular Camera Based Fruit Counting and Mapping with Semantic Data Association,Liu X.,2019,2019-07-01,IEEE Robotics and Automation Letters,Journal,Article,4,3,2296-2303,8653965,84,False,,23773766,United States
Q1,2-s2.0-85068490110,10.3390/s19122742,Mango fruit load estimation using a video based MangoYOLO—Kalman filter—hungarian algorithm method,Wang Z.,2019,2019-06-02,Sensors Switzerland,Journal,Article,19,12,,2742,113,True,14248220,,Australia
Q1,2-s2.0-85068580708,10.3390/ijms20123010,NOS2 inhibitor 1400W induces autophagic flux and influences extracellular vesicle profile in human glioblastoma U87MG cell line,Palumbo P.,2019,2019-06-02,International Journal of Molecular Sciences,Journal,Article,20,12,,3010,51,True,16616596,14220067,Italy
Q1,2-s2.0-85083290268,10.1109/cvprw.2019.00321,ROLS : Robust object-level SLAM for grape counting,Nellithimaru A.K.,2019,2019-06-01,IEEE Computer Society Conference on Computer Vision and Pattern Recognition Workshops,Conference Proceeding,Conference Paper,2019-June,,2648-2656,9025552,58,False,21607508,21607516,United States
Q1,2-s2.0-85064003782,10.1002/smll.201804527,Tape-Imprinted Hierarchical Lotus Seedpod-Like Arrays for Extraordinary Surface-Enhanced Raman Spectroscopy,Wang Y.,2019,2019-05-10,Small,Journal,Article,15,19,,1804527,48,False,16136810,16136829,China
Q1,2-s2.0-85063078412,10.1016/j.isprsjprs.2019.03.012,Automatic mapping of planting year for tree crops with Landsat satellite time series stacks,Chen B.,2019,2019-05-01,ISPRS Journal of Photogrammetry and Remote Sensing,Journal,Article,151,,176-188,,45,True,09242716,,United States
Q1,2-s2.0-85067346377,10.3389/fpls.2019.00611,Single-shot convolution neural networks for real-time fruit detection within the tree,Bresilla K.,2019,2019-04-16,Frontiers in Plant Science,Journal,Article,10,,,611,173,True,,1664462X,Italy
Q1,2-s2.0-85059540789,10.1111/2041-210x.13132,A convolutional neural network for detecting sea turtles in drone imagery,Gray P.C.,2019,2019-03-01,Methods in Ecology and Evolution,Journal,Article,10,3,345-355,,144,True,,2041210X,United States
Q1,2-s2.0-85057455965,10.1016/j.foreco.2018.11.030,Tree diversity in a human modified riparian forest landscape in semi-arid Kenya,Schmitt C.B.,2019,2019-02-15,Forest Ecology and Management,Journal,Article,433,,645-655,,23,False,03781127,,Germany
Q1,2-s2.0-85066112569,10.11975/j.issn.1002-6819.2019.03.021,Apple positioning based on YOLO deep convolutional neural network for picking robot in complex background,Zhao D.,2019,2019-02-01,Nongye Gongcheng Xuebao Transactions of the Chinese Society of Agricultural Engineering,Journal,Article,35,3,164-173,,178,False,10026819,,China
Q1,2-s2.0-85072516381,10.17660/actahortic.2019.1248.37,Phenoliner: A multi-sensor field phenotyping platform,Kicherer A.,2019,2019-01-01,Acta Horticulturae,Book Series,Conference Paper,1248,,257-265,,1,False,05677572,24066168,Germany
Q1,2-s2.0-85076954458,,"15th International Conference on Natural Computation, Fuzzy Systems and Knowledge Discovery, ICNC-FSKD 2019, co-located with the 5th International Conference on Harmony Search, Soft Computing and Applications, ICHSA 2019",,2019,2019-01-01,Advances in Intelligent Systems and Computing,Book Series,Conference Review,1074,,,,0,False,21945357,21945365,
Q1,2-s2.0-85084015055,10.13031/aim.201900487,"High-throughput image analysis framework for fruit detection, localization and measurement from video streams",Huang Y.H.,2019,2019-01-01,2019 Asabe Annual International Meeting,Conference Proceeding,Conference Paper,,,,,2,False,,,Taiwan
Q1,2-s2.0-85075812578,10.1104/pp.19.00524,Machine learning approaches to improve three basic plant phenotyping tasks using three-dimensional point clouds,Ziamtsov I.,2019,2019-01-01,Plant Physiology,Journal,Article,181,4,1425-1440,,56,True,00320889,15322548,United States
Q1,2-s2.0-85070675519,,"15th International Conference on Intelligent Computing, ICIC 2019",,2019,2019-01-01,Lecture Notes in Computer Science,Book Series,Conference Review,11643 LNCS,,,,0,False,03029743,16113349,
Q1,2-s2.0-85078482123,,"2nd IEEE Colombian Conference on Applications in Computational Intelligence, ColCACI 2019",,2019,2019-01-01,Communications in Computer and Information Science,Book Series,Conference Review,1096 CCIS,,,,0,False,18650929,18650937,
Q1,2-s2.0-85063900218,10.3390/f10030277,Influence of scan density on the estimation of single-tree attributes by hand-held mobile laser scanning,Perugia B.,2019,2019-01-01,Forests,Journal,Article,10,3,,277,80,True,,19994907,Italy
Q1,2-s2.0-85063598546,10.14569/ijacsa.2019.0100271,Overlapped apple fruit yield estimation using pixel classification and hough transform,Kanwal Z.,2019,2019-01-01,International Journal of Advanced Computer Science and Applications,Journal,Article,10,2,567-573,,8,True,2158107X,21565570,Pakistan
Q1,2-s2.0-85084012430,10.13031/aim.201900918,Tree trunk position estimation for accurate fruit counts in apple yield mapping,Jarvinen T.,2019,2019-01-01,2019 Asabe Annual International Meeting,Conference Proceeding,Conference Paper,,,,,2,False,,,United States
Q1,2-s2.0-85069448976,10.13031/trans.12923,Bird deterrence in a vineyard using an unmanned aerial system (UAS),Bhusal S.,2019,2019-01-01,Transactions of the Asabe,Journal,Article,62,2,561-569,,8,False,21510032,,United States
Q1,2-s2.0-85061078263,10.1007/978-3-030-06137-1_5,Automated counting of sex-pheromone attracted insects using trapped images,Li W.,2019,2019-01-01,IFIP Advances in Information and Communication Technology,Book Series,Conference Paper,545,,40-53,,1,False,18684238,,China
Q1,2-s2.0-85073302479,,Genomic variability and recombination analysis of grapevine leafrollassociated virus-1 isolates from Turkey,Elçıa E.,2019,2019-01-01,Tarim Bilimleri Dergisi,Journal,Article,25,3,319-327,,3,False,13007580,21489297,Turkey
Q1,2-s2.0-85071280935,10.1007/978-3-030-10616-4_1,Life-Cycle Approach for Prevention of Non Communicable Disease,Kelishadi R.,2019,2019-01-01,Advances in Experimental Medicine and Biology,Book Series,Book Chapter,1121,,1-6,,16,False,00652598,22148019,Iran
Q1,2-s2.0-85163444215,10.1201/9780429294105-22,Coccidiosis in Humans,Almeria S.,2019,2019-01-01,Coccidiosis in Livestock Poultry Companion Animals and Humans,Book,Book Chapter,,,267-312,,4,False,,,United States
Q1,2-s2.0-85062988241,10.1109/iros.2018.8594239,"Robust Fruit Counting: Combining Deep Learning, Tracking, and Structure from Motion",Liu X.,2018,2018-12-27,IEEE International Conference on Intelligent Robots and Systems,Conference Proceeding,Conference Paper,,,1045-1052,8594239,115,False,21530858,21530866,United States
Q1,2-s2.0-85062983796,10.1109/iros.2018.8594304,Apple Counting using Convolutional Neural Networks,Häni N.,2018,2018-12-27,IEEE International Conference on Intelligent Robots and Systems,Conference Proceeding,Conference Paper,,,2559-2565,8594304,54,False,21530858,21530866,United States
Q1,2-s2.0-85058902246,10.3390/rs10121900,Mango yield mapping at the orchard scale based on tree structure and land cover assessed by UAV,Sarron J.,2018,2018-12-01,Remote Sensing,Journal,Article,10,12,,1900,99,True,,20724292,France; Senegal
Q1,2-s2.0-85049107849,10.1080/01431161.2018.1483088,Long-term monitoring of citrus orchard dynamics using time-series Landsat data: a case study in southern China,Xu H.,2018,2018-11-17,International Journal of Remote Sensing,Journal,Article,39,22,8271-8292,,26,False,01431161,13665901,China
Q1,2-s2.0-85058455850,10.1109/nssmic.2017.8532631,A high resolution TPC based on GEM optical readout,Mazzitelli G.,2018,2018-11-12,2017 IEEE Nuclear Science Symposium and Medical Imaging Conference NSS Mic 2017 Conference Proceedings,Conference Proceeding,Conference Paper,,,,8532631,10,False,,,Italy
Q1,2-s2.0-85057164060,10.20965/jaciii.2018.p1120,Tomato yield estimation based on object detection,Liu J.,2018,2018-11-01,Journal of Advanced Computational Intelligence and Intelligent Informatics,Journal,Article,22,7,1120-1125,,7,True,13430130,18838014,China
Q1,2-s2.0-85046167179,10.1016/j.foodchem.2018.04.100,Discrimination and growth tracking of fungi contamination in peaches using electronic nose,Liu Q.,2018,2018-10-01,Food Chemistry,Journal,Article,262,,226-234,,149,False,03088146,18737072,China
Q1,2-s2.0-85052824305,10.1002/jbio.201800140,Automated three-dimensional cell counting method for grading uveitis of rodent eye in vivo with optical coherence tomography,Choi W.J.,2018,2018-09-01,Journal of Biophotonics,Journal,Article,11,9,,e201800140,19,False,1864063X,18640648,South Korea; United States
Q1,2-s2.0-85052596935,10.4315/0362-028x.jfp-18-073,Bacteroidales as indicators and source trackers of fecal contamination in tomatoes and strawberries,Merino-Mascorro J.A.,2018,2018-09-01,Journal of Food Protection,Journal,Article,81,9,1439-1444,,12,True,0362028X,19449097,Mexico
Q1,2-s2.0-85049013871,10.1007/s00442-018-4207-2,Aliens will provide: avian responses to a new temporal resource offered by ornithocorous exotic shrubs,Vergara-Tabares D.L.,2018,2018-09-01,Oecologia,Journal,Article,188,1,173-182,,22,False,00298549,14321939,Argentina
Q1,2-s2.0-85051142917,10.1111/2041-210x.13026,"Detection errors in wildlife abundance estimates from Unmanned Aerial Systems (UAS) surveys: Synthesis, solutions, and challenges",Brack I.V.,2018,2018-08-01,Methods in Ecology and Evolution,Journal,Review,9,8,1864-1873,,110,False,,2041210X,Brazil
Q1,2-s2.0-85044611732,10.1016/j.compind.2018.03.024,Measurement of the ripening rate on coffee branches by using 3D images in outdoor environments,Ramos P.,2018,2018-08-01,Computers in Industry,Journal,Article,99,,83-95,,24,False,01663615,,Colombia
Q1,2-s2.0-85045046132,10.1016/j.compind.2018.03.033,Grapevine buds detection and localization in 3D space based on Structure from Motion and 2D image classification,Díaz C.A.,2018,2018-08-01,Computers in Industry,Journal,Article,99,,303-312,,27,True,01663615,,Argentina
Q1,2-s2.0-85048892851,10.1016/j.compag.2018.06.040,Machine vision assessment of mango orchard flowering,Wang Z.,2018,2018-08-01,Computers and Electronics in Agriculture,Journal,Article,151,,501-511,,71,True,01681699,,Australia
Q1,2-s2.0-85050128639,10.3390/su10072496,A capability maturity model for Life Cycle Management at the industry sector level,Seidel-Sterzik H.,2018,2018-07-17,Sustainability Switzerland,Journal,Article,10,7,,2496,17,True,,20711050,New Zealand
Q1,2-s2.0-85051233010,,Drones and satellites: Identifying interdisciplinary capstone projects with other departments at your own university,Dunne B.,2018,2018-06-23,ASEE Annual Conference and Exposition Conference Proceedings,Conference Proceeding,Conference Paper,2018-June,,,,1,False,,21535965,United States
Q1,2-s2.0-85050084944,10.1109/icecds.2017.8389528,Mobile cloud based system recognizing nutrition and freshness of food image,Kumbhar D.,2018,2018-06-19,2017 International Conference on Energy Communication Data Analytics and Soft Computing Icecds 2017,Conference Proceeding,Conference Paper,,,709-714,,6,False,,,India
Q1,2-s2.0-85048363200,10.5194/isprs-archives-xlii-2-407-2018,Determining geometric parameters of agricultural trees from laser scanning data obtained with unmanned aerial vehicle,Hadas E.,2018,2018-05-30,International Archives of the Photogrammetry Remote Sensing and Spatial Information Sciences ISPRS Archives,Conference Proceeding,Conference Paper,42,2,407-410,,4,True,16821750,,Poland
Q1,2-s2.0-85042906349,10.1016/j.foodres.2018.03.002,"Gazing behavior reactions of Vietnamese and Austrian consumers to Austrian wafers and their relations to wanting, expected and tasted liking",Vu T.M.H.,2018,2018-05-01,Food Research International,Journal,Article,107,,639-648,,9,False,09639969,18737145,Austria; Viet Nam
Q1,2-s2.0-85040912013,10.1007/s10641-018-0725-3,"Influence of predation risk on the sheltering behaviour of the coral-dwelling damselfish, Pomacentrus moluccensis",Gauff R.P.M.,2018,2018-04-01,Environmental Biology of Fishes,Journal,Article,101,4,639-651,,19,True,03781909,15735133,France; Germany
Q1,2-s2.0-85037542995,10.1016/j.foodres.2017.11.073,Capturing consumer perception of vegetable freshness in a simulated real-life taste situation,Sinesio F.,2018,2018-03-01,Food Research International,Journal,Article,105,,764-771,,72,False,09639969,18737145,Italy
Q1,2-s2.0-85038959538,10.3168/jds.2017-13637,Sensory and chemical properties of Gouda cheese,Jo Y.,2018,2018-03-01,Journal of Dairy Science,Journal,Article,101,3,1967-1989,,91,True,00220302,15253198,United States
Q1,2-s2.0-85043352456,10.3389/fpls.2018.00059,Development and validation of a new methodology to assess the vineyard water status by on-the-go near infrared spectroscopy,Diago M.P.,2018,2018-01-30,Frontiers in Plant Science,Journal,Article,9,,,59,45,True,,1664462X,Spain
Q1,2-s2.0-85054170647,10.13031/aim.201801542,A fruit yield prediction method using blossom detection,Braun B.,2018,2018-01-01,Asabe 2018 Annual International Meeting,Conference Proceeding,Conference Paper,,,,,8,False,,,United States
Q1,2-s2.0-85060004310,10.17660/actahortic.2018.1229.43,An innovative approach to estimate carbon status for improved crop load management in apple,Darbyshire R.,2018,2018-01-01,Acta Horticulturae,Book Series,Conference Paper,1229,,285-291,,0,False,05677572,24066168,Australia
Q1,2-s2.0-85039947470,10.3354/meps12395,Baited Remote Underwater Video surveys undercount sharks at high densities: Insights from full-spherical camera technologies,Kilfoil J.P.,2017,2017-12-27,Marine Ecology Progress Series,Journal,Article,585,,113-121,,38,False,01718630,,United States
Q1,2-s2.0-85042427021,10.6041/j.issn.1000-1298.2017.11.021,Calculation Method of Leaf Area Density Based on Three-dimensional Laser Point Cloud,Zhang M.,2017,2017-11-25,Nongye Jixie Xuebao Transactions of the Chinese Society for Agricultural Machinery,Journal,Article,48,11,172-178,,27,False,10001298,,China
Q1,2-s2.0-85042920109,10.1002/ece3.3213,Pollination by the locally endangered island flying fox (Pteropus hypomelanus) enhances fruit production of the economically important durian (Durio zibethinus),Aziz S.A.,2017,2017-11-01,Ecology and Evolution,Journal,Article,7,21,8670-8684,,92,True,,20457758,France; Malaysia; United Kingdom
Q1,2-s2.0-85030239264,10.1002/ece3.3441,Unsuccessful introduced biocontrol agents can act as pollinators of invasive weeds: Bitou Bush (Chrysanthemoides monilifera ssp. rotundata) as an example,Gross C.,2017,2017-10-01,Ecology and Evolution,Journal,Article,7,20,8643-8656,,9,True,,20457758,Australia
Q1,2-s2.0-85029703408,10.1371/journal.pone.0184588,In vivo imaging system for explants analysis—A new approach for assessment of cell transplantation effects in large animal models,Zarychta-Wiśniewska W.,2017,2017-09-01,Plos One,Journal,Article,12,9,,e0184588,11,True,,19326203,Poland
Q1,2-s2.0-85030308789,,ACM International Conference Proceeding Series,,2017,2017-08-29,ACM International Conference Proceeding Series,Conference Proceeding,Conference Review,Part F130521,,,,0,False,,,
Q1,2-s2.0-85045289236,10.1109/pimrc.2017.8292272,Wearable device user authentication using physiological and behavioral metrics,Vhaduri S.,2017,2017-07-02,IEEE International Symposium on Personal Indoor and Mobile Radio Communications PIMRC,Conference Proceeding,Conference Paper,2017-October,,1-6,,40,False,,21669589,United States
Q1,2-s2.0-85029514034,10.3733/ca.2017a0024,"Getting the farm to the school: Increasing direct, local procurement in Yolo County schools",Feenstra G.,2017,2017-07-01,California Agriculture,Journal,Article,71,3,125-129,,3,True,00080845,,United States
Q1,2-s2.0-85031794462,10.11707/j.1001-7488.20170711,Relationship between the Rust on Dalbergia tonkinensis and Its Mycophagous Insect Mycodiplosis sp. (Diptera:Cecidomyiidae),Wang J.,2017,2017-07-01,Linye Kexue Scientia Silvae Sinicae,Journal,Article,53,7,105-110,,3,False,10017488,,China
Q1,2-s2.0-85017167119,10.1016/j.compag.2017.03.013,A computer vision system for early stage grape yield estimation based on shoot detection,Liu S.,2017,2017-05-01,Computers and Electronics in Agriculture,Journal,Article,137,,88-101,,74,False,01681699,,Australia
Q1,2-s2.0-85040018765,10.1093/gigascience/gix023,Genome-wide sequencing of longan (Dimocarpus longan Lour.) provides insights into molecular basis of its polyphenol-rich characteristics,Lin Y.,2017,2017-05-01,Gigascience,Journal,Article,6,5,1-14,,136,True,,2047217X,India
Q1,2-s2.0-85017008507,10.1016/j.ecss.2016.10.012,Satellite detection of wastewater diversion plumes in Southern California,Gierach M.M.,2017,2017-02-15,Estuarine Coastal and Shelf Science,Journal,Article,186,,171-182,,36,False,02727714,,United States
Q1,2-s2.0-85016130546,10.5958/0975-928x.2017.00015.1,Generation mean analysis in chilli (Capsicum annum L.),Navhale V.,2017,2017-01-01,Electronic Journal of Plant Breeding,Journal,Article,8,1,105-110,,2,True,,0975928X,India
Q1,2-s2.0-85035310263,10.13031/aim.201701288,Detection and localization of birds for bird deterrence using UAS,Goel S.,2017,2017-01-01,2017 Asabe Annual International Meeting,Conference Proceeding,Conference Paper,,,,,7,False,,,United States
Q1,2-s2.0-85035350023,10.13031/aim.201700300,"Bird detection, tracking and counting in wine grapes",Bhusal S.,2017,2017-01-01,2017 Asabe Annual International Meeting,Conference Proceeding,Conference Paper,,,,,2,False,,,United States
Q1,2-s2.0-85038215251,10.1007/978-3-319-71970-2_2,From self-data to self-preferences: Towards preference elicitation in personal information management systems,Allard T.,2017,2017-01-01,Lecture Notes in Computer Science Including Subseries Lecture Notes in Artificial Intelligence and Lecture Notes in Bioinformatics,Book Series,Conference Paper,10708 LNCS,,10-16,,3,False,03029743,16113349,France
Q1,2-s2.0-85020844939,,Thirty years of progeny from Chao's inequality: Estimating and comparing richness with incidence data and incomplete sampling,Chao A.,2017,2017-01-01,Sort,Journal,Article,41,1,3-54,,72,False,16962281,20138830,Taiwan
Q1,2-s2.0-85045190279,10.1007/978-1-4939-7253-1_13,Analysis of Extracellular Vesicles Using Fluorescence Nanoparticle Tracking Analysis,Carnell-Morris P.,2017,2017-01-01,Methods in Molecular Biology Clifton N J,Journal,Article,1660,,153-173,,80,True,,19406029,United Kingdom
Q1,2-s2.0-84995783961,10.3390/s16111915,"Image based mango fruit detection, localisation and yield estimation using multiple view geometry",Stein M.,2016,2016-11-15,Sensors Switzerland,Journal,Article,16,11,,1915,291,True,14248220,,Sweden
Q1,2-s2.0-85001029945,10.1109/coase.2016.7743500,Surveying apple orchards with a monocular vision system,Roy P.,2016,2016-11-14,IEEE International Conference on Automation Science and Engineering,Conference Proceeding,Conference Paper,2016-November,,916-921,7743500,28,False,21618070,21618089,United States
Q1,2-s2.0-84920767911,10.1111/aje.12201,An appraisal of seed enumeration and videographic techniques for determining seed removal rates by birds,Mokotjomela T.,2016,2016-09-01,African Journal of Ecology,Journal,Article,54,3,281-288,,5,False,01416707,13652028,South Africa
Q1,2-s2.0-84966605822,10.1145/2896338.2896355,Fruits and vegetables calorie counter using Convolutional neural networks,Fard M.A.,2016,2016-04-11,Dh 2016 Proceedings of the 2016 Digital Health Conference,Conference Proceeding,Conference Paper,,,121-122,,16,False,,,Iran
Q1,2-s2.0-84966378335,10.5194/ms-7-107-2016,Solving the double-banana rigidity problem: A loop-based approach,Simroth F.,2016,2016-04-08,Mechanical Sciences,Journal,Article,7,1,107-117,,1,True,21919151,2191916X,Germany
Q1,2-s2.0-84973548544,10.17660/actahortic.2016.1115.11,The use of a portable robotic sparkling wine pourer and image analysis to assess wine quality in a fast and accurate manner,Lima B.,2016,2016-03-31,Acta Horticulturae,Book Series,Article,1115,,69-74,,2,False,05677572,,Australia
Q1,2-s2.0-84966559697,,"IWSPA 2016 - Proceedings of the 2016 ACM International Workshop on Security and Privacy Analytics, co-located with CODASPY 2016",,2016,2016-03-11,Iwspa 2016 Proceedings of the 2016 ACM International Workshop on Security and Privacy Analytics Co Located with Codaspy 2016,Conference Proceeding,Conference Review,,,,,0,False,,,
Q1,2-s2.0-84937119365,10.1007/s00484-015-1037-3,Temperature profile in apricot tree canopies under the soil and climate conditions of the Romanian Black Sea Coast,Paltineanu C.,2016,2016-03-01,International Journal of Biometeorology,Journal,Article,60,3,401-410,,6,False,00207128,14321254,Romania
Q1,2-s2.0-84962407572,10.1371/journal.pone.0151969,In Vivo and In Vitro detection of luminescent and fluorescent Lactobacillus reuteri and application of red fluorescent mcherry for assessing plasmid persistence,Karimi S.,2016,2016-03-01,Plos One,Journal,Article,11,3,,e0151969,42,True,,19326203,Sweden
Q1,2-s2.0-85018388893,,Above ground biomass (AGB) estimation of coconut (Cocos nucifera) and mango (Mangifera indica) trees from LiDAR derivatives using remote sensing technolgy,Pondog A.J.,2016,2016-01-01,37th Asian Conference on Remote Sensing Acrs 2016,Conference Proceeding,Conference Paper,2,,952-960,,0,False,,,Philippines
Q1,2-s2.0-84994756531,10.1016/j.ifacol.2016.10.073,Non-Productive Vine Canopy Estimation through Proximal and Remote Sensing,Tang J.,2016,2016-01-01,IFAC Papersonline,Conference Proceeding,Conference Paper,49,16,398-403,,8,True,,24058963,Australia
Q1,2-s2.0-84947798634,10.1016/j.compag.2015.10.022,Apple crop-load estimation with over-the-row machine vision system,Gongal A.,2016,2016-01-01,Computers and Electronics in Agriculture,Journal,Article,120,,26-35,,166,False,01681699,,United States
Q1,2-s2.0-84998828093,10.13031/trans.59.11619,A hierarchical approach to apple identification for robotic harvesting,Silwal A.,2016,2016-01-01,Transactions of the Asabe,Journal,Conference Paper,59,5,1079-1086,,28,False,21510032,,United States
Q1,2-s2.0-84994756764,10.1016/j.ifacol.2016.10.043,Spatial Map Generation from Low Cost Ground Vehicle Mounted Monocular Camera,Cossell S.,2016,2016-01-01,IFAC Papersonline,Conference Proceeding,Conference Paper,49,16,231-236,,3,True,,24058963,Australia
Q1,2-s2.0-85009064372,10.13031/aim.20162460500,Developing an image processing based algorithm to detect and count soybean aphids under field conditions,Maharlooei M.,2016,2016-01-01,2016 American Society of Agricultural and Biological Engineers Annual International Meeting Asabe 2016,Conference Proceeding,Conference Paper,,,,,1,False,,,Iran
Q1,2-s2.0-84955197448,10.1002/rob.21583,A pipeline for trunk detection in trellis structured apple orchards,Bargoti S.,2015,2015-12-01,Journal of Field Robotics,Journal,Article,32,8,1075-1094,,55,False,15564959,15564967,Australia
Q1,2-s2.0-84951736201,10.1094/pdis-05-15-0527-pdn,First report of powdery mildew of Erodium moschatum caused by Podosphaera cf. erodii in California,Choudhury R.A.,2015,2015-12-01,Plant Disease,Journal,Note,99,12,1866,,0,False,01912917,,United States
Q1,2-s2.0-84949768378,10.1055/s-0035-1558140,Employment of High-Performance Thin-Layer Chromatography for the Quantification of Oleuropein in Olive Leaves and the Selection of a Suitable Solvent System for Its Isolation with Centrifugal Partition Chromatography,Boka V.,2015,2015-11-18,Planta Medica,Journal,Article,81,17,1628-1635,,13,False,00320943,14390221,Greece
Q1,2-s2.0-84937905918,10.1016/j.compag.2015.07.002,Rapid and/or nondestructive quality evaluation methods for potatoes: A review,Rady A.M.,2015,2015-09-01,Computers and Electronics in Agriculture,Journal,Review,117,,31-48,,81,False,01681699,,United States
Q1,2-s2.0-84938238387,10.3390/s150818427,Automated mobile system for accurate outdoor tree crop enumeration using an uncalibrated camera,Nguyen T.T.,2015,2015-07-28,Sensors Switzerland,Journal,Article,15,8,18427-18442,,4,True,14248220,,United States
Q1,2-s2.0-84939893518,10.1007/s11252-014-0403-y,"Eating locally: dance decoding demonstrates that urban honey bees in Brighton, UK, forage mainly in the surrounding urban area",Garbuzov M.,2015,2015-06-01,Urban Ecosystems,Journal,Article,18,2,411-418,,65,False,10838155,15731642,United Kingdom
Q1,2-s2.0-84931857715,10.3398/064.075.0108,Baselines to detect population stability of the threatened alpine plant Packera franciscana (Asteraceae),Fowler J.F.,2015,2015-05-01,Western North American Naturalist,Journal,Article,75,1,70-77,,2,False,15270904,,United States
Q1,2-s2.0-84940567503,10.5740/jaoacint.15-006,"Evaluation of the 3M™ Petrifilm™ rapid yeast and mold count plate for the enumeration of yeast and mold in food: Collaborative study, first action 2014.05",Bird P.,2015,2015-05-01,Journal of AOAC International,Journal,Article,98,3,767-783,,24,False,10603271,19447922,United States
Q1,2-s2.0-84928400560,10.3969/j.issn.1002-6819.2015.07.024,Design and test of remote monitoring equipment for bactrocera dorsalis trapping based on internet of things,Xiao D.,2015,2015-04-01,Nongye Gongcheng Xuebao Transactions of the Chinese Society of Agricultural Engineering,Journal,Article,31,7,166-172,,9,False,10026819,,China
Q1,2-s2.0-84944730140,10.1007/978-3-319-23231-7_45,Volumetric 3D Reconstruction and parametric shape modeling from RGB-D Sequences,Nakaguro Y.,2015,2015-01-01,Lecture Notes in Computer Science,Book Series,Conference Paper,9279,,500-516,,2,True,03029743,16113349,Thailand
Q1,2-s2.0-84928679503,,"9th International Conference on Field and Service Robotics, FSR 2013",,2015,2015-01-01,Springer Tracts in Advanced Robotics,Book Series,Conference Review,105,,1-302,,0,False,16107438,1610742X,
Q1,2-s2.0-84947278394,10.3920/978-90-8686-814-8_66,Estimation of apple orchard yield using night time imaging,Linker R.,2015,2015-01-01,Precision Agriculture 2015 Papers Presented at the 10th European Conference on Precision Agriculture Ecpa 2015,Conference Proceeding,Conference Paper,,,533-539,,1,False,,,Israel
Q1,2-s2.0-84951285800,,A hierarchical approach of apple identification for robotic harvesting,Silwal A.,2015,2015-01-01,American Society of Agricultural and Biological Engineers Annual International Meeting 2015,Conference Proceeding,Conference Paper,1,,374-382,,2,False,,,United States
Q1,2-s2.0-84952779173,10.1007/978-3-319-26453-0_15,Contactless torque/speed sensing module with digital signal processing circuit,Yeh C.T.,2015,2015-01-01,Lecture Notes in Electrical Engineering,Book Series,Conference Paper,370,,261-275,,0,False,18761100,18761119,Taiwan
Q1,2-s2.0-84925672275,,"First record of gypsy moth entomopathogenic fungus entomophaga maimaiga humber, shimazu & R.S. soper in bosnia and herzegovina",Milotić M.,2015,2015-01-01,Sumarski List,Journal,Article,139,1-2,59-67,,7,False,03731332,,Croatia
Q1,2-s2.0-85017427571,10.18461/ijfsd.v6i3.631,Web Data Mining and Social Media Analysis for better Communication in Food Safety Crises,Meyer C.H.,2015,2015-01-01,International Journal on Food System Dynamics,Journal,Article,6,3,129-138,,10,True,,18696945,Germany
Q1,2-s2.0-84954546301,,Identification and characterization of grapevine Genetic Resources maintained in Eastern European collections,Maul E.,2015,2015-01-01,Vitis Journal of Grapevine Research,Journal,Article,54,,5-12,,28,False,00427500,,Germany
Q1,2-s2.0-84983132766,10.3390/bios5040678,"Bees as biosensors: Chemosensory ability, honey bee monitoring systems, and emergent sensor technologies derived from the pollinator syndrome",Bromenshenk J.J.,2015,2015-01-01,Biosensors,Journal,Review,5,4,678-711,,74,True,,20796374,United States
Q1,2-s2.0-84928248286,10.1007/978-3-319-09411-3_10,"A novel, loop-based approach for rigidity detection for systems with multiple spherical–spherical bars: The “double-banana” case",Simroth F.,2015,2015-01-01,Mechanisms and Machine Science,Conference Proceeding,Conference Paper,24,,91-98,,1,False,22110984,22110992,Germany
Q1,2-s2.0-84949844375,,What is your dam's score? using tablet-based dam inspections to enhance condition assessments,Johnson M.,2015,2015-01-01,Association of State Dam Safety Officials Dam Safety 2015,Conference Proceeding,Conference Paper,,,,,0,False,,,United States
Q1,2-s2.0-84943413213,,Online mobile mapping application development for monitoring fruit tree plantation,Zainuddin Z.,2015,2015-01-01,Arpn Journal of Engineering and Applied Sciences,Journal,Article,10,17,7345-7353,,1,False,,18196608,Indonesia
Q1,2-s2.0-85018968383,10.6567/iftomm.14th.wc.os2.034,A loop-based approach for the detection of rigid substructures in spatial nucleation-free spherical-spherical bar mechanisms,Simroth F.,2015,2015-01-01,2015 Iftomm World Congress Proceedings Iftomm 2015,Conference Proceeding,Conference Paper,,,,,0,False,,,Germany
Q1,2-s2.0-84921504020,10.3969/j.issn.1002-6819.2014.23.026,Diameter measurement method for immature apple based on watershed and convex hull theory,Li W.,2014,2014-12-01,Nongye Gongcheng Xuebao Transactions of the Chinese Society of Agricultural Engineering,Journal,Article,30,23,207-214,,8,False,10026819,,China
Q1,2-s2.0-84924534823,,Ecological regionalization for dry red wine grape varieties based on GIS in Northern China,Li H.Y.,2014,2014-11-10,Chinese Journal of Ecology,Journal,Article,33,11,3081-3087,,9,False,10004890,,China
Q1,2-s2.0-84930167501,10.16943/ptinsa/2014/v80i4/55171,High energy astroparticle physics at ooty and the GRAPES-3 experiment,Gupta S.K.,2014,2014-11-01,Proceedings of the Indian National Science Academy,Journal,Review,80,4,827-876,,3,True,03700046,24549983,India
Q1,2-s2.0-84907144277,10.4067/s0718-33052014000400006,Automatic recognition system of fruits based computer vision,Holguín C.M.,2014,2014-10-01,Ingeniare,Journal,Article,22,4,504-516,,7,True,07183291,07183305,Colombia
Q1,2-s2.0-84936996602,10.2753/mis0742-1222310206,Determinants of Mobile Apps' Success: Evidence from the App Store Market,Lee G.,2014,2014-10-01,Journal of Management Information Systems,Journal,Article,31,2,133-170,,261,False,07421222,1557928X,United States
Q1,2-s2.0-84957434317,10.1007/s11105-014-0723-3,Evolutionary and Expression Analyses of Basic Zipper Transcription Factors in the Highly Homozygous Model Grape PN40024 (Vitis vinifera L.),Gao M.,2014,2014-10-01,Plant Molecular Biology Reporter,Journal,Article,32,5,1085-1102,,30,False,07359640,15729818,China
Q1,2-s2.0-84907809518,10.4238/2014.september.26.22,Genome-wide identification and phylogenetic analysis of the AP2/ERF gene superfamily in sweet orange (citrus sinensis),Ito T.M.,2014,2014-09-26,Genetics and Molecular Research,Journal,Article,13,3,7839-7851,,36,True,,16765680,Brazil
Q1,2-s2.0-84908701357,10.17660/actahortic.2014.1051.1,Creation of Harvesting the sun: A profile of world Horticulture,Hewett E.W.,2014,2014-09-26,Acta Horticulturae,Book Series,Article,1051,,15-22,,3,False,05677572,,New Zealand
Q1,2-s2.0-84906730558,10.3969/j.issn.1002-6819.2014.15.026,Moving trace optimization tracking for adult of Bactrocera Dorsalis (Hendel) based on Kalman filter algorithm,Wen T.,2014,2014-08-01,Nongye Gongcheng Xuebao Transactions of the Chinese Society of Agricultural Engineering,Journal,Article,30,15,197-205,,2,False,10026819,,China
Q1,2-s2.0-84897792319,,"2013 3rd International Conference on Advanced Materials and Information Technology Processing, AMITP 2013",,2014,2014-03-18,Wit Transactions on Engineering Sciences,Conference Proceeding,Conference Review,87,,,,0,False,17433533,,
Q1,2-s2.0-84897746748,,"2013 International Conference on Future Energy, Environment, and Materials, FEEM 2013",,2014,2014-03-18,Wit Transactions on Engineering Sciences,Conference Proceeding,Conference Review,88,,,,0,False,17433533,,
Q1,2-s2.0-84897729882,,"8th International Conference on Field and Service Robotics, FSR 2012",,2014,2014-03-11,Springer Tracts in Advanced Robotics,Book Series,Conference Review,92,,,,0,False,16107438,1610742X,
Q1,2-s2.0-84892753533,,"2014 3rd International Conference on Material Science, Environment Science and Computer Science, MSESCS 2014",,2014,2014-01-27,Advanced Materials Research,Book Series,Conference Review,886,,,,0,False,10226680,,
Q1,2-s2.0-84890069416,10.1016/j.chemgeo.2013.11.005,On the development of electron microprobe zircon fission-track geochronology,Gombosi D.,2014,2014-01-10,Chemical Geology,Journal,Article,363,,312-321,,20,False,00092541,,United States
Q1,2-s2.0-84891546163,,"4th International Conference on Noise, Vibration and Comfort, NVC 2012",,2014,2014-01-07,Applied Mechanics and Materials,Book Series,Conference Review,471,,,,0,False,16609336,16627482,
Q1,2-s2.0-84911946512,,Identification of repetitive apples for improved crop-load estimation with dual-side imaging,Gongal A.,2014,2014-01-01,American Society of Agricultural and Biological Engineers Annual International Meeting 2014 Asabe 2014,Conference Proceeding,Conference Paper,1,,294-303,,1,False,,,United States
Q1,2-s2.0-84903445629,,"International Conference on Computers and Information Processing Technologies, ICCIPT 2014",,2014,2014-01-01,Applied Mechanics and Materials,Book Series,Conference Review,571-572,,,,0,False,16609336,16627482,
Q1,2-s2.0-84898870692,,"4th International Conference on Key Engineering Materials, ICKEM 2014",,2014,2014-01-01,Advanced Materials Research,Book Series,Conference Review,911,,,,0,False,10226680,,
Q1,2-s2.0-84898486706,10.1603/en13136,Precise and low-cost monitoring of plum curculio (Coleoptera: Curculionidae) pest activity in pyramid traps with cameras,Selby R.D.,2014,2014-01-01,Environmental Entomology,Journal,Article,43,2,421-431,,20,False,0046225X,,United States
Q1,2-s2.0-84904338700,10.1016/j.cropro.2014.06.024,Evaluation of two organosilicone adjuvants at reduced foliar spray volumes in South African citrus orchards of different canopy densities,van Zyl J.,2014,2014-01-01,Crop Protection,Journal,Article,64,,198-206,,20,False,02612194,,South Africa
Q1,2-s2.0-85027232037,10.1007/978-1-4614-7501-9_4,Ecology of tropical rain forests,Gallery R.E.,2014,2014-01-01,Ecology and the Environment,Book,Book Chapter,,,247-272,,30,False,,,United States
Q1,2-s2.0-84901476182,10.1016/j.landusepol.2013.05.004,Changes of livelihood due to land use shifts: A case study of Yanchang County in the Loess Plateau of China,Zhen N.,2014,2014-01-01,Land Use Policy,Journal,Article,40,,28-35,,75,False,02648377,,China
Q1,2-s2.0-85068681100,10.1016/j.diin.2014.03.009,Forensic analysis of video file formats,Gloe T.,2014,2014-01-01,Proceedings of the Digital Forensic Research Conference Dfrws 2014 Eu,Conference Proceeding,Conference Paper,,,S68-S77,,6,True,,,Germany
Q1,2-s2.0-84887091143,10.1007/978-3-642-41398-8_2,Computational techniques for crop disease monitoring in the developing world,Quinn J.,2013,2013-11-11,Lecture Notes in Computer Science Including Subseries Lecture Notes in Artificial Intelligence and Lecture Notes in Bioinformatics,Book Series,Conference Paper,8207 LNCS,,13-18,,4,False,03029743,16113349,Uganda
Q1,2-s2.0-84886302623,,"International Conference on Advances in Mechanical Engineering 2013, ICAME 2013",,2013,2013-10-29,Applied Mechanics and Materials,Book Series,Conference Review,393,,,,0,False,16609336,16627482,
Q1,2-s2.0-84884916436,,"2013 International Conference on Materials for Renewable Energy and Environment, MREE 2013",,2013,2013-10-08,Advanced Materials Research,Book Series,Conference Review,773,,,,0,False,10226680,,
Q1,2-s2.0-84884777323,,"2013 International Conference on Mechatronic Systems and Materials Application, ICMSMA 2013",,2013,2013-10-04,Applied Mechanics and Materials,Book Series,Conference Review,389,,,,0,False,16609336,16627482,
Q1,2-s2.0-84883083107,10.1145/2484028.2484214,Demonstration of citation pattern analysis for plagiarism detection,Gipp B.,2013,2013-09-02,SIGIR 2013 Proceedings of the 36th International ACM SIGIR Conference on Research and Development in Information Retrieval,Conference Proceeding,Conference Paper,,,1119-1120,,26,False,,,Germany; United States
Q1,2-s2.0-84881545030,10.1002/yea.2952,Genetic improvement of Saccharomyces cerevisiae wine strains for enhancing cell viability after desiccation stress,López-Martínez G.,2013,2013-08-01,Yeast,Journal,Article,30,8,319-330,,16,True,0749503X,10970061,Spain
Q1,2-s2.0-84880913691,10.1186/1471-2105-14-238,Surface feature based classification of plant organs from 3D laserscanned point clouds for plant phenotyping,Paulus S.,2013,2013-07-27,BMC Bioinformatics,Journal,Article,14,1,,238,181,True,,14712105,Germany
Q1,2-s2.0-84880172780,,"2013 International Conference on Applied Science, Engineering and Technology, ICASET 2013",,2013,2013-07-19,Advanced Materials Research,Book Series,Conference Review,709,,,,0,False,10226680,,
Q1,2-s2.0-84880109319,10.3844/jcssp.2013.271.276,A proficient traceback approach using provincial locality aspects to eliminate denial of service attacks,Periyasamy S.,2013,2013-07-18,Journal of Computer Science,Journal,Article,9,2,271-276,,2,True,15493636,,India
Q1,2-s2.0-84880358324,10.3390/rs5052164,Visualizing and quantifying vineyard canopy LAI using an unmanned aerial vehicle (UAV) collected high density structure from motion point cloud,Mathews A.J.,2013,2013-05-01,Remote Sensing,Journal,Article,5,5,2164-2183,,223,True,,20724292,United States
Q1,2-s2.0-84875920642,,Ice skating school students with disabilities in hearing computer aided investigation of basic training motor in properties,Şirinkan A.,2013,2013-04-12,Life Science Journal,Journal,Article,10,SUPPL.6,129-136,,0,False,10978135,,Turkey
Q1,2-s2.0-84877718197,10.1016/j.radmeas.2012.11.024,Studying the response of CR-39 to radon in non-polar liquids above water by Monte Carlo simulation and measurement,Rezaie M.R.,2013,2013-03-01,Radiation Measurements,Journal,Article,50,,103-108,,11,False,13504487,,Iran
Q1,2-s2.0-105047031250,10.1007/978-3-319-00065-7_50,Automated Crop Yield Estimation for Apple Orchards,Wang Q.,2013,2013-01-01,Springer Tracts in Advanced Robotics,Book Series,Conference Paper,88 STAR,,745-758,,180,False,16107438,1610742X,United States
Q1,2-s2.0-84875092482,10.1016/j.compag.2012.11.004,Microwave backscatter response of pecan tree canopy samples for estimation of pecan yield in situ using terrestrial radar,Hardin J.A.,2013,2013-01-01,Computers and Electronics in Agriculture,Journal,Article,90,,54-62,,8,False,01681699,,United States
Q1,2-s2.0-85080875869,,Applications of image processing in viticulture: A review,Whalley J.,2013,2013-01-01,Proceedings 20th International Congress on Modelling and Simulation Modsim 2013,Conference Proceeding,Conference Paper,,,531-537,,18,False,,,New Zealand
Q1,2-s2.0-84871784324,10.1016/j.compag.2012.11.009,Estimation of mango crop yield using image analysis - Segmentation method,Payne A.B.,2013,2013-01-01,Computers and Electronics in Agriculture,Journal,Article,91,,57-64,,239,False,01681699,,Australia
Q1,2-s2.0-84887294896,10.1186/2193-1801-2-582,Real time measurement system based on wireless instrumented sphere,Roa Y.H.H.,2013,2013-01-01,Springerplus,Journal,Article,2,1,,582,11,True,,21931801,Brazil
Q1,2-s2.0-84887324559,10.1145/2494266.2494291,Symbolic machine learning methods for historical document processing,Esposito F.,2013,2013-01-01,Doceng 2013 Proceedings of the 2013 ACM Symposium on Document Engineering,Conference Proceeding,Conference Paper,,,1-2,,2,False,,,Italy
Q1,2-s2.0-84892395081,10.1109/ares.2013.50,IOS forensics: How can we recover deleted image files with timestamp in a forensically sound manner?,Ariffin A.,2013,2013-01-01,Proceedings 2013 International Conference on Availability Reliability and Security Ares 2013,Conference Proceeding,Conference Paper,,,375-382,,19,False,,,Australia; Malaysia
Q1,2-s2.0-84870371389,10.2147/ijn.s26547,Mesoporous silica nanoparticles as a compound delivery system in zebrafish embryos,Sharif F.,2012,2012-12-05,International Journal of Nanomedicine,Journal,Article,7,,1875-1890,,54,True,11769114,11782013,Netherlands
Q1,2-s2.0-84880610358,,"International Conference on System Simulation and Scientific Computing 2012, ICSC 2012",,2012,2012-12-01,Communications in Computer and Information Science,Book Series,Conference Review,326,PART 1,,,0,False,18650929,,
Q1,2-s2.0-84870553898,10.1101/gr.129346.111,Computational analysis and characterization of UCE-like elements (ULEs) in plant genomes,Kritsas K.,2012,2012-12-01,Genome Research,Journal,Article,22,12,2455-2466,,24,True,10889051,15495469,Switzerland
Q1,2-s2.0-84871322378,10.5740/jaoacint.12-199,"Determination of aflatoxins B1, B2, G1, and G2 in olive oil, peanut oil, and sesame oil using immunoaffinity column cleanup, postcolumn derivatization, and liquid chromatography/fluorescence detection: Collaborative study",Bao L.,2012,2012-11-01,Journal of AOAC International,Journal,Article,95,6,1689-1700,,17,True,10603271,,China
Q1,2-s2.0-84867757183,10.1109/itime.2012.6291413,3D reconstruction of secretory cavity in citrus fruit,Liang S.,2012,2012-10-29,Proceedings of 2012 International Symposium on Information Technologies in Medicine and Education Itme 2012,Conference Proceeding,Conference Paper,2,,756-759,6291413,0,False,,,China
Q1,2-s2.0-84866658663,,Use of SWIRLS nowcasting system for quantitative precipitation forecast using indian DWR data,Srivastava K.,2012,2012-10-01,Mausam,Journal,Article,63,1,1-16,,17,False,02529416,,India
Q1,2-s2.0-84865053234,10.1186/1471-2164-13-409,Evolution of the Rdr1 TNL-cluster in roses and other Rosaceous species,Terefe-Ayana D.,2012,2012-08-20,BMC Genomics,Journal,Article,13,1,,409,19,True,,14712164,Germany
Q1,2-s2.0-84864696893,10.1038/nature11241,The banana (Musa acuminata) genome and the evolution of monocotyledonous plants,D'hont A.,2012,2012-08-09,Nature,Journal,Article,488,7410,213-217,,1029,True,00280836,14764687,France
Q1,2-s2.0-84872787332,10.1007/s10339-012-0465-9,"Eye mo""ements and bisection beha""ior in spatial neglect syndrome: Representational biases induced by the segment length and spatial dislocation of the stimulus",Balconi M.,2012,2012-08-01,Cognitive Processing,Journal,Article,13,SUPPL.1,S89-S92,,6,False,16124782,16124790,Italy
Q1,2-s2.0-84872766891,10.1007/s10339-012-0492-6,Individual reactions to a multisensory immersive virtual environment: The impact of a wind farm on individuals,Ruotolo F.,2012,2012-07-18,Cognitive Processing,Journal,Article,13,1 SUPPL,S319-S323,,32,False,16124782,16124790,Italy
Q1,2-s2.0-84864588388,10.1371/journal.pgen.1002813,Balancing selection at the tomato RCR3 guardee gene family maintains variation in strength of pathogen defense,Hörger A.C.,2012,2012-07-01,Plos Genetics,Journal,Article,8,7,,e1002813,66,True,15537390,15537404,Germany; United Kingdom
Q1,2-s2.0-84859723320,10.1155/2012/695827,Mutator -like elements with multiple long terminal inverted repeats in plants,Ferguson A.A.,2012,2012-04-18,Comparative and Functional Genomics,Journal,Article,2012,,,695827,11,True,15316912,15326268,United States
Q1,2-s2.0-84866261639,10.21273/jashs.137.5.333,"Identification of ""duplicate"" accessions within the USDA-ARS National plant Germplasm system Malus collection",Gross B.L.,2012,2012-01-01,Journal of the American Society for Horticultural Science,Journal,Article,137,5,333-342,,37,True,00031062,,United States
Q1,2-s2.0-84955291785,,"Asia Simulation Conference and the International Conference on System Simulation and Scientific Computing, AsiaSim and ICSC 2012",,2012,2012-01-01,Communications in Computer and Information Science,Book Series,Conference Review,326,,1-458,,0,False,18650929,,
