{
 "video": "VID_20260205_090556.mp4",
 "n_frames": 48,
 "ckpt": "depth-anything/da3-large",
 "process_res": 504,
 "seconds": 5.429023027420044,
 "depth_shape": [
  48,
  280,
  504
 ],
 "is_metric": {},
 "orbit": {
  "ok": true,
  "n_cameras": 48,
  "radius": 0.8431730705678907,
  "radius_rel": 1.003400710029232,
  "circle_resid_mean_rel": 0.08184716304120748,
  "circle_resid_max_rel": 0.27985135774900155,
  "off_plane_rms_rel": 0.09058914974440131,
  "angular_span_deg": 319.7129821777344,
  "step_deg_mean": 15.561494827270508,
  "step_deg_std": 24.260591506958008,
  "monotonic_sweep": false,
  "pca_singular_values": [
   4.76248836517334,
   3.365039825439453,
   0.529192328453064
  ],
  "planarity_ratio": 0.11111677438020706
 },
 "camera_centers": [
  [
   -0.25109022855758667,
   0.9661061763763428,
   0.9698774218559265
  ],
  [
   -0.27368199825286865,
   0.942997395992279,
   1.0036029815673828
  ],
  [
   -0.25328272581100464,
   0.9364140629768372,
   0.8818531632423401
  ],
  [
   -0.17751717567443848,
   0.8896223306655884,
   0.7795212864875793
  ],
  [
   -0.17422625422477722,
   0.8509284853935242,
   0.7217313647270203
  ],
  [
   -0.08397282660007477,
   0.7492856979370117,
   0.5386591553688049
  ],
  [
   -0.09684409946203232,
   0.673577606678009,
   0.35754767060279846
  ],
  [
   -0.07350356131792068,
   0.5678908228874207,
   0.24862679839134216
  ],
  [
   -0.08384425938129425,
   0.38094818592071533,
   0.10135094076395035
  ],
  [
   -0.0800546407699585,
   0.18520787358283997,
   0.0333397351205349
  ],
  [
   -0.048857029527425766,
   0.018808068707585335,
   0.014597405679523945
  ],
  [
   0.00019416680152062327,
   -3.7617046473314986e-05,
   -0.00011309422552585602
  ],
  [
   0.027798881754279137,
   -0.15541355311870575,
   0.03544529527425766
  ],
  [
   0.0556546188890934,
   -0.3158177137374878,
   0.1009649932384491
  ],
  [
   0.08661769330501556,
   -0.4535050690174103,
   0.14385677874088287
  ],
  [
   0.13582274317741394,
   -0.48837435245513916,
   0.18145719170570374
  ],
  [
   0.09478724002838135,
   -0.6748969554901123,
   0.302376389503479
  ],
  [
   0.010742008686065674,
   -0.753776490688324,
   0.39564958214759827
  ],
  [
   -0.026920674368739128,
   -0.8098397254943848,
   0.4022883176803589
  ],
  [
   -0.04142304137349129,
   -0.8285747766494751,
   0.36915385723114014
  ],
  [
   -0.050486963242292404,
   -0.8094433546066284,
   0.3680400252342224
  ],
  [
   -0.05213787779211998,
   -0.8247929811477661,
   0.35981014370918274
  ],
  [
   -0.04534103721380234,
   -0.8271652460098267,
   0.3767560124397278
  ],
  [
   -0.03771544247865677,
   -0.8351296782493591,
   0.3968910872936249
  ],
  [
   0.029215481132268906,
   -0.8452614545822144,
   0.48466169834136963
  ],
  [
   0.02968461997807026,
   -0.8411449193954468,
   0.630445659160614
  ],
  [
   0.03603283315896988,
   -0.8892135620117188,
   0.7948719263076782
  ],
  [
   0.0199599489569664,
   -0.943548321723938,
   0.8370655179023743
  ],
  [
   0.03892281651496887,
   -0.916160523891449,
   0.9601232409477234
  ],
  [
   0.0509427934885025,
   -0.8116124868392944,
   1.1795616149902344
  ],
  [
   0.1013728454709053,
   -0.663130521774292,
   1.2984230518341064
  ],
  [
   0.06708218902349472,
   -0.42828214168548584,
   1.5911306142807007
  ],
  [
   -0.20005571842193604,
   0.6117582321166992,
   1.3980827331542969
  ],
  [
   -0.23475205898284912,
   -0.1319657564163208,
   1.5390119552612305
  ],
  [
   -0.255066454410553,
   -0.10375538468360901,
   1.536729097366333
  ],
  [
   -0.21066731214523315,
   -0.24160990118980408,
   1.481452465057373
  ],
  [
   -0.22646936774253845,
   -0.35851389169692993,
   1.5390865802764893
  ],
  [
   -0.29175159335136414,
   0.23785549402236938,
   1.5695940256118774
  ],
  [
   -0.17200173437595367,
   0.8052873015403748,
   1.2590436935424805
  ],
  [
   -0.2997664511203766,
   0.4826814532279968,
   1.575922966003418
  ],
  [
   -0.2542382478713989,
   0.4680035710334778,
   1.4053170680999756
  ],
  [
   -0.33956336975097656,
   0.2515696585178375,
   1.2923753261566162
  ],
  [
   -0.31949204206466675,
   0.569180965423584,
   1.251442790031433
  ],
  [
   -0.36730626225471497,
   0.5112996101379395,
   1.2973207235336304
  ],
  [
   -0.338064968585968,
   0.4573615491390228,
   1.262644648551941
  ],
  [
   -0.342960387468338,
   0.6682465076446533,
   1.3046976327896118
  ],
  [
   -0.13592009246349335,
   -0.3687368631362915,
   1.2871463298797607
  ],
  [
   -0.3478107154369354,
   0.43010392785072327,
   1.349753499031067
  ]
 ],
 "layering": {
  "per_frame": [
   {
    "min": 0.6246413588523865,
    "max": 3.83368182182312,
    "p1": 0.6674618595838546,
    "p50": 0.9580115079879761,
    "p99": 3.2943189501762387,
    "std": 0.5096238851547241,
    "dyn_range_ratio": 2.7419890770512056
   },
   {
    "min": 0.5952557325363159,
    "max": 3.6824426651000977,
    "p1": 0.654616749882698,
    "p50": 0.9316736459732056,
    "p99": 3.0839087939262386,
    "std": 0.47522079944610596,
    "dyn_range_ratio": 2.6074495662115207
   },
   {
    "min": 0.6397901177406311,
    "max": 3.513496160507202,
    "p1": 0.7018591475486755,
    "p50": 0.9365059733390808,
    "p99": 2.317887504100799,
    "std": 0.37425968050956726,
    "dyn_range_ratio": 1.725593218364885
   },
   {
    "min": 0.5666266679763794,
    "max": 3.3738667964935303,
    "p1": 0.6405280983448028,
    "p50": 0.9136129021644592,
    "p99": 2.5487673449516297,
    "std": 0.39769813418388367,
    "dyn_range_ratio": 2.0886737064307845
   },
   {
    "min": 0.6018737554550171,
    "max": 2.811657190322876,
    "p1": 0.6524248856306076,
    "p50": 0.8820929825305939,
    "p99": 2.100281631946563,
    "std": 0.34410417079925537,
    "dyn_range_ratio": 1.641387897863408
   },
   {
    "min": 0.5889185070991516,
    "max": 2.765012741088867,
    "p1": 0.6143541985750198,
    "p50": 0.8517483472824097,
    "p99": 2.5948925805091854,
    "std": 0.3888486921787262,
    "dyn_range_ratio": 2.3252623715129896
   },
   {
    "min": 0.609698474407196,
    "max": 2.321129560470581,
    "p1": 0.6581385815143586,
    "p50": 0.8945474028587341,
    "p99": 2.045301420688629,
    "std": 0.33626729249954224,
    "dyn_range_ratio": 1.5506867883594198
   },
   {
    "min": 0.6397939920425415,
    "max": 2.5287551879882812,
    "p1": 0.6660958087444305,
    "p50": 0.8888767659664154,
    "p99": 2.2991304969787594,
    "std": 0.38197246193885803,
    "dyn_range_ratio": 1.8371890803770095
   },
   {
    "min": 0.6384571194648743,
    "max": 2.4627225399017334,
    "p1": 0.6821439856290817,
    "p50": 0.9068187475204468,
    "p99": 2.3107651543617247,
    "std": 0.4046346843242645,
    "dyn_range_ratio": 1.7959720982675438
   },
   {
    "min": 0.5884461402893066,
    "max": 2.731736183166504,
    "p1": 0.6281989461183548,
    "p50": 0.8919965922832489,
    "p99": 2.312887873649597,
    "std": 0.3946932256221771,
    "dyn_range_ratio": 1.888671932276035
   },
   {
    "min": 0.5353801250457764,
    "max": 2.7137088775634766,
    "p1": 0.6468642687797547,
    "p50": 0.8606642484664917,
    "p99": 2.3943937373161304,
    "std": 0.4304227828979492,
    "dyn_range_ratio": 2.030442732633633
   },
   {
    "min": 0.5757923126220703,
    "max": 2.2349209785461426,
    "p1": 0.6476015651226044,
    "p50": 0.8733212947845459,
    "p99": 2.1816115617752074,
    "std": 0.399120569229126,
    "dyn_range_ratio": 1.7565242091469364
   },
   {
    "min": 0.4795694351196289,
    "max": 2.410282850265503,
    "p1": 0.515750487446785,
    "p50": 0.8183544874191284,
    "p99": 2.1638472938537596,
    "std": 0.392380028963089,
    "dyn_range_ratio": 2.0139155240715207
   },
   {
    "min": 0.5367928147315979,
    "max": 2.3104798793792725,
    "p1": 0.5560597306489945,
    "p50": 0.7770734429359436,
    "p99": 2.245942792892456,
    "std": 0.4316547214984894,
    "dyn_range_ratio": 2.1746761230942795
   },
   {
    "min": 0.4788724482059479,
    "max": 2.2771432399749756,